tree
version=v4
num_class=1
num_tree_per_iteration=1
label_index=0
max_feature_idx=79
objective=regression
feature_names=g wk_since miss ppr_cur ppr_ew ppr_l3 ppr_sd use_cur use_ew use_l3 tsh_cur tsh_ew csh_cur csh_ew snp_cur snp_ew patt_cur rec_cur tgt_cur car_cur bonus_cur ypt_cur catch_cur ypa_cur d_use d_snp g_prev ppr_prev use_prev tsh_prev csh_prev snp_prev patt_prev bonus_prev tm_change depth pos_share dc_depth dc_eff age exp draft t_g t_plays t_prate t_pf t_plays_prev t_prate_prev t_pf_prev o_g o_fpa o_ypc o_pyd o_sk o_pa o_fpa_prev o_ypc_prev o_pyd_prev o_pa_prev home spread total implied dome temp wind rest new_hc inj vac_tgt vac_car vac_pos qb_out week h sl_now sl_ratio sl_share sl_rank sl_bias
monotone_constraints=0 0 0 0 0 0 0 1 1 0 0 0 0 0 0 0 0 0 0 0 0 0 0 0 0 0 0 0 0 0 0 0 0 0 0 0 0 0 0 0 0 0 0 0 0 0 0 0 0 0 0 0 0 0 0 0 0 0 0 0 0 0 1 0 0 0 0 0 0 0 0 0 0 0 0 1 0 0 0 0
feature_infos=[0:16] [1:17] [0:16] [-2.1000000000000001:45.600000000000001] [-2.1000000000000001:45.600000000000001] [-2.1000000000000001:45.600000000000001] [0:34.93107499061545] [-0.36699999999999999:32.165999999999997] [-0.36699999999999994:32.165999999999997] [-0.36699999999999999:32.165999999999997] [0:0.52631578947368418] [0:0.52631578947368418] [0:1] [0:1] [0.01:1] [0.010000000000000002:1] [0:1] [0:13] [0:14] [0:31] [-4:20] [-7:56] [0:1] [0:50] [-22.447500000000002:23.462666666666671] [-0.80000000000000004:0.75] [0:17] [-0.84999999999999998:30.133333333333336] [-0.36699999999999999:26.08775] [0:0.23413939371772127] [0:0.84536895642839383] [0.01:0.96083333333333332] [0:0.35714285714285715] [-2:12] [0:1] [1:12] [0:1] [1:5] [1:6] [20.616016427104721:37.303216974674882] [0:15] [2:260] [0:16] [43:94] [0.22448979591836735:0.83606557377049184] [0:59] [54.875:74.4375] [0.4380664652567976:0.6865234375] [13.1875:37.875] [0:16] [0.90000000000000002:56.899999999999999] [0.86956521739130432:8.882352941176471] [82:466] [0:10] [0:59] [15.200000000000001:33.556249999999999] [3.1394799054373523:5.756317689530686] [152.8235294117647:348.25] [13.1875:37.875] [0:1] [-27:27] [28.5:63.5] [9.75:40] [0:1] [1:97] [0:71] [4:17] [0:1] [0:3] [0:1] [0:1] [0:1] [0:1] [1:18] none [-0.080000000000000002:28.77] [-0.0061776061776061776:13.550694444444444] [-0.0039820806371329018:1] [1:10] [-1.2276917421252225:1.1319999999999999]
tree_sizes=3319 3467 3481 3483 3476 3459 3481 3475 3484 3476 3478 3470 3481 3489 3466 3472 3490 3504 3490 3481 3480 3476 3487 3474 3496 3480 3486 3500 3498 3500 3486 3500 3484 3490 3302 3504 3490 3511 3488 3489 3501 3498 3514 3504 3489 3522 1992 3491 3487 3496 3494 3537 3480 3502 3506 3496 3511 3512 3489 3494 3520 3499 3516 3531 3514 3507 3527 3507 3522 3512 3519 3523 3516 3530 3497 3515 3539 3517 3518 3505 3508 3530 3513 3505 3510 3089 3529 3522 3505 3502 3528 3521 3525 3518 3515 3531 3516 3544 3553 3514 3536 3560 3518 3524

Tree=0
num_leaves=31
num_cat=0
split_feature=17 75 17 36 29 75 75 29 75 76 10 11 75 24 18 75 29 75 24 29 24 44 14 75 75 27 51 29 27 3
split_gain=3904.96 782.191 535.085 179.324 153.332 142.197 134.518 71.6902 62.1496 50.5052 50.2438 38.7276 37.8478 36.3353 23.8869 23.4475 22.3819 20.5104 14.1581 13.1523 11.8276 9.98554 9.60791 9.43681 8.70708 6.14212 4.78277 4.18936 3.60031 3.00719
threshold=1.607692307692308 5.1650000000000009 3.0871212121212124 0.049057031675524623 0.096435681766100761 16.395000000000003 8.6350000000000033 0.067066731304009822 11.315000000000003 1.1143262219821768 0.027495804655357507 0.14872873999774766 6.0450000000000008 -3.6531250000000002 3.0871212121212124 1.3550000000000002 0.074811458985457296 14.225000000000003 -3.4113333333333338 0.02552064485249873 -1.8985499999999991 0.54405137672959736 0.61516666666666686 1.7450000000000003 8.1650000000000009 9.0297794117647072 4.9372685185185192 0.097181553842337634 2.5062500000000001 0.27596153846153854
decision_type=10 10 10 8 10 10 10 10 8 10 10 10 8 10 10 10 10 8 10 10 10 10 10 8 8 8 8 10 10 8
left_child=1 3 6 15 8 11 12 10 24 17 23 16 -2 -13 20 19 -4 -8 -12 29 25 -20 -18 -5 -3 -14 -25 -9 -21 -1
right_child=2 4 5 7 -6 -7 9 27 -10 -11 18 13 14 -15 -16 -17 22 -19 21 28 -22 -23 -24 26 -26 -27 -28 -29 -30 -31
leaf_value=1.3547920533068023 1.4205899864914817 1.4072702405699968 1.4643266152755108 1.3641624431834452 1.4738732952127835 1.5538801654852388 1.4552470910342428 1.4072702405699968 1.4445351744683546 1.4914365475838167 1.3857831459751651 1.491849132170652 1.4205899864914817 1.5417920971433272 1.4633087958355633 1.3780539092800201 1.4843467998610322 1.4780445779013527 1.390805000154113 1.3780539092800201 1.4522262253356659 1.4103598926463767 1.5110417157532763 1.3760071928765933 1.4195064176842187 1.4396497089051377 1.3883682566666173 1.4292112849970366 1.3665727635412697 1.361454305650305
leaf_weight=438.51218307763338 173.44530354440212 394.46610769629478 77.27444601804018 154.50215822458267 152.31512424349785 188.51751962304115 292.11442814767361 132.72602519020438 187.28742305934429 255.54405279457569 179.80408668890595 72.141682900488377 52.436425473541021 89.622046019881964 114.19840244576335 250.50105515122414 84.736962877213955 156.36543187499046 98.583312816917896 80.462099846452475 88.566890940070152 193.92149174958467 82.75451348721981 371.81295524165034 229.83080120384693 55.91010857373476 115.70490443706512 61.70099425688386 109.12858570739627 590.67043277621269
leaf_count=1467 426 868 317 326 326 478 659 597 449 582 684 296 295 446 830 543 393 327 324 349 582 927 257 1741 532 315 458 403 453 2272
internal_value=1.41823 1.38921 1.47909 1.37575 1.42801 1.51778 1.45966 1.38925 1.41935 1.47361 1.38437 1.50075 1.43932 1.5201 1.44973 1.36376 1.4876 1.46331 1.39682 1.36085 1.43877 1.40369 1.498 1.37525 1.41177 1.42756 1.37887 1.41728 1.37358 1.35856
internal_weight=5525.56 3741.93 1783.63 2778.03 963.899 595.047 1188.58 1308.76 811.584 704.024 1114.33 406.53 484.557 161.764 311.112 1469.27 244.766 448.48 472.309 1218.77 196.913 292.505 167.491 642.02 624.297 108.347 487.518 194.427 189.591 1029.18
internal_count=18922 12719 6203 10544 2175 2187 4016 5460 1849 1568 4460 1709 2448 742 2022 5084 967 986 1935 4541 1192 1251 650 2525 1400 610 2199 1000 802 3739
is_linear=0
shrinkage=1


Tree=1
num_leaves=31
num_cat=0
split_feature=11 77 18 75 75 11 77 77 18 11 77 19 77 75 25 4 76 17 57 28 4 18 69 12 27 42 9 4 6 5
split_gain=3519.86 771.17 548.04 208.071 196.613 142.967 118.229 49.4813 47.2088 40.2052 34.3838 33.6944 25.9988 21.6429 20.0192 19.7936 18.5949 18.2125 21.3269 17.1194 30.6523 16.2278 14.9844 14.481 11.1769 9.65911 8.15654 6.61969 5.67062 5.27199
threshold=0.065557803549479446 0.23081407515919761 3.9045454545454548 16.655000000000005 12.565000000000003 0.02493504980176733 0.32079942965386748 0.055906340079383054 5.1483516483516496 0.038109059295901387 0.61576440184677417 15.279220779220781 0.19317625121853679 8.7950000000000017 -0.30874999999999991 16.069423989255444 1.723300296722394 1.9687500000000002 236.94117647058826 4.2694230769230783 17.029143058714133 1.2264957264957268 0.019093863448702161 0.27386675044632852 3.3514705882352946 9.5000000000000018 12.434166666666668 0.56732080121832307 1.0000000180025095e-35 3.9416666666666673
decision_type=10 10 10 10 10 10 8 8 10 8 10 10 8 10 10 10 8 10 2 10 8 10 2 8 10 2 10 8 8 10
left_child=1 5 6 8 9 7 -2 28 14 16 17 -12 24 23 -4 -10 -3 22 -19 27 -21 -14 -8 -11 -7 -16 -20 -9 -1 -23
right_child=2 4 3 -5 -6 12 10 19 15 13 11 -13 21 -15 25 -17 -18 18 26 20 -22 29 -24 -25 -26 -27 -28 -29 -30 -31
leaf_value=-0.063706539358957079 0.0050671095355929374 -0.023769948403004851 0.045308061983299119 0.13792007221854727 0.054345396168165777 -0.034840641701539492 0.0073999006295597802 -0.05284482186997267 0.082456073973353985 0.01175226674000941 0.071955153401311658 0.040732980787379663 -0.024020203860670667 0.02177927479467838 0.060742353482624967 0.12345218757543167 -0.00033221403729865234 0.029604594978679673 0.045337338217086277 -0.038911648673732924 0.0020820172600840999 -0.010623528109593603 0.038320141346602686 -0.010973385279426311 -0.018736303727357885 0.084801994375058184 0.066930671044170428 -0.040492437682390803 -0.053821960076040801 0.0098442953055805759
leaf_weight=219.84137310087681 231.57707488536835 204.6422616392374 102.66277297958732 195.3579827696085 196.19430407881737 323.734035551548 81.172911878675222 166.64237440004945 87.470675218850374 130.3748087733984 187.5046235024929 170.36690133810043 102.438541110605 180.9367587864399 98.748728442937136 57.712905049324036 143.85301305353642 172.41614943742752 132.68716755881906 164.53580223023891 62.802849158644676 48.726275820285082 75.837755810469389 149.28935766220093 167.79357975721359 103.25717576593161 78.556344516575336 435.51646223664284 889.97403529286385 84.747349057346582
leaf_count=492 590 479 357 500 437 769 356 1179 468 280 429 325 801 427 404 323 308 592 547 857 386 409 394 359 446 440 403 2047 2158 775
internal_value=0.000209774 -0.0277355 0.0579941 0.0947398 0.00957735 -0.0417997 0.03695 -0.0488922 0.0757235 -0.00133195 0.0451523 0.0572466 -0.0228506 0.00835618 0.0641117 0.0994857 -0.0141239 0.0370561 0.0429463 -0.0395463 -0.0276275 -0.00915428 0.0224827 -0.000374936 -0.0293923 0.0733978 0.0536449 -0.0439928 -0.0558356 0.00234882
internal_weight=5447.37 3672.04 1775.33 645.21 1005.29 2666.75 1130.12 1939.31 449.852 809.096 898.542 357.872 727.44 460.601 304.669 145.184 348.495 540.67 383.66 829.497 227.339 235.912 157.011 279.664 491.528 202.006 211.244 602.159 1109.82 133.474
internal_count=18737 12609 6128 2492 2290 10319 3636 7119 1992 1853 3046 754 3200 1066 1201 791 787 2292 1542 4469 1243 1985 750 639 1215 844 950 3226 2650 1184
is_linear=0
shrinkage=0.05


Tree=2
num_leaves=31
num_cat=0
split_feature=11 75 11 36 75 29 17 3 29 10 75 75 75 29 76 29 6 75 76 17 64 78 29 44 29 47 33 29 75 30
split_gain=3232.07 684.586 482.047 159.827 159.612 150.117 89.8949 72.4578 67.7711 42.2812 40.2193 37.5191 33.9127 33.5887 31.9002 21.7881 18.3297 18.0012 13.8759 11.967 10.5276 10.1464 9.42213 8.45739 8.17998 7.69812 7.27792 6.5573 5.99236 5.75476
threshold=0.067503011974129848 5.8750000000000009 0.15954301070054808 0.054211962625689107 5.9650000000000007 0.1016802242036411 2.8062500000000004 17.106250000000006 0.074095495569345207 0.03816340470572463 13.285000000000002 11.135000000000003 3.0550000000000002 0.12870959764129467 0.85118029009324447 0.02552064485249873 7.8380230964568556 12.415000000000001 0.77069301060717399 1.8819444444444446 38.500000000000007 2.5000000000000004 0.10240791988305746 0.5978922687727527 0.041761356085393629 0.62288413789810448 2.1291666666666669 0.085237684694594348 7.785000000000001 0.018302461563862952
decision_type=10 10 10 8 8 10 10 10 10 10 8 8 10 10 10 10 10 10 8 10 10 10 10 10 10 2 10 8 8 10
left_child=1 3 4 12 -2 11 14 -4 9 21 -8 24 15 16 19 -1 23 20 -11 -6 -16 25 -10 -12 28 -5 27 -21 -3 -17
right_child=2 5 7 8 6 -7 10 -9 22 18 13 -13 -14 -15 17 29 -18 -19 -20 26 -22 -23 -24 -25 -26 -27 -28 -29 -30 -31
leaf_value=-0.054132183187238725 -0.0030286288605829536 -0.016031482927725677 0.087863940970155194 -0.033711693955537352 0.0080416146280847291 0.061815153049611729 0.048137510887218876 0.14065651071025206 -0.0053160976234182073 -0.027580973007771726 0.048137510887218876 0.021836257977329344 -0.019114411020559833 0.1088215954658983 0.026953568066809402 -0.027059480385680693 0.0875056789971074 0.056278032007787838 -0.0073328417658852854 0.027517215513953544 0.046628302454030712 -0.041595261564200209 0.018721587690646087 0.070056266939353948 0.0040113557348795187 -0.016344098287330053 0.019371170345237335 0.052628589663784531 -0.0017337196127119572 -0.04327712002000883
leaf_weight=1158.2957105301321 158.81335757672787 145.83207829296589 131.64348264038563 348.19931665807962 75.149644263088703 131.47676910459995 195.79640291631222 146.37550398334861 124.89782916754484 140.57730776071548 82.925607264041901 207.13426166772842 89.484018415212631 69.448343925178051 133.30606351792812 89.91430251672864 85.892563465982676 253.49064692854881 212.90558893606067 58.605297572910786 152.47578252851963 427.70496109127998 59.311460707336664 78.32634475082159 223.49022532999516 81.710828293114901 75.588264144957066 53.598357107490301 146.84290507435799 176.75853365659714
leaf_count=4066 372 315 479 1832 530 286 467 484 592 348 310 484 187 302 295 348 340 584 1099 354 353 975 368 420 494 514 354 334 363 642
internal_value=-0.000340713 -0.0264459 0.0557529 -0.0379995 0.0443019 0.0128821 0.0500177 0.116063 -0.0257605 -0.0300548 0.0664123 0.00391431 -0.0492511 0.0775271 0.0394766 -0.0511289 0.0683302 0.0464554 -0.0154405 0.0250418 0.0375768 -0.0360534 0.00248282 0.0576398 -0.00330599 -0.0304563 0.0317662 0.0398716 -0.00733284 -0.0379305
internal_weight=5515.97 3764.54 1751.44 2909.76 1473.42 854.776 1314.6 278.019 1395.31 1211.1 512.389 723.299 1514.45 316.593 802.214 1424.97 247.145 539.272 353.483 262.942 285.782 857.615 184.209 161.252 516.165 429.91 187.792 112.204 292.675 266.673
internal_count=18891 12913 5978 10971 5015 1942 4643 963 5728 4768 1839 1656 5243 1372 2804 5056 1070 1232 1447 1572 648 3321 960 730 1172 2346 1042 688 678 990
is_linear=0
shrinkage=0.05


Tree=3
num_leaves=31
num_cat=0
split_feature=17 77 10 77 43 36 17 3 29 77 25 47 15 79 29 77 10 20 21 69 77 57 77 76 76 21 17 10 25 45
split_gain=2767.88 574.629 407.033 192.269 147.896 106.886 78.0185 55.3687 54.8362 41.287 32.4858 30.1102 30.0041 28.1474 27.5745 34.5667 25.794 22.4832 17.8595 15.7002 15.6363 14.964 13.7277 13.2584 11.1944 10.4011 10.316 9.79438 9.5645 9.15207
threshold=1.607692307692308 0.20216047453360825 0.15790673133218969 0.40187149391244725 76.761904761904773 0.042702555071514658 2.8819444444444451 17.106250000000006 0.061442928554875896 0.56864518866648328 0.018749999999999978 0.61592954526732024 0.28036456042570196 1.0529997269439015 0.074095495569345207 0.26218342104763176 0.028571613551537048 1.30952380952381 5.3723210214318291 0.019093863448702161 0.041886126676415662 232.94117647058826 0.13864372140994916 1.0406614911134864 0.8348019513172823 5.0542997542997554 1.2792207792207795 0.018931761564611811 0.099580419580419605 17.035714285714288
decision_type=10 10 10 8 8 8 10 10 10 10 8 2 10 8 10 10 10 10 10 2 10 2 8 10 10 10 8 10 10 10
left_child=1 5 3 14 9 20 10 -4 12 16 23 18 22 -10 15 -2 -3 -18 19 -8 -1 -12 27 25 -23 -5 -15 -7 -14 -24
right_child=2 4 7 6 -6 8 11 -9 13 -11 21 -13 28 26 -16 -17 17 -19 -20 -21 -22 24 29 -25 -26 -27 -28 -29 -30 -31
leaf_value=-0.050727550915578214 -0.018512607827310117 -0.021020949556612881 0.081437226690412728 0.011368627614060359 0.043753338073459248 -0.047340235732918262 0.037671160693897948 0.13115650241726542 -0.016450558163060222 0.017134753720880285 0.038251431212750577 0.090601871062632455 -0.020373517722523302 0.0034655704138688566 0.026686796921944991 0.01951335587075223 0.0089289378996224838 -0.012338803538587824 0.078376156812620071 0.065489879370943943 -0.037560244042171592 0.040867572791628941 -0.010293899925955668 0.045193886842606515 0.065095075672099975 0.034368020872076681 0.043193357008172381 -0.03316776738489511 0.0055274015833923331 -0.031712266411874322
leaf_weight=1064.3373885899782 118.86327607929707 282.18151022493839 106.14262137934566 119.15343344584107 194.73358270525932 282.30118876695633 110.22777960449457 140.010234169662 128.33782202005386 186.85151050984859 172.10668978467584 116.10573783889413 117.76796454563737 32.313218496739864 172.41611696779728 118.19406634569168 238.72216212749481 257.05941480398178 95.147434532642365 104.42008634284139 306.52993163466454 75.614973522722721 63.214492470026016 80.218379393219948 175.04541999101639 84.607189245522022 32.454350806772709 239.99370600283146 50.409337390214205 259.78186258673668
leaf_count=4107 320 612 430 537 408 626 324 493 348 454 568 498 670 396 451 313 543 573 398 333 674 595 375 191 415 366 363 572 347 1597
internal_value=-0.000626046 -0.0251058 0.0505151 0.0409336 0.00412423 -0.0382523 0.0515423 0.110133 -0.0273594 -0.00391135 0.0412451 0.0684929 -0.0320082 -0.00292225 0.011535 0.000449028 -0.00898171 -0.00210088 0.059942 0.0514451 -0.0478128 0.0500566 -0.0358455 0.0279975 0.057978 0.0210398 0.0237268 -0.0409038 -0.0126232 -0.0275651
internal_weight=5525.26 3736.99 1788.27 1542.12 1159.55 2577.44 1132.65 246.153 1206.57 964.815 706.746 425.901 1013.47 193.105 409.473 237.057 777.963 495.782 309.795 214.648 1370.87 422.767 845.291 283.979 250.66 203.761 64.7676 522.295 168.177 322.996
internal_count=18897 12665 6232 5309 2590 10075 4225 923 5294 2182 2672 1553 4187 1107 1084 633 1728 1116 1055 657 4781 1578 3170 1094 1010 903 759 1198 1017 1972
is_linear=0
shrinkage=0.05


Tree=4
num_leaves=31
num_cat=0
split_feature=11 77 17 77 53 77 75 29 29 24 77 11 11 6 75 17 25 20 29 18 13 25 29 61 43 77 76 11 77 77
split_gain=2543.67 573.915 418.792 183.335 167.025 123.966 120.13 64.2057 43.609 41.2538 38.9634 37.5877 31.3827 31.0697 30.1635 25.2617 27.8766 23.2975 17.8533 16.1897 15.7995 14.6782 14.626 12.7868 11.7323 11.5566 9.27146 9.13827 8.47847 8.46849
threshold=0.061439969014325232 0.40187149391244725 3.226495726495727 0.14119312415494067 1.0333333333333334 0.31237922094000209 16.265000000000004 0.062931661055623353 0.02552064485249873 -2.6913500000000004 0.73667545809801305 0.03173592067761568 0.14485869403310977 11.317066259655961 13.455000000000002 1.7817460317460319 -0.016000000000000004 1.8516483516483515 0.074811458985457296 0.42261904761904767 0.43415484115749431 -0.043333333333333286 0.11413741652586011 42.750000000000007 61.861904761904768 0.44418089650287801 1.2102662116421594 0.024467365450564719 0.710415472228206 0.33463160732792313
decision_type=10 10 10 8 10 8 10 10 10 10 10 10 10 8 8 10 8 8 8 10 10 8 8 2 10 10 8 10 8 10
left_child=1 3 5 8 -3 18 9 11 19 14 15 -5 -11 21 -4 25 20 -6 -2 -1 -17 -9 26 -13 -24 29 -18 -10 -28 -7
right_child=2 4 6 7 17 10 -8 13 27 12 -12 23 -14 -15 -16 16 22 -19 -20 -21 -22 -23 24 -25 -26 -27 28 -29 -30 -31
leaf_value=-0.051054160557877731 -0.010994656691443545 0.071719036267047218 0.027051943449068191 -0.030343215090425146 0.023243319451140429 0.020593382491613431 0.11603940528931114 -0.024009160236493018 -0.035401305580142414 0.061800438952900751 0.060227024217759433 0.0047011200178532645 0.10556378607772564 0.032505722259384445 0.067998936567531559 0.039555002431454489 0.030502610899072188 -0.0042921241190503664 0.014240977301260392 -0.038358771827682686 0.01224889766614564 0.0043382186096485777 0.041720425733547159 -0.016426491351710839 0.066898710162678565 0.030499269057213459 0.063844597383531959 -0.021307273650645147 0.033922254168260377 -0.008893147762182075
leaf_weight=958.2235671132803 137.1580980271101 143.31398323178291 85.913803696632385 703.72103049606085 127.75089159607887 49.402182750403881 186.87248077988625 72.478888757526875 323.64641879498959 90.455984495580196 184.46843945980072 102.60591370984912 86.029684450477362 68.832336004823446 98.58989354968071 94.546046894043684 166.44917456805706 189.82473522424698 141.26656612753868 365.46121154725552 121.93847063928843 119.99617864564061 89.159866519272327 233.27899656072259 117.71687377989292 103.88619992136955 54.419960394501686 188.3916494846344 49.576906684786081 46.283079609274864
leaf_count=2200 353 303 222 4157 347 516 486 291 752 392 436 432 431 364 509 407 355 436 356 968 388 572 259 1018 438 236 110 461 565 105
internal_value=-0.000207403 -0.0249403 0.0465096 -0.0325952 0.0271139 0.0315662 0.083378 -0.0182148 -0.0427706 0.0661964 0.0392427 -0.0237792 0.0836079 0.00392933 0.0491807 0.0348473 0.0393638 0.00682273 0.00181449 -0.0475806 0.0243014 -0.00640526 0.0461301 -0.00997765 0.0563003 0.0190277 0.0381718 -0.0302674 0.0500391 0.00638625
internal_weight=5501.66 3597.53 1904.13 3136.64 460.89 1356.27 547.862 1300.91 1835.72 360.989 1077.85 1039.61 176.486 261.307 184.504 893.379 693.807 317.576 278.425 1323.68 216.485 192.475 477.323 335.885 206.877 199.571 270.446 512.038 103.997 95.6853
internal_count=18865 12301 6564 11215 1086 4524 2040 6834 4381 1554 3815 5607 823 1227 731 3379 2522 783 709 3168 795 863 1727 1450 697 857 1030 1213 675 621
is_linear=0
shrinkage=0.05


Tree=5
num_leaves=31
num_cat=0
split_feature=17 77 18 77 75 11 77 19 75 77 18 43 17 25 17 19 77 6 58 12 12 27 17 21 6 15 65 50 76 6
split_gain=2399.32 519.079 337.678 130.995 123.875 118.402 58.744 58.2649 53.4656 35.1387 32.6996 30.9028 30.8784 29.0252 29.8684 28.3047 20.6197 17.3863 23.1375 15.7529 14.4612 21.0229 14.0448 13.3693 11.046 9.44205 8.23687 7.89159 7.64729 7.73953
threshold=1.7596153846153848 0.2336608478843159 5.1909090909090922 0.56407995102431807 6.3450000000000006 0.02493504980176733 0.66072682040482944 7.6833333333333345 16.525000000000002 0.050384610242023224 1.720779220779221 67.449494949494962 4.6794871794871806 -0.0066666666666666914 3.1291666666666669 15.279220779220781 0.15267387457959822 5.1106211508637918 25.93933823529412 0.25916017076918585 0.2417809444671217 6.3182539682539698 0.93095238095238109 5.5619517543859658 6.4101937038690897 0.17404520776006485 14.500000000000002 23.1539393939394 1.027735967695981 2.3759091826725527
decision_type=10 10 10 10 8 10 10 10 8 8 10 8 10 10 10 10 8 8 2 8 8 10 10 10 10 10 8 10 8 8
left_child=1 5 4 11 -2 9 13 -5 -4 -1 25 19 -10 17 23 -8 -12 -6 24 -3 -11 -22 -21 27 -19 -7 -18 -15 -27 -30
right_child=2 3 8 7 6 10 15 -9 12 20 16 -13 -14 14 -16 -17 26 18 -20 22 21 -23 -24 -25 -26 28 -28 -29 29 -31
leaf_value=-0.045865789902694971 0.00048531593888055663 -7.299593447570133e-05 0.07062854609704175 0.060368274666482327 0.044199032679648913 -0.031933190023732003 0.075408544507369085 0.01584467009784616 0.089992529319280049 -0.036316811745982079 -0.019538652720549554 0.015907043980856562 0.1380572806954406 0.02334127161704774 0.079080478175916652 0.047988093461361792 0.024804879821263393 0.005628597949056225 0.045589011717351344 -0.028183334621210782 -0.03068025902688052 0.0024495510151476942 -0.0070420354546816156 0.060537539627852202 0.026536398298598187 -0.025920157326299317 -0.002337725575801738 0.044843013665570863 -0.024237531839032184 -0.0051503102689509292
leaf_weight=1099.2890651673079 171.14649419486523 293.84786432981491 90.580122292041779 131.48712527751923 163.16462084278464 188.77116115018725 196.97293917834759 167.22386446595192 63.852248318493366 654.21213217452168 72.632899463176727 164.11827522516251 100.82295600697398 90.736224770545959 69.945130445063114 197.765550121665 70.595697898417711 124.5944958999753 92.129368260502815 136.58756093680859 178.93313291668892 65.057406790554523 185.2691153138876 68.977626111358404 128.58177929744124 183.68639421463013 45.589249201118946 88.014461830258369 83.085418943315744 146.17388224601746
leaf_count=2640 422 598 263 316 618 682 453 393 343 3228 196 406 472 370 320 412 525 476 341 311 890 473 433 341 537 430 304 366 362 979
internal_value=-0.000438061 -0.0219661 0.0500759 0.00748388 0.0403276 -0.0333572 0.0459078 0.0355792 0.102873 -0.0398398 -0.0169478 -0.0033098 0.120076 0.0382361 0.050144 0.0618268 0.00120285 0.0307126 0.0242307 -0.00844961 -0.0324218 -0.0218726 -0.0160734 0.0416888 0.0163098 -0.022636 0.0142255 0.034119 -0.0183191 -0.0121429
internal_weight=5513.84 3866.56 1647.28 1078.53 1392.03 2788.03 1220.88 298.711 255.255 1997.49 790.535 779.823 164.675 826.144 317.673 394.738 188.818 508.47 345.306 615.705 898.203 243.991 321.857 247.728 253.176 601.717 116.185 178.751 412.946 229.259
internal_count=18900 13166 5734 2457 4656 10709 4234 709 1078 7231 3478 1748 815 3369 1397 865 1025 1972 1354 1342 4591 1363 744 1077 1013 2453 829 736 1771 1341
is_linear=0
shrinkage=0.05


Tree=6
num_leaves=31
num_cat=0
split_feature=17 77 18 77 29 36 17 29 29 75 77 75 61 6 10 25 6 75 31 18 77 77 13 33 29 43 77 25 21 21
split_gain=2199.23 466.587 346.904 148.527 114.168 98.7157 65.8082 59.7742 46.8376 36.2256 32.3842 30.4301 28.1626 23.4931 22.2349 20.0961 18.8585 18.547 17.642 15.8189 15.2371 13.3607 10.183 9.93342 8.72353 9.19618 7.08767 5.97001 5.51007 5.45777
threshold=1.591666666666667 0.23648094838982345 5.1180555555555562 0.30079029261343126 0.10113323729472556 0.047494461461661169 2.8062500000000004 0.1486702842815418 0.081906378283478534 16.265000000000004 0.53790019672494538 12.485000000000001 44.750000000000007 8.2029466244157003 0.027495804655357507 0.036180555555555556 4.8323857509196166 4.2750000000000012 0.35781250000000003 0.96666666666666679 0.22438689916602403 0.041886126676415662 0.37245652972790705 3.1596638655462184 0.029257080117952222 60.516666666666673 0.14119312415494067 -0.05833333333333332 4.4746618729669585 4.0928079242032736
decision_type=10 10 10 8 10 8 10 10 10 10 10 10 2 10 10 8 10 8 10 10 8 8 10 10 10 10 10 10 10 10
left_child=1 5 3 18 10 21 11 12 14 13 16 23 -4 22 24 -13 19 -10 -2 -3 27 -1 -8 28 -7 -26 -23 -16 29 -5
right_child=2 4 7 6 -6 8 9 -9 17 -11 -12 15 -14 -15 20 -17 -18 -19 -20 -21 -22 26 -24 -25 25 -27 -28 -29 -30 -31
leaf_value=-0.04534106162825189 -0.01179099701427532 -0.0077946257598832521 0.052607342394059203 0.030359630185229698 0.050387703956793067 -0.035448857755500794 0.055278174023898174 0.12463316638364957 -0.013386342607290125 0.084527536262257313 0.017491550221308508 0.031253283817701184 0.095443131753955426 0.073320704012219143 -0.027859908492500914 0.05735005839671678 -0.01653563440925401 0.028057725309338505 0.015040204742589689 0.012135314974031843 -0.00057133751452207902 -0.037174807880146009 0.035539778895110216 0.011091919878032888 -0.0099479236690648148 -0.030536560551966952 -0.018364183110703737 -0.015331015287451616 0.031253283817701184 0.010219768492033028
leaf_weight=923.64730599522591 136.41053813695908 211.01625299453735 75.593953274190426 68.164759658277035 133.85612052679062 448.82838191092014 111.2819557711482 113.73111009970307 49.194253861904144 98.286624610424042 215.08343441784382 135.86440055072308 89.685949634760618 85.520106542855501 203.47937592864037 174.38658905029297 224.17264370620251 57.628715947270393 109.55539007484913 186.74139577150345 106.50193794071674 452.30103396251798 185.55449755862355 93.147342629730701 84.375220891088247 157.82299184799194 59.705925062298775 187.67077112197876 264.64134094119072 68.472000066190958
leaf_count=2250 379 468 314 313 285 1707 473 370 123 229 538 283 450 324 494 394 513 533 293 417 1081 2613 592 368 329 626 136 452 1252 298
internal_value=1.1048e-05 -0.0220729 0.0451595 0.0357722 0.00769348 -0.0326531 0.0425794 0.0963678 -0.0226168 0.0572478 0.0008138 0.0337575 0.0762856 0.0500332 -0.0254656 0.0460589 -0.00497272 0.00902471 0.000172366 0.00156916 -0.0173482 -0.0416876 0.0431003 0.025961 -0.0312779 -0.0234344 -0.0350213 -0.0219031 0.0293764 0.0204146
internal_weight=5512.32 3702.03 1810.3 1531.29 970.87 2731.16 1285.32 279.011 1295.5 480.643 837.014 804.676 165.28 382.357 1188.68 310.251 621.93 106.823 245.966 397.758 497.652 1435.65 296.836 494.425 691.027 242.198 512.007 391.15 401.278 136.637
internal_count=18897 12565 6332 5198 2221 10344 4526 1134 5345 1618 1936 2908 764 1389 4689 677 1398 656 672 885 2027 4999 1065 2231 2662 955 2749 946 1863 611
is_linear=0
shrinkage=0.05


Tree=7
num_leaves=31
num_cat=0
split_feature=17 77 18 77 18 10 3 77 17 76 77 77 11 21 30 6 25 30 77 11 27 64 64 21 18 59 77 64 41 18
split_gain=1969.86 392.34 324.967 108.635 103.158 72.8248 42.607 40.6148 39.47 34.015 25.8126 22.6163 16.7158 14.9731 14.6862 14.0405 13.3821 13.3592 12.9511 12.6551 15.1556 10.5089 9.23431 8.77911 8.5597 7.81648 7.04889 6.62493 6.02709 5.37736
threshold=1.7596153846153848 0.2336608478843159 5.0333333333333341 0.31664312019374136 1.1180555555555558 0.10000247500247501 18.226136363636368 0.057702604222887074 3.1291666666666669 0.99551488334674187 0.19317625121853679 0.54625503206922688 0.03173592067761568 5.5619517543859658 0.20667613671099613 8.3966849518229427 -0.09207142857142861 0.39297813113767899 0.68384321528038583 0.024105219408257186 6.4629464285714295 68.500000000000014 53.500000000000007 4.6566252051481394 0.39230769230769241 0.75000000000000011 0.14119312415494067 69.500000000000014 136.50000000000003 0.83974358974358987
decision_type=10 10 10 8 10 8 10 8 10 10 8 10 10 10 10 8 10 8 8 8 10 8 10 10 8 2 10 8 8 10
left_child=1 4 3 -2 7 11 16 24 9 13 28 12 -3 15 -14 25 -4 -10 -19 26 27 -11 -15 -12 -1 -5 -9 29 -6 -21
right_child=2 5 6 8 10 -7 -8 19 17 21 23 -13 14 22 -16 -17 -18 18 -20 20 -22 -23 -24 -25 -26 -27 -28 -29 -30 -31
leaf_value=-0.044458671092660967 0.0031365662974953989 -0.015551523976827708 0.057568563833063038 0.0065417769803831228 -0.0089001432438946051 0.033529594493637911 0.11619183506602671 -0.034980986861485833 0.073086642975527832 0.036822026590886146 -0.0053729210070977236 0.012979518486160911 0.010445920947069439 0.052516065555570361 -0.0082930331569078444 0.038707808421095537 0.090106353596246691 0.035642672042458239 0.061760807208612337 -0.0058909745125217735 -0.00036996340166279152 0.05367853485875064 0.026066248076667686 0.016534864301602246 -0.035462750349091958 0.024076826199043805 -0.02271026790405686 -0.030186299287163838 -0.023680168394467477 -0.026039773398845962
leaf_weight=702.91123843193054 221.21616047620773 242.57584680616856 68.93934877589345 131.54800873249769 115.26260815560818 190.98917503654957 128.53508771583438 474.88485539332032 94.884478006511927 173.46347278356552 87.192289862781763 231.76389314234257 205.00658315420151 75.561812750995159 211.33245818316936 83.943031951785088 77.167088255286217 97.825886696577072 104.46553236618638 67.68466704711318 75.9509620629251 233.77558392286301 64.62956191599369 94.302287224680185 477.98335103690624 123.85187942907214 166.25481405854225 225.94449831172824 177.72395457327366 65.287517763674259
leaf_count=1649 599 542 301 547 296 414 467 3074 332 405 782 570 450 351 486 381 386 224 439 343 477 517 305 739 1237 528 342 906 480 275
internal_value=-1.07514e-05 -0.0198843 0.0450858 0.0353159 -0.0299743 0.00559872 0.0947629 -0.0344285 0.0413207 0.035954 -0.00875956 -0.000421412 -0.00514752 0.0268296 0.000937004 0.0210408 0.0752493 0.0571607 0.0493678 -0.0273491 -0.020671 0.0466063 0.0405934 0.00603832 -0.0408505 0.0151058 -0.0318394 -0.024954 -0.0179157 -0.0159043
internal_weight=5492.86 3813.05 1679.81 1405.17 2731.38 1081.67 274.642 2256.9 1183.95 886.773 474.481 890.679 658.915 479.534 416.339 339.343 146.106 297.176 202.291 1076.01 434.868 407.239 140.191 181.495 1180.89 255.4 641.14 358.917 292.987 132.972
internal_count=18844 13062 5782 4628 10600 2462 1154 8303 4029 3034 2297 2048 1478 2112 936 1456 687 995 663 5417 2001 922 656 1521 2886 1075 3416 1524 776 618
is_linear=0
shrinkage=0.05


Tree=8
num_leaves=31
num_cat=0
split_feature=11 77 10 29 75 77 29 29 42 11 12 75 77 76 29 15 11 44 10 17 40 33 79 41 49 29 54 76 25 15
split_gain=1766.3 393.893 289.925 129.343 112.79 65.374 64.0989 48.6169 42.2601 31.3602 31.1612 31.9689 31.0869 25.2346 22.908 21.2373 19.3625 17.9505 13.8924 11.9865 11.8114 11.1383 11.0483 10.3611 10.7579 13.9688 9.58256 9.39551 8.02154 7.81698
threshold=0.061439969014325232 0.24888660994006095 0.10655439317279741 0.10113323729472556 16.265000000000004 0.24888660994006095 0.02552064485249873 0.14234067201447223 2.5000000000000004 0.15954301070054808 0.23295620419504773 7.785000000000001 0.073478818900947693 1.2710239406541533 0.074095495569345207 0.48000789092583612 0.029169421272611882 0.61902429923977442 0.038499755315231518 3.0871212121212124 6.5000000000000009 2.759615384615385 0.35294331266356066 102.50000000000001 11.500000000000002 0.10808470217805617 21.894444444444449 0.30729729196727623 0.018749999999999978 0.14883442178333819
decision_type=10 10 10 10 10 8 10 8 2 10 10 10 8 10 10 10 8 10 10 10 2 10 10 10 2 8 10 10 8 8
left_child=1 6 5 10 8 -2 12 -6 -4 19 11 -3 -1 17 20 26 -16 22 -14 28 29 -21 23 24 25 -7 -12 -18 -10 -8
right_child=2 3 4 -5 7 13 14 -9 9 -11 15 -13 18 -15 16 -17 27 -19 -20 21 -22 -23 -24 -25 -26 -27 -28 -29 -30 -31
leaf_value=-0.040509048352632582 -0.0057700494820431191 -0.0014218372613805179 0.02148355583753387 0.053670588016785148 0.065109820342771019 0.012709924065738952 -0.034063023176014243 0.11001252003718238 0.026080477060382679 0.065109820342771019 -0.0069258081344588844 0.029800385183625374 -0.029784682106085821 0.044131035836381227 -0.024404316426705944 0.0079216226034638567 0.025347911458281816 0.036514236888374241 -0.0092358135474926491 0.044760664325604549 -0.0079143494469959847 0.065109820342771019 0.0052474150355827746 0.034811862174837116 0.0026564801838041968 0.04279943531066429 -0.025944100284297555 -0.0039538545810802747 0.04750279770004659 -0.021540923587367616
leaf_weight=1097.9851500242949 184.73019152879715 194.05926717817783 117.89665200933814 135.18006776273251 124.53747206926346 104.24593537673354 185.48129882663488 130.15208348631859 91.874537352472544 102.56663140654564 127.06334164738655 140.8532937169075 639.68321373686194 172.05408112704754 61.291864290833473 125.73108495771885 53.054056353867054 172.45795460045338 95.663689114153385 128.14242620393634 115.49109644442797 82.875215996056795 131.40255093574524 112.58016153797507 90.999157097190619 61.484878491610289 139.62057317793369 54.919960394501686 92.820501517504454 414.96066186577082
leaf_count=2662 485 414 389 293 284 505 683 336 299 492 303 316 3458 385 300 284 497 794 455 559 380 315 223 484 380 314 356 138 302 1686
internal_value=0.000193273 -0.0204833 0.0391371 0.00894897 0.060362 0.0211495 -0.0298211 0.0883966 0.0486498 0.0550216 0.000574796 0.0117588 -0.0351595 0.0270328 -0.0187378 -0.00897602 -0.00217972 0.0226037 -0.0271276 0.0467687 -0.022644 0.0550652 0.0177494 0.0221715 0.0165149 0.0240627 -0.0169424 0.0105443 0.0370443 -0.0254593
internal_weight=5481.86 3581.04 1900.82 862.508 870.866 1029.95 2718.53 254.69 616.176 498.279 727.328 334.913 1833.33 845.225 885.199 392.415 169.266 673.171 735.347 395.713 715.933 211.018 500.713 369.31 256.73 165.731 266.684 107.974 184.695 600.442
internal_count=18771 12225 6546 1966 2976 3570 10259 620 2356 1967 1673 730 6575 3085 3684 943 935 2700 3913 1475 2749 874 1906 1683 1199 819 659 635 601 2369
is_linear=0
shrinkage=0.05


Tree=9
num_leaves=31
num_cat=0
split_feature=17 75 18 75 29 18 76 29 29 25 11 42 76 29 76 18 78 48 6 50 79 5 42 20 24 15 4 19 43 76
split_gain=1686.04 317.098 255.197 113.8 102.843 63.2324 55.9626 38.2696 37.2712 35.5455 28.2845 26.6604 25.7278 23.6585 15.5476 17.0708 14.0398 13.5907 12.0099 11.8746 11.062 10.8669 10.269 10.0275 8.19928 6.28022 5.63105 5.37608 3.08232 3.062
threshold=1.607692307692308 5.1650000000000009 3.759615384615385 16.525000000000002 0.097619763167477322 1.1180555555555558 1.1970240070804294 0.079073920022216568 0.02552064485249873 -0.093874999999999972 0.15954301070054808 2.5000000000000004 0.66897858920449682 0.12104483615082029 1.7502519468621165 1.2071428571428573 2.5000000000000004 22.363970588235297 7.6272264332455206 21.883974358974363 1.0000000180025095e-35 12.31666666666667 1.0000000180025095e-35 1.9374999999999989 0.90643939393939421 0.14883442178333819 0.51294507211329854 0.37980769230769235 61.174242424242429 0.82265833799490351
decision_type=10 10 10 10 10 10 10 10 10 10 10 2 8 10 10 8 10 2 10 10 10 10 2 10 8 10 10 8 10 10
left_child=1 5 6 9 11 8 7 12 16 13 18 -3 -2 -4 15 -13 27 23 -11 -9 -19 -21 -10 -14 -17 28 -18 -1 -24 -29
right_child=2 4 3 -5 -6 -7 -8 19 22 10 -12 14 17 -15 -16 24 26 20 -20 21 -22 -23 25 -25 -26 -27 -28 29 -30 -31
leaf_value=-0.03731876816038724 -0.015040136095150258 0.013342690406438774 0.023938332759916661 0.095329966584949299 0.044604340933908748 -0.010450845887020839 0.04870378228679647 0.020987796296843567 -0.0045169185848995428 0.042053363062109266 0.089541523177205484 -0.020751988642693099 0.011982004076685761 0.058593971161199479 0.0082576424330562791 -0.010450845887020839 -0.040611557311452336 0.018637485250869317 0.069638837690296551 0.027327205288330322 -0.0058051819626815356 0.049592734633372548 -0.021086919182607418 0.035171461378073497 0.0055479905410017486 -0.020751988642693099 -0.033154765258308877 -0.020751988642693099 -0.032532156988866627 -0.031274712522449108
leaf_weight=106.13663748279214 85.137005791068077 227.14577539265156 148.23942016065121 205.77179996669292 144.20146024227142 446.05424354597926 203.87276448309422 184.46478598564863 85.063934531062841 118.28844736516476 74.79853081330657 182.39290322363377 87.45797086879611 74.890721436589956 131.66262036561966 124.82618632912636 757.45228615403175 85.408936005085707 66.30900065600872 118.4625643119216 98.934132382273674 110.75119372084737 95.815622456371784 102.71171591058373 136.06753188371658 258.9945354051888 440.3275338113308 233.11648004129529 198.43037566170096 107.16639824211597
leaf_count=1016 204 487 573 527 317 2073 446 534 404 545 364 410 391 330 305 307 1730 537 312 449 260 315 287 375 328 1064 1072 1825 761 208
internal_value=0.000240575 -0.019052 0.0403857 0.0641548 0.0058837 -0.027699 0.0251526 0.0196054 -0.0310636 0.0506905 0.0633302 -0.00112441 0.00964376 0.0357796 -0.00685319 -0.0104508 -0.0350517 0.0152802 0.0522841 0.030624 0.00555893 0.0382541 -0.020752 0.0246252 -0.00301598 -0.0232356 -0.0379002 -0.0273411 -0.0288893 -0.0241287
internal_weight=5440.35 3674.85 1765.5 688.298 946.296 2728.56 1077.2 873.328 2282.5 482.526 259.396 802.095 459.65 223.13 574.949 443.287 1644.2 374.513 184.597 413.679 184.343 229.214 638.304 190.17 260.894 553.241 1197.78 446.42 294.246 340.283
internal_count=18756 12594 6162 2651 2154 10440 3511 3065 8367 2124 1221 1837 1767 903 1350 1045 5851 1563 857 1298 797 764 2516 766 635 2112 2802 3049 1048 2033
is_linear=0
shrinkage=0.05


Tree=10
num_leaves=31
num_cat=0
split_feature=11 75 11 20 75 11 17 18 29 76 24 45 6 76 19 44 27 6 3 25 48 7 14 21 29 11 9 53 25 19
split_gain=1447.56 303.68 246.065 101.23 90.3651 77.3029 50.5907 38.2353 35.4753 34.8029 22.5551 22.481 18.4586 15.9586 15.3899 13.1901 11.3007 11.1735 16.2301 10.7247 10.4115 9.36831 8.60392 8.19741 6.20587 4.79053 4.66542 4.63525 4.30621 4.17701
threshold=0.060180783306787895 7.0850000000000009 0.15954301070054808 8.5227272727272751 8.6350000000000033 0.023330629827137146 2.8062500000000004 6.0357142857142865 0.039084063203686868 1.0741289662372864 3.4196666666666675 15.035714285714286 7.5724977278243442 1.1656866187988384 7.6833333333333345 0.57344598564840388 1.9850000000000001 5.8681814522251843 10.505000000000001 -0.037500000000000006 22.332720588235297 -0.039564285714285698 0.27759615384615394 4.4377582644628104 0.079073920022216568 0.041617786697859892 7.7461666666666682 2.5590277777777781 -0.01199999999999994 11.516666666666667
decision_type=10 10 10 8 8 10 10 10 10 10 8 10 10 10 10 10 8 10 10 8 2 8 10 10 8 10 10 10 10 10
left_child=1 5 4 14 10 8 13 -4 21 12 24 -10 15 17 -3 -8 -7 18 28 25 -17 -1 23 -21 -2 -18 -24 -25 -6 -19
right_child=2 3 7 -5 6 16 9 -9 11 -11 -12 -13 -14 -15 -16 20 19 29 -20 22 -22 -23 26 27 -26 -27 -28 -29 -30 -31
leaf_value=-0.039950654417820169 0.006315821019826715 0.018664305084027034 0.06154686261091015 0.048430332491559321 0.017553347121054157 -0.023898119419984869 0.017553347121054157 0.10003661414376118 0.0015586063381388177 0.069964695979911701 -0.0052961374413346253 -0.023903776552003226 0.054145718312493554 0.038500720506632308 0.0015586063381388177 0.023966839219142003 -0.025075140652239175 0.028957668008759749 0.043521964318234775 -0.020289043732173658 0.053012184508892148 -0.031367565095363578 0.0015586063381388177 0.0011804759459772747 0.017553347121054157 -0.0096278180011145752 -0.012341808929542689 -0.013734795084190156 0.032089805760076022 0.017553347121054157
leaf_weight=456.3400729931891 124.29723201692104 130.49840977787971 159.89179899916053 156.20291073620319 56.935558374971151 193.44721239432693 75.139569085091352 118.71480772644281 97.708969999104738 127.68414831161499 182.4015062302351 282.39141414687037 124.36453629285097 207.6418878287077 300.82684870064259 61.705378755927086 139.69339961931109 86.703501764684916 119.13618496060371 135.02512958273292 67.248168669641018 1228.4005108624697 92.507685896009207 133.75109868869185 138.16713601350784 80.916993889957666 62.968539971858263 84.167897135019302 51.889371145516634 244.89436687901616
leaf_count=1477 302 297 484 334 419 650 256 500 430 296 412 1029 520 478 735 286 531 444 372 516 345 4341 324 489 337 337 430 285 388 841
internal_value=0.000130601 -0.0187606 0.0348115 0.0140813 0.0275149 -0.0252223 0.0345285 0.0782465 -0.0305986 0.0477323 0.00819386 -0.0167342 0.0389036 0.0266263 0.00155861 0.0293971 -0.0131682 0.0221591 0.0307928 -0.0102922 0.0394051 -0.0337148 -0.00627588 -0.0106528 0.0175533 -0.0194783 0.00155861 -0.00461675 0.0175533 0.0175533
internal_weight=5521.66 3574.85 1946.82 587.528 1668.21 2987.32 1223.34 278.607 2064.84 456.142 444.866 380.1 328.458 767.201 431.325 204.093 922.478 559.559 227.961 729.031 128.954 1684.74 508.42 352.944 262.464 220.61 155.476 217.919 108.825 331.598
internal_count=18885 12205 6680 1366 5696 10839 4645 984 7277 1703 1051 1459 1407 2942 1032 887 3562 2464 1179 2912 631 5818 2044 1290 639 868 754 774 807 1285
is_linear=0
shrinkage=0.05


Tree=11
num_leaves=31
num_cat=0
split_feature=11 75 10 77 19 77 21 18 29 11 48 29 47 77 77 44 9 14 77 15 29 52 77 19 77 11 8 19 77 75
split_gain=1276.1 303.855 219.922 98.0218 86.9172 63.1787 59.1232 39.144 38.9012 29.2695 28.2268 26.3561 23.6259 23.1057 19.7502 16.8347 14.538 13.6012 13.4637 13.237 9.52522 11.4457 9.0231 7.95237 7.05604 6.7447 6.0536 5.46695 5.59213 4.62929
threshold=0.067503011974129848 7.785000000000001 0.15020855046690537 0.14119312415494067 2.3229166666666674 0.29437066614767959 5.1183014354066989 3.2583333333333337 0.063293986249522885 0.03173592067761568 22.66727941176471 0.02552064485249873 0.61592954526732024 0.62794893122355211 0.61934701598118547 0.58541814820082505 16.047000000000004 0.47839743589743594 0.64004263489474589 0.19432258260945232 0.069832564895477581 239.15000000000001 0.22725092820893864 1.5166666666666668 0.26549215150762789 0.019769496456231207 1.1067634282089263 8.9309523809523821 0.49753114673379734 13.285000000000002
decision_type=10 10 10 8 10 8 10 10 10 10 2 10 2 10 8 10 10 10 8 10 10 10 8 10 8 10 10 8 8 10
left_child=1 3 5 11 -3 -2 -4 15 9 24 -8 26 16 -14 -6 20 18 -17 -9 -13 -7 -22 -11 -10 -5 -26 -1 28 -24 -20
right_child=2 4 6 8 14 7 10 12 23 22 -12 19 13 -15 -16 17 -18 -19 29 -21 21 -23 27 -25 25 -27 -28 -29 -30 -31
leaf_value=-0.035630094777057308 0.0018581515571857001 0.04775332111883844 0.046355239232580163 -0.016480286435626268 -0.002136333203011757 0.0060817396188069641 0.067323933756646109 0.032260988520550232 0.018823171160564145 -0.01636147971928642 0.10902300733056654 -0.025597677226253987 0.039828911995522805 0.078390237919173336 0.021119950267052216 0.04563949326233268 0.021365684220816031 0.020444278781814134 0.042929339020501431 -0.0082314453208576811 0.01217412393920609 0.03399301379278729 0.011472822821432461 -0.002136333203011757 -0.030355339751786094 -0.01429544722448378 -0.027645360516507702 -0.01161435026359128 -0.0068965939663894905 0.065385646668725511
leaf_weight=980.82051844894886 206.13602468371391 161.49859668314457 120.2636382356286 306.77101926505566 303.3560996055603 142.50443717837334 77.116713222116232 182.61957371234894 78.817457463592291 123.77070492506027 107.58472403511405 349.68749533593655 92.535281371325254 72.077479347586632 129.49578276276588 115.41633850336075 144.11543218046427 104.54708156362176 56.513573300093412 161.55482570827007 130.71181550249457 113.16203854978085 122.82215417921543 176.29175858199596 298.30524879693985 87.236789744347334 343.55259329080582 62.941067650914192 61.455359451472759 56.776546061038971
leaf_count=2316 558 351 385 632 728 527 305 429 456 276 428 812 532 163 297 510 494 333 480 406 307 349 264 836 2769 714 835 392 742 132
internal_value=0.000166474 -0.0162015 0.0357827 -0.0223806 0.0165713 0.0274574 0.0742521 0.0318099 -0.0119665 -0.0161733 0.0920691 -0.0298497 0.0408247 0.0570848 0.00485386 0.022768 0.0346262 0.0338111 0.0409907 -0.0201367 0.0164102 0.022396 -0.00482328 0.00485386 -0.0222397 -0.0267678 -0.0335812 -0.00213633 0.00534258 0.0546572
internal_weight=5470.46 3748.38 1722.08 3154.03 594.35 1417.12 304.965 1210.98 1318.41 1063.3 184.701 1835.62 604.638 164.613 432.852 606.342 440.025 219.963 295.91 511.242 386.378 243.874 370.989 255.109 692.313 385.542 1324.37 247.219 184.278 113.29
internal_count=18758 12826 5932 11450 1376 4814 1118 4256 7081 5789 733 4369 2230 695 1025 2026 1535 843 1041 1218 1183 656 1674 1292 4115 3483 3151 1398 1006 612
is_linear=0
shrinkage=0.05


Tree=12
num_leaves=31
num_cat=0
split_feature=17 77 17 29 77 18 75 11 29 77 51 52 77 69 28 75 36 24 33 29 18 24 6 11 75 77 21 15 44 21
split_gain=1162.64 278.648 167.248 87.4263 70.2525 62.003 36.0894 30.4957 23.5389 23.3942 18.9411 18.7658 18.0696 17.8665 17.5582 28.8578 22.4573 16.6709 15.4721 15.3006 14.2587 13.6488 12.0579 13.328 11.7297 10.5494 8.13063 6.35026 5.76864 7.37312
threshold=1.7596153846153848 0.2336608478843159 4.2071428571428582 0.10746862653368837 0.36291598289377031 0.88194444444444453 16.655000000000005 0.10838903211224911 0.02552064485249873 0.53790019672494538 5.2544478366143812 202.80909090909094 0.17500150350608296 0.027118955690384267 9.5014062500000005 14.225000000000003 0.59272699605491563 2.5138324175824183 3.9375000000000004 0.13153061408655597 1.7071428571428573 7.4573125000000013 3.7922618544659978 0.023330629827137146 12.955000000000002 0.073478818900947693 5.2224972497249729 0.20251795349973781 0.52289624183006544 5.2674433698968013
decision_type=10 10 10 10 8 10 8 10 10 10 8 10 8 2 8 8 10 8 8 8 10 8 10 10 10 8 10 10 10 10
left_child=1 5 4 9 17 8 -4 11 25 22 27 -6 -7 -8 -9 -16 18 -2 -17 24 28 -11 23 -3 26 -1 -13 -10 -14 -30
right_child=2 3 6 -5 7 12 13 14 10 21 -12 19 20 -15 15 16 -18 -19 -20 -21 -22 -23 -24 -25 -26 -27 -28 -29 29 -31
leaf_value=-0.034377517125659965 0.016232248829446488 -0.0066329614595244616 0.045801653126657571 0.044084065162001904 0.0066497371140966715 -0.017923921795341292 0.070152478801258744 0.063125486548385623 -0.027335733649875866 0.0021831753751441309 -0.00072816846731405373 0.012901158959176182 -0.02447693210885046 0.10662262312825146 0.023502565988222254 0.044152463676545191 0.033453120617777242 -0.008213054229322829 0.079230787088039475 0.045793916627813888 0.012311773196307992 0.024833354286713297 -0.010118212503398229 0.013846204287591755 0.037591453307430633 -0.025413363344987686 0.033422128237986917 -0.011934360761188784 -0.011914275420897402 0.011971308599336747
leaf_weight=985.53976865112782 169.74918925762177 164.39004151523113 81.259375676512718 133.54590409994125 103.70383848622441 428.48445349931717 82.501799434423447 88.610552847385406 307.52477595210075 132.69589672982693 113.0286568030715 179.51943768560886 50.21166967228055 73.433740209788084 192.07646273076534 64.239604607224464 125.25602064654231 117.08910518884659 72.954324752092361 118.80583803355694 109.90168024972081 132.77624885737896 363.18535169959068 151.98200355470181 123.21950386464596 518.71817219629884 66.413034338504076 88.437954675406218 111.66331375390291 44.387944880872965
leaf_count=2365 463 353 238 293 274 1116 349 401 1112 351 475 785 266 316 418 378 378 303 270 443 826 303 826 340 280 2929 408 392 887 311
internal_value=-4.62741e-05 -0.0151689 0.0349167 0.00637437 0.0283938 -0.0235934 0.0737287 0.0339781 -0.0281528 0.0010045 -0.0187928 0.0260422 -0.0112454 0.0878971 0.0425593 0.0384202 0.0492071 0.00625966 0.0632441 0.0301416 -0.00216625 0.0135624 -0.00391401 0.00321766 0.024994 -0.0313053 0.0185557 -0.0239346 -0.00990265 -0.00508718
internal_weight=5495.31 3836.47 1658.83 1078.58 1421.64 2757.9 237.195 1134.8 2013.25 945.03 508.991 591.662 744.649 155.936 543.137 454.526 262.45 286.838 137.194 487.958 316.165 265.472 679.557 316.372 369.152 1504.26 245.932 395.963 206.263 156.051
internal_count=18849 13145 5704 2466 4801 10679 903 4035 7273 2173 1979 2190 3406 665 1845 1444 1026 766 648 1916 2290 654 1519 693 1473 5294 1193 1504 1464 1198
is_linear=0
shrinkage=0.05


Tree=13
num_leaves=31
num_cat=0
split_feature=11 75 17 77 77 18 61 11 25 76 27 41 11 43 63 57 76 25 17 76 21 76 52 50 15 39 11 25 41 64
split_gain=1028.81 235.428 193.704 114.521 87.5966 47.3671 45.3478 32.8976 22.5349 18.9319 18.2744 16.0387 15.9938 15.9636 16.8217 15.7477 15.2795 12.5126 10.9358 10.2521 11.7552 8.98924 10.5201 8.75171 10.2601 7.99959 6.34733 5.92922 5.58663 5.57353
threshold=0.061439969014325232 13.455000000000002 4.2928571428571436 0.14119312415494067 0.31664312019374136 3.6794871794871802 45.250000000000007 0.026448137287461111 -0.0056349206349206029 0.99826412252071306 13.216041666666667 136.50000000000003 0.01368611598650242 60.033333333333339 1.0000000180025095e-35 232.3602941176471 1.8739643957548788 -0.10999999999999995 1.2792207792207795 0.77069301060717399 5.46798750731993 1.7819090909090911 191.47727272727278 20.005555555555556 0.49418242176957644 25.509924709103355 0.090766219259397901 0.046428571428571465 130.50000000000003 72.500000000000014
decision_type=10 10 10 8 8 10 2 8 8 10 10 8 10 10 2 2 10 8 10 8 10 10 10 10 10 2 10 10 8 8
left_child=1 3 4 12 11 9 -4 16 -7 19 17 -2 -1 -10 25 -11 -5 -9 21 -6 23 22 28 -21 -25 -15 -26 -14 -19 -22
right_child=2 -3 6 7 5 8 -8 10 13 15 -12 -13 27 14 -16 -17 -18 18 -20 20 29 -23 -24 24 26 -27 -28 -29 -30 -31
leaf_value=-0.03065674664295466 0.011216165052088382 0.045557190774185984 0.049450085258302835 -0.02188933966075756 -0.00077841965874360949 0.026146469791153017 0.095630531989978049 -0.022895924976543917 0.069738471235114383 0.01953340911354132 0.020001899917805668 -0.011692243452213421 -0.023049596395653887 0.022770729671441163 0.063022540223524104 0.038961437715522462 0.00023617685032914428 0.008273469031845504 0.0075975996843172487 -0.00097911295763881186 0.020831786655757079 0.0070798524843262121 -0.013667687681233866 0.0021473622321159192 0.01493708646665149 0.045835851083913047 0.036254426642557847 -0.010435188661157682 -0.008598072386481026 0.043477568425125714
leaf_weight=1199.9337001591921 147.36422653496265 147.85740308463573 107.56337502971292 492.82502870634198 79.932143911719322 152.47954566031694 113.29926922172308 91.527507826685905 78.285401791334152 196.74910219013691 75.372009873390198 156.53123815357685 504.20814821124077 86.533287975937128 72.20377355068922 230.72181713581085 92.648241892457008 106.62257700413465 174.69269367679954 77.867166075855494 58.033690273761749 104.05181260406971 380.79746512323618 65.297213323414326 69.917506482452154 71.583675261586905 73.798992268741131 117.27828268706799 89.18360723555088 56.732755161821842
leaf_count=2750 386 321 380 3285 171 592 481 348 213 397 296 400 1299 357 279 558 194 352 708 345 344 228 1741 413 319 325 305 294 435 264
internal_value=-0.000240512 -0.0160194 0.029538 -0.0186869 0.0237023 0.0290853 0.0734642 -0.00895307 0.0421476 0.0224208 -0.00353346 -0.000583203 -0.0272691 0.0499437 0.0429431 0.0300859 -0.0183937 -0.00542602 -0.00353208 0.0155686 0.0188157 -0.0063955 -0.00883527 0.0133258 0.0186343 0.0334354 0.0260585 -0.0206898 0.000584366 0.0323052
internal_weight=5471.89 3577 1894.89 3429.14 1674.03 1370.14 220.863 1607.72 461.086 909.05 1022.25 303.895 1821.42 308.606 230.321 427.471 585.473 946.876 855.348 481.579 401.647 680.655 576.604 286.881 209.014 158.117 143.716 621.486 195.806 114.766
internal_count=18780 12251 6529 11930 5668 4882 861 7587 1766 3116 4108 786 4343 1174 961 955 3479 3812 3464 2161 1990 2756 2528 1382 1037 682 624 1593 787 608
is_linear=0
shrinkage=0.05


Tree=14
num_leaves=31
num_cat=0
split_feature=11 75 18 78 75 29 54 18 25 54 11 43 41 18 75 48 41 29 49 39 70 25 52 10 39 47 51 47 79 70
split_gain=941.609 193.667 178.095 95.4304 75.1827 43.1675 42.3044 32.7936 29.3807 27.7227 24.1747 23.7014 22.0519 17.7693 16.5727 13.7039 13.4744 12.1855 10.7331 10.5154 9.29815 9.0635 8.40891 8.06895 7.2065 6.54785 6.5141 6.45405 10.1551 7.49947
threshold=0.060180783306787895 13.455000000000002 5.1909090909090922 2.5000000000000004 7.0050000000000008 0.060547877436250015 19.408333333333335 3.2583333333333337 -0.018516483516483492 29.183333333333337 0.028837588221252559 59.88194444444445 126.50000000000001 0.39230769230769241 13.615 22.468750000000004 89.500000000000014 0.11304172492993907 4.5000000000000009 24.447638603696102 0.041559608056352337 -0.044999999999999964 238.7735042735043 0.040038697721210458 24.598220396988371 0.58868785543936897 4.0353273201724535 0.61354615269382384 -0.66123822975517899 0.34952249491270998
decision_type=10 10 10 10 8 10 8 10 10 8 10 10 8 8 8 2 10 8 2 2 2 8 10 10 2 2 10 2 10 2
left_child=1 3 4 5 12 10 -4 16 -8 21 27 -9 -2 -5 -13 22 24 -17 -12 -18 26 -7 -16 -15 -6 -23 -20 29 -29 -1
right_child=2 -3 6 13 7 9 8 11 -10 -11 18 14 -14 23 15 17 19 -19 20 -21 -22 25 -24 -25 -26 -27 -28 28 -30 -31
leaf_value=-0.023663790713503677 0.015718111009453514 0.041957355658583557 0.032569435057989808 -0.030661027076756376 0.02697776867613896 -0.016127396407331213 0.060829326437858426 0.052502341218401333 0.10154605910653683 0.025336035116209157 0.008752834828908344 0.018965351985340231 -0.011105962446506405 -0.022554863882085399 0.018965351985340231 0.03429652761834797 0.015718111009453514 0.063538938511892837 -0.001119612828046225 0.036470720076905751 0.006882694631840696 -0.0044058409891335358 0.038957672765755555 -0.0095806228028211694 0.015718111009453514 0.014750072004174801 -0.018252198784934847 -0.021527841029773481 0.0037685010254830415 -0.0083895192102210869
leaf_weight=495.46158559992909 129.69805009663105 141.92316344380379 72.350089449435472 839.31573320925236 147.93973480537534 89.295037306845188 115.72859766706824 153.40259911864996 80.38459076359868 123.0758471749723 118.17173350229859 208.6130076944828 184.17313401401043 836.50799921154976 67.902433071285486 82.780446756631136 84.834026392549276 69.551282562315464 79.523321848362684 165.76933471858501 74.010867211967707 111.83876907452941 68.503241963684559 142.31695158779621 317.69923673197627 72.853059660643339 183.5676216557622 83.722565677016973 74.134633660316467 97.624226350337267
leaf_count=2585 291 314 276 1893 581 353 468 374 363 459 431 532 442 2033 250 425 364 334 379 513 334 453 357 351 1074 365 680 899 206 469
internal_value=0.000198242 -0.0150848 0.0281289 -0.0174626 0.0220629 -0.0085623 0.0658857 0.0271265 0.0779492 0.00572662 -0.0132668 0.0352612 -6.98512e-06 -0.025302 0.0298486 0.0376192 0.0196969 0.0479753 -0.00416319 0.0291343 -0.00870342 -0.0031421 0.025789 -0.0206802 0.0157181 0.00318909 -0.0130975 -0.0187731 -0.00969896 -0.0211679
internal_weight=5512.67 3563.34 1949.33 3421.42 1680.87 1603.28 268.463 1367 196.113 397.063 1206.22 650.753 313.871 1818.14 497.35 288.737 716.242 152.332 455.274 250.603 337.102 273.987 136.406 978.825 465.639 184.692 263.091 750.943 157.857 593.086
internal_count=18848 12204 6644 11890 5537 7613 1107 4804 831 1630 5983 2272 733 4277 1898 1366 2532 759 1824 877 1393 1171 607 2384 1655 818 1059 4159 1105 3054
is_linear=0
shrinkage=0.05


Tree=15
num_leaves=31
num_cat=0
split_feature=17 29 10 45 11 75 76 17 57 75 71 11 75 52 76 24 75 18 18 29 46 11 24 76 17 75 29 50 25 25
split_gain=878.701 195.401 132.613 86.4952 74.1553 54.0535 41.9406 39.6688 28.1206 25.5912 21.1456 16.6774 16.6144 16.5049 15.291 14.1659 21.4485 10.5774 10.4316 10.1943 10.1782 10.0621 9.28356 9.63955 9.19821 9.07329 8.18717 9.51774 7.18698 5.29899
threshold=1.7596153846153848 0.067694619119544663 0.14397805018880058 39.641025641025642 0.03173592067761568 5.9650000000000007 1.0406614911134864 5.1380952380952394 237.34375000000003 8.1650000000000009 0.16610877870254329 0.086767116879037223 12.415000000000001 256.03125000000006 1.3722572068289953 3.58555 5.3850000000000007 0.42261904761904767 1.7071428571428573 0.075490525779323234 61.514705882352949 0.11386948052297595 -2.6913500000000004 0.80586178201101588 1.1742424242424245 3.4050000000000007 0.034818087761409253 22.501875000000002 0.068333333333333426 0.055000000000000042
decision_type=10 10 10 8 10 8 10 10 2 10 2 10 10 10 10 8 10 10 10 10 2 10 8 10 10 10 8 10 10 10
left_child=1 4 5 15 9 -2 11 8 -4 17 14 22 -8 20 24 18 -17 25 -3 -15 -13 -22 -7 -24 29 -1 -26 -28 -19 -6
right_child=2 3 7 -5 10 6 12 -9 -10 -11 -12 13 -14 19 -16 16 -18 28 -20 -21 21 -23 23 -25 26 -27 27 -29 -30 -31
leaf_value=-0.02785568901960472 -0.0061562563585231649 -0.013775282398772171 0.030482684872202615 0.047003923400643383 -0.021593025379756031 -0.0061562563585231649 0.02777982717439649 0.086165351537801804 0.063200798062894734 -0.00016475251093126046 0.01261751173973292 0.0048892503307864463 0.048327723287311275 0.02165901373377159 0.0052432848186341049 -0.0064478443594259433 0.025926575640168422 -0.020616075881220639 0.0062278873546309779 0.04633849357073741 0.033426836788608819 0.013202500325870906 0.0027954799247108982 0.027031856883815254 -0.017710150583888161 -0.016416125554176958 0.012986352950345482 -0.010772018333088391 -0.0046127625894669738 -0.0078259226595261758
leaf_weight=1314.8261364884675 142.27053394913673 151.18178940191865 132.25988948345184 140.66726749762893 252.7985436655581 70.240361105650663 182.24948585033417 89.502615671604872 136.83701466023922 118.78168979287148 132.27636650949717 105.20009709149599 229.19227632880211 72.57241003587842 150.43276214599609 88.38498080894351 119.4084754884243 594.87690536305308 113.21037422120571 108.67882533371449 125.56538350135088 123.81911291927099 83.13057791814208 80.500782519578934 85.463586457073689 205.68228788673878 84.248198371380568 82.399570722132921 80.278931021690369 98.650240182876587
leaf_count=4665 347 527 386 421 881 309 412 371 525 289 490 263 533 398 310 451 261 2264 404 521 486 478 549 183 339 423 278 331 330 388
internal_value=0.000166714 -0.0131111 0.0302609 0.0127381 -0.018063 0.0229217 0.0264264 0.0572073 0.0472924 -0.0227712 -0.00575599 0.0194946 0.0393154 0.0243533 -0.00899178 0.00245227 0.0121912 -0.0239935 -0.00521891 0.03663 0.0179925 0.0234783 0.00830632 0.0148107 -0.0125426 -0.02632 -0.00522537 0.00124476 -0.0187228 -0.0177618
internal_weight=5495.59 3813.57 1682.02 612.853 3200.72 1323.42 1181.15 358.6 269.097 2314.45 886.269 769.708 411.442 535.836 753.993 472.186 207.793 2195.66 264.392 181.251 354.585 249.384 233.872 163.631 603.56 1520.51 252.111 166.648 675.156 351.449
internal_count=18813 13052 5761 2064 10988 4479 4132 1282 911 7971 3017 3187 945 2146 2527 1643 712 7682 931 919 1227 964 1041 732 2217 5088 948 609 2594 1269
is_linear=0
shrinkage=0.05


Tree=16
num_leaves=31
num_cat=0
split_feature=75 11 29 17 17 29 17 75 21 12 15 29 75 61 44 3 75 15 76 11 7 76 76 56 42 53 6 79 79 75
split_gain=794.637 211.963 202.225 60.4402 51.1132 47.4237 35.5266 34.9667 28.8528 18.2011 16.6278 17.9196 15.1077 12.9361 9.60101 8.98811 8.05618 7.13126 10.0194 7.08825 6.56673 6.04016 3.98829 6.22514 3.70483 2.60297 2.28662 1.91199 1.26539 1.24022
threshold=8.6350000000000033 0.050899574318285588 0.14234067201447223 1.7596153846153848 4.2928571428571436 0.023684845565446009 2.1180555555555558 12.955000000000002 5.8189726284214478 0.51286768786768799 0.20032664302506697 0.058195140184354316 2.7550000000000003 44.750000000000007 0.58541814820082505 3.6904545454545459 6.0450000000000008 0.30451216629164318 0.91311761930908619 0.024105219408257186 1.0872142857142861 0.77776785714285712 1.0515782987866535 3.9939843376511033 10.500000000000002 2.0741758241758248 1.1612800637808431 0.39181920657204422 0.3677614278625852 12.345000000000001
decision_type=10 10 10 8 8 10 10 8 8 10 8 10 10 2 10 8 8 10 8 10 10 10 10 2 2 10 8 8 10 8
left_child=1 5 3 29 -4 12 14 -5 9 -9 22 19 20 -11 17 -14 -13 -3 -19 25 26 -21 23 -7 -16 -12 -1 -25 -28 -2
right_child=2 6 4 7 -6 10 -8 8 -10 13 11 16 15 -15 24 -17 -18 18 -20 21 -22 -23 -24 27 -26 -27 28 -29 -30 -31
leaf_value=-0.030586754511030892 0.0024159961892741104 -0.014027395642487551 0.048925288162139008 0.017794490476893878 0.09491159392198284 -0.0083267133989460406 0.02145737235969121 0.045217265436018506 0.056213048136040389 0.017794490476893878 -0.012682384963828289 -0.0046900210051029935 -0.0072373186592916321 0.033707462638621816 0.009424869762055357 -0.022052147025764194 0.009424869762055357 -0.013097224179007575 0.009424869762055357 -0.013215009917985091 -0.022052147025764194 0.0046741051374255592 -0.0095018580105690528 -0.028066247439385864 -0.0022882756672167859 -0.02370461437488542 -0.023989764797091147 -0.018356098544899176 -0.029918476152003937 0.009424869762055357
leaf_weight=514.44489105045795 234.42385889589787 124.92638428136706 135.20120231807232 443.97275651991367 115.38827545940876 78.590729091316462 358.65303907543421 135.27221974730492 141.19028846919537 137.07534494996071 132.01173552498221 116.48675146698952 197.62776058912277 158.88466490805149 154.2299366183579 214.67699518799782 118.53163342922926 67.226002514362335 95.287405613809824 93.035521600395441 392.59647180512547 93.936411365866661 108.61127775907516 156.0467644482851 67.973304696381092 95.857391472905874 400.35604943707585 88.737510066479445 148.02091445028782 168.71406900882721
leaf_count=1796 549 412 355 1003 299 383 2303 305 330 291 427 268 392 382 707 460 741 158 564 475 1854 206 240 400 348 337 1738 530 259 390
internal_value=0.000302957 -0.0122807 0.0290591 0.0217179 0.0703936 -0.0186715 0.00942487 0.0283881 0.0365592 0.0300091 -0.010327 -0.00525979 -0.0234967 0.0229292 0.000931753 -0.0149857 0.00575561 -0.00509532 0.00181468 -0.0114991 -0.0258958 -0.0042503 -0.0179202 -0.0207096 0.00871621 -0.0174024 -0.0280617 -0.0246352 -0.0256416 0.00942487
internal_weight=5487.99 3817.86 1670.12 1419.53 250.589 2949.57 868.296 1016.4 572.423 431.232 1081.85 649.859 1867.72 295.96 509.643 412.305 235.018 287.44 162.513 414.841 1455.42 186.972 431.986 323.375 222.203 227.869 1062.82 244.784 548.377 403.138
internal_count=18902 14998 3904 3250 654 10506 4492 2311 1308 978 4007 2454 6499 673 2189 852 1009 1134 722 1445 5647 681 1553 1313 1055 764 3793 930 1997 939
is_linear=0
shrinkage=0.05


Tree=17
num_leaves=31
num_cat=0
split_feature=11 75 29 29 77 77 18 31 11 41 20 24 18 44 76 11 11 69 52 79 52 29 77 15 30 19 77 65 8 15
split_gain=668.545 170.861 112.192 61.0629 45.4263 42.9041 36.2521 34.5819 35.2346 30.8265 30.6653 26.6071 14.8781 13.7213 15.8355 12.1174 11.4448 11.0338 12.1211 11.0573 8.62239 6.50924 5.47205 3.95718 3.577 5.22724 5.73764 3.25263 3.06353 1.8782
threshold=0.071333273364819635 5.705000000000001 0.14385342940786169 0.1016802242036411 0.45780833920190428 0.13864372140994916 5.5773809523809534 0.44805288461538467 0.11386948052297595 22.500000000000004 1.5192307692307694 3.4196666666666675 0.96666666666666679 0.63669318142042086 0.84822223525043483 0.013326951310405304 0.030832925501365335 0.16052153984763198 260.61818181818188 0.30867668275744919 228.96153846153848 0.031921345816834597 0.13593387729623688 0.20032664302506697 0.043149443149443155 4.7596153846153859 0.35447860538689596 7.5000000000000009 0.65428775237825676 0.084993593228995565
decision_type=10 10 10 10 8 8 10 8 10 8 10 8 10 10 8 8 8 2 10 10 10 10 10 8 10 10 8 10 10 10
left_child=1 5 4 10 11 15 -4 8 -6 -9 12 -2 -3 14 -11 29 24 18 19 20 -16 27 -18 -23 28 26 -26 -17 -7 -1
right_child=2 3 6 -5 7 16 -8 9 -10 13 -12 -13 -14 -15 17 21 22 -19 -20 -21 -22 23 -24 -25 25 -27 -28 -29 -30 -31
leaf_value=-0.029404664239892978 0.017504647567648093 0.00098065353118698649 0.041714298299634314 0.036446605775630428 0.024510023522348573 -0.027966052647860437 0.082724586584508569 0.045317227234361039 0.065335776857810293 -0.0032405209674587023 -0.0098927518806063222 -0.0083546833297902436 0.019380448809871866 0.033169468623818789 0.027164286949497442 -0.024109169283992267 0.0036862360481931542 0.033527324781553819 0.028933707786656937 -0.0047037447429804074 0.0043498400331618906 -0.019471244919682194 -0.0098927518806063222 -0.0098927518806063222 0.0020357443692633754 -0.021558446778234076 -0.017941271626528626 -0.016000724488985534 -0.016606241604926637 -0.024548951657864377
leaf_weight=442.86782722175121 229.51340964436531 230.16322886943817 141.94904591143131 141.54717072844505 113.18847738951445 109.97356146201491 90.739399611949921 114.03856498748064 101.47264198213816 107.34705676138401 359.57827280461788 174.16849274933338 209.40143205225468 112.19798175618052 86.470096472650766 431.88388906419277 194.60706697031856 91.723360754549503 99.211351919919252 99.302805259823799 79.510853439569473 133.45531837642193 358.30298668146133 169.93395775556564 85.085653334856033 116.48557184636593 61.00530981272459 186.48982889950275 144.48375368118286 475.70007771253586
leaf_count=1040 591 505 491 316 575 1152 309 413 466 215 814 433 512 451 318 1048 2331 386 457 151 360 320 803 433 173 630 710 498 875 1095
internal_value=-0.000832443 -0.0122196 0.025884 0.00629996 0.0205409 -0.0182058 0.0579923 0.0262302 0.0440223 0.0213449 0.000921403 0.00635457 0.00977011 0.0172384 0.0140137 -0.022835 -0.0102296 0.0180717 0.0141013 0.00846643 0.0163268 -0.01874 -0.00989275 -0.0126684 -0.017353 -0.0131651 -0.00989275 -0.0216936 -0.0216061 -0.0269195
internal_weight=5491.8 3850.96 1640.83 940.69 1408.15 2910.27 232.688 1004.46 214.661 789.802 799.143 403.682 439.565 675.764 563.566 1840.33 1069.94 456.218 364.495 265.284 165.981 921.763 552.91 303.389 517.034 262.577 146.091 618.374 254.457 918.568
internal_count=18871 13255 5616 2147 4816 11108 800 3792 1041 2751 1831 1024 1017 2338 1887 4434 6674 1672 1286 829 678 2299 3134 753 3540 1513 883 1546 2027 2135
is_linear=0
shrinkage=0.05


Tree=18
num_leaves=31
num_cat=0
split_feature=11 75 10 20 77 14 61 75 47 25 77 11 57 12 28 39 77 45 15 77 37 39 30 20 36 53 36 77 12 70
split_gain=648.071 168.42 109.066 52.2564 49.3687 40.5841 35.0129 34.3002 31.8592 22.2284 21.4316 19.8856 19.8133 18.1024 20.6978 18.3557 15.463 11.0006 9.908 8.11568 7.99615 7.66776 5.54878 4.78206 4.44675 5.28151 3.86745 3.00346 2.59025 2.44624
threshold=0.071333273364819635 7.0850000000000009 0.15020855046690537 1.3333333333333339 0.1465027634838956 0.37759615384615391 45.750000000000007 11.545000000000002 0.61461536482758905 -0.16333333333333322 0.61576440184677417 0.03173592067761568 232.51470588235296 0.3008484188074585 12.848143382352943 26.501026694045176 0.57701368450881485 22.577380952380956 0.28872371559780102 0.39376494773204923 1.5000000000000002 25.405886379192339 0.043149443149443155 0.51666666666666683 0.054211962625689107 1.8397435897435901 0.087601803165293757 0.9992821249102658 0.016416428545019519 0.19021461562247624
decision_type=10 10 10 10 8 10 2 10 2 10 10 8 2 10 10 2 8 10 10 8 10 2 10 10 10 10 10 8 10 2
left_child=1 4 5 7 18 9 12 -3 13 -2 21 22 -4 -7 20 17 -5 -16 24 -11 -15 -10 28 27 29 -26 -27 -24 -6 -1
right_child=2 3 6 16 11 8 -8 -9 10 19 -12 -13 -14 14 15 -17 -18 -19 -20 -21 -22 -23 23 -25 25 26 -28 -29 -30 -31
leaf_value=-0.025756333811011896 -0.018275517340924523 0.011172285026063647 0.022492239993155042 -0.011171953420037259 -0.027570736159197584 0.035355282003033894 0.075104036999369406 0.042643219468217794 0.014294632028046005 0.0029669540890444584 0.056991636552185893 -0.0033440441872025157 0.055089310884157722 -0.00062491178900987102 0.022110177262036009 0.011871880263852467 0.0098957299500310198 0.045000172179120168 -0.011528312855285182 0.024935109699774992 0.016394641372826521 0.038641829630432223 -0.00053639728058849036 -0.01793072296780391 -0.01218313410307607 -0.016408608785957429 -0.026932241040240491 -0.014430334305442275 -0.017058259839025532 -0.018058694037195452
leaf_weight=985.82459899783134 88.325168199837208 227.47634932398796 92.175155930221081 233.2073417454958 95.287608753889799 146.80537782236934 112.65486706793308 139.82295019924641 67.296039205044508 97.644351288676262 105.35629150271416 655.35225313156843 98.33645823225379 181.80656045302749 112.9903920814395 190.35856124013662 137.7257696390152 103.74365244060755 214.13607308268547 73.246454689651728 110.16724022850394 64.783299315720797 112.70704953372478 135.51945024356246 181.49695563316345 154.74212746322155 223.40661445260048 58.459941282868385 177.1566377133131 127.45297202467918
leaf_count=2359 305 546 283 545 1057 521 460 316 306 260 237 3301 362 584 288 509 301 336 495 456 385 327 236 718 441 368 528 683 1016 329
internal_value=-0.000371341 -0.0115727 0.0258913 0.00989403 -0.0166511 0.0197472 0.0529448 0.0232358 0.0239962 0.00196588 0.0401772 -0.00886629 0.0395177 0.0194122 0.0160184 0.0232928 -0.00334404 0.0332232 -0.0217363 0.0124731 0.00583093 0.0264373 -0.0156183 -0.011172 -0.0230353 -0.0193039 -0.0226805 -0.00533795 -0.0208224 -0.0248921
internal_weight=5505.46 3859.77 1645.69 738.232 3121.54 1342.52 303.166 367.299 1083.31 259.216 237.436 1234.48 190.512 845.872 699.066 407.093 370.933 216.734 1887.06 170.891 291.974 132.079 579.131 306.686 1672.92 559.646 378.149 171.167 272.444 1113.28
internal_count=18858 13239 5619 1708 11531 4514 1105 862 3493 1021 870 7011 645 2623 2102 1133 846 624 4520 716 969 633 3710 1637 4025 1337 896 919 2073 2688
is_linear=0
shrinkage=0.05


Tree=19
num_leaves=31
num_cat=0
split_feature=11 11 77 77 19 41 29 47 48 41 19 57 15 29 77 29 42 69 6 77 27 19 55 20 19 25 7 55 17 71
split_gain=631.801 122.235 119.56 60.2567 43.0297 40.302 35.8416 24.6973 27.6097 20.4621 22.5977 19.7415 17.1838 18.2094 14.8693 16.422 14.7467 13.0086 12.0044 11.8724 11.1264 10.7837 10.3411 12.8238 10.3014 6.53464 4.80521 4.41669 4.28382 4.20337
threshold=0.063744291593028274 0.15954301070054808 0.2336608478843159 0.55034357158456315 2.3229166666666674 70.500000000000014 0.026009048816073948 0.52230692864999961 27.090073529411768 125.50000000000001 5.9666666666666677 234.48345588235296 0.1611570352192612 0.080151820114064368 0.71537211580151705 0.074095495569345207 3.5000000000000004 0.086827370879167712 7.4698253256634883 0.073478818900947693 13.49 2.2182539682539688 20.454227941176473 1.30952380952381 11.031250000000002 -0.09207142857142861 -0.0016818181818181773 26.633272058823533 1.0871212121212122 0.051835879568743692
decision_type=10 10 10 8 10 10 10 2 2 8 10 2 8 10 10 10 2 2 10 8 8 10 2 10 10 10 8 2 10 2
left_child=2 3 6 9 -4 11 19 -5 14 10 -2 -3 -8 25 15 24 -6 -11 20 -1 -17 -15 -18 -24 -9 -14 -21 29 -25 -28
right_child=1 5 4 7 16 -7 12 8 -10 17 -12 -13 13 21 -16 18 22 -19 -20 26 -22 -23 23 28 -26 -27 27 -29 -30 -31
leaf_value=-0.024190551794819961 0.033089701288015895 0.050559995459690421 0.020639292855260172 0.0055381321414448917 0.01018349897350445 0.027855877862978825 -0.018533867899239102 0.02172046950378077 0.055995384898021916 0.0065391955875707623 0.0071619039411803531 0.084653573478858185 -0.012850194498115176 0.03059922687672488 0.038813275735987536 0.032935955720228921 -0.018334135952015863 -0.013986031638473759 0.045920343466835767 -0.02799981205452641 0.0087954411938808482 -0.0011050774846052816 0.0091520738023308078 -0.015593858588738527 -0.0033689171291715462 -0.0012119727174471871 -0.018502857721459948 -0.0037766022821274486 -0.0025327437632198155 -0.0083631593627344954
leaf_weight=1086.2923785150051 129.94233214855194 88.532126110047102 267.60507509112358 106.74647612124681 164.57270200550556 93.137181326746941 290.94632656499743 82.942087635397911 98.248970191925764 220.04067511856556 236.74484701454639 95.704289820045233 276.49751020595431 53.346526388078928 199.36757174134254 113.01021182537079 143.31306098401546 117.62646210193634 80.190705511718988 73.493388593196869 83.756258718669415 52.822211183607578 144.33943364024162 133.51998916268349 79.357589993625879 213.73769757524133 427.23178687691689 85.012625608593225 118.5741396099329 137.60062319785357
leaf_count=2665 316 242 582 423 338 342 1055 598 394 553 573 377 1100 315 474 545 282 304 357 632 307 342 386 327 440 897 2055 541 307 758
internal_value=0.00053762 0.024568 -0.0114214 0.019067 0.00361148 0.0550892 -0.0168382 0.0280747 0.0313275 0.00825381 0.0164149 0.0686318 -0.00859297 -0.00372055 0.0274509 0.0222174 -0.00287831 -0.000630959 0.0296046 -0.0208742 0.0227567 0.0149622 -0.00687241 -0.00269323 0.00950733 -0.00778884 -0.0158673 -0.0144543 -0.00948476 -0.0160518
internal_weight=5494.25 1825.35 3668.91 1547.97 971.924 277.374 2696.98 843.62 736.873 704.354 366.687 184.236 887.35 596.404 638.624 439.257 704.319 337.667 276.957 1809.63 196.766 106.169 539.747 396.434 162.3 490.235 723.338 649.845 252.094 564.832
internal_count=18827 6245 12582 5284 2222 961 10360 3538 3115 1746 889 619 3709 2654 2721 2247 1640 857 1209 6651 852 657 1302 1020 1038 1997 3986 3354 634 2813
is_linear=0
shrinkage=0.05


Tree=20
num_leaves=31
num_cat=0
split_feature=17 77 11 53 77 77 46 25 21 10 47 69 9 75 36 79 31 31 25 25 18 31 30 43 9 79 36 33 47 75
split_gain=556.06 121.583 106.706 57.1119 48.8983 42.7137 34.3459 27.431 24.0305 23.2926 20.8522 18.7868 13.9618 12.7609 10.6755 10.4588 10.2635 9.92602 9.75212 9.51971 9.35708 7.82251 8.18048 9.31053 7.83042 10.8285 9.89829 7.25568 6.76043 4.74217
threshold=1.7817460317460319 0.47005026470514438 0.15954301070054808 1.2583333333333335 0.15267387457959822 0.40187149391244725 60.575367647058833 -0.018516483516483492 5.5619517543859658 0.031962811023476999 0.63296015101305858 0.054050467982356534 8.4218333333333355 5.4350000000000014 0.59802644084797862 -0.41854716188094671 0.5183461538461539 0.65133333333333343 -0.028944444444444408 -0.10999999999999995 0.48333333333333339 0.52964285714285719 0.43289946362145532 61.677083333333336 4.9809166666666682 0.33811522096865559 0.18811335183363323 3.7321428571428577 0.59586924616151249 7.8750000000000009
decision_type=10 10 10 10 8 8 2 10 10 8 2 2 10 10 10 10 10 8 10 8 10 8 10 8 8 10 8 8 2 10
left_child=1 4 5 -3 20 12 -7 -4 10 29 11 14 13 -2 16 18 -8 -13 -10 -11 -1 24 23 -23 -21 26 -26 -5 -25 -6
right_child=2 3 7 27 9 6 8 -9 15 19 -12 17 -14 -15 -16 -17 -18 -19 -20 21 -22 22 -24 28 25 -27 -28 -29 -30 -31
leaf_value=-0.02157771919071054 -0.0014946498646686863 0.042471082460458665 0.03752864333915383 0.0090490881294562116 -0.015298881786684801 0.0052969808466242201 0.029628614868909515 0.069329223389524783 0.011945488779531133 -0.016503770679110592 0.045420823006260068 0.04092658065456771 -0.010879441672877133 0.022168374861261025 -0.0016542604573643129 0.054117932041187811 0.0086133808135909588 0.018502174023629244 0.044744771342800534 0.0062969346140653824 -0.014290487221241877 0.017411876862716651 0.024794741764941661 -0.014465839810590485 -0.018470110889861342 -0.022474980097310148 0.0033409998109810539 -0.006542379948640516 0.009604860699698535 0.00027544472914598693
leaf_weight=1221.1296593993902 114.36604160070419 126.99467422068119 155.89810368791223 182.33002792298794 592.56338811665773 210.75808849185705 102.73364615440369 126.95119520649314 41.528266485780478 92.213329385966063 89.399777844548225 115.76938989758492 117.69052073359489 112.30191864073277 100.05814702436328 104.62851247191429 134.80976049602032 90.429032456129789 51.585504461079836 154.58599923551083 704.39026512205601 69.029048703610897 53.793392278254032 76.38160216063261 68.776436373591423 86.147059172391891 203.53093976527452 124.92022694647312 45.948864787817001 53.224004194140434
leaf_count=2789 312 274 520 472 3780 535 483 449 323 349 357 447 306 289 257 295 396 376 363 549 1796 293 341 438 344 140 852 280 352 133
internal_value=-5.4364e-05 -0.0104899 0.0240484 0.0144085 -0.013653 0.018312 0.0233545 0.0519957 0.0279227 -0.00686563 0.0231043 0.0193588 0.00303453 0.010275 0.012038 0.0431581 0.0177882 0.031229 0.0303988 -0.001425 -0.0189207 0.000428242 0.00775726 0.00286383 -0.00308216 -0.00713322 -0.00221524 0.00270933 -0.00542001 -0.0140168
internal_weight=5524.87 3855.96 1668.91 434.245 3421.71 1386.06 1041.7 282.849 830.942 1496.19 633.2 543.8 344.358 226.668 337.602 197.742 237.543 206.198 93.1138 850.407 1925.52 758.193 245.153 191.36 513.04 358.454 272.307 307.25 122.33 645.787
internal_count=18890 13182 5708 1026 12156 4739 3832 969 3297 7571 2316 1959 907 601 1136 981 879 823 686 3658 4585 3309 1424 1083 1885 1336 1196 752 790 3913
is_linear=0
shrinkage=0.05


Tree=21
num_leaves=31
num_cat=0
split_feature=11 77 17 19 61 77 77 0 77 54 21 17 77 6 11 28 14 76 15 19 15 57 45 21 36 18 41 55 55 41
split_gain=518.973 118.568 92.0026 44.1756 39.6696 38.3936 37.756 26.8806 24.1823 23.6239 18.5703 15.8086 15.7208 14.9723 13.3695 13.0935 11.37 10.3501 10.5139 10.8557 10.9491 9.02795 8.93565 8.93104 9.87497 8.44204 7.65284 11.4844 6.01619 5.60975
threshold=0.071333273364819635 0.33773317013099374 3.1291666666666669 7.6833333333333345 47.750000000000007 0.13864372140994916 0.50708972370612904 2.5000000000000004 0.61934701598118547 19.174242424242429 4.6820305862361939 3.759615384615385 0.65649948112311274 10.309180011628561 0.040487455390299305 13.128656250000002 0.46690476190476199 0.99826412252071306 0.57488600023233027 7.0333333333333341 0.37021196671919582 242.11948529411768 17.035714285714288 4.5166976456009928 0.16704185866624566 0.86190476190476206 127.50000000000001 23.081250000000001 21.215073529411768 196.50000000000003
decision_type=10 10 10 10 2 8 10 2 10 10 10 10 10 8 8 8 10 8 10 10 10 2 10 10 8 10 10 2 2 8
left_child=1 5 8 6 7 25 -3 -4 13 -9 -10 -11 -6 17 22 23 -5 21 19 20 -19 -2 -7 24 -16 -1 27 -17 -27 -30
right_child=2 3 4 16 12 14 -8 9 10 11 -12 -13 -14 -15 15 26 -18 18 -20 -21 -22 -23 -24 -25 -26 28 -28 -29 29 -31
leaf_value=-0.019950346867166291 -0.0040599047813435476 0.0061435344422752104 0.0076804046252464345 -0.012387874827566179 0.046138715090798449 0.0024073500147511798 0.03995815147162099 0.017888672507856793 0.039380005268897983 0.033009592677123382 0.016104845468530103 0.05992144929047432 0.078079681221051009 -0.0091398155964331606 -0.027355903100112336 0.0032248903652622625 0.0046816054362340586 0.01127672910237015 0.036860859420107223 0.0022848345233978753 0.037689324056396502 0.014584091516872649 -0.013594800239576496 0.0027937622960007955 -0.0051750271621905696 -0.020970171932125574 -0.0045696874730086325 0.035597088485114177 0.0011367612633541141 -0.014060650868679662
leaf_weight=1487.5048603415489 132.97918963432312 174.58998146653175 92.755649603903294 167.34733985364437 95.855618666857481 100.59585874900222 156.32868407666683 101.33178203552961 146.69944234192371 110.47081032022834 210.22134652733803 118.28249225765467 73.387399181723595 90.753423944115639 74.45442708209157 59.579915475100279 231.12367323040962 95.557815805077553 61.736179109662771 115.22178528085351 67.138250958174467 125.26040334999561 642.78160972893238 161.70077269151807 151.67919975146651 109.32711781561375 54.888902056962252 50.070582691580057 115.57415249943733 126.61786894500256
leaf_count=3436 288 382 301 434 505 513 373 366 312 373 452 458 196 365 381 387 510 453 457 511 286 331 3853 719 670 232 292 301 349 362
internal_value=0.000565594 -0.00943151 0.0241459 0.00871665 0.0398844 -0.0136556 0.0221901 0.0315634 0.0152039 0.0382312 0.0257546 0.0471253 0.0603663 0.00970618 -0.00705553 -0.00115973 -0.00250019 0.0125773 0.018303 0.0140632 0.0223398 0.00500483 -0.011429 -0.00617151 -0.0125664 -0.0182996 0.0106194 0.0181954 -0.0112773 -0.00683358
internal_weight=5501.82 3864.16 1637.65 729.39 592.084 3134.78 330.919 422.841 1045.57 330.085 356.921 228.753 169.243 688.647 1295.75 552.374 398.471 597.894 339.654 277.918 162.696 258.24 743.377 387.834 226.134 1839.02 164.539 109.65 351.519 242.192
internal_count=18848 13194 5654 1699 2199 11495 755 1498 3455 1197 764 831 701 2691 7116 2750 944 2326 1707 1250 739 619 4366 1770 1051 4379 980 688 943 711
is_linear=0
shrinkage=0.05


Tree=22
num_leaves=31
num_cat=0
split_feature=18 29 29 53 77 18 76 18 61 21 76 25 77 43 75 24 28 18 44 30 76 77 77 39 29 75 30 54 25 29
split_gain=453.393 114.222 81.864 65.2177 39.219 38.6432 38.7437 26.5293 23.5641 20.8499 18.365 16.9069 12.3488 12.3411 12.1099 12.6941 11.6909 10.8121 10.3948 11.4116 9.21549 9.09104 8.03416 7.92538 7.11352 6.1946 5.06593 4.69281 4.2502 5.15549
threshold=2.2583333333333337 0.069033664037560866 0.14385342940786169 1.1937500000000003 0.15267387457959822 3.2792207792207795 1.0700673930520159 1.5590277777777779 45.250000000000007 5.0026737967914441 0.938639948379696 -0.14095454545454542 0.51529131811805595 61.607692307692311 5.1650000000000009 2.3906357142857142 7.3398020833333346 4.2071428571428582 0.58111333290330913 0.46625811692372443 1.6298972699127501 0.64004263489474589 0.27978551129772083 22.208076659822044 0.025302173505040219 12.485000000000001 0.094754434814953103 30.519230769230774 -0.076602564102564039 0.022187013522803146
decision_type=10 10 10 10 8 10 10 10 2 10 8 10 8 10 8 8 10 10 10 8 10 8 10 2 10 8 10 10 8 10
left_child=1 4 5 -3 24 11 9 20 -4 13 -11 12 -2 -7 -5 -16 22 -12 25 -20 23 -15 -9 -6 -1 -13 -26 28 -25 -30
right_child=2 3 8 14 7 6 -8 16 -10 10 17 18 -14 21 15 -17 -18 -19 19 -21 -22 -23 -24 27 26 -27 -28 -29 29 -31
leaf_value=-0.019814104907924297 -0.012920789459154031 0.036511012797872722 0.033996447592334028 -0.011794997010722428 0.0041807017878810531 0.0235895032169204 0.044090290250358967 0.0026609258565383244 0.066678378914844558 0.016020736765912647 0.024669610380517223 -0.0013670149707256263 0.010847824891942547 -0.013529008741936452 -0.0042812472704077927 0.016539962932841819 -0.0096469222137375455 0.052952488961912736 0.033047074944909036 0.0097181580863266639 -0.0013687032189850553 0.010056726046077076 0.022173578665922376 -0.02477824195507182 -0.0071666329979739839 0.014745291767082461 -0.017637073868321643 0.00052465975770602457 -0.017103370296507322 -0.0083690562602432121
leaf_weight=1330.1776807457209 124.74612775444984 172.78397950530052 120.10869671031833 140.15659913420677 65.390964098274708 76.940812736749649 199.86915454268456 102.23750118911266 108.32540319859982 181.23182892799377 65.615653716027737 113.8532937169075 95.682067301124334 73.494642361998558 147.13665952160954 144.04529559239745 79.307169631123543 76.352900937199593 113.68721535056829 98.681539356708527 231.98939684033394 89.4805270396173 108.67516541481018 94.362515598535538 226.4129451662302 123.95146087929606 239.82428358495235 53.2903454862535 402.17219945043325 296.85749619826674
leaf_count=3200 292 555 384 357 277 240 461 562 415 474 386 242 428 193 556 533 294 565 468 339 486 504 254 543 474 461 559 320 2532 1502
internal_value=0.000161971 -0.00929154 0.0219667 0.0106506 -0.0130227 0.0175132 0.0252046 -0.00685041 0.0497176 0.0184352 0.0267085 0.00873775 -0.00260106 0.00722528 0.000231052 0.00604019 0.00663376 0.0401446 0.0142833 0.0223032 -0.0102738 -0.000597046 0.0127722 -0.0125349 -0.0179443 0.00705781 -0.0125787 -0.0138293 -0.0147928 -0.0134114
internal_weight=5496.84 3834.82 1662.02 604.123 3230.7 1433.59 762.986 1434.28 228.434 563.116 323.2 670.602 220.428 239.916 431.339 291.182 290.22 141.969 450.174 212.369 1144.06 162.975 210.913 912.074 1796.41 237.805 466.237 846.683 793.392 699.03
internal_count=18856 13004 5852 2001 11003 5053 2823 6770 799 2362 1425 2230 720 937 1446 1089 1110 951 1510 807 5660 697 816 5174 4233 703 1033 4897 4577 4034
is_linear=0
shrinkage=0.05


Tree=23
num_leaves=31
num_cat=0
split_feature=77 29 15 17 77 42 19 57 6 31 18 19 14 10 41 21 15 25 53 29 29 29 31 29 4 77 36 28 41 29
split_gain=428.072 108.722 98.285 38.6012 36.877 32.8136 32.0608 31.8137 38.2804 28.8209 27.3317 23.4945 18.426 16.7336 14.6878 11.8049 10.8861 8.99356 8.98678 20.6557 8.77568 7.89732 7.70496 6.34456 6.13966 6.13017 7.69133 5.27363 4.9029 4.85093
threshold=0.39376494773204923 0.14234067201447223 0.40858888787087583 1.7596153846153848 0.14119312415494067 6.5000000000000009 11.968750000000002 240.27205882352942 7.8380230964568556 0.49559027777777781 4.5773809523809534 7.6833333333333345 0.65930952380952401 0.031235003331560766 204.50000000000003 4.4512966476913354 0.48728654763238732 0.27763888888888899 1.7416666666666669 0.063293986249522885 0.025302173505040219 0.11592723310804744 0.27968750000000003 0.07049078653328604 6.062270148525652 0.20216047453360825 0.24062483695884759 5.5219062500000007 125.50000000000001 0.12250803269234074
decision_type=10 10 10 8 8 2 8 2 8 8 10 10 8 8 8 10 10 8 10 10 10 8 10 10 10 8 10 8 8 8
left_child=2 3 4 11 20 -3 9 8 -8 -5 14 -2 -9 -6 17 18 -13 22 19 -15 -1 25 -4 -24 -23 -17 27 -27 -20 -12
right_child=1 5 10 6 13 -7 7 12 -10 -11 29 16 -14 15 -16 21 -18 -19 28 -21 -22 24 23 -25 -26 26 -28 -29 -30 -31
leaf_value=-0.018827301562668958 0.022128990778637714 0.071046107836432434 0.023970253594620097 0.050975999000237096 -0.012626586879188072 0.033848467467105979 -0.010449856845325858 0.014328677786334957 0.020764210793003349 0.021025720221035313 0.027656515565313823 -0.013520064331754126 0.039555158794524641 -0.011396354329076371 -0.0084294599672255274 -0.012306422367076748 0.00470962511717825 0.026687011314103067 -0.022939334136132195 0.022323744197542076 -0.01112482049849018 0.024556759335532266 -0.01057028620518947 0.010111163707527335 0.0034277046142936309 0.01621330877005631 -0.0092491169833737643 -0.0013099176116208601 -0.0081495665751189546 0.055705586030842275
leaf_weight=1313.4102014899254 128.74578276276588 117.75237455964088 51.764528319239616 144.76318480074406 590.27974563091993 125.44679939746857 186.20916666090488 138.5909613519907 205.80505116283894 184.54215808212757 36.002035986632109 139.88402697443962 154.6421654522419 134.36000377312303 105.01147386431694 82.316184997558594 194.73407228291035 87.054161753505468 98.295057523995638 67.346873536705971 522.63727901875973 65.821192413568497 61.154915802180767 90.978964425623417 71.60236107558012 105.2335453145206 82.641668185591698 71.825184434652328 132.7908678650856 32.492746707051992
leaf_count=3167 317 292 452 393 3639 341 365 318 405 410 346 352 376 672 549 178 441 477 391 322 1270 290 263 501 348 540 330 342 592 328
internal_value=0.000472241 0.0211549 -0.00889111 0.0160349 -0.0118893 0.052076 0.0214918 0.0152925 0.00594847 0.0343064 0.0126395 0.00406624 0.0277216 -0.00607441 0.00754245 -0.00182551 -0.00292871 0.0133162 -0.00780316 -8.3137e-05 -0.016642 0.00357555 0.00750517 0.00178288 0.0136521 -0.000501239 0.00327345 0.00913745 -0.0145123 0.0415726
internal_weight=5524.13 1721.12 3803.02 1477.92 3338.56 243.199 1014.55 685.247 392.014 329.305 464.459 463.364 293.233 1502.51 395.964 912.233 334.618 290.953 432.793 201.707 1836.05 479.44 203.898 152.134 137.424 342.017 259.7 177.059 231.086 68.4948
internal_count=19007 4010 14997 3377 12081 633 2267 1464 770 803 2916 1110 694 7644 2242 4005 793 1693 1977 994 4437 2028 1216 764 638 1390 1212 882 983 674
is_linear=0
shrinkage=0.05


Tree=24
num_leaves=31
num_cat=0
split_feature=17 75 10 9 30 76 11 69 38 22 47 36 24 44 50 25 59 36 76 75 37 47 15 47 9 9 26 46 71 15
split_gain=390.802 99.2459 59.591 53.4206 35.8507 32.2881 31.8164 21.4532 19.6521 19.4434 19.7413 16.9205 22.5148 16.8584 12.4811 10.9757 9.57552 8.97389 7.64741 5.32624 4.84541 4.03943 3.94051 3.2642 3.20685 3.05816 2.90405 2.59693 3.38648 2.34241
threshold=1.8062500000000001 7.0050000000000008 0.14397805018880058 4.9071666666666678 0.56212477608514388 1.2710239406541533 0.023729162368181195 0.0050027056277056284 2.5000000000000004 0.74388789505068587 0.54378821598777105 0.34963071834987047 -3.983452380952381 0.62929507796278961 20.560769230769235 0.24500000000000011 0.75000000000000011 0.24062483695884759 1.0376126734618694 3.4050000000000007 2.5000000000000004 0.5704534259887909 0.20032664302506697 0.58711549024993148 0.82750000000000024 4.7098333333333349 12.500000000000002 61.788602941176478 0.15981382308441455 0.075947834401880118
decision_type=10 10 10 10 8 10 10 2 8 10 2 10 10 10 10 8 2 8 8 10 8 2 10 2 8 10 2 2 2 10
left_child=1 6 5 -3 7 8 17 -4 9 14 -11 12 -12 18 -2 21 -16 19 -13 20 24 -5 23 -8 -1 -24 -19 -22 29 -29
right_child=2 3 4 15 -6 -7 22 -9 -10 10 11 13 -14 -15 16 -17 -18 26 -20 -21 27 -23 25 -25 -26 -27 -28 28 -30 -31
leaf_value=-0.017250530747696627 -0.01335924772543283 0.028140783927370495 0.033440895838147501 -0.0053743548882626609 0.016460531139373565 0.036327301727704715 -0.015268914696398942 0.064358009632555141 -0.0081799515209250665 0.0044317274215141178 -0.0081044826760739205 0.016654570888628022 0.026852797049116358 0.046413584746244435 -0.0011100378241694227 0.0085761905836411034 0.023605561506762272 -0.017061093949735744 0.033594529828174423 -0.0099698816751952208 -0.023334350110268298 0.0022715297614331002 0.00063169348920983422 -0.0053458176144351938 -0.0099698816751952208 -0.0059285498401101221 -0.0053743548882626609 -0.021973981900212006 -0.0099698816751952208 -0.01553153457191841
leaf_weight=357.53041187301278 83.013361252844334 223.53212732076645 108.85222287103534 166.44504246115685 120.5748191960156 163.38151268661022 183.56580689549446 125.21258118376136 103.07089797779918 188.31894650310278 86.368153896182775 193.03729075193405 96.819081667810678 101.73446698114276 83.168080970644951 196.35526260733604 72.964436713606119 59.146584611386061 104.67196789383888 244.42574448883533 381.2803243547678 177.16499857604504 339.3718278221786 153.33747237920761 236.51655481383204 371.38440141454339 62.567011967301369 370.50235430151224 90.407420877367258 250.9897761233151
leaf_count=1624 300 490 377 368 440 360 569 471 469 570 316 406 417 316 346 452 306 382 473 506 897 441 1136 642 1129 1808 356 1193 386 767
internal_value=0.000165921 -0.00849651 0.0206811 0.00764421 0.0387964 0.0156221 -0.0124717 0.0501834 0.0125533 0.0146749 0.0185343 0.0230771 0.0104168 0.0288427 0.00220777 -0.000877195 0.0105169 -0.0160885 0.022703 -0.0169348 -0.0179373 -0.00537435 -0.00537435 -0.0107817 -0.0142475 -0.00537435 -0.00537435 -0.0199275 -0.0180727 -0.0194013
internal_weight=5495.71 3864.52 1631.19 763.497 354.64 1276.55 3101.03 234.065 1113.17 1010.1 770.95 582.631 183.187 399.444 239.146 539.965 156.133 2053.37 297.709 1931.65 1687.23 343.61 1047.66 336.903 594.047 710.756 121.714 1093.18 711.9 621.492
internal_count=18713 13146 5567 1751 1288 4279 11395 848 3919 3450 2498 1928 733 1195 952 1261 652 7240 879 6502 5996 809 4155 1211 2753 2944 738 3243 2346 1960
is_linear=0
shrinkage=0.05


Tree=25
num_leaves=31
num_cat=0
split_feature=17 29 29 43 10 75 6 11 51 69 6 75 10 41 71 75 15 44 26 52 76 75 9 39 6 43 73 45 48 41
split_gain=305.817 80.9942 69.5868 43.6305 30.9689 29.512 24.9088 24.853 22.0575 16.8574 16.0223 15.7915 17.2263 12.8336 12.1093 11.6943 11.5901 10.9963 10.3024 9.85353 8.96787 7.959 7.81989 4.84398 6.95103 6.71289 5.82019 5.7248 4.82044 4.41363
threshold=1.607692307692308 0.069033664037560866 0.13153061408655597 74.062500000000014 0.10556478960412531 16.795000000000005 8.7571167609257845 0.023330629827137146 3.9315953654188953 0.013928345959595962 6.034283988443466 12.415000000000001 0.088594016731704847 166.50000000000003 0.30490934081724314 3.9850000000000008 0.32105862868259955 0.56898181344110565 15.500000000000002 244.47222222222226 1.7819090909090911 1.3550000000000002 2.4328333333333343 23.216974674880223 6.5651981682180836 61.12916666666667 10.500000000000002 25.12916666666667 21.272058823529417 169.50000000000003
decision_type=10 10 10 8 10 8 10 10 8 2 8 10 10 8 2 8 10 8 2 10 10 10 8 2 10 10 2 10 2 8
left_child=1 7 4 15 11 -4 8 21 -6 -7 -10 12 13 16 20 -3 -2 -17 -12 -14 23 -1 -23 26 25 -25 -9 -27 -18 -24
right_child=2 3 5 -5 6 9 -8 14 10 -11 18 -13 19 -15 -16 17 28 -19 -20 -21 -22 22 29 24 -26 27 -28 -29 -30 -31
leaf_value=-0.017061105133329285 -0.0043193777210187786 -0.01361659719641738 0.023056951898214828 0.034151460101795053 -0.0016651255421803457 0.034949160225003856 0.040208536005871008 0.0093441363739551891 0.034648837260034017 0.068264137319175563 0.023183592395290581 0.016474298826206428 -0.022701622932257033 -0.0074060350794662114 0.011057907382286921 -0.0024336289409288723 0.016474298826206428 0.016331090227993023 -0.00016954955286336131 0.00089801545721253742 0.006431649385886056 -0.003897264074849846 -0.0095567223422666839 -0.0011947594640099408 -0.020756609412597851 -0.016393220933751396 -0.01027140235702162 -0.0036677867798677079 0.00669569589923775 -0.017061105133329285
leaf_weight=1361.8328241668642 80.973007190972567 99.510484218597412 187.79929101467133 132.10416236519814 137.87425115704536 77.362947627902031 125.60506406053901 73.801036830991507 143.62433478981256 82.544777166098356 101.56005097925663 237.63820005953312 94.739897519350052 116.30162141099572 99.22560328617692 173.95636809244752 97.43018727004528 140.31759472191334 87.507179748266935 82.073985204100609 107.43604059517384 275.90076407790184 242.40838415920734 221.24773201346397 133.57724826782942 260.23852454125881 75.485458482056856 134.62981527671218 131.92921443656087 185.76419034600258
leaf_count=5522 300 260 461 406 521 347 417 307 485 327 410 531 317 532 375 605 337 562 240 396 230 567 517 581 473 974 333 534 557 411
internal_value=-0.000358012 -0.00852569 0.0166476 0.00925085 0.011776 0.0366926 0.0204851 -0.0115873 0.0151464 0.0524638 0.0220976 0.00558594 0.00127793 0.00671437 -0.00553012 0.00123795 0.012013 0.0059697 0.0124309 -0.0118036 -0.00717493 -0.0148248 -0.0104813 -0.00880638 -0.0104422 -0.00817599 -0.000576644 -0.0120747 0.0164743 -0.0147049
internal_weight=5502.4 3717.44 1784.96 545.889 1437.26 347.707 596.171 3171.55 470.566 159.908 332.692 841.086 603.448 426.634 1105.64 413.784 310.332 314.274 189.067 176.814 1006.42 2065.91 704.073 898.98 749.693 616.116 149.286 394.868 229.359 428.173
internal_count=18835 12657 6178 1833 5043 1135 2073 10824 1656 674 1135 2970 2439 1726 3807 1427 1194 1167 650 713 3432 7017 1495 3202 2562 2089 640 1508 894 928
is_linear=0
shrinkage=0.05


Tree=26
num_leaves=31
num_cat=0
split_feature=77 15 18 41 77 61 44 79 17 55 27 48 18 41 18 9 57 79 79 6 12 51 41 15 15 12 70 79 51 15
split_gain=345.147 81.738 69.3131 42.4325 30.1378 27.8228 21.5048 21.1969 18.0089 16.7824 14.9204 11.4073 11.3435 11.1456 10.5879 16.8985 12.6704 10.7779 12.5249 8.03306 7.61942 6.91291 8.98292 6.70526 5.73596 8.39139 5.62538 5.35598 4.63583 4.48607
threshold=0.39865598369785255 0.39958299186168927 3.7817460317460321 18.500000000000004 0.15267387457959822 47.750000000000007 0.60673461464989742 0.72682888786347155 1.607692307692308 21.954227941176477 13.107142857142859 22.060661764705888 4.9666666666666677 125.50000000000001 1.1483516483516485 4.4934166666666675 280.96875000000006 0.37282244491538702 -0.52621754854150438 5.9967467924990592 0.28891599932471485 4.2049495353167758 141.50000000000003 0.26629421112809232 0.20032664302506697 0.25916017076918585 0.20731253420908596 -0.77894888258502892 5.0984820089955027 0.49418242176957644
decision_type=10 10 8 8 8 2 10 8 10 2 10 2 10 8 8 8 2 10 8 10 10 10 8 10 10 10 2 10 10 10
left_child=1 4 6 -4 26 9 8 13 19 -5 -10 -8 20 -3 24 23 17 18 -17 -2 -9 22 -20 -16 -6 27 28 -26 -1 -22
right_child=2 7 3 5 14 -7 11 12 10 -11 -12 -13 -14 -15 15 16 -18 -19 21 -21 29 -23 -24 -25 25 -27 -28 -29 -30 -31
leaf_value=-0.016633910905688189 0.0053675915201940767 0.013459767768919956 0.055827215899936826 0.0076743684189019903 -0.013976120745533553 0.045590856258829533 0.034500020032944258 0.037613981527294234 0.021391372802691669 0.028490710683963395 0.0037429860923754847 0.0129528738476072 0.045951886790600555 -0.0061687711642506643 0.0049420411866258861 -0.022139022433768186 0.013420442929128208 -0.022980820232404997 0.01600277557744461 -0.010276181651049876 -0.0036791602001578594 -0.0096099455657716291 -0.0058169084647390346 0.024677251271768914 -0.0096293427724921735 -0.016422473773302644 -0.0072809604382696701 0.0075217556600011204 -0.0074401062608335303 0.017164680916663302
leaf_weight=1532.9176873117685 177.86909021437168 127.71872073411942 143.79215869307518 189.79726387560368 364.82894047349691 124.13685074448586 126.53906106948853 34.402999900281429 262.10959377884865 198.81637433171272 220.74246819317341 122.18271070718765 43.37843406945467 164.14338064193726 128.31752945110202 79.682514071464539 75.422807116061449 100.57006575167179 100.93819152936339 150.66816733777523 35.940152458846569 114.37982047721744 87.048079509288073 64.28896914049983 69.807257581502199 98.335832882672548 221.57224671542645 126.50752194225788 153.14043125510216 87.90455637127161
leaf_count=3642 391 332 341 393 2454 341 302 347 543 511 442 340 486 429 623 130 414 169 614 363 392 600 614 279 693 424 562 268 361 1066
internal_value=0.000486953 -0.0078979 0.0190964 0.0318544 -0.010722 0.025036 0.0111727 0.0110717 0.00721302 0.0183699 0.0133476 0.0240094 0.0234966 0.0024373 -0.00517398 -0.00110981 -0.00551736 -0.00849856 -0.00463622 -0.0018161 0.0170913 3.40598e-05 0.00592173 0.0116228 -0.0097913 -0.00458002 -0.0148182 0.00140513 -0.0158038 0.0111347
internal_weight=5527.9 3811.25 1716.65 656.543 3317.76 512.75 1060.11 493.488 811.389 388.614 482.852 248.722 201.626 291.862 1410.13 750.648 558.041 482.619 382.049 328.537 158.248 302.366 187.986 192.606 659.48 294.651 1907.63 196.315 1686.06 123.845
internal_count=18866 14899 3967 1586 11847 1245 2381 3052 1739 904 985 642 2291 761 7282 3443 2541 2127 1958 754 1805 1828 1228 902 3839 1385 4565 961 4003 1458
is_linear=0
shrinkage=0.05


Tree=27
num_leaves=31
num_cat=0
split_feature=75 11 18 76 15 77 76 30 21 15 11 21 79 79 51 35 18 69 9 21 50 76 65 9 51 6 39 5 15 41
split_gain=275.516 122.199 64.6849 33.7285 26.0021 23.9114 20.6539 23.7015 12.4932 10.3004 8.08178 8.79364 9.2655 8.46362 12.6979 10.3073 7.17766 6.9828 5.94852 5.73348 5.11415 5.03693 5.02523 4.83539 4.08504 3.47788 3.08279 4.9751 3.08478 2.97582
threshold=12.805000000000001 0.060686212787016101 5.912878787878789 0.76172542107324726 0.40191065658438385 0.14119312415494067 1.1102546907326818 0.57808614029841665 4.5279338327091141 0.43554208690100343 0.032745760053632736 4.4883175019106902 -0.52621754854150438 0.39181920657204422 4.0410526770666788 2.5000000000000004 0.39230769230769241 1.0000000180025095e-35 5.7845000000000004 6.6691542288557226 19.08878787878788 1.7819090909090911 6.5000000000000009 7.820166666666668 4.2254488584964971 5.0127547386523732 23.618069815195074 1.3166666666666669 0.40509061719732004 165.50000000000003
decision_type=10 10 8 8 10 8 8 8 10 8 8 10 8 10 10 10 10 2 10 10 10 10 10 10 8 8 2 10 8 8
left_child=1 5 6 -3 8 16 -2 -8 -5 -6 21 12 -12 14 15 -14 -1 -13 -10 20 -18 26 -22 -20 -19 -16 27 -7 29 -28
right_child=2 3 -4 4 9 10 7 -9 18 -11 11 17 13 -15 25 -17 19 24 23 -21 22 -23 -24 -25 -26 -27 28 -29 -30 -31
leaf_value=-0.016340748651202937 0.011773453110927128 -0.0088148382881533555 0.051089783970422409 -0.014094476704688644 0.03993542095622743 0.0075065840723181889 0.044403187305241898 0.017996146247832835 0.011773453110927128 0.011773453110927128 -0.022688253552491839 -0.004358619818625834 0.011773453110927128 -0.016185919371739754 -0.0032433134522169985 -0.0065924925021880691 -0.021013177756797872 0.011773453110927128 -0.010736987523233203 -0.00090356759975054575 -0.013769655739890986 -0.0007432597776452645 -0.0026217095509527104 0.0091058805375686929 0.0012913736453432183 -0.018970042304502874 -0.0067826682062835228 -0.011313459236856623 -0.025196356755925797 -0.015469297301831246
leaf_weight=1136.5880160629749 478.73819209635258 219.31235446035862 184.17305679619312 92.475140918046236 71.80459439009428 51.503790095448494 132.3078106045723 130.44566811621189 106.25803702697158 544.63294717669487 72.506716191768646 138.63873381540179 119.06390114873648 100.58256240189075 69.753454893827438 83.290908634662628 125.76367194950581 95.828875575214624 59.680692810565233 142.29693846404552 264.64040121436119 140.94263178110123 164.09668233990669 61.148788504302502 96.962036702781916 70.904981955885887 172.77821619808674 105.71056203916669 48.48924858123064 237.01570422574878
leaf_count=2617 1078 545 470 328 313 382 327 278 452 2534 118 522 622 160 327 545 280 397 267 361 685 290 449 338 332 381 856 535 323 1734
internal_value=-0.000241664 -0.0052586 0.0246286 0.00880413 0.0129374 -0.00998633 0.0179961 0.0292463 0.00130492 0.0179961 -0.00552268 -0.00216556 -0.00624219 -0.00350906 0.000244453 0.00824968 -0.0138863 0.00418224 0.00761021 -0.00986503 -0.012159 -0.00927625 -0.00951887 -0.00070269 0.0103149 -0.011249 -0.0112258 -0.00513949 -0.013298 -0.0118322
internal_weight=5518.34 4592.67 925.665 1155.31 936 3437.36 741.492 262.753 319.563 616.438 1603.97 847.532 516.103 443.596 343.013 202.355 1833.39 331.43 227.088 696.798 554.501 756.44 428.737 120.829 192.791 140.658 615.498 157.214 458.283 409.794
internal_count=18846 16693 2153 4777 4232 11916 1683 605 1385 2847 7524 3404 2153 2035 1875 1167 4392 1251 1057 1775 1414 4120 1134 605 729 708 3830 917 2913 2590
is_linear=0
shrinkage=0.05


Tree=28
num_leaves=31
num_cat=0
split_feature=11 29 29 76 10 61 77 29 77 19 10 47 6 10 31 33 24 30 48 21 27 30 71 29 15 21 47 2 21 26
split_gain=223.486 64.3591 58.2224 29.1703 28.15 22.7406 26.0665 21.0012 20.3519 22.2336 16.0004 14.8313 14.7318 15.1449 32.4273 17.0797 11.8866 10.5523 16.7343 9.8102 8.665 9.75489 7.67974 6.47662 5.43413 8.45409 5.17802 4.66965 4.48651 3.48462
threshold=0.068149741483994483 0.10808470217805617 0.1757392680983729 0.76172542107324726 0.010755098656299656 47.750000000000007 0.79363339270787348 0.081906378283478534 0.39376494773204923 7.6833333333333345 0.12248616937009528 0.5704534259887909 1.5798677306158908 0.10655439317279741 0.50645833333333345 4.276190476190477 0.81216071428571468 0.037757019254781407 19.878676470588239 4.5008960573476715 3.3514705882352946 0.20667613671099613 0.17236237251063544 0.07049078653328604 0.31589964919472352 3.7731560891938254 0.58653451772253473 1.5000000000000002 4.3638357256778315 10.500000000000002
decision_type=10 10 10 8 8 2 10 10 10 10 10 2 10 10 8 8 10 10 2 10 8 8 2 10 10 8 2 2 8 2
left_child=1 4 3 -2 28 6 12 16 19 -10 -9 -11 -5 17 -15 -16 -7 -14 -19 22 -21 -22 24 -20 -6 -26 -23 -28 -1 -24
right_child=2 -3 -4 5 8 7 -8 10 9 11 -12 -13 13 14 15 -17 -18 18 23 20 21 26 29 -25 25 -27 27 -29 -30 -31
leaf_value=-0.011284089794097642 -0.0042487187129129087 0.022972544652355528 0.050868155230408788 -0.0097264490623167627 -0.013855008611906715 -0.0015910827553755936 0.035098719030738239 0.024948204936620422 0.019200018033593239 -0.016654191264889519 0.055205019437970952 0.0075686582373111228 0.018009715623043692 0.038840057117463182 -0.0023444358075437898 0.024265720770230235 0.026510543634349373 0.015166235944386507 -0.016338565197225329 -0.0091290357904384532 0.010692545523491288 -0.010586855182669854 -0.0067900540715821901 0.00043568361435696533 0.009152206119526371 -0.013362739092154675 0.009445433331164434 -0.0079623825416719595 -0.017916705368597411 0.0071867363685566956
leaf_weight=430.41457085311413 228.62819203734398 168.28502615168691 103.22240756079555 96.148153334856033 858.37377058342099 75.946015935391188 103.40541337430477 108.86527439951897 157.62026065587997 126.93324260413647 75.882766488939524 124.02287726104259 113.72730343416333 126.4363320171833 156.6510800383985 96.882581103593111 73.379262860864401 125.73809713870287 107.513835567981 389.69907031580806 165.40923070907593 159.00954017415643 108.67597861215472 122.40406429767609 70.350846253335476 99.491356890648603 91.332454264163971 65.152764290571213 655.1423969976604 74.168817557394505
leaf_count=1515 547 599 339 343 2947 322 269 412 359 283 313 331 460 496 542 324 279 397 373 1259 546 628 401 471 316 449 447 278 2171 344
internal_value=-0.000312514 -0.00715896 0.0146312 0.0122801 -0.00858304 0.0150137 0.0113762 0.0263664 -0.00565011 0.00454407 0.0376061 -0.0047007 0.00874744 0.0108477 0.0182566 0.00787946 0.0123027 0.00482405 0.000569021 -0.00765218 -0.00359794 0.000893802 -0.0105613 -0.00744505 -0.0122389 -0.00403777 -0.00426109 0.00219314 -0.0152997 -0.00111228
internal_weight=5458.91 3744.08 1714.83 1611.61 3575.8 1382.98 1048.91 334.073 2490.24 408.576 184.748 250.956 945.501 849.353 379.97 253.534 149.325 469.383 355.656 2081.66 870.603 480.904 1211.06 229.918 1028.22 169.842 315.495 156.485 1085.56 182.845
internal_count=18760 12873 5887 5548 12274 5001 3675 1326 8588 973 725 614 3406 3063 1362 866 601 1701 1241 7615 3158 1899 4457 844 3712 765 1353 725 3686 745
is_linear=0
shrinkage=0.05


Tree=29
num_leaves=31
num_cat=0
split_feature=11 29 29 77 77 11 25 17 31 77 56 9 47 77 12 55 29 44 29 29 26 76 44 21 41 54 51 47 46 41
split_gain=237.041 65.2218 48.8594 45.2595 27.0958 21.2512 20.064 19.9236 25.3796 23.8081 17.0513 15.6571 14.2668 17.6416 24.4353 10.4515 8.80022 11.257 8.71393 7.99529 7.92994 7.82071 7.16598 6.1717 8.5286 8.69564 6.00812 5.54886 4.03138 3.96608
threshold=0.086767116879037223 0.12984504977058606 0.17205873624569767 0.15267387457959822 0.62324007214637966 0.038109059295901387 -0.013333333333333327 3.5166666666666671 0.64732142857142871 0.77461471706257401 4.4532482935566646 17.378500000000006 0.50024630541871928 0.51529131811805595 0.49846670419531641 21.853860294117649 0.05411036036036037 0.65352874355563761 0.078772792358012808 0.025302173505040219 16.500000000000004 1.7819090909090911 0.57455404372669605 5.5010548523206761 141.50000000000003 14.345238095238097 4.8997041420118359 0.59360018470348497 63.060661764705891 129.50000000000003
decision_type=10 10 10 8 8 8 10 10 10 10 2 10 2 10 8 2 8 8 10 10 2 10 10 10 10 10 8 2 2 10
left_child=1 3 4 19 6 21 22 8 9 15 11 -9 -7 16 -15 -6 17 28 -17 -1 23 -5 -2 24 25 -18 29 -27 -14 -21
right_child=2 -3 -4 5 7 12 -8 10 -10 -11 -12 -13 13 14 -16 18 20 -19 -20 26 -22 -23 -24 -25 -26 27 -28 -29 -30 -31
leaf_value=-0.01460885588852788 -0.0086905862765572668 0.035625551578705221 0.051366402072991382 -0.010372647453351905 0.0033198560853671339 -0.017169444971522164 0.019010661710479104 0.042964358822596582 -0.003229371013513681 0.049534701137164433 0.055759894678200965 0.0079831096899174621 -0.0081175708458150805 0.030116526064021699 0.0025232199812600144 0.011582130077373003 0.023121960630154988 -0.022411795696591262 0.036927588729606081 -0.013352853921720267 -0.010137989160328705 0.0016239876689016488 0.0061939947641275203 0.018294860838898887 -0.010043779236058568 -0.0039789009063706717 0.0017241541945665559 0.012546085586551259 0.0045832743250993945 -0.0031077021516236147
leaf_weight=1361.2018387466669 143.66609799861908 90.862877462059259 103.55128468945622 700.46781826019287 92.952542763203382 88.920827187597752 225.08368565142155 60.78586108982563 116.40374198555946 70.301574259996414 69.6874043866992 67.499294359236956 115.526890411973 129.53104820847511 208.74497324228287 65.656234204769135 68.189103044569492 83.750391867011786 72.166160810738802 320.96722669899464 86.423254162073135 168.17455568909645 182.34374584257603 85.945934429764748 87.853594597429037 125.70133216306567 133.07402992248535 83.871329680085182 133.75018106400967 134.73033064603806
leaf_count=3261 325 357 346 4232 478 295 573 348 331 170 292 291 372 316 473 419 321 378 337 762 153 345 464 413 409 561 303 438 703 336
internal_value=-0.000333877 -0.00604881 0.0185889 -0.00697704 0.0156378 -0.00200207 0.00756466 0.0228428 0.0165803 0.0242246 0.0358992 0.0247625 0.00204829 0.00347442 0.0131467 0.0163339 -0.000292801 -0.00666929 0.0250239 -0.0125015 0.00365948 -0.00805083 -0.000371863 0.00631671 0.00345876 0.0077502 -0.00761282 0.0026626 -0.00131182 -0.0103372
internal_weight=5477.79 4207.69 1270.1 4116.82 1166.55 2166.85 551.094 615.453 417.48 301.077 197.973 128.285 1298.21 1209.29 338.276 230.775 871.012 333.027 137.822 1949.97 537.985 868.642 326.01 451.561 365.615 277.762 588.772 209.573 249.277 455.698
internal_count=18802 14428 4374 14071 4028 9409 1362 2666 1735 1404 931 639 4832 4537 789 1234 3748 1453 756 4662 2295 4577 789 2142 1729 1320 1401 999 1075 1098
is_linear=0
shrinkage=0.05


Tree=30
num_leaves=31
num_cat=0
split_feature=29 29 11 17 77 5 19 27 77 49 76 53 51 76 19 79 56 76 64 26 24 25 21 77 29 75 51 76 70 14
split_gain=205.788 68.6918 63.3102 55.0355 44.3517 24.3958 23.723 19.2992 30.0406 15.9916 15.7925 14.7845 15.6152 13.02 12.029 13.5545 11.557 14.2295 11.0703 11.6545 10.5694 8.21467 8.09849 7.51963 7.09202 6.90953 5.92643 5.88153 5.76384 5.74464
threshold=0.073640060101055407 0.14234067201447223 0.037269183648200734 4.7207792207792219 0.70677776736118536 17.016666666666669 15.279220779220781 7.7029411764705893 0.24252252189451137 7.5000000000000009 1.2041905137190692 2.4409722222222228 4.3370080321285149 0.95488189489460151 8.1742424242424256 0.054998874178215681 4.4788739728595397 1.6994968553459124 71.500000000000014 13.500000000000002 1.7242976190476191 0.0066666666666666619 5.708629021724934 0.041886126676415662 0.060547877436250015 12.565000000000003 4.5103964662788201 1.1017221703030087 0.31144636015325677 0.47839743589743594
decision_type=10 10 10 8 10 8 8 10 8 2 8 10 10 8 10 10 2 8 8 2 8 10 8 8 10 8 10 8 2 10
left_child=2 5 23 9 7 10 -7 8 20 -3 11 12 -2 -8 16 27 17 -10 21 -20 -4 -12 -19 -1 26 -9 28 -16 -25 -21
right_child=1 3 4 -5 -6 6 13 25 14 -11 18 -13 -14 -15 15 -17 -18 22 19 29 -22 -23 -24 24 -26 -27 -28 -29 -30 -31
leaf_value=-0.014193105837987351 0.019148923349165719 0.035989577343285915 0.00051743577168935728 0.066587973401530609 0.031402874182781475 0.04014603541220596 0.0024425811008627766 -0.020055521103900884 0.032165222537556194 0.0074902660904685994 -0.0058480384575975873 -0.0080023393166984425 -0.0023997549945019353 0.025332587251325422 0.022052673507352835 -0.01168949581009069 0.002127628235566623 -0.0037757929096058811 0.0045201334768444493 0.018935732731787398 -0.016613347427413289 0.017477175313316017 0.025587089254802905 -0.013162320820850646 0.0057839529446930193 -0.0017865973345866791 -0.0044494950441698851 0.001467315218995307 -0.0024763611958082644 0.039319912840187252
leaf_weight=1064.1260409504175 157.63691811263561 92.935764279216528 168.24809664487839 99.689080972224474 119.98248705267906 110.78218280524015 143.318279504776 144.08287127315998 137.76614391803741 104.82207118347287 92.136699683964252 266.85332435369492 178.44102258980274 108.98119558766484 67.865023776888847 111.21622602641582 108.66653702408075 62.174571957439184 71.131704520434141 72.507895480841398 192.55552797019482 62.538237478584051 36.52814819663763 851.48077809810638 79.612313400954008 80.786108341068029 414.00113078206778 70.24641364812851 148.73308482766151 71.949439883232117
leaf_count=2580 355 311 415 335 355 299 275 367 326 381 596 575 381 512 173 276 446 478 334 322 454 372 335 3738 331 490 1477 620 655 285
internal_value=-0.000113575 0.0147548 -0.00641188 0.0364488 0.00257107 0.00990223 0.0209465 -0.000384324 0.00272089 0.0209971 0.00576455 0.000767734 0.00773445 0.0123909 0.00962263 0.00124416 0.0156542 0.0218351 0.0138773 0.0211753 -0.00864566 0.00363451 0.00723854 -0.0109768 -0.00867773 -0.0135292 -0.00949535 0.0116683 -0.0115774 0.0292889
internal_weight=5491.8 1633.72 3858.07 297.447 1300.12 1336.28 363.082 1180.14 955.267 197.758 973.195 602.931 336.078 252.299 594.463 249.328 345.135 236.469 370.264 215.589 360.804 154.675 98.7027 2557.95 1493.83 224.869 1414.21 138.111 1000.21 144.457
internal_count=18849 5333 13516 1027 4735 4306 1086 4380 3523 692 3220 1311 736 787 2654 1069 1585 1139 1909 941 869 968 813 8781 6201 857 5870 793 4393 607
is_linear=0
shrinkage=0.05


Tree=31
num_leaves=31
num_cat=0
split_feature=15 75 29 47 15 17 13 29 61 77 6 36 21 64 24 11 25 50 17 51 52 29 76 28 75 76 77 24 25 70
split_gain=200.003 66.1651 46.8071 33.1156 36.3691 22.9548 22.8902 20.7154 18.7501 15.5773 16.3695 15.0957 14.6539 13.0013 16.5625 16.0508 12.0424 11.4181 10.0117 9.21542 8.77813 10.3681 8.09112 7.13974 6.54376 6.19704 7.05038 5.87438 6.89848 5.28448
threshold=0.40191065658438385 11.465000000000002 0.1757392680983729 0.61461536482758905 0.55600505306572678 1.3923076923076925 0.41144615908024224 0.036731693936078245 45.250000000000007 0.55034357158456315 8.9403312872525742 0.35586454122531447 4.250766871165645 63.500000000000007 4.1401250000000021 0.099755233964893233 0.28527777777777791 22.367948717948725 0.25833333333333336 4.2049495353167758 256.03125000000006 0.097181553842337634 1.1052192250241635 6.9434652777777792 6.1850000000000014 1.6543560606060608 0.085779517286366611 1.2419999999999995 -0.049999999999999968 0.032332735961768229
decision_type=10 10 10 2 10 10 10 10 2 8 8 10 8 10 8 10 8 8 10 10 8 10 8 10 10 8 10 8 10 2
left_child=1 7 3 5 22 16 11 18 -6 -8 13 19 29 14 15 -11 -2 -12 25 -7 27 23 -5 -22 -20 -1 -27 28 -14 -9
right_child=2 -3 -4 4 8 6 9 12 -10 10 17 -13 20 -15 -16 -17 -18 -19 24 -21 21 -23 -24 -25 -26 26 -28 -29 -30 -31
leaf_value=-0.021450949144353054 -0.012175901657013122 0.026053920064907549 0.047626271269884113 -0.0057128295926789328 0.024333237925223444 0.00090086432239208549 -0.0081610398753855125 -0.014275235814301179 0.055110014572546051 0.014960105570726712 0.010219269954619473 0.034452875007917279 -0.0064310221079865492 -0.011568898969489231 0.026354088464895987 -0.011158657889586671 0.0082825392614656237 0.035218518834064773 -0.0086641109996274234 0.022748730078202745 0.009959967464095212 0.023843500579443757 0.017412359849828002 -0.0068730129422005784 0.002253967937649746 -0.013881881865240184 -0.0036199993323065799 -0.0089031813148637406 0.012071343585360862 7.7181312346637966e-05
leaf_weight=208.44196076691151 180.83386517316103 147.2298471480608 94.524244397878647 70.507032364606857 107.15314910560846 86.692853011190891 142.93508283793926 264.02697130292654 95.835037499666214 118.02799500152469 94.136212810873985 145.20925464108586 98.517667952924967 94.306330714374781 99.43868451192975 115.31201464310288 118.11505226045847 89.900206498801708 908.61211746558547 108.1309152469039 147.49165314808488 75.270308163017035 79.666531521826982 108.49271943420172 161.19600945711136 932.72196251899004 204.97984653711319 217.16956575214863 101.12878395244479 84.595302045345306
leaf_count=440 622 359 308 191 359 333 349 969 397 376 309 463 330 309 319 361 344 308 3571 349 560 377 447 457 391 3596 412 655 324 313
internal_value=8.66145e-05 -0.00667462 0.0135262 0.0116541 0.0253116 0.00817596 0.0115288 -0.00805343 0.0390625 0.00665659 0.0101299 0.0222821 -0.00235158 0.00473543 0.00937674 0.00206019 -0.00409208 0.0225555 -0.0106397 0.0130811 0.00159585 0.00765972 0.00658903 0.00282674 -0.00701843 -0.0135102 -0.0120378 -0.00323006 0.00295461 -0.0108023
internal_weight=5500.6 3659.87 1840.72 1746.2 353.162 1393.04 1094.09 3512.64 202.988 754.057 611.121 340.033 1096.69 427.085 332.779 233.34 298.949 184.036 2415.95 194.824 748.071 331.255 150.174 255.984 1069.81 1346.14 1137.7 416.816 199.646 348.622
internal_count=18898 12754 6144 5836 1394 4442 3476 12395 756 2331 1982 1145 3985 1365 1056 737 966 617 8410 682 2703 1394 638 1017 3962 4448 4008 1309 654 1282
is_linear=0
shrinkage=0.05


Tree=32
num_leaves=31
num_cat=0
split_feature=29 29 77 15 15 31 40 19 56 33 59 19 64 2 77 53 61 6 28 18 52 47 71 77 9 27 28 40 51 36
split_gain=199.408 64.7231 60.4273 32.7549 30.1556 27.9402 17.2715 17.0252 16.5519 15.9337 15.669 15.4117 14.3022 13.6548 13.1175 10.9582 12.6018 9.63437 9.28858 9.06436 9.95132 7.63256 6.99698 7.21957 11.5724 6.40052 6.11298 5.31329 3.98867 3.72375
threshold=0.074095495569345207 0.17205873624569767 0.70677776736118536 0.27026331201657677 0.39958299186168927 0.44805288461538467 4.5000000000000009 12.516666666666667 4.4354224948306724 1.5339366515837105 0.75000000000000011 0.48333333333333339 40.500000000000007 3.5000000000000004 0.61128733018133963 2.6306818181818188 42.750000000000007 6.6566728649904956 12.343889204545457 1.4833333333333336 265.41428571428577 0.53406861185113808 0.3693908131872719 0.17729041445412272 4.2170000000000014 8.6708333333333343 0.87292857142857161 2.5000000000000004 5.2544478366143812 0.01464130309593494
decision_type=10 10 10 10 8 10 2 8 2 10 2 10 10 2 8 10 2 8 10 10 10 2 2 10 8 10 10 2 8 8
left_child=2 4 3 22 18 6 -6 14 10 11 -9 -5 -10 15 -7 16 -13 -17 25 -18 -21 -11 23 28 -25 -2 -24 -23 -1 -30
right_child=1 -3 -4 9 5 7 -8 8 12 21 -12 13 -14 -15 -16 17 19 -19 -20 20 -22 27 26 24 -26 -27 -28 -29 29 -31
leaf_value=-0.013012772763954789 -0.0028483164191877531 0.049441487670032536 0.027247290324288742 -0.010584314259379515 0.047651246945894114 0.014377539884869485 0.013475446218975061 -0.0069122150329165542 0.030158148319558088 -0.023448452560417637 0.012171017581585921 0.02799576581522081 0.0062795605604775533 -0.012137146458719682 0.035686935833937165 0.007816827005989159 -0.0022458544920497133 -0.012808010733967449 -0.016250408640231601 0.023578003534982208 0.00039783242305106638 0.0049785651681600145 -0.0088490030239482646 0.0063823560451012383 -0.011299053895172485 0.013866835151946129 0.0092293040340715154 -0.010918890304157255 -0.012548879653636786 -0.00059505342006708692
leaf_weight=1666.8556330502033 148.07506586611271 127.29206372052431 133.85927578806877 166.90681908652186 102.88146246597171 187.87299309670925 58.998530503362417 216.40124946087599 129.91578727215528 77.673924840986729 211.98081167787313 108.91001542285085 121.62726177275181 89.087237410247326 118.92851098626852 148.6391045562923 124.09889234602451 90.088280986994505 77.064082827419043 123.6659266911447 73.712006393820047 80.16017934679985 104.01272273808718 147.48106537759304 245.11401323974133 92.120173346251249 83.302219521254301 149.06136725097895 124.07606715708971 136.19319432228804
leaf_count=6181 568 427 399 522 497 416 340 579 314 289 562 387 307 324 474 548 403 337 313 448 368 379 422 316 520 390 338 529 378 474
internal_value=0.000485938 0.0153703 -0.0056393 -0.00682363 0.01238 0.0161461 0.0353548 0.0129622 0.00852912 -0.000147286 0.0025373 0.00312881 0.0186828 0.00615752 0.022727 0.00860779 0.0133642 1.26949e-05 -0.00126282 0.00833592 0.0149669 -0.0100009 -0.0101031 -0.0108535 -0.00465757 0.00359323 -0.000802948 -0.00536198 -0.0121126 -0.00631992
internal_weight=5466.06 1593.16 3872.9 3739.04 1465.87 1148.61 161.88 986.727 679.925 1232 428.382 925.108 251.543 758.201 306.802 669.114 430.387 238.727 317.259 321.477 197.378 306.895 2507.03 2319.72 392.595 240.195 187.315 229.222 1927.12 260.269
internal_count=18749 5187 13562 13163 4760 3489 837 2652 1762 4534 1141 3337 621 2815 890 2491 1606 885 1271 1219 816 1197 8629 7869 836 958 760 908 7033 852
is_linear=0
shrinkage=0.05


Tree=33
num_leaves=31
num_cat=0
split_feature=77 29 22 11 31 77 4 39 21 76 47 47 71 79 4 57 29 24 79 19 44 22 10 6 58 60 6 44 13 29
split_gain=131.874 73.4429 38.5085 38.4161 49.8033 29.5744 18.6377 17.7696 17.2193 17.1375 14.8158 12.9989 12.0464 13.4732 10.6863 12.9782 17.5108 13.6399 13.7899 12.1568 10.7703 10.6639 10.0041 9.02907 7.71657 7.09575 6.87699 6.84601 5.78477 5.28757
threshold=0.36291598289377031 0.14234067201447223 0.82891986062717782 0.10838903211224911 0.44805288461538467 0.61128733018133963 2.6657696021806276 23.594798083504454 4.4883175019106902 0.69303203537913938 0.57181704377997167 0.49901477736880528 0.18463004274580216 0.31691772411315916 17.029143058714133 237.42463235294119 0.05555959233596628 0.41734740259740127 -0.036249133191855208 10.773504273504276 0.61415360100162208 0.75154320987654333 0.061260150162773273 6.034283988443466 25.906250000000004 -4.2499999999999991 3.4522490911775745 0.57638512700132427 0.38473939094344523 0.041916117636669067
decision_type=8 10 8 10 8 8 8 2 10 10 2 2 2 10 10 2 8 8 8 8 8 10 10 8 2 2 10 10 10 10
left_child=8 3 21 6 28 -6 -2 -7 -1 25 -9 -8 14 26 15 19 -17 -18 -19 23 -21 -3 29 -13 27 -10 -14 -20 -5 -11
right_child=1 2 -4 4 5 7 11 10 9 22 -12 12 13 -15 -16 16 17 18 24 20 -22 -23 -24 -25 -26 -27 -28 -29 -30 -31
leaf_value=-0.010409387739608597 -0.01169239998559529 0.029454437511972575 0.055226324638760815 0.052703447945903197 -0.012563081463716534 0.035122760886799997 -0.016475660155540875 -0.0070301551159127956 0.0013454900763742261 -0.0044213163178236769 0.019215389120357154 0.014099270384852034 -0.0069591084767706441 0.035086865434587597 0.018462795192725968 -0.0077135202340296045 0.00015289805941309442 0.039337462343674752 0.034872319120001216 -0.018869738534227309 0.0010072259678602928 0.0035737752862027732 0.013683832406216276 -0.0085119234798112127 -0.0010014122876708027 -0.011819544856842971 0.016094051768468714 0.0078656382330430184 0.03128298096872599 0.0070178387768939574
leaf_weight=1831.6103956997395 237.85065073892474 80.692196410149336 111.32024997845292 68.824879877269268 125.13516494631767 87.484886426478624 76.220518045127392 89.993389200419188 131.91327118873596 310.8230837136507 131.08504452183843 109.9261605925858 52.854840736836195 62.130527332425117 95.562461994588375 152.53916184976697 140.36112915724516 64.675906956195831 45.625049613416195 178.89442814141512 109.55787064880133 78.232525359839201 162.50547157227993 72.482567314058542 66.75032015144825 452.79118864238262 80.589039340615273 48.767923172563314 70.654024504125118 148.43950837850571
leaf_count=4197 2555 349 312 325 272 381 332 308 366 673 538 527 372 111 294 938 644 157 291 542 410 260 390 274 353 1185 453 334 276 339
internal_value=-0.000405553 0.00825363 0.0327836 0.00518217 0.0162722 0.0078711 0.00118864 0.0161718 -0.0073554 -0.0027142 0.00854819 0.00345344 0.00465143 0.0160416 0.00258571 0.00103539 0.00648493 0.0124045 0.0199853 -0.00496906 -0.0113428 0.0168164 0.00306287 0.00511699 0.0120235 -0.0088522 0.00697924 0.0211481 0.0421527 -0.000716821
internal_weight=5476.29 2438.21 270.245 2167.97 573.177 433.698 1594.79 308.563 3038.08 1206.47 221.078 1356.94 1280.72 195.574 1085.14 989.581 518.719 366.18 225.819 470.861 288.452 158.925 621.768 182.409 161.143 584.704 133.444 94.393 139.479 459.263
internal_count=18758 11608 921 10687 2100 1499 8587 1227 7150 2953 846 6032 5700 936 4764 4470 2717 1779 1135 1753 952 609 1402 801 978 1551 825 625 601 1012
is_linear=0
shrinkage=0.05


Tree=34
num_leaves=29
num_cat=0
split_feature=75 29 17 19 31 11 29 21 76 25 21 21 6 76 8 54 28 17 21 19 12 12 47 61 33 29 56 29
split_gain=131.371 47.7317 42.8365 30.3104 22.4957 19.3451 18.9418 11.663 9.23356 5.61999 4.72149 5.51112 4.54723 3.84209 5.20396 3.7192 3.05457 2.79131 2.07232 1.71879 3.11204 1.488 1.25433 1.88162 0.869625 0.750214 0.125812 0.0308472
threshold=11.045000000000002 0.073640060101055407 6.1909090909090922 11.968750000000002 0.57531250000000012 0.024105219408257186 0.13681971223032155 4.4619520264681567 0.66897858920449682 -0.087999999999999967 4.2425994044491162 3.7506218905472641 0.35355339059331403 1.6543560606060608 0.92481514180674818 21.031250000000004 6.1124208144796386 0.22649572649572652 5.3347889374090256 8.033333333333335 0.36446751147378109 0.02477034470741565 0.55436282237764678 45.250000000000007 2.0588235294117649 0.0074050024050024048 4.2084316368947317 0.13681971223032155
decision_type=10 10 8 10 8 10 8 10 8 8 8 10 8 8 10 10 8 8 8 10 10 10 2 2 8 10 2 10
left_child=1 5 3 4 -2 12 -5 9 -9 -7 11 16 25 17 21 -16 -11 -14 -19 -10 -21 22 23 -15 -17 26 -1 -3
right_child=2 27 -4 6 -6 7 -8 8 19 10 -12 -13 13 14 15 24 -18 18 -20 20 -22 -23 -24 -25 -26 -27 -28 -29
leaf_value=-0.018147210938975533 0.037372035486947119 0.0012991632701938908 0.041386243767357139 0.0012991632701938908 0.010146256172686946 -0.018849254861154373 0.017896436436644306 -0.010039826780531811 0.0059667174809331378 -0.0014640313394887531 -0.015065114752438595 0.0012991632701938908 -0.017714700529343839 -0.0082930105478957305 -0.0082930105478957305 0.0012991632701938908 -0.013924065193170718 -0.013130983021127472 -0.0058265623373909949 -0.010827168021596691 0.0012991632701938908 -0.013760063320279334 -0.0082930105478957305 -0.017632199400359941 -0.0046991332961911639 -0.011633583404757113 -0.014832514765059474 0.010146256172686946
leaf_weight=104.95863756164908 164.53465449810028 647.92736861854792 131.49208271503448 578.2751776278019 141.92682178318501 92.228524461388588 243.7318834066391 179.54699610173702 553.41816388815641 87.809004638344049 96.396000910550356 150.41995549574494 148.25792457163334 123.11838093027472 120.00365894287825 102.12510630860925 111.58686113730073 202.45610089600086 191.17372719943523 53.868454776704311 95.023226570338011 131.36265714466572 514.7262049689889 92.404936626553535 84.239536598324776 144.15479595959187 106.84766523912549 92.703537028282881
leaf_count=348 446 2818 314 1259 340 358 573 461 2103 302 382 604 328 471 579 480 415 453 428 240 594 429 2019 322 423 461 341 550
internal_value=0.000310857 -0.00391375 0.0144749 0.0113053 0.0248374 -0.00636276 0.00760671 -0.00186883 0.00129916 -0.00767288 -0.00532582 -0.00260675 -0.00945003 -0.00837027 -0.00674526 -0.00114342 -0.00847166 -0.0118539 -0.00960721 0.00129916 -8.33692e-05 -0.0087335 -0.00829301 -0.0122405 0.00129916 -0.0145987 -0.0165526 0.00760671
internal_weight=5486.72 4226.76 1259.96 1128.47 306.461 3486.13 822.007 1420.3 881.857 538.44 446.212 349.816 2065.83 1709.87 1167.98 306.368 199.396 541.888 393.63 702.31 148.892 861.612 730.25 215.523 186.365 355.961 211.806 740.631
internal_count=18841 15909 2932 2618 786 12541 1832 5459 3398 2061 1703 1321 7082 5932 4723 1482 717 1209 881 2937 834 3241 2812 793 903 1150 689 3368
is_linear=0
shrinkage=0.05


Tree=35
num_leaves=31
num_cat=0
split_feature=29 29 77 17 76 52 33 17 31 75 3 6 77 29 31 27 77 15 55 18 43 17 50 47 77 43 6 15 31 65
split_gain=136.197 42.5438 40.3323 21.4023 29.7904 30.9589 26.3565 20.4713 13.5192 11.3214 10.6283 12.4122 10.0997 10.0032 19.7329 11.1735 10.5208 9.08295 7.42062 12.8456 6.60315 6.56251 6.25298 5.93199 5.94677 5.34862 4.60914 6.83011 6.50432 5.02366
threshold=0.069033664037560866 0.1757392680983729 0.70677776736118536 2.7416666666666671 1.0741289662372864 244.85164835164838 3.8708333333333336 1.2583333333333335 0.52426470588235308 3.7950000000000004 12.552777777777781 8.0116890932456482 0.55034357158456315 0.041916117636669067 0.35781250000000003 7.8825000000000012 0.45318791816272469 0.40509061719732004 24.161029411764712 2.5166666666666671 64.26969696969698 0.34523809523809529 20.305555555555561 0.5964320816522255 0.13349220275662982 61.720779220779228 6.7849411356119758 0.29661650287213603 0.28968750000000004 11.500000000000002
decision_type=10 10 10 8 8 8 10 10 10 8 10 8 10 8 8 10 8 10 2 10 10 8 10 2 10 10 10 10 10 10
left_child=2 3 7 9 5 -5 8 21 17 -2 12 -12 22 16 -15 18 -9 -6 19 -16 -18 -1 -11 26 -25 -24 27 29 -29 -23
right_child=1 -3 -4 4 6 -7 -8 13 -10 10 11 -13 -14 14 15 -17 20 -19 -20 -21 -22 23 25 24 -26 -27 -28 28 -30 -31
leaf_value=-0.011065230859507873 -0.011986964507341115 0.041302163002456538 0.021648041846987088 -0.0055193915102009451 0.013663312102062054 0.020897923455431334 0.05592572121075734 -0.015688517523800721 0.0027512460505569377 0.016118535190969379 -0.011128324535861338 0.010257048412300905 0.023348367274849787 0.024218686220833525 0.012478411260583694 -0.015328227880462952 -0.0076488869776257414 0.043397712446810399 0.015804206959546704 -0.013059597973202192 0.017961066122378546 -0.010714164181127842 -0.0053340078762315673 -0.0060564917540056771 0.0053780919784218398 0.0081765747667173101 -0.018382535844663775 0.010487880484923388 -0.0076838101040980003 0.00070295349442458903
leaf_weight=1297.3110921420157 94.383585795760155 110.66218958422542 130.60536925494671 213.17764601111412 46.335897851735353 229.41531729698181 68.998854365199804 147.6196803599596 72.248876132071018 123.89533664658666 154.54380283877254 119.37106892839074 115.21089477837086 104.44102384150028 92.046176768839359 91.732004802674055 48.99936543777585 60.469851016998291 97.085223767906427 103.59647120907903 49.856489446014166 723.24760051071644 120.61681676656008 289.59863493591547 185.84534153342247 183.48670090734959 101.42470122128725 95.173820655792952 99.933239564299583 110.99635910615325
leaf_count=4459 261 383 376 423 281 556 280 398 380 459 382 321 268 379 318 335 307 414 394 404 358 2088 420 1556 493 863 338 330 306 341
internal_value=-0.000237791 0.0114494 -0.00554994 0.00936299 0.0159963 0.0081901 0.0298357 -0.00653179 0.0195271 0.00432498 0.00622147 -0.00180525 0.0102648 0.00091915 0.00505707 -0.000197628 -0.00727597 0.0307443 0.00457988 -0.00104209 0.00531764 -0.00841855 0.00669674 -0.00627533 -0.00158494 0.00281794 -0.0082443 -0.00722848 0.00118868 -0.00919609
internal_weight=5482.33 1712.82 3769.51 1602.15 690.646 442.593 248.053 3638.91 179.055 911.508 817.125 273.915 543.21 735.376 488.901 384.46 246.476 106.806 292.728 195.643 98.8559 2903.53 427.999 1606.22 475.444 304.104 1130.78 1029.35 195.107 834.244
internal_count=18871 5691 13180 5308 2334 979 1355 12804 1075 2974 2713 703 2010 2893 1830 1451 1063 695 1116 722 665 9911 1742 5452 2049 1283 3403 3065 636 2429
is_linear=0
shrinkage=0.05


Tree=36
num_leaves=31
num_cat=0
split_feature=17 29 4 75 61 17 46 24 76 31 56 76 10 10 71 6 19 76 15 53 6 75 55 76 26 44 70 58 58 54
split_gain=115.52 34.4909 26.1699 22.3273 19.9862 27.2479 18.7978 17.3113 15.8429 14.6223 13.7249 13.9926 13.302 10.914 11.5401 9.18407 8.34425 11.6523 14.0552 6.15861 6.06648 8.30936 5.99781 5.36533 5.98545 4.85282 4.5267 5.05712 4.88291 4.14414
threshold=1.7596153846153848 0.061442928554875896 14.000655155347799 5.9650000000000007 46.750000000000007 4.1291666666666673 61.514705882352949 1.8199752747252762 0.95488189489460151 0.57531250000000012 4.6198235294117653 1.2710239406541533 0.11493806614393906 0.028571613551537048 0.16610877870254329 8.3966849518229427 6.6770833333333348 1.0115919528402288 0.5821207152188651 1.607692307692308 6.8660412703438345 4.7150000000000007 21.653125000000003 1.2154272256593337 12.500000000000002 0.58969037757162923 0.34952249491270998 27.454044117647062 28.750000000000004 19.258333333333336
decision_type=10 10 8 8 2 10 2 10 8 8 2 10 10 10 2 10 10 10 10 10 10 10 2 8 2 10 2 2 2 10
left_child=1 13 19 -2 10 6 -6 9 -4 -8 11 15 -12 26 20 16 -5 18 -18 -3 21 25 -20 -21 -25 -15 27 -1 -29 -28
right_child=3 2 8 4 5 -7 7 -9 -10 -11 12 -13 -14 14 -16 -17 17 -19 22 23 -22 -23 -24 24 -26 -27 29 28 -30 -31
leaf_value=-0.010608534784691039 -0.0073632797919840178 0.0092337933190590124 0.0070345285900506515 0.012871926206396548 -0.005907026232868564 0.046509901047315477 0.0033966841519100996 0.03899695770927912 0.033610283569343834 0.028232069210529454 0.0074661702253255788 0.023800892883994389 0.032392650400832487 -0.011137759136676672 0.01163438696351313 0.014171809391125934 -0.0073632797919840178 -0.0073632797919840178 0.0039712071842313576 -0.010685407056470959 -0.014220180482336845 0.0047794662228670091 0.023106978214485319 0.013663838985390052 -0.0047768387640435969 0.00043120636226709122 0.0068180157848239196 0.0039743927345194455 -0.0090512657703789821 -0.0068315681506876634
leaf_weight=1658.2829490415752 146.94185169041157 107.99008840695024 121.35102458298206 107.81505103781819 80.352286897599697 86.752617221325636 142.36964819580317 94.587337307631969 104.3598113656044 100.92612018808722 106.17431303113699 95.519064486026764 108.54523643478751 250.25307833775878 128.48635743930936 155.90616953745484 133.08777207136154 146.81077896058559 79.648713443428278 172.86513528227806 131.87981922924519 243.31616103649139 84.377480264753103 64.989679392427206 131.11840023472905 141.69138995930552 81.44708526134491 125.46611174941063 166.27644646167755 170.11178241297603
leaf_count=5669 359 396 257 583 231 380 570 373 423 418 344 213 300 886 460 550 528 321 259 410 495 544 344 332 595 669 305 343 568 664
internal_value=0.000251567 -0.00456528 0.00543006 0.0112091 0.0130048 0.0211329 0.0157707 0.0209281 0.0194162 0.0137725 0.00895556 0.00593913 0.0201588 -0.00683397 -0.00217732 0.00349793 0.000461614 -0.00257461 0.00413118 -0.00121529 -0.00450275 -0.00246623 0.0138953 -0.00429019 0.00137267 -0.00696502 -0.00872649 -0.00954062 -0.00345504 -0.00240275
internal_weight=5469.7 3799.89 702.674 1669.81 1522.87 504.988 418.235 337.883 225.711 243.296 1017.88 803.165 214.72 3097.21 895.627 707.646 551.74 443.925 297.114 476.963 767.14 635.261 164.026 368.973 196.108 391.944 2201.58 1950.03 291.743 251.559
internal_count=18789 13016 2413 5773 5414 1972 1592 1361 680 988 3442 2798 644 10603 3054 2585 2035 1452 1131 1733 2594 2099 603 1337 927 1555 7549 6580 911 969
is_linear=0
shrinkage=0.05


Tree=37
num_leaves=31
num_cat=0
split_feature=17 17 54 36 15 31 75 3 77 6 52 51 5 13 51 21 6 77 25 77 46 70 53 15 20 53 48 42 65 3
split_gain=103.966 35.2277 39.6172 19.9299 19.9624 13.4126 13.8023 23.7264 11.1968 10.2052 8.55382 9.70134 8.95813 7.98583 7.66309 7.36092 6.82607 7.87417 6.35609 5.97159 5.46806 5.29322 6.5532 5.21797 4.66829 6.17884 4.62256 5.24646 8.54601 4.56531
threshold=1.7596153846153848 4.4083333333333341 21.207142857142859 0.38056337190288719 0.5821207152188651 0.65796380090497752 12.805000000000001 14.929166666666669 0.043697970249385411 12.254107477640185 220.69047619047623 3.912625838926175 12.416666666666668 0.48358792026282377 5.2544478366143812 6.104714912280703 4.9087779608512223 0.16063986652015849 -0.13279220779220771 0.14367921589987495 65.21139705882355 0.043737687433339612 2.3603896103896109 0.34683796617513724 -2.9473777915644031e-16 1.4641025641025642 24.531250000000004 9.5000000000000018 5.5000000000000009 9.1516666666666691
decision_type=10 10 8 10 8 8 10 10 8 8 10 10 10 10 10 10 8 10 8 8 2 2 10 10 10 10 2 2 10 10
left_child=3 5 -3 8 13 6 9 -8 -1 18 -7 -12 -13 -5 15 20 17 19 -2 -17 21 24 -23 -22 -10 -26 27 28 -27 -20
right_child=1 2 -4 4 -6 10 7 -9 14 -11 11 12 -14 -15 -16 16 -18 -19 29 -21 23 22 -24 -25 25 26 -28 -29 -30 -31
leaf_value=-0.0097424535543630206 -0.0072534363062965405 0.0041402618408769992 0.050295042513840843 0.0045121737041352713 0.017311579380599105 -0.0082301279199186866 0.035010572664575995 0.0076721631244149437 -0.01575304671584286 -0.0098330121209500142 0.02056997465317182 -0.010265066829448888 0.0094065462817614701 -0.01362056368278234 0.0089642381375796189 0.0075127476844941759 -0.0089891862842402716 0.019983023105976206 0.017465469030996009 -0.011900337231524515 -0.0030566951921150291 0.0041679939976283975 -0.010873265650084452 0.012320116689114854 0.0042058315253915013 0.0059344406463042697 -0.01506316405723898 -0.011276020001811769 -0.013063373630010706 0.0076541269337707237
leaf_weight=1152.8437303602695 80.042047820985317 80.704697620123625 109.3012837767601 127.70870526507497 197.66791795566678 161.83264940604568 141.72851923108101 180.43620730936527 202.73017070442438 83.183860324323177 81.875580292195082 103.42209931835532 128.83074703067541 114.12883788347244 112.93493727967143 112.73816329240799 95.105237498879433 76.072186648845673 232.28039467334747 59.786698456853628 379.46338424831629 192.24379210174084 114.83756923675537 63.531909503042698 102.11778558790684 158.14272644370794 213.6823886372149 258.59675645455718 93.266661740839481 246.83087972551584
leaf_count=2883 282 298 454 393 592 433 343 412 678 271 398 402 459 427 352 245 363 157 854 618 1875 729 466 329 400 503 724 927 448 1051
internal_value=6.19366e-05 0.0106312 0.0308152 -0.00444194 0.00556609 0.00794932 0.0113357 0.0197702 -0.00574145 0.0070813 0.0010776 0.00588366 0.000640331 -0.00406594 -0.00367448 -0.00435093 0.00234211 0.00669575 0.00767216 0.000755534 -0.00564489 -0.00724051 -0.00147394 -0.000828657 -0.00895909 -0.00727418 -0.00889766 -0.00629001 -0.00113711 0.00767216
internal_weight=5458.07 1630.47 190.006 3827.6 439.505 1440.46 964.502 322.165 3388.09 642.337 475.961 314.128 232.253 241.838 2235.25 2122.32 343.702 248.597 559.153 172.525 1778.61 1335.62 307.081 442.995 1028.54 825.806 723.689 510.006 251.409 479.111
internal_count=18766 5657 752 13109 1412 4905 3213 755 11697 2458 1692 1259 861 820 8814 8462 1383 1020 2187 863 7079 4875 1195 2204 3680 3002 2602 1878 951 1905
is_linear=0
shrinkage=0.05


Tree=38
num_leaves=31
num_cat=0
split_feature=36 29 18 18 30 77 69 29 61 48 77 79 50 4 76 47 47 52 33 50 50 33 76 50 25 25 54 29 43 50
split_gain=98.7347 51.3528 38.804 25.3981 21.175 20.99 20.9162 27.492 22.1553 23.2452 16.3089 15.9104 14.7282 12.7874 10.3506 10.2942 9.35133 8.68944 8.6559 7.86674 7.68406 8.50167 7.42315 6.15922 5.99638 5.95578 5.91409 5.40472 10.5324 4.62358
threshold=0.18309160547171791 0.14234067201447223 6.1483516483516496 1.720779220779221 0.17392964540734407 0.31664312019374136 0.0050027056277056284 0.080597634640491647 41.750000000000007 23.031250000000004 0.1821986601237203 0.40197172262494074 22.554700854700858 15.072430980787104 1.8357974910394268 0.61354615269382384 0.57150439190085722 260.61818181818188 1.6306818181818181 22.554700854700858 19.402142857142859 3.6306818181818188 0.8457939046419517 21.028831168831172 0.017500000000000047 0.28527777777777791 22.148351648351653 0.028573026770644844 60.25833333333334 22.469047619047625
decision_type=8 10 8 8 8 10 2 8 2 2 10 10 10 8 8 2 2 8 10 10 8 10 10 10 10 8 10 10 10 10
left_child=10 3 12 14 5 -5 11 16 -9 23 27 15 -3 -11 25 20 -8 29 19 -16 -6 24 -18 -10 -22 26 -2 -1 -29 -12
right_child=1 2 -4 4 6 -7 7 8 9 13 17 -13 -14 -15 18 -17 22 -19 -20 -21 21 -23 -24 -25 -26 -27 -28 28 -30 -31
leaf_value=-0.0092097292890253642 -0.0033822133518427856 0.027987259020309102 0.053328928301212546 0.0067781814839669319 -0.012162682783645606 0.03858714957773738 -0.0095628374264778177 0.0011468072753488007 0.0038705515545999882 0.024068510641158166 0.0014125599830493588 -0.014739409515765129 -0.00018232622258611519 0.050154957166300557 0.00016870823133209267 0.016441135127723976 -0.0031055680212280666 -0.0066873988754084417 -0.009245531495615536 0.025372637948442994 -0.0071070954537202262 0.016614298240895404 0.018203193549655019 0.020446762394859853 0.0089521013270882684 0.00074866353403785051 -0.017283307170597548 0.0063774058301220146 -0.0078253536189161546 0.014106558435504728
leaf_weight=1687.9276261068881 133.96889778971672 92.9558788202703 95.417579688131809 102.06271262094378 99.189238175749779 105.53601549565792 151.23035147041082 148.0616261176765 107.10446385294199 105.28342399001122 140.70194374024868 149.33433453738689 91.65130066126585 89.569004449993372 56.411998119205236 120.76498056203127 80.424245357513428 157.34141907095909 58.0412907153368 67.655396837741137 157.10852941125631 90.583625007420778 81.581759691238403 117.86810762435198 90.936051964759827 149.60385443270206 179.25002078711987 181.19394896551967 460.25043037161231 145.86860367655754
leaf_count=5961 304 304 325 576 285 298 453 433 294 394 290 277 330 341 372 565 429 408 427 444 521 303 220 420 322 313 405 585 1890 337
internal_value=0.000586848 0.00735117 0.0275937 0.00501919 0.00807337 0.0230562 0.00610268 0.01124 0.0177898 0.0236427 -0.00605165 -0.000298383 0.0140764 0.0362547 -0.00348841 0.0035818 -0.000653555 0.00272656 0.00658509 0.0140057 5.36939e-06 0.00359489 0.00767078 0.0126072 -0.0012073 -0.00745772 -0.0113673 -0.00772499 -0.0038097 0.00790058
internal_weight=5494.88 2721.59 280.025 2441.57 1796.64 207.599 1589.04 881.123 567.887 419.825 2773.28 707.917 184.607 194.852 644.931 558.582 313.236 443.912 182.109 124.067 437.817 338.628 162.006 224.973 248.045 462.823 313.219 2329.37 641.444 286.571
internal_count=18826 9355 959 8396 6131 874 5257 2984 1882 1449 9471 2273 634 735 2265 1996 1102 1035 1243 816 1431 1146 649 714 843 1022 709 8436 2475 627
is_linear=0
shrinkage=0.05


Tree=39
num_leaves=31
num_cat=0
split_feature=11 75 6 46 52 11 41 25 58 19 15 76 79 41 69 9 4 79 27 15 56 57 15 55 4 20 41 47 31 76
split_gain=99.6636 31.6737 24.0074 25.6157 23.547 18.6202 13.0625 12.3261 10.0873 16.1674 14.5935 13.988 11.0957 9.61702 8.67673 7.26614 13.7591 10.8941 12.1182 9.99209 6.51999 6.53902 6.62336 7.16908 5.9138 8.46737 5.83695 7.15343 6.02142 5.37573
threshold=0.08334136688429003 15.635000000000003 9.2104861585588278 62.060661764705891 222.56666666666669 0.022923918882079054 22.500000000000004 0.051666666666666729 28.029411764705888 12.345238095238097 0.41095262145875638 0.89513865444899943 -0.067452472293550281 165.50000000000003 0.026201701236364509 4.828333333333334 4.9667175022561052 0.33811522096865559 13.719117647058825 0.2423555617199171 4.3176980469607207 262.02941176470591 0.28872371559780102 22.230330882352941 3.3829429502719139 1.30952380952381 90.500000000000014 0.56719682309304964 0.5491176470588236 0.44872347766085913
decision_type=10 10 10 2 8 8 8 8 2 10 10 10 10 8 2 8 8 10 10 10 2 2 10 2 10 10 10 2 8 10
left_child=1 5 4 -4 7 -1 -6 -2 9 10 -8 -12 -11 15 -9 19 -17 18 26 -7 24 22 23 -22 29 -26 27 -18 -28 -15
right_child=2 -3 3 -5 6 13 8 14 -10 12 11 -13 -14 20 -16 16 17 -19 -20 -21 21 -23 -24 -25 25 -27 28 -29 -30 -31
leaf_value=-0.0085097698981917887 -0.011176470276902706 0.022889141413188919 0.0059026965481857024 0.040032837014261524 0.032620480317238874 0.00022528037781563423 0.0012856408117226511 -0.002637141160902072 0.02557643172591554 0.0090039756753897537 0.0082187488228844634 0.034494637487750467 -0.013685619823175114 -0.0080165008577509755 0.016225765774207319 -0.016866224392599227 -0.011998255204842222 -0.0080999925388854904 0.021131438292982058 0.018325397437915728 0.0075000506326346368 -0.01194019103355832 0.011981007408535416 -0.0097660075490208186 0.0067136389400313454 -0.012536797798263619 0.013531216634445937 0.0036570679560374479 -0.003268615398752828 -0.020975180826100736
leaf_weight=1709.6180377341807 168.46363792195916 106.97950580716133 91.786695688962936 137.56980657950044 83.85629241541028 179.79173037037253 111.57637752220035 127.14582412689924 107.96017907559872 112.26053817942739 87.195334829390049 122.53020378947258 101.79753530025482 215.15044304355979 115.70354833826423 117.03085336834192 123.68240310996771 223.67975451052189 94.499078966677189 131.43074947595596 104.2368258908391 101.74058078229427 118.6719905436039 139.33334279432893 118.46367869153619 108.5250885412097 152.16213844716549 175.1131281144917 81.32757830247283 128.59807519614697
leaf_count=5883 462 228 254 560 317 644 506 308 345 523 534 325 250 1010 304 374 481 376 388 427 335 363 385 455 487 442 510 739 360 266
internal_value=3.63543e-05 -0.0038381 0.011729 0.0264591 0.00874092 -0.00455433 0.0141429 -0.000820589 0.0116875 0.00884418 0.015919 0.023661 -0.00179976 -0.00162887 0.00637962 0.00127093 -0.000868509 0.00135013 0.00473012 0.00790326 -0.00521023 -0.000804688 0.00234713 -0.00237648 -0.00878405 -0.00250476 0.00178415 -0.00284165 0.00769063 -0.0129112
internal_weight=5497.88 4130.03 1367.85 229.357 1138.49 4023.06 727.176 411.313 643.32 535.36 321.302 209.726 214.058 2313.44 242.849 1278.72 967.495 850.464 626.784 311.222 1034.72 463.983 362.242 243.57 570.737 226.989 532.285 298.796 233.49 343.749
internal_count=18841 14153 4688 814 3874 13925 2800 1074 2483 2138 1365 859 773 8042 612 4299 3228 2854 2478 1071 3743 1538 1175 790 2205 929 2090 1220 870 1276
is_linear=0
shrinkage=0.05


Tree=40
num_leaves=31
num_cat=0
split_feature=29 17 15 61 27 6 75 19 77 77 47 71 64 52 79 41 64 76 29 61 27 31 55 25 33 71 60 50 57 29
split_gain=81.3854 44.3668 36.4361 25.5292 24.0838 16.1144 15.289 15.0701 26.3396 19.5817 20.8879 15.964 13.0333 10.4932 11.0499 9.6141 9.04712 8.75615 8.65442 7.6159 11.292 6.66607 6.19783 6.11724 6.01815 5.04416 4.02309 4.48763 3.65097 3.64473
threshold=0.10644422514529174 6.1909090909090922 0.28872371559780102 46.250000000000007 15.425625000000002 8.3966849518229427 8.1650000000000009 7.2583333333333337 0.24888660994006095 0.61934701598118547 0.52331840440660748 0.0046499201963190141 39.500000000000007 240.41428571428574 -0.41854716188094671 199.50000000000003 49.500000000000007 1.2341875956263764 0.041916117636669067 45.250000000000007 9.8370000000000015 0.6116964285714287 22.665625000000002 0.0037980769230769322 2.5166666666666671 0.16719486870620906 -5.2499999999999991 23.1539393939394 231.81250000000003 0.047088198961644699
decision_type=10 8 10 2 10 8 10 10 10 8 2 2 10 10 10 8 10 8 10 2 8 10 2 10 8 2 2 10 2 10
left_child=2 3 6 5 -5 12 23 8 15 17 -11 13 -2 16 22 29 -12 19 -10 20 -9 -14 -15 25 -21 -1 -25 -28 -27 -4
right_child=1 -3 7 4 -6 -7 -8 9 18 10 11 -13 21 14 -16 -17 -18 -19 -20 24 -22 -23 -24 26 -26 28 27 -29 -30 -31
leaf_value=-0.0094922688941945412 0.0086830471883569179 0.044361203832879233 0.0026072523420470686 0.0081762976935522268 0.037363635342131329 0.017186978718466778 0.0093111774315062339 -0.0027999068771893962 0.011865005563122019 -0.013291096773198502 -0.01421305231496741 0.027893972307778864 -0.0022157184988769985 -0.010417725734177485 0.02784408127202706 -0.006922420386013985 0.009281527384369161 0.0055764812646050465 0.030172479718654895 -0.0099861827833895734 -0.022093936546665839 -0.020491905092710431 0.016960209450371168 0.0062370339759913367 0.0060290141035705186 0.0043266114700769775 -0.0090482048940177025 0.00078491577481657057 -0.0067567658783106097 0.017809904673216959
leaf_weight=1769.5519366711378 133.35485909506679 104.78630074858665 88.105449546128511 156.00386484712362 129.33845533430576 132.42664533481002 147.20723947882652 130.33304224908352 130.71869495511055 105.50894425436854 85.887001778930426 109.00835936889052 99.104476742446423 45.470677074044943 80.290015786886215 202.42068745940924 76.606522217392921 127.0142068862915 130.78988955914974 118.15006923675537 181.44980630278587 100.03446665406227 36.249035160988569 104.15704676136374 114.61051055788994 117.76299266889691 254.82511666417122 212.06743997707963 197.87553097680211 70.957130402326584
leaf_count=6056 428 341 419 556 439 408 346 303 306 408 323 554 378 381 228 779 335 323 300 324 421 248 356 421 295 436 822 823 805 309
internal_value=-0.000130605 0.0140343 -0.00274503 0.00974526 0.0214905 0.00250605 -0.00632857 0.00273452 0.00904656 -0.000518594 0.00657272 0.0114267 -0.00337512 0.00582623 0.014791 0.000291618 -0.00314766 -0.00621169 0.0211013 -0.00896646 -0.0140633 -0.011453 0.00178473 -0.00719849 -0.0021083 -0.00845391 -0.00260755 -0.00458977 -0.00262101 0.00945799
internal_weight=5492.07 855.049 4637.02 750.263 285.342 464.92 2803.45 1833.57 622.992 1210.58 539.021 433.512 332.494 324.503 162.01 361.483 162.494 671.558 261.509 544.543 311.783 199.139 81.7197 2656.24 232.761 2085.19 571.05 466.893 315.639 159.063
internal_count=18871 2798 16073 2457 995 1462 9709 6364 2113 4251 2585 2177 1054 1623 965 1507 658 1666 606 1343 724 626 737 9363 619 7297 2066 1645 1241 728
is_linear=0
shrinkage=0.05


Tree=41
num_leaves=31
num_cat=0
split_feature=29 77 17 6 40 21 43 76 11 53 11 27 77 24 29 44 45 15 27 41 44 77 48 28 11 35 64 39 18 28
split_gain=97.6789 30.8513 29.621 22.2498 24.1258 23.1705 16.4222 18.1706 13.0565 12.8818 11.096 10.1779 11.995 10.3568 9.83726 10.6151 9.50596 10.3799 16.4679 7.63146 10.4709 11.7602 7.31611 8.16924 7.08158 6.71192 5.88965 8.72394 4.33853 4.05229
threshold=0.074095495569345207 0.76273449124816362 2.5166666666666671 4.0030024877387076 2.5000000000000004 5.1985214176995003 65.930952380952405 0.89214387448285237 0.022923918882079054 1.607692307692308 0.11807502742845237 9.5759615384615397 0.28703803028726965 4.7468750000000011 0.041065261654004814 0.59839567604667143 24.031250000000004 0.37723057117141062 12.530288461538463 160.50000000000003 0.57401928555774717 0.62794893122355211 20.424632352941178 0.87292857142857161 0.042083176127724123 1.5000000000000002 59.500000000000007 25.509924709103355 2.3100961538461542 8.4404687500000026
decision_type=10 10 8 8 2 8 10 10 10 10 10 10 8 8 10 10 10 10 10 8 8 8 2 10 10 8 8 2 10 10
left_child=1 8 9 -4 5 -5 7 10 29 -2 -6 12 13 26 19 -16 17 -11 -19 22 -21 -22 -14 -24 -15 -13 -10 -28 -18 -1
right_child=2 -3 3 4 6 -7 -8 -9 11 16 -12 25 14 24 15 -17 28 18 -20 20 21 -23 23 -25 -26 -27 27 -29 -30 -31
leaf_value=-0.0066750965590558434 0.0160545438264659 0.025344034418894115 0.039439749938750976 0.010526458978187421 0.026731954067519065 0.040587964052934328 0.025575883466366772 -0.006556657176716444 0.0063126846316395495 -0.0056566198749358025 0.0025030749054660729 -0.021067661767244315 -0.0035410027471339113 -0.0038834414454395972 0.02394413106959524 0.00075839605241488303 -0.0018296427679734785 0.026718647052446316 -0.00041053241403071435 -0.019002330015018842 0.017121424984124289 -0.011602799695603582 0.019162092041881136 -0.00069326718067476011 -0.020071965786846665 -0.0025765218034359805 -0.013535242758514799 0.0035859249368231485 -0.015681898804363669 -0.015394590040994281
leaf_weight=1917.0357911624014 158.39669089019299 87.075761079788208 97.309601470828056 121.63737592101097 93.34935349971056 136.73988894373178 102.32593448832631 218.50069119036198 204.13477398455143 139.15515846014023 95.124886326491833 100.54158451035619 132.61472408100963 130.31710663437843 112.41216295212507 87.534384571015835 129.10735161602497 99.800655357539654 125.61705942824483 92.015455458313227 69.444866016507149 71.142207439988852 130.54040397703648 85.34970186650753 140.60037010908127 95.590044915676117 143.09207658469677 153.15713407099247 99.96838553249836 143.00153378769755
leaf_count=6439 546 292 292 342 346 490 456 458 528 534 407 376 536 294 533 453 402 310 385 413 160 644 569 422 336 329 348 349 288 558
internal_value=0.000372242 -0.00391591 0.0106989 0.0170037 0.0141122 0.0265309 0.0077723 0.00324422 -0.00459136 0.00343417 0.0145811 -0.00141241 -5.33581e-05 -0.0044733 0.00431153 0.013848 4.54828e-05 0.00505637 0.0116655 0.0010121 -0.00598643 0.00260663 0.00568689 0.0113455 -0.0123279 -0.0121143 -0.000204582 -0.00470153 -0.00791664 -0.00728755
internal_weight=5512.63 3895.6 1617.03 864.988 767.678 258.377 509.301 406.975 3808.52 752.045 188.474 1748.49 1552.36 771.301 781.054 199.947 593.649 364.573 225.418 581.107 232.603 140.587 348.505 215.89 270.917 196.132 500.384 296.249 229.076 2060.04
internal_count=18835 13579 5256 2791 2499 832 1667 1211 13287 2465 753 6290 5585 1855 3730 986 1919 1229 695 2744 1217 804 1527 991 630 705 1225 697 690 6997
is_linear=0
shrinkage=0.05


Tree=42
num_leaves=31
num_cat=0
split_feature=18 29 75 6 70 5 25 58 75 29 33 76 50 25 29 39 75 30 76 46 50 54 36 48 79 24 9 14 79 24
split_gain=59.6543 20.1366 16.7467 19.0479 17.652 13.0809 13.9548 12.0545 11.4847 16.7818 9.26843 8.28009 11.4607 6.55017 8.25826 7.11519 6.62716 10.4468 10.3188 6.30438 8.43152 5.33456 6.69202 5.08174 3.55067 3.55072 3.46028 3.10823 1.86569 2.98614
threshold=1.720779220779221 0.10808470217805617 14.395000000000001 12.254107477640185 0.0039221114802510159 9.3166666666666682 0.09500000000000007 26.121323529411768 20.385000000000002 0.11304172492993907 3.7916666666666665 1.6994968553459124 21.984523809523814 -0.080999999999999975 0.021432925136733959 22.967830253251201 11.465000000000002 0.2945992191828779 0.8833450374531836 62.029411764705891 27.308571428571433 27.825757575757578 0.26186238763204583 21.757352941176475 0.3677614278625852 1.4589166666666671 4.7098333333333349 0.10345238095238098 -0.34094418227528306 -0.41391666666666654
decision_type=10 10 8 8 2 10 8 2 8 10 8 10 10 8 10 2 10 10 10 2 8 8 8 2 10 10 10 10 10 8
left_child=1 11 3 -2 7 -6 -7 8 -4 -10 -9 13 -13 26 15 23 17 18 19 27 -21 22 -19 -15 25 28 -1 -16 29 -17
right_child=2 -3 4 -5 5 6 -8 10 9 -11 -12 12 -14 14 16 24 -18 21 -20 20 -22 -23 -24 -25 -26 -27 -28 -29 -30 -31
leaf_value=-0.0090121830532082971 0.0054110393439079094 0.016238286621755086 -0.0027737890529432089 -0.01368003014344704 0.0054110393439079094 0.016100711073743827 0.043650528888866613 0.0075275939999768157 0.0054110393439079094 0.031423021286270961 0.035160499182129309 -0.0065334030823396188 0.012936507483327031 0.0066556250415373761 -0.014984944292613645 -0.00046640949970469157 0.011822373182162043 -0.012847257819709627 0.011577782443053885 -0.0029998226438991021 0.011822373182162043 -0.020013785739941371 0.0059975486314389932 -0.0070537321866263663 -0.012507129590916322 0.0022937751211216059 -0.021034022905951286 -0.0031446254544525141 -0.0054650032326768253 -0.011951070997588929
leaf_weight=216.63711085170507 1129.0136558562517 118.98029541224241 271.75358171761036 146.77329643070698 58.36075446754694 93.21956454589963 93.372661579400301 59.595307853072882 125.21487637236714 78.023076117038727 62.321252152323723 149.22875453531742 151.22834825515747 149.52039607986808 106.13613465055823 67.301660384982824 88.716036081314087 120.34039847925305 171.89209127426147 204.66120543703437 68.792080290615559 94.127243410795927 76.238845370709896 121.70019361376762 375.29185698926449 97.012494791299105 83.600569572299719 116.24842206016183 438.66908763349056 357.72354599833488
leaf_count=794 2724 432 614 323 494 403 457 397 1279 514 229 296 348 525 270 386 190 458 355 953 342 348 336 531 651 458 293 385 1280 1848
internal_value=0.000245817 -0.00388231 0.00682188 0.00320571 0.0122917 0.0235715 0.0300461 0.00763107 0.00541104 0.0129099 0.0218241 -0.00462252 0.00327675 -0.00542664 -0.00463143 -0.00688151 -0.00117462 -0.00238874 0.00105822 -0.00260456 0.00247797 -0.0102826 -0.00554536 0.000500745 -0.00837943 -0.00675566 -0.0124184 -0.00883737 -0.00777359 -0.0101379
internal_weight=5491.69 3374.05 2117.65 1275.79 841.861 244.953 186.592 596.908 474.992 203.238 121.917 3255.07 300.457 2954.61 2654.37 1607.22 1047.15 958.436 667.73 495.838 273.453 290.706 196.579 271.221 1336 960.707 300.238 222.385 863.694 425.025
internal_count=18913 11479 7434 3047 4387 1354 860 3033 2407 1793 626 11047 644 10403 9316 5679 3637 3447 2305 1950 1295 1142 794 1056 4623 3972 1087 655 3514 2234
is_linear=0
shrinkage=0.05


Tree=43
num_leaves=31
num_cat=0
split_feature=17 18 29 53 41 19 69 56 5 79 61 31 69 21 25 25 47 61 12 19 24 78 30 12 46 79 31 65 53 44
split_gain=70.9623 23.79 18.6236 17.8769 13.5846 16.5078 17.6891 19.1786 17.4066 17.2763 12.8675 14.3041 12.7334 8.92495 7.9829 7.47314 9.35325 7.26932 6.90984 5.77565 5.67536 5.28801 6.9642 5.82181 6.27715 5.75315 5.75076 5.13443 6.83542 4.85208
threshold=1.7817460317460319 6.1483516483516496 0.067354920422584771 1.607692307692308 193.50000000000003 7.2583333333333337 0.0050027056277056284 4.660096489557545 7.7166666666666677 0.30867668275744919 45.750000000000007 0.59278846153846165 0.032683187442075955 6.0722996515679446 0.16000000000000009 -0.042386363636363632 0.58564437912781153 42.750000000000007 0.49846670419531641 3.5166666666666671 0.56217499999999909 2.5000000000000004 0.21104321221034295 0.062686303124959639 60.424632352941181 0.33811522096865559 0.15366071428571429 6.5000000000000009 2.6076923076923082 0.58762811999863807
decision_type=10 10 10 10 8 10 2 2 10 10 2 10 2 10 8 8 2 2 10 10 10 10 10 10 2 8 10 8 8 10
left_child=2 4 13 12 5 8 9 10 19 14 11 -8 -4 21 18 -5 -17 -6 -7 -2 -15 22 23 24 -1 -26 27 -25 -29 -19
right_child=1 -3 3 15 17 6 7 -9 -10 -11 -12 -13 -14 20 -16 16 -18 29 -20 -21 -22 -23 -24 26 25 -27 -28 28 -30 -31
leaf_value=-0.020775841532160413 -0.00045358500689131098 0.030273276953417791 0.027016687558582733 -0.013271233935282062 -0.016875819696474625 -0.0095338116102101009 0.01119820564336959 0.03118265875139193 0.032978718397331012 -0.01456074938981336 0.018878579161408643 -0.012768776386134823 0.0038254109505333903 -0.0023153329783829704 0.018759492835172972 -0.0057418972350825395 0.01245001610680254 -0.0079588193412494391 0.0075971453711396577 0.017851545467911838 0.0097208478140800251 -0.0080680870757940688 -0.00915613845768996 0.008649689803674308 0.0065080708045034052 -0.0086712151515160509 0.010757422106223043 0.0016629943598459242 -0.013849661662396455 0.010059210317497971
leaf_weight=60.695379551500082 84.942420374602079 120.77270169556141 115.97496015205979 107.60277163982391 73.303275350481272 93.734007105231285 138.92463813722134 108.43851843103766 132.54746577143669 152.92642523348331 153.88010730594397 111.15563733875751 120.59204229339957 301.19763362780213 85.499531850218773 162.47344718128443 123.48254834115505 65.168000407516956 154.48683330416679 86.361037865281105 143.93775977194309 1479.1226435601711 394.15180914103985 101.60269840434194 98.258202195167542 167.50056372210383 139.26590402424335 184.04201957583427 114.4378921687603 84.912381414324045
leaf_count=216 323 540 358 365 289 319 473 290 518 265 523 316 429 1100 285 509 470 248 545 280 510 3419 1635 491 259 1719 434 722 437 457
internal_value=0.000325647 0.00899588 -0.00341959 0.00442905 0.00729351 0.0092458 0.00613052 0.0126048 0.019435 -0.000698286 0.00755316 0.000536938 0.0152606 -0.00497366 0.00567867 -0.00210395 0.00212981 -0.0040838 0.0011158 0.00882482 0.00158972 -0.00604048 -0.00365567 -0.00114394 -0.00640364 -0.00305566 0.00204559 -0.0010062 -0.00431098 0.00223452
internal_weight=5461.39 1647.05 3814.34 630.126 1526.28 1302.9 999.046 512.399 303.851 486.647 403.96 250.08 236.567 3184.21 333.72 393.559 285.956 223.384 248.221 171.303 445.135 2739.08 1259.95 865.803 326.454 265.759 539.349 400.083 298.48 150.08
internal_count=18744 5671 13073 2131 5131 4137 3016 1602 1121 1414 1312 789 787 10942 1149 1344 979 994 864 603 1610 9332 5913 4278 2194 1978 2084 1650 1159 705
is_linear=0
shrinkage=0.05


Tree=44
num_leaves=31
num_cat=0
split_feature=15 41 12 61 27 69 54 44 4 5 45 56 31 43 70 21 5 17 76 55 51 69 13 15 4 56 55 76 6 26
split_gain=48.5337 17.7712 21.6286 18.4994 17.4995 15.0167 15.0039 16.1052 11.451 15.2998 12.2444 12.0816 11.2281 17.5284 10.6807 8.19628 7.62206 7.59031 9.73294 6.23981 5.31494 6.24858 4.55543 9.11776 9.02695 5.26711 7.45949 6.45284 3.26141 3.06462
threshold=0.3962765095496244 12.500000000000002 0.28891599932471485 45.750000000000007 13.49 0.2704230225703585 19.345238095238098 0.55820255876977387 17.98143099825165 20.716666666666672 27.345238095238098 4.6089858844997869 0.69707142857142868 59.88194444444445 0.0059619302266361099 4.5008960573476715 11.916666666666668 0.34523809523809529 1.2341875956263764 22.437500000000004 5.2811436351259369 0.083288433908045981 0.26281290213785297 0.27026331201657677 5.3124984974769927 4.3205336084905666 21.003125000000004 0.68801624410209772 3.2874107734376445 13.500000000000002
decision_type=10 8 10 2 10 2 8 10 10 10 10 2 8 10 2 10 10 10 10 2 8 2 10 10 8 2 2 10 8 2
left_child=4 3 6 -2 15 8 -3 -8 10 -10 11 12 13 -4 16 20 -15 -17 22 -14 -1 29 23 25 -25 26 -19 -28 -27 -22
right_child=1 2 5 -5 -6 -7 7 -9 9 -11 -12 -13 19 14 -16 17 -18 18 -20 -21 21 -23 -24 24 -26 28 27 -29 -30 -31
leaf_value=-0.00761375747856664 0.0057401908388105757 -0.0022489461560933183 0.014900246049289674 0.036826940434544826 0.014608223824669862 0.020248333049236952 0.0077272974556316159 0.034540417865131269 0.025772816640848895 -0.00040407742886808072 -0.014189223756465214 0.010856834411530706 -0.024854330119175268 -0.0017689326482220463 0.0088016957558660538 -0.0078300792246925859 -0.018661418190534372 -0.012817451401183658 0.0098843174095371734 -0.0045460827982755237 -0.010362306676469764 0.0065502587348105837 -0.012063409650522472 -0.0034399330426201991 0.017081055738688958 -0.003351416327150027 -0.0015792886642124902 0.017903884289494725 -0.016677471174712605 6.0534933652336325e-05
leaf_weight=1736.3365422300994 101.76204680278897 79.975947670638561 151.47604999691248 90.091518666595221 123.31476821750402 100.52748423442245 100.07625989988446 128.29075510799885 93.789377272129059 135.70204761996865 170.00348522886634 210.28006066009402 75.607566401362419 130.2451558932662 97.678699716925621 337.57067269831896 136.5344792380929 76.619119979441166 227.80809977650642 75.794470146298409 161.992246940732 156.10202280059457 94.99339871481061 95.661366019397974 120.03379290550947 82.276239648461342 113.34893098473549 66.851698637008667 104.67766745015979 124.29516292363405
leaf_count=6024 352 282 357 296 424 383 311 561 303 466 512 577 298 470 338 1231 445 302 501 318 443 555 405 378 527 301 633 165 398 336
internal_value=-0.000449035 0.00607222 0.00442459 0.0204533 -0.00383085 0.00174049 0.0163724 0.0228751 0.000268953 0.0103594 -0.00194923 0.000435238 -0.00285998 0.000661048 -0.00528162 -0.00448477 -0.0104517 -0.00137393 0.00085052 -0.0147842 -0.00636777 -0.00147124 -0.00188669 -0.000404733 0.00800607 -0.00450159 0.000152586 0.00570759 -0.0108619 -0.00585264
internal_weight=5499.72 1877.84 1685.98 191.854 3621.88 1377.64 308.343 228.367 1277.11 229.491 1047.62 877.616 667.336 515.934 364.458 3498.57 266.78 1319.84 982.27 151.402 2178.73 442.389 754.462 659.469 215.695 443.774 256.82 180.201 186.954 286.287
internal_count=18892 6269 5621 648 12623 4467 1154 872 4084 769 3315 2803 2226 1610 1253 12199 915 4841 3610 616 7358 1334 3109 2704 905 1799 1100 798 699 779
is_linear=0
shrinkage=0.05


Tree=45
num_leaves=31
num_cat=0
split_feature=75 17 15 30 41 41 76 30 13 30 51 6 79 43 25 48 3 77 30 79 25 48 22 48 3 5 41 39 36 45
split_gain=59.5415 34.9761 26.5794 16.7228 13.5957 8.7738 7.93744 5.75566 5.69932 12.4079 5.3058 4.83771 4.87488 5.3358 4.9078 3.74388 4.34542 3.6962 3.80734 3.63936 3.28068 3.24902 3.15053 2.94863 2.92214 2.51218 2.23556 2.12846 1.89675 2.25158
threshold=12.955000000000002 5.1742424242424248 0.28872371559780102 0.45508763816624948 26.000000000000004 199.50000000000003 0.83751122082585294 0.34191603675025867 0.016962272651804566 0.25993721914987611 4.8644976498237371 5.5022206638351721 0.26013188670984572 58.033333333333339 0.046428571428571465 25.393382352941178 3.0535714285714293 0.12796149129310555 0.2945992191828779 0.019908910188620354 -0.11833333333333332 23.788602941176475 0.93405797101449284 27.593750000000004 4.0781746031746042 8.8166666666666682 150.50000000000003 26.265571526351817 0.13946687634784213 18.222527472527478
decision_type=10 8 10 8 8 8 8 10 10 8 10 10 10 10 10 2 8 8 10 10 10 2 8 2 10 10 8 2 10 10
left_child=2 3 11 -2 -5 7 -7 -4 -8 -10 -9 12 13 17 19 16 22 -1 26 23 -13 -16 -14 24 28 -11 -19 -21 29 -15
right_child=1 -3 5 4 -6 6 8 10 9 25 -12 20 15 14 21 -17 -18 18 -20 27 -22 -23 -24 -25 -26 -27 -28 -29 -30 -31
leaf_value=-0.0048016441949070964 0.020501235602359308 0.035286527564229515 0.0078608715306608193 0.016944334724158402 0.0027312373969182336 -0.014737731871653613 -0.010477367553502559 0.0027312373969182336 0.016409487722925203 0.00053778376796112851 -0.0096323024024405797 -0.0077847320480331217 -0.0020987011003787874 -0.0016065543388913144 0.0027312373969182336 -0.0037837470234143925 -0.016250670989556456 0.016658110727164426 -0.0035144736077722611 -0.0052804025886532442 0.0027312373969182336 -0.0078383278852336633 -0.010868251611936219 -0.016189619095812617 0.00056770715707272384 -0.012897104662340947 0.0027312373969182336 0.0027312373969182336 -0.016691295273871646 -0.0091084181338945552
leaf_weight=183.27583892643452 189.71531301736832 136.03176701068878 708.85759912058711 168.14898270368576 377.80248968303204 111.57677951455116 90.208344649523497 473.59370409324765 116.73303275182843 75.773414388298988 95.635334372520447 73.285178434103727 162.13219586014748 126.10646709799767 129.97544918209314 295.51492069661617 223.09463550150394 73.251799464225769 72.32568234205246 150.08534689247608 103.11769185960293 74.249714136123657 279.74141401052475 104.9240863583982 103.36911018937826 63.221085481345654 73.880506232380867 96.972147420048714 63.007207352668047 491.70410487055779
leaf_count=452 463 353 2722 369 848 283 267 1945 552 305 306 303 279 593 547 598 399 320 311 495 394 334 542 466 516 361 424 312 285 2509
internal_value=0.000108665 0.0120857 -0.00215543 0.00775359 0.00329446 0.00273124 -0.00320556 0.00485726 0.00054574 0.00273124 0.00110965 -0.00510024 -0.00562381 -0.00404389 -0.00555929 -0.00848393 -0.0105639 0.00100101 0.00273124 -0.00684109 0.00273124 0.00157037 -0.00766253 -0.00833148 -0.00726078 -0.0056215 0.0104411 -0.00146553 -0.00844848 -0.00758222
internal_weight=5487.31 871.699 4615.61 735.667 545.951 1735.6 457.513 1278.09 345.936 255.728 569.229 2880.01 2703.61 1743.13 1340.39 960.483 664.968 402.734 219.458 1136.17 176.403 204.225 441.874 889.111 784.187 138.994 147.132 247.057 680.818 617.811
internal_count=18853 2033 16820 1680 1217 6741 1768 4973 1485 1218 2251 10079 9382 7564 6057 1818 1220 1507 1055 5176 697 881 821 4369 3903 666 744 807 3387 3102
is_linear=0
shrinkage=0.05


Tree=46
num_leaves=17
num_cat=0
split_feature=75 14 17 44 12 76 6 14 15 46 75 14 47 6 17 52
split_gain=51.0989 31.3744 21.9649 26.7626 11.6281 2.99504 2.81291 2.22017 2.20678 1.90425 2.13017 1.31841 0.98674 0.529248 0.221333 0.195911
threshold=13.455000000000002 0.46369318181818187 2.8062500000000004 0.59839567604667143 0.010368287099786154 0.52140626850353311 1.7716500656635574 inf 0.32715867554571681 63.424632352941181 0.095000000000000015 0.30408333333333343 0.55788124954610074 0.070710678118697981 3.1291666666666669 236.65151515151516
decision_type=10 10 10 10 8 8 10 8 8 2 10 8 2 8 10 8
left_child=4 -2 -3 -4 6 8 9 14 -6 11 13 12 -1 -11 -7 -14
right_child=1 2 3 -5 5 7 -8 -9 -10 10 -12 -13 15 -15 -16 -17
leaf_value=-0.0049400215167152081 0.034474559216361826 -0.0015033143434055277 0.0051139591895944907 0.03167004149781253 -0.0047457219436172543 -0.0015033143434055277 -0.0015033143434055277 -0.0027271637326894858 -0.013294635633976771 -0.012343451882239112 -0.0015033143434055277 -0.016014402641512906 -0.0095144120970195555 -0.0065457450423108549 0.0051139591895944907 -0.013193136840813481
leaf_weight=89.636021923273802 130.76800069212914 264.62176440656185 251.59062547981739 151.77656441926956 202.19014266133308 2839.3817799650133 152.93255505338311 472.88851777464151 121.32626050710678 82.578230038285255 122.97347168624401 104.79029273986816 89.683357492089272 83.520150989294052 245.15412065759301 91.536876149475574
leaf_count=302 329 569 543 407 538 10349 543 1606 284 343 291 319 254 484 1320 355
internal_value=0.000485016 0.0121684 0.00775664 0.0151599 -0.00150331 -0.00150331 -0.00746256 -0.00150331 -0.00798285 -0.00886793 -0.00578471 -0.0112189 -0.00931152 -0.00948478 0.000948686 -0.0114348
internal_weight=5497.35 798.757 667.989 403.367 4698.59 3880.94 817.651 3557.42 323.516 664.718 289.072 375.647 270.856 166.098 3084.54 181.22
internal_count=18836 1848 1519 950 16988 14097 2891 13275 822 2348 1118 1230 911 827 11669 609
is_linear=0
shrinkage=0.05


Tree=47
num_leaves=31
num_cat=0
split_feature=29 7 77 47 17 39 57 41 75 31 39 43 50 79 77 17 79 79 51 25 6 9 15 29 3 20 14 12 76 70
split_gain=69.48 28.4832 25.181 15.2105 15.5732 13.8323 14.1108 15.411 22.7948 13.0521 11.8778 12.1302 11.6494 9.25701 8.83126 8.59334 8.11091 8.04194 7.89021 7.7516 7.90824 7.16883 8.11545 9.99929 9.17336 6.43137 6.2371 12.0433 7.14758 5.90867
threshold=0.13153061408655597 19.361454545454549 0.39376494773204923 0.50553177243953917 0.75961538461538469 22.466803559206024 207.0900735294118 76.500000000000014 12.955000000000002 0.66937500000000016 28.621492128678991 56.031250000000007 21.571282051282054 0.40197172262494074 0.53211308187681838 3.226495726495727 -0.20852394380166975 -0.24218496738897852 4.8813391946992875 0.0066666666666666619 4.6944019918284079 10.289666666666671 0.27579253064974107 0.063293986249522885 6.6881944444444459 0.51666666666666683 0.47031250000000008 0.50861240864684654 0.81533671399594332 0.31977118692892725
decision_type=10 8 8 2 8 2 2 10 10 8 2 10 10 10 8 10 10 10 8 8 10 10 10 8 10 10 8 10 10 2
left_child=2 9 21 -4 29 12 17 10 14 16 11 -8 -6 15 -9 26 -2 -7 19 -16 -21 22 -1 25 -25 -24 28 -28 -13 -5
right_child=1 -3 3 4 5 6 7 8 -10 -11 -12 13 -14 -15 18 -17 -18 -19 -20 20 -22 -23 23 24 -26 -27 27 -29 -30 -31
leaf_value=-0.0046875924257489465 0.0090880392350407586 0.042123374939776172 -0.011923629744798067 -0.0082781372203639039 0.03790405115934227 0.0030683036043229828 0.023130730469878909 0.017703987990976919 0.029933101327316643 -0.0022110177979640026 -0.014290880710018423 -0.00030755249880387906 0.0091065107724035508 -0.012575624127480051 -0.010593455987660313 0.020557733620130098 0.029117260290499204 -0.017722327772848764 -0.017179255442375956 -0.002405175481463984 0.024004538525291996 -0.015280122953531589 -0.009349776164462897 0.017931068002546357 -0.00027729236822525899 0.0031082375330883944 -0.0186123036055694 0.0059778391829976045 0.024653251143152397 0.0084215688973577809
leaf_weight=2319.8878332227468 97.680614128708839 108.7836979329586 147.4192627184093 268.60929934680462 61.602730266749859 91.497247088700533 79.239346623420715 116.0698463767767 154.92083606123924 102.1831476315856 90.587726715952158 62.369400005787611 81.960723500698805 86.721866756677628 49.626285627484322 74.486280526965857 106.72300776839256 93.075764730572701 47.362250898033381 48.749387204647064 66.174605671316385 128.76693689823151 216.68703883886337 137.67850758135319 137.94895884394646 196.93972714245319 78.867233779281378 131.35580280423164 52.057746887207031 65.057055354118347
leaf_count=5412 367 373 674 2509 313 418 336 253 352 364 555 692 396 190 347 383 317 198 280 382 388 380 445 320 338 467 329 509 137 459
internal_value=0.000608819 0.0202457 -0.00099867 0.00346582 0.00473186 0.00694918 0.00534007 0.00741894 0.0141878 0.0123714 0.00241979 0.0051191 0.0216402 0.00214008 0.00668214 0.00536085 0.0196365 -0.00745492 0.000590405 0.00577789 0.0128777 -0.00377016 -0.00327271 0.00148937 0.0088499 -0.00342496 0.00182172 -0.00329184 0.0111634 -0.00500665
internal_weight=5501.09 415.37 5085.72 1947.81 1800.39 1466.73 1323.16 1138.59 482.903 306.587 655.685 565.098 143.563 485.858 327.982 399.136 204.404 184.573 211.913 164.55 114.924 3137.91 3009.14 689.254 275.627 413.627 324.65 210.223 114.427 333.666
internal_count=18883 1421 17462 10100 9426 6458 5749 5133 2002 1048 3131 2576 709 2240 1650 2050 684 616 1397 1117 770 7362 6982 1570 658 912 1667 838 829 2968
is_linear=0
shrinkage=0.05


Tree=48
num_leaves=31
num_cat=0
split_feature=10 6 30 51 6 53 43 77 43 33 76 39 77 76 75 77 10 17 52 58 50 43 77 77 51 60 52 39 76 45
split_gain=49.2087 22.7353 22.5799 17.9147 16.6885 19.9484 18.0201 14.547 14.9815 13.6966 16.237 13.2981 12.8926 12.4239 11.7335 10.8126 8.80113 11.2591 13.0253 8.9133 9.90346 8.87568 7.55594 7.90471 7.3072 6.24846 5.8664 6.97697 7.34142 5.82095
threshold=0.10000247500247501 9.2104861585588278 0.51796542718938854 3.9579263474000319 4.1069047349526224 2.379807692307693 62.759615384615394 0.29437066614767959 67.591666666666683 3.3875000000000002 1.2516152161443397 24.360027378507876 0.34731690212808453 2.6753307725138717 16.525000000000002 0.70239076294756753 0.094837585243440797 1.2792207792207795 200.61250000000004 23.031250000000004 24.33589743589744 64.639610389610411 0.57701368450881485 0.47853486254722188 4.359402802491104 -6.2499999999999991 201.41428571428574 25.813826146475019 0.82265833799490351 18.516666666666669
decision_type=10 10 8 8 8 8 10 8 8 10 10 2 10 10 8 8 10 8 10 2 10 10 10 8 10 2 8 2 10 8
left_child=7 3 -3 15 -5 14 -7 25 13 10 11 -10 -13 16 -6 -2 17 26 -19 21 24 22 23 -20 -21 29 -9 -28 -29 -1
right_child=1 2 -4 4 5 6 -8 8 9 -11 -12 12 -14 -15 -16 -17 -18 18 19 20 -22 -23 -24 -25 -26 -27 27 28 -30 -31
leaf_value=0.0086436768926162564 -0.013076987979216387 0.044616344854548233 0.0086950671195340345 0.031121164289053423 -0.0091001465126407926 0.034728658938228622 0.0047163994353775036 0.0060246222131370049 0.015217323220889402 0.027824402031292723 0.031242129843287475 0.0050879614600941418 -0.02336653052273685 0.020558518202562923 0.012807911411577248 0.0076377204738211791 -0.017656661920149971 -0.012059274847836763 0.021448416045221755 0.016815107102134002 -0.013285382849451927 -0.0019403228949469724 0.029268265331584505 -0.0022557033440662616 -0.0034408043054719537 -0.0053346497166056172 -0.0025154496858259003 -0.0063769257552084326 -0.024111249533219262 -0.0034401665497654868
leaf_weight=163.72989189624786 144.80174766480923 86.879817131906748 88.314890157431364 92.64888010174036 167.1331789046526 99.745571050792933 100.04698659107089 90.769388653337955 89.438496086746454 85.26471184939146 48.669973284006119 81.058307573199272 76.677863568067551 63.812981337308884 95.026751935482025 110.04402771964669 81.695160783827305 110.18965454772115 73.611855015158653 89.86392991617322 91.32928890734911 78.602874275296926 84.724145740270615 66.205140989273787 86.745684113353491 2264.5546972155571 295.19023818150163 137.18717181682587 101.89108937978745 251.380325704813
leaf_count=391 336 299 315 272 393 292 407 355 599 285 141 915 188 153 459 583 270 311 154 432 430 353 175 502 285 5275 2002 1393 224 642
internal_value=0.000256246 0.0103776 0.0266607 0.0068248 0.0118604 0.00793862 0.0197982 -0.00195403 0.00147802 0.0102869 0.00515581 -8.59106e-05 -0.00880425 -0.000839852 -0.0011405 -0.00413735 -0.00183773 -0.000835678 0.00360813 0.00664693 -2.45024e-06 0.0125048 0.0175476 0.0102879 0.00690262 -0.00430128 -0.00567732 -0.00767296 -0.0140039 0.00133532
internal_weight=5497.23 984.642 175.195 809.447 554.601 461.952 199.793 4512.59 1832.93 381.109 295.845 247.175 157.736 1451.82 262.16 254.846 1388.01 1306.31 681.273 571.083 267.939 303.144 224.541 139.817 176.61 2679.66 625.038 534.268 239.078 415.11
internal_count=18831 3356 614 2742 1823 1551 699 15475 9167 2128 1843 1702 1103 7039 852 919 6886 6616 2642 2331 1147 1184 831 656 717 6308 3974 3619 1617 1033
is_linear=0
shrinkage=0.05


Tree=49
num_leaves=31
num_cat=0
split_feature=11 61 29 44 26 57 60 43 28 47 29 31 37 25 41 45 29 55 24 24 44 46 46 41 41 21 43 36 64 52
split_gain=52.1 24.1838 24.3419 19.1138 17.1541 14.2831 12.9208 13.5523 11.2011 9.14775 8.5514 9.16671 8.68793 9.60745 7.66151 7.3298 6.88472 8.84617 7.47248 8.82022 6.88446 10.4655 12.5114 6.73796 6.33376 5.94546 4.51983 3.82238 3.72491 3.70168
threshold=0.086767116879037223 46.750000000000007 0.091393265821706468 0.58111333290330913 15.500000000000002 232.3602941176471 1.2500000000000002 62.408333333333339 17.021500000000003 0.55649429487481739 0.021432925136733959 0.63269696969696987 2.5000000000000004 -0.087999999999999967 199.50000000000003 23.607692307692314 0.062931661055623353 19.690625000000001 2.0671477272727277 0.4691785714285715 0.55820255876977387 62.181985294117659 64.363970588235318 66.500000000000014 122.50000000000001 6.7627705627705632 65.759615384615401 0.19844338539839204 72.500000000000014 219.83333333333337
decision_type=10 2 10 10 2 2 2 10 10 2 8 10 10 8 10 10 8 2 8 10 8 2 2 10 8 10 10 10 8 10
left_child=8 3 23 5 -4 -2 7 -5 10 -7 26 12 13 15 16 -12 18 -18 19 -15 28 -22 -23 -3 -20 -14 27 -1 -19 -26
right_child=1 2 4 6 -6 9 -8 -9 -10 -11 11 -13 25 14 -16 -17 17 20 24 -21 21 22 -24 -25 29 -27 -28 -29 -30 -31
leaf_value=-0.006517745941603841 -0.011789303870038015 -0.0045950471132527888 0.016818026228164064 0.015881937273757585 0.044355303752245119 0.017161205858870768 0.023161220325803918 -0.0066214625360900507 0.01513927735962789 -0.0025445255761007961 6.8110698206018091e-05 -0.014761726536188766 -0.0050940609889374017 0.00049930379402897255 -0.009342572559946704 -0.017118975746488192 -0.0036491567164992906 0.0096362836576132024 -0.012242567804764681 0.021137626156269199 0.02425525020056353 -0.003325699703617473 0.018938591028528611 0.014456976588690888 -0.0057172214459153478 0.0058704032881543196 0.00060944759759285253 -0.016646158654628894 -0.0045294697738952052 0.0082042498061872752
leaf_weight=855.48093499243259 217.51140275225043 85.621059749275446 120.3566472530365 141.30175009742379 109.14592183753848 101.78920079395175 163.3895828537643 125.47153617441654 90.288503121584654 137.39722038432956 146.88352082669735 117.76072469353676 1062.7526087351143 161.4846164919436 108.41569229960442 106.3765010163188 139.22717416658998 88.609416425228119 146.15583065897226 75.2312345020473 153.08041888102889 127.57770540937781 123.36265869438648 99.37042123451829 90.26202354580164 139.05307156965137 200.91675551235676 104.23430275544524 95.366522941738367 99.20461368188262
leaf_count=2637 568 347 471 441 353 313 572 499 341 475 527 327 3380 669 365 376 400 330 505 298 475 565 566 364 265 426 970 303 324 410
internal_value=0.000503742 0.00924891 0.019205 0.00457932 0.0300497 -0.00254374 0.0121301 0.00531271 -0.00218715 0.00587806 -0.00256845 -0.00114985 -0.000585021 0.00175735 0.00337069 -0.0071899 0.00443766 0.00766276 0.000333572 0.00711975 0.0103429 0.0139867 0.00765119 0.00566168 -0.00445967 -0.00382161 -0.00620766 -0.00763397 0.00230848 0.00157686
internal_weight=5533.08 1301.35 414.494 886.861 229.503 456.698 430.163 266.773 4231.72 239.186 4141.44 2980.8 2863.04 1661.24 1407.98 253.26 1299.56 727.224 572.338 236.716 587.997 404.021 250.94 184.991 335.622 1201.81 1160.63 959.715 183.976 189.467
internal_count=18862 4403 1535 2868 824 1356 1512 940 14459 788 14118 10208 9881 6075 5172 903 4807 2660 2147 967 2260 1606 1131 711 1180 3806 3910 2940 654 675
is_linear=0
shrinkage=0.05


Tree=50
num_leaves=31
num_cat=0
split_feature=77 47 4 52 52 29 13 52 47 69 70 33 69 56 9 77 44 76 31 20 54 79 71 59 22 70 73 9 10 25
split_gain=38.0461 23.352 20.3208 21.8711 15.3342 17.1202 15.6975 19.2014 17.7507 14.0018 15.6723 12.6132 12.4707 10.4202 12.1101 11.092 9.9986 16.03 9.71225 9.57729 7.39753 6.87508 6.74341 6.58421 6.42404 6.68193 6.78138 7.42555 7.06631 6.96593
threshold=0.39376494773204923 0.49901477736880528 6.062270148525652 202.06666666666669 208.03125000000003 0.17205873624569767 0.41144615908024224 222.56666666666669 0.56557998963062261 1.0000000180025095e-35 0.30197706258721718 3.861904761904762 0.026201701236364509 4.462742907441263 16.264166666666672 0.56864518866648328 0.55820255876977387 0.98936178976748768 0.47138095238095246 1.4606060606060607 31.781746031746035 -0.68631220574387941 0.27826144138041553 0.75000000000000011 0.89915254237288156 0.19021461562247624 9.5000000000000018 6.839333333333335 0.03816340470572463 -0.10718253968253964
decision_type=8 2 8 8 8 10 8 8 2 2 2 10 2 2 8 10 8 8 10 10 10 8 2 2 8 2 2 10 10 10
left_child=20 -2 22 12 -5 6 9 -8 16 23 19 13 -4 14 15 -10 -9 -18 -16 -11 21 -1 -3 -6 25 26 28 29 -23 -28
right_child=1 2 3 4 5 -7 7 8 11 10 -12 -13 -14 -15 18 -17 17 -19 -20 -21 -22 24 -24 -25 -26 -27 27 -29 -30 -31
leaf_value=-0.0098273633212992741 -0.016122988429857932 -0.0068249851624204621 -0.014856300314220881 0.031930769298015471 0.016631581221657487 0.030209186472507584 -0.010987273290704473 0.01006160874100058 0.00016329345595873963 0.051068614661573801 0.0051050301788711644 0.027118654177856083 0.0064152917142183494 0.020129120546302035 0.0051794649092612192 0.027606377150304791 -0.02511298475914682 0.0042087669762590251 -0.020450880726807185 0.023649547424931212 0.0075006411557734911 -0.003617011016147273 0.0092580367650939039 -0.0048759498472343149 -0.0052540290987109191 0.010770707311261861 -0.012190711049098127 -0.013952362769434463 0.0095522186089882898 0.0013091687691406866
leaf_weight=415.77395439147949 122.25754525884986 335.73972681164742 139.870848916471 80.966080527752638 67.443200465291739 93.938807059079409 155.85985179618001 109.85094553977251 73.533367019146681 57.525542005896568 61.453738011419773 126.11657103523612 134.03473077714443 144.59588507562876 81.811142347753048 72.771591663360596 83.064089879393578 104.0813493989408 65.955580070614815 77.471456829458475 149.45732958614826 185.13364331424236 79.899607811123133 73.400616761296988 1381.8564883470535 121.88197721540928 122.03378491103649 158.97083482146263 224.35072422027588 427.18613786995411
leaf_count=693 589 3296 360 214 354 320 437 341 470 305 259 437 409 580 568 180 174 555 245 423 383 460 529 347 3222 351 311 444 602 1044
internal_value=0.00022956 0.00506715 0.00624117 0.00853698 0.0108657 0.0096673 0.00822189 0.00511401 0.00803542 0.0175557 0.0261506 0.0132317 -0.00446165 0.00918665 0.00375622 0.0139081 -0.0018574 -0.00886993 -0.00632119 0.0356231 -0.00332572 -0.00386077 -0.0037185 0.0054676 -0.00291104 -0.000296959 -0.00151243 -0.00447168 0.00360392 -0.00170714
internal_weight=5528.29 2341.64 2219.38 1803.75 1529.84 1448.87 1354.93 1017.64 861.781 337.295 196.451 564.784 273.906 438.668 294.072 146.305 296.996 187.145 147.767 134.997 3186.64 3037.19 415.639 140.844 2621.41 1239.56 1117.68 708.191 409.484 549.22
internal_count=18902 11392 10803 6978 6209 5995 5675 3987 3550 1688 987 2480 769 2043 1463 650 1070 729 813 728 7510 7127 3825 701 6434 3212 2861 1799 1062 1355
is_linear=0
shrinkage=0.05


Tree=51
num_leaves=31
num_cat=0
split_feature=10 76 51 29 25 67 69 69 77 25 27 12 77 37 56 77 6 15 79 20 76 52 64 31 11 10 11 24 39 47
split_gain=28.3768 20.1332 19.5149 16.4138 16.0286 12.2459 18.6048 10.9966 9.22198 7.36621 7.89857 6.47655 6.95308 6.69505 6.10209 7.08028 7.07905 14.0104 11.8976 13.5641 8.73755 5.77929 5.67484 6.42827 5.18384 5.64282 7.93164 9.08515 5.77206 5.58831
threshold=0.10556478960412531 0.76172542107324726 3.9579263474000319 0.13681971223032155 -0.064999999999999947 1.0000000180025095e-35 0.047525652951380427 1.0000000180025095e-35 0.7881386988257536 -0.049999999999999968 15.156250000000002 0.0096176971176971191 0.65251382255955437 3.5000000000000004 3.648968874087358 0.15792825316701825 6.8660412703438345 0.40509061719732004 0.016946244346887861 1.9374999999999989 1.2212776659959761 272.0555555555556 56.500000000000007 0.49559027777777781 0.069961191971526407 0.025085308492320688 0.042782331156936505 1.8631071428571433 25.199178644763865 0.61999365623602209
decision_type=10 8 8 10 8 2 2 2 10 8 10 8 10 8 2 10 10 10 8 10 8 10 10 10 10 10 10 8 2 2
left_child=3 -2 7 8 -4 6 -6 -3 9 21 11 -11 13 14 15 -13 17 24 -19 -20 -18 22 23 -1 25 29 28 -28 -27 -16
right_child=1 2 4 -5 5 -7 -8 -9 -10 10 -12 12 -14 -15 16 -17 20 18 19 -21 -22 -23 -24 -25 -26 26 27 -29 -30 -31
leaf_value=-0.0085988237671445391 -0.012038220460628716 -0.012346841958017066 -0.0019515610905510906 0.019014712803660638 0.015186669339233884 0.0060775779481354051 0.039841444704446338 0.0089443758568071401 0.012625586178949773 -0.0064106794426002194 0.010552569524449147 0.00048698538695505665 -0.011628574722866034 -0.007263244122688201 -0.0041151194465884645 0.022845293320992346 -0.015636513685562473 0.024077286347766666 0.014542064161895442 -0.0107771753120776 0.0053740531367987114 0.0023946370777058659 -0.00059790755611987059 -0.022751826001687358 -0.01147125423539147 0.0021122481539545784 0.010089029174009785 -0.0093774050595915488 0.016971784653605174 0.0056062115409997899
leaf_weight=406.97515710815787 109.47412616014481 112.6470153927803 99.437785856425762 91.603755783289671 189.95003519207239 113.07841353863478 129.6288642399013 129.04587038606405 100.86227357387543 690.76133649051189 127.34629685804248 79.19006821513176 145.08410543203354 314.42341032624245 855.13994548469782 63.111867904663086 147.01598583161831 105.02266834676266 120.85986034199595 92.532001070678234 73.712125565856695 137.55400150641799 158.95613522082567 99.880014434456825 110.32488109171391 122.84246602281928 93.299520790576935 163.59119662642479 139.4291191585362 177.77852413058281
leaf_count=1265 279 422 353 358 581 419 450 515 285 2416 369 581 311 768 2829 149 371 239 524 356 547 712 588 257 409 400 331 544 468 764
internal_value=-0.000253743 0.00795209 0.0107922 -0.00182485 0.0161353 0.0202871 0.0252803 -0.000988915 -0.00225077 -0.00259265 -0.00163078 -0.00207771 -0.00100814 -0.000424338 0.000495796 0.0104933 -0.000154884 0.000793114 0.0103841 0.00356396 -0.00862744 -0.00692119 -0.00884651 -0.0114271 -0.00104906 -0.000301322 0.0039466 -0.00229573 0.0100464 -0.00243815
internal_weight=5500.56 883.262 773.788 4617.3 532.095 432.657 319.579 241.693 4525.69 4424.83 3621.47 3494.12 2803.36 2658.27 2343.85 142.302 2201.55 1980.82 318.415 213.392 220.728 803.365 665.811 506.855 1662.41 1552.08 519.162 256.891 262.272 1032.92
internal_count=18860 3019 2740 15841 1803 1450 1031 937 15483 15198 12376 12007 9591 9280 8512 730 7782 6864 1119 880 918 2822 2110 1522 5745 5336 1743 875 868 3593
is_linear=0
shrinkage=0.05


Tree=52
num_leaves=31
num_cat=0
split_feature=15 75 47 15 61 13 4 45 19 60 55 65 21 58 76 58 58 17 65 54 28 30 13 53 76 45 45 43 24 79
split_gain=28.2054 19.7899 16.4798 16.5196 14.9769 12.8056 14.6503 14.972 13.5255 13.1855 10.1333 9.58029 8.58368 8.34587 7.35658 7.48026 11.8304 6.27434 6.05699 10.0772 5.2477 4.95799 5.01137 4.55408 4.03326 3.79474 3.58418 3.47681 3.64563 3.34881
threshold=0.39958299186168927 13.365 0.61592954526732024 0.53001733010628815 45.250000000000007 0.41144615908024224 15.557029125058159 25.630681818181824 17.679487179487186 4.7500000000000009 22.693750000000005 9.5000000000000018 5.5010548523206761 22.909926470588239 0.94187141550065845 24.718750000000004 20.211397058823533 2.1483516483516487 9.5000000000000018 26.861904761904764 3.5369107142857148 0.23807298706515925 0.16974056584429828 2.0801282051282057 1.1261409581736264 27.43650793650794 18.516666666666669 65.033333333333346 1.7745000000000013 -0.48270662404980541
decision_type=10 10 2 10 2 10 10 10 10 2 2 8 10 2 8 2 2 10 10 8 8 10 10 10 8 10 10 10 8 8
left_child=1 12 5 24 -5 9 7 14 10 11 -8 -2 17 -13 -7 16 -16 18 29 25 27 22 23 -22 -4 -20 -21 28 -14 -1
right_child=2 -3 3 4 -6 6 8 -9 -10 -11 -12 13 20 -15 15 -17 -18 -19 19 26 21 -23 -24 -25 -26 -27 -28 -29 -30 -31
leaf_value=-0.0091650207956566303 0.022990547108573241 0.02041555166287419 -0.0076180933078021998 0.01032296964369913 0.036165558064610602 -0.011841193167428384 0.0041119126754980166 -0.022347960157079627 -0.0052376711748995906 -0.0047473083922835255 0.023677535376594623 0.016973972666881311 -0.0011470437289071384 -0.0031497450260885443 -0.0048252430030447362 -0.0095918473668098695 0.017440320712558001 -0.01691023920299525 -0.0064959181149572822 0.018302900649825853 -0.0043795157817916406 -0.0060043405001191374 0.019555527123392549 0.010053256744820582 0.0093449373778823654 0.005720189212795033 0.0035917980752572728 0.0058766251762733725 -0.013375478815144282 -0.0042827204685813493
leaf_weight=441.21690660715103 161.56070970743895 89.192052096128464 70.10927639901638 118.81882702931762 107.10962661728263 133.40822364389896 143.2508866712451 110.52912987396121 157.83530773222446 126.84361992403865 122.8251491971314 99.65478340536356 160.22174940630794 105.01249722391367 113.85711415484548 97.562073774635792 123.53752694278955 98.177430596202612 296.81206917390227 81.185220435261726 86.125140935182571 73.670184995979071 74.720291618257761 146.42933178320527 68.095480348914862 79.986789774149656 84.668427512049675 83.518183920532465 97.579682905226946 1733.7918298430741
leaf_count=797 545 208 187 420 433 291 374 369 478 396 388 298 559 332 398 394 450 357 1172 294 377 332 269 585 414 252 318 397 274 6410
internal_value=-0.000148374 -0.0027152 0.00485608 0.0143803 0.02268 0.0025296 -0.000715815 -0.0058832 0.00633801 0.0091182 0.0131986 0.0139204 -0.0033039 0.00668361 -0.00195836 0.00200135 0.00678606 -0.00455086 -0.00409831 0.000626556 0.00155709 0.00558453 0.00837347 0.0047123 0.000746927 -0.00389441 0.0108594 -0.0029411 -0.00580939 -0.00527689
internal_weight=5487.31 3627.3 1860.01 364.133 225.928 1495.88 1002.81 578.894 423.911 493.072 266.076 366.228 3538.1 204.667 468.365 334.957 237.395 2815.84 2717.66 542.653 722.265 380.945 307.275 232.554 138.205 376.799 165.854 341.32 257.801 2175.01
internal_count=18768 12601 6167 1454 853 4713 3142 1902 1240 1571 762 1175 12393 630 1533 1242 848 9600 9243 2036 2793 1563 1231 962 601 1424 612 1230 833 7207
is_linear=0
shrinkage=0.05


Tree=53
num_leaves=31
num_cat=0
split_feature=77 30 75 29 69 6 57 57 6 69 76 57 6 12 76 77 13 14 36 4 77 6 36 57 14 10 22 21 17 71
split_gain=35.8733 32.9407 20.1624 16.6328 14.5672 20.387 12.2938 17.9416 11.3535 9.81978 9.73923 7.74822 7.72916 7.43733 14.2648 7.73307 8.3355 8.15611 7.23721 6.62194 6.4036 8.98162 5.95371 5.85925 8.56133 4.16465 3.80545 4.03679 3.57245 3.14171
threshold=0.70677776736118536 0.56644900476537019 14.585000000000003 0.074095495569345207 0.16154808280816918 5.5022206638351721 237.34375000000003 276.90992647058829 3.8997840278064313 0.0081902620420062303 0.88629272384387592 218.47977941176472 4.2896659845829772 0.52777629725633046 0.91002123426371828 0.14367921589987495 0.28889052811726768 0.27292857142857146 0.30694099037705586 6.9992082900800332 0.39376494773204923 6.7010989976341744 0.2225696865416055 232.94117647058826 0.1296428571428572 0.07160220046300951 0.83889506859473506 5.1418831767090483 1.4330357142857146 0.09924220034738522
decision_type=10 10 10 10 2 8 2 2 8 2 10 2 10 10 10 10 10 10 10 10 10 8 10 2 10 10 10 10 10 2
left_child=3 2 -2 13 6 -6 8 9 -5 12 -11 -10 -8 15 25 19 17 23 -9 28 -18 -22 -19 -17 -25 -15 27 -21 29 -1
right_child=1 -3 -4 4 5 -7 7 18 11 10 -12 -13 -14 14 -16 16 20 22 -20 26 21 -23 -24 24 -26 -27 -28 -29 -30 -31
leaf_value=-0.005047368005626442 0.0067777190656996417 -0.0025077710578903039 0.032828715803531576 0.010029171997330177 -0.0036185052639781628 0.026921815884786812 -0.0048764795321113979 0.0041458080230737087 -0.0019660468515576494 0.0090683222736526407 0.034301571048784028 -0.01646240739436422 0.013485817983057794 0.0090343923445115239 -0.031293965205744033 -0.0051960380469284421 -0.012477055576952107 0.017400431057685874 -0.018767169975381887 0.0021597490170137883 0.0091063423823338433 -0.009449790290114217 0.0029322341949297556 0.014509764030598336 -0.0014939930633669019 -0.011118773922021714 -0.0066620845038716861 0.024573676347632991 -0.014084670644073989 0.00012975049508481528
leaf_weight=1674.8938766717911 120.57754002511501 212.4755692332983 195.07907685637474 105.79332241415977 87.710227750241756 143.0174773670733 98.803241968154907 61.017750676721334 206.07950551062822 76.011827763170004 77.990626141428947 166.23218948766589 134.12663277238607 49.50186501070857 63.863589212298393 269.78151139616966 168.12166579067707 149.26326870918274 77.293484788388014 39.535638950765133 132.34704387187958 126.62199485301971 135.89380650222301 133.51807790994644 220.19994115829468 51.076237831264734 31.617933612316847 40.286411684006453 93.78664330765605 355.0806348733604
leaf_count=6168 338 440 479 324 339 563 329 315 593 416 188 493 496 303 171 504 410 329 368 387 339 305 322 299 514 326 281 407 520 1560
internal_value=0.000334104 0.0127108 0.0229303 -0.000983527 0.00404698 0.0153465 0.00143587 0.00671028 -0.00436047 0.0122276 0.0219859 -0.00846524 0.00570942 -0.00264612 -0.0130113 -0.00216529 0.00084427 0.00355125 -0.00870162 -0.00396337 -0.0049098 3.19375e-05 0.0105398 0.000343256 0.00457083 -0.00120863 0.00786911 0.0136362 -0.00458766 -0.00414217
internal_weight=5497.6 528.132 315.657 4969.47 1234.08 230.728 1003.35 525.244 478.105 386.932 154.002 372.312 232.93 3735.39 164.442 3570.95 1335.75 908.657 138.311 2235.2 427.091 258.969 285.157 623.5 353.718 100.578 111.44 79.8221 2123.76 2029.97
internal_count=18826 1257 817 17569 4424 902 3522 2112 1410 1429 604 1086 825 13145 800 12345 3022 1968 683 9323 1054 644 651 1317 813 629 1075 794 8248 7728
is_linear=0
shrinkage=0.05


Tree=54
num_leaves=31
num_cat=0
split_feature=29 4 76 73 29 11 11 31 36 19 41 21 76 29 9 26 11 24 18 33 29 64 35 31 41 76 38 75 12 53
split_gain=27.4694 19.007 16.4364 19.1388 13.9463 10.5218 11.3932 9.85401 14.8189 9.62376 8.34098 7.78072 7.8854 8.7475 5.8712 5.75701 7.34645 5.4079 12.6273 6.89609 9.30258 8.9249 6.62503 5.34161 5.88816 7.67358 6.81981 6.6909 4.99858 4.26874
threshold=0.080597634640491647 22.20458206135249 1.1309216597574945 5.5000000000000009 0.12187853841656947 0.12025338295612767 0.070697871907283702 0.59278846153846165 0.37726561531707831 14.345238095238097 26.000000000000004 5.5010548523206761 0.86129093524011668 0.057073445257715447 16.145666666666674 11.500000000000002 0.096290896320011449 0.621 1.5166666666666668 1.9411764705882355 0.045225252300360209 80.500000000000014 1.5000000000000002 0.33360389610389612 143.50000000000003 1.1752060264732089 3.5000000000000004 8.2550000000000008 0.088806969226660717 3.3100961538461542
decision_type=10 10 8 2 10 10 8 10 10 8 8 10 10 8 10 2 10 10 10 10 10 8 8 10 10 10 10 10 8 10
left_child=10 2 5 4 -4 6 -2 8 28 -8 -1 15 29 -14 -7 16 23 19 -19 20 -17 -22 -21 24 26 -26 27 -12 -5 -13
right_child=1 -3 3 7 -6 14 9 -9 -10 -11 11 12 13 -15 -16 17 -18 18 -20 22 21 -23 -24 -25 25 -27 -28 -29 -30 -31
leaf_value=0.01213066990868591 -0.0073834275384019182 0.027050741953739556 0.01260726943621579 0.012847220646788841 0.039476823485929013 -0.00086201113997183977 0.017315382099178083 -0.0097318534634177126 0.032138613344278456 0.0013521827736687471 -0.0015377873580123733 -0.0040833803831815518 0.00054971272816018303 0.017241431161190479 -0.01617976737384063 -0.0038802358314768666 -0.019726420082152835 -0.0042355806168423082 0.016611034347424804 -0.018377972278318937 0.017839055467389668 -0.0016937594767325323 -0.0025021238177970733 -0.015074786779853225 -0.0052904282865878574 -0.020499681358077643 -0.0094119635441131406 0.011917691000427907 -0.0072735117098335234 0.008793137495487208
leaf_weight=97.733164481818676 160.04610997438431 98.058795660734177 125.43212518468499 49.981221035122871 79.088332761079073 123.89731964468956 169.55075123906136 97.632609285414219 52.018164921551943 211.91763179004192 695.76772429421544 426.00724834948778 178.02908478677273 139.4829735904932 125.60050861537457 647.06696102395654 87.067755576223135 169.75281233340502 125.57215636596084 123.80669716745615 112.19057557731867 120.66612493619323 139.56568587198853 118.53585892915726 381.28541582450271 105.43063516914845 235.74128635600209 105.51419095695019 77.244308710098267 74.826024871319532
leaf_count=443 360 306 521 256 359 318 394 462 330 415 2824 1975 385 349 286 2040 372 531 409 391 390 339 513 398 1314 201 645 279 554 318
internal_value=-0.000172119 0.00595061 0.00430455 0.0115787 0.0231393 -0.00013137 0.00378236 0.00298661 0.00992981 0.00847405 -0.00222766 -0.00258264 0.00176196 0.00791349 -0.00860698 -0.00370513 -0.00564846 -0.00136679 0.00465454 -0.00292487 -0.000796338 0.00775321 -0.0100064 -0.00489054 -0.00408891 -0.00862028 -0.00195591 0.0002467 0.000669571 -0.0021459
internal_weight=5454.51 1370.47 1272.41 481.397 204.52 791.012 541.514 276.876 179.244 381.468 4084.04 3986.31 818.345 317.512 249.498 3167.96 1729.34 1438.62 295.325 1143.3 879.924 232.857 263.372 1642.28 1523.74 486.716 1037.02 801.282 127.226 500.833
internal_count=18677 4561 4255 2482 880 1773 1169 1602 1140 809 14116 13673 3027 734 604 10646 6033 4613 940 3673 2769 729 904 5661 5263 1515 3748 3103 810 2293
is_linear=0
shrinkage=0.05


Tree=55
num_leaves=31
num_cat=0
split_feature=29 17 58 77 71 11 39 30 5 6 29 39 44 9 54 3 17 14 54 44 79 77 27 11 25 45 52 79 6 53
split_gain=34.4989 19.8046 15.7536 13.3622 9.90513 19.94 12.3393 13.646 10.6046 9.52061 15.6692 9.92 12.8116 7.74993 9.28336 8.08429 7.74014 15.5767 15.5408 10.8297 9.91284 7.77054 14.7598 6.8623 6.80636 5.4892 5.46546 5.74507 5.18438 4.90577
threshold=0.13600591768402551 4.6076923076923082 23.545955882352946 0.39376494773204923 0.094630865193535321 0.10642736680065933 26.383299110198497 0.33721246655518644 12.84166666666667 8.6230273794450749 0.07805603745831384 22.865160848733748 0.59295714307242864 7.7461666666666682 22.730303030303034 4.9379807692307702 2.1180555555555558 0.61038461538461564 20.62019230769231 0.61024060466829189 -0.54728125304119779 0.61934701598118547 11.620779220779221 0.058859439259553836 0.057709790209790175 22.881944444444446 287.13392857142861 0.47912761307999402 3.4522490911775745 2.8257575757575766
decision_type=10 8 2 8 2 10 2 10 8 10 10 2 10 10 10 10 8 10 8 10 8 10 10 10 10 10 10 10 10 10
left_child=3 2 -2 13 9 6 8 -8 23 11 -11 12 -5 15 -15 24 17 20 29 21 -13 22 -20 28 26 -17 27 -1 -6 -18
right_child=1 -3 -4 4 5 -7 7 -9 -10 10 -12 16 -14 14 -16 25 18 -19 19 -21 -22 -23 -24 -25 -26 -27 -28 -29 -30 -31
leaf_value=-0.0038809403679359133 -0.0036342690853001661 0.031334475738109227 0.022476646408729498 0.02185562249341523 0.00055269288538960985 0.031988383325384909 0.0068859641699822146 -0.02794830648035479 0.029848511988854645 -0.0021700346120987197 0.022630585956609196 0.019995199236847276 -0.0046842549439172097 -0.0017913784477222715 -0.019142080915889759 0.010800924150281102 -0.028714102889705568 0.023203684983435335 -0.01320681029077353 0.01095501132275156 -0.0039692811237477749 -0.015778641757342483 0.016151241299257681 -0.009936482343766255 0.0037872847000043094 -0.0010183572373113742 0.0035373685985945614 -0.010950802637985431 0.023044362889258457 -0.011221202920312796
leaf_weight=1591.6789780110121 147.66598524153233 120.57732825353742 93.644931614398956 97.123836610466242 51.21945945173502 76.119241006672382 58.287298694252968 52.753824722021818 53.174874994903803 138.56215555220842 116.61385944485664 46.302099466323853 84.193837761878967 151.43922467529774 156.51317191123962 178.19153855741024 81.670845579355955 68.965537291020155 92.594676058739424 116.49702947959304 491.64820066094398 135.64257173240185 77.90435079857707 55.132110800594091 290.91377912461758 217.09174387156963 198.37117864191532 350.40143740177155 50.365085672587156 81.885488506406546
leaf_count=3610 468 396 346 548 449 338 413 221 286 520 402 96 495 386 439 403 301 211 556 501 3610 271 286 241 680 563 646 639 259 302
internal_value=-3.04767e-05 0.0148712 0.00654947 -0.001078 0.00208534 0.00915625 0.00365835 -0.00976497 0.0107725 0.000357957 0.00920779 -0.0012906 0.00957388 -0.00312325 -0.0106431 -0.00230052 -0.00294832 0.0010097 -0.00704098 -0.00196048 -0.00187335 -0.00689492 0.000223419 0.00415163 -0.00337877 0.00432352 -0.00435404 -0.00516151 0.0118199 -0.0200776
internal_weight=5523.15 361.888 241.311 5161.26 2026.66 397.052 320.933 111.041 209.892 1629.6 255.176 1374.43 181.318 3134.6 307.952 2826.65 1193.11 606.916 586.195 422.639 537.95 306.142 170.499 156.717 2431.37 395.283 2140.45 1942.08 101.585 163.556
internal_count=18882 1210 814 17672 10306 2207 1869 634 1235 8099 922 7177 1043 7366 825 6541 6134 3917 2217 1614 3706 1113 842 949 5575 966 4895 4249 708 603
is_linear=0
shrinkage=0.05


Tree=56
num_leaves=31
num_cat=0
split_feature=29 50 18 71 75 70 44 21 43 3 79 6 29 52 15 15 12 76 15 2 56 65 36 18 51 33 47 50 76 29
split_gain=17.5145 20.3835 12.9736 12.5028 16.4304 12.2475 10.6683 18.1023 11.7954 12.4484 8.58638 8.27613 8.13666 9.9701 8.75098 8.44105 7.21612 8.19423 7.13996 6.06877 5.99193 5.71432 5.8466 5.53102 5.39057 5.72622 5.19866 4.93729 4.79457 4.5656
threshold=0.14234067201447223 21.4458041958042 0.44949494949494956 0.094630865193535321 13.455000000000002 0.028934993172896405 0.54500867977342493 4.4377582644628104 61.516666666666673 5.7591666666666672 0.37282244491538702 3.7922618544659978 0.074095495569345207 234.03333333333336 0.57488600023233027 0.34000963565400377 0.55490836341658623 0.68801624410209772 0.55600505306572678 1.0000000180025095e-35 4.462742907441263 13.500000000000002 0.294185541794802 1.720779220779221 4.6349107409993033 0.71008403361344519 0.59298438614186966 21.937857142857148 1.5472632944228277 0.038103409629081833
decision_type=10 10 10 2 10 2 10 10 10 10 10 8 10 10 10 10 10 8 10 2 2 8 10 10 10 10 2 10 8 10
left_child=2 -2 29 5 21 6 16 8 9 -8 12 27 14 -14 15 -9 17 -4 -15 24 23 22 -5 -13 25 -19 -17 -10 -23 -1
right_child=1 -3 3 4 -6 -7 7 10 11 -11 -12 20 13 18 -16 26 -18 19 -20 -21 -22 28 -24 -25 -26 -27 -28 -29 -30 -31
leaf_value=-0.0052979117124272255 0.026327143938567173 9.3343750109538466e-05 -0.014582975798638787 0.0032935063157587584 0.028434661395253014 -0.01285956334626614 -0.0055001396751632329 0.0024872289360630714 -0.009668785582571426 0.016684286858740356 -0.0010400737446698662 -0.0088472617852193465 0.0046687059393432321 0.013306703215344063 -0.0099693582218672167 0.022871661838187753 -0.015294513848196535 -0.0085812246794283835 0.032552005918126577 -0.0077369765730516092 -0.003714530045973607 -0.0094802095197716804 0.019322344709517689 -0.027065021224654928 0.013857976610516354 0.0059935040105968378 0.0060966790556960188 0.0071540613595608114 0.006029824395244571 0.0010766147947236177
leaf_weight=1456.2677020132542 132.54475421085954 166.20724072307348 108.50960732996464 146.28622294962406 83.891756743192673 175.93122287839651 133.91260905563831 301.87765488028526 76.340754203498363 118.19591172039509 289.22410815954208 72.401797294616699 138.21998891234398 107.53314764425159 80.652147818356752 110.9954583235085 122.75324621796608 109.41314372047782 90.063962437212467 159.52968934178352 90.905599035322666 101.02747073769569 92.639158822596073 101.73251064494252 98.483261611312628 171.96231641992927 80.223917793482542 99.016257923096418 96.446023900061846 347.59046280011535
leaf_count=4794 438 590 239 732 203 634 379 1259 296 319 539 304 463 503 325 449 392 410 338 525 324 242 409 425 252 519 359 441 541 1152
internal_value=3.1408e-05 0.0117813 -0.000650765 0.00118638 0.00830367 -0.00012095 0.000725473 0.00274578 -0.00368686 0.0049254 0.0064617 -0.008617 0.00884563 0.0150186 0.00521275 0.00771113 -0.0042298 -0.0021131 0.0221984 0.000417834 -0.0141755 0.0043776 0.00956304 -0.0195842 0.00385394 0.000315786 0.0159022 -0.000182974 -0.0019129 -0.00406967
internal_weight=5460.78 298.752 5162.03 3358.17 520.291 2837.88 2661.95 1891.3 692.505 252.109 1198.79 440.397 909.566 335.817 573.749 493.097 770.651 647.898 197.597 539.388 265.04 436.399 238.925 174.134 379.859 281.375 191.219 175.357 197.473 1803.86
internal_count=18795 1028 17767 11821 2127 9694 9060 6723 2488 698 4235 1790 3696 1304 2392 2067 2337 1945 841 1706 1053 1924 1141 729 1181 929 808 737 783 5946
is_linear=0
shrinkage=0.05


Tree=57
num_leaves=31
num_cat=0
split_feature=77 47 50 27 67 76 25 6 11 22 19 7 41 14 6 3 56 13 50 11 51 9 41 47 51 76 43 14 33 64
split_gain=26.4074 23.2601 29.1021 14.018 13.5597 12.4954 9.89652 9.45221 12.9423 8.10446 7.30826 20.4492 11.1467 8.1647 7.81462 7.66685 7.57194 7.25305 6.36932 10.9226 5.9127 7.1726 6.58389 5.96242 5.74552 5.37959 5.18523 7.31278 4.99483 4.96062
threshold=0.61576440184677417 0.52230692864999961 24.301333333333336 16.541470588235295 1.0000000180025095e-35 1.0406614911134864 -0.16333333333333322 1.1612800637808431 0.078601626357978363 0.93405797101449284 7.6833333333333345 7.6443376623376631 106.50000000000001 0.58612500000000012 6.7367091370268772 10.505000000000001 4.1923871434884239 0.19152686110581488 25.733333333333338 0.039000269603539688 4.0455699123211826 4.7098333333333349 134.50000000000003 0.58727670796636333 4.4155590680452717 0.7824371134020619 61.12916666666667 0.27292857142857146 0.97058823529411742 31.500000000000004
decision_type=10 2 10 10 2 10 8 10 10 8 10 10 10 10 10 10 2 10 10 10 10 10 8 2 10 10 10 10 10 10
left_child=3 -2 4 6 5 -3 -1 8 17 10 11 20 -13 14 15 -12 -15 -8 19 28 22 23 -9 24 -22 -16 -23 -28 -11 -24
right_child=1 2 -4 -5 -6 -7 7 9 -10 18 13 12 -14 16 25 -17 -18 -19 -20 -21 21 26 29 -25 -26 -27 27 -29 -30 -31
leaf_value=-0.012598566845525745 -0.011304295549346238 0.014467341301953499 -0.0037788375115027405 0.018671638862307698 0.0044072288925977995 0.032558013287774697 -0.0039172988211669865 0.015511570025418184 -0.021889177467167564 0.00037680062741742351 -0.0049909034797729658 0.034477623209229084 0.0072245957350864018 -0.0033526720961478775 -0.0029417493876468018 0.011340255437199291 0.020429327833131544 0.0092430871143276399 0.0050961148922415295 -0.0222621524188793 -0.0094119538005303129 -0.016532895118898817 -0.0075735367525009232 0.0072245957350864018 0.0046369037079701837 -0.019483040074633584 -0.011460364189733872 0.0072245957350864018 -0.012971554722073354 0.0072245957350864018
leaf_weight=200.56721294298768 131.53832937777042 218.05871570110321 221.92326886951923 84.466077152639627 140.74691088497639 173.08254525065422 1566.8676517121494 146.43066797032952 95.340896692126989 257.36230542883277 238.59274327754974 79.185996513813734 71.760571531951427 63.667010124772787 85.594577711075544 101.6584601663053 69.00091640651226 111.24676781892776 132.71917021274567 95.387390911579132 130.7824839875102 91.473545227199793 85.047370191663504 206.57248536497355 161.60320761799812 115.7676912099123 94.881054028868675 84.315010908991098 95.279316779226065 139.81747062504292
leaf_count=748 265 477 592 499 319 384 5195 544 339 869 933 358 321 386 539 342 339 409 515 273 417 226 336 790 470 293 369 303 291 652
internal_value=0.00013071 0.00803413 0.0114191 -0.00139007 0.0177555 0.0225352 -0.00176894 -0.00126339 -0.00406498 0.000688241 0.00222121 0.00442235 0.0216542 -0.00199632 -0.00472038 -9.26329e-05 0.00907671 -0.00303988 -0.00449659 -0.00734325 0.00212557 -0.000376475 0.0072246 0.00317754 -0.00165773 -0.012501 -0.00691561 -0.0019418 -0.00325624 0.00190593
internal_weight=5490.74 885.35 753.811 4605.39 531.888 391.141 4520.92 4320.35 1773.46 2546.9 1966.15 1291.87 150.947 674.281 541.613 340.251 132.668 1678.11 580.748 448.029 1140.92 769.628 371.296 498.958 292.386 201.362 270.67 179.196 352.642 224.865
internal_count=18793 2037 1772 16756 1180 861 16257 15509 5943 9566 7618 4786 679 2832 2107 1275 725 5604 1948 1433 4107 2575 1532 1677 887 832 898 672 1160 988
is_linear=0
shrinkage=0.05


Tree=58
num_leaves=31
num_cat=0
split_feature=29 37 17 39 43 76 43 27 3 76 17 11 11 79 41 53 56 51 47 76 47 50 36 20 78 9 70 48 1 56
split_gain=28.0245 15.0558 11.0647 17.08 18.1305 12.826 12.5754 13.311 12.0462 11.1847 10.6381 12.3698 12.2355 8.35601 7.52319 6.622 6.17533 6.08128 5.5959 5.47659 5.40301 5.37329 4.45788 5.45181 5.97086 6.05202 4.31204 4.63184 4.11878 3.89194
threshold=0.16885528164672342 2.5000000000000004 1.7817460317460319 24.524298425735804 64.639610389610411 1.0741289662372864 63.741666666666674 9.7937500000000011 9.5408333333333353 1.1699227561137888 3.226495726495727 0.13111760696851468 0.10642736680065933 -0.6962645315534246 113.50000000000001 3.6201923076923079 4.3176980469607207 5.2811436351259369 0.51285907624678206 0.7045355261467301 0.57181704377997167 18.117142857142863 0.46731201909449643 1.2613636363636365 2.5000000000000004 4.9071666666666678 0.44513343087867413 22.093750000000004 2.5000000000000004 4.1761183621063926
decision_type=10 8 8 2 10 10 8 10 8 10 10 10 10 10 8 8 2 10 2 10 2 10 10 10 8 10 2 2 10 2
left_child=1 2 15 4 5 6 7 -4 9 19 12 -12 13 -10 -13 17 -6 18 -1 -5 -15 -20 23 24 25 -23 28 -28 -3 -25
right_child=-2 26 3 8 16 -7 -8 -9 10 -11 11 14 -14 20 -16 -17 -18 -19 21 -21 -22 22 -24 29 -26 -27 27 -29 -30 -31
leaf_value=-0.0096404437180109791 0.022188672007546619 -0.0041046335717588112 0.01671459856536282 0.012207792209819306 -0.011898220361532579 0.029956813246453846 0.026675095259385218 -0.008764684137569775 0.011118697361695505 0.024116415424418419 0.022557149463325141 -0.013339281989852998 -0.017526551856615922 -0.011461715607659627 0.0094863110937348904 -0.010618391144222236 0.007198382197237012 0.012941082429609061 -0.0069609889775572534 -0.005543215256868292 0.0014344318764813878 0.015419497555674353 0.011206580675854083 -0.011623423127923286 -0.00088526550111982932 0.00091346962498285516 -0.0050069578501300525 0.011269523168509469 -0.013000373757432376 -0.00050189572892119806
leaf_weight=166.21305732429028 138.18488733097911 1605.7665776908398 102.05086402967572 77.922728072851896 86.291552376002073 127.74505107104778 87.365125801414251 101.09403018653393 100.16200705245137 89.791420921683311 79.620759174227715 71.213481057435274 162.82078521698713 169.87974967062473 71.212112706154585 170.92247680574656 81.269250176846981 81.348127912729979 226.86762105301023 95.77165599167347 154.41076055169106 148.98515881597996 105.15797268599272 128.28897558152676 418.87767390534282 138.37033787369728 83.644515212625265 89.568757805973291 140.93497895821929 201.14231429621577
leaf_count=629 464 4828 392 482 338 281 352 327 670 196 279 324 447 330 282 578 285 264 714 210 351 347 388 553 2335 346 256 377 463 682
internal_value=3.82439e-05 -0.000536339 0.00144109 0.00438053 0.0112389 0.0167954 0.0109251 0.00405414 0.000628477 0.0098932 -0.00239627 0.00690585 -0.00591914 -0.00143579 -0.00194003 -0.00128937 -0.00264835 -0.00029623 -0.00100622 0.00244453 -0.00533569 4.93554e-05 0.00144833 0.000447655 0.0029245 0.0084618 -0.00408323 0.003426 -0.00482943 -0.00485497
internal_weight=5502.89 5364.71 3444.8 1658.62 585.816 418.255 290.51 203.145 1072.81 263.486 809.32 222.046 587.273 424.453 142.426 1786.17 167.561 1615.25 1533.9 173.694 324.291 1367.69 1140.82 1035.66 706.233 287.355 1919.91 173.213 1746.7 329.431
internal_count=18770 18306 12382 5546 1975 1352 1071 719 3571 888 2683 885 1798 1351 606 6836 623 6258 5994 692 681 5365 4651 4263 3028 693 5924 633 5291 1235
is_linear=0
shrinkage=0.05


Tree=59
num_leaves=31
num_cat=0
split_feature=29 29 52 37 55 79 69 76 17 33 18 15 76 54 46 15 73 76 50 78 65 18 65 66 43 12 73 21 53 4
split_gain=24.7645 9.77716 13.8884 13.3797 10.2542 9.19368 10.1687 19.4368 8.79652 12.764 10.5036 11.5598 9.53309 8.17128 7.84862 16.596 9.64613 14.6151 7.04037 7.12156 6.73414 7.75299 6.2712 6.22163 5.998 5.95787 5.54348 5.34498 5.28764 5.01214
threshold=0.16885528164672342 0.036731693936078245 244.85164835164838 2.5000000000000004 19.62463235294118 0.62395313451998402 0.013514101507522561 0.86129093524011668 4.4083333333333341 3.3875000000000002 4.2928571428571436 0.48728654763238732 0.85118029009324447 26.292857142857148 63.606617647058833 0.53001733010628815 8.5000000000000018 0.99292932109719645 18.045555555555559 2.5000000000000004 15.500000000000002 2.1055555555555561 16.500000000000004 7.5000000000000009 66.881944444444457 0.027047179788922956 11.500000000000002 4.2876124404726914 3.7207792207792214 9.3980493115221506
decision_type=10 8 8 8 2 8 2 10 8 8 10 8 10 8 2 10 2 10 10 8 8 10 8 2 10 10 2 10 10 8
left_child=1 18 5 4 13 14 20 -8 10 -10 11 23 -13 -4 16 22 29 -18 19 -1 21 -7 -16 26 28 -26 27 -6 -20 -3
right_child=-2 2 3 -5 8 6 7 -9 9 -11 -12 12 -14 -15 15 -17 17 -19 24 -21 -22 -23 -24 -25 25 -27 -28 -29 -30 -31
leaf_value=-0.018590528731166657 0.021477754990942 -0.0018002641209889172 0.0064313033792804276 -0.0023852907607361572 -0.0039654156954201103 -0.0086325856888148349 0.0027509908654757931 0.037633878338809428 0.0071250499062401017 0.03136931646242104 -0.0099218136278532588 0.0041423242498049391 0.02364621188752708 -0.012681115066040784 0.002643780636774673 -0.02109974688915249 -0.0035630047738862639 0.01245439921455437 -0.0019051070618707842 -0.0044634446374658097 -0.015960169102852664 0.018151543046233183 -0.010012645867768582 0.015123925272585062 -0.0040578808997173517 0.014559097392900107 -0.0078382936998743751 0.012411349858121486 -0.013593227804822465 -0.013724340707571581
leaf_weight=133.78559328615665 132.29853999242187 195.04010832309723 119.41111019253731 514.40626480057836 85.584536522626877 55.168841119855642 132.19656436890364 56.32882684469223 119.71420262381434 99.530879393219948 82.28987393528223 96.997079733759165 178.52165842056274 103.47970408201218 236.93775399029255 171.94695687294006 334.56458370387554 246.54677295684814 1069.5170822106302 266.57416930794716 65.428520444780588 51.154458329081535 165.38631823658943 90.982021644711494 72.423144780099392 103.42964585870504 124.99169911444187 116.97441782802343 105.45710681006312 160.30362340807915
leaf_count=266 450 376 397 1990 394 345 1142 106 462 349 406 620 473 300 548 362 721 473 3650 912 348 308 356 436 361 546 635 539 286 304
internal_value=0.000189817 -0.000340019 0.00114926 0.00437329 0.00722618 -0.0018375 0.00532976 0.0133171 0.00939475 0.0182237 0.00688115 0.0088848 0.0168196 -0.00245887 -0.00354914 -0.00814581 -0.000724602 0.00324238 -0.00340382 -0.00921876 -0.00346398 0.0043029 -0.00257092 0.00363368 -0.00167483 0.0069123 0.000405777 0.00550641 -0.00296481 -0.0072029
internal_weight=5487.37 5355.07 3603.89 1732.88 1218.48 1871 360.277 188.525 995.586 219.245 776.341 694.051 275.519 222.891 1510.73 574.271 936.455 581.111 1751.19 400.36 171.752 106.323 402.324 418.533 1350.83 175.853 327.551 202.559 1174.97 355.344
internal_count=18861 18411 12390 7001 5011 5389 2249 1248 4314 811 3503 3097 1093 697 3140 1266 1874 1194 6021 1178 1001 653 904 2004 4843 907 1568 933 3936 680
is_linear=0
shrinkage=0.05


Tree=60
num_leaves=31
num_cat=0
split_feature=29 43 47 21 29 22 31 77 15 17 76 60 79 51 43 77 27 15 58 6 76 47 21 38 45 15 19 14 71 5
split_gain=25.2197 20.2874 14.6983 8.32968 10.2836 12.6624 9.23736 14.087 11.5235 9.17763 8.30093 7.42447 7.39065 8.07287 7.33555 7.29813 9.43019 6.9209 6.83334 6.45077 6.34521 5.11942 4.14851 4.62838 4.94723 4.28509 9.23691 7.68475 4.2565 3.8915
threshold=0.14234067201447223 65.51666666666668 0.57514249977664622 5.5010548523206761 0.080151820114064368 0.89528508771929838 0.64100000000000013 0.70239076294756753 0.62525891552447421 3.2583333333333337 1.0667114778655924 -8.7499999999999982 -0.093820837004008464 4.2116188129419339 65.483333333333348 0.60354036546517176 13.49 0.35285852446836413 20.029411764705888 5.1106211508637918 0.86451178451178468 0.58287774225993105 4.9414620217018852 3.5000000000000004 15.519230769230772 0.33162774980994841 7.0333333333333341 0.46369318181818187 0.17628273148374726 5.9166666666666687
decision_type=10 8 2 10 8 10 10 10 10 10 8 2 10 8 10 10 10 8 2 10 10 2 8 10 10 8 10 10 2 10
left_child=3 2 -2 6 14 12 7 8 9 11 -10 17 13 -6 18 16 22 -1 -5 -8 -20 -16 23 24 -13 28 -27 -28 -26 -24
right_child=1 -3 -4 4 5 -7 19 -9 10 -11 -12 15 -14 -15 21 -17 -18 -19 20 -21 -22 -23 29 -25 25 26 27 -29 -30 -31
leaf_value=-0.00020567869786043314 -0.0089744946453825126 0.032864270109063884 0.017884877799720436 -0.013465160739214561 0.00090230582086778309 0.02303529113365476 -0.0023657778379653671 0.010695098059304114 -0.00017849891137756955 -0.01843525909943132 0.024018085544603551 0.0093523207864717444 -0.0034894528800936439 0.023464002661370879 -0.00022317860051205248 -0.015400245921178626 0.012943595532495239 0.017885657533087834 -0.0060678655618789622 -0.017466322161766131 0.0075065384466770808 0.018401233816739578 -0.0041477048392100429 -0.0094193777799571974 -0.0043801206164794321 0.015398238858650552 -0.0094236867616458581 0.0065360106347328185 0.0052999598085785651 -0.012803230240219616
leaf_weight=145.06369214132428 97.780569665133953 94.907800495624542 104.30080520361662 139.15950985252857 84.820899832993746 113.54397260025144 128.35064922273159 225.00265704095364 71.589150547981262 89.805666755884886 69.177093267440796 116.33922530338168 170.80375875532627 73.585663791745901 78.136801101267338 112.60526321828365 94.893025804311037 82.154459573328495 205.51523759961128 157.50621305406094 146.63209298253059 68.869860824197531 1102.7400805875659 160.29744369909167 862.39324475452304 108.52557231485844 152.07639807090163 147.72818156704307 129.89806510880589 146.63255629315972
leaf_count=496 275 363 383 451 511 384 354 550 158 314 466 365 444 413 347 232 340 341 827 517 305 370 3492 428 3108 326 661 528 516 546
internal_value=-0.000222717 0.0139224 0.00490831 -0.00103564 0.00286713 0.00871331 -0.00206445 -0.00141373 -0.00217501 -0.0027482 0.011798 -0.00232373 0.00371888 0.0114645 -0.00119525 -0.00295694 -0.00248827 0.00638525 -0.00412785 -0.010718 -0.000410312 0.00856738 -0.00299288 -0.00136683 -0.000510272 -0.00133557 0.00297082 -0.00156399 -0.00310887 -0.00517299
internal_weight=5480.84 296.989 202.081 5183.85 1081.07 442.754 4102.78 3816.92 3591.92 3451.15 140.766 3361.35 329.21 158.407 638.314 3134.13 3021.52 227.218 491.307 285.857 352.147 147.007 2926.63 1677.26 1516.96 1400.62 408.33 299.805 992.291 1249.37
internal_count=18811 1021 658 17790 4052 1752 13738 12867 12317 11693 624 11379 1368 924 2300 10542 10310 837 1583 871 1132 717 9970 5932 5504 5139 1515 1189 3624 4038
is_linear=0
shrinkage=0.05


Tree=61
num_leaves=31
num_cat=0
split_feature=29 50 4 57 48 3 56 57 21 21 17 48 13 20 15 76 10 11 21 79 55 48 46 51 24 15 24 51 46 21
split_gain=19.1318 21.5112 12.1138 14.9384 12.6047 12.1627 10.8114 10.3113 8.98321 8.74429 6.87889 10.3866 11.7345 13.9809 6.14952 11.6515 7.38121 6.37949 7.78899 5.33542 5.30659 5.03917 5.04705 6.36411 7.84622 6.2997 4.10096 4.02007 4.43137 4.88807
threshold=0.14234067201447223 20.419805194805196 15.072430980787104 212.65625000000003 27.029411764705888 14.596428571428573 4.462742907441263 248.23345588235296 5.2674433698968013 4.5008960573476715 2.0954545454545461 26.500000000000004 0.20852364089633527 1.8516483516483515 0.49418242176957644 1.1859608484418269 0.080607563265107748 0.046479585780611322 3.6392118863049099 -0.96360357762183535 23.171875000000004 17.424632352941178 61.211397058823536 3.980430453431373 1.4257555555555574 0.27831841685366493 1.5969000000000009 5.3385620915032685 60.843750000000007 4.2040426387771523
decision_type=10 10 10 2 2 10 2 2 8 10 10 2 10 10 10 8 10 10 10 8 2 2 2 8 8 10 8 10 2 8
left_child=2 -2 5 -4 6 9 7 -5 -3 14 19 12 -12 -14 17 -16 -17 27 -19 -11 -20 -21 26 24 -24 -26 -23 28 29 -1
right_child=1 8 3 4 -6 -7 -8 -9 -10 10 11 -13 13 -15 15 16 -18 18 20 21 -22 22 23 -25 25 -27 -28 -29 -30 -31
leaf_value=-0.0014916574666861381 0.028485198767425904 -0.0087389588834416373 0.023445479433373096 -0.021245202512079314 0.017585012712172544 -0.019593167252446558 0.010745425597145484 0.0015376846540481038 0.013268207038296712 -0.010729640221606511 0.025482982848538772 -0.007742935811203536 -0.0061623723742062998 0.018328714992266994 -0.0068566707648811511 0.0031601264773223436 0.025978116238856305 -0.023695308584629218 -0.01240546848129378 0.011178084614970567 0.0034156651301259396 -0.00069529737371673149 -0.0013525952542986672 -0.0011650044540614279 0.0046448660633175111 0.025114010831080998 -0.012801964495173609 0.0070963928695741184 -0.0021253615006370584 -0.011536165606560832
leaf_weight=201.98535210639238 118.76822070404887 100.92653932794929 102.3987171202898 97.644655209034681 96.799084778875113 92.023949354887009 93.842704094946384 99.764869354665279 84.086068216711283 113.39289665222168 97.544400010257959 94.19765454903245 128.57300656288862 105.02557693421841 129.69700588285923 76.477672960609198 65.567994255572557 83.296260736882687 124.39235357567668 101.42811878398061 91.196130212396383 152.44186786562204 129.07940072193742 723.39848346635699 72.265837538987398 78.603548023849726 128.45015588775277 93.262512546032667 1526.8332164511085 302.79543583095074
leaf_count=535 364 325 279 312 271 322 321 453 346 180 497 317 442 343 283 346 304 291 398 424 374 428 604 2578 331 301 314 251 5632 699
internal_value=-0.000200466 0.0119753 -0.000913604 0.00655687 0.00205151 -0.00169241 -0.00315363 -0.00978169 0.0012806 -0.00133168 0.00124243 0.00684648 0.0110074 0.00487998 -0.0031692 0.00395246 0.0138008 -0.00396895 -0.0107977 -0.00035115 -0.0057281 0.000505275 -0.000345696 0.00131389 0.0077008 0.0154045 -0.00625737 -0.00300379 -0.00347071 -0.0075278
internal_weight=5506.16 303.781 5202.38 490.45 388.051 4711.93 291.252 197.41 185.013 4619.9 1924.4 425.341 331.143 233.599 2695.5 271.743 142.046 2423.76 298.885 1499.06 215.588 1385.67 1284.24 1003.35 279.949 150.869 280.892 2124.88 2031.61 504.781
internal_count=18865 1035 17830 1636 1357 16194 1086 765 671 15872 6759 1599 1282 785 9113 933 650 8180 1063 5160 772 4980 4556 3814 1236 632 742 7117 6866 1234
is_linear=0
shrinkage=0.05


Tree=62
num_leaves=31
num_cat=0
split_feature=29 27 44 77 11 21 65 22 4 18 64 58 47 11 13 77 58 15 36 60 33 10 64 15 12 79 29 33 46 46
split_gain=13.1321 9.0535 5.86724 9.10017 8.02486 7.78407 8.91385 11.1292 7.2809 6.30345 7.95505 6.13368 5.48163 9.68386 6.55558 8.40643 5.47016 9.95898 9.31197 7.14176 6.23983 5.67969 4.48898 4.07392 12.0061 6.03502 5.34492 3.91442 2.76039 5.18629
threshold=0.1757392680983729 19.731617647058826 0.57935749188139252 0.7881386988257536 0.15065917495785788 6.0030864197530871 4.5000000000000009 0.85640648011782039 3.4302896331861881 3.2071428571428577 77.500000000000014 29.420955882352946 0.64255251459949458 0.1236702931435061 0.65248608754658 0.63249311037546352 20.242647058823533 0.48728654763238732 0.34963071834987047 -6.2499999999999991 3.1596638655462184 0.078182478287085314 38.500000000000007 0.40509061719732004 0.38784790201904273 -0.036249133191855208 0.066189490200348158 1.788888888888889 61.242647058823536 62.545955882352949
decision_type=10 10 10 10 10 10 8 8 10 10 8 2 2 10 8 10 2 10 10 2 8 10 10 10 10 10 10 8 2 2
left_child=1 2 4 5 9 6 7 -4 -7 11 -11 16 13 14 15 23 21 18 19 -18 -19 28 -14 26 -25 -26 -8 -10 -1 -30
right_child=-2 -3 3 -5 -6 8 12 -9 27 10 -12 -13 22 -15 -16 -17 17 20 -20 -21 -22 -23 -24 24 25 -27 -28 -29 29 -31
leaf_value=-0.0092786621019250153 0.016231265574382543 0.013723070477830106 0.016089294201439324 0.015380015469622277 -0.01632283179411681 -0.0016454682964496389 -0.0022953641114225026 -0.0040634008510087383 0.0073218892428613437 -0.0029444850432763636 0.015862486557830534 -0.012066980206523879 0.014577433086035877 -0.016861546888183695 0.0088001574604020805 -0.018934757438513319 0.0085322309439513598 0.01718145893136001 -0.012938076181118897 -0.0023279534100221519 0.00058312123484451875 -0.016961711160503257 -0.0024475742849521141 0.016846953589701157 0.004182895641157443 -0.015193563559879159 -0.012621200762335661 0.022360013794649178 0.0055839074032640271 -0.0055491918991296277
leaf_weight=192.2583877928555 110.47066293656826 99.98419638350606 150.1093104146421 97.059963971376419 106.06252328306437 135.47315086424351 780.20689130201936 124.72377226129174 104.4768787920475 122.80191310867667 102.31220495328307 175.62885469198227 77.90025669336319 126.21107678860426 117.64018367230892 81.429552406072617 175.85824415832758 113.47783444821835 179.19936880096793 1050.0907718613744 112.17956894263625 99.13811032101512 75.540610462427139 97.763962097465992 81.348799258470535 77.772706896066666 148.4772522971034 74.776936713606119 148.16765812039375 349.63320464640856
leaf_count=468 380 285 594 300 380 559 3030 453 509 432 303 534 328 476 476 185 546 346 490 3303 327 261 303 307 427 202 543 376 421 1242
internal_value=-0.000755481 -0.00110738 -0.00139089 0.000469198 -0.00288462 -0.000179458 -0.00136422 0.00696209 0.00710139 -0.00237372 0.00563545 -0.00307025 -0.00274254 -0.00365774 -0.0024429 -0.00349293 -0.0024126 -0.000757709 -0.00232502 -0.000764412 0.00896901 -0.00582701 0.00623426 -0.00241726 0.00314671 -0.00532334 -0.00395805 0.0136844 -0.0042051 -0.00223094
internal_weight=5488.17 5377.7 5277.72 2350.91 2926.81 2253.85 1939.12 274.833 314.727 2820.75 225.114 2595.63 1664.29 1510.85 1384.64 1267 2420 1630.81 1405.15 1225.95 225.657 789.197 153.441 1185.57 256.885 159.122 928.684 179.254 690.059 497.801
internal_count=18786 18406 18121 9068 9053 8768 7324 1047 1444 8673 735 7938 6277 5646 5170 4694 7404 5012 4339 3849 673 2392 631 4509 936 629 3573 885 2131 1663
is_linear=0
shrinkage=0.05


Tree=63
num_leaves=31
num_cat=0
split_feature=75 52 21 76 77 52 10 29 45 57 18 14 44 6 31 77 52 50 76 77 7 19 62 15 6 14 53 52 30 24
split_gain=19.7408 20.4777 11.3412 8.98148 9.67782 8.40107 7.57449 6.85872 4.27663 5.06277 6.217 6.46534 4.20582 3.87578 5.18681 3.58152 3.39378 1.96062 2.52113 1.98126 1.94004 1.93879 1.79447 1.7665 1.64218 1.60091 1.12737 1.08182 0.639238 0.622716
threshold=16.395000000000003 254.58571428571432 4.4377582644628104 0.94187141550065845 0.35447860538689596 187.70000000000002 0.01136641340087088 0.094487548719569533 16.174242424242429 282.72794117647067 2.2928571428571431 0.34348484848484856 0.59295714307242864 1.3859139587498739 0.41933035714285721 0.26218342104763176 262.36931818181824 24.973214285714288 1.7819090909090911 0.1821986601237203 1.1445192307692309 1.1742424242424245 23.625000000000004 0.13000409185307008 1.9808686713587764 0.090357142857142872 2.1602564102564106 256.55238095238104 0.060719308018825448 -0.27149166666666641
decision_type=10 8 10 8 10 10 10 10 8 2 10 10 8 10 8 10 10 8 8 8 10 8 2 10 10 10 8 10 8 10
left_child=2 -2 3 4 12 -4 24 8 21 10 11 15 -1 14 -8 17 27 18 -10 22 29 -5 -19 -22 25 -7 -9 -15 -11 -20
right_child=1 -3 5 7 -6 6 13 26 9 28 -12 -13 -14 16 -16 -17 -18 19 20 -21 23 -23 -24 -25 -26 -27 -28 -29 -30 -31
leaf_value=-0.0093446951208715351 0.0027464336414520156 0.027715234628634618 -0.0085119365293706752 -0.0046227433284905944 -0.020037093213090648 -0.0076722685735077824 -0.011459567379612783 -0.0099774483231768237 -0.012985584748762324 -0.0041646159584816187 -0.016349295319927296 0.0027464336414520156 0.00069661534705262843 0.0027464336414520156 0.0027464336414520156 -0.011964324667980721 0.0084448476882386884 -0.0070522565581620901 -0.0055948380398325396 0.0027464336414520156 -0.0055948380398325396 0.0027464336414520156 0.00068415890052490294 0.0027464336414520156 -0.011062934401242817 0.0020182359278892474 0.0027464336414520156 -0.0029328387918731553 0.0027464336414520156 -0.0086367952033768181
leaf_weight=221.21441034972668 230.56209641695023 126.75767333805561 176.59022291004658 94.157454866915941 134.35391572117805 83.369878273457289 124.31902925670147 77.631157301366329 91.959834635257721 55.130693413317204 98.645096115767956 152.31122965738177 196.24990805983543 1151.6213573627174 107.79504770413041 148.73639358580112 534.66747028753161 147.52193604409695 313.45957323908806 104.20693768933415 58.028664465993643 147.48355634883046 150.9965303838253 73.751586809754372 92.681302532553673 85.464213356375694 123.61684987321496 104.82547825947404 110.94877224415541 170.62077108770609
leaf_count=479 478 370 481 296 300 265 405 315 175 270 452 549 479 3669 424 330 2495 352 1017 876 261 488 390 454 329 355 507 394 654 526
internal_value=0.000310085 0.0116566 -0.000481989 -0.00273775 -0.00841365 0.00196607 0.00274643 -0.00125654 -0.00241532 -0.00332487 -0.00427438 -0.00341958 -0.00463389 0.00274643 -0.0045222 -0.00469976 0.00274643 -0.00371692 -0.00529991 -0.000928463 -0.0041331 0.00274643 -0.00314981 0.00123812 -0.00574897 -0.00278391 0.00274643 0.00274643 0.00274643 -0.00559484
internal_weight=5489.68 357.32 5132.36 2671.03 551.818 2461.33 2284.74 2119.21 1917.96 1676.32 1510.24 1411.59 417.464 2023.23 232.114 1259.28 1791.11 1110.55 707.82 402.725 615.861 241.641 298.518 131.78 261.515 168.834 201.248 1256.45 166.079 484.08
internal_count=18835 848 17987 9170 1258 8817 8336 7912 7090 6306 5382 4930 958 7387 829 4381 6558 4051 2433 1618 2258 784 742 715 949 620 822 4063 924 1543
is_linear=0
shrinkage=0.05


Tree=64
num_leaves=31
num_cat=0
split_feature=41 4 37 38 77 19 24 11 14 54 54 12 36 14 64 53 4 77 5 79 77 29 6 51 29 25 47 11 79 79
split_gain=12.6013 18.1568 7.2643 7.59221 17.0268 18.5776 10.1077 10.982 14.9144 8.07357 9.41108 10.5586 7.9747 7.65722 9.25135 12.2161 7.75942 7.03074 6.50598 8.93051 7.93205 6.17931 6.17509 6.12383 6.04407 5.34094 4.53868 7.96411 4.97913 4.36261
threshold=12.500000000000002 20.797501481783236 2.5000000000000004 1.5000000000000002 0.39865598369785255 7.0333333333333341 -1.7744999999999993 0.12025338295612767 0.60519230769230781 19.258333333333336 21.322916666666668 0.62737459299959308 0.29719773479905792 0.25031250000000005 50.500000000000007 2.5358974358974362 2.7772919710956043 0.48646555153139198 10.21666666666667 -0.14663200985703045 0.1821986601237203 0.097619763167477322 4.4234146714410238 4.2687369603594938 0.056563310606828107 0.053333333333333378 0.57181704377997167 0.063744291593028274 0.29724038382781742 -0.15952187741079618
decision_type=8 8 8 10 10 10 10 10 10 10 10 10 10 8 8 8 10 10 10 10 10 10 10 10 8 10 2 8 10 10
left_child=1 23 3 6 12 -6 7 8 21 17 -11 18 13 16 -15 22 -5 -8 20 -20 25 26 -16 -1 -17 -12 27 -2 -28 -14
right_child=2 -3 -4 4 5 -7 9 -9 -10 10 11 -13 29 14 15 24 -18 -19 19 -21 -22 -23 -24 -25 -26 -27 28 -29 -30 -31
leaf_value=0.010923820065190127 0.0019253773940501465 0.02983598253144918 -0.0031243439849703483 0.0038093978784445558 0.028485242849753442 0.0029837512329650307 -0.0045730539207067492 -0.0086994804996405953 0.018765591459991862 0.009151889731068277 -0.0066859323858080178 -0.022194727687345359 -0.00060836709931769324 -0.0070515876482918505 0.025824580584987256 -0.0082175016746761659 -0.0092854791558440019 -0.022076585864671608 0.014413303050586688 -0.0050088950687616103 -0.019848677345302854 0.01144382397692284 0.0085695082553879053 -0.0085163225899615811 0.0090774566301775033 0.011350337543567939 -0.0016283756261392516 -0.018013261529935074 0.014671773732532773 -0.015425044364382008
leaf_weight=79.046030327677727 113.38161139935255 82.706790305674076 1904.4290231503546 250.59389197826385 127.50147189199924 161.35802812874317 120.18606944382191 171.81658482924104 159.26083349436522 143.93145909532905 161.64549263194203 77.073818515986204 95.183088228106499 96.705199509859085 120.30531930178404 91.581443794071674 204.63517959788442 109.94341187179089 105.90733514353633 131.7697893679142 88.691397622227669 117.50395553559065 93.057192917913198 81.03165702149272 110.20511402189732 53.925179552286863 146.70285039022565 88.465115081518888 67.71595886349678 103.11738909780979
leaf_count=341 425 248 5915 924 318 402 594 570 464 579 862 285 543 391 384 291 735 245 468 322 207 344 331 276 410 340 837 278 183 241
internal_value=-0.000145429 0.0109657 -0.000664554 0.000750293 0.00345487 0.0142995 -0.00136737 0.00258296 0.00538862 -0.00480677 -0.00232327 -0.0050019 0.00075691 0.00263136 0.00682139 0.0100621 -0.00208448 -0.0129946 -0.00252038 0.00366963 -0.00735196 0.00136971 0.0183739 0.0010914 0.00122627 -0.00214257 -0.00149464 -0.00685902 0.00356361 -0.00835186
internal_weight=5459.38 242.784 5216.59 3312.16 1454.24 288.86 1857.92 864.847 693.03 993.074 762.944 619.013 1165.38 967.083 511.854 415.149 455.229 230.129 541.939 237.677 304.262 533.769 213.363 160.078 201.787 215.571 416.266 201.847 214.419 198.3
internal_count=18753 865 17888 11973 4970 720 7003 3101 2531 3902 3063 2484 4250 3466 1807 1416 1659 839 2199 790 1409 2067 715 617 701 1202 1723 703 1020 784
is_linear=0
shrinkage=0.05


Tree=65
num_leaves=31
num_cat=0
split_feature=3 77 40 41 56 59 51 77 15 14 28 21 54 18 24 62 57 50 19 79 15 3 76 50 79 39 44 69 6 44
split_gain=21.3715 10.8844 13.6598 13.4018 10.9714 13.2433 9.6318 6.01562 10.343 7.8098 6.37839 5.35857 5.64875 6.00511 10.9789 5.06214 6.20003 4.88611 4.72086 4.52563 4.3293 3.72086 3.6926 3.27088 3.23469 3.0265 4.8427 3.48586 6.96899 3.6146
threshold=22.203846153846158 0.55034357158456315 2.5000000000000004 85.000000000000014 4.3765259838977721 0.75000000000000011 4.4568322981366473 0.52403031862122573 0.50449713164385923 0.52193750000000005 16.927808333333335 6.104714912280703 32.035714285714292 2.8397435897435903 -7.5649943181818164 24.125000000000004 258.62500000000006 20.560769230769235 6.3452380952380958 -0.66123822975517899 0.5864325146713022 1.4519230769230773 0.84822223525043483 23.062500000000004 -0.54728125304119779 22.63518138261465 0.58762811999863807 0.15896361060508468 4.594590901456578 0.6276318705673759
decision_type=10 10 2 8 2 2 8 10 10 10 8 10 10 10 10 2 2 8 10 8 10 10 10 10 8 2 8 2 10 8
left_child=1 7 4 6 5 -3 -4 8 11 -10 17 12 13 19 -15 16 23 -11 -16 21 -19 -1 -17 -13 -21 26 -26 -27 29 -29
right_child=-2 2 3 -5 -6 -7 -8 -9 9 10 -12 15 -14 14 18 22 -18 20 -20 24 -22 -23 -24 -25 25 27 -28 28 -30 -31
leaf_value=-0.001876244506783122 0.021717144472182762 -0.0065699069360027652 0.0006426353974248025 0.0091297715137497321 0.020689111866500822 0.015938172324720928 -0.015754026053144805 -0.013068544779967571 0.02119209179831022 0.0095752195778877752 0.017821804658190579 -0.00090258075597220925 0.0076628869993664878 -0.025344919435517085 0.0069392185462967704 0.0087833542844202757 0.0087833542844202757 -0.015564450404589675 -0.011315036958409866 0.0081668845137200744 0.0026451765885081107 -0.011735891649060096 0.01985270599934677 -0.012839268543610944 -0.0036361461518186811 -0.0033789647544004461 0.010840673484473812 0.0020144477830612764 0.014778771404230713 -0.007826663431764502
leaf_weight=177.17640101909637 114.59955171495676 130.51166997849941 211.89285482466221 228.05694903433323 180.48327322304249 129.07388472557068 154.04620677232742 101.88772763311863 79.204879023134708 70.297713663429022 57.488872945308685 159.87493408471346 134.06744888797402 80.262648895382881 69.781122054904699 146.53079575672746 111.05886245146394 66.013067122548819 69.952414076775312 84.257221817970276 63.149898871779442 208.20195746421814 74.97000390291214 88.673990719020367 113.14573584496975 1715.3936161883175 116.2260980643332 282.81316507607698 80.120458569377661 138.04031328856945
leaf_count=294 370 335 463 503 427 325 324 234 394 321 493 562 489 306 311 703 559 277 291 226 429 341 181 345 408 6216 505 1117 313 673
internal_value=0.000448291 -1.36321e-05 0.0045884 -0.000360594 0.0112541 0.00464001 -0.00628385 -0.00112409 -0.000830354 0.00756758 0.00330194 -0.00156527 -0.00235166 -0.00278218 -0.0107299 0.00285553 -0.000809952 -0.000951022 -0.00221456 -0.00217897 -0.00670954 -0.00721954 0.00878335 -0.00519558 -0.00140862 -0.00174171 0.00371469 -0.00230781 0.00135936 -0.00122435
internal_weight=5437.25 5322.65 1034.06 593.996 440.069 259.586 365.939 4288.59 4186.7 336.154 256.95 3850.55 3269.44 3135.37 219.996 581.109 359.608 199.461 139.734 2915.37 129.163 385.378 221.501 248.549 2530 2445.74 229.372 2216.37 500.974 420.853
internal_count=18735 18365 2377 1290 1087 660 787 15988 15754 1914 1520 13840 11490 11001 908 2350 1466 1027 602 10093 706 635 884 907 9458 9232 913 8319 2103 1790
is_linear=0
shrinkage=0.05


Tree=66
num_leaves=31
num_cat=0
split_feature=29 44 33 47 33 69 55 77 13 8 77 15 25 44 21 25 77 53 22 5 51 51 18 45 15 28 77 70 56 65
split_gain=10.3989 8.35046 11.6844 16.6942 7.57817 13.4275 9.36993 10.4294 6.98542 10.3385 9.58551 16.3032 8.74401 8.5317 6.56889 11.1561 7.80977 4.96008 7.28314 6.22275 7.88657 6.66288 5.14416 4.71529 4.67765 4.51659 4.69892 4.58831 4.41204 5.11922
threshold=0.16885528164672342 0.58001203369434429 3.5339366515837107 0.57750706504773019 2.5798319327731094 0.062936174802895151 23.065625000000004 0.54273471997912581 0.46312649602837591 12.716959721235325 0.74751919369030273 0.5821207152188651 0.37366071428571429 0.5415722575297045 5.4006172839506181 -1.0000000180025095e-35 0.64004263489474589 1.5358974358974362 0.95293466223698797 6.9666666666666677 4.0686650527251134 5.0495901639344272 1.935416666666667 25.207142857142859 0.20974008056819557 11.187813725490198 0.33463160732792313 0.065039506833607749 4.1795912600341021 11.500000000000002
decision_type=10 8 10 2 10 2 2 10 8 10 10 10 8 10 10 10 10 10 8 10 10 10 10 10 10 10 10 2 2 8
left_child=1 8 4 -4 6 -6 14 24 9 17 11 12 -10 -13 16 -16 25 18 -1 21 -21 22 -19 -22 -8 26 27 -3 29 -26
right_child=-2 2 3 -5 5 -7 7 -9 10 -11 -12 13 -14 -15 15 -17 -18 19 -20 20 23 -23 -24 -25 28 -27 -28 -29 -30 -31
leaf_value=0.010936535295515276 0.013127354102964861 -0.0050438235297438272 -0.0053053019583557638 0.020640921557674406 -0.019815677385964119 0.0058363232876034394 -0.00050315020590791773 0.017376452642283845 -0.022184284173561761 0.014381255575482697 -0.019776119643820519 -0.0033022249009104438 -0.003935782469999833 0.015968378332431164 -0.004344587756403567 0.017225240546316647 -0.017980184335305096 -0.0040564219712962363 -0.0040271516782285589 0.0014332527163129971 -0.022279207133320007 0.0093832648050390342 0.0067628412703314563 -0.0073778275959825116 0.02292268279834344 -0.012710367086587383 0.0077988077467521276 0.0049330172755734526 0.0023417002913030394 0.0043075015811029202
leaf_weight=161.57076129317284 136.59063530340791 526.61158376187086 97.588611293584108 167.35491883382201 120.32089949771762 87.399576254189014 543.88264812156558 133.38849118351936 126.70209203660488 98.027972020208836 124.70580187439919 126.61612371355295 136.16802490875125 103.70183435827494 133.3874855786562 107.4157502129674 88.454206794500351 1040.9017490409315 161.91034539416432 109.12923528626561 109.48611414059997 120.61765385791659 121.90628600493073 105.01986603811383 71.816586382687092 95.17168203368783 120.95061582326889 146.58104851841927 226.12217221036553 76.107061166316271
leaf_count=526 460 1967 368 532 425 332 2164 379 418 317 251 440 394 361 583 437 193 3211 497 370 326 285 429 290 404 346 260 622 957 349
internal_value=-0.000446427 -0.000792841 0.00114041 0.0110999 7.13346e-05 -0.0090462 0.000909308 0.00436578 -0.00279596 -0.00137659 -0.00744605 -0.0042946 -0.0127822 0.00540598 -0.00207388 0.00530857 -0.00389558 -0.00218376 0.00345751 -0.00332072 -0.00950573 -0.00175489 -0.00291732 -0.0150517 0.00245828 -0.00247605 -0.00123511 -0.00286737 0.00675422 0.0134384
internal_weight=5525.61 5389.02 2742.55 264.944 2477.61 207.72 2269.89 1051.32 2646.46 2028.57 617.894 493.188 262.87 230.318 1218.57 240.803 977.769 1930.54 323.481 1607.06 323.635 1283.43 1162.81 214.506 917.928 889.315 794.143 673.193 374.046 147.924
internal_count=18893 18433 10318 900 9418 757 8661 4253 8115 6251 1864 1613 812 801 4408 1020 3388 5934 1023 4911 986 3925 3640 616 3874 3195 2849 2589 1710 753
is_linear=0
shrinkage=0.05


Tree=67
num_leaves=31
num_cat=0
split_feature=29 57 75 17 43 15 47 28 29 75 52 29 71 62 22 12 6 22 39 12 56 41 76 22 79 48 15 47 76 36
split_gain=9.67943 21.6841 7.80461 7.85309 6.9638 13.653 15.816 8.39948 9.82277 14.9186 7.74068 7.69199 6.47095 7.27402 6.31206 5.78464 5.77204 5.4985 5.28851 5.01749 6.98344 11.5265 7.89293 6.89894 5.92756 4.87109 4.48422 6.84679 6.44673 6.35609
threshold=0.13153061408655597 236.36580882352942 15.995000000000003 3.0312500000000004 62.759615384615394 0.5672435906011003 0.59360018470348497 14.009322916666669 0.046511072377970031 9.0150000000000023 257.03571428571433 0.07049078653328604 0.11418989134407415 24.375000000000004 0.94281045751633996 0.59621458465000665 6.614519867587016 0.84248120300751894 22.803559206023277 0.46063024192940533 4.3370502206761419 35.500000000000007 0.75150150300601204 0.76220238095238102 -0.9732473977338264 20.93933823529412 0.30451216629164318 0.59739308595795182 0.93233742103307327 0.28856397162980379
decision_type=10 2 10 8 10 10 2 10 10 10 8 10 2 2 8 10 10 10 2 8 2 8 10 10 8 2 10 2 10 10
left_child=4 -2 3 -3 5 7 15 8 16 10 11 -10 19 17 -15 -7 18 -14 25 24 21 -21 -23 -22 -6 -1 -26 29 -29 -28
right_child=1 2 -4 -5 12 6 -8 -9 9 -11 -12 -13 13 14 -16 -17 -18 -19 -20 20 23 22 -24 -25 26 -27 27 28 -30 -31
leaf_value=0.013904508923832172 -0.0056361399914766743 0.021221967903109536 0.02860694100438891 -0.0024357913975658653 -0.016048194764150939 0.009488479702219256 0.024691652341548936 -0.012817123126750974 0.003453378030948816 0.019164217378782877 0.0086141003459008735 -0.013944754444805058 0.0021600086729902878 0.022058344719796893 0.00062355185865852023 -0.0057766798879374743 -0.013178956709001072 -0.013691708004866169 -0.0023378646016318058 0.0019075510208302457 -0.011025861661966341 -0.010069233266544258 -0.031536828628491699 0.0079545204685914431 -0.004163304096768029 -0.0019165114516897293 0.0050760385367840839 0.00084100622879963456 0.021311594107637114 -0.0085691404448844221
leaf_weight=102.61887239292264 190.06349912285805 70.557769261300564 89.711204260587692 68.444663818925619 80.004988193511963 133.55935205891728 117.23709463328123 134.60587479546666 133.45899513736367 148.7452250868082 185.66591322049499 119.70233378559351 207.00178809091449 72.225020226091146 64.799000538885593 114.27348421886563 106.85518970713019 73.25764087215066 1323.0550193823874 75.115517366677523 96.479264363646507 82.250125005841255 91.486735537648201 93.113694611936808 943.79777103289962 91.308772373944521 158.37652980536222 82.159588623791933 71.453804165124893 182.85108459368348
leaf_count=305 563 278 248 340 127 351 372 381 395 331 773 365 861 369 278 306 331 300 3781 281 347 484 250 292 3811 340 618 521 208 619
internal_value=-0.000466346 0.00683113 0.017171 0.00963872 -0.0010685 0.000663002 0.00964388 -0.00073805 2.64904e-06 0.00553693 0.000884739 -0.00479548 -0.003045 0.00260308 0.0119997 0.00245492 -0.00200206 -0.00201746 -0.0012066 -0.00424998 -0.00895668 -0.0144478 -0.0214895 -0.00171131 -0.00288611 0.00648373 -0.00214351 0.00170942 0.0104392 -0.00223957
internal_weight=5504.24 418.777 228.714 139.002 5085.46 2711.09 365.07 2346.02 2211.41 587.572 438.827 253.161 2374.37 417.283 137.024 247.833 1623.84 280.259 1516.98 1957.09 438.445 248.852 173.737 189.593 1518.64 193.928 1438.64 494.841 153.613 341.228
internal_count=18826 1429 866 618 17397 8031 1029 7002 6621 1864 1533 760 9366 1808 647 657 4757 1161 4426 7558 1654 1015 734 639 5904 645 5777 1966 729 1237
is_linear=0
shrinkage=0.05


Tree=68
num_leaves=31
num_cat=0
split_feature=3 71 11 47 6 18 17 22 29 29 28 22 62 9 17 3 77 79 3 22 44 15 15 17 18 36 15 48 25 77
split_gain=13.4314 9.63317 9.53818 7.11418 6.5138 17.3423 14.9336 10.2899 6.70993 6.00567 5.85318 6.4052 6.312 5.30447 10.9855 9.56629 8.41291 14.965 7.97759 7.32689 4.80519 7.21409 4.56793 5.40964 4.80647 4.55426 11.0336 5.66637 5.71264 7.20391
threshold=22.203846153846158 0.097888376963280205 0.10538738254734568 0.65023298238667315 8.9403312872525742 3.2403846153846159 3.9615384615384621 0.80810147299509005 0.14234067201447223 0.080597634640491647 8.3497357142857158 0.88165266106442586 24.375000000000004 15.120333333333333 2.226495726495727 8.1547008547008577 0.73667545809801305 0.93330912589961212 9.2379807692307718 0.7814295977011495 0.65352874355563761 0.31589964919472352 0.43207383143758077 1.720779220779221 0.44949494949494956 0.24062483695884759 0.29055774587049815 23.545955882352946 -0.11577380952380954 0.055906340079383054
decision_type=10 2 10 2 10 10 10 10 10 10 10 8 2 10 10 10 8 8 10 10 10 8 10 10 10 8 10 2 10 10
left_child=1 3 9 4 6 -6 8 -8 13 10 11 12 -3 15 -15 20 18 -18 -17 -20 22 -22 23 24 -1 26 27 28 -26 -30
right_child=-2 2 -4 -5 5 -7 7 -9 -10 -11 -12 -13 -14 14 -16 16 17 -19 19 -21 21 -23 -24 -25 25 -27 -28 -29 29 -31
leaf_value=-0.0039669558011799473 0.017240920075933568 0.0035390627705004585 0.019088115791924862 0.0094752367577728772 -0.0061626859308311441 0.018585399833667842 -0.0041108916252121973 -0.028596861051937286 0.0099564618549220496 0.014518205267466777 -0.010889752715555827 -0.00095814241988713379 0.020750376101882406 0.0045497573376469154 -0.0160091728731739 0.012326580982865857 0.040800970329817075 0.0015163766152845861 -0.010007096571955233 0.0039713216341072588 -0.0027617436075000903 -0.022103464564581801 0.0067047397213223269 -0.01221965648642713 -0.0046337816930779475 -0.0080983277221745413 0.013538118527243716 -0.0060119035436977499 -0.0044827993960347839 0.012265214289099772
leaf_weight=1272.368426643312 111.13426750898361 161.66851053386927 97.287843782454729 149.24238234758377 146.54856540635228 135.26882887631655 85.309264749288559 86.125714816153049 123.46201560273767 93.346127159893513 88.275852702558041 423.43061065301299 78.844738896936178 102.06599778681993 176.0683968514204 131.59320166707039 40.037966027855873 59.429474581032991 160.56080158054829 222.43205197155476 132.16389991343021 75.202708207070827 142.92300809547305 133.30641680955887 165.37074141576886 130.98410511761904 164.32799588888884 302.64580478519201 93.482940211892128 201.05328449606895
leaf_count=4067 355 699 415 678 516 466 339 271 442 342 333 1429 332 359 533 284 94 682 391 509 560 286 430 514 539 423 545 1015 531 432
internal_value=0.000114038 -0.000243233 0.00434338 -0.00121974 -0.00159456 0.0057398 -0.00211249 -0.0165067 -0.00146396 0.00262635 0.00113333 0.00274585 0.00924381 -0.001847 -0.00847546 -0.00130686 0.00434273 0.0175781 0.00175526 -0.0018996 -0.00254086 -0.00984855 -0.00195591 -0.00246088 -0.0018976 0.000592751 0.00182835 -0.000709494 0.00278528 0.00695238
internal_weight=5485.96 5374.83 942.854 4431.97 4282.73 281.817 4000.91 171.435 3829.48 845.566 752.22 663.944 240.513 3706.02 278.134 3427.88 614.053 99.4674 514.586 382.993 2813.83 207.367 2606.46 2463.54 2330.23 1057.86 926.881 762.553 459.907 294.536
internal_count=18811 18456 3550 14906 14228 982 13246 610 12636 3135 2793 2460 1031 12194 892 11302 1960 776 1184 900 9342 846 8496 8066 7552 3485 3062 2517 1502 963
is_linear=0
shrinkage=0.05


Tree=69
num_leaves=31
num_cat=0
split_feature=29 44 33 69 56 77 77 14 24 24 76 79 28 36 22 73 39 69 3 27 14 46 45 19 36 46 36 77 51 60
split_gain=16.4447 9.42804 18.6172 12.678 9.21172 8.22864 7.6264 9.61833 7.15573 7.50404 10.9407 6.7556 5.0831 8.0367 11.8602 7.23209 10.7665 5.45863 5.07938 11.8331 10.504 4.7598 6.21836 6.17139 7.84321 11.4707 4.34775 14.4769 4.0093 3.07389
threshold=0.1757392680983729 0.57935749188139252 3.861904761904762 0.013928345959595962 5.0275146000952455 0.78153181689767071 0.74751919369030273 0.66236111111111129 2.2180000000000004 0.62100000000000044 0.79932127356608007 0.2792234074057745 10.786068681318683 0.30345061198737172 0.84680573663624525 12.500000000000002 25.641341546885698 0.06737103673378185 10.603333333333335 13.107142857142859 0.46690476190476199 60.908088235294123 24.105555555555558 8.1742424242424256 0.16704185866624566 63.818014705882355 0.25361064237894565 0.28703803028726965 4.4305291064560697 -5.7499999999999991
decision_type=10 10 10 2 2 10 10 10 10 10 10 10 10 10 8 2 2 2 10 8 10 2 8 10 8 2 10 10 10 2
left_child=1 6 4 -4 5 12 7 8 9 18 -11 28 13 26 17 16 -14 -15 20 -20 21 22 -1 24 -23 -26 27 29 -10 -3
right_child=-2 2 3 -5 -6 -7 -8 -9 11 10 -12 -13 15 14 -16 -17 -18 -19 19 -21 -22 23 -24 -25 25 -27 -28 -29 -30 -31
leaf_value=0.0002386098810620064 0.019465131377949065 0.0030288470601630897 0.0041495624776013845 0.03138946518347465 0.013984886926195608 0.016041000366235937 -0.012379711367469938 0.013441984653678558 -0.0089812204143591284 -0.0049972894291346985 0.015774417982258294 -0.018902922523536352 0.0098502241883122801 -0.0060357162683198004 0.023592452503169627 -0.015524993266431081 -0.0098293497218599826 0.010989366168980377 0.0036364600098042661 -0.016169673294449991 0.014221097371591952 -0.001655316462859715 -0.011260810155166617 -0.01258935220890787 0.018449531497980811 -0.0017539045172499539 -0.011563961298825942 0.017162905680884005 0.0049905437630121622 -0.0031581359386042211
leaf_weight=209.46961874887347 107.59732207283378 258.97761473432183 84.362159572541714 86.259489953517914 126.39214092120528 77.291433811187744 167.5966210514307 103.68249103054404 136.09289716929197 109.33153049647808 148.63113887608051 110.88277007639408 124.79284444823861 106.4834396392107 87.736050724983215 123.4306422509253 154.31821912899613 82.80049666389823 128.51727699488401 180.44031543284655 105.439971357584 890.05938297510147 266.81641376391053 94.287224240601063 133.76953880116343 146.43245123326778 87.176038987934589 109.99033258855343 81.276581931859255 881.85993984341621
leaf_count=487 385 1122 300 304 385 248 378 450 577 494 310 177 435 459 315 455 564 364 422 453 304 2953 658 360 446 526 380 269 279 3649
internal_value=0.000200831 -0.000186222 0.00215702 0.0180236 0.000930693 0.000136778 -0.00204668 -0.00143386 -0.00200116 -0.00105729 0.00698551 -0.00891586 -0.000480146 0.000773608 0.00850901 -0.00549974 -0.0010267 0.00143036 -0.00202274 -0.00794575 -0.00102781 -0.00195905 -0.00621349 -0.000352999 0.000642783 0.00792261 -0.000833087 -7.65622e-05 -0.00375811 -0.00175223
internal_weight=5512.19 5404.6 2391.87 170.622 2221.25 2094.86 3012.73 2845.13 2741.45 2413.19 257.963 328.252 2017.57 1615.02 277.02 402.542 279.111 189.284 2155.23 308.958 1846.27 1740.83 476.286 1264.55 1170.26 280.202 1338 1250.83 217.369 1140.84
internal_count=18908 18523 9249 604 8645 8260 9274 8896 8446 7413 804 1033 8012 6558 1138 1454 999 823 6609 875 5734 5430 1145 4285 3925 972 5420 5040 856 4771
is_linear=0
shrinkage=0.05


Tree=70
num_leaves=31
num_cat=0
split_feature=29 20 29 69 28 75 31 75 29 57 45 18 61 31 76 13 45 45 50 36 17 76 17 6 37 79 1 13 76 76
split_gain=13.5338 6.33979 8.1419 11.7534 14.3997 19.2442 10.6081 14.5197 17.9302 8.61263 17.2481 9.96799 7.86857 5.6507 4.97268 4.93094 4.19009 3.48246 3.3357 5.15464 3.44083 7.05285 6.27784 4.3661 2.85103 2.41792 2.3137 2.42555 2.80812 3.32708
threshold=0.16885528164672342 -1.6653345369377346e-15 0.034818087761409253 0.0059652867557279327 10.860087500000001 9.4650000000000016 0.64732142857142871 12.415000000000001 0.09210160710805286 250.62500000000003 21.258333333333336 3.3923076923076927 46.250000000000007 0.5491176470588236 1.8739643957548788 0.44602272117253372 21.160256410256412 18.133928571428573 17.305000000000003 0.12663363871094482 1.7596153846153848 1.0406614911134864 2.759615384615385 7.5204228538843561 2.5000000000000004 0.2708444108521208 2.5000000000000004 0.017794911635550362 1.1800136014651403 0.9816642114785864
decision_type=10 8 10 2 10 10 8 10 10 2 8 10 2 8 10 10 8 10 8 8 10 10 10 10 10 8 10 10 10 10
left_child=1 -1 14 4 5 17 7 15 -9 11 -11 13 16 -6 18 -5 -8 -4 19 -3 23 22 -22 26 25 -19 27 -20 29 -29
right_child=-2 2 3 6 9 -7 12 8 -10 10 -12 -13 -14 -15 -16 -17 -18 24 20 -21 21 -23 -24 -25 -26 -27 -28 28 -30 -31
leaf_value=-0.010626315356987879 0.015031731039788271 -0.0026975960054128872 0.007954720929781698 0.0037717052870056933 -0.013333486746242502 0.025346981470836201 -0.0035987698775054207 0.0037717052870056933 0.029253978153055062 0.018343304880473536 -0.0096367339851010786 -0.022406394149115931 0.0076188147465972066 0.0017276830801897733 0.0067524744418144449 -0.006645535232854282 -0.021424861595500305 -0.0030719031866699308 -0.0034368177101073046 -0.016544052552692926 0.0051197542236420595 0.015745145399099113 -0.013481125148288482 -0.012949126278046353 -0.0079187657578260722 0.008334895084702084 -0.0089765325884714198 0.00022938624803051652 -0.0055878153117528626 0.010187138594888935
leaf_weight=148.44248013943434 143.54767687618732 192.07098373770714 102.45293679088354 735.51762469857931 119.73807783424854 88.847634017467499 65.911949690431356 131.73118795454502 142.14871188998222 85.613311011344194 150.28425831347704 136.04482984915376 74.530897177755833 128.19963751733303 150.56332875788212 112.72753144055605 65.933185938745737 117.46176497638226 940.59480638802052 102.81195214018226 120.0919230915606 79.809500053524971 71.55682585760951 96.615392964333296 140.98733787238598 75.472615595906973 114.36606090515852 617.46476754546165 167.798862606287 96.080844134092331
leaf_count=544 488 559 322 2506 300 253 322 320 313 304 557 375 342 332 326 514 355 316 3345 310 513 197 337 380 396 491 376 2613 356 216
internal_value=-6.59568e-05 -0.000472121 -0.000181575 0.00189936 -0.00181223 0.00427467 0.00509753 0.00701306 0.0170018 -0.00696823 0.00055251 -0.011578 -0.00530138 -0.00557024 -0.00205349 0.00377171 -0.0126074 -6.38745e-05 -0.00256598 -0.00756481 -0.00192329 0.00335527 -0.00185927 -0.00262945 -0.00254052 0.00141021 -0.00210811 -0.00167228 0.000212645 0.0015826
internal_weight=5515.42 5371.87 5223.43 2473.6 1145.1 525.222 1328.5 1122.13 273.88 619.88 235.898 383.983 206.376 247.938 2749.83 848.245 131.845 436.375 2599.26 294.883 2304.38 271.458 191.649 2032.92 333.922 192.934 1936.31 1821.94 881.344 713.546
internal_count=18878 18390 17846 8318 3646 1778 4672 3653 633 1868 861 1007 1019 632 9528 3020 677 1525 9202 869 8333 1047 850 7286 1203 807 6906 6530 3185 2829
is_linear=0
shrinkage=0.05


Tree=71
num_leaves=31
num_cat=0
split_feature=29 60 58 9 77 55 62 17 44 75 21 41 31 6 2 71 11 21 19 79 15 79 11 79 55 12 41 65 31 12
split_gain=15.1133 15.2257 11.3059 16.2054 14.8646 12.8409 15.3177 19.7072 11.6366 10.6414 6.84237 5.87553 5.14667 5.06983 8.17585 6.8978 7.37028 6.22683 6.6152 16.0499 11.1126 5.48999 4.73469 4.60985 5.02857 4.47818 5.82654 4.29633 4.04838 3.36029
threshold=0.073640060101055407 6.2500000000000009 20.211397058823533 15.722250000000003 0.54625503206922688 18.571507352941179 21.625000000000004 3.2928571428571431 0.52860554208363231 17.035000000000004 4.4512966476913354 124.50000000000001 0.33183333333333337 1.8123418559921485 1.0000000180025095e-35 0.094630865193535321 0.076923240281683694 4.4253378378378381 6.7596153846153859 -0.022519393232916411 0.32105862868259955 0.47912761307999402 0.048005882346889038 0.33140006879675371 21.744117647058825 0.21739444419071979 51.500000000000007 4.5000000000000009 0.22709790209790212 0.21455006260038342
decision_type=10 2 2 10 10 2 2 10 10 8 10 10 10 10 2 2 10 10 10 10 10 8 10 10 2 8 10 10 8 10
left_child=12 2 3 4 10 -4 11 8 -8 -3 -2 -7 13 22 17 16 29 21 20 -20 28 -15 -1 24 27 -26 -27 -14 -19 -16
right_child=1 9 5 -5 -6 6 7 -9 -10 -11 -12 -13 23 14 15 -17 -18 18 19 -21 -22 -23 -24 -25 25 26 -28 -29 -30 -31
leaf_value=-0.0016679557070158517 -0.013820597901467871 -0.013385563750825467 -0.0081412247208661852 -0.018020890976457503 0.021631304727927993 0.0051192394454749142 0.023307222828515644 0.036149041272637926 0.0051192394454749142 0.0068984657010081095 0.0065278761500903995 -0.0065673745638986612 -0.016729883234512268 -0.0066023616912645276 0.00015860101126982749 0.0067152440647738568 -0.019248433839300735 0.00084217292689419418 0.01337526043704731 -0.01444579033043825 0.026495146725225308 0.0086168635606559164 -0.012397801989981166 -0.01172859555667864 -0.0067444923932462267 -0.0040435512452212021 0.014253950517545711 -0.0015791067225596304 0.012434716038378771 -0.0096945674267720598
leaf_weight=1581.1149180494249 79.654921304434538 180.54884302616119 94.387973364442587 99.843406662344933 91.753438353538513 379.04661030694842 125.8431057818234 111.08875466510653 180.87567681074142 99.648465856909752 83.811853792518377 106.74165162816644 89.770118519663811 178.19367903470993 289.91416366770864 149.81371454522014 80.484269984066486 149.11283088475466 109.76524410769343 96.447212368249893 92.32970804721117 87.553930401802063 109.01334255561233 196.70537589490414 99.527293376624584 75.214959733188152 101.06015270203352 97.052993804216385 151.48801867291331 122.3244852386415
leaf_count=5365 281 432 306 294 199 1179 365 458 672 482 353 332 308 455 1044 599 366 478 487 247 355 500 374 384 359 375 415 370 524 533
internal_value=0.000389767 0.00441962 0.00661613 -0.00104467 0.00564093 0.00934001 0.011173 0.0181828 0.0115794 -0.00617294 -0.00341138 0.00511924 -0.00131742 -0.000487356 0.00162022 -0.00264963 -0.00550487 0.00479173 0.00761346 0.000356214 0.0114115 -0.00157469 -0.00236695 -0.00533617 -0.00259872 0.00169282 0.00646781 -0.0089095 0.0067061 -0.00278154
internal_weight=5490.13 1633.24 1353.05 355.064 255.22 997.984 903.596 417.808 306.719 280.197 163.467 485.788 3856.89 3197.56 1507.43 642.537 492.723 864.891 599.143 206.212 392.931 265.748 1690.13 659.331 462.626 275.802 176.275 186.823 300.601 412.239
internal_count=18891 5353 4439 1127 833 3312 3006 1495 1037 914 634 1511 13538 11327 5588 2542 1943 3046 2091 734 1357 955 5739 2211 1827 1149 790 678 1002 1577
is_linear=0
shrinkage=0.05


Tree=72
num_leaves=31
num_cat=0
split_feature=41 4 21 19 12 24 45 71 6 45 39 41 46 75 77 17 53 0 45 34 69 21 48 42 77 22 33 77 11 22
split_gain=11.3729 24.7381 7.9308 8.23814 13.4592 7.49288 8.58182 8.74741 7.17416 6.10161 11.2839 12.7289 7.92769 7.30334 6.72671 6.65267 5.73217 5.65961 5.3567 6.85287 6.60447 6.82887 4.88761 4.8463 7.31098 6.44153 4.64789 5.70251 5.35022 4.46769
threshold=12.500000000000002 20.797501481783236 5.5010548523206761 17.679487179487186 0.61746588082080212 -0.20699999999999988 17.035714285714288 0.14650989224341296 12.254107477640185 18.292857142857148 24.683093771389462 119.50000000000001 60.759191176470594 14.585000000000003 0.60354036546517176 2.1180555555555558 2.4083333333333337 6.5000000000000009 32.703296703296708 1.0000000180025095e-35 0.2545553298956203 3.3936116700201211 19.878676470588239 13.500000000000002 0.42752877928418398 0.70074626865671652 0.5227272727272726 0.16939210320067163 0.090766219259397901 0.8128434065934067
decision_type=8 8 10 10 10 8 10 2 8 8 2 8 2 10 10 8 10 2 8 8 2 10 2 2 10 8 8 10 10 8
left_child=1 17 3 4 9 -4 -7 8 23 10 11 -2 15 14 18 -11 22 -1 20 -20 26 -22 -12 24 25 -8 27 -14 -28 -18
right_child=2 -3 5 -5 -6 6 7 -9 -10 12 16 -13 13 -15 -16 -17 29 -19 19 -21 21 -23 -24 -25 -26 -27 28 -29 -30 -31
leaf_value=-0.010280315923644817 0.025040801381996637 0.033243019145287128 -0.0029793956983218241 -0.012683561902816401 0.013968172135185034 -0.0075846175059089849 0.018963794157282606 0.021436548152930307 -0.0075408257125411313 -0.0035852137412899689 0.010780777856137286 0.0025856791905179326 -0.0017687112208169754 0.010292239794596762 -0.012025360370334356 -0.01415210253831343 -0.00018590414712041218 0.0088664517302206019 0.0099996910810414737 -0.0062237947672916343 -0.0050704364429240874 0.010292239794596762 -0.0036483891834211408 -0.0027646979189524241 0.021248848995040457 0.0023641819754066842 -0.0036285324527905389 0.010292239794596762 -0.015204098615541934 -0.014870798435368066
leaf_weight=76.654628086835146 99.668962448835373 81.317361548542976 308.67263305932283 147.32075244560838 149.82729423418641 98.697922322899103 75.787931066006422 103.86838828772306 85.972489066421986 468.42727967724204 112.89411814138293 169.86722426116467 430.46030680835247 137.20417736470699 142.47831274569035 218.1092987395823 96.753585737198591 75.738701969385147 219.25253723189235 91.605482622981071 81.445078670978546 110.68145052343607 120.30944584682584 86.796729519963264 109.71456600725651 246.18179426342249 958.14356827735901 110.80296650528908 110.6356444619596 110.52603623270988
leaf_count=308 302 243 1251 543 470 355 346 455 261 1128 329 630 1632 330 350 460 311 301 833 336 336 443 389 310 306 964 3681 244 530 326
internal_value=0.000390486 0.0111566 -9.52441e-05 -0.00111546 -0.000679703 0.00363911 0.00617114 0.00809586 0.0057718 -0.00126241 0.0029131 0.010951 -0.00222584 -0.000865723 -0.00154873 -0.00695796 -0.00201904 -0.000768704 -0.000836953 0.00521423 -0.00188304 0.00685635 0.00335299 0.00798951 0.0101532 0.00631816 -0.00292952 0.000844643 -0.00483988 -0.00805001
internal_weight=5435.82 233.711 5202.11 4086.41 3939.09 1115.69 807.02 708.322 604.454 3789.27 710.019 269.536 3079.25 2392.71 2255.51 686.537 440.483 152.393 2113.03 310.858 1802.17 192.127 233.204 518.481 431.684 321.97 1610.04 541.263 1068.78 207.28
internal_count=18703 852 17851 13603 13060 4248 2997 2642 2187 12590 2287 932 10303 8715 8385 1588 1355 609 8035 1169 6866 779 718 1926 1616 1310 6087 1876 4211 637
is_linear=0
shrinkage=0.05


Tree=73
num_leaves=31
num_cat=0
split_feature=3 31 77 25 56 25 46 24 48 50 52 21 77 21 52 69 29 61 52 43 17 55 15 77 69 50 17 9 25 56
split_gain=12.1478 6.06593 9.571 11.0857 11.8604 8.67893 6.65182 6.48357 6.3231 6.40617 6.07555 5.94232 7.7013 6.22941 5.30643 4.8072 7.65261 10.2471 7.18256 6.10588 6.19115 6.00599 5.67895 4.82564 4.63647 7.27912 4.54478 4.52365 4.09382 4.46074
threshold=22.203846153846158 0.70803571428571443 0.63601507761089293 -0.16333333333333322 4.4637807588916472 -0.15499999999999992 62.970588235294123 -2.1560999999999995 21.757352941176475 23.651666666666671 246.58571428571432 5.5010548523206761 0.40187149391244725 5.2061157796451925 249.70714285714288 0.068538587662173786 0.03716722268462315 42.250000000000007 199.03125000000003 64.031250000000014 2.3100961538461542 19.005257352941182 0.40509061719732004 0.44838685807310946 0.035819877462776761 24.392329545454547 0.73030303030303034 4.3746666666666671 0.042500000000000003 3.9106773599330906
decision_type=10 10 10 10 2 8 2 8 2 10 10 10 10 10 8 2 10 2 10 10 8 2 10 10 2 10 8 10 10 2
left_child=1 2 5 -4 6 10 -5 8 -7 -10 -1 13 24 15 -3 19 -17 -18 -19 21 -21 -9 -20 28 26 27 -13 -26 29 -23
right_child=-2 14 3 4 -6 7 -8 11 9 -11 -12 12 -14 -15 -16 16 17 18 22 20 -22 23 -24 -25 25 -27 -28 -29 -30 -31
leaf_value=-0.017981946046941599 0.016707739036082692 -0.015722233684962679 0.016358011729601038 0.0031323612818109532 0.0134871716450228 0.013296295512110673 -0.012581589137941869 0.0094745634689772113 -0.0055608202856656354 0.011288485246385545 -0.0011446541022819678 -0.0018791969756273908 0.012787220457734491 -0.01029063257215785 -0.00027710222502791789 -0.0016154097034210447 -0.0058977186135153415 0.024244666602511677 -0.0003992819067025393 -0.0047596427706153169 -0.018376432589759711 0.0065136963080204254 0.017251836377052483 -0.010656754701970613 -0.0038492835679739394 0.0060701083227944624 0.0090110901940926909 -0.018876569597689467 0.0071194360662574178 -0.0038349678427360328
leaf_weight=119.4612725712359 105.84193443134427 116.17288646101952 179.62196238338947 135.56654530763626 134.76770409941673 164.39747253060341 132.20598208904266 123.68018051981926 153.32125673815608 87.918865650892258 96.755347203463316 167.50806058570743 156.15147741138935 204.88699900731444 105.91505898535252 796.29895475879312 109.49595158174634 83.981395658105612 113.53767770156264 465.93656016886234 101.06399396434426 122.77855267748237 75.069469556212425 142.39748077094555 147.48243771120906 124.09582381695509 221.88623423874378 75.382977593690157 137.84217095002532 656.79364090785384
leaf_count=385 347 301 407 300 324 632 340 349 484 358 439 633 393 716 344 2907 414 273 446 1881 397 475 304 281 560 579 901 393 496 1896
internal_value=1.09133e-05 -0.000316211 2.8182e-05 0.00606619 0.0014446 -0.0007292 -0.00464395 -0.000250878 0.00576627 0.000601083 -0.0104873 -0.000858373 0.00273894 -0.00188345 -0.00839062 -0.00129202 0.0011763 0.00698352 0.0121604 -0.00295335 -0.00721482 -0.000907347 0.00668016 -0.00212671 0.000593654 -0.00360401 0.00433354 -0.00899379 -0.000792544 -0.00219885
internal_weight=5558.22 5452.37 5230.29 582.162 402.54 4648.12 267.773 4431.91 405.638 241.24 216.217 4026.27 892.507 3133.76 222.088 2928.88 1178.38 382.084 272.589 1750.49 567.001 1183.49 188.607 1059.81 736.356 346.961 389.394 222.865 917.414 779.572
internal_count=18955 18608 17963 1371 964 16592 640 15768 1474 842 824 14294 3459 10835 645 10119 4344 1437 1023 5775 2278 3497 750 3148 3066 1532 1534 953 2867 2371
is_linear=0
shrinkage=0.05


Tree=74
num_leaves=31
num_cat=0
split_feature=77 50 36 45 65 25 52 44 30 21 13 19 55 54 28 31 22 22 76 24 21 54 44 59 41 12 56 76 5 75
split_gain=7.73597 15.3763 18.0442 16.2036 13.0578 6.90075 7.75358 6.55516 6.00743 7.71984 5.77343 8.22805 6.71345 8.24603 10.6114 12.8007 7.75739 9.28193 8.45295 6.69277 6.33645 8.10715 5.974 7.2935 5.60394 5.35342 4.93266 4.71319 4.61932 4.47952
threshold=0.62324007214637966 24.267708333333335 0.67432838433386277 24.184659090909097 9.5000000000000018 -0.14499999999999991 244.85164835164838 0.53444785704313846 0.22518514219581401 4.8004975124378122 0.056478926020832189 2.0333333333333337 22.062500000000004 30.519230769230774 15.438004761904764 0.49559027777777781 0.77859477124183019 0.86715686274509818 2.1297563156718091 -1.6857857142857136 4.575853471423093 21.851648351648354 0.55820255876977387 0.75000000000000011 169.50000000000003 0.20894455776421725 4.2419344445399103 2.3098235765838013 6.7166666666666677 12.805000000000001
decision_type=10 8 10 10 8 8 10 8 8 8 8 8 2 10 10 10 8 8 8 8 8 8 10 2 8 8 2 8 10 8
left_child=5 2 3 -2 -3 6 -1 8 9 -7 -9 26 16 14 15 19 18 -18 -13 -14 27 28 24 -24 -23 -19 -12 -21 -22 -10
right_child=1 4 -4 -5 -6 7 -8 10 29 -11 11 12 13 -15 -16 -17 17 25 -20 20 21 22 23 -25 -26 -27 -28 -29 -30 -31
leaf_value=-0.016380298188137656 0.023319701422424993 -0.016818267717926518 -0.0045077186514248073 0.0018877796377185481 0.0040231565496109357 0.0076778121195446025 0.0008549660031392834 -0.0021724827240568872 -0.011017589700644781 -0.0044333068490993712 0.021040562395727651 -0.012727854563716732 0.015015756895541889 0.019935446923026963 0.019721270125210674 -0.011917482029541135 0.012010773763075595 -0.011777656948010619 0.0059773279864707212 -0.0098373442666851423 0.0059691702841550634 0.015735779334188554 0.0045987939361339172 -0.017214041544578892 -0.0017023110022875432 0.0010474666862708391 0.0050320867704211477 0.0049177105982738537 0.023200262261359662 -0.00096983588775364582
leaf_weight=142.02829128876328 241.81312470138073 124.05138674378395 158.70225930213928 138.79062429070473 187.61899341642857 204.31805520504713 119.82873831316829 1029.9916888065636 326.47603861987591 365.35104168951511 85.717187520116568 240.23046173155308 113.5983509644866 74.346048422157764 84.519012410193682 152.4847899004817 156.16105930134654 107.74379517510533 79.900758612900972 154.1296369433403 78.905334636569023 89.918849721550941 74.958914548158646 76.700123146176338 93.045576561242342 322.6564060524106 110.02866078540683 82.360010523349047 77.540454868227243 168.06004483625293
leaf_count=451 546 329 312 314 474 602 549 3907 675 1003 349 522 487 336 438 526 597 296 747 389 276 310 328 307 340 1036 362 599 367 990
internal_value=0.000155771 0.00453302 0.00963589 0.0155298 -0.00429943 -0.000652874 -0.00852 -0.000177353 -0.00358589 -8.36792e-05 0.00092765 0.00234403 0.00140992 0.00394068 0.00282029 0.00136431 -0.00180775 0.00160987 -0.0080552 0.00378333 0.00201133 0.00524621 0.000841331 -0.00647334 0.00690668 -0.00218296 0.0121135 -0.00469967 0.0146027 -0.00761187
internal_weight=5461.98 850.976 539.306 380.604 311.67 4611 261.857 4349.14 1064.21 569.669 3284.94 2254.95 2059.2 1152.51 1078.16 993.642 906.692 586.561 320.131 841.157 727.559 491.069 334.623 151.659 182.964 430.4 195.746 236.49 156.446 494.536
internal_count=18764 1975 1172 860 803 16789 1000 15789 3270 1605 12519 8612 7901 4703 4367 3929 3198 1929 1269 3403 2916 1928 1285 635 650 1332 711 988 643 1665
is_linear=0
shrinkage=0.05


Tree=75
num_leaves=31
num_cat=0
split_feature=77 34 17 28 31 61 8 9 77 43 64 15 10 15 31 43 36 20 69 15 24 48 19 70 64 48 43 45 21 25
split_gain=13.6059 7.53029 7.65598 19.6897 18.1351 13.8974 13.4042 12.4868 8.32922 6.55574 6.09103 9.79593 6.13005 6.44082 6.78982 6.44512 6.94673 7.23136 5.5153 8.49673 6.06377 5.33234 4.93745 4.31389 4.21532 4.36539 3.81051 3.49646 5.41294 5.28988
threshold=0.86634309153467748 1.0000000180025095e-35 3.2071428571428577 17.81439560439561 0.63420168067226901 42.250000000000007 20.046109197527613 16.264166666666672 0.45318791816272469 60.67948717948719 72.500000000000014 0.42656067584407242 0.12465357471114669 0.6778685357761759 0.62836538461538483 66.759615384615401 0.13496261115837357 1.5192307692307694 0.2649835816083555 0.31001080822508642 4.5339696969696979 23.395220588235297 6.3452380952380958 0.0022277129475271893 77.500000000000014 22.240808823529417 62.966666666666676 16.174242424242429 6.3357843137254912 -0.14499999999999991
decision_type=10 10 8 8 10 2 8 8 10 10 10 10 10 10 10 10 10 10 2 8 10 2 10 2 10 2 10 10 10 10
left_child=1 2 10 4 5 -4 -5 8 -7 21 12 24 13 14 15 18 -17 -18 20 -20 27 -9 -22 -8 26 -26 -12 29 -29 -1
right_child=-2 -3 3 6 -6 7 23 9 -10 -11 11 -13 -14 -15 -16 16 17 -19 19 -21 22 -23 -24 -25 25 -27 -28 28 -30 -31
leaf_value=-0.0025982602632207193 0.019094770310370171 -0.011206955899061781 -0.0082298880978619211 -0.022047363984490458 0.027949840190315635 0.009504508396143356 0.0083374798448808945 0.00091072493352930401 0.03345199846358908 -0.0062174675706077763 0.014746814013645589 0.015431893154027744 -0.012448599886667929 0.010097177450092825 -0.010755184836642447 -0.0010847921946165555 0.020367824784648422 0.0019862953612756295 -0.0015631133154680767 0.017064220343742324 -0.0023789368152885636 0.017212947601351072 -0.018556658293680136 -0.0066945726401151599 -0.0092960658476187279 0.0033103797070221704 -0.00052742215700747337 -0.0032035253436056171 0.0037793215555408767 0.012414770656055547
leaf_weight=127.56317435204983 97.019528403878212 137.5847222097218 137.39142613112926 92.306589610874653 107.06848632544279 72.068687945604324 98.124983124434948 97.609136067330837 74.509749487042427 101.99547942355275 79.301908548921347 149.25193179771304 113.60335591807961 131.9825376085937 172.5303842201829 226.78337558731437 109.54143624380231 104.1614410802722 162.31896337494254 97.145658351480961 91.166497502475977 102.4457015581429 97.467363085597754 91.06878936290741 140.08799603581429 133.03106353059411 82.938902974128723 1812.1852825693786 326.81497314199805 107.20845004916191
leaf_count=354 371 433 455 328 279 444 342 305 188 395 256 504 300 461 501 1070 518 454 596 316 288 313 358 311 485 471 362 5802 1171 356
internal_value=0.000633745 0.000297173 0.000601332 0.00459717 0.00912279 0.00564125 -0.0065383 0.00989811 0.0218218 0.00405886 -0.000312598 0.00442397 -0.00106596 -0.000700038 -0.00111773 -0.000604912 0.00501323 0.0114594 -0.00148335 0.00544985 -0.00218725 0.00930299 -0.0107918 0.00110462 0.000623468 -0.00316603 0.00698309 -0.00149923 -0.00213536 0.00428102
internal_weight=5474.28 5377.26 5239.67 974.589 693.089 586.02 281.5 448.629 146.578 302.05 4265.08 584.612 3680.47 3566.87 3434.89 3262.36 440.486 213.703 2821.87 259.465 2562.41 200.055 188.634 189.194 435.36 273.119 162.241 2373.77 2139 234.772
internal_count=18787 18416 17983 3360 2379 2100 981 1645 632 1013 14623 2078 12545 12245 11784 11283 2042 972 9241 912 8329 618 646 653 1574 956 618 7683 6973 710
is_linear=0
shrinkage=0.05


Tree=76
num_leaves=31
num_cat=0
split_feature=3 9 58 75 36 15 39 31 36 28 51 76 50 53 19 75 17 25 15 25 43 46 36 9 79 60 43 51 4 33
split_gain=6.59382 8.23998 16.2342 15.8606 13.9372 7.8714 12.6883 13.62 9.54319 13.3664 9.31427 12.7952 8.61155 6.57287 5.19899 9.72708 7.99074 10.9354 7.93627 6.93093 4.64853 4.48392 4.96796 4.7451 4.27652 3.23882 3.23384 3.05401 2.65799 2.62133
threshold=22.203846153846158 16.845500000000005 20.211397058823533 17.035000000000004 0.53385242090798601 0.39958299186168927 22.466803559206024 0.63269696969696987 0.55027911585540712 13.172183035714287 4.1699440529642464 0.96775309650475339 22.367948717948725 2.6076923076923082 8.5166666666666675 8.7950000000000017 1.5773809523809526 -0.14095454545454542 0.28872371559780102 -0.0078174603174603046 64.464102564102589 61.181985294117659 0.24377761674259982 4.828333333333334 -0.42931954109009357 -9.2499999999999982 63.095454545454551 4.6232554758674178 1.6469672274386424 4.1291666666666673
decision_type=10 10 2 10 10 10 2 8 10 10 10 10 10 10 10 10 10 10 10 10 10 2 10 8 10 2 10 10 10 8
left_child=1 3 -3 5 -4 14 -7 8 9 10 13 26 -9 -8 15 16 18 -18 21 -19 -16 23 25 27 -20 -23 -12 28 -1 -14
right_child=-2 2 4 -5 -6 6 7 12 -10 -11 11 -13 29 -15 20 -17 17 19 24 -21 -22 22 -24 -25 -26 -27 -28 -29 -30 -31
leaf_value=-0.0079859954261749921 0.011892989072908429 -0.022958169595722111 -0.015032811637279351 0.020529486858033505 0.0082018898145226008 0.020137555097232026 0.0031415904534475869 0.00085688842831313841 -0.0062331401607369523 0.020259370842149668 0.0074104149568752324 0.020529486858033505 -0.0087002557663927085 -0.013265936584627214 -0.014537907345013394 0.0093817306814212593 -0.019348185654450494 0.0093817306814212593 -0.0018908430078171401 -0.010624202192414877 -0.00022882764221305357 0.0076093173453707866 0.0093817306814212593 -0.012225465407372885 0.0093817306814212593 -0.0014053138948577494 -0.0058424541702369066 0.0038455244350844029 0.0012061368194797204 -0.021795643208862389
leaf_weight=239.23043075576425 115.06686978042126 113.7177843824029 102.46683608368039 94.894870296120644 170.56262162700295 102.12908300757408 156.77403116226196 174.93323673680425 153.24814537912607 158.65666656196117 90.577677257359028 141.20044484734535 79.142019622027874 98.656996205449104 132.36787873506546 221.91900810599327 139.60857322067022 77.197300348430872 97.302028082311153 77.24188082292676 98.866943631321192 104.83987393975258 92.919567611068487 170.65859125554562 206.37486629188061 1702.5709581673145 91.559694953262806 134.33406953141093 116.56583906337619 77.138511069118977
leaf_count=660 368 392 452 205 553 385 557 583 393 505 306 344 336 312 450 529 543 337 498 380 478 411 418 438 461 6359 373 309 369 270
internal_value=0.000101141 -0.000151457 -0.0071747 0.000389768 -0.000541036 -1.49815e-06 0.00329493 0.00187185 0.00509003 0.00744841 0.00390768 0.00953306 -0.00677148 -0.00322263 -0.00121042 -0.000713086 -0.00142502 -0.00925996 -0.000617881 -7.46913e-05 -0.00844724 -0.00152487 -0.000290343 -0.00506937 0.00701127 -0.000878497 0.000752729 -0.00255787 -0.00497953 -0.0152615
internal_weight=5532.72 5417.66 386.747 5030.91 273.029 4936.01 1324.02 1221.89 890.674 737.426 578.769 323.338 331.214 255.431 3612 3380.76 3158.84 294.048 2864.8 154.439 231.235 2561.12 1900.33 660.789 303.677 1807.41 182.137 490.13 355.796 156.281
internal_count=18974 18606 1397 17209 1005 17004 4364 3979 2790 2397 1892 1023 1189 869 12640 11712 11183 1260 9923 717 928 8964 7188 1776 959 6770 679 1338 1029 606
is_linear=0
shrinkage=0.05


Tree=77
num_leaves=31
num_cat=0
split_feature=29 43 11 30 71 75 77 43 3 58 10 64 25 9 0 10 76 7 77 9 39 53 51 33 77 56 51 76 52 30
split_gain=11.992 23.7421 10.4237 10.8114 4.98754 21.0163 8.18533 5.61989 10.2598 8.06153 14.4903 21.3456 14.5528 7.49868 7.25787 9.19453 8.44768 5.06733 5.10918 4.76541 4.71581 7.32178 4.75689 4.58009 6.50082 4.34892 4.16986 3.55856 4.07847 7.08662
threshold=0.1245488300678534 66.345238095238116 0.1526279314119432 0.4602186667686371 0.090108075121794404 13.455000000000002 0.47853486254722188 64.464102564102589 9.0878571428571444 23.031250000000004 0.059250041403740163 50.500000000000007 -0.052361111111111074 11.88691666666667 6.5000000000000009 0.10000247500247501 0.68801624410209772 4.8971875000000011 0.33773317013099374 8.1601666666666688 24.647501711156746 1.6547619047619049 4.6826676907322078 2.5798319327731094 0.19317625121853679 4.4270050125313292 4.652306468716862 1.1181513117754729 224.90833333333336 0.54872811039010683
decision_type=10 8 10 10 2 10 10 10 8 2 10 10 10 10 2 8 10 10 8 10 2 10 10 8 10 2 10 10 8 8
left_child=4 2 3 -2 7 6 17 9 23 10 26 12 -12 -13 16 -16 -10 -6 -19 -20 21 -11 25 24 -9 -23 -1 28 -22 -30
right_child=1 -3 -4 -5 5 -7 -8 8 14 20 11 13 -14 -15 15 -17 -18 18 19 -21 27 22 -24 -25 -26 -27 -28 -29 29 -31
leaf_value=-0.0024353520956964738 -0.0047150127913001341 0.027409407230384195 -0.0093430203803779224 0.016359264677128674 0.00011687860725533779 0.02632644774239153 -0.01178525088935325 -0.0015591075216041775 -0.0055475589974438681 0.0097438319516346059 0.0046847432323010646 0.0068860924297964839 0.028576546009689341 -0.012120246707639433 -0.012531482532195852 0.0099910583010660147 -0.024777295694218791 0.00011687860725533779 0.02632644774239153 0.0075779505185768316 0.0028016627133422272 -0.0060207190743474239 -0.013359166592495468 -0.0062718821288602726 0.010579155602755474 0.007951533348388452 0.0051643911919769699 -0.012698440590224841 -0.0033029011487175994 -0.019363323686666767
leaf_weight=884.44807165488601 102.98712375760078 114.25292421132326 139.41862511634827 146.50206540897489 575.13443752378225 84.367289260029793 119.30359154939651 430.08716781064868 102.1856901012361 151.35544829815626 107.44846613705158 104.17680281400681 157.32571629807353 101.50784522667527 107.11156945675611 77.068821832537651 130.59790118038654 54.632412925362587 40.597056765109301 60.371614325791597 162.01297026127577 122.45484685525298 88.543179925531149 275.72612654417753 147.26421977579594 100.46293046325445 225.72878973558545 144.19424340128899 348.64561821147799 84.728564895689487
leaf_count=2600 352 441 438 463 2145 204 276 1934 507 555 293 337 443 304 460 312 335 158 225 515 409 502 259 1121 390 342 621 293 1306 310
internal_value=0.00012847 0.00747739 0.0015665 0.00767588 -0.000614274 0.00267692 0.000301505 -0.00137351 -0.00412817 -0.000115385 0.00223113 0.00957516 0.0189351 -0.00250702 -0.0105461 -0.00310404 -0.0163958 0.00228826 0.0102621 0.0169495 -0.00319933 0.000758495 -0.00362517 -0.000982574 0.00154992 0.000283581 -0.000886863 -0.00567374 -0.00395402 -0.00648021
internal_weight=5490.64 503.161 388.908 249.489 4987.48 934.406 850.039 4053.07 1270.04 2783.03 1580.64 470.459 264.774 205.685 416.964 184.18 232.784 730.736 155.601 100.969 1202.4 462.816 311.461 853.078 577.351 222.918 1110.18 739.581 595.387 433.374
internal_count=18850 1694 1253 815 17156 3523 3319 13633 5059 8574 4598 1377 736 641 1614 772 842 3043 898 740 3976 1658 1103 3445 2324 844 3221 2318 2025 1616
is_linear=0
shrinkage=0.05


Tree=78
num_leaves=31
num_cat=0
split_feature=20 71 75 3 54 27 77 55 48 36 15 17 76 15 9 77 51 24 2 31 52 22 43 3 36 77 21 77 10 15
split_gain=6.43309 7.11979 13.4008 6.83373 24.0259 23.3304 12.5557 9.99346 6.13472 12.5071 12.4581 8.54939 7.40941 6.28695 4.87843 7.0889 8.09882 5.99193 4.74024 8.34225 6.1977 4.54641 4.16373 6.22287 6.91472 4.49009 4.03938 4.04695 4.2752 4.0124
threshold=6.8166666666666673 0.094630865193535321 13.455000000000002 14.811688311688314 20.279220779220783 16.623303167420818 0.75350123834959859 21.299816176470589 21.757352941176475 0.39885783930667268 0.5821207152188651 2.0801282051282057 0.66371886014384962 0.28872371559780102 13.415250000000002 0.51182518335277327 5.0495901639344272 -2.1884499999999996 1.5000000000000002 0.28968750000000004 245.14835164835168 0.86715686274509818 65.80625000000002 10.055238095238098 0.294185541794802 0.27219570776618401 5.5010548523206761 0.075331384328717846 0.043669288232376015 0.27579253064974107
decision_type=10 2 10 10 8 10 10 2 2 10 10 10 8 10 10 10 10 8 2 10 10 8 8 8 10 10 10 10 8 10
left_child=1 3 22 5 -5 8 7 -6 10 12 14 -11 21 -14 15 16 17 -1 19 -15 -21 -10 23 24 25 -3 27 -19 -29 -24
right_child=-2 2 -4 4 6 -7 -8 -9 9 11 -12 -13 13 18 -16 -17 -18 26 -20 20 -22 -23 29 -25 -26 -27 -28 28 -30 -31
leaf_value=0.0075495834687084127 0.01171618883813897 0.0020196401287541619 0.020998426475335716 -0.022398259098621212 -0.0044601693547179485 0.02173212280418323 -0.013503259786619022 0.016794594245701906 -0.014896006270055155 -0.020309548526479329 0.014415572255803128 -0.0016814519245358585 -0.0017504588275644084 0.016294864502209242 -0.011036926300211497 0.013632732960269112 0.011187813371806958 -0.0011878449430374827 -0.0047151643593507566 -0.0062119717069493534 0.010425690295470535 -0.001912005230130639 0.0037586328041326377 -0.011150186449743641 0.013713431500787144 -0.010687929460800438 0.0029932317305462097 -0.0024609509450388418 -0.013190783772961887 0.018664094085438596
leaf_weight=162.20210951566696 124.06921372935176 321.7380695566535 104.24420361220837 154.36056570336223 94.084218800067902 119.67160049825907 96.256516396999359 131.98239113762975 138.62125951051712 151.2449101023376 170.1967571079731 103.77115717157722 1098.7315035760403 159.56651156395674 89.889797944575548 100.73554612696171 142.47772935032845 446.90266279876232 97.38485087454319 122.22322042286396 101.585031054914 131.02812460064888 166.61815666034818 104.07896811515093 103.06419771164656 87.601292356848717 237.25841785594821 173.21439807116985 200.45050248503685 61.310651827603579
leaf_count=629 371 1224 250 473 280 387 236 517 371 447 516 309 3935 588 303 262 377 2037 395 352 415 308 773 433 344 205 941 370 449 362
internal_value=0.000506119 0.000245108 0.00417333 -0.000598019 -0.00624638 8.55218e-05 0.00153411 0.00796812 -0.000596789 -0.00240785 0.0016146 -0.0127656 -0.000973279 0.00033631 0.000203458 0.000901043 -4.95703e-05 -0.00136999 0.00509916 0.00759798 0.00135253 -0.00861719 0.00207386 -6.43297e-05 0.00220475 -0.000719282 -0.00274351 -0.00440385 -0.00823676 0.00783207
internal_weight=5496.56 5372.5 948.656 4423.84 476.684 3947.16 322.323 226.067 3827.48 2104.16 1723.33 255.016 1849.14 1579.49 1553.13 1463.24 1362.51 1220.03 480.76 383.375 223.808 269.649 844.411 616.483 512.404 409.339 1057.83 820.568 373.665 227.929
internal_count=18859 18488 3591 14897 1506 13391 1033 797 13004 7120 5884 756 6364 5685 5368 5065 4803 4426 1750 1355 767 679 3341 2206 1773 1429 3797 2856 819 1135
is_linear=0
shrinkage=0.05


Tree=79
num_leaves=31
num_cat=0
split_feature=29 71 11 6 22 9 14 52 64 41 8 6 47 76 8 22 36 6 76 57 76 36 31 50 14 58 54 45 6 6
split_gain=9.13545 7.24966 17.2276 6.01281 10.9008 8.53821 8.68696 12.2942 8.09063 6.11308 11.9712 6.09722 5.89925 5.7206 6.48105 5.73814 5.26961 6.32965 9.28626 5.73002 5.4613 5.70433 5.26068 7.38492 5.97073 12.4716 6.26468 6.83227 4.70002 4.23118
threshold=0.1757392680983729 0.094630865193535321 0.10642736680065933 9.2104861585588278 0.84680573663624525 15.012500000000001 0.65483333333333349 246.58571428571432 62.500000000000007 37.500000000000007 13.705411929298123 3.8997840278064313 0.58099606576012008 1.0817617585259416 2.6161576556206145 0.77859477124183019 0.55027911585540712 5.6094228534323944 1.1052192250241635 221.99816176470591 0.88064509160041504 0.32402907832601163 0.50937500000000013 23.440833333333337 0.31038461538461548 26.588235294117652 19.516666666666669 22.730303030303034 4.9087779608512223 4.2896659845829772
decision_type=10 2 10 10 8 10 10 10 8 8 8 10 2 10 10 8 10 10 10 2 8 10 10 8 10 2 10 10 10 8
left_child=1 3 13 5 12 9 8 -8 -7 10 11 -1 -5 14 -3 -16 17 22 19 -19 -21 -22 24 -24 28 26 -26 -28 -11 -15
right_child=-2 2 -4 4 -6 6 7 -9 -10 16 -12 -13 -14 29 15 -17 -18 18 -20 20 21 -23 23 -25 25 -27 27 -29 -30 -31
leaf_value=0.0096915715454246893 0.014740168730675851 0.00093826798941799372 0.023861169357725774 -0.01011933770547963 0.020977006378574563 -0.0036225895156689805 -0.010464019477043717 0.012351131483006109 -0.022567253038545808 -0.0016650259426993247 0.020867107572374564 -0.0084634857471605103 0.0080856434545585592 0.0022133860876744917 0.021935567229578536 0.0041808724271931164 -0.01268691858502915 -0.0090575099585495505 0.018591509099347703 0.011328168059995022 -0.011372698076227169 0.0075483894684247798 -0.0007107851991843433 -0.018637594950913241 -0.00091492781625418453 -0.012056985892582023 0.020408339540851708 0.0036808648161110419 -0.013097117871492989 -0.010028467333648344
leaf_weight=78.923614475876093 106.01522167399526 406.35354831442237 96.30369083955884 84.711972374469042 85.735250417143106 98.167614951729774 141.39999168366194 99.880178052932024 132.74870147556067 2034.329677272588 95.238156270235777 108.76375162974 91.554652273654938 134.65705381333828 82.588797591626644 101.19467087090015 94.487222380936146 102.25621980428696 92.706662833690643 150.44125181436539 79.006146874278784 78.374654367566109 125.67976962029934 104.9473444595933 125.0220644287765 94.526582814753056 133.77736749500036 112.55054323747754 93.100383274257183 146.65230590105057
leaf_count=299 368 1564 419 294 241 323 372 408 432 6922 267 458 383 308 509 523 241 344 223 354 481 333 330 345 394 290 452 386 282 332
internal_value=0.000273925 -1.24374e-05 0.00390643 -0.000867609 0.00646559 -0.00132909 -0.00765364 -0.00100748 -0.0145638 -0.000521004 0.00652922 -0.000818277 -0.000671218 0.0016764 0.00447111 0.012235 -0.00110578 -0.000773131 0.00439021 0.0011423 0.00454895 -0.00196195 -0.00169366 -0.00891366 -0.00104839 0.00407277 0.00819993 0.0128111 -0.00217123 -0.00418146
internal_weight=5512.1 5406.08 967.75 4438.33 262.002 4176.33 472.196 241.28 230.916 3704.13 282.926 187.687 176.267 871.446 590.137 183.783 3421.21 3326.72 502.785 410.078 307.822 157.381 2823.93 230.627 2593.31 465.877 371.35 246.328 2127.43 281.309
internal_count=18877 18509 3655 14854 918 13936 1535 780 755 12401 1024 757 677 3236 2596 1032 11377 11136 1735 1512 1168 814 9401 675 8726 1522 1232 838 7204 640
is_linear=0
shrinkage=0.05


Tree=80
num_leaves=31
num_cat=0
split_feature=33 6 28 77 55 77 77 8 77 45 25 53 77 24 21 69 51 77 39 44 43 50 75 58 50 39 28 45 19 77
split_gain=7.8744 14.3184 6.77133 9.5716 5.70565 8.64305 15.2148 8.54677 5.99592 5.20747 6.2912 5.98978 5.43499 4.32022 4.51183 5.85737 5.66137 5.63797 6.07665 5.3458 5.23836 4.69274 4.49511 4.42837 3.8843 6.40922 5.28262 4.9406 4.14223 3.48402
threshold=4.9375000000000009 8.8450510776558016 18.001900000000003 0.77461471706257401 26.185294117647061 0.65251382255955437 0.61934701598118547 14.498286235423556 0.58618638590443728 18.440972222222225 -0.1897727272727272 2.4226190476190479 0.02796408242509818 -4.1445694444444419 5.4517323775388293 0.052239527344862688 4.6349107409993033 0.26841844568035733 25.724845995893229 0.53523383893102217 61.968750000000007 22.434523809523814 4.4650000000000007 22.843750000000004 24.151923076923079 25.68240930869268 2.9962401960784319 20.809090909090912 5.0333333333333341 0.38662728396415441
decision_type=10 8 10 10 2 10 10 10 10 8 8 10 10 8 10 2 10 10 2 10 10 10 8 2 10 2 10 10 8 8
left_child=2 -2 3 4 5 6 8 24 9 11 -11 12 -1 -12 17 16 19 -15 23 -16 -17 -21 -22 -19 25 26 -6 -26 -27 -13
right_child=1 -3 -4 -5 7 -7 -8 -9 -10 10 13 29 -14 14 15 20 -18 18 -20 21 22 -23 -24 -25 27 28 -28 -29 -30 -31
leaf_value=-0.0013960100842230882 -0.0023543975451765691 0.021177641278621033 -0.01259817382199831 0.010639394013061694 0.0036933502182358393 -0.010369462780420426 0.018211545613026729 0.018941009368823335 -0.013769013408586016 -0.01515930936399309 0.0090128045771498185 0.0012175009669018477 0.011545240471532769 -0.0016464193900304913 -0.0080671961777269829 -0.011987723940204942 0.015773696241009823 0.0032492419016616862 -0.013076531951922814 0.013726540873019872 -0.0083564213898531907 -0.001733489242774491 0.0082538270866850116 -0.009319682105433295 -0.010530648877902339 0.0042642547655115954 0.018941009368823335 0.0020691095606685268 -0.01048369682543792 -0.010360177073185666
leaf_weight=122.37366225942969 143.61606546491385 116.28946823254228 115.61820110678673 187.66620707511902 122.2145225033164 261.52779796719551 99.453065782785416 75.153197839856148 96.112541347742081 88.057228457182646 90.752704229205847 210.13205686211586 238.57679787278175 1610.6197039298713 89.810943190008402 116.1382769793272 99.694323386996984 153.88627348840237 258.04572570323944 105.3278868123889 65.954799979925156 90.800631158053875 103.06947171315551 127.11363700032234 123.93168184533715 111.46574900299311 91.306206647306681 205.56302301213145 81.618638306856155 92.956067521125078
leaf_count=783 360 310 478 540 487 544 201 326 199 335 334 467 510 6166 300 333 324 372 516 405 163 402 627 309 538 405 346 935 318 567
internal_value=-0.000262403 0.00821535 -0.000684797 -0.000413329 -0.000835994 -0.00159069 -0.000993198 0.00299441 -0.00150595 -0.00118054 -0.00206757 0.00282298 0.00716601 -0.00166651 -0.0020132 0.001565 0.00557662 -0.00312998 -0.00755146 0.00197878 -0.00386058 0.0065966 0.00176133 -0.00244935 0.00134283 0.00460743 0.0105565 -0.00268752 -0.00199174 -0.00235573
internal_weight=5494.85 259.906 5234.94 5119.32 4931.66 4120.4 3858.88 811.253 3759.42 3663.31 2999.27 664.039 360.95 2911.21 2820.46 670.796 385.634 2149.67 539.046 285.939 285.163 196.129 169.024 281 736.1 406.605 213.521 329.495 193.084 303.088
internal_count=18900 670 18230 17752 17212 13857 13313 3355 13112 12913 10586 2327 1293 10251 9917 2554 1431 7363 1197 1107 1123 807 790 681 3029 1556 833 1473 723 1034
is_linear=0
shrinkage=0.05


Tree=81
num_leaves=31
num_cat=0
split_feature=20 28 57 28 2 36 77 31 29 69 56 11 75 45 14 76 57 11 17 31 11 29 39 15 77 52 47 77 31 21
split_gain=7.22518 7.03303 16.5257 14.557 6.59604 7.96894 6.10796 7.49588 9.92379 10.9078 18.7666 12.5013 11.3837 9.73417 8.46309 6.86155 5.59523 5.48986 7.18103 5.23109 6.21578 4.1059 5.5699 3.83511 10.238 6.88725 6.6905 7.38175 3.74479 3.33568
threshold=6.8166666666666673 17.522834821428575 253.60477941176472 16.381523076923081 4.5000000000000009 0.16704185866624566 0.76783902289400785 0.62836538461538483 0.071354911818786934 0.15569636068767956 3.8097940900148974 0.15460494405206274 8.7150000000000016 24.105555555555558 0.52919871794871798 0.84004555808656056 236.36580882352942 0.13111760696851468 2.7416666666666671 0.33183333333333337 0.064367355455811084 0.022187013522803146 28.854209445585219 0.4432652009338916 0.39865598369785255 219.26136363636365 0.55879795260529219 0.42752877928418398 0.40081250000000007 4.7392621870882747
decision_type=10 10 2 10 2 8 10 10 10 2 2 8 10 10 10 10 2 10 10 10 8 8 2 8 10 8 2 8 10 8
left_child=1 3 -3 4 6 -6 7 8 17 10 -10 13 -11 14 15 -12 -15 18 19 21 28 -1 23 24 -23 -25 -27 -28 -21 -7
right_child=-2 2 -4 -5 5 29 -8 -9 9 12 11 -13 -14 16 -16 -17 -18 -19 -20 20 -22 22 -24 25 -26 26 27 -29 -30 -31
leaf_value=-0.0027741468352397223 0.011667952879809413 -0.019545218187426196 0.0072804997164374278 0.017066994525897498 -0.0020863051535641251 -0.022051284275899408 0.0096556107321305994 -0.010511884872216376 0.023086531846271064 0.0034119287809209423 0.011377184091527982 -0.01600534515142274 0.029240481007970179 -0.013913819549291629 0.019672240848129442 -0.0067937984599603391 0.0020779447784478014 0.011045713123419862 -0.015569797920578433 -0.0074666412640708212 -0.014684081826248578 0.00050924588647988241 0.011629400322449966 -0.016027584722863194 0.017976814614114441 -0.010507673031399605 -0.0032436738182368766 0.017301873591088663 0.0027995520712033083 -0.0076787357353914846
leaf_weight=942.25939026847482 121.37890959903598 144.66574683785439 94.063697371631861 117.86020353808999 474.66390652954578 80.729427706450224 158.73686054348946 171.51092722266912 91.857949756085873 87.221011027693748 100.8544421158731 112.67774956300855 83.067638531327248 106.81628057733178 102.18690100312233 105.09546472132206 110.56177444383502 87.83013454452157 87.863411821424961 174.56418883055449 140.5254252627492 923.87625051289797 122.03818597644567 87.446604195982218 91.271233782172203 96.12814449891448 98.561027765274048 77.199497796595097 178.99791952967644 83.028951875865459
leaf_count=3185 363 492 381 461 1682 285 430 445 414 476 521 378 185 287 275 242 372 354 357 565 482 3431 384 238 225 289 240 476 563 334
internal_value=-0.000344182 -0.000619654 -0.00898912 -0.000225844 -0.000638654 -0.00537963 5.99684e-05 -0.000306615 0.000132504 0.00475196 0.00208459 -0.000969701 0.0161084 0.00227843 0.00798334 0.00211658 -0.0058079 -0.00120654 -0.00156632 -0.00114163 -0.00582752 -0.000190291 0.00143736 0.000524623 0.00209589 -0.00390781 3.46791e-05 0.0058274 -0.00227594 -0.0148549
internal_weight=5455.54 5334.16 238.729 5095.43 4977.57 638.422 4339.15 4180.41 4008.9 900.339 730.051 638.193 170.289 525.515 308.137 205.95 217.378 3108.56 3020.73 2932.87 494.088 2438.78 1496.52 1374.48 1015.15 359.335 271.889 175.761 353.562 163.758
internal_count=18812 18449 873 17576 17115 2301 14814 14384 13939 3150 2489 2075 661 1697 1038 763 659 10789 10435 10078 1610 8468 5283 4899 3656 1243 1005 716 1128 619
is_linear=0
shrinkage=0.05


Tree=82
num_leaves=31
num_cat=0
split_feature=30 39 47 28 3 15 13 45 76 20 48 61 77 12 21 48 50 55 79 26 46 33 6 71 70 52 75 13 55 24
split_gain=6.59677 14.4129 14.8678 11.7552 9.5172 7.77629 11.5505 14.8337 10.0562 9.16648 9.83824 8.20688 9.24439 7.37976 6.89754 6.49441 5.0071 4.19312 3.69853 4.21575 4.7469 3.53985 5.38841 3.45109 6.19493 4.6916 3.36092 7.60866 4.68756 2.78469
threshold=0.57808614029841665 24.250513347022594 0.57357551188339506 16.381523076923081 12.121111111111114 0.40191065658438385 0.38473939094344523 26.414285714285715 0.69303203537913938 2.6794871794871797 18.849264705882359 42.250000000000007 0.64885007051949362 0.28891599932471485 4.8306954137587246 25.281250000000004 23.724285714285717 20.771875000000005 -0.48270662404980541 15.500000000000002 60.575367647058833 -1.5701725633984353e-16 4.1422242721772182 0.36582573337030988 0.37435582297002767 259.73214285714295 5.2250000000000005 0.23060965534397451 23.912500000000005 -3.4828249999999996
decision_type=10 2 2 10 10 10 10 10 10 10 2 2 10 10 10 2 10 2 8 2 2 10 8 2 2 8 10 8 2 8
left_child=3 -2 -3 5 -4 17 8 9 14 10 -8 -11 -13 -10 -7 -9 -12 18 -1 20 -20 22 -22 24 26 -25 29 -28 -29 -19
right_child=1 2 4 -5 -6 6 7 15 13 11 16 12 -14 -15 -16 -17 -18 23 19 -21 21 -23 -24 25 -26 -27 27 28 -30 -31
leaf_value=-0.0083981738380654938 0.011462295934070728 -0.020708707111622177 0.0097633408217505935 0.018208139857762828 -0.010778603480221425 0.012745090633663084 0.010944780102470904 -0.02046602106998642 0.021305676325204741 -0.0023018643106813542 -0.0012662596044690491 0.0051998065031191188 0.025098531950607142 0.0061079703195452565 -0.0096295316983951596 -0.0030136881709707419 -0.015833548883687314 -0.0096705762605395242 -0.013837885381303454 0.0043398309340582017 -0.0047038306953892141 -0.0056502646369018502 0.012605273467197168 0.01310469503250237 -0.013548562503369319 -0.0032302873638562976 0.012022017515028745 0.0084139165987397423 -0.00091091177686902314 -0.00091091177686902314
leaf_weight=296.9994021654129 99.467121366411448 173.00616705790162 104.3848542496562 91.536296766251326 120.2863053381443 54.288599342107773 101.0575232245028 101.63391057029366 181.56912392377853 101.553477242589 136.3304626904428 123.40676947310567 110.89322620630264 143.95453828573227 90.385117765516043 111.75774687901139 103.23749048635364 89.738961197435856 100.79770320653915 202.23558370396495 93.634341020137072 250.06103809922934 84.814265720546246 110.66650364175439 85.688437260687351 71.946976486593485 175.97419656813145 134.01937700808048 151.21938128769398 1693.9976713135839
leaf_count=492 392 467 427 275 485 247 329 342 455 280 480 505 250 332 585 315 389 405 264 577 375 1038 312 414 336 360 444 312 380 6578
internal_value=5.88617e-06 -0.00548084 -0.00973678 0.000553134 -0.0012336 0.000219802 0.00343209 8.02697e-05 0.00976194 0.00370762 -0.00207054 0.00955663 0.0146844 0.0146242 -0.00120363 -0.0113826 -0.00758349 -0.00101436 -0.00370194 -0.00178645 -0.00413092 -0.00182066 0.00354736 8.65664e-05 -0.0004332 0.00668641 7.32152e-05 0.00387305 -0.000910912 -0.000910912
internal_weight=5490.54 497.144 397.677 4993.4 224.671 4901.86 1360.07 889.871 470.197 676.479 340.625 335.853 234.3 325.524 144.674 213.392 239.568 3541.79 1028.54 731.543 529.307 428.51 178.449 2513.25 2330.64 182.613 2244.95 461.213 285.239 1783.74
internal_count=18842 1771 1379 17071 912 16796 4509 2890 1619 2233 1198 1035 755 787 832 657 869 12287 3058 2566 1989 1725 687 9229 8455 774 8119 1136 692 6983
is_linear=0
shrinkage=0.05


Tree=83
num_leaves=31
num_cat=0
split_feature=46 53 10 66 75 12 47 14 17 26 12 12 14 43 70 10 4 3 76 6 46 24 43 12 29 9 41 11 9 78
split_gain=5.29701 9.37752 11.0642 9.4948 17.6754 10.5287 8.37262 18.7824 6.46187 6.16581 10.6268 9.71424 9.22959 13.086 6.28277 8.66565 8.14812 7.99623 6.16572 5.84828 5.84775 6.03067 5.09915 5.02967 10.9593 8.7319 8.24351 6.71899 6.977 5.00823
threshold=62.667279411764717 3.0871212121212124 0.09179929136324487 6.5000000000000009 5.2250000000000005 0.42591810461781726 0.62210881055132627 0.50031250000000005 2.1742424242424243 15.500000000000002 0.65698568001199587 0.55137836667360152 0.3260769230769231 61.607692307692311 0.22873533381411534 0.11493806614393906 5.4606190830589076 13.474166666666671 1.3722572068289953 2.9564618149529869 65.757352941176478 5.0758452380952388 65.607692307692318 0.36446751147378109 0.10808470217805617 8.6580833333333356 107.50000000000001 0.055563785869137801 3.1230000000000007 1.5000000000000002
decision_type=2 10 8 2 10 10 2 10 10 2 8 10 10 10 2 10 10 10 8 8 2 8 10 8 8 10 8 10 10 8
left_child=1 3 -3 4 -1 23 9 18 -7 14 11 12 19 -14 15 17 -16 29 -8 -11 -20 -22 -15 25 -25 26 -5 28 -28 -2
right_child=6 2 -4 5 -6 8 7 -9 -10 10 -12 -13 13 22 16 -17 -18 -19 20 -21 21 -23 -24 24 -26 -27 27 -29 -30 -31
leaf_value=-0.0031379483174597865 -0.011820313595646339 -0.004169701460133673 -0.022288632856632035 0.01016665063550656 0.022072101832771737 -0.0020814895501841606 -0.0059590496788810114 0.02476539499169992 -0.015587721627821719 0.004875277263361036 0.018738040299821523 -0.012829080036473648 0.023558601349469091 -0.0057081683232339635 -0.00068568739400286661 -0.01508599432559592 0.020020568166115443 0.010566052340697355 0.00048186693512428948 -0.0086734607132739876 0.0028337161009250747 0.027335258847815305 0.010869269763760873 -0.0019420889952549527 0.017079084998065663 -0.013967086731610144 -0.0027834065051292579 -0.013147326007797271 0.010255729481069141 -0.0019362323287158798
leaf_weight=159.82557687908411 145.06328035891056 342.23411636054516 111.0659503005445 161.7675272859633 121.77497237920761 157.81956723332405 158.81720647215843 111.89003875106573 201.81745955720544 149.47676788643003 97.201894126832485 104.37514735013247 109.71958631277084 101.31188814342022 149.07912227511406 137.35845711827278 68.692430831491947 115.75161349773407 156.72351424768567 168.3399425521493 47.47288279235363 52.942693985998631 83.90534445643425 195.26630905643106 122.51442689821124 127.35783754661679 519.77145910263062 117.91667367517948 126.76036072894931 1051.3395589441061
leaf_count=520 401 912 308 501 246 506 450 455 568 566 342 261 263 363 712 612 357 379 984 507 319 323 302 520 329 353 1495 375 341 4238
internal_value=-0.000442236 -0.00215984 -0.00864843 -0.000694838 0.00780338 -0.00208105 0.000965388 0.00667738 -0.00968299 -0.000251768 0.00331196 0.00119788 0.00360421 0.00995903 -0.0019933 -0.00318354 0.00590742 -0.00192703 0.00176407 -0.00230586 0.00653871 0.015894 0.00181963 -8.18425e-05 0.00542174 -0.00174541 -5.1637e-05 -0.00222442 -0.000215036 -0.00314354
internal_weight=5475.35 2465.89 453.3 2012.59 281.601 1730.99 3009.46 527.846 359.637 2481.62 814.331 717.129 612.754 294.937 1667.28 1449.51 217.772 1312.15 415.956 317.817 257.139 100.416 185.217 1371.35 317.781 1053.57 926.216 764.448 646.532 1196.4
internal_count=18808 6974 1220 5754 766 4988 11834 2531 1074 9303 2604 2262 2001 928 6699 5630 1069 5018 2076 1073 1626 642 665 3914 849 3065 2712 2211 1836 4639
is_linear=0
shrinkage=0.05


Tree=84
num_leaves=31
num_cat=0
split_feature=41 53 44 36 39 43 77 41 56 18 41 36 56 58 36 66 29 44 14 6 56 75 29 53 65 6 66 6 56 29
split_gain=9.45914 19.307 7.15368 9.81225 11.0459 14.2388 12.4832 9.03741 9.25532 9.49528 9.42517 5.09356 5.19883 4.9901 6.31116 5.51571 6.24703 6.63923 4.82433 5.5548 6.52892 4.37105 6.14246 5.98992 4.56032 3.95942 4.09339 3.96078 7.58566 5.76943
threshold=12.500000000000002 2.2403846153846159 0.58001203369434429 0.30345061198737172 28.271047227926079 60.033333333333339 0.74125162072270145 127.50000000000001 4.671726455347712 3.577380952380953 37.500000000000007 0.26764508066439185 4.9134408458124605 29.119485294117649 0.69661612304514853 10.500000000000002 0.10808470217805617 0.5433237335819282 0.60519230769230781 6.7849411356119758 4.2686549440724226 0.92500000000000016 0.093566553121064822 2.1483516483516487 4.5000000000000009 6.1577541546162555 10.500000000000002 3.7289632079490262 4.2834019078031611 0.073164246231922525
decision_type=8 10 8 8 2 8 10 10 2 10 10 10 2 2 8 2 10 10 10 10 2 10 8 10 10 10 2 10 2 10
left_child=1 -1 13 11 5 -5 7 8 9 10 -7 12 25 14 15 16 18 -18 19 21 -21 -2 23 -23 -25 26 27 29 -29 -4
right_child=2 -3 3 4 -6 6 -8 -9 -10 -11 -12 -13 -14 -15 -16 -17 17 -19 -20 20 -22 22 -24 24 -26 -27 -28 28 -30 -31
leaf_value=0.025050657944195399 -0.003277914291162773 -0.0034745546564797589 -0.0013281479147539369 0.022016117648769248 -0.0070479502300449959 0.0016077021015016479 -0.0095839916417500021 -0.0050564213010721691 0.026438006803675945 -0.0039262416080264387 0.023938615956278834 -0.010354060598188566 0.0095671993713331155 -0.0089864216990101099 -0.013136127560071887 -0.0091007191711805959 8.8854321270074129e-05 0.017942694965921806 0.0097962129978779889 -0.016429538660419917 0.00064888078793534924 0.010783165507613672 -0.003277914291162773 -0.003277914291162773 0.006515251977452308 0.010112648256744612 0.0097497943654914314 0.0014201343410985715 -0.017414176366733633 0.011867814411000197
leaf_weight=115.35296587273479 643.24549958854914 120.5815531462431 1082.1132529117167 158.13484874367714 129.40348980948329 81.929166343063116 114.87916329503059 95.337374366819859 86.265599772334099 108.3825679384172 111.13102891668677 110.6494650170207 148.7546369433403 208.58739393949509 100.35215361788869 166.72285335883498 110.21880439668894 97.716593451797962 104.44542426988482 120.26019312813878 103.78323310241103 254.9490868896246 280.3420465439558 178.01654654741287 178.69633182883263 87.043747998774052 85.497489996254444 109.92936273291707 102.81782878190279 88.690289717167616
leaf_count=419 2710 420 3915 439 570 355 293 452 274 489 419 440 450 638 340 526 373 322 358 386 321 514 615 378 369 412 353 496 403 368
internal_value=0.000746601 0.0105188 0.000305375 0.00209771 0.00640974 0.00871936 0.00517184 0.00869366 0.0120791 0.00789612 0.0145191 -7.7506e-06 0.000669431 -0.00159513 -0.000932356 -0.000379613 0.000326291 0.00852476 -0.000592485 -0.00121445 -0.0085506 -0.000138999 0.00212568 0.00494655 0.000756539 -0.000186749 -0.000803471 -0.00146219 -0.00772112 -0.000319257
internal_weight=5484.23 235.935 5248.3 2700.96 885.463 756.06 597.925 483.046 387.708 301.443 193.06 1815.5 1704.85 2547.34 2338.75 2238.4 2071.67 207.935 1863.74 1759.29 224.043 1535.25 892.004 611.662 356.713 1556.09 1469.05 1383.55 212.747 1170.8
internal_count=18817 839 17978 10128 3291 2721 2282 1989 1537 1263 774 6837 6397 7850 7212 6872 6346 695 5651 5293 707 4586 1876 1261 747 5947 5535 5182 899 4283
is_linear=0
shrinkage=0.05


Tree=85
num_leaves=27
num_cat=0
split_feature=56 7 28 55 29 33 44 33 12 15 13 77 25 12 77 33 54 17 22 7 52 52 45 11 52 52
split_gain=6.6593 10.7247 6.61976 11.3987 8.94891 7.46675 26.6642 8.09493 6.49161 5.18441 5.26349 9.53217 10.7004 7.18171 6.1959 9.66491 8.17575 3.37053 6.30075 4.25008 14.3357 5.60021 5.86388 5.2008 2.53933 2.63084
threshold=5.0275146000952455 12.319333333333335 17.81439560439561 23.742463235294121 0.15594766072707253 3.5857142857142863 0.59017828945479611 3.2403846153846154 0.50434276847320336 0.7326096336858835 0.48358792026282377 0.68384321528038583 -0.016666666666666701 0.54528643202742777 0.39865598369785255 0.57983193277310929 22.258333333333336 2.8819444444444451 0.82785560344827591 5.1931500000000002 201.41428571428574 272.0555555555556 22.781746031746035 0.06485717270343419 245.44505494505498 256.03125000000006
decision_type=2 8 10 2 10 10 8 10 8 10 10 10 8 10 10 10 10 10 10 10 10 10 10 10 8 10
left_child=2 -2 4 -4 5 7 8 9 -7 10 14 12 -12 -14 17 -16 -17 19 -19 23 -21 24 -23 -1 -22 -26
right_child=1 -3 3 -5 -6 6 -8 -9 -10 -11 11 -13 13 -15 15 16 -18 18 -20 20 21 22 -24 -25 25 -27
leaf_value=-0.0014295331118177887 0.00074941957658684042 0.020071504391265468 -0.018389634850417072 0.0040350830840201425 0.013772952525896449 0.0045348399715005854 0.022146200160518527 -0.014778267427779721 -0.010929725549148202 0.011430442101468926 -0.017617881880865036 -0.020736503767160876 -0.0039929612417232948 0.014377679973347969 0.012960963489772413 -0.007316223494343548 0.0088092685506019185 0.0017170872795728934 -0.020348591751579138 0.022899670027581212 -0.0066494496339932693 0.020137241669071979 -0.000853677820317924 -0.01163728702435239 0.009168471518830287 -0.0014295331118177887
leaf_weight=2490.9761117473245 213.13182578608394 107.3734931088984 126.83025404810905 101.25434558093548 118.10353947803378 130.57146726548672 161.88450402766466 98.97266311198473 139.35368345677853 89.864236023277044 78.468242436647415 86.443753823637962 124.30915323644876 91.583068273961544 218.59067083895206 188.84085470438004 133.1515870988369 67.608251519501209 60.787736225873232 79.399321008473635 215.59745078533888 63.187028143554926 68.913345340639353 123.80087105184793 71.786119680851698 75.265671487897635
leaf_count=8560 591 282 453 364 411 345 515 313 363 336 292 211 516 456 550 417 321 464 265 213 800 360 339 466 307 346
internal_value=0.00028131 0.00726487 -0.000149981 -0.0084604 0.000232454 -9.94048e-05 0.00616877 -0.000711982 -0.00345989 -0.000387018 -0.000640195 -0.00624028 -0.00192743 0.00383036 -8.59505e-05 0.00487269 -0.000641318 -0.000895224 -0.0088062 -0.000574043 0.00331773 0.000135287 0.00926268 -0.00142953 -0.00142953 0.00185378
internal_weight=5526.05 320.505 5205.54 228.085 4977.46 4859.36 431.81 4427.55 269.925 4328.57 4238.71 380.804 294.36 215.892 3857.91 540.583 321.992 3317.32 128.396 3188.93 574.149 494.75 132.1 2614.78 362.649 147.052
internal_count=18856 873 17983 817 17166 16755 1223 15532 708 15219 14883 1475 1264 972 13408 1288 738 12120 729 11391 2365 2152 699 9026 1453 653
is_linear=0
shrinkage=0.05


Tree=86
num_leaves=31
num_cat=0
split_feature=44 29 59 52 56 11 29 79 43 56 36 18 5 29 58 58 29 30 17 66 51 17 54 6 55 79 29 33 52 22
split_gain=8.42367 16.7964 24.6619 9.88128 8.27999 7.91287 6.87432 8.95702 10.2588 5.38025 7.75271 6.91815 12.1179 5.04105 5.03602 5.05721 9.69217 9.07055 4.78274 5.01655 4.51576 5.04562 3.67395 3.42305 3.35197 3.06525 3.9806 3.46091 3.64721 4.27747
threshold=0.57015559260141313 0.11304172492993907 0.75000000000000011 244.85164835164838 5.0275146000952455 0.11600165030042432 0.11592723310804744 -0.72092805197533105 60.607692307692311 3.8077071931487212 0.31233061666647871 4.2403846153846159 12.933333333333335 0.10240791988305746 29.420955882352946 19.878676470588239 0.080597634640491647 0.35308728409100149 2.2583333333333337 11.500000000000002 4.8813391946992875 1.8819444444444446 22.322916666666668 3.4788168485985076 23.381433823529417 -0.84513445122160136 0.055983113401455641 0.38749999999999979 206.04166666666671 0.70412457912457926
decision_type=10 10 2 10 2 8 10 10 10 2 10 10 10 10 2 2 10 10 10 2 10 10 10 8 2 8 10 10 10 10
left_child=6 4 3 -3 9 -4 13 -8 -9 10 23 12 18 14 15 17 20 22 19 -11 21 25 24 -2 -1 -17 27 -27 -29 -30
right_child=1 2 5 -5 -6 -7 7 8 -10 11 -12 -13 -14 -15 -16 16 -18 -19 -20 -21 -22 -23 -24 -25 -26 26 -28 28 29 -31
leaf_value=0.0061199544281544047 0.0071423614730205592 -0.012408642493878113 0.014738380796823365 0.011272533357682701 0.012585709437685872 0.03643033164952969 0.0045593731426384256 -0.022629792436104499 -0.0032857992031700509 -0.0015524128517807368 0.019047733095630667 -0.012239242095673229 0.012206958995282379 0.0099255949495578935 -0.010115040446700309 -0.0089864555317873372 0.012324321106185834 -0.016935960070387907 -0.010142229993099284 0.010540109496914861 0.006328565435640309 -0.01108794504338597 -0.0084948912272089713 -0.005481064638486831 -0.0038082225200751401 0.0015210447355135008 0.0097596618560408122 -0.013159038828596818 0.0059915026190616727 -0.0086390370110185147
leaf_weight=171.58147872239351 109.77604112774134 90.138727705925703 86.283644914627075 84.263837393373251 133.14823359251022 85.459816880524158 100.22503469139338 134.97980543971062 139.00243888795376 1412.3573338463902 81.974239222705364 130.2419157512486 172.76440300047398 101.66719517484307 153.54407119005919 98.273843765258789 161.06292032077909 119.2972957380116 150.45174120739102 90.311076164245605 198.74699731171131 129.1329975053668 135.05586314573884 103.25990574806929 166.61630848795176 536.19660713151097 97.5270782597363 96.076742123812437 99.09157196059823 98.773986414074898
leaf_count=495 564 290 281 350 405 324 493 269 394 5211 399 580 593 277 456 156 464 378 570 352 523 392 434 526 544 1810 383 263 326 315
internal_value=4.98024e-05 0.00201435 0.01229 -0.000967879 0.000518034 0.0256807 -0.00191016 -0.00819731 -0.0128634 -0.000201006 0.00608161 -0.00115113 -0.000353941 -0.000911323 -0.00140279 -0.000763532 0.000768794 -0.00467569 -0.00167324 -0.00081912 -0.00061404 -0.00181306 -0.00155594 0.00102668 0.00123194 -0.000635984 0.000257361 -0.000869396 -0.00522031 -0.00131874
internal_weight=5467.28 2730.43 346.146 174.403 2384.28 171.743 2736.85 374.207 273.982 2251.14 295.01 1956.13 1825.88 2362.64 2260.98 2107.43 1514.88 592.551 1653.12 1502.67 1353.82 1155.07 473.254 213.036 338.198 1025.94 927.666 830.139 293.942 197.866
internal_count=18817 10445 1245 640 9200 605 8372 1156 663 8795 1489 7306 6726 7216 6939 6483 4632 1851 6133 5563 4168 3645 1473 1090 1039 3253 3097 2714 904 641
is_linear=0
shrinkage=0.05


Tree=87
num_leaves=31
num_cat=0
split_feature=20 31 41 9 58 12 14 14 10 33 76 75 14 55 24 4 27 48 43 55 5 58 63 33 21 25 9 17 47 78
split_gain=10.4071 7.48698 8.45036 4.85004 13.5067 8.38469 16.7409 8.65178 5.43934 4.78902 8.21815 7.20051 7.09944 5.25758 6.33569 6.19792 4.9742 4.15234 3.65407 6.6195 4.50845 5.52625 7.56685 5.14883 4.48921 4.46585 4.20265 4.08133 4.06165 3.80134
threshold=6.8166666666666673 0.78029411764705892 8.5000000000000018 17.130833333333335 23.395220588235297 0.62200264476676914 0.66236111111111129 0.60519230769230781 0.14397805018880058 2.3875000000000006 0.87129167487223536 12.565000000000003 0.48516666666666675 23.781250000000004 4.6431071428571444 6.9992082900800332 13.49 18.029411764705888 66.25833333333334 22.965625000000003 5.3166666666666673 26.031250000000004 1.0000000180025095e-35 1.4833333333333336 3.5465367965367967 -0.019999999999999973 3.0291666666666672 1.0871212121212122 0.58832618561317174 2.5000000000000004
decision_type=10 10 8 10 2 10 10 10 10 8 10 10 10 2 8 8 10 2 10 2 10 2 2 10 10 10 10 10 2 10
left_child=1 2 -1 5 -5 6 7 8 9 11 16 12 18 14 -12 -15 17 -11 20 -20 23 22 28 25 -25 27 29 -4 -22 -27
right_child=-2 -3 3 4 -6 -7 -8 -9 -10 10 13 -13 -14 15 -16 -17 -18 -19 19 -21 21 -23 -24 24 -26 26 -28 -29 -30 -31
leaf_value=0.011717435465516478 0.014200571303043311 -0.014295269152818979 -0.0019550967882167583 -0.017005742282786767 0.0053980433602347829 0.013319790663771442 -0.021542100651394364 0.01255472786144851 0.011548154389051176 0.00844327745060784 -0.0085869615612106619 0.013427722965075854 0.0099609600450309005 -0.0039495029745271644 0.0043924353182261859 -0.018994893788408726 0.011819512170317322 -0.0021831181916966611 -0.0025358621598676454 0.010133137932623295 -0.0082711233806477963 0.0039485417213548585 0.0024079168204606278 -0.00054071956815346974 0.013427722965075854 -0.0083343192583456762 0.011153814515179633 -0.012550931290814221 -0.022131583756030356 0.0032668128802388259
leaf_weight=147.9647856540978 126.17251176759601 92.508527882397175 981.20196228474379 147.60975837334991 122.23088674247265 114.34245252609253 90.178380750119686 134.19665906578302 94.165998712182045 104.06536386534572 225.02325350046158 105.73486283421516 173.31526241451502 125.27642287313938 160.16618190705776 151.65404313802719 84.250978302210569 734.78134164586663 203.78313016146421 207.03351193666458 122.03002487868071 105.21395044773817 96.056196827441454 99.573697488754988 109.66918550059199 94.857991073280573 114.86049523577094 99.240228738635778 95.024879898875952 267.10870400071144
leaf_count=485 371 286 3050 563 481 396 280 369 417 435 479 252 562 310 311 375 407 3124 900 999 427 343 296 368 362 571 358 343 367 616
internal_value=6.25927e-05 -0.000270121 -2.31638e-05 -0.000361861 -0.00687494 -1.33e-06 -0.000322807 8.98491e-05 -0.000280133 -0.000532406 -0.00273789 0.00068431 0.000193023 -0.00698413 -0.00319258 -0.0122274 0.000312113 -0.000856349 -0.00046278 0.00385786 -0.00127659 -0.00593736 -0.0092613 -0.00017014 0.00717478 -0.00116101 0.00286555 -0.00293905 -0.0144128 0.000212003
internal_weight=5529.29 5403.12 5310.61 5162.65 269.841 4892.81 4778.46 4688.28 4554.09 4459.92 1585.22 2874.7 2768.97 662.12 385.189 276.93 923.098 838.847 2595.65 410.817 2184.84 418.325 313.111 1766.51 209.243 1557.27 476.827 1080.44 217.055 361.967
internal_count=18903 18532 18246 17761 1044 16717 16321 16041 15672 15255 5441 9814 9562 1475 790 685 3966 3559 9000 1899 7101 1433 1090 5668 730 4938 1545 3393 794 1187
is_linear=0
shrinkage=0.05


Tree=88
num_leaves=31
num_cat=0
split_feature=0 27 20 79 20 71 75 9 3 44 1 33 77 65 46 79 0 31 11 54 54 9 15 57 43 9 75 33 55 13
split_gain=6.55351 6.29287 17.388 8.29984 5.59439 5.50335 23.4555 8.29219 15.2675 10.1346 5.88474 5.66033 11.2784 7.97891 7.47495 5.3809 8.34262 6.33437 6.78767 5.22399 4.23682 4.20267 8.66161 3.9887 7.13978 3.77198 4.00165 7.42124 3.25763 3.244
threshold=14.500000000000002 16.173333333333336 2.7386363636363642 0.2708444108521208 -0.20000000000000004 0.094630865193535321 13.365 15.012500000000001 14.060000000000002 0.56613477431659265 2.5000000000000004 3.1596638655462184 0.51182518335277327 5.5000000000000009 63.211397058823536 -0.66123822975517899 10.500000000000002 0.41677083333333337 0.063744291593028274 33.038461538461547 14.968750000000002 11.630333333333335 0.46644935158027395 278.87500000000006 61.207142857142863 6.839333333333335 7.785000000000001 1.101010101010101 21.172426470588238 0.056478926020832189
decision_type=2 10 10 10 8 2 10 10 10 10 10 10 10 10 2 8 2 10 10 10 8 10 10 2 10 10 8 10 2 10
left_child=1 4 -3 -4 -1 7 15 10 -9 -10 11 12 19 -13 -14 -7 17 18 28 20 -6 22 23 25 -25 29 -27 -28 -17 -22
right_child=-2 2 3 -5 5 6 -8 8 9 -11 -12 13 14 -15 -16 16 -18 -19 -20 -21 21 -23 -24 24 -26 26 27 -29 -30 -31
leaf_value=-0.010451500760997818 -0.008625460931676824 0.020641215066589242 0.00809860317704892 -0.010613451790589827 0.0074198912341015963 -0.010624038282744455 0.029249999351535036 -0.020990326033610621 -0.010520548855299267 0.0089179663318599486 -0.0094776252775593886 0.00094083450161222104 0.017920492859362005 -0.017282860739131611 0.0017230862178752395 0.0074095102801463699 0.01854935013735853 0.01364316311071119 -0.014154458800142426 0.012383332452005704 -0.0024255198304134005 -0.009533753520797883 0.012907704401845752 0.015005787871716712 -0.001241968051746144 -0.01342585283269793 0.010977528830708686 -0.012860364839051881 -0.0014176083716842562 0.001974892981132249
leaf_weight=120.98121552914381 198.74938808009028 140.99267559498549 114.49414724856615 120.73912043869495 179.34986146911979 83.312281012535095 81.948737040162086 133.17531586810946 126.68468729034066 140.21124344691634 144.6995995156467 147.51763791590929 160.48551973700523 100.20321559906006 127.8592114597559 149.14324487373233 73.710311718285084 84.173515491187572 82.43603603541851 87.121746994554996 1068.9455150440335 121.81875686347485 121.40058578178287 105.93887230008841 183.49685664847493 127.56393483281136 64.329132951796055 64.276421051472425 343.20337331295013 687.30031301826239
leaf_count=432 555 508 456 214 555 136 197 510 390 497 523 416 346 340 333 571 303 368 417 310 3530 595 411 439 960 289 359 322 1393 2152
internal_value=0.000264851 0.000600592 0.00682395 -0.00151008 0.000122563 0.000391741 0.00391792 -0.000422506 -0.00723158 -0.000313539 0.000359374 0.00078728 0.00136917 -0.00647051 0.0107689 0.00134113 0.00271433 0.000917616 -0.000966423 0.000401667 1.41133e-05 -0.000510477 -5.31248e-05 -0.000741993 0.0047362 -0.00153186 -0.0071875 -0.000943834 0.00126593 -0.000703291
internal_weight=5486.26 5287.51 376.226 235.233 4911.29 4790.31 897.927 3892.38 400.071 266.896 3492.31 3347.61 3099.89 247.721 288.345 815.979 732.666 658.956 574.783 2811.54 2724.42 2545.07 2423.25 2301.85 289.436 2012.42 256.169 128.606 492.347 1756.25
internal_count=18827 18272 1178 670 17094 16662 3385 13277 1397 887 11880 11357 10601 756 679 3188 3052 2749 2381 9922 9612 9057 8462 8051 1399 6652 970 681 1964 5682
is_linear=0
shrinkage=0.05


Tree=89
num_leaves=31
num_cat=0
split_feature=41 18 11 57 51 29 43 31 56 48 60 21 76 57 76 44 29 43 25 58 76 21 31 11 50 77 36 41 45 24
split_gain=5.9585 16.9463 5.15644 12.3612 15.6038 7.41731 13.6799 10.3269 9.97546 8.66612 7.94327 10.1058 7.43437 7.64849 6.6775 5.78266 4.47952 5.47783 6.07959 5.55364 4.96699 4.26367 4.20365 3.51739 3.49778 3.37208 3.20708 2.71061 3.52421 3.072
threshold=12.500000000000002 3.7817460317460321 0.13689189875814137 239.71875000000003 4.2116188129419339 0.071354911818786934 59.345238095238102 0.32920588235294124 4.6814954051796169 17.784926470588239 7.2500000000000009 5.5447860962566855 1.2710239406541533 241.02941176470591 0.93038448464705226 0.6097022052016644 0.028573026770644844 59.759615384615394 0.16404545454545461 22.363970588235297 1.91532389133968 4.4883175019106902 0.4224264705882354 0.050252567858242447 22.107142857142865 0.48646555153139198 0.15463920580292459 82.000000000000014 23.345238095238098 3.4196666666666675
decision_type=8 8 10 2 8 10 8 10 2 2 2 10 8 2 10 10 10 10 8 2 10 10 10 8 10 10 8 8 8 10
left_child=1 -1 5 -4 -5 7 -7 16 9 -8 11 12 13 -11 22 -14 20 19 21 -18 25 -19 -9 -24 -20 27 -23 28 -2 -29
right_child=2 -3 3 4 -6 6 8 14 -10 10 -12 -13 15 -15 -16 -17 17 18 24 -21 -22 26 23 -25 -26 -27 -28 29 -30 -31
leaf_value=-0.0095470511708659923 0.015136993038505311 0.018073426433078452 -0.01532167537623671 -0.010143125157491377 0.019302215831078096 0.01550180633349464 -0.015134502874070269 -0.007202725799631199 0.011372988650667383 -0.011262690843662885 -0.011755078957715432 0.016500118689014326 0.017044685833281396 0.0038993663019657172 -0.013660334698324434 -0.0040194269387167948 0.0024384451899171714 -0.00186407351936181 -0.012109248209238451 0.018477114989906104 0.0088052594884876923 0.0040966820126935822 0.010932869418331626 -0.003322172053073412 0.001161669452515185 -0.0082552967605540213 0.017754423050638412 -0.00051036807539749259 -0.0017545803441710427 -0.0091819262460375046
leaf_weight=86.207096412777901 60.448273152112961 152.54890489578247 172.30376924201846 97.053804509341717 82.187632970511913 208.14042939990759 95.725463259965181 225.99880042672157 199.59836807847023 176.72266216576099 104.9599906206131 112.75317945703864 89.922794863581657 155.61672428250313 214.3953108638525 50.272987589240074 105.80212269350886 111.343600012362 100.77010563015938 109.9286191239953 134.29559461772442 90.634566534310579 77.975686617195606 94.959990926086903 96.639413431286812 150.80720452964306 82.129874438047409 1859.1908963359892 61.696701023727655 107.08107211068273
leaf_count=415 306 447 571 449 341 519 364 815 559 345 341 465 569 367 514 289 282 466 343 318 282 329 325 358 365 389 310 6648 296 460
internal_value=0.000394733 0.00810234 4.13463e-05 -0.00579832 0.00339064 0.000463315 0.00388685 -0.000646725 0.00142069 -0.00111794 0.000845002 0.00312077 -9.98172e-05 -0.00417271 -0.00656447 0.00951631 0.000536988 0.00405735 0.00108383 0.0106587 -0.000498433 0.00575888 -0.00272638 0.00313125 -0.00563952 -0.0010601 0.0106542 -0.000536819 0.00665992 -0.000987039
internal_weight=5468.11 238.756 5229.36 351.545 179.241 4877.81 1193.71 3684.1 985.572 785.974 690.248 585.288 472.535 332.339 613.33 140.196 3070.77 697.248 481.518 215.731 2373.52 284.108 398.934 172.936 197.41 2239.22 172.764 2088.42 122.145 1966.27
internal_count=18847 862 17985 1361 790 16624 3818 12806 3299 2740 2376 2035 1570 712 2012 858 10794 2413 1813 600 8381 1105 1498 683 708 8099 639 7710 602 7108
is_linear=0
shrinkage=0.05


Tree=90
num_leaves=31
num_cat=0
split_feature=20 28 11 41 20 11 31 10 5 10 57 11 6 21 6 57 17 21 11 60 26 76 6 29 63 28 12 46 39 77
split_gain=9.24273 6.70238 11.5457 9.07485 6.46143 4.77975 19.6028 15.2124 10.0072 7.18016 13.8379 6.44809 3.91934 4.71742 6.06179 8.84724 10.5027 6.96207 7.5138 5.53155 4.70339 7.1648 5.14351 5.08002 5.82114 5.52016 7.37993 4.61034 4.05747 6.26742
threshold=7.3589743589743586 17.522834821428575 0.098924060013582713 12.500000000000002 -0.20000000000000004 0.12999958797320607 0.4930952380952382 0.14593191554130144 18.083333333333339 0.10476487042564051 228.41176470588238 0.10169098826690187 8.5461144052800311 4.4512966476913354 1.8123418559921485 257.70588235294122 1.8397435897435901 5.8583959899749383 0.063152613863260917 -3.7499999999999996 14.500000000000002 0.88875712145334362 3.3489052825876295 0.038796682857059138 1.0000000180025095e-35 7.1030307692307701 0.24921749004241431 61.909926470588239 23.058179329226562 0.15792825316701825
decision_type=10 10 10 8 8 10 10 10 10 10 2 10 10 10 10 2 10 10 10 2 2 10 8 10 2 10 10 2 2 8
left_child=1 3 -3 -1 -5 8 7 -7 9 11 -11 12 13 20 27 16 19 18 -17 -16 21 28 -23 -22 25 -25 -27 -15 29 -6
right_child=-2 2 -4 4 5 6 -8 -9 -10 10 -12 -13 -14 14 15 17 -18 -19 -20 -21 23 22 -24 24 -26 26 -28 -29 -30 -31
leaf_value=0.012311778647893488 0.015347277146387265 0.0052252516618956496 -0.016761860237466498 -0.011888925069010705 -0.00093668014274247828 -0.0095331610012778338 -0.018200145220198222 0.019136718744829473 0.016210907394374998 0.023071248705161619 -0.0004637827609569269 -0.012165958284868449 -0.0084676734585348093 -0.0096850672476422837 0.013274205903287482 -0.0002743788588347823 0.017941341204167943 0.0070151788891406001 -0.019006010629383667 0.0018975332261293135 -0.0017869855300747394 -0.0013681256255109891 -0.013280994452972018 0.012379491224272267 0.016989462645495928 -0.012170248299763466 0.0075810128871208167 0.0012167779074094571 -0.0019987363248821092 0.016795793293241098
leaf_weight=154.31063647195697 99.214154530316591 98.719460666179657 148.62164493650198 110.01453415304422 134.71180352568626 86.20165329053998 158.63558040559292 97.74866870418191 101.18495108187199 98.757104687392712 166.93562333658338 107.29280337691307 125.4648938216269 146.91583567112684 133.94217403233051 138.60104449465871 178.3408473469317 128.95536832511425 86.260456949472427 515.4027433283627 387.17384022474289 151.04387331008911 226.3990917801857 96.594143249094486 95.061599183827639 93.339032866060734 93.890043675899506 281.06516129523516 967.2409890666604 77.991311229765415
leaf_count=583 287 355 514 397 342 370 456 476 318 278 597 358 468 423 417 597 553 570 292 1538 1128 349 515 307 303 285 325 1129 3759 517
internal_value=0.000301905 2.20026e-05 -0.0080006 0.000409578 3.87619e-05 0.00031031 -0.00537558 0.00572272 0.000741158 0.000384349 0.00833782 -0.000124813 0.00019644 0.000474918 0.00255468 0.00440053 0.00722681 -0.00221274 -0.00751247 0.00426103 -0.000966245 -0.0025435 -0.00852995 0.00223943 0.0063478 0.00273643 -0.0022779 -0.00253942 -0.000622938 0.00561341
internal_weight=5486.03 5386.82 247.341 5139.48 4985.17 4875.15 342.586 183.95 4532.56 4431.38 265.693 4165.69 4058.39 3932.93 1609.48 1181.5 827.686 353.817 224.862 649.345 2323.45 1557.39 377.443 766.059 378.885 283.823 187.229 427.981 1179.94 212.703
internal_count=18806 18519 869 17650 17067 16670 1302 846 15368 15050 875 14175 13817 13349 5519 3967 2508 1459 889 1955 7830 5482 864 2348 1220 917 610 1552 4618 859
is_linear=0
shrinkage=0.05


Tree=91
num_leaves=31
num_cat=0
split_feature=45 45 47 12 13 13 54 77 6 51 77 19 77 27 24 31 28 13 25 13 36 50 41 64 76 75 6 77 50 17
split_gain=5.00119 6.37303 5.59213 10.1158 8.85516 14.2861 13.0429 10.2915 9.62797 5.2717 7.94972 12.5928 12.6468 9.48651 4.47306 4.91261 5.58043 5.76515 5.60586 4.02522 13.8724 5.90767 6.95886 10.6487 7.04092 7.09827 9.07418 4.80002 9.39196 3.36488
threshold=15.519230769230772 14.968750000000002 0.61268375685421084 0.6137000496689563 0.57710300447799645 0.60841218602337077 24.677083333333339 0.70239076294756753 7.9514987386412423 4.5532568909381395 0.30079029261343126 12.345238095238097 0.61128733018133963 11.816250000000002 3.6657638888888906 0.59278846153846165 8.2033958333333352 0.26281290213785297 0.0050000000000000122 0.27388217100002715 0.31233061666647871 28.112692307692313 37.500000000000007 47.500000000000007 1.0185707174332739 7.785000000000001 5.9967467924990592 0.2336608478843159 22.469047619047625 1.9687500000000002
decision_type=10 10 2 10 10 10 8 10 8 10 8 8 10 8 10 10 10 10 8 10 10 10 10 10 10 8 8 10 10 10
left_child=1 9 4 14 7 -6 8 19 -7 10 -1 -12 13 -13 15 16 17 -4 -18 20 27 22 23 -21 25 -24 -27 29 -29 -2
right_child=2 -3 3 -5 5 6 -8 -9 -10 -11 11 12 -14 -15 -16 -17 18 -19 -20 21 -22 -23 24 -25 -26 26 -28 28 -30 -31
leaf_value=-0.0016718251899236363 -0.0013213223998381814 0.015086034563223766 0.00099681932533398796 0.018332216920445423 -0.023810887784657477 -0.0062532280991780716 -0.017255589235544766 0.012640564706723074 0.015743081175562307 -0.0081592216547827657 0.028053297751694958 0.00055385755689148046 -0.011208001432654968 0.027254264077432241 0.011048028881132202 -0.011631930924996106 -0.00042145582351793684 -0.01275131531675079 0.01739163333356104 0.014073651906277442 0.018823015709082583 -0.015595216526170411 -0.013647555254244596 -0.0068701690044999791 -0.013665763220107461 0.017128265044915488 -0.0040078537500302346 -0.0029446962882619938 0.0135679119504211 -0.011248828518758865
leaf_weight=304.80265884101391 1715.3423024341464 108.78478899598122 572.31518083438277 93.977343898266554 107.56761585175991 97.872995838522911 99.638481061905622 142.50734427571297 99.322682093828917 104.92159654572606 70.813070807605982 68.852377310395241 84.140164703130722 63.442568063735962 103.92431366816163 79.712606601417065 82.113381814211607 86.957134414464235 94.460749886929989 130.50991675257683 93.182173613458872 96.612981341779232 82.888430505990982 111.85541950911283 182.61456471681595 77.279166355729103 143.76652906835079 187.72247526049614 157.64210416376591 88.858990233391523
leaf_count=669 5857 315 2295 397 320 315 349 367 330 291 345 389 180 303 444 240 334 374 422 437 340 368 189 463 376 378 575 385 379 501
internal_value=0.000248709 0.00388729 -0.000371993 0.00272474 -0.00132626 -0.00828944 -0.00260368 -0.000446936 0.00484931 0.00212025 0.00395264 0.00990593 0.00386677 0.0134665 0.00126947 0.000148674 0.00128472 -0.000833107 0.00915218 -0.00105871 4.04922e-05 -0.0040414 -0.00249075 0.00441924 -0.00593484 -0.00126024 0.00342535 -0.000782091 0.00460992 -0.00181622
internal_weight=5534.4 805.757 4728.64 1113.46 3615.18 404.402 296.834 3210.78 197.196 696.972 592.051 287.248 216.435 132.295 1019.48 915.559 835.846 659.272 176.574 3068.28 2242.75 825.527 728.914 242.365 486.549 303.934 221.046 2149.57 345.365 1804.2
internal_count=18927 2492 16435 4506 11929 1314 994 10615 645 2177 1886 1217 872 692 4109 3665 3425 2669 756 10248 7462 2786 2418 900 1518 1142 953 7122 764 6358
is_linear=0
shrinkage=0.05


Tree=92
num_leaves=31
num_cat=0
split_feature=41 75 9 5 11 3 26 10 17 33 21 21 22 14 15 52 33 75 75 64 77 31 17 54 25 15 14 77 10 60
split_gain=10.5031 14.634 7.25642 6.877 8.4024 7.68956 6.31529 10.1595 9.47592 6.15728 6.01735 8.51596 4.80425 4.6202 12.474 4.2418 6.4212 5.50976 5.16845 3.89986 6.68311 6.68276 6.35163 7.17333 3.8399 3.93284 3.51699 3.08661 3.04616 5.51402
threshold=12.500000000000002 16.795000000000005 20.483500000000003 18.416666666666671 0.11926231904475577 15.042222222222223 15.500000000000002 0.11165314318357868 3.2583333333333337 3.4833333333333338 4.9840738486508425 4.4746618729669585 0.85053191489361712 0.62033333333333351 0.56336610921674179 221.69047619047623 2.3205128205128207 11.995000000000003 7.785000000000001 46.500000000000007 0.11598054952318008 0.40296703296703301 1.0871212121212122 22.322916666666668 -0.054999999999999973 0.3962765095496244 0.30968750000000006 0.26549215150762789 0.02941471196998038 -1.7499999999999998
decision_type=8 10 10 10 10 10 2 10 10 10 10 10 8 10 10 10 10 10 10 10 10 8 10 10 8 10 10 10 8 2
left_child=1 -1 3 5 -5 6 8 10 13 -7 11 24 -12 14 15 16 18 19 26 22 -21 -22 28 -24 -8 -26 -2 -25 -17 -30
right_child=2 -3 -4 4 -6 9 7 -9 -10 -11 12 -13 -14 -15 -16 17 -18 -19 -20 20 21 -23 23 27 25 -27 -28 -29 29 -31
leaf_value=-0.00058050186186316859 -0.001504437447832654 0.024075837208442211 -0.01420949814464785 0.018535431678695518 -0.0014608144680488414 -0.017702986417808556 -0.0069274870002572521 0.013752969611852673 -0.016046932496320217 -0.00083792315775995481 0.00012318862208433225 0.014826720054445092 -0.011560051200367284 0.01048307628381167 -0.017508609144296337 -0.001062674451689162 -0.013049619993473476 0.014396754728993972 0.0076091377310983366 -0.00055981254454435072 0.0012391975208252933 0.014396754728993972 0.002967406304300698 -0.0079695926513375284 0.00095617239189702604 0.011259229173611952 -0.010953505173689079 -0.022147131117530014 0.014396754728993972 -0.0023196826003290499
leaf_weight=133.53528045862913 802.65988783538342 108.47986672818661 88.670777875930071 109.01006842404604 100.29337725788355 109.62019234523177 113.77282916754484 188.80668767914176 100.51325308531523 106.1618145853281 266.64676627889276 142.48626523092389 130.31313452497125 91.481671757996082 107.56085767224431 518.39480923488736 129.56291390582919 75.364807441830635 140.2981119453907 477.20629207789898 159.38531938195229 171.45602063834667 88.091708917170763 81.767972815781832 443.21736942976713 116.16700674965978 111.33202959224582 74.474974229931831 94.72359760850668 92.591237396001816
leaf_count=595 2369 250 395 301 356 377 374 569 465 291 862 413 368 302 350 1988 361 204 304 2728 438 416 366 428 1276 352 352 196 326 338
internal_value=0.000363547 0.0105249 -0.000108404 0.000137411 0.00899231 -0.000239961 0.000183054 0.00299605 -0.00100601 -0.00944775 0.00131121 0.00376701 -0.00373157 -0.000531131 -0.000856826 -0.00025762 -0.00258946 0.00124862 -0.00129285 0.000677135 0.00322857 0.00867817 -0.00149407 -0.00842445 0.00140749 0.00311208 -0.00266613 -0.0148253 0.000913932 0.0063608
internal_weight=5474.05 242.015 5232.03 5143.36 209.303 4934.06 4718.28 1401.41 3316.87 215.782 1212.6 815.643 396.96 3216.35 3124.87 3017.31 1183.85 1833.46 1054.29 1758.09 808.048 330.841 950.044 244.335 673.157 559.384 913.992 156.243 705.71 187.315
internal_count=18710 845 17865 17470 657 16813 16145 4214 11931 668 3645 2415 1230 11466 11164 10814 3386 7428 3025 7224 3582 854 3642 990 2002 1628 2721 624 2652 664
is_linear=0
shrinkage=0.05


Tree=93
num_leaves=31
num_cat=0
split_feature=29 50 9 56 5 28 45 75 6 41 9 3 5 77 21 39 75 46 21 6 75 43 9 65 13 77 21 6 12 62
split_gain=11.7325 5.96191 6.65075 6.16272 15.6066 8.98196 8.09905 6.95791 6.09427 5.60404 9.66222 5.44109 4.84806 6.46775 4.51918 9.71573 9.89879 7.37861 5.08507 6.94902 6.68859 5.7934 4.93463 9.611 9.3411 6.01129 6.50929 4.25791 4.00818 4.40882
threshold=0.1757392680983729 16.853571428571431 11.305333333333335 4.6541454519192582 15.116666666666669 17.81439560439561 26.118055555555561 8.1650000000000009 7.6272264332455206 12.500000000000002 17.590083333333336 4.6035714285714295 5.616666666666668 0.15267387457959822 5.5010548523206761 27.303216974674886 8.5150000000000023 62.667279411764717 4.7781104457751171 6.7010989976341744 14.035000000000002 63.759615384615394 11.403499999999999 11.500000000000002 0.35086651205106184 0.45318791816272469 4.5842916942057732 4.0030024877387076 0.0077648578811369516 20.625000000000004
decision_type=10 8 8 2 10 10 10 10 8 8 10 8 8 10 10 2 10 2 10 10 10 10 10 8 10 10 10 10 10 2
left_child=1 2 8 5 6 9 7 12 -1 -3 14 -8 13 -5 18 16 28 -17 20 21 22 -20 24 -24 25 26 -11 -23 -16 -30
right_child=-2 3 -4 4 -6 -7 11 -9 -10 10 -12 -13 -14 -15 15 17 -18 -19 19 -21 -22 27 23 -25 -26 -27 -28 -29 29 -31
leaf_value=-0.0061904072535847402 0.015851532944816331 0.010930864007661493 -0.014344343752332274 -0.00018767044911311616 0.020262856007904621 -0.014262745880649935 0.00027979321495428497 0.011956850008703813 0.0076082754013160102 -0.00061988951443806874 -0.013523091914255684 -0.015460733037699759 -0.0065041449094833453 0.011956850008703813 -0.0081164407410228949 -0.015307567652728513 0.019401767792176575 0.0029273605478702031 0.0031150234640895196 -0.013725967771083848 0.013553817632661478 -0.015245439922579998 0.0029389907250891344 -0.018309048319396157 0.013403134867255874 -0.012402669730773046 0.013553817632661478 9.6888519026316024e-05 -0.0035310861058156619 0.0092757701357145377
leaf_weight=250.70372541993856 113.58842435851693 107.14960841834545 147.83363050967455 271.42180788889527 122.90878399834037 117.59446036070585 118.65933857485652 196.06364431977272 116.34836321696639 1491.3703009150922 138.46674141287804 101.12247619405389 153.7408077865839 105.03648610413074 64.146022070199251 100.16365692019463 124.25089159607887 122.25391908362508 254.71996008604765 166.92128219455481 87.771204963326454 102.24729637056589 106.1306122392416 105.27083729207516 126.91338668391109 100.5954163223505 83.747208725661039 80.444895748049021 94.840238235890865 225.95450520515442
leaf_count=690 388 438 434 854 354 466 349 434 327 5393 563 303 550 237 375 257 356 545 728 543 192 404 467 414 524 217 310 289 420 1022
internal_value=1.99839e-05 -0.000316853 -0.00542804 0.000224547 0.00357669 -0.000718879 0.00138974 0.00393469 -0.00180771 -0.000282725 -0.000621666 -0.00699971 0.000951228 0.00400507 -9.82355e-05 0.00338561 0.00718964 -0.00531633 -0.001041 -0.00507897 0.000121899 -0.00175539 -0.000469899 -0.00767821 0.000379238 -0.000614558 0.000145685 -0.008526 0.00320776 0.00549032
internal_weight=5498.38 5384.79 514.886 4869.91 1068.95 3800.95 946.045 726.263 367.052 3683.36 3576.21 219.782 530.199 376.458 3437.74 731.609 509.192 222.418 2706.13 604.333 2101.8 437.412 2014.03 211.401 1802.63 1675.71 1575.12 182.692 384.941 320.795
internal_count=18843 18455 1451 17004 3081 13923 2727 2075 1017 13457 13019 652 1641 1091 12456 2975 2173 802 9481 1964 7517 1421 7325 881 6444 5920 5703 693 1817 1442
is_linear=0
shrinkage=0.05


Tree=94
num_leaves=31
num_cat=0
split_feature=77 34 6 44 12 4 27 73 79 77 79 76 76 9 22 14 9 79 56 75 77 24 64 77 5 47 57 65 17 39
split_gain=7.47465 6.29999 6.28505 14.2245 12.1519 9.69992 11.0135 8.8679 14.9666 12.1027 9.0578 11.0387 7.31906 6.72622 6.6341 6.2784 9.28363 7.92754 9.42964 7.55737 6.88351 5.71455 5.36583 5.11965 5.1069 4.84116 4.82415 4.64337 5.07106 7.53383
threshold=0.86634309153467748 1.0000000180025095e-35 5.9967467924990592 0.63354437988379086 0.55137836667360152 17.029143058714133 16.541470588235295 12.500000000000002 0.44733137740914508 0.61934701598118547 0.24748576759178767 1.2283250133713677 0.89214387448285237 12.990833333333336 0.84168755221386815 0.40033333333333337 5.4986666666666677 0.37745546655591106 4.2031176746366627 11.735000000000001 0.4325346677712259 0.15886013986013972 70.500000000000014 0.080586525633695463 7.4166666666666687 0.56557998963062261 245.51470588235296 11.500000000000002 0.59166666666666679 27.222450376454486
decision_type=10 10 10 10 10 10 10 2 10 10 8 8 10 10 8 10 10 8 2 8 8 8 8 10 10 2 2 10 8 2
left_child=1 2 5 4 7 6 13 8 9 10 -4 -12 21 15 -9 16 23 20 -19 25 -17 -6 -15 -1 -21 -18 -5 28 -25 -30
right_child=-2 -3 3 26 12 -7 -8 14 -10 -11 11 -13 -14 22 -16 17 19 18 -20 24 -22 -23 -24 27 -26 -27 -28 -29 29 -31
leaf_value=-0.00092332006934796372 0.013899411417119902 -0.010948644593628419 -0.00507393560121259 0.020769587169241103 0.0047821048059933308 0.016279504451774313 0.01717636281599208 -0.012583758493990039 -0.015316546166254811 0.024813357418656479 0.033067440797790892 -0.00068023600502247861 -0.02031456926694029 -0.016837149124238438 0.0033658917840972582 0.0075927637079084443 -0.0036623094236786289 0.026631528284286124 0.0035377240871306164 -0.0036623094236786289 -0.0080647364810513527 -0.014445027390400223 -0.0017700431647470723 0.0071428407745731063 0.018979420193015142 -0.015015849977796661 0.0022437450285539922 0.011724698883188908 -0.0040724877023628463 0.0089745978779872913
leaf_weight=1658.5060169734061 90.99649852514267 138.82230065017939 153.51152478158474 69.790778730064631 73.011582031846046 97.085667744278908 94.047544207423925 227.44805647805333 86.892014667391777 79.146975263953209 42.699053213000298 54.301197379827499 174.44812050461769 101.0539310388267 90.728865165263414 159.05109015107155 131.18916034698486 81.179435636848211 96.423695009201765 65.855654511600733 124.0373238325119 80.205022424459457 140.99769343808293 326.5646131336689 38.803946059197187 217.89863406121731 70.316901367157698 147.80807472765446 421.98844759166241 148.84332424402237
leaf_count=6952 347 446 436 280 344 308 268 848 167 188 97 578 366 380 262 405 287 390 345 583 296 384 462 670 299 539 332 325 921 305
internal_value=-0.000232766 -0.000473767 -0.000194958 -0.00336766 -0.00534449 0.000747348 0.000361979 -0.00176703 0.0030318 0.00789978 0.00247868 0.0143612 -0.0133365 -5.20189e-05 -0.00803938 0.000488729 -0.000307516 0.00593483 0.0141835 -0.00691738 0.000728073 -0.00531122 -0.00810379 0.000803925 0.00483259 -0.0104439 0.0115537 0.00354294 0.00218379 -0.000660739
internal_weight=5483.65 5392.66 5253.83 1202.5 1062.39 4051.33 3954.25 734.728 416.551 329.659 250.512 97.0003 327.665 3860.2 318.177 3618.15 3157.46 460.692 177.603 453.747 283.088 153.217 242.052 2703.71 104.66 349.088 140.108 1045.2 897.396 570.832
internal_count=18810 18463 18017 4282 3670 13735 13427 2576 1466 1299 1111 675 1094 13159 1110 12317 10881 1436 735 1708 701 728 842 9173 882 826 612 2221 1896 1226
is_linear=0
shrinkage=0.05


Tree=95
num_leaves=31
num_cat=0
split_feature=47 27 20 30 25 76 6 47 70 46 31 21 69 76 77 54 47 14 17 4 51 6 14 27 76 51 27 4 9 36
split_gain=4.5384 12.4853 16.5474 11.3013 7.32349 6.33708 7.50102 5.34929 6.95297 5.36436 4.63863 4.42372 4.33002 4.99843 4.77691 3.99887 3.68866 4.18341 12.8727 8.62603 5.65007 4.47872 8.00888 4.93636 4.4321 4.4577 3.52896 3.54292 5.13179 4.67789
threshold=0.54722876875815929 15.359285714285717 2.9282051282051285 0.58652459535196144 -0.038603896103896106 0.6559742765273312 7.1242713657011985 0.5634143405283113 0.0093178382464096758 63.211397058823536 0.62201923076923094 3.8114574788077662 0.048362027724154134 1.3849921011058453 0.26218342104763176 32.035714285714292 0.5704534259887909 0.50031250000000005 2.1483516483516487 16.069423989255444 3.9745611906495193 5.0127547386523732 0.33881944444444451 8.6708333333333343 1.1656866187988384 4.4070456843459889 7.5850961538461545 9.3074608219615076 5.4986666666666677 0.1326709535923995
decision_type=2 10 10 10 8 8 10 2 2 2 10 8 2 8 10 10 2 10 10 10 10 10 10 10 10 10 10 10 10 10
left_child=3 7 -3 4 -1 -6 11 8 9 -2 15 -7 13 -13 -14 16 -9 20 -19 -20 21 23 -23 -18 26 -26 27 28 29 -22
right_child=1 2 -4 -5 5 6 -8 10 -10 -11 -12 12 14 -15 -16 -17 17 18 19 -21 24 22 -24 -25 25 -27 -28 -29 -30 -31
leaf_value=-0.0087744667899458707 0.0064626742441719386 0.023897330913168091 0.00091969970936597401 -0.017685050740103219 -0.010763081796847047 0.0073305354708041656 0.013245985060989729 -0.0060150376263770301 0.012521597765367282 -0.0058704868426242007 -0.0088764726707555273 0.008162271772661921 -0.001713620965473221 -0.0030166725937997947 -0.015208263070655767 0.0083965023069065021 -0.0008625734561035803 0.018804572788503969 0.0059896874667822834 -0.013262706348227002 -0.0009774846545223914 0.023494100924623215 -0.0015197297578745427 0.011253023013758105 -0.00099260377394747089 -0.01341033214188698 -0.0078532068785699249 0.01005152892780385 -0.011081572068826944 0.011214783055580033
leaf_weight=250.31873323768377 183.5685448423028 131.86815909296274 191.17481126636267 109.5410621277988 108.32954199612141 176.35502757877111 126.49735911935568 284.14984821528196 185.37342996150255 167.81270559504628 162.68834806233644 176.75047242641449 205.46983292326331 227.72958545386791 95.531719222664833 127.51444222033024 581.09669081121683 113.67315639182925 148.32320544496179 94.337838560342789 664.47575912997127 63.501312896609306 63.280264776200056 97.273214623332024 125.24157659709454 170.43052487075329 172.0452695377171 78.000223990529776 109.33312682434916 88.221466343849897
leaf_count=834 561 450 554 354 247 562 385 648 528 507 464 365 842 799 209 493 2360 379 562 385 2549 297 324 410 316 396 810 365 522 327
internal_value=6.12159e-05 0.000935091 0.0103441 -0.0023072 -0.00106289 0.000672087 0.00191006 0.000106626 0.00471495 0.000572657 -0.000681476 0.000270788 -0.00150187 0.00187641 -0.00603272 -0.000231391 -0.000619769 -2.09593e-05 0.00499908 -0.00151866 -0.000831208 0.00250757 0.0110948 0.00088872 -0.00274122 -0.00817147 -0.00129142 -8.34026e-05 -0.00101104 0.000464519
internal_weight=5479.91 4003.38 323.043 1476.52 1366.98 1116.66 1008.33 3680.34 536.755 351.381 3143.59 881.837 705.482 404.48 301.002 2980.9 2853.38 2569.23 356.334 242.661 2212.9 805.151 126.782 678.37 1407.75 295.672 1112.08 940.031 862.03 752.697
internal_count=18804 14207 1004 4597 4243 3409 3162 13203 1596 1068 11607 2777 2215 1164 1051 11143 10650 10002 1326 947 8676 3391 621 2770 5285 712 4573 3763 3398 2876
is_linear=0
shrinkage=0.05


Tree=96
num_leaves=31
num_cat=0
split_feature=39 36 19 56 9 77 4 30 47 12 31 9 75 21 4 76 45 77 21 56 10 60 46 77 20 56 75 58 57 46
split_gain=4.95565 8.38537 10.3474 10.6494 12.6464 9.46641 6.96667 6.0492 10.4934 12.3999 9.19821 8.55729 5.71551 12.3013 6.46376 6.92794 4.90713 7.55442 4.23967 5.16619 4.27712 3.74217 2.66583 3.06597 2.20348 2.12699 2.63648 1.35155 1.23355 1.20739
threshold=24.647501711156746 0.30345061198737172 6.0312500000000009 4.348710543648985 16.047000000000004 0.58206963011564017 13.747563799107803 0.57808614029841665 0.56719682309304964 0.63246288447095689 0.61531372549019625 17.03316666666667 11.045000000000002 5.1183014354066989 10.025925897193675 1.1405657478169109 18.031250000000004 0.15267387457959822 5.5010548523206761 4.4075967474777906 0.056338748915563827 -5.7499999999999991 65.21139705882355 0.16691289432796219 -2.9721595555069287e-16 4.1417553506555054 0.70500000000000007 22.514705882352946 238.58823529411768 59.119485294117659
decision_type=2 10 10 2 10 8 10 10 2 8 10 10 10 8 10 8 8 10 10 2 10 2 2 10 8 2 10 2 2 2
left_child=1 16 -3 4 5 -4 -5 10 -9 -10 11 12 14 -14 24 -16 17 28 20 -20 21 -18 23 25 -2 -23 -27 -24 -1 -26
right_child=7 2 3 6 -6 -7 -8 8 9 -11 -12 -13 13 -15 15 -17 18 -19 19 -21 -22 22 27 -25 29 26 -28 -29 -30 -31
leaf_value=0.0045263097086111386 -0.0075160045160555418 0.022769214511906447 -0.0027619491031127962 0.0045117252600336893 -0.012338231604195785 0.016722248313455809 0.021409696098624718 -0.016880256352851012 -0.0089555720997768484 0.015636561165395826 0.010512847696698288 -0.015300719407562583 -0.00066400759623668458 0.016631519267012285 -0.019652717734538111 -0.00066400759623668458 0.0069950411708462881 0.018733798215223828 0.011446975975470553 -0.0047380039334509964 -0.013013888067211515 -0.0070630376293129172 0.0070445357454568111 -0.01079475087500853 -0.007911714431532154 -0.0043067980167924439 0.0068865762255507215 -0.0020455656563353234 -0.0051033718347099459 -0.00066400759623668458
leaf_weight=64.492499120533466 138.23102923110127 90.617182917892933 132.32454223930836 123.34162741154432 140.04591513425112 116.46327180415392 120.9953608289361 144.19183329865336 131.98989323154092 82.406516082584858 206.72691676020622 91.988756507635117 146.98592601716518 155.30771684646606 91.853103771805763 58.208671279251575 111.27428607642651 84.524392694234848 128.63644443452358 78.844016082584858 88.190133456140757 132.66475475952029 83.481989480555058 145.34304358065128 110.368148393929 109.88935855776072 99.119806587696075 78.570359941571951 66.570845264941454 2127.6600649915636
leaf_count=251 444 304 353 408 497 505 360 388 550 318 514 382 321 389 233 553 416 190 548 300 368 522 419 303 322 504 222 359 366 7138
internal_value=0.000778165 0.00276461 0.00705681 0.00477574 -0.000370011 0.00638948 0.0129327 -0.000359372 -0.006501 0.000525499 0.000346697 -0.000376238 0.000114354 0.0066 -0.000664008 -0.0110069 0.000317894 0.00717398 -0.00108726 0.00530335 -0.00265427 -0.00143717 -0.00289129 -0.00473736 -0.000664008 -0.00213665 0.00100903 0.00265173 -0.000366489 -0.000664008
internal_weight=5481.31 1995.39 723.788 633.171 388.834 248.788 244.337 3485.92 358.588 214.396 3127.33 2920.6 2828.61 302.294 2526.32 150.062 1271.6 215.588 1056.01 207.48 848.534 760.344 649.069 487.017 2376.26 341.674 209.009 162.052 131.063 2238.03
internal_count=18747 7195 2427 2123 1355 858 768 11552 1256 868 10296 9782 9400 710 8690 786 4768 807 3961 848 3113 2745 2329 1551 7904 1248 726 778 617 7460
is_linear=0
shrinkage=0.05


Tree=97
num_leaves=31
num_cat=0
split_feature=19 25 29 33 15 14 41 0 44 27 14 51 60 31 18 10 56 27 18 25 17 56 51 39 75 46 51 36 30 33
split_gain=5.23 10.5041 5.4935 5.77799 5.84637 13.5782 9.39457 8.50968 12.0014 4.56217 7.4922 5.66834 5.80902 5.67949 5.65598 5.68704 9.90827 5.49377 4.18188 3.43787 3.92449 6.45505 2.55682 3.30425 3.07338 2.52361 2.31836 4.51024 3.79697 4.66215
threshold=17.679487179487186 -0.17316666666666664 0.17205873624569767 5.3137254901960782 0.5821207152188651 0.56033333333333346 90.500000000000014 10.500000000000002 0.60128699684634024 9.8750000000000018 0.48516666666666675 4.3661460073504861 -2.7499999999999996 0.50937500000000013 3.6076923076923082 0.079348460659182399 4.291789069271676 12.090625000000001 2.3100961538461542 -0.10718253968253964 1.2792207792207795 4.1847419354838715 4.9232320099255595 22.031485284052021 0.28500000000000009 59.332720588235297 3.9869397152033659 0.19588378543453383 0.27782399730799906 1.2153846153846155
decision_type=10 10 10 10 10 10 10 2 10 10 10 10 2 10 10 10 2 10 10 8 10 2 10 2 10 2 8 10 10 10
left_child=2 -2 3 4 5 9 7 8 -6 10 14 12 -11 -14 15 18 -17 -13 19 -1 22 -22 23 -21 -24 -25 27 -27 29 -28
right_child=1 -3 -4 -5 6 -7 -8 -9 -10 11 -12 17 13 -15 -16 16 -18 -19 -20 20 21 -23 24 25 -26 26 28 -29 -30 -31
leaf_value=-0.0065384429939735868 0.0056687121212115679 -0.015823515186387523 0.011571723514944024 0.010193576896108343 -0.0067808823440387248 -0.018426636352370331 0.013039479647097488 -0.013149273678818324 0.015855525879258082 0.0066339106202939896 0.01111819607857982 -0.019262631485733071 0.004248061945902745 -0.011692761637625299 -0.011500430971593926 0.019304121775352592 -0.003582858868833522 -0.0029630004778263635 -0.009697414290859678 -0.0088013738388345863 0.015174351854493982 -0.000915548065110897 -0.0029263305051420887 -0.0063340954374596888 0.0066354827126376154 0.0005769598686820094 -0.0012908846348829734 0.011647770455134565 -0.009210358042723429 0.0092300766122216608
leaf_weight=201.20936678722501 91.841245666146278 146.47210546210408 99.708614580333233 128.85521050170064 117.12153801694512 108.97099479287863 198.70832260325551 96.072131805121899 115.26346880942583 147.93975505232811 144.73325823619962 106.00296035781503 86.978052303195 153.17268976569176 111.09459762275219 97.654470607638359 90.314622689038515 100.84414875134826 119.92598472163081 125.95245450735092 110.2153347581625 141.58681732788682 124.9925894998014 171.01929000020027 252.56121952831745 567.0571407340467 1175.3852385990322 108.84267007559538 132.41060249507427 114.64975665509701
leaf_count=734 287 572 341 302 401 334 578 312 431 543 497 328 394 470 508 342 310 338 523 365 419 462 486 475 540 2334 3924 382 501 396
internal_value=-0.000323117 -0.00755176 6.43578e-06 -0.000219702 -0.000488934 -0.00107362 0.00448745 -0.000710192 0.00446665 -0.000638231 1.27868e-06 -0.00470492 -0.00113319 -0.00592562 -0.000443088 -9.23135e-05 0.00834671 -0.0113686 -0.000568774 -0.000226506 0.000195403 0.00615927 -0.000348196 -0.000951316 0.00347059 -0.000511944 -3.46358e-05 0.00237431 -0.00118015 -0.000349426
internal_weight=5487.56 238.313 5249.24 5149.53 5020.68 4493.51 527.165 328.457 232.385 4384.54 3789.61 594.938 388.09 240.151 3644.87 3533.78 187.969 206.847 3345.81 3225.88 3024.67 251.802 2772.87 2395.32 377.554 2269.36 2098.35 675.9 1422.45 1290.03
internal_count=18829 859 17970 17629 17327 15605 1722 1144 832 15271 13198 2073 1407 864 12701 12193 652 666 11541 11018 10284 881 9403 8377 1026 8012 7537 2716 4821 4320
is_linear=0
shrinkage=0.05


Tree=98
num_leaves=31
num_cat=0
split_feature=13 29 13 77 30 21 0 65 41 19 12 13 6 14 25 11 3 79 11 62 54 20 27 30 14 58 60 76 0 77
split_gain=5.87138 13.8774 5.45223 10.4128 13.3767 13.7022 9.54946 7.78355 4.7565 4.45008 4.8557 5.45041 7.99972 6.75876 7.67126 4.10965 4.98527 7.09895 5.07743 4.57794 3.43554 3.27204 3.36679 5.45583 4.97276 2.86348 3.27053 6.59757 4.13886 3.71094
threshold=0.67585224269632105 0.12671591661626952 0.57710300447799645 0.61934701598118547 0.57404886420980461 5.1183014354066989 10.500000000000002 1.5000000000000002 228.50000000000003 14.345238095238097 0.50051720469622518 0.41595435205194148 6.6566728649904956 0.48516666666666675 -0.0056349206349206029 0.12873530111134651 8.2870833333333369 0.2792234074057745 0.092891361838395733 22.625000000000004 33.038461538461547 -2.9721595555069287e-16 11.998897058823532 0.33721246655518644 0.33881944444444451 30.250000000000004 -6.2499999999999991 1.723300296722394 7.5000000000000009 0.31664312019374136
decision_type=10 8 10 10 8 8 2 10 10 10 10 10 8 10 8 10 10 10 10 2 10 8 10 10 8 2 2 8 2 10
left_child=2 -2 3 8 5 -5 7 -4 9 10 11 13 -13 15 -15 16 18 19 20 -18 21 -1 23 25 -25 26 27 -23 -29 -28
right_child=1 -3 6 4 -6 -7 -8 -9 -10 -11 -12 12 -14 14 -16 -17 17 -19 -20 -21 -22 22 -24 24 -26 -27 29 28 -30 -31
leaf_value=-0.0070589153355222981 -0.0017931476686284288 0.024046199038688813 0.010087912622363292 0.0042710971965714542 -0.0042393024002656508 0.025842563426096622 -0.017816481472341821 -0.0074198592863140836 -0.0090229741176313695 -0.0098380054874103035 0.010869615468540948 0.00089288549765872906 -0.018355859894896378 -0.0015988872822110625 0.01762950286471264 -0.010190870558167838 -0.0090192600982229223 0.018691495128925102 -0.011830760459043854 0.0082478914452624643 0.0092921978696846094 0.013677525911931221 0.0094562864411265463 -0.001900998110957727 -0.017314028733849379 -0.0076568055244789299 -0.00060662754976881282 0.0043036880136470765 -0.009821415858178981 0.0077997995843015729
leaf_weight=171.46873635798693 133.88776836916804 83.788231641054153 102.48443417996168 169.47218851745129 158.78547009825706 129.81407333910465 115.69348447024822 163.23933129757643 154.589195843786 113.73994011059403 101.90754740685225 119.02448094636202 97.634613137692213 93.538171626627445 115.01441893354058 99.005735699087381 67.490457933396101 83.713086694478989 93.634270884096622 86.33726255223155 93.897002533078194 137.36605753004551 90.713014431297779 137.13545816391706 83.911160722374916 105.9855935536325 2018.5664695724845 169.07717077434063 73.611427910625935 139.40777261555195
leaf_count=553 525 343 319 406 353 334 362 540 553 475 392 456 402 339 400 441 300 178 334 451 332 305 372 520 269 360 7001 665 352 312
internal_value=0.000188892 0.00821746 -0.000143198 0.000305072 0.00747442 0.0136825 -0.00589345 -0.00065495 -0.000434973 -0.000123634 0.000143088 -0.00012766 -0.00782579 0.00030636 0.00903888 -0.000194754 8.66354e-05 0.0070681 -0.000415645 0.000662769 -8.02544e-05 -0.000364547 2.60586e-05 -0.000275715 -0.00780354 0.000356344 0.000693849 0.00496431 -3.40919e-06 -6.02009e-05
internal_weight=5503.93 217.676 5286.26 4904.84 458.072 299.286 381.417 265.724 4446.77 4292.18 4178.44 4076.53 216.659 3859.87 208.553 3651.32 3552.31 237.541 3314.77 153.828 3221.14 3127.24 2955.77 2865.06 221.047 2644.01 2538.03 380.055 242.689 2157.97
internal_count=18944 868 18076 16855 1093 740 1221 859 15762 15209 14734 14342 858 13484 739 12745 12304 929 11375 751 11041 10709 10156 9784 789 8995 8635 1322 1017 7313
is_linear=0
shrinkage=0.05


Tree=99
num_leaves=31
num_cat=0
split_feature=29 36 61 50 41 11 28 31 54 77 57 78 20 69 56 51 29 19 27 77 28 31 77 53 77 54 64 29 41 51
split_gain=6.0185 4.65818 9.9205 6.44933 6.26056 18.607 5.56846 5.69656 4.36521 7.5073 3.77617 8.74584 5.68885 8.41011 7.65871 7.85218 6.46312 6.31169 5.6543 8.80344 5.76594 5.16406 4.8893 4.84401 4.79518 7.07386 3.86706 3.72059 6.94851 3.35603
threshold=0.17900053655702222 0.7345271695717408 43.750000000000007 21.231666666666669 12.500000000000002 0.13546041266175565 17.522834821428575 0.66541666666666688 31.781746031746035 0.11598054952318008 274.46875000000006 1.5000000000000002 0.24999999999999997 0.0068570409470566709 4.1236111111111118 3.980430453431373 0.10746862653368837 11.516666666666667 9.5759615384615397 0.3787584273397207 13.380875000000001 0.29322916666666671 0.20529946389058024 2.3452380952380958 0.26549215150762789 19.90454545454546 61.500000000000007 0.04877719372563321 144.50000000000003 4.197137736815157
decision_type=10 8 2 10 8 8 10 10 10 10 2 8 10 2 2 10 10 10 8 10 8 10 10 10 10 10 8 10 8 8
left_child=1 4 -3 -4 5 -1 7 8 10 -10 12 -12 24 16 17 -16 18 21 19 -14 -20 -15 -17 -24 -6 -26 -22 28 -13 -29
right_child=-2 2 3 -5 6 -7 -8 -9 9 -11 11 27 13 14 15 22 -18 -19 20 -21 26 -23 23 -25 25 -27 -28 29 -30 -31
leaf_value=-0.0054689653851117655 0.013001702528813783 -0.021482131114408401 -0.0099443048753079331 0.012782081924306866 -0.00030694848999347936 0.027214157563556354 -0.010621140980789701 0.011159760583488604 -0.002784281349387633 0.015577287176990601 -0.01529115531149494 0.012095005619569697 0.0001875775237272266 -0.002654940187240792 0.018973408113352103 -0.0011311365624618013 -0.012316011580876621 -0.012691983219092977 -0.014337038725245031 0.017086184682738852 0.0067797591234372949 0.013443415128243123 0.0032279470042767345 0.015731130609249216 -0.000203739468238168 -0.014190718267735901 -0.0061279585344687307 -0.0013325787675631761 -0.0024207075396314184 -0.015903302341869121
leaf_weight=93.260972611606121 91.201185114681721 75.740650340914726 61.496810108423233 61.387534618377686 1736.2415857240558 80.248113796114922 117.63523511216044 117.74209560453892 105.0855838060379 116.75760900974274 129.83640399575233 112.5596272200346 299.252829503268 126.18092902377248 146.65719964727759 167.25385657697916 111.28162762150168 81.152365975081921 98.614573627710342 102.81613659858704 110.43290098756552 81.033035524189472 156.2527060508728 153.90772725641727 197.16730333864689 165.9738485366106 120.07047880813479 95.979276340454817 300.03133464232087 66.422189123928547
leaf_count=429 334 316 259 353 5731 219 440 305 494 283 371 545 1090 509 483 729 336 299 275 248 362 276 353 387 422 359 397 509 1374 342
internal_value=0.000335047 0.000118288 -0.00737682 0.00142032 0.000406506 0.00971634 8.26174e-05 0.000341768 7.30721e-05 0.00690608 -0.000260858 -0.00362313 0.000354777 0.00245507 0.00577838 0.00888813 -0.00114684 -0.000959096 0.00056753 0.00454052 -0.00428515 0.00367481 0.00575685 0.00946289 -0.00140122 -0.00661791 5.86313e-05 -0.000966458 0.00155902 -0.00735286
internal_weight=5479.67 5388.47 198.625 122.884 5189.85 173.509 5016.34 4898.7 4780.96 221.843 4559.12 704.829 3854.29 1754.91 912.438 624.071 842.469 288.366 731.187 402.069 329.118 207.214 477.414 310.16 2099.38 363.141 230.503 574.992 412.591 162.401
internal_count=18829 18495 928 612 17567 648 16919 16479 16174 777 15397 3141 12256 5744 3036 1952 2708 1084 2372 1338 1034 785 1469 740 6512 781 759 2770 1919 851
is_linear=0
shrinkage=0.05


Tree=100
num_leaves=31
num_cat=0
split_feature=10 27 60 19 55 19 62 46 17 29 31 77 22 52 77 75 77 56 76 4 41 28 20 20 0 45 40 10 17 19
split_gain=5.06403 18.7695 4.74774 6.24613 5.68079 6.25267 7.09684 9.64052 6.58472 6.56408 5.63167 13.184 9.94484 9.04392 4.85356 6.43682 5.89749 4.65633 4.18383 3.81177 3.28889 3.04253 2.62877 3.30615 2.9918 3.52223 4.66545 4.10268 4.35384 2.94104
threshold=0.19816601117420782 20.062500000000004 -2.7499999999999996 0.86190476190476206 26.732904411764711 2.2583333333333337 21.125000000000004 63.575367647058833 3.3229166666666674 0.013045622279043597 0.50937500000000013 0.71537211580151705 0.73956521739130443 253.10101010101013 0.60354036546517176 12.345000000000001 0.47376799753588589 4.3765259838977721 0.69920590223023205 12.552029650790031 131.50000000000003 10.932558333333334 -2.9721595555069287e-16 -1.5481443287828569e-16 13.500000000000002 31.651515151515156 3.5000000000000004 0.062506400846918095 2.1483516483516487 7.8819444444444455
decision_type=10 10 2 10 2 10 2 2 10 10 10 10 8 10 10 10 10 2 10 10 8 8 8 8 2 8 2 10 10 10
left_child=1 2 3 18 5 9 8 -8 -7 -5 11 14 -12 17 15 16 19 -14 20 22 -1 -21 -4 -24 25 27 -27 29 -29 -25
right_child=-2 -3 10 4 -6 6 7 -9 -10 -11 12 -13 13 -15 -16 -17 -18 -19 -20 21 -22 -23 23 24 -26 26 -28 28 -30 -31
leaf_value=0.0087095674198505533 -0.011437401357381281 0.021373020295490014 -0.0080853319538055669 0.000553012070062072 0.014840042509109653 -0.001256434130591141 0.017169843542783805 -0.001256434130591141 -0.014661313542138605 0.017900990923514756 0.0052812589230495392 0.018844265412567934 -0.0086227629802928113 0.0031154530564185511 -0.011191107024807264 0.012946714911193461 -0.013464578973061301 -0.020503813382364209 -0.011308646960480498 -0.00094074829474982506 -0.0021327535812300765 0.012946714911193461 0.0086439877039561006 -0.0019173991635406237 0.0065815858164710028 -0.0012233592525757748 0.012091907828779828 -0.015675805089684802 -0.0013636511039960147 0.0067193336872058713
leaf_weight=81.983538292348385 91.982281148433685 102.94216880574822 117.05868506059051 95.999078936874866 105.61328681185842 678.05545435100794 140.18046239763498 122.9192311912775 90.620647024363279 125.42126657068729 159.57102417200804 86.54985599219799 226.54929712414742 113.98584575951099 108.38580653071404 85.804777920246124 89.073401838541031 131.31325154006481 105.24689191579819 43.675818674266338 444.14862666651607 42.435454495251179 95.074938397854567 1292.4496593028307 125.93062446638942 172.62709143385291 105.13273401930928 108.27846989780664 103.83834777772427 105.72569120675325
leaf_count=348 327 327 415 306 465 2254 427 473 319 432 527 242 572 400 240 234 213 317 245 268 1705 343 289 4398 397 603 360 395 512 467
internal_value=0.000132172 0.000331083 -8.12861e-05 0.00184845 0.00375697 0.00281185 0.00117151 0.00824293 -0.00125643 0.0104159 -0.00124057 -0.000239663 -0.00548494 -0.00912935 -0.000883053 -0.00042952 -0.000912678 -0.0130274 -0.00225838 -0.000423532 -0.000429952 0.00983716 -0.000824678 -0.00041805 -0.000849923 -0.00134882 0.0038418 -0.00224598 -0.0087088 -0.00125998
internal_weight=5498.57 5406.59 5303.65 1990.19 1358.81 1253.2 1031.78 263.1 768.676 221.42 3313.46 2682.04 631.419 471.848 2595.49 2487.11 2401.3 357.863 631.379 2312.23 526.132 86.1113 2226.12 2109.06 2013.98 1888.05 277.76 1610.29 212.117 1398.18
internal_count=18820 18493 18166 6974 4676 4211 3473 900 2573 738 11192 9376 1816 1289 9134 8894 8660 889 2298 8447 2053 611 7836 7421 7132 6735 963 5772 907 4865
is_linear=0
shrinkage=0.05


Tree=101
num_leaves=31
num_cat=0
split_feature=20 11 5 79 24 6 9 36 29 24 13 10 10 11 24 11 6 15 30 75 0 30 33 29 29 64 28 41 75 10
split_gain=7.33946 6.34903 10.9418 10.032 13.3634 7.85869 7.71194 5.67274 7.35533 5.29958 5.07783 6.35197 5.88125 4.52553 5.00027 4.25292 4.27565 5.09105 3.01807 6.36496 3.17083 2.77574 3.90987 3.07875 4.04309 3.51495 3.73776 4.35356 4.74945 4.68798
threshold=7.2250000000000005 0.12767322526306848 17.613333333333337 0.70929658049679167 6.4574714285714307 4.4933283822207502 15.435666666666668 0.7345271695717408 0.13681971223032155 5.3058750000000021 0.57710300447799645 0.07537350543219766 0.10476487042564051 0.090766219259397901 3.1765833333333346 0.081696911277115578 7.8380230964568556 0.49418242176957644 0.54872811039010683 11.225000000000003 13.500000000000002 0.4602186667686371 2.5798319327731094 0.089130759221873648 0.069033664037560866 84.500000000000014 5.9641153846153854 172.50000000000003 5.4350000000000014 0.051533910047560208
decision_type=10 10 10 8 8 10 10 8 10 8 10 10 10 10 8 10 10 10 10 10 2 10 10 10 10 10 10 10 10 10
left_child=1 2 7 4 6 -5 -3 8 10 -7 12 -12 13 15 -15 16 17 18 19 20 21 22 23 24 25 26 27 28 29 -1
right_child=-2 3 -4 5 -6 9 -8 -9 -10 -11 11 -13 -14 14 -16 -17 -18 -19 -20 -21 -22 -23 -24 -25 -26 -27 -28 -29 -30 -31
leaf_value=0.00066754547344381851 0.013385510857701358 0.0067484643981984256 0.013800626910473866 0.020461102461514641 -0.02256133143772136 0.0095664435692308127 -0.010048464929674414 -0.011998802084493391 0.012355521833796979 -0.018013214885609946 0.0025708748264710642 -0.015436174473677351 0.0093868380876084428 -0.014705734662168025 0.00093172529711633913 0.0097944101805883307 -0.0083049272966855669 0.0089342964873482464 -0.0081253481281027048 0.013339443884842329 0.0061031358419692946 0.0078940252026500207 -0.0098449215447714792 -0.0081172520745535354 0.0089002059373444256 0.0079990838556244209 -0.0065440963790478895 -0.0043223545601640294 0.007885956541606471 -0.010790752068850794
leaf_weight=1470.0200067460537 101.36258333176374 116.98669017851353 147.50313072279096 57.395325917750597 126.33063460886478 33.33594074845314 161.56336061656475 95.230303682386875 121.49221082404256 34.460421711206436 84.322186648845673 115.0039353184402 169.9896018654108 107.18466336652637 96.705773998051882 113.55211533606052 147.35663585364819 164.0703528560698 111.03646679967642 88.936894863843918 190.47199391946197 93.897357951849699 113.70793438702822 123.74839938059449 118.72996328026056 115.54469076544046 260.4343799315393 505.52747674286366 214.7419595271349 94.032790705561638
leaf_count=5222 295 329 480 293 280 388 392 595 454 218 359 427 553 346 333 388 525 483 423 217 557 378 327 447 450 360 857 1585 492 406
internal_value=0.000122292 -0.000129414 0.000437352 -0.00532033 -0.0091407 0.00700957 -0.00299511 1.6526e-05 0.000266709 -0.00451017 -6.24127e-05 -0.00784373 0.000300056 -7.61627e-05 -0.0073205 0.000301847 1.66064e-05 0.000353369 -5.12224e-05 0.000215573 -0.000141964 -0.000526237 -0.000790872 -0.000432938 -8.79637e-05 -0.000492302 -0.000880844 -0.000232598 0.000931472 -2.77962e-05
internal_weight=5494.68 5393.31 4863.24 530.072 404.881 125.192 278.55 4715.74 4620.51 67.7964 4499.02 199.326 4299.69 4129.7 203.89 3925.81 3812.26 3664.9 3500.83 3389.79 3300.86 3110.38 3016.49 2902.78 2779.03 2660.3 2544.76 2284.32 1778.79 1564.05
internal_count=18859 18564 16664 1900 1001 899 721 16184 15589 606 15135 786 14349 13796 679 13117 12729 12204 11721 11298 11081 10524 10146 9819 9372 8922 8562 7705 6120 5628
is_linear=0
shrinkage=0.05


Tree=102
num_leaves=31
num_cat=0
split_feature=4 48 19 17 51 19 47 27 69 47 17 10 18 30 15 48 77 19 57 53 45 45 67 76 41 15 48 20 46 4
split_gain=6.9942 13.1653 25.8141 10.0206 13.283 7.12596 8.65942 15.4257 5.29477 5.28642 6.1047 5.1735 5.03357 6.83971 4.9308 4.74833 8.25478 5.89949 5.79684 3.8462 3.59979 4.89032 4.23683 7.89209 4.53045 5.58921 9.21991 6.52973 4.50756 4.26968
threshold=15.072430980787104 26.69852941176471 16.43650793650794 2.1742424242424243 3.8008704945710261 15.516666666666667 0.54287199903208527 11.620779220779221 0.11947094318511477 0.65080849383174977 3.8944444444444448 0.13044395150564364 3.6306818181818188 0.47242383581621422 0.30139445303330342 16.941176470588239 0.1495412267471091 13.345238095238097 241.02941176470591 3.9687500000000004 15.519230769230772 16.966666666666672 1.0000000180025095e-35 1.1455142515964905 168.50000000000003 0.22000165130097069 21.093750000000004 2.3484848484848491 64.514705882352956 4.607206801271178
decision_type=8 2 8 8 8 8 2 10 2 2 10 10 10 8 8 2 10 10 2 8 10 10 2 10 8 10 2 10 2 10
left_child=9 3 -3 -2 -5 -6 -7 8 -8 10 11 12 15 -14 -11 16 -1 19 -19 20 -17 -22 24 28 25 -23 -27 -28 -24 -26
right_child=1 2 -4 4 5 6 7 -9 -10 14 -12 -13 13 -15 -16 17 -18 18 -20 -21 21 22 23 -25 29 26 27 -29 -30 -31
leaf_value=-0.0042494849053363089 0.014968498740438735 0.033162625187793733 0.0017839909873297044 -0.016901970969564823 -0.0084977976135901471 -0.0081837882380163453 0.0052706279742500989 0.020717813292661463 -0.008624971599292609 0.00030397346670910682 -0.013009563759229984 0.0084956596737292816 -0.018896092885602563 0.0012779162256699741 0.019864331886805146 0.0060228761706169779 0.013715268392083486 -0.015289596526655336 -0.00062081023395719743 -0.0073618245778950576 -0.010270791443324214 -0.0015267974246537955 -0.004935983174718675 -0.016375772851327023 0.00018656433647000795 0.017109273319699855 0.0061745650256560874 -0.0073099556741962977 0.0070056185174147585 -0.006967836989737141
leaf_weight=114.94597917795181 105.40824906155467 99.699138090014458 188.09240105375648 116.55962323769927 148.10248915106058 118.58339858055115 208.28639663010836 139.20105642452836 100.95407135784626 72.363966397941113 105.66632655635476 140.6719991452992 90.804450076073408 77.246004905551672 57.120669096708298 209.78967167437077 142.07365246117115 142.92329240590334 126.75605129078031 203.67670628800988 127.75027296692133 395.00097120553255 239.182333458215 108.25024077296257 894.47586357966065 144.08298804238439 342.83500711992383 120.57236035913229 116.78799420595169 270.92065924406052
leaf_count=501 350 328 544 422 452 393 670 428 350 419 453 396 438 266 288 652 283 429 536 617 459 1274 857 221 3290 492 1070 373 506 1031
internal_value=7.09964e-05 0.00339775 0.0127316 0.000520708 -0.00132619 0.00123259 0.00378458 0.00696059 0.000721117 -0.000889757 -0.00120371 -0.000889351 -0.00123277 -0.00967021 0.00901891 -0.00084704 0.00569562 -0.00133696 -0.00842266 -0.000732331 -0.000275315 -0.000756078 -0.000290552 -0.00462021 0.000638281 0.00310117 0.00610792 0.00265789 -0.00100949 -0.00148117
internal_weight=5468.78 1224.89 287.792 937.095 831.687 715.127 567.025 448.442 309.24 4243.9 4114.41 4008.75 3868.07 168.05 129.485 3700.02 257.02 3443 269.679 3173.33 2969.65 2759.86 2632.11 464.221 2167.89 1002.49 607.49 463.407 355.97 1165.4
internal_count=18788 3937 872 3065 2715 2293 1841 1448 1020 14851 14144 13691 13295 704 707 12591 784 11807 965 10842 10225 9573 9114 1584 7530 3209 1935 1443 1363 4321
is_linear=0
shrinkage=0.05


Tree=103
num_leaves=31
num_cat=0
split_feature=30 10 77 18 56 75 57 77 18 78 77 54 4 10 5 9 10 77 41 14 52 55 30 77 30 36 79 76 20 5
split_gain=3.91672 12.0812 9.63203 7.94883 5.58275 10.139 7.02307 13.7673 7.01722 9.30382 4.93607 4.33418 12.0761 9.9453 6.66736 6.39531 5.99057 5.82286 4.245 7.57634 6.94699 11.3625 6.89804 7.3123 6.4344 4.45163 4.11554 4.30124 3.94873 3.57358
threshold=0.56212477608514388 0.13150911983930855 0.7881386988257536 3.6794871794871802 3.8261742633131135 8.9250000000000025 274.02757352941182 0.49192774262860706 2.0871212121212124 2.5000000000000004 0.74751919369030273 22.483333333333338 11.775173180706275 0.078182478287085314 6.9666666666666677 9.8166666666666682 0.037260514753424949 0.26841844568035733 65.500000000000014 0.42408333333333342 212.70089285714289 22.062500000000004 0.3566634682442294 0.24888660994006095 0.47563839677285064 0.35867928104698399 -0.77894888258502892 0.41099690400626376 1.0839160839160842 4.4166666666666679
decision_type=8 10 10 10 2 10 2 10 8 8 10 8 10 10 10 10 10 10 10 10 10 2 10 10 10 8 10 10 8 10
left_child=2 3 4 10 5 8 18 -8 9 -1 11 12 14 15 16 17 -2 -13 22 25 -21 -22 23 29 -24 26 27 -20 -28 -6
right_child=1 -3 -4 -5 6 -7 7 -9 -10 -11 -12 13 -14 -15 -16 -17 -18 -19 19 20 21 -23 24 -25 -26 -27 28 -29 -30 -31
leaf_value=0.020441418674838549 -0.00079749504634691053 -0.014239210255451176 0.014293963633774951 0.013097895526970793 5.7384409455881782e-05 0.020441418674838549 -0.0017601562202800018 -0.023900356309112126 -0.0086020619218558185 0.00069129733935172554 -0.011542102179295608 0.00010488208819955377 0.01918858022745535 -0.016626006640915014 -0.012448275221497114 0.011491256468760869 0.014141819507052967 -0.012763350865895773 0.0004302918430670545 0.019076008919598902 -0.0073723864194549437 0.013434367627192132 -0.014452876428273174 0.0095117687720487707 -0.00054725606008376336 -0.009244311097470018 0.00069834349640911198 -0.017351045371815046 0.0083094741952785042 -0.010272744204590912
leaf_weight=67.227294921875 309.4528396204114 172.89842600002885 133.18225298821926 101.83831713348627 698.91813199222088 93.330115601420403 410.5634393170476 83.748203903436661 107.85494491830468 183.37232640385628 107.60018320381641 406.99837267771363 92.919558703899384 112.36805703863502 91.889814786612988 93.125605098903179 84.650980144739151 111.12407404184341 94.377456065267324 114.7822741009295 115.50869119539857 149.44147055223584 161.68586903810501 199.26304568350315 170.41027276590466 102.37094024196267 532.93912519514561 52.129234433174133 249.66092106699944 94.112157747149467
leaf_count=173 1113 568 378 411 2196 244 1848 220 645 1028 246 1663 319 371 369 371 304 246 883 266 324 487 511 452 513 295 1248 88 555 520
internal_value=0.000248598 -0.00175854 0.00113529 -0.00032287 0.000655538 0.00585503 -7.33291e-05 -0.00555192 0.00201089 0.00659461 -0.0013007 -0.000446467 0.00277549 -0.00302439 -0.000395574 -0.000500885 0.00243905 -0.0026743 0.000918296 0.00282545 0.00885347 0.00436976 -0.00111449 0.000974493 -0.00734048 0.000599851 0.00169327 -0.00597131 0.00313391 -0.00117993
internal_weight=5499.74 1684.87 3814.88 1511.97 3681.7 451.785 3229.91 494.312 358.455 250.6 1410.13 1302.53 578.913 723.616 485.994 611.248 394.104 518.122 2735.6 1411.21 379.732 264.95 1324.39 992.293 332.096 1031.48 929.107 146.507 782.6 793.03
internal_count=18855 5981 12874 5413 12496 2090 10406 2068 1846 1201 5002 4756 2105 2651 1786 2280 1417 1909 8338 4146 1077 811 4192 3168 1024 3069 2774 971 1803 2716
is_linear=0
shrinkage=0.05


end of trees

feature_importances:
sl_share=220
tsh_prev=172
sl_ratio=131
sl_now=122
tsh_ew=107
rec_cur=101
snp_ew=93
ppr_sd=91
ypt_cur=79
d_snp=74
draft=68
tgt_cur=67
sl_bias=66
t_prate_prev=60
snp_prev=57
car_cur=56
tsh_cur=55
pos_share=55
use_l3=51
t_plays=51
d_use=50
o_ypc=50
o_pyd=49
t_prate=48
csh_cur=44
snp_cur=44
o_ypc_prev=44
bonus_prev=42
o_fpa=42
t_pf=41
ppr_prev=40
csh_prev=40
use_prev=37
o_pyd_prev=37
age=36
vac_tgt=36
ppr_ew=35
o_pa=35
ppr_cur=34
bonus_cur=34
t_plays_prev=34
t_pf_prev=33
o_sk=33
o_fpa_prev=32
csh_ew=31
catch_cur=29
o_pa_prev=27
temp=27
total=26
ppr_l3=25
vac_pos=24
wind=20
vac_car=20
spread=17
g_prev=13
g=10
sl_rank=10
use_cur=9
t_g=9
use_ew=8
dc_depth=8
implied=8
home=7
week=7
miss=6
exp=6
rest=5
dc_eff=4
wk_since=3
tm_change=3
depth=3
o_g=3
dome=3
new_hc=3

parameters:
[boosting: gbdt]
[objective: regression]
[metric: l2]
[tree_learner: serial]
[device_type: cpu]
[data_sample_strategy: bagging]
[data: ]
[valid: ]
[num_iterations: 104]
[learning_rate: 0.05]
[num_leaves: 31]
[num_threads: 0]
[seed: 1]
[deterministic: 1]
[force_col_wise: 0]
[force_row_wise: 1]
[histogram_pool_size: -1]
[max_depth: -1]
[min_data_in_leaf: 300]
[min_sum_hessian_in_leaf: 0.001]
[bagging_fraction: 0.8]
[pos_bagging_fraction: 1]
[neg_bagging_fraction: 1]
[bagging_freq: 1]
[bagging_seed: 18467]
[bagging_by_query: 0]
[feature_fraction: 0.8]
[feature_fraction_bynode: 1]
[feature_fraction_seed: 26500]
[extra_trees: 0]
[extra_seed: 15724]
[early_stopping_round: 0]
[early_stopping_min_delta: 0]
[first_metric_only: 0]
[max_delta_step: 0]
[lambda_l1: 0]
[lambda_l2: 1]
[linear_lambda: 0]
[min_gain_to_split: 0]
[drop_rate: 0.1]
[max_drop: 50]
[skip_drop: 0.5]
[xgboost_dart_mode: 0]
[uniform_drop: 0]
[drop_seed: 6334]
[top_rate: 0.2]
[other_rate: 0.1]
[min_data_per_group: 100]
[max_cat_threshold: 32]
[cat_l2: 10]
[cat_smooth: 10]
[max_cat_to_onehot: 4]
[top_k: 20]
[monotone_constraints: 0,0,0,0,0,0,0,1,1,0,0,0,0,0,0,0,0,0,0,0,0,0,0,0,0,0,0,0,0,0,0,0,0,0,0,0,0,0,0,0,0,0,0,0,0,0,0,0,0,0,0,0,0,0,0,0,0,0,0,0,0,0,1,0,0,0,0,0,0,0,0,0,0,0,0,1,0,0,0,0]
[monotone_constraints_method: advanced]
[monotone_penalty: 0]
[feature_contri: ]
[forcedsplits_filename: ]
[refit_decay_rate: 0.9]
[cegb_tradeoff: 1]
[cegb_penalty_split: 0]
[cegb_penalty_feature_lazy: ]
[cegb_penalty_feature_coupled: ]
[path_smooth: 0]
[interaction_constraints: ]
[verbosity: -1]
[saved_feature_importance_type: 0]
[use_quantized_grad: 0]
[num_grad_quant_bins: 4]
[quant_train_renew_leaf: 0]
[stochastic_rounding: 1]
[linear_tree: 0]
[max_bin: 255]
[max_bin_by_feature: ]
[min_data_in_bin: 3]
[bin_construct_sample_cnt: 200000]
[data_random_seed: 41]
[is_enable_sparse: 1]
[enable_bundle: 1]
[use_missing: 1]
[zero_as_missing: 0]
[feature_pre_filter: 1]
[pre_partition: 0]
[two_round: 0]
[header: 0]
[label_column: ]
[weight_column: ]
[group_column: ]
[ignore_column: ]
[categorical_feature: ]
[forcedbins_filename: ]
[precise_float_parser: 0]
[parser_config_file: ]
[objective_seed: 19169]
[num_class: 1]
[is_unbalance: 0]
[scale_pos_weight: 1]
[sigmoid: 1]
[boost_from_average: 1]
[reg_sqrt: 0]
[alpha: 0.9]
[fair_c: 1]
[poisson_max_delta_step: 0.7]
[tweedie_variance_power: 1.5]
[lambdarank_truncation_level: 30]
[lambdarank_norm: 1]
[label_gain: ]
[lambdarank_position_bias_regularization: 0]
[eval_at: ]
[multi_error_top_k: 1]
[auc_mu_weights: ]
[num_machines: 1]
[local_listen_port: 12400]
[time_out: 120]
[machine_list_filename: ]
[machines: ]
[gpu_platform_id: -1]
[gpu_device_id: -1]
[gpu_device_id_list: ]
[gpu_use_dp: 0]
[num_gpu: 1]

end of parameters

pandas_categorical:[]
