tree
version=v4
num_class=1
num_tree_per_iteration=1
label_index=0
max_feature_idx=80
objective=regression
feature_names=g wk_since miss ppr_cur ppr_ew ppr_l3 ppr_sd use_cur use_ew use_l3 tsh_cur tsh_ew csh_cur csh_ew snp_cur snp_ew patt_cur rec_cur tgt_cur car_cur bonus_cur ypt_cur catch_cur ypa_cur d_use d_snp g_prev ppr_prev use_prev tsh_prev csh_prev snp_prev patt_prev bonus_prev tm_change depth pos_share dc_depth dc_eff age exp draft t_g t_plays t_prate t_pf t_plays_prev t_prate_prev t_pf_prev o_g o_fpa o_ypc o_pyd o_sk o_pa o_fpa_prev o_ypc_prev o_pyd_prev o_pa_prev home spread total implied dome temp wind rest new_hc inj vac_tgt vac_car vac_pos qb_out week h sl_now sl_ratio sl_share sl_rank sl_bias pred
feature_infos=[0:16] [1:16] [0:16] [-3.1600000000000001:42.280000000000001] [-3.1600000000000001:42.280000000000001] [-3.1600000000000001:42.280000000000001] [0:24.791163748400354] [-0.19099999999999998:33.962999999999994] [-0.19099999999999998:33.962999999999994] [-0.19099999999999998:33.962999999999994] [0:0.055555555555555552] [0:0.055555555555555552] [0:0.53333333333333333] [0:0.53333333333333333] [0.01:1] [0.01:1] [0:59] [0:1] [0:1] [0:17] [-6:22] [-6:31] [0:1] [-3:35] [-20.667333333333328:28.679681818181816] [-0.98499999999999999:0.96999999999999997] [0:17] [-1.2999999999999998:28.112000000000002] [-0.191:24.913416666666667] [0:0.011363636363636364] [0:0.3521252433046187] [0.01:1] [0:44.5] [-3:12.5625] [0:1] [1:6] [0:1] [1:5] [1:5] [21.240246406570844:45.078713210130047] [0:22] [1:262] [0:16] [43:94] [0.22448979591836735:0.83606557377049184] [0:59] [54.875:70.9375] [0.4380664652567976:0.67543859649122806] [13.882352941176471:35.3125] [0:16] [0.97999999999999998:42.280000000000001] [1.45:8.882352941176471] [82:466] [0:10] [0:59] [11.590588235294117:24.537500000000001] [3.1710526315789473:5.756317689530686] [152.8235294117647:334.875] [13.882352941176471:35.3125] [0:1] [-22:22] [28.5:63.5] [10.5:36.25] [0:1] [1:97] [0:71] [4:17] [0:1] none [0:0.92093392964683618] [0:1] [0:1] [0:1] [1:18] none [-0.40999999999999998:29.77] [-0.023687685704853086:17.557377049180328] [0:1.0021201413427561] [1:6] [-0.83961538461538454:4.5334635734635738] [0:30.034345732694614]
tree_sizes=1455 1516 1633 1529 1411 1620 1631 1628 1625 1528 1418 1527 1517 1530 1637 1626 1623 1617 1521 1531 1533 1416 1525 1638 1532 1634 1525 1521 1530 1427 1637 1628 1527 1529 1416 1529 1647 1516 1640 1633 1524 1633 1426 1637 1525 1640 1535 1530 1741 1744 1629 1432 1636 1744 1429 1421 1643 1541 1736 1537 1530 1532 1532 1633 1525 1428 1736 1530 1532 1526 1536 1636 1637 1534 1533 1530 1531 1534 1530 1534 1536 1645 1532 1540 1422 1529 1740 1520 1525 1635 1645 1534 1532 1534 1528 1530 1529 1644 1746 1639 1640 1738 1427 1638 1534 1534 1644 1634 1746 1433 1515 1529 1630 1637 1429 1630 1635 1427 1751 1425 1530 1545 1632 1314 1525 1533 1640 1754 1638 1428 1640 1536 1532 1642 1527 1536 1641 1422 1521 1537 1646 1651 1643 1542 1523 1634 1646 1644 1532 1533 1644 1531 1541 1526 1530 1532 1430 1754 1635 1659 1761 1540 1635 1751 1643 1420 1632 1533 1647 1422 1642 1435 1634 1427 1533 1635 1645 1434 1639 1739 1424 1523 1646 1423 1636 1643 1420 1542 1535 1749 1636 1738 1539 1641 1738 1550 1531 1644 1520 1638 1745 1533 1631 1536 1642 1649 1639 1634 1642 1534 1428 1530 1540 1654 1643 1533 1419 1538 1522 1649 1631 1639 1527 1631 1429 1637 1541 1533 1537 1646 1519 1530 1634 1641 1654 1531 1532 1651 1534 1643 1534 1748 1538 1647 1427 1426 1745 1422 1628 1742 1533 1649 1640 1534 1530 1428 1642 1533 1759 1541 1532 1425 1525 1634 1542 1417 1645 1539 1747 1541 1750 1539 1639 1740 1651 1539 1641 1535 1425 1524 1628 1642 1541 1427 1752 1531 1546 1534 1748 1536 1753 1542 1643 1318 1641 1641 1420 1641 1427 1531

Tree=0
num_leaves=13
num_cat=0
split_feature=77 36 19 31 20 51 53 53 16 57 52 76
split_gain=1871.51 307.293 213.436 143.662 139.775 125.596 103.502 84.7437 83.5137 75.5686 104.445 53.7591
threshold=0.50000000000000011 0.16412118163091793 4.6770833333333348 0.98718750000000011 6.7596153846153859 4.1259741311256404 2.1483516483516487 2.5419580419580421 32.279220779220786 210.52941176470591 230.9027777777778 1.3203993375986982
decision_type=8 10 10 10 8 10 8 8 10 2 8 8
left_child=1 -1 3 6 -5 -4 8 -8 -2 -9 -11 -12
right_child=2 -3 5 4 -6 -7 7 9 -10 10 11 -13
leaf_value=5.3773759571062971 5.5247031585304009 5.4733175095303643 5.5410857895398964 5.5304455538182777 5.60826525408085 5.6012833666115815 5.4835982891414794 5.4904791151582959 5.5712693696203432 5.5730531318230216 5.5376964924024383 5.4886500638496711
leaf_weight=207.05745211243629 208.55255772918463 141.70364546775818 144.82907746732235 115.49528516083956 114.87504717707634 217.94846981018782 171.98764549940825 119.96261122077703 178.15679886937141 123.59277149289846 125.37133733928204 99.174520790576935
leaf_count=466 547 295 343 424 386 510 500 276 538 304 298 389
internal_value=5.52101 5.41611 5.54364 5.53387 5.56946 5.57737 5.52584 5.5135 5.54623 5.52455 5.53634 5.51599
internal_weight=1968.71 348.761 1619.95 1257.17 230.37 362.778 1026.8 640.089 386.709 468.101 348.139 224.546
internal_count=5276 761 4515 3662 810 853 2852 1767 1085 1267 991 687
is_linear=0
shrinkage=1


Tree=1
num_leaves=13
num_cat=0
split_feature=80 19 80 15 79 28 61 27 28 64 75 43
split_gain=2447.56 244.899 119.039 117.966 103.713 89.6343 73.5734 101.953 83.7248 66.6384 77.1531 47.5429
threshold=4.1130732525681104 4.6770833333333348 1.6616292279475193 0.99165861708632663 2.004643255124845 16.292822916666669 42.250000000000007 13.422333333333336 12.295777777777777 65.500000000000014 18.715000000000003 63.303846153846159
decision_type=2 8 2 8 8 8 2 10 10 10 8 10
left_child=2 4 -1 -3 -2 -5 7 -6 -8 10 -10 -12
right_child=1 3 -4 5 6 -7 8 -9 9 -11 11 -13
leaf_value=-0.16775338534909423 0.042846325886847454 0.08230955231026027 -0.099612374352152033 -0.0013270827853162914 0.0064440234731496281 0.05199708720660199 -0.02079030710276818 -0.053392768705356267 0.067731145952792102 -0.012360533909408498 -0.0031516897468004445 0.037282494928555232
leaf_weight=151.62034583836794 198.05861282348633 191.98705845326185 122.19563753157854 121.27270507067442 177.2325287014246 223.79886078089476 145.73679311573505 117.76686454564333 106.92825634777546 109.39468156546354 138.02011477947235 152.27024532109499
leaf_count=356 582 452 338 284 422 563 432 354 206 343 421 527
internal_value=0.000533441 0.0231181 -0.137817 0.0509448 0.0100376 0.033307 0.00314046 -0.0175431 0.0125063 0.0221068 0.0316064 0.018113
internal_weight=1956.28 1682.47 273.816 537.059 1145.41 345.072 947.349 294.999 652.35 506.613 397.219 290.29
internal_count=5280 4586 694 1299 3287 847 2705 776 1929 1497 1154 948
is_linear=0
shrinkage=0.05


Tree=2
num_leaves=14
num_cat=0
split_feature=77 36 4 24 28 60 64 75 12 57 46 61 44
split_gain=1528.17 316.416 186.236 116.363 112.956 100.292 93.4166 93.8216 85.8212 70.9686 75.1277 55.4844 42.2273
threshold=0.6022189697796928 0.16412118163091793 19.993517508013834 -1.927378787878786 16.718766666666671 -6.7499999999999991 57.500000000000007 19.885000000000002 0.15003504077553814 218.72977941176472 61.878676470588239 46.250000000000007 0.57756625159642405
decision_type=8 10 10 10 10 2 8 8 10 2 2 2 8
left_child=1 -1 4 -4 5 -2 -6 -8 9 -7 -11 -9 -12
right_child=2 -3 3 -5 6 8 7 11 -10 10 12 -13 -14
leaf_value=-0.1356229630525608 0.035405140578940016 -0.036479866186739103 0.021614202395115217 0.078609584509303318 -0.004963167500467023 0.011362087749093645 0.075820094346120567 -0.0083645000770388878 0.028021561328274672 0.00055345530352239808 -0.070429689601405165 0.04902039374373067 -0.027161376704568693
leaf_weight=201.23080064356327 167.23620789498091 135.27006334066391 166.52996173501015 195.34524777531624 120.46651282906532 155.46838857233524 146.77451466023922 82.063084274530411 132.13375123590231 136.98776376247406 100.43866274505854 85.009048439562321 131.84742564707994
leaf_count=461 457 293 455 573 394 381 295 308 274 355 319 306 419
internal_value=0.000801324 -0.0959946 0.0209505 0.0525129 0.0118399 0.000955758 0.0324429 0.046771 -0.00785531 -0.0169255 -0.0288334 0.0209518 -0.046092
internal_weight=1956.8 336.501 1620.3 361.875 1258.43 824.112 434.313 313.847 656.876 524.742 369.274 167.072 232.286
internal_count=5290 754 4536 1028 3508 2205 1303 909 1748 1474 1093 614 738
is_linear=0
shrinkage=0.05


Tree=3
num_leaves=13
num_cat=0
split_feature=80 19 15 28 53 64 79 24 50 36 54 36
split_gain=1800.72 150.509 128.859 85.3373 136.064 124.804 86.2133 77.6129 70.4787 61.1783 57.7368 38.6271
threshold=3.4910709340146791 4.6125000000000007 0.99198717854351703 17.233504761904765 1.8062500000000001 58.500000000000007 2.0147204799113005 -3.7044285714285707 17.84833333333334 0.52731508774571523 21.585714285714293 0.62183765299344373
decision_type=2 10 10 10 10 10 10 10 10 10 10 10
left_child=10 3 -3 5 -5 6 -2 -8 -6 -7 -1 -9
right_child=1 2 -4 4 8 9 7 11 -10 -11 -12 -13
leaf_value=-0.15373034829592358 0.050441492578433514 0.072055239258852918 0.013575115782276033 0.06555564857414399 -0.016128984381963443 -0.0039120184270646065 0.025114032831219268 0.0046227242274673773 0.036484230827531015 -0.049350201402368579 -0.10265895503567664 -0.033475142162462078
leaf_weight=120.57318550348282 121.14468958973885 197.77375967800617 180.12438777834177 148.01759441196918 153.0860038548708 148.23296872526407 223.35604877769947 130.025330260396 107.48488368839025 147.45771008729935 123.99868861585855 134.79113040864468
leaf_count=306 505 475 433 440 466 395 494 318 362 425 316 297
internal_value=-0.00183425 0.0165251 0.0442902 0.00850997 0.0274463 -6.01626e-05 0.0128715 0.00346412 0.00563035 -0.0266615 -0.12836 -0.014822
internal_weight=1936.07 1691.49 377.898 1313.6 408.588 905.008 609.317 488.173 260.571 295.691 244.572 264.816
internal_count=5232 4610 908 3702 1268 2434 1614 1109 828 820 622 615
is_linear=0
shrinkage=0.05


Tree=4
num_leaves=12
num_cat=0
split_feature=80 4 31 58 54 76 48 56 31 47 80
split_gain=1806.52 127.828 137.541 130.566 84.4272 86.3527 83.6046 73.1719 54.7673 63.2841 48.3405
threshold=3.9211534106566943 19.993517508013834 0.98757352941176479 23.545955882352946 21.630681818181824 2.1440054290453934 26.937500000000004 4.1608656174334149 0.97696691176470596 0.59007930862296476 1.4359229563428955
decision_type=2 8 8 2 10 8 2 2 10 2 2
left_child=10 4 3 -3 5 7 8 -2 9 -6 -1
right_child=1 2 -4 -5 6 -7 -8 -9 -10 -11 -12
leaf_value=-0.14475357352182175 -0.042008690006396711 -0.0015083004689408867 0.07995679960940702 0.057491566989056664 -0.014183094435806346 0.03124024520399022 0.05980081492447549 0.0021994619402827143 0.038015469168445476 0.026503254585317101 -0.09881564652390129
leaf_weight=134.96023051440716 170.77669927477837 224.27277675271034 147.18297483026981 160.08773008733988 227.18250537663698 116.04034423828125 114.04744646698236 205.46333731710911 153.8184584453702 163.46932309865952 121.57791073620319
leaf_count=312 370 560 460 430 574 487 282 455 482 475 343
internal_value=-0.000124375 0.0187437 0.0390008 0.0231508 0.00936139 -0.00629589 0.0210579 -0.0179249 0.0128479 0.00286642 -0.123451
internal_weight=1938.88 1682.34 531.543 384.361 1150.8 492.28 658.518 376.24 544.47 390.652 256.538
internal_count=5230 4575 1450 990 3125 1312 1813 825 1531 1049 655
is_linear=0
shrinkage=0.05


Tree=5
num_leaves=14
num_cat=0
split_feature=80 12 30 69 51 62 65 53 80 50 56 41 6
split_gain=1679.12 126.726 126.172 112.135 125.802 110.289 75.899 67.395 66.144 55.643 71.4025 48.2605 38.3899
threshold=3.9211534106566943 0.22170407491059668 0.15465510871659971 0.1152736163985623 3.8707515261508005 23.375000000000004 5.5000000000000009 1.5590277777777779 1.5546649480392161 17.350839160839161 4.2861179473156517 3.5000000000000004 6.9832312641392003
decision_type=2 8 8 2 10 2 10 10 2 10 2 10 8
left_child=8 3 -3 4 12 6 -5 -6 -1 11 -11 -9 -2
right_child=1 2 -4 5 7 -7 -8 9 -10 10 -12 -13 -14
leaf_value=-0.13851434436101964 -0.034906287244250239 0.0087594788817569463 0.068103185412408618 -0.0029077351515667009 0.066362479446785014 0.02886640019232288 -0.056548791075056441 0.033187836293052386 -0.08661304193366666 0.06634184068828948 0.017053556242920469 -0.0076159359502694776 0.0089895264143944366
leaf_weight=139.58224744349718 94.716363318264484 142.62518258392811 241.28078286349773 145.81099341064692 123.77849227190018 129.84533052891493 119.56891312450171 127.98965056985617 124.24138476699591 142.88042317330837 152.09125484526157 164.69821736216545 103.18161687999964
leaf_count=322 306 368 560 366 360 386 318 309 345 441 426 429 317
internal_value=0.0025706 0.0209186 0.0461364 0.0134679 0.0231245 -0.00875229 -0.0271977 0.032923 -0.114492 0.0257789 0.0410716 0.0102794 -0.0120894
internal_weight=1952.29 1688.47 383.906 1304.56 909.336 395.225 265.38 711.438 263.824 587.66 294.972 292.688 197.898
internal_count=5253 4586 928 3658 2588 1070 684 1965 667 1605 867 738 623
is_linear=0
shrinkage=0.05


Tree=6
num_leaves=14
num_cat=0
split_feature=80 13 51 79 31 50 39 6 43 43 79 54 30
split_gain=1426.1 141.316 168.763 107.87 92.8348 86.5582 80.8906 95.5874 57.8648 57.3178 56.5241 51.8126 27.842
threshold=3.9211534106566943 0.16861839658535269 3.9831455354606575 3.1712600885947499 0.98818014705882373 17.937777777777782 33.618069815195078 8.1149040505236005 61.968750000000007 65.20714285714287 2.3382962431699608 22.870833333333337 0.099329332595723865
decision_type=2 10 10 10 10 10 2 10 8 8 10 8 8
left_child=11 3 -3 4 6 -4 7 8 -2 -10 -6 -1 -5
right_child=1 2 5 12 10 -7 -8 -9 9 -11 -12 -13 -14
leaf_value=-0.13013205953424639 -0.010123192690403997 -0.0037255986872405918 0.038998899003585268 -0.037934539031448958 0.021606298011942832 0.094804044584055364 0.039372310182033077 -0.039998259389835859 0.047010195905574564 0.0043928375646199785 0.076049912935480454 -0.083587960897584607 -0.0041420909831638144
leaf_weight=138.09324027597904 223.7095368206501 137.03482912480831 160.26471245288849 123.33429902791977 104.75603782385588 125.16373565793037 166.52479653805494 118.59135656803846 138.91282016038895 181.44007401913404 88.269125774502754 121.82815892994404 120.11334040760994
leaf_count=345 541 334 370 316 439 332 510 314 406 505 232 313 308
internal_value=7.19961e-05 0.0168773 0.0418825 0.00850435 0.0156277 0.0637157 0.00833119 0.000482985 0.00936403 0.0229615 0.0467666 -0.10872 -0.021347
internal_weight=1948.04 1688.11 422.463 1265.65 1022.2 285.428 829.179 662.654 544.062 320.353 193.025 259.921 243.448
internal_count=5265 4607 1036 3571 2947 702 2276 1766 1452 911 671 658 624
is_linear=0
shrinkage=0.05


Tree=7
num_leaves=14
num_cat=0
split_feature=80 3 80 16 47 27 54 28 79 31 47 64 24
split_gain=1344.52 156.323 125.375 125.346 95.4342 81.7157 91.3619 78.837 68.9341 63.4168 57.4348 52.9797 41.1185
threshold=6.1122151815436245 20.680000000000003 1.6616292279475193 32.763888888888893 0.55893453646262647 12.810000000000002 17.345238095238098 17.504841176470588 3.0859456533871295 0.97939338235294127 0.5911756224166107 43.500000000000007 -3.0166115384615391
decision_type=2 8 2 8 2 8 10 10 8 10 2 10 10
left_child=2 5 -1 -3 -5 11 -7 -6 9 10 -8 -2 -10
right_child=1 3 -4 4 7 6 8 -9 12 -11 -12 -13 -14
leaf_value=-0.12904437857795004 0.056807046606209437 0.089477204212685332 -0.063560188078746083 0.068890940139288981 -0.022055979692570633 -0.031636314808182513 -0.0063132077143960956 0.036309392930574967 0.011934960865133772 0.043464746194652383 0.033174282288221689 0.011848698065494269 -0.035080442200528104
leaf_weight=146.42157754302025 130.01165094971657 113.58806711435318 152.63840721547604 101.83322301506996 101.28139016032219 159.39825903624296 262.95396345853806 132.39950669556856 77.388901114463806 175.2221272289753 140.51123487949371 132.43670430779457 114.04308215528727
leaf_count=346 325 253 423 269 274 422 535 440 311 435 365 330 511
internal_value=0.00137665 0.0191597 -0.0959449 0.0442678 0.0287418 0.00967037 0.00270063 0.0110266 0.00983946 0.0184368 0.00748677 0.0342513 -0.0161106
internal_weight=1940.13 1641.07 299.06 449.102 335.514 1191.97 929.518 233.681 770.119 578.687 403.465 262.448 191.432
internal_count=5239 4470 769 1236 983 3234 2579 714 2157 1335 900 655 822
is_linear=0
shrinkage=0.05


Tree=8
num_leaves=14
num_cat=0
split_feature=80 4 80 16 79 26 76 8 69 55 65 50 48
split_gain=1318.95 136.386 119.892 102.208 83.0561 91.6196 80.8782 117.688 70.568 62.3067 58.6529 48.1105 33.4059
threshold=6.1122151815436245 19.993517508013834 1.8729028246522199 32.861904761904768 2.004643255124845 12.500000000000002 1.0876675873904453 24.266268865997585 0.041883564727492627 18.003713235294121 10.500000000000002 16.986060606060608 20.97058823529412
decision_type=2 8 2 8 8 2 10 8 2 2 8 10 2
left_child=2 4 -1 -3 -2 8 7 -5 10 11 -6 -7 -10
right_child=1 3 -4 6 5 9 -8 -9 12 -11 -12 -13 -14
leaf_value=-0.12592586962551175 0.038641100901075802 0.073061438928447325 -0.062561483406670254 0.012180570643619555 0.0078850910098634749 -0.04815967788792791 -0.01206079602024253 0.081543947904097344 -0.023593707846521053 0.0081568262311424358 0.055431412365638789 -0.0057754704387153267 0.014694022838570393
leaf_weight=160.53037415444851 173.59705007076263 148.13179152458906 145.93062355369329 158.14590775966644 119.97815831005573 156.30979907512665 109.51372034847736 99.151444338262081 112.60998845100403 173.36889838427305 141.18396937102079 117.09598986804485 113.32375600934029
leaf_count=390 467 341 402 529 325 399 263 269 288 510 359 353 315
internal_value=-0.00109814 0.0168865 -0.0960546 0.0381208 0.00698771 0.00106862 0.0238501 0.0391225 0.0160517 -0.0152661 0.033702 -0.0300943 -0.00440924
internal_weight=1928.87 1622.41 306.461 514.943 1107.47 933.871 366.811 257.297 487.096 446.775 261.162 273.406 225.934
internal_count=5210 4418 792 1402 3016 2549 1061 798 1287 1262 684 752 603
is_linear=0
shrinkage=0.05


Tree=9
num_leaves=13
num_cat=0
split_feature=80 15 9 65 80 31 69 4 21 51 46 28
split_gain=1185.12 126.615 168.973 135.468 114.678 97.7254 89.7199 124.779 71.1073 70.4666 65.7319 36.7882
threshold=6.1122151815436245 0.99293331186452527 19.219000000000005 4.5000000000000009 2.2728635135793902 0.98718750000000011 0.10481302134931857 13.914330395268484 3.8343881856540087 4.0466371089175182 62.588235294117659 16.180662500000004
decision_type=2 10 10 10 2 10 2 10 10 10 2 8
left_child=4 2 5 8 -1 6 7 10 -3 -5 -2 -8
right_child=1 3 -4 9 -6 -7 11 -9 -10 -11 -12 -13
leaf_value=-0.11549820531666191 0.072963534372819258 0.043375398109848376 0.073130462880002065 -0.059752550929417503 -0.0523084898488839 0.056778081610177049 -0.033913017567682967 -0.0043067541920331735 -0.0023777525611083593 -0.0078260181047556405 0.023596070254326137 0.0050315429513531898
leaf_weight=186.12451156973839 120.23115117102861 157.75472395122051 162.78283511847258 106.95102702826262 121.02636650949717 135.18565516918898 119.7515509352088 233.32161796092987 182.38076324015856 166.41007056832314 155.25864337384701 121.35941611975431
leaf_count=444 258 450 435 324 341 402 293 598 496 517 421 311
internal_value=-0.000788098 0.0159069 0.0264602 -0.00213262 -0.0908502 0.0178041 0.0107121 0.0226032 0.0189075 -0.0282857 0.0453273 -0.0143711
internal_weight=1968.54 1661.39 1047.89 613.497 307.151 885.108 749.922 508.811 340.135 273.361 275.49 241.111
internal_count=5290 4505 2718 1787 785 2283 1881 1277 946 841 679 604
is_linear=0
shrinkage=0.05


Tree=10
num_leaves=12
num_cat=0
split_feature=80 19 57 31 69 20 51 76 3 76 41
split_gain=963.306 113.776 102.916 84.0149 101.576 86.8067 77.5914 75.6188 71.1653 54.9076 104.489
threshold=2.7781068653683128 4.6770833333333348 231.30330882352942 0.98606617647058825 0.1152736163985623 6.7596153846153859 3.7728501228501234 1.0841573163826013 12.773030303030305 1.1820983476085325 7.5000000000000009
decision_type=2 10 2 10 2 8 8 10 8 10 10
left_child=-1 3 -3 4 6 -5 -2 -6 -8 10 -10
right_child=1 2 -4 5 7 -7 8 -9 9 -11 -12
leaf_value=-0.098725886054545645 -0.024667372330516357 0.0049900294703217598 0.058530297347029948 0.0034582561872681427 0.0066418938006303115 0.060269283634787431 0.04452955297910257 -0.041166805611034502 0.052357659381554712 -0.018023959998518156 -0.0070020562266521549
leaf_weight=215.50152581930161 128.6361110880971 148.3103536516428 227.1185595318675 136.87128584086895 136.67281231284142 131.41686519980431 177.51822742074728 207.52873614430428 132.29648439586163 145.13429109752178 166.5757702589035
leaf_count=542 388 310 574 481 424 420 438 469 363 335 508
internal_value=0.000733338 0.0131148 0.0374491 0.00638783 0.000231247 0.0314067 0.0105481 -0.0222191 0.0178646 0.00712753 0.0193606
internal_weight=1953.58 1738.08 375.429 1362.65 1094.36 268.288 750.161 344.202 621.525 444.007 298.872
internal_count=5252 4710 884 3826 2925 901 2032 893 1644 1206 871
is_linear=0
shrinkage=0.05


Tree=11
num_leaves=13
num_cat=0
split_feature=80 79 51 19 48 0 80 69 79 54 52 30
split_gain=945.665 104.36 100.896 143.614 98.0877 111.578 68.7876 60.6434 98.8539 58.7716 109.248 53.8786
threshold=6.1122151815436245 3.6875679723793633 3.9831455354606575 4.6770833333333348 20.424632352941178 1.5000000000000002 2.2728635135793902 0.077187459055106128 2.5405507223830841 21.968750000000004 255.23611111111114 0.12715186906492493
decision_type=2 10 8 10 2 2 2 2 8 10 10 8
left_child=6 2 7 4 11 -6 -1 8 -2 -7 -11 -4
right_child=1 -3 3 -5 5 9 -8 -9 -10 10 -12 -13
leaf_value=-0.099116454347596999 -0.048485323232041355 -0.024679742187669343 0.01511801186491395 0.063447535934035459 0.071648776820234558 -0.005908855426506157 -0.050213817217531799 0.022115199901107992 0.013069871894795988 0.059635415264902174 -0.0044803311075129115 -0.029106523239460627
leaf_weight=185.97534864395857 123.15696066617966 146.83157825469971 141.20675111562014 221.28544863313437 124.82834766060114 160.36363025009632 123.03538187593222 170.29860340803862 136.71418727189302 154.41952589899302 115.81755948811769 132.62185452133417
leaf_count=450 275 398 389 518 328 447 344 476 503 390 402 318
internal_value=0.000170591 0.0154071 0.0193962 0.0277413 0.0181482 0.0302053 -0.0798702 -0.00100095 -0.0161761 0.0180529 0.0322416 -0.00632898
internal_weight=1936.56 1627.54 1480.71 1050.54 829.258 555.429 309.011 430.17 259.871 430.601 270.237 273.829
internal_count=5238 4444 4046 2792 2274 1567 794 1254 778 1239 792 707
is_linear=0
shrinkage=0.05


Tree=12
num_leaves=13
num_cat=0
split_feature=80 12 55 80 53 52 54 53 50 54 58 50
split_gain=961.06 103.932 102.384 90.7971 84.8716 88.5461 66.8733 110.602 68.3244 108.098 54.2003 55.6077
threshold=6.1122151815436245 0.22170407491059668 16.901250000000005 1.6616292279475193 1.6547619047619049 256.03125000000006 21.630681818181824 3.4833333333333338 17.200909090909096 24.516666666666669 22.240808823529417 16.800909090909094
decision_type=2 8 2 2 8 10 10 10 10 10 2 8
left_child=3 4 -3 -1 5 -2 7 10 -8 -10 11 -6
right_child=1 2 -4 -5 6 -7 8 -9 9 -11 -12 -13
leaf_value=-0.10787900290973503 0.061013611663970062 0.067227465020497854 0.015195322551039354 -0.052785340127997918 -0.034869204733546551 0.0016578213645206752 -0.0054997568283820328 0.031698479387741757 0.064052974189686127 0.0037846795681187569 -0.050437064260680023 0.012800801962731079
leaf_weight=150.57808292657137 142.73555220663548 174.00062072277069 207.31239179521799 155.07039547711611 116.58234120160341 111.7319667711854 228.27969025075436 116.66083655506372 133.68970999866724 166.52056276798248 126.06590250879526 126.721345923841
leaf_count=350 335 379 539 432 304 384 589 292 390 502 375 365
internal_value=0.00110002 0.0161951 0.0390524 -0.0801906 0.0093015 0.0350601 0.00281243 -0.0105624 0.0151095 0.0307469 -0.0239596 -0.0100902
internal_weight=1955.95 1650.3 381.313 305.648 1268.99 254.468 1014.52 486.03 528.49 300.21 369.37 243.304
internal_count=5236 4454 918 782 3536 719 2817 1336 1481 892 1044 669
is_linear=0
shrinkage=0.05


Tree=13
num_leaves=13
num_cat=0
split_feature=36 30 47 79 43 79 32 43 52 76 64 41
split_gain=375.021 104.876 110.795 132.415 85.2636 87.5146 91.2004 94.9726 82.0984 73.1231 60.8182 49.7156
threshold=0.23474671068697137 0.21162249247287612 0.62061153132581715 2.6182167885835432 62.966666666666676 2.004643255124845 34.607142857142868 65.129166666666677 227.69615384615386 1.1996309680847295 80.500000000000014 91.500000000000014
decision_type=8 10 2 8 10 8 8 10 8 10 8 8
left_child=11 2 4 -4 8 -6 7 -7 -2 10 -10 -1
right_child=1 -3 3 -5 5 6 -8 -9 9 -11 -12 -13
leaf_value=-0.026189938621569667 -0.037699283488602325 0.043390298849935664 0.072283767990189332 0.00060688606507784714 0.052524490923703981 0.016819430174689294 0.033764269053561856 -0.04092857826124751 -0.0080036740345402948 -0.025514685547239974 0.042707990988889499 -0.066434748446820541
leaf_weight=136.47646272182465 227.66236791014671 205.55090750008821 122.69171014428139 134.53396202623844 111.30810111761093 133.68746165931225 155.1384249702096 150.29348661005497 115.98978293687105 165.56907856464386 119.03026507794857 180.53194716572762
leaf_count=377 467 472 273 514 339 340 490 402 383 390 316 492
internal_value=0.000453408 0.0100757 0.00527986 0.0349429 -0.0012177 0.0131367 0.00305608 -0.0137794 -0.0137949 -0.000149542 0.0177523 -0.0492456
internal_weight=1958.46 1641.46 1435.9 257.226 1178.68 550.427 439.119 283.981 628.251 400.589 235.02 317.008
internal_count=5255 4386 3914 787 3127 1571 1232 742 1556 1089 699 869
is_linear=0
shrinkage=0.05


Tree=14
num_leaves=14
num_cat=0
split_feature=80 30 58 45 14 5 57 57 65 0 56 33 54
split_gain=730.147 84.3007 94.5115 81.3505 113.912 87.1152 63.0492 70.0133 104.364 52.0955 56.9005 104.052 20.7589
threshold=3.3017987210820841 0.11178007380073754 27.242647058823533 18.258333333333336 0.99559027777777798 17.183333333333341 279.83455882352945 251.25000000000003 16.500000000000004 1.5000000000000002 4.1397566544158604 6.6770833333333339 22.870833333333337
decision_type=2 10 2 10 10 8 2 2 8 2 2 8 8
left_child=12 6 3 -3 5 -5 7 9 -9 -2 -11 -12 -1
right_child=1 2 -4 4 -6 -7 -8 8 -10 10 11 -13 -14
leaf_value=-0.095345625687843355 -0.032362427320497336 0.050471190744784844 0.062739683855872558 -0.0076827132466859658 -0.026778857415674623 0.045202825978910781 -0.033918629132641917 -0.0041619215386681004 0.060211861276431113 0.028352325678589276 0.017392425363388361 -0.042982801201924693 -0.064512775560296817
leaf_weight=126.49564425647259 121.31816063821316 132.49002803117037 129.29090495407581 130.28249377757311 168.50947186350822 191.61392805725336 109.81043148040771 124.95175993442535 125.66007549315691 159.19582382589579 163.83317887037992 124.91214179247618 117.56111294776201
leaf_count=321 298 327 296 324 473 466 418 477 356 420 423 325 296
internal_value=-0.000182844 0.0115592 0.0239922 0.015862 0.00642812 0.0238407 0.00148483 0.00626218 0.028227 -0.00344018 0.00444761 -0.00878429 -0.0808174
internal_weight=1925.93 1681.87 752.187 622.896 490.406 321.896 929.682 819.871 250.612 569.259 447.941 288.745 244.057
internal_count=5220 4603 1886 1590 1263 790 2717 2299 833 1466 1168 748 617
is_linear=0
shrinkage=0.05


Tree=15
num_leaves=14
num_cat=0
split_feature=80 76 4 36 6 30 75 52 57 80 80 21 19
split_gain=688.616 126.851 193.117 145.105 133.952 95.4327 83.7644 82.4519 123.407 77.3602 68.5375 29.0521 41.3174
threshold=6.5989840801571935 1.1197489648859602 30.740496397870569 0.93958336999941772 1.7321720460954224 0.14662736050144851 19.465000000000003 247.80909090909094 236.08823529411768 13.990135604634345 1.6616292279475193 5.0685736677115996 2.5590277777777781
decision_type=2 10 8 8 10 10 10 8 2 2 2 8 10
left_child=10 2 3 7 -3 6 9 8 -2 -6 -1 12 -9
right_child=1 4 -4 -5 5 -7 -8 11 -10 -11 -12 -13 -14
leaf_value=-0.09237019769752336 0.018710737740844585 -0.039004581367278239 0.092176743655475513 -0.02887881070032703 -0.0067389270146229327 0.04458207706219109 -0.027831583120091818 -0.0057741966423216339 0.079487148498227744 0.042206729426268651 -0.044451927917269346 -0.01644226541656622 0.046557269393793017
leaf_weight=138.44856727868319 185.91441706568003 162.89371274411678 105.40274161100388 124.80674067139626 177.87358993291855 162.85779282450676 169.60040500760078 74.894976943731308 151.89029767364264 146.46166136860847 168.61274539679289 81.621689081192017 74.58537145704031
leaf_count=332 469 346 283 425 386 357 487 347 460 295 457 280 277
internal_value=0.00223656 0.0152673 0.0294297 0.0197769 0.00144135 0.0115165 0.000546291 0.030483 0.0461922 0.0154255 -0.0662871 0.00742056 0.0204732
internal_weight=1925.86 1618.8 799.116 693.713 819.687 656.793 493.936 568.907 337.805 324.335 307.061 231.102 149.48
internal_count=5201 4412 2541 2258 1871 1525 1168 1833 929 681 789 904 624
is_linear=0
shrinkage=0.05


Tree=16
num_leaves=14
num_cat=0
split_feature=80 4 28 47 21 6 16 47 63 7 39 80 79
split_gain=496.713 105.652 103.379 88.4036 65.9027 74.0579 71.2027 72.6899 79.526 72.4807 69.0197 55.1047 41.5948
threshold=6.1122151815436245 21.166147497562459 15.7392 0.57256321947777156 0.51086956521739146 2.3521320653747773 25.041666666666668 0.5840568198610907 1.0000000180025095e-35 17.845000000000002 28.034223134839156 2.1469074140482047 2.6182167885835432
decision_type=2 8 8 2 10 10 10 2 2 10 2 2 8
left_child=11 4 -3 -4 -2 -6 -7 8 10 12 -8 -1 -9
right_child=1 2 3 -5 5 6 7 9 -10 -11 -12 -13 -14
leaf_value=-0.076185123428316459 0.035309333513863748 -0.0096083646378779357 0.072765702534314719 0.021028686803989571 -0.033295500774576506 0.039123196488724803 -0.0090625027269213166 0.019349653279486359 0.01621504141925598 0.043627712889311936 -0.057980547883382652 -0.03287595076562199 -0.02228146851467595
leaf_weight=180.14585261046886 139.02229082584381 113.98344298452139 156.19796612858772 176.36735297739506 152.71049646288157 124.96262222528458 170.44924072176218 116.50574919581413 136.38538553565741 136.90764207392931 124.55317237973213 127.74429858475924 121.60664749890566
leaf_count=434 420 279 364 555 366 295 420 269 316 429 377 360 431
internal_value=-0.000132704 0.010637 0.0314237 0.0454736 0.00302836 -0.00114007 0.0041623 -0.00129706 -0.0152772 0.0147823 -0.0298423 -0.0583807 -0.00191609
internal_weight=1977.54 1669.65 446.549 332.565 1223.1 1084.08 931.37 806.408 431.388 375.02 295.002 307.89 238.112
internal_count=5315 4521 1198 919 3323 2903 2537 2242 1113 1129 797 794 700
is_linear=0
shrinkage=0.05


Tree=17
num_leaves=14
num_cat=0
split_feature=80 51 69 21 28 19 20 30 24 27 55 80 26
split_gain=616.469 93.0881 92.1013 113.761 110.868 101.464 86.0032 64.1266 78.9973 74.0786 63.9138 51.4974 50.8237
threshold=6.1122151815436245 3.7516582473094666 0.090779503553558072 4.779132791327914 16.184750000000001 4.2403846153846159 4.320512820512822 0.15027213424534006 -3.2440594405594392 16.512398190045253 17.275000000000002 1.6616292279475193 12.500000000000002
decision_type=2 8 2 8 8 8 10 8 10 8 2 2 2
left_child=11 12 3 7 -4 -5 -6 8 -3 -10 -7 -1 -2
right_child=1 2 4 5 6 10 -8 -9 9 -11 -12 -13 -14
leaf_value=-0.084214762892743975 0.009585278904006166 0.054572261499112054 -0.02741249013229698 0.01613986099042276 -0.011385840269019322 0.094594082945557378 0.044762873694981609 -0.014091854210802208 -0.020170606229824826 0.036690255929774464 0.042972367137603551 -0.042668955268071546 -0.033711182177757891
leaf_weight=150.49215810745955 129.35328575223684 134.35004469752312 197.16936106234789 151.58779934048653 116.12986920773983 118.77139800786972 163.08702721446753 154.3719574585557 122.06493733823299 106.19911389052868 126.26975081861019 155.19766953587532 140.59050722420216
leaf_count=355 350 368 495 407 310 289 461 398 312 333 319 435 441
internal_value=0.00180101 0.0138262 0.0190426 0.028328 0.001213 0.0484409 0.0214526 0.0128338 0.0243039 0.00632837 0.0682762 -0.06333 -0.0130053
internal_weight=1965.63 1659.95 1390 913.615 476.386 396.629 279.217 516.986 362.614 228.264 245.041 305.69 269.944
internal_count=5273 4483 3692 2426 1266 1015 771 1411 1013 645 608 790 791
is_linear=0
shrinkage=0.05


Tree=18
num_leaves=13
num_cat=0
split_feature=80 36 12 53 76 13 12 31 58 76 50 80
split_gain=585.264 126.879 94.3809 87.2405 81.7883 106.823 86.9295 74.6714 66.5867 62.2533 60.2465 48.0944
threshold=6.1122151815436245 0.90131776325714597 0.17207117281791512 2.5590277777777781 1.1081358401556189 0.11277353147477079 0.09062071241924391 0.98514705882352949 22.968750000000004 1.0573743971505689 16.583125000000006 1.6616292279475193
decision_type=2 10 10 8 10 8 8 8 2 8 10 2
left_child=11 2 4 -3 5 7 -6 -2 -4 -7 -8 -1
right_child=1 3 8 -5 6 9 10 -9 -10 -11 -12 -13
leaf_value=-0.081574285556692452 -0.015021617114029882 -0.034784790604128334 0.023919405878831547 0.014440163019628003 0.023762328374182334 0.027442198107337498 -0.038060832752682502 0.044404089870524938 0.071915893390599298 0.083493281313157863 0.0049302931296450981 -0.041721111071772732
leaf_weight=149.89556276798248 145.36476025730371 198.31991009414196 160.69459453225136 163.34186699986458 240.81631243228912 97.3623998016119 156.32074843347073 81.777171105146408 132.64535993337631 102.99230701476336 168.65030393004417 160.67443803697824
leaf_count=354 539 562 365 434 560 203 323 299 324 411 429 438
internal_value=0.00169297 0.0135649 0.0209165 -0.0125742 0.0135311 0.0300095 0.0010494 0.00647408 0.0457935 0.0565268 -0.015803 -0.0611562
internal_weight=1958.86 1648.29 1286.62 361.662 993.284 427.497 565.787 227.142 293.34 200.355 324.971 310.57
internal_count=5241 4449 3453 996 2764 1452 1312 838 689 614 752 792
is_linear=0
shrinkage=0.05


Tree=19
num_leaves=13
num_cat=0
split_feature=80 65 55 28 79 70 9 51 15 47 70 6
split_gain=342.155 107.462 98.8307 105.789 88.3678 108.278 91.8663 54.5392 51.419 50.7641 42.6 50.1859
threshold=6.1122151815436245 6.5000000000000009 16.334007352941182 16.464497916666669 3.0395670246309412 0.023448355187485625 16.679333333333336 4.2463076060200047 0.99525046555458974 0.58564437912781153 0.0069752326217843467 5.6989659360972551
decision_type=2 10 2 10 8 2 10 10 10 2 2 10
left_child=9 4 -3 7 5 6 -2 -4 -8 -1 11 -6
right_child=1 2 3 -5 10 -7 8 -9 -10 -11 -12 -13
leaf_value=-0.066422766905169156 -0.0054580567328855164 -0.036716670800172803 -0.040125359098361256 0.035948958515105663 0.029746605793173866 0.060363421975136736 0.056400806888992364 0.0083864113935387657 0.013971489258815943 -0.024066897548187229 -0.030394727311252402 -0.018754366528247513
leaf_weight=184.9388245344162 264.21225698292255 210.39108207821846 116.82889548689127 165.80619709938765 119.08783850073814 180.73042379319668 143.61132250726223 113.41777273267508 142.7827340066433 116.86684741079807 105.85586436837912 95.045509435236454
leaf_count=455 555 523 334 548 424 385 305 305 337 331 376 380
internal_value=-0.00128036 0.00764242 -0.00910938 0.00561169 0.017305 0.026883 0.0158039 -0.0162959 0.0353697 -0.0501551 -0.00460116 0.00823179
internal_weight=1959.58 1657.77 606.444 396.053 1051.33 731.337 550.606 230.247 286.394 301.806 319.989 214.133
internal_count=5258 4472 1710 1187 2762 1582 1197 639 642 786 1180 804
is_linear=0
shrinkage=0.05


Tree=20
num_leaves=13
num_cat=0
split_feature=80 53 36 64 79 53 30 56 26 69 47 79
split_gain=391.497 82.0801 64.1879 99.8623 104.059 80.9511 73.5392 81.0105 78.8467 67.244 61.2374 50.6847
threshold=2.6611798884076641 1.2928571428571431 0.90131776325714597 52.500000000000007 2.1621824872985544 2.5590277777777781 0.12065256130857084 4.2861179473156517 12.500000000000002 0.11771764905646813 0.56462136385632877 2.8037061893563644
decision_type=2 8 10 10 8 8 8 2 2 2 2 8
left_child=-1 -2 3 4 -3 -4 8 -8 -5 10 -6 -12
right_child=1 2 5 6 9 -7 7 -9 -10 -11 11 -13
leaf_value=-0.066901025019634144 0.041966744108686421 0.053456704056559778 -0.041785623928665229 -0.0042257794346695424 0.044382705173034762 0.0086808592138878701 -0.01824339928759261 0.035312590625788474 -0.061932879384842543 -0.017076357833405924 -0.019819992893360318 0.025219030315986934
leaf_weight=204.01996283233166 145.53128351271152 172.75157427787781 162.38761423528194 137.15583375841379 159.43264941871166 154.13823806494474 140.93875406682491 139.60579328984022 103.34560322761536 169.74508475512266 113.47103522717953 136.54805065691471
leaf_count=518 408 416 468 375 391 443 366 341 349 466 227 500
internal_value=-0.00155908 0.00615841 0.00285559 0.00786691 0.0195139 -0.0172601 -0.00894659 0.00843813 -0.0291768 0.00931536 0.0202714 0.00478057
internal_weight=1939.07 1735.05 1589.52 1272.99 751.948 316.526 521.046 280.545 240.501 579.197 409.452 250.019
internal_count=5268 4750 4342 3431 2000 911 1431 707 724 1584 1118 727
is_linear=0
shrinkage=0.05


Tree=21
num_leaves=12
num_cat=0
split_feature=80 58 45 51 52 64 60 57 45 32 24
split_gain=408.086 99.8728 125.084 80.1697 77.1521 72.2591 82.441 66.0936 52.3104 74.2468 38.6436
threshold=2.6611798884076641 25.281250000000004 27.292857142857148 4.7247893685399118 233.70000000000002 88.500000000000014 -1.2499999999999998 264.84375000000006 20.809090909090912 32.281250000000007 1.8139128787878793
decision_type=2 2 8 10 10 8 2 2 8 8 8
left_child=-1 3 7 5 -5 8 -7 -3 -2 -10 -11
right_child=1 2 -4 4 -6 6 -8 -9 9 10 -12
leaf_value=-0.064039103555793592 0.0045688759142506223 0.034207665011509458 0.071420864430589634 0.05231112297593659 -0.002982913293506544 -0.015009992447287075 0.031084895000082255 -0.0075943591903820679 -0.049313167770112493 0.018027089446914921 -0.026445921514528195
leaf_weight=209.84520734101534 206.12277250736952 193.61127222329378 125.51647607982159 136.79178305715322 116.16965030133724 165.32134958356619 232.12244217097759 183.34628092497587 184.51980043202639 93.365140818059444 100.31446368992329
leaf_count=523 593 457 353 307 365 390 583 584 472 296 323
internal_value=0.0016524 0.00961988 0.028389 0.00196497 0.0270062 -0.00450806 0.0119216 0.0139095 -0.0156845 -0.0267057 -0.0050248
internal_weight=1947.05 1737.2 502.474 1234.73 252.961 981.766 397.444 376.958 584.322 378.199 193.68
internal_count=5246 4723 1394 3329 672 2657 973 1041 1684 1091 619
is_linear=0
shrinkage=0.05


Tree=22
num_leaves=13
num_cat=0
split_feature=80 53 62 48 47 32 53 54 48 50 42 58
split_gain=294.323 84.3052 93.6102 80.0694 75.0181 90.7311 61.311 97.6069 76.1144 61.141 61.831 38.0011
threshold=2.6611798884076641 2.1602564102564106 25.625000000000004 18.849264705882359 0.5911756224166107 28.354166666666668 2.6201923076923079 21.677083333333339 22.514705882352946 14.823333333333336 8.5000000000000018 23.726102941176475
decision_type=2 8 2 2 2 10 8 10 2 10 2 2
left_child=-1 2 4 -3 5 -2 8 9 -5 -8 -11 -6
right_child=1 3 -4 6 11 -7 7 -9 -10 10 -12 -13
leaf_value=-0.058235813392004579 0.023020988121579131 -0.031432452301037306 0.058334025133937789 0.015050368080426696 0.012804915866506445 -0.02729565828325153 0.020882800291819222 0.042358392965202385 -0.03994581041848333 -0.042855752559424302 0.0085184793209880771 0.056797146423943561
leaf_weight=210.61792469769716 164.61581237614155 218.93996244668961 117.79703714698553 105.08327755331993 102.41468672454357 194.21032670140266 166.96930224448442 176.85611012578011 154.22240296751261 123.11565003544092 110.36811896413565 94.638290174305439
leaf_count=524 361 581 353 286 325 517 418 501 458 328 308 298
internal_value=-0.00257596 0.00423307 0.0180388 -0.00458676 0.00941038 -0.00421246 0.00246783 0.0115353 -0.0176865 -0.00214898 -0.0186383 0.0341131
internal_weight=1939.85 1729.23 673.676 1055.55 555.879 358.826 836.615 577.309 259.306 400.453 233.484 197.053
internal_count=5258 4734 1854 2880 1501 878 2299 1555 744 1054 636 623
is_linear=0
shrinkage=0.05


Tree=23
num_leaves=14
num_cat=0
split_feature=80 5 44 24 50 4 79 53 36 4 15 24 47
split_gain=272.003 83.2572 76.4576 114.421 84.4547 76.32 77.8031 101.019 73.1262 67.1602 54.0164 53.202 31.3276
threshold=3.9211534106566943 18.390000000000004 0.52247920997921005 0.78430357142856988 14.880909090909091 16.309045181478627 2.6182167885835432 2.3923076923076927 0.79264403121625293 10.184597736732696 0.98982131675931651 -2.4680999999999993 0.58099606576012008
decision_type=2 8 8 8 10 8 8 10 8 10 10 10 2
left_child=12 5 -3 -4 -5 6 7 -2 -6 -8 -7 -11 -1
right_child=1 2 3 4 8 10 9 -9 -10 11 -12 -13 -14
leaf_value=-0.064074087600880805 0.0478066875222199 0.052247005122078721 0.047416759058458907 0.022028351485751701 0.0024123291214264851 -0.0025270234227636871 0.021521937088977306 -0.0057637924396662099 -0.053337553901560336 -0.0018435027714857151 -0.051840949107994909 -0.045570244184310146 -0.028837278409787965
leaf_weight=144.95192416012287 176.79874987900257 138.30265337228775 157.16136784106493 195.07489823549986 132.66962275654078 103.30502915382385 111.48718346655369 173.86261795461178 104.55160301923752 135.76574256271124 119.34351297467947 141.8432580307126 116.09514544904232
leaf_count=348 374 304 486 504 400 290 337 376 288 431 347 492 320
internal_value=-0.00117292 0.00617246 0.0189218 0.0110275 -0.00228066 -0.00347807 0.00425444 0.0213049 -0.0222793 -0.011127 -0.0290738 -0.0242689 -0.0485731
internal_weight=1951.21 1690.17 727.76 589.457 432.296 962.406 739.758 350.661 237.221 389.096 222.649 277.609 261.047
internal_count=5297 4629 1982 1678 1192 2647 2010 750 688 1260 637 923 668
is_linear=0
shrinkage=0.05


Tree=24
num_leaves=13
num_cat=0
split_feature=80 53 52 70 26 76 23 33 56 45 28 51
split_gain=282.513 88.7275 119.108 86.1275 93.2316 113.871 101.246 112.134 62.1663 50.1525 34.1576 33.7515
threshold=6.1122151815436245 1.6547619047619049 259.11688311688317 0.31144636015325677 12.500000000000002 0.92643605253206951 6.9951274362818596 7.3431372549019613 4.0935163837071196 25.75961538461539 14.810507692307693 4.2505319148936183
decision_type=2 8 10 2 2 10 8 10 2 8 8 10
left_child=10 2 -2 4 5 -3 -6 9 -7 -8 -1 -10
right_child=1 3 -4 -5 6 8 7 -9 11 -11 -12 -13
leaf_value=-0.059880617300216515 0.058388803193786892 0.055154989935602652 -0.0056118943919910352 0.04074785681661882 -0.047175592908749037 0.029257109271843204 -0.0028454935654993485 0.026573966196190853 -0.0264917693824906 -0.045257894878576996 -0.025614919710292245 0.0069372034091980464
leaf_weight=168.69994973391294 176.78034837543964 123.19230332970619 122.71120912581682 129.50779591500759 175.98661904036999 133.18340992927551 146.84682267159224 191.51244143396616 168.14389964938164 131.92802104353905 131.63562576472759 135.78528015315533
leaf_count=426 411 456 437 376 464 309 401 519 362 377 347 316
internal_value=-0.000506934 0.00768512 0.0322343 0.00216229 -0.00200959 0.012905 -0.0149401 -0.00280279 0.000898867 -0.0230069 -0.044997 -0.0115831
internal_weight=1935.91 1635.58 299.492 1336.09 1206.58 560.305 646.274 470.287 437.113 278.775 300.336 303.929
internal_count=5201 4428 848 3580 3204 1443 1761 1297 987 778 773 678
is_linear=0
shrinkage=0.05


Tree=25
num_leaves=14
num_cat=0
split_feature=53 9 28 70 70 76 79 39 23 15 77 15 13
split_gain=118.152 86.7082 91.3128 70.0572 72.157 84.9265 81.3564 61.9696 75.9175 70.1331 57.4718 52.3528 42.1635
threshold=1.0333333333333334 12.0055 14.561184615384617 0.30562413154535434 0.069771135213512733 1.4067241356123672 2.6182167885835432 25.750855578370981 6.9167532917532926 0.99571143784046079 0.6022189697796928 0.97112239936679645 0.11358006286210237
decision_type=8 10 10 2 2 8 8 2 10 10 8 10 10
left_child=-1 2 10 4 5 7 -7 8 -3 11 -2 -9 -8
right_child=1 3 -4 -5 -6 6 12 9 -10 -11 -12 -13 -14
leaf_value=0.048241791158393887 -0.050229667979342356 -0.014500360789368952 0.0076318966806104187 0.041430438181933885 -0.037992653177220587 0.067635372877775934 -0.014851392642735049 -0.020364261342696782 0.037258593353664403 -0.037809922147387279 -0.0094471374802680801 0.021990374449949675 0.03829519182391998
leaf_weight=118.08782567083836 221.02121967077255 124.26966071128845 200.84654200822115 113.87942127883434 109.19028542935848 90.483783110976219 86.785869024693966 143.07452934980392 162.50151664018631 191.99412882328033 142.30986711382866 146.81113988161087 63.979417584836483
leaf_count=302 504 270 484 349 303 229 440 307 441 462 451 320 334
internal_value=1.02185e-05 -0.00318407 -0.0194018 0.00424647 0.000428996 0.00461661 0.0304323 -0.00351492 0.0148569 -0.0144563 -0.0343257 0.00108789 0.00780585
internal_weight=1915.24 1797.15 564.178 1232.97 1119.09 1009.9 241.249 768.651 286.771 481.88 363.331 289.886 150.765
internal_count=5196 4894 1439 3455 3106 2803 1003 1800 711 1089 955 627 774
is_linear=0
shrinkage=0.05


Tree=26
num_leaves=13
num_cat=0
split_feature=80 53 60 75 15 12 28 16 8 31 73 39
split_gain=262.118 63.5128 87.9176 127.082 97.9144 68.6404 96.3511 65.3428 70.8449 52.8786 50.6777 40.083
threshold=2.6611798884076641 1.6547619047619049 -6.7499999999999991 18.045000000000005 0.99198717854351703 0.15854406334212345 16.292822916666669 29.516666666666669 18.332431672708172 0.95287581699346424 8.5000000000000018 27.544147843942508
decision_type=2 8 2 8 10 10 10 8 8 8 2 2
left_child=-1 7 -3 9 5 6 10 -2 -9 -4 -5 -6
right_child=1 2 3 4 11 -7 -8 8 -10 -11 -12 -13
leaf_value=-0.050713959349843518 0.056887429589481897 0.037494855530774106 -0.047824121634470168 -0.037558622195746592 0.0042167698219099606 0.047690055112624113 0.035346516365097135 0.038092797330042748 -0.020006572873404939 -0.0079767022533811134 0.0095885822043269425 -0.030885642260332864
leaf_weight=213.15625043213367 120.1084895581007 164.78950717300177 163.7533605247736 105.50936096161604 159.23776315152645 165.71188688278198 196.47228652983904 109.9405305236578 98.673407323658466 169.28610864281654 121.92254636436701 164.76232256740332
leaf_count=525 280 453 290 302 469 392 565 340 292 335 402 589
internal_value=0.00148608 0.00790561 0.00328758 -0.00126055 0.00838032 0.0205019 0.00978636 0.0276641 0.0106477 -0.0276539 -0.0123524 -0.0136738
internal_weight=1953.32 1740.17 1411.45 1246.66 913.616 589.616 423.904 328.722 208.614 333.039 227.432 324
internal_count=5234 4709 3797 3344 2719 1661 1269 912 632 625 704 1058
is_linear=0
shrinkage=0.05


Tree=27
num_leaves=13
num_cat=0
split_feature=80 51 69 20 79 79 51 39 64 4 5 15
split_gain=251.01 80.7809 84.5639 122.218 65.4451 75.3492 53.5778 55.1489 84.4327 53.5027 44.8504 29.3454
threshold=2.6611798884076641 3.7516582473094666 0.14233293214791301 4.7596153846153859 2.004643255124845 2.3029277549616665 4.9615378925723759 25.920602327173174 45.500000000000007 16.829852822245357 15.243333333333334 0.97308645870389798
decision_type=2 8 2 10 8 8 10 2 10 8 10 10
left_child=-1 10 4 -4 -3 -6 7 9 11 -7 -2 -9
right_child=1 2 3 -5 5 6 -8 8 -10 -11 -12 -13
leaf_value=-0.052538265964386467 0.0016966034676374649 0.043655004677963488 -0.038437726936905343 0.020122156140212386 -0.016937478468858482 0.008378453529770168 0.050133546904057281 0.039472349952902476 -0.02594240526272746 0.058777401717600687 -0.038070763700841226 0.0031942302278143361
leaf_weight=207.36329936236143 137.25533981621265 192.65285992622375 187.48004323244095 168.10226974636316 183.38469676673412 106.76153512299061 114.48284797370434 111.48881776630878 160.91028811782598 103.66466587036848 145.47955238074064 110.88080246001482
leaf_count=521 398 523 475 443 363 316 289 289 516 311 446 314
internal_value=-0.000703619 0.0055632 0.0103625 -0.0107746 0.0172982 0.0115605 0.0189535 0.0128669 0.00155415 0.0333676 -0.0188275 0.0214782
internal_weight=1929.91 1722.54 1439.81 355.582 1084.23 891.574 708.189 593.706 383.28 210.426 282.735 222.37
internal_count=5204 4683 3839 918 2921 2398 2035 1746 1119 627 844 603
is_linear=0
shrinkage=0.05


Tree=28
num_leaves=13
num_cat=0
split_feature=80 53 52 44 24 53 27 31 57 76 23 47
split_gain=183.675 60.8901 118.563 84.2971 67.3166 70.7066 76.8972 64.6104 48.1871 39.8192 33.4457 32.7963
threshold=2.7781068653683128 1.6306818181818186 259.11688311688317 0.56924142339654815 -1.4039999999999979 1.9198717948717952 12.887094017094018 0.99064583333333334 235.38419117647064 1.1712985832499119 6.5905365126676605 0.59188659780351816
decision_type=2 8 10 10 8 10 10 10 2 10 8 2
left_child=-1 2 -2 4 -3 -6 -7 8 9 -5 -10 -12
right_child=1 3 -4 7 5 6 -8 -9 10 -11 11 -13
leaf_value=-0.043303249684877046 0.049614023621693717 -0.019439623621058031 -0.01189533300371249 -0.015710379730873771 -0.0052420231707235509 0.06074640253181738 0.015299014313142021 0.024462997430046943 0.018934614854626983 -0.054017835418274179 -0.034668697809541731 0.0055881855037760667
leaf_weight=213.62289319932461 196.06164417415857 127.96608879417181 129.50654211640358 152.32264071702957 182.61222328990698 148.01778131723404 250.53268128633499 105.9480519220233 103.09378202259541 123.06253273785114 107.58241841942072 94.278271682560444
leaf_count=527 440 334 457 422 448 368 595 397 286 277 330 327
internal_value=0.000313389 0.00574945 0.0251849 0.00120012 0.0132806 0.0205063 0.0322875 -0.0112836 -0.0178404 -0.0329625 -0.00412154 -0.015932
internal_weight=1934.61 1720.98 325.568 1395.42 709.129 581.163 398.55 686.288 580.34 275.385 304.954 201.861
internal_count=5208 4681 897 3784 1745 1411 963 2039 1642 699 943 657
is_linear=0
shrinkage=0.05


Tree=29
num_leaves=12
num_cat=0
split_feature=36 31 16 47 58 5 5 79 26 36 54
split_gain=111.477 69.4475 76.694 64.0241 98.5873 66.3046 78.528 95.0112 57.8828 103.407 41.8822
threshold=0.22796175868316296 0.98757352941176479 32.919871794871803 0.59360018470348497 18.656250000000004 20.290000000000003 16.510000000000005 2.4929818350948034 12.500000000000002 0.48231147889538079 21.677083333333339
decision_type=8 10 10 2 2 10 8 10 2 10 8
left_child=10 3 -3 4 -2 6 7 -6 9 -5 -1
right_child=1 2 -4 8 5 -7 -8 -9 -10 -11 -12
leaf_value=-0.048267201907425873 -0.039988612389618823 0.053848134728417402 0.0018865678668938308 0.0011681356085968808 0.034148336977164517 0.03015423175840333 -0.029902659891770836 -0.016370766532819384 -0.0059575684648053981 0.06490232444060054 -0.011764617694266727
leaf_weight=135.31228764355183 182.36011528223753 138.57754489034414 144.71469466388226 134.37097945809364 175.20252835005522 153.09680181741714 224.63514469563961 196.35757648944855 174.62761107832193 119.97237907350063 187.65330475568771
leaf_count=363 419 388 525 357 457 373 518 450 555 368 509
internal_value=-0.000351321 0.00492882 0.0274045 0.000232515 -0.00712657 0.000913922 -0.00663261 0.00747833 0.0161946 0.0313676 -0.0271598
internal_weight=1966.88 1643.92 283.292 1360.62 931.652 749.292 596.195 371.56 428.971 254.343 322.966
internal_count=5282 4410 913 3497 2217 1798 1425 907 1280 725 872
is_linear=0
shrinkage=0.05


Tree=30
num_leaves=14
num_cat=0
split_feature=80 69 79 79 7 24 21 76 24 20 41 6 62
split_gain=238.192 109.711 74.4915 110.519 74.1854 67.8498 69.5718 104.062 60.2926 54.1804 43.0151 36.9503 22.9645
threshold=4.1130732525681104 0.18968555241104793 2.004643255124845 1.7741332096623921 16.898333333333337 2.6348333333333334 0.26136363636363641 1.0334958768267641 0.82329999999999892 5.8062500000000012 9.0000000000000018 6.8483168754037491 22.625000000000004
decision_type=2 2 8 10 10 10 10 8 10 10 10 10 2
left_child=12 2 3 -2 -3 6 -4 -8 9 10 -9 -11 -1
right_child=1 4 5 -5 -6 -7 7 8 -10 11 -12 -13 -14
leaf_value=-0.028434454470841558 0.0085486144890164536 -0.045670239790726326 0.028346533117852318 0.073715251382386965 0.0065482458261607954 0.035808681571991095 -0.040608943048864088 -0.019679331212048456 -0.029642494928310777 0.05338213973380334 0.017012612400426036 0.010244305103864277 -0.05824887649801052
leaf_weight=129.8749472796917 152.07739543914795 148.29908508062363 199.11783155053854 113.1051339507103 124.52225039154291 174.38173820078373 159.34034238755703 157.70230283588171 105.85574671626091 99.586523473262787 159.82224240154028 99.170992933213711 135.17951318621635
leaf_count=312 487 390 553 222 328 483 352 424 299 304 452 298 360
internal_value=0.000179845 0.00708743 0.0126675 0.0365159 -0.0218996 0.00716508 0.00204003 -0.00469044 0.00455932 0.0116156 -0.00121544 0.0320173 -0.0438018
internal_weight=1958.04 1692.98 1420.16 265.183 272.821 1154.98 980.596 781.478 622.138 516.282 317.525 198.758 265.054
internal_count=5264 4592 3874 709 718 3165 2682 2129 1777 1478 876 602 672
is_linear=0
shrinkage=0.05


Tree=31
num_leaves=14
num_cat=0
split_feature=36 53 16 48 53 60 76 50 28 47 62 48 24
split_gain=147.388 66.0762 86.5158 63.3585 64.1415 113.331 103.751 81.349 62.4894 53.5967 86.6553 48.5123 45.8883
threshold=0.29261654031112866 2.1602564102564106 26.964285714285719 18.205882352941178 2.5419580419580421 5.2500000000000009 1.1918111730943153 17.459230769230775 14.810507692307693 0.58990988066125927 24.125000000000004 23.242647058823533 -1.5231964285714275
decision_type=8 8 8 2 8 2 10 8 8 2 2 2 10
left_child=8 2 -2 -3 11 6 7 -6 -1 10 -4 -5 -11
right_child=1 3 9 4 5 -7 -8 -9 -10 12 -12 -13 -14
leaf_value=-0.046558924858400325 0.059137146336291781 -0.032649304688871679 -0.021401947934481302 0.00454867063512407 0.01595062612146941 -0.020087523854569557 -0.0052187682655036776 0.073898344318756151 -0.0064457970554449157 0.054515024534208159 0.032631810734053322 -0.042382294203928007 0.0060696684288372585
leaf_weight=203.7916856482625 111.40937627106905 138.72077541798353 204.82472233474255 108.9493185505271 111.7581795156002 180.60105948150158 149.1202152967453 133.02241340279579 185.31781193614006 100.95391020178795 115.03182829916477 109.97444847226143 94.440051950514317
leaf_count=520 244 366 524 287 311 496 340 390 518 322 316 316 305
internal_value=-3.2564e-05 0.00684212 0.0193834 -0.00160079 0.00386192 0.0126346 0.0276504 0.047614 -0.0275201 0.0106897 -0.00192834 -0.0191122 0.03125
internal_weight=1947.92 1558.81 626.66 932.146 793.426 574.502 393.901 244.781 389.109 515.251 319.857 218.924 195.394
internal_count=5255 4217 1711 2506 2140 1537 1041 701 1038 1467 840 603 627
is_linear=0
shrinkage=0.05


Tree=32
num_leaves=13
num_cat=0
split_feature=80 69 51 79 41 0 76 52 20 48 41 54
split_gain=96.148 87.2893 84.8291 101.21 89.7911 66.8265 74.4721 73.7234 66.5523 58.4008 57.6297 23.0635
threshold=5.6799732648411556 0.18968555241104793 4.5579173255025989 2.987215764364513 11.500000000000002 11.500000000000002 0.53457825107309653 229.88750000000002 4.7596153846153859 22.60477941176471 46.000000000000007 22.870833333333337
decision_type=2 2 8 8 8 2 10 10 10 2 8 8
left_child=11 2 5 4 -4 6 10 -8 -3 -9 -2 -1
right_child=1 8 3 -5 -6 -7 7 9 -10 -11 -12 -13
leaf_value=-0.041532705419231139 -0.0041505816399537458 -0.046827756659327507 0.063982719547669639 -0.0088550011932977922 0.012329472264862451 0.028171525186750847 -0.034474211378907514 -0.01990555718614561 0.0033000405850000629 0.02142621982939729 0.065577307549311153 -0.012867228415206664
leaf_weight=152.32684998214245 62.812755823135376 138.92513111978769 180.93191407620907 153.2827321216464 157.60405726730824 158.73675268143415 263.36993402242661 170.20292666554451 125.45690427720547 169.66086658835411 54.909952312707901 131.72721216827631
leaf_count=393 389 361 365 534 337 463 504 430 340 448 275 344
internal_value=-0.00153298 0.00313468 0.00820846 0.0248161 0.0400429 -0.00109417 -0.00756784 -0.0146718 -0.0231179 0.000729698 0.0286513 -0.0283312
internal_weight=1919.95 1635.89 1371.51 491.819 338.536 879.693 720.956 603.234 264.382 339.864 117.723 284.054
internal_count=5183 4446 3745 1236 702 2509 2046 1382 701 878 664 737
is_linear=0
shrinkage=0.05


Tree=33
num_leaves=13
num_cat=0
split_feature=80 21 76 65 21 6 36 27 36 28 46 47
split_gain=166.34 68.7807 99.5901 55.6204 70.2951 52.7291 74.1934 91.5675 66.9485 53.085 49.8732 44.9115
threshold=6.1122151815436245 -0.10101010101010099 1.0405599227894604 6.5000000000000009 2.7974358974358977 8.1983027876363082 0.48553678906582898 12.717450980392158 0.90330940313076902 16.709596078431375 63.27205882352942 0.58779552614879949
decision_type=2 10 10 10 10 10 10 10 10 10 2 2
left_child=11 2 -2 5 -5 6 -3 -8 9 -9 -6 -1
right_child=1 3 -4 4 10 -7 7 8 -10 -11 -12 -13
leaf_value=-0.045874402827329935 0.064476915317521824 -0.010847190445297649 0.0016161625040528101 -0.039554189562618462 0.018366453051465208 -0.011124839381752733 0.066595766281482907 0.0062065997158439433 -0.013743308807552075 0.050660051188727129 -0.018043693219546561 -0.006461746710654569
leaf_weight=197.47753386944532 122.156922057271 165.45898777991533 129.11983844637871 137.53104820847511 209.07614035904408 197.01449794322252 115.51019559055567 125.04352704435587 127.04157043248415 144.87137102335691 169.29929284006357 114.26432946324348
leaf_count=485 373 434 288 414 539 542 310 284 370 384 495 327
internal_value=0.00192868 0.00828918 0.03231 0.00392937 -0.00908086 0.0116024 0.0182139 0.0275997 0.0161134 0.030165 0.00207058 -0.0314951
internal_weight=1953.87 1642.12 251.277 1390.85 515.906 874.94 677.926 512.467 396.956 269.915 378.375 311.742
internal_count=5245 4433 661 3772 1448 2324 1782 1348 1038 668 1034 812
is_linear=0
shrinkage=0.05


Tree=34
num_leaves=12
num_cat=0
split_feature=80 47 52 54 75 8 75 13 56 20 55
split_gain=85.9782 62.8251 104.513 89.1957 88.5322 86.2287 104.72 85.8902 67.0365 91.8115 46.4351
threshold=2.7781068653683128 0.54834736150274577 241.12698412698415 20.881944444444446 17.025000000000002 18.156548307118189 21.085000000000004 0.1097062327818096 4.5800301257169354 6.1602564102564097 17.505000000000006
decision_type=2 2 8 8 8 8 8 8 2 10 2
left_child=-1 3 4 -2 -3 10 -7 -5 9 -6 -4
right_child=1 2 5 7 8 6 -8 -9 -10 -11 -12
leaf_value=-0.030933549367151578 -0.013756723108177089 -0.0257383410454331 -0.020247745755924675 0.00055739433667260289 0.009722259817050407 -0.067948676199169375 -0.0062193876852262783 0.053530773673326329 -0.011086796232313734 0.06038308962651432 0.015940180935116129
leaf_weight=218.46067783236504 151.18384375423193 128.61197698116302 170.52020981162786 125.93712524324656 208.80326491594315 144.89941476285458 130.27032132446766 194.0835300013423 123.08763384073973 156.05167166143656 182.47337914258242
leaf_count=544 377 239 556 325 567 353 530 475 292 399 599
internal_value=-0.00146515 0.00230242 -0.00358596 0.0178316 0.0110295 -0.017926 -0.0388533 0.0327509 0.0207535 0.0314962 -0.00154889
internal_weight=1934.38 1715.92 1244.72 471.204 616.555 628.163 275.17 320.021 487.943 364.855 352.994
internal_count=5256 4712 3535 1177 1497 2038 883 800 1258 966 1155
is_linear=0
shrinkage=0.05


Tree=35
num_leaves=13
num_cat=0
split_feature=47 31 19 7 62 52 69 41 62 41 50 33
split_gain=82.9723 85.37 57.6528 117.173 55.6619 59.1625 43.6624 79.8965 65.5605 68.9413 79.4885 59.1187
threshold=0.63312892724657444 0.98483333333333345 4.6770833333333348 19.379400000000004 25.125000000000004 228.30303030303034 0.1152736163985623 10.500000000000002 18.625000000000004 37.500000000000007 18.263666666666669 5.8333333333333339
decision_type=2 10 10 10 2 10 2 10 2 8 8 8
left_child=1 2 6 -4 5 -3 8 -8 -1 10 -10 -11
right_child=-2 4 3 -5 -6 -7 7 -9 9 11 -12 -13
leaf_value=0.026054800807794983 0.032977455735348778 -0.021711985058745803 0.046887611931157772 -0.01660184467546106 0.050018333437146879 0.028814573664004934 -0.053839335263831493 -0.0057295405041960512 -0.020537978089674908 -0.049292464993318075 0.026918225587132978 -0.0026145406751082092
leaf_weight=132.79389598965645 188.64028782397509 102.05415591597557 133.10153684020042 157.82724647223949 108.16636759787798 131.4224287122488 154.30736389011145 194.82385037094355 182.12635362893343 170.23581632971764 169.30271770060062 112.52643758803606
leaf_count=335 590 254 266 392 315 450 397 514 473 464 460 323
internal_value=0.00156389 -0.00184177 -0.00728743 0.012506 0.0205418 0.00673067 -0.0124534 -0.0270859 -0.0057661 -0.0124596 0.00233579 -0.0307915
internal_weight=1937.33 1748.69 1407.05 290.929 341.643 233.477 1116.12 349.131 766.985 634.191 351.429 282.762
internal_count=5233 4643 3624 658 1019 704 2966 911 2055 1720 933 787
is_linear=0
shrinkage=0.05


Tree=36
num_leaves=14
num_cat=0
split_feature=80 7 12 31 59 44 43 43 36 13 31 47 47
split_gain=105.001 61.5269 65.231 74.976 83.7196 53.2167 48.2129 65.5973 55.5862 43.7967 48.6452 44.9189 30.4236
threshold=6.5989840801571935 10.690250000000001 0.2688385931804777 0.98606617647058825 0.75000000000000011 0.64012887842569122 59.345238095238102 61.12916666666667 0.5898666020343849 0.10026753661233895 0.94815340909090917 0.58080080663481348 0.58711549024993148
decision_type=2 8 10 10 2 10 10 10 10 8 8 2 2
left_child=12 -2 3 5 -5 6 8 -8 -3 11 -11 -9 -1
right_child=1 2 -4 4 -6 -7 7 9 -10 10 -12 -13 -14
leaf_value=-0.039861709911665405 0.037768508725228501 -0.0071638628086627592 0.037290427784975377 -0.0065099857679076683 0.046149493097284743 0.020835225293554749 0.027500661724567756 -0.015947026696177615 -0.050751194768897313 -0.046074971752931418 -0.0077662910445181399 0.031474699073690458 -0.0075100724997314199
leaf_weight=198.42505329102278 120.30220234394073 144.47221916168928 112.02942065894604 150.22109280526638 150.25515905022621 136.59247307479382 125.17202243208885 106.38467840850353 147.95318951457739 138.59242157638073 205.17531127482653 92.400446698069572 115.19820818305016
leaf_count=470 281 325 260 504 503 376 310 325 302 366 551 339 334
internal_value=-0.00159483 0.00350891 0.00075488 -0.00219913 0.0198885 -0.0082631 -0.01242 -0.00498835 -0.0293148 -0.0125207 -0.0232996 0.00614302 -0.0280401
internal_weight=1943.17 1629.55 1509.25 1397.22 300.476 1096.74 960.15 667.725 292.425 542.553 343.768 198.785 313.623
internal_count=5246 4442 4161 3901 1007 2894 2518 1891 627 1581 917 664 804
is_linear=0
shrinkage=0.05


Tree=37
num_leaves=13
num_cat=0
split_feature=47 53 36 28 76 6 76 53 52 21 75 50
split_gain=89.8814 87.4467 53.8076 66.9816 64.8096 66.2799 57.0576 123.324 102.399 97.101 65.2654 63.2255
threshold=0.63100369182815763 2.3693181818181821 0.29261654031112866 14.810507692307693 1.0445160842746601 5.5624449790988022 1.1067795434959902 3.1846590909090913 211.44097222222226 4.9919354838709689 18.595000000000002 17.163
decision_type=2 8 8 8 8 10 10 8 10 8 10 10
left_child=2 -2 3 -1 5 -4 7 11 -8 10 -10 -6
right_child=1 -3 4 -5 6 -7 8 -9 9 -11 -12 -13
leaf_value=-0.045344237542131821 0.059619567850848612 -0.0029062093473468699 0.004394330548210504 -0.0012500883165195806 -0.021125556184806545 -0.04049815874046913 -0.031720328666569701 0.076885964690937364 0.019132336332873322 0.043394932240096704 -0.023879598789770366 0.029067962467956312
leaf_weight=175.43549033254385 107.95639688521624 114.69764564186335 145.57737269997597 168.37557232379913 121.5923492833972 187.3840104341507 221.16258728504181 76.3276147544384 156.22252061963081 144.97992436587811 199.95155277848244 127.53721104562283
leaf_count=448 342 346 307 450 458 441 438 288 324 323 555 533
internal_value=-0.00228337 0.0275412 -0.00614771 -0.0238161 -0.00173412 -0.0209159 0.00437559 0.0217238 -0.0034603 0.00904938 -0.00501327 0.00458356
internal_weight=1947.2 222.654 1724.55 343.811 1380.74 332.961 1047.77 325.457 722.317 501.154 356.174 249.13
internal_count=5253 688 4565 898 3667 748 2919 1279 1640 1202 879 991
is_linear=0
shrinkage=0.05


Tree=38
num_leaves=14
num_cat=0
split_feature=80 79 79 23 52 53 65 49 36 61 41 53 30
split_gain=110.668 59.6428 113.481 63.9566 44.0515 51.3723 56.9042 72.0954 82.1057 59.377 53.0697 29.4271 42.4838
threshold=1.8729028246522199 2.004643255124845 1.8149567494470473 7.1124073450134784 256.03125000000006 1.851648351648352 7.5000000000000009 11.500000000000002 0.77487383005667254 43.250000000000007 11.500000000000002 2.3038461538461541 0.11178007380073754
decision_type=2 8 10 10 10 8 8 2 10 2 10 10 10
left_child=-1 2 3 -2 5 -3 10 8 9 -8 -7 12 -6
right_child=1 4 -4 -5 11 6 7 -9 -10 -11 -12 -13 -14
leaf_value=-0.040122547128603317 0.025973517532737342 0.025946821723900549 0.059889674165911469 -0.029070260127804521 -0.046385100234913608 0.038918552851252952 -0.02939262225364718 0.017929294516543241 -0.051019169713404255 0.016926438098688178 -0.0064030687219786657 0.00019945835392947602 -0.0050368747713413721
leaf_weight=171.25452543050051 106.14113169908524 196.36389248818159 118.74387454986572 102.99802684783936 132.28095627576113 133.38555651158094 131.98270460218191 156.47761656343937 151.97867853194475 143.2878587692976 123.89874928444624 163.27933790534735 116.86570639908314
leaf_count=408 287 492 224 354 471 333 307 410 380 355 318 558 342
internal_value=-0.00185644 0.00185044 0.0210744 -0.00114409 -0.00250872 0.00298881 -0.002396 -0.0110271 -0.0216493 -0.00530795 0.017153 -0.0163104 -0.0270878
internal_weight=1948.94 1777.68 327.883 209.139 1449.8 1037.38 841.011 583.727 427.249 275.271 257.284 412.426 249.147
internal_count=5239 4831 865 641 3966 2595 2103 1452 1042 662 651 1371 813
is_linear=0
shrinkage=0.05


Tree=39
num_leaves=14
num_cat=0
split_feature=80 50 51 5 76 62 23 13 75 64 5 52 64
split_gain=145.158 67.2586 74.7746 83.6681 64.9487 56.3856 89.069 72.6092 71.0056 61.621 36.1373 27.6031 26.4344
threshold=7.2648141740283814 12.418809523809525 3.7516582473094666 19.276666666666671 1.0384627796236949 25.875000000000004 7.2183610796832083 0.084680851961285455 18.555000000000003 88.500000000000014 15.636666666666668 224.3484848484849 69.500000000000014
decision_type=2 8 8 10 10 2 10 10 8 8 8 10 8
left_child=11 -2 10 5 -5 6 7 9 -9 -4 -3 -1 -8
right_child=1 2 3 4 -6 -7 12 8 -10 -11 -12 -13 -14
leaf_value=-0.047616093645066665 0.043512873727814733 -0.0013728899467974186 0.0034918339144256157 0.0099904377381219087 0.053924183352481614 0.033189633918364665 -0.01309255199418588 -0.032421894502832636 0.015742756668340952 0.049932182067881359 -0.040644991404916751 -0.017561949350157133 -0.047517998539283235
leaf_weight=136.58371569216251 112.27775754034519 109.88322973996401 161.54579745233059 190.27278167754412 150.6060426980257 115.2609321475029 109.84153368324041 169.29035651683807 138.12877963483334 127.27971232682467 124.632518902421 176.18090360611677 114.49481272697449
leaf_count=303 297 316 450 568 378 326 306 341 426 305 381 520 314
internal_value=0.000338179 0.00635143 0.00356356 0.00833321 0.0295021 0.000599226 -0.00401333 0.00609801 -0.0107998 0.0240589 -0.0223279 -0.0307965 -0.0307952
internal_weight=1936.28 1623.51 1511.24 1276.72 340.879 935.842 820.581 596.245 307.419 288.826 234.516 312.765 224.336
internal_count=5231 4408 4111 3414 946 2468 2142 1522 767 755 697 823 620
is_linear=0
shrinkage=0.05


Tree=40
num_leaves=13
num_cat=0
split_feature=80 36 55 6 58 29 30 58 65 42 69 52
split_gain=100.443 57.9894 75.1166 79.7335 65.4562 96.8974 88.6266 133.65 84.6287 52.1067 50.1421 34.3103
threshold=6.1122151815436245 0.90330940313076902 16.116102941176475 7.293133960268567 18.264705882352946 0.001411804559222063 0.12655012997754936 22.181985294117649 4.5000000000000009 5.5000000000000009 0.062473207539742066 224.3484848484849
decision_type=2 8 2 8 2 8 10 2 10 2 2 10
left_child=11 4 -3 -4 -2 6 7 -6 -8 -9 -7 -1
right_child=1 2 3 -5 5 10 8 9 -10 -11 -12 -13
leaf_value=-0.04385764105207287 -0.014475612425050586 0.020946304306632503 -0.0024109445541541379 -0.058715568243433158 0.041644539039576892 -0.028950928216307983 0.070753162814768497 -0.03725238675772672 0.018734459181071913 0.0063142913486445677 0.013802862829887864 -0.010240281512551991
leaf_weight=144.481410369277 226.89436168223619 114.1459273993969 139.84322738647461 113.37774034589529 198.76904429495335 156.68260898441076 154.81925136595964 116.50655683130026 158.90886826813221 164.43103104829788 120.54617801308632 160.37196055799723
leaf_count=307 591 287 429 315 527 474 332 320 385 515 328 476
internal_value=7.32169e-05 0.00490854 -0.0126055 -0.0277527 0.00987303 0.0150417 0.0239252 0.0103732 0.044548 -0.0118211 -0.0103777 -0.0262641
internal_weight=1969.78 1664.92 367.367 253.221 1297.56 1070.66 793.435 479.707 313.728 280.938 277.229 304.853
internal_count=5286 4503 1031 744 3472 2881 2079 1362 717 835 802 783
is_linear=0
shrinkage=0.05


Tree=41
num_leaves=14
num_cat=0
split_feature=80 52 43 24 43 20 47 75 24 33 50 60 40
split_gain=84.5717 47.9291 84.5477 82.2727 84.067 85.6718 74.9337 69.5347 62.5799 58.2871 73.1285 33.5207 24.999
threshold=1.6616292279475193 241.12698412698415 58.038461538461547 2.6348333333333334 60.261363636363647 7.8819444444444455 0.54343506576427036 20.725000000000005 -2.9123999999999994 4.322916666666667 16.417222222222225 -4.7499999999999991 4.5000000000000009
decision_type=2 8 8 10 10 10 2 8 10 8 10 2 2
left_child=-1 3 -3 4 -2 9 -4 11 12 -6 -11 -8 -9
right_child=1 2 6 -5 5 -7 7 8 -10 10 -12 -13 -14
leaf_value=-0.035329227026690405 -0.020514217990588692 0.03988232828990397 0.016070801518661592 0.046464476016410343 0.0014883583842384904 -0.020367053652663128 -0.013962361625954987 0.00074142068743115455 -0.025951164700826392 0.012724808030948437 0.066155980288399016 -0.047021193413336972 0.041700083776326564
leaf_weight=153.45576940476894 226.95048588514328 93.38398715108633 203.28784405440092 140.16333734244108 143.4359774813056 123.96954429894686 124.75376680493355 73.237525418400764 128.16243655979633 120.77011666446924 136.73805670440197 202.78698492050171 74.900459587574005
leaf_count=353 446 237 599 327 354 292 312 303 591 291 359 481 313
internal_value=0.000171976 0.00322917 -0.00490578 0.0114378 0.00485504 0.0158418 -0.0101307 -0.0189636 -0.000475365 0.0270602 0.0412432 -0.0345106 0.0215914
internal_weight=1946 1792.54 900.513 892.028 751.864 524.914 807.129 603.841 276.3 400.944 257.508 327.541 148.138
internal_count=5258 4905 2836 2069 1742 1296 2599 2000 1207 1004 650 793 616
is_linear=0
shrinkage=0.05


Tree=42
num_leaves=12
num_cat=0
split_feature=80 65 33 62 62 13 9 52 76 46 80
split_gain=101.247 46.0197 106.039 63.0166 77.9077 75.7898 69.6188 78.4162 54.658 48.8096 56.6141
threshold=2.2728635135793902 4.5000000000000009 6.4686274509803932 27.875000000000004 26.125000000000004 0.23162137611160394 17.31366666666667 211.44097222222226 1.0691177322370033 64.577205882352956 14.708265695753898
decision_type=2 8 8 2 2 10 10 8 10 2 2
left_child=-1 2 -2 4 5 6 7 -3 -8 10 -9
right_child=1 3 -4 -5 -6 -7 8 9 -10 -11 -12
leaf_value=-0.033541953088130474 -0.0068088210732655642 -0.025088946710675211 0.057491243071016843 -0.033449422629823741 0.040480396790998963 0.036973569522498466 -0.00028859411244486991 0.0036054699780412036 -0.039134908231121313 -0.011640753814826045 0.038869157253749294
leaf_weight=196.54090738296509 134.51107861846685 172.92672006040812 121.1960903853178 121.86532279849052 130.82809764146805 124.54682756215334 162.75377963483334 229.04225305467844 203.15638583898544 150.34403143078089 225.68904019892216
leaf_count=475 363 376 370 372 389 300 548 596 460 471 590
internal_value=0.000417112 0.00419013 0.0237724 0.000884878 0.00389684 9.47176e-05 -0.00394936 0.00451247 -0.0219043 0.0129998 0.0211542
internal_weight=1973.4 1776.86 255.707 1521.15 1399.29 1268.46 1143.91 778.002 365.91 605.075 454.731
internal_count=5310 4835 733 4102 3730 3341 3041 2033 1008 1657 1186
is_linear=0
shrinkage=0.05


Tree=43
num_leaves=14
num_cat=0
split_feature=65 50 79 75 24 52 44 56 14 33 6 53 45
split_gain=76.7725 74.2509 114.717 90.5591 74.5854 89.1321 58.8194 58.418 68.0962 64.3393 57.4826 52.7729 44.5278
threshold=6.5000000000000009 17.767333333333337 3.0542696069056174 17.025000000000002 1.4063333333333328 254.458041958042 0.56669890393294653 4.1663029100529103 0.9820714285714286 6.2613636363636376 4.9497045925708765 1.8819444444444446 23.449494949494952
decision_type=10 8 8 10 10 10 10 2 8 8 10 10 8
left_child=1 4 3 -3 5 6 -1 8 -2 10 -9 -4 -11
right_child=7 2 11 -5 -6 -7 -8 9 -10 12 -12 -13 -14
leaf_value=-0.050695390591004301 -0.054696873609099583 0.0036016864852412493 -0.04109991890815886 0.053376151663473953 0.026868485418199767 0.018084381343140193 -0.0096230828867056584 -0.0089778728815527228 -0.0038444181255817404 -0.044298155214079558 0.041248580373101633 0.012194544374464203 6.3655646555154901e-05
leaf_weight=156.02671271562576 150.48939076066017 145.70531533658504 86.633940577507019 244.7938144505024 140.84205882996321 149.61464564502239 197.2716663852334 115.55884071439505 116.71356350183487 111.44878847897053 110.79043124616146 98.103482447564602 113.81638783216476
leaf_count=318 400 332 288 594 345 447 495 292 384 300 314 381 307
internal_value=-0.0011485 0.00649269 0.0195314 0.0348607 -0.00517043 -0.0141785 -0.0278537 -0.0140977 -0.0325818 -0.00311351 0.0156796 -0.012885 -0.0219829
internal_weight=1937.81 1218.99 575.237 390.499 643.755 502.913 353.298 718.817 267.203 451.614 226.349 184.737 225.265
internal_count=5197 3200 1595 926 1605 1260 813 1997 784 1213 606 669 607
is_linear=0
shrinkage=0.05


Tree=44
num_leaves=13
num_cat=0
split_feature=53 69 62 52 8 55 20 55 9 24 43 6
split_gain=95.9599 53.1583 87.8926 69.5537 63.2388 61.9071 62.3252 60.7252 65.0798 69.5122 58.5366 41.7066
threshold=1.1291666666666669 0.1152736163985623 27.375000000000004 228.30303030303034 19.149161654937625 15.743051470588236 6.1602564102564097 15.396838235294119 13.100666666666667 -3.0166115384615391 63.095454545454551 5.8592904425962384
decision_type=8 2 2 8 10 2 10 2 10 10 8 8
left_child=-1 2 3 10 7 -3 11 -5 -9 -10 -2 -7
right_child=1 5 -4 4 -6 6 -8 8 9 -11 -12 -13
leaf_value=0.042510214419217734 -0.024157471160150892 -0.044621912961367576 -0.03222962858561923 0.052691221951453864 -0.016886030168805192 0.0062514578242323085 0.02394420763240469 -0.0067691260340763159 0.067265409004027554 0.012182249912486676 0.013024703932619307 -0.032026066282302014
leaf_weight=124.07034276425838 243.01976735144854 137.02857441455126 155.36844741553068 140.25784923881292 111.29594453424215 111.29935777932405 122.31536751240492 193.53265125304461 88.120730049908161 161.90790923684835 186.09126584976912 194.95065868645906
leaf_count=331 499 328 455 369 362 295 333 553 294 531 452 528
internal_value=0.000126075 -0.00274531 0.00289829 0.00777731 0.0175392 -0.0154959 -0.00610106 0.0241195 0.0149867 0.0317865 -0.00804 -0.0181399
internal_weight=1969.26 1845.19 1279.59 1124.23 695.115 565.594 428.565 583.819 443.561 250.029 429.111 306.25
internal_count=5330 4999 3515 3060 2109 1484 1156 1747 1378 825 951 823
is_linear=0
shrinkage=0.05


Tree=45
num_leaves=14
num_cat=0
split_feature=80 77 64 51 41 79 7 52 43 13 6 64 28
split_gain=61.3056 46.4669 43.0628 91.5701 91.8046 73.2417 70.2849 53.1314 50.43 58.1319 34.8065 28.9371 33.1518
threshold=2.6611798884076641 0.92348596584616971 52.500000000000007 4.3642392103905232 11.500000000000002 2.1621824872985544 18.10066071428572 204.31009615384619 58.408333333333339 0.14366634338319198 5.8695365828292552 50.500000000000007 16.355790178571429
decision_type=2 8 10 8 8 8 8 8 10 10 10 8 8
left_child=-1 -2 5 6 -5 -3 10 -7 -9 11 -4 -10 -13
right_child=1 2 3 4 -6 7 -8 8 9 -11 -12 12 -14
leaf_value=-0.025116666339654758 0.02954175410130809 0.031369258884395748 -0.024427666348739972 0.035513365322355182 -0.017304335420142859 0.031158388155218732 0.0014578152299254412 0.024122865387815683 -0.023301963147992266 -0.038499710628982248 -0.065424971735504031 -0.010126676148244702 0.028076894654974999
leaf_weight=211.98505034297705 152.76899954676628 241.19826459884644 106.30081009864807 169.20442677289248 158.37746278196573 110.48137541115284 133.66278155148029 108.9534058496356 102.74970583617687 155.19956485927105 103.58933252841234 115.27774465084076 110.18049976229668
leaf_count=513 359 571 323 423 431 254 381 247 377 435 319 320 356
internal_value=0.000226475 0.00327772 0.000776834 -0.00889842 0.0100024 0.00765728 -0.0268973 -0.000513102 -0.00646272 -0.0133919 -0.0448758 -0.00143823 0.00858479
internal_weight=1979.93 1767.94 1615.18 671.135 327.582 944.041 343.553 702.842 592.361 483.408 209.89 328.208 225.458
internal_count=5309 4796 4437 1877 854 2560 1023 1989 1735 1488 642 1053 676
is_linear=0
shrinkage=0.05


Tree=46
num_leaves=13
num_cat=0
split_feature=79 59 79 50 62 51 79 14 65 28 64 44
split_gain=57.8784 101.521 80.3282 69.2457 51.0272 82.3649 62.9448 81.4023 68.9757 79.6677 62.9739 48.4727
threshold=2.004643255124845 1.0000000180025095e-35 2.0871407856901025 12.418809523809525 24.375000000000004 4.213210110673951 2.6182167885835432 0.76422222222222236 9.5000000000000018 17.408392857142861 30.500000000000004 0.56321190420591061
decision_type=8 2 8 8 2 10 10 10 8 8 10 10
left_child=1 -1 -2 -4 6 11 7 -5 -8 -10 -9 -6
right_child=2 -3 3 4 5 -7 8 10 9 -11 -12 -13
leaf_value=-0.010036643780336658 -0.042246124335942964 0.043243495875482846 0.036984170872248416 -0.01104122077955152 -0.06700418402303264 0.0020695362253936502 -0.033750104325463284 0.0013166745938862788 -0.017048517537314362 0.032771920162046303 0.053421904305777951 -0.018082607637166057
leaf_weight=172.12150466442108 129.77115899324417 184.35131752490997 108.07724525779486 159.78094648569822 97.09663637727499 228.19793298840523 185.21144199371338 90.973122380673885 185.55805198848248 139.83160768449306 159.18126021325588 106.76868088543415
leaf_count=451 240 482 295 468 284 597 454 267 442 356 555 366
internal_value=-0.000619561 0.0175613 -0.00470297 -0.0013409 -0.00442826 -0.0185823 0.00222802 0.0167984 -0.00947979 0.00439592 0.0345536 -0.0415962
internal_weight=1946.92 356.473 1590.45 1460.68 1352.6 432.063 920.536 409.935 510.601 325.39 250.154 203.865
internal_count=5257 933 4324 4084 3789 1247 2542 1290 1252 798 822 650
is_linear=0
shrinkage=0.05


Tree=47
num_leaves=13
num_cat=0
split_feature=33 47 23 15 23 21 65 50 55 76 13 6
split_gain=72.152 64.9106 54.8752 80.499 71.5576 65.0857 76.3628 54.92 57.4036 50.0768 61.2954 19.1858
threshold=9.7196078431372559 0.6429598804950919 7.7246536423418251 0.9619361407341861 7.2841858667825923 2.8480769230769236 1.5000000000000002 18.186000000000003 17.150000000000006 1.1602693251479554 0.14292245288456421 6.3147451618873029
decision_type=10 2 8 8 10 10 10 10 2 8 10 8
left_child=1 2 4 -4 5 6 -1 8 -5 -7 11 -11
right_child=-2 -3 3 7 -6 9 -8 -9 -10 10 -12 -13
leaf_value=0.040641424582232098 0.037194535178353645 0.033136772834080057 -0.045090763423859759 0.0033019966163466059 0.02796994694405926 -0.036031853372794471 -0.010525687475755167 0.018353464389529308 -0.037863610411568022 -0.03589334509308429 0.020829751607938689 -0.0061635008312904416
leaf_weight=137.69251412898302 113.03387994319201 110.71025191992521 186.97373702377081 165.09621355682611 198.09794714301825 191.3782311975956 153.08001381903887 151.52836786955595 172.55512534081936 108.75856311619282 143.59415394812822 108.32517768442631
leaf_count=349 288 327 484 434 578 400 474 465 464 296 379 314
internal_value=-0.00139352 -0.00379891 -0.00619827 -0.0172774 0.00100805 -0.0053547 0.0137603 -0.00657626 -0.0177852 -0.0154294 -0.00442816 -0.0211544
internal_weight=1940.82 1827.79 1717.08 676.153 1040.93 842.829 290.773 489.18 337.651 552.056 360.678 217.084
internal_count=5252 4964 4637 1847 2790 2212 823 1363 898 1389 989 610
is_linear=0
shrinkage=0.05


Tree=48
num_leaves=15
num_cat=0
split_feature=6 65 20 55 52 31 57 39 16 54 54 69 6 0
split_gain=62.1709 61.9504 65.8937 88.4285 53.7827 71.5904 78.4277 67.629 60.9498 59.9786 40.3701 39.5925 36.3353 36.1938
threshold=1.7321720460954224 6.5000000000000009 6.2583333333333337 16.424375000000005 207.12916666666669 0.98483333333333345 251.91176470588238 29.411362080766605 33.12916666666667 21.408333333333335 21.968750000000004 0.10866821846120472 5.2501751452709016 5.5000000000000009
decision_type=8 10 8 2 8 10 2 2 10 10 10 2 10 2
left_child=-1 4 11 -4 -2 6 7 10 -7 -8 -6 12 -3 -11
right_child=1 2 3 -5 5 8 9 -9 -10 13 -12 -13 -14 -15
leaf_value=-0.034002909231964397 0.032791873950705444 -0.033433301515730901 -0.028231993383042154 0.027194723817013489 -0.048130522310882329 0.060279730544633314 0.047019750290288424 0.012785215254245426 0.0039606323447446143 -0.020395961603057032 -0.011509764305882044 -0.047673994349697157 0.0052691383700267675 0.022369375212515013
leaf_weight=121.82653442025185 207.42736285924911 109.81641847640276 110.70040812343359 201.41001049429178 143.52680647373199 94.420920640230179 107.81052955240011 141.56903077661991 97.050610303878784 99.219697520136833 158.76321538537741 116.66939724236727 133.43725699931383 96.715307489037514
leaf_count=323 445 294 273 584 336 272 322 328 335 308 383 318 399 316
internal_value=0.000426988 0.00275092 -0.00929434 0.0075084 0.0098133 0.00470821 -0.00228988 -0.0156729 0.0319023 0.0172537 -0.0289986 -0.0238454 -0.0122684 0.000719797
internal_weight=1940.36 1818.54 672.033 312.11 1146.5 939.076 747.605 443.859 191.472 303.746 302.29 359.923 243.254 195.935
internal_count=5236 4913 1868 857 3045 2600 1993 1047 607 946 719 1011 693 624
is_linear=0
shrinkage=0.05


Tree=49
num_leaves=15
num_cat=0
split_feature=24 52 21 62 62 44 47 53 47 79 28 76 52 79
split_gain=74.7641 67.9478 66.6734 72.54 84.0072 67.602 61.6544 101.126 55.0315 69.651 40.6499 37.0772 63.8808 49.0259
threshold=3.1130833333333343 240.06904761904767 5.5039682539682548 27.625000000000004 26.125000000000004 0.56396431195671448 0.54446916236140319 2.566964285714286 0.58417704423311578 2.2127073346674204 17.320433035714288 1.2141469730523509 230.9027777777778 3.0597474900709636
decision_type=10 10 10 2 2 10 2 8 2 8 8 10 8 8
left_child=2 -2 3 4 6 -4 7 -1 10 -10 -8 12 -11 -14
right_child=1 -3 5 -5 -6 -7 8 -9 9 11 -12 -13 13 -15
leaf_value=-0.0072728735575524938 0.051135875154670253 -0.0021501307352936412 -0.051937943968058724 -0.034665264966072883 0.043596321325512104 -0.0042565971286774402 -0.035672080084142875 0.050931542709279715 0.031992171771656593 0.036408967524083617 0.00055466760019727199 -0.030547227974833335 -0.043722167269351055 0.011284119479729841
leaf_weight=158.87529531121254 127.23072221130133 112.00307068228722 129.44609834998846 127.93283328413963 124.13183688372374 173.27981343865395 208.45757710933685 139.36766611039639 153.05493539571762 90.409139752388 122.80640364438295 121.28056471049786 78.984002485871315 81.417001217603683
leaf_count=412 295 353 301 407 352 469 518 302 373 258 320 283 211 394
internal_value=0.000164442 0.0262836 -0.00350413 0.00108213 0.00468268 -0.0247491 0.000465135 0.0200051 -0.00635502 0.0037143 -0.0222808 -0.00797203 0.00302228 -0.0159049
internal_weight=1948.68 239.234 1709.44 1406.72 1278.78 302.726 1154.65 298.243 856.41 525.146 331.264 372.091 250.81 160.401
internal_count=5248 648 4600 3830 3423 770 3071 714 2357 1519 838 1146 863 605
is_linear=0
shrinkage=0.05


Tree=50
num_leaves=14
num_cat=0
split_feature=80 58 45 58 26 59 14 42 16 75 48 13 32
split_gain=78.0423 47.0984 97.3967 85.8458 55.3768 121.109 81.8325 61.2362 62.84 43.9845 47.5967 38.7769 35.0191
threshold=1.6616292279475193 23.726102941176475 27.516666666666669 23.148897058823533 12.500000000000002 0.75000000000000011 0.88535714285714306 8.5000000000000018 34.519230769230781 22.030000000000005 23.323529411764707 0.10842630146873153 32.906250000000007
decision_type=2 2 10 2 2 2 10 2 8 8 2 10 8
left_child=-1 3 9 4 5 11 -7 8 -6 10 -3 -2 -11
right_child=1 2 -4 -5 7 6 -8 -9 -10 12 -12 -13 -14
leaf_value=-0.034072507104105525 0.0074160111369235854 -0.016100151325146344 0.057034641865714025 -0.041254120896188462 -0.04541111617541875 0.011061620749958118 0.066668822329585542 0.012910631523328046 0.0001291132358269089 0.049095120266915725 0.020703927047189697 -0.030841605552901542 0.0038915305113937934
leaf_weight=139.20765189826488 150.91396117210388 245.55181442201138 114.1945578083396 120.38942753523588 152.06169445812702 135.67451404035091 129.02822632342577 196.62321733683348 149.96078016608953 88.615268260240555 135.48728640377522 116.61971282958984 82.451059497892857
leaf_count=333 397 572 343 295 354 352 335 554 455 317 319 287 368
internal_value=0.00187237 0.0046426 0.0152118 -0.0014822 0.00319796 0.014402 0.038316 -0.00876575 -0.0228736 0.00647386 -0.00299367 -0.00931349 0.027457
internal_weight=1956.78 1817.57 666.3 1151.27 1030.88 532.236 264.703 498.646 302.022 552.105 381.039 267.534 171.066
internal_count=5281 4948 1919 3029 2734 1371 687 1363 809 1576 891 684 685
is_linear=0
shrinkage=0.05


Tree=51
num_leaves=12
num_cat=0
split_feature=31 70 44 44 51 19 75 44 55 58 45
split_gain=56.265 62.4104 56.9671 66.271 59.6113 68.6502 68.7157 48.8037 44.8416 38.0492 37.0813
threshold=0.98935416666666676 0.0025135783756473416 0.64012887842569122 0.61543424317617879 3.9321952160493834 4.5916666666666677 18.375000000000004 0.53551803230686656 16.657242647058826 24.125000000000004 25.033333333333335
decision_type=10 2 10 10 10 10 8 10 2 2 8
left_child=2 -2 3 4 8 6 -6 -8 -1 -9 -10
right_child=1 -3 -4 -5 5 -7 7 9 10 -11 -12
leaf_value=0.0020457699668795753 0.0035018152203842865 0.054630166741741426 0.020929946254790745 -0.035806345492048634 0.017865671718406258 0.027290767663757612 -0.042381918110957817 -0.018222997640699849 -0.01126774984850408 0.020113976402798956 -0.049141987471000639
leaf_weight=158.67833849042654 178.22693637013435 88.852970190346241 200.061489187181 179.69198344647884 222.30185978114605 231.33687338232994 125.85465045273304 187.62122394144535 121.20004221796989 97.571161463856697 139.33625569939613
leaf_count=377 597 321 561 564 430 510 307 559 340 319 367
internal_value=-0.000607179 0.0206517 -0.00403039 -0.00745424 -0.00346136 0.00404207 -0.00447938 -0.016578 -0.0189109 -0.00508255 -0.0316336
internal_weight=1930.73 267.08 1663.65 1463.59 1283.9 864.686 633.349 411.047 419.215 285.192 260.536
internal_count=5252 918 4334 3773 3209 2125 1615 1185 1084 878 707
is_linear=0
shrinkage=0.05


Tree=52
num_leaves=14
num_cat=0
split_feature=13 21 24 55 60 20 24 55 31 30 23 79 28
split_gain=69.5057 79.3646 111.945 80.3602 52.4806 56.0291 56.874 60.8602 69.5998 56.5176 49.561 48.0267 33.7108
threshold=0.16861839658535269 4.8153409090909101 -0.7581833333333331 15.974705882352943 -6.7499999999999991 7.4083333333333341 1.0574000000000014 17.83117647058824 0.87647727272727283 0.12286085854559195 7.0490510917546487 2.4470500173792149 16.192255514705884
decision_type=8 8 10 2 2 10 10 2 10 8 8 8 8
left_child=4 -2 3 -3 -1 6 7 9 -9 10 -6 -7 -5
right_child=1 2 -4 12 5 11 -8 8 -10 -11 -12 -13 -14
leaf_value=0.016657284840363253 -0.017149775896476645 0.043296378912755201 0.063997432383253589 -0.026514812164524094 0.016706026265052257 -0.012024220157606659 -0.041734878668669588 -0.020040312294977405 0.03279241881448932 -0.047370403166674742 -0.029126664407632681 0.03250330579013657 0.0087036786610412403
leaf_weight=187.77389204502106 173.38705169409513 118.89829339087009 119.90386608242989 113.40263496339321 108.63751008361578 126.10985304415226 194.10894976556301 114.94003723561764 133.94637408852577 148.24516872316599 126.80730138719082 114.81573335826397 166.47901373356581
leaf_count=521 405 258 315 284 274 318 540 324 410 360 372 390 454
internal_value=-0.000646217 0.0120656 0.021846 0.00904368 -0.00765804 -0.0119463 -0.0181251 -0.0108259 0.0084108 -0.0232936 -0.00799761 0.0092425 -0.00560977
internal_weight=1947.46 692.071 518.684 398.78 1255.38 1067.61 826.685 632.576 248.886 383.69 235.445 240.926 279.882
internal_count=5225 1716 1311 996 3509 2988 2280 1740 734 1006 646 708 738
is_linear=0
shrinkage=0.05


Tree=53
num_leaves=15
num_cat=0
split_feature=53 80 41 4 69 31 4 4 13 36 5 6 6 31
split_gain=51.8772 49.9113 64.6387 64.0367 52.9768 72.4165 99.6716 77.1038 58.1204 45.7543 53.8564 60.157 38.7005 33.09
threshold=1.0333333333333334 2.7781068653683128 106.00000000000001 24.067866933969039 0.18137212625471391 0.91439102564102581 21.835396472317708 15.844865435549906 0.12704840704104406 0.48231147889538079 13.143333333333336 7.7774979972851002 5.6424872046091279 0.98358288770053481
decision_type=8 2 10 10 2 8 8 8 8 10 10 8 10 8
left_child=-1 -2 3 4 5 7 9 -3 -6 -7 -11 13 -4 -12
right_child=1 2 12 -5 8 6 -8 -9 -10 10 11 -13 -14 -15
leaf_value=0.032565117918016695 -0.025151713699600276 0.05195667363364867 0.048327056897818688 -0.037689666120350081 0.0033927781133404507 -0.033742666362653335 0.034951657542423721 2.4795864188337029e-05 -0.045943171931629001 0.026697957018943008 -0.043968687480290453 0.015726967472609026 0.0058293020705620334 -0.0070720539621984841
leaf_weight=117.24213603883982 199.48504237830639 147.06842597573996 105.12136980891228 117.98894648253918 122.05428767204285 162.38061190396547 144.37729059159756 138.17149540036917 115.60233961045742 114.41807911545038 130.04889203608036 124.83998821675777 108.81107616424561 114.14823514223099
leaf_count=310 494 354 278 314 356 472 396 325 271 304 361 346 328 353
internal_value=0.000459273 -0.001598 0.0012718 -0.00256633 0.000615941 0.00534069 -0.00246153 0.0268886 -0.0206975 -0.0108664 -0.00312903 -0.0124239 0.0268394 -0.0268208
internal_weight=1961.76 1844.52 1645.03 1431.1 1313.11 1075.45 790.213 285.24 237.657 645.836 483.455 369.037 213.932 244.197
internal_count=5262 4952 4458 3852 3538 2911 2232 679 627 1836 1364 1060 606 714
is_linear=0
shrinkage=0.05


Tree=54
num_leaves=12
num_cat=0
split_feature=47 28 12 19 28 51 51 41 30 54 4
split_gain=62.4401 69.2099 98.6304 73.8216 66.9821 62.7528 46.9479 43.0714 62.4194 36.3349 29.5408
threshold=0.63301850768906232 16.292822916666669 0.064365169173198636 3.1742424242424243 15.145666666666669 4.042072721084577 4.334142394822007 55.000000000000007 0.062659526146368258 22.148351648351653 18.917884280213393
decision_type=2 10 10 10 10 10 10 8 8 10 10
left_child=1 3 -3 4 7 -4 -7 -1 -9 -5 -8
right_child=-2 2 5 9 -6 6 10 8 -10 -11 -12
leaf_value=0.0044967339185414141 0.02446396181122798 0.041301000996492566 -0.027158639652431395 -0.010223665504558631 -0.045952430933344397 0.034831092847937069 -0.020819069250306039 -0.050867973841270522 -0.0067246785660342234 0.026916004936185789 0.013929179292001971
leaf_weight=224.56919439136982 195.16558197140694 159.0246966406703 182.55094489455223 124.57249242067337 202.95601881295443 115.74564918130636 123.3607440367341 129.34704387187958 208.60893201082945 137.75475459545851 119.40562599897385
leaf_count=549 596 447 538 297 571 316 324 361 547 339 306
internal_value=-0.00227095 -0.00530306 0.00681604 -0.0135565 -0.0213939 -0.00337699 0.00877427 -0.0124674 -0.02372 0.00930748 -0.00374097
internal_weight=1923.06 1727.9 700.088 1027.81 765.481 541.063 358.512 562.525 337.956 262.327 242.766
internal_count=5191 4595 1931 2664 2028 1484 946 1457 908 636 630
is_linear=0
shrinkage=0.05


Tree=55
num_leaves=12
num_cat=0
split_feature=12 66 31 47 61 44 76 66 24 79 57
split_gain=57.4613 45.2384 42.5637 59.9432 54.3041 68.3892 51.9962 40.0565 63.939 68.0436 58.0658
threshold=0.2688385931804777 10.500000000000002 0.98818014705882373 0.63100369182815763 40.750000000000007 0.64067299911220066 1.2667025053402352 6.5000000000000009 3.341833333333335 2.6712614781755248 245.40625000000003
decision_type=10 2 10 2 2 8 8 2 8 8 2
left_child=1 2 3 4 -1 7 -4 -6 10 -10 -9
right_child=-2 -3 6 -5 5 -7 -8 8 9 -11 -12
leaf_value=0.015679833197075617 0.03443137305251618 -0.031290311870906667 0.036632964714425426 0.024082343199051223 0.0067538855523784072 0.014926532578757749 -0.0098596848483657618 -0.026122810256658725 -0.053999487218159038 -0.010034144823385232 0.016276166790800749
leaf_weight=223.89735454320908 118.06774639338255 117.51581364125013 161.0097519159317 181.5199953019619 138.69813217967749 197.75853982567787 95.076717011630535 171.92217680811882 224.50748886168003 145.2192667350173 150.57659692317247
leaf_count=523 274 333 437 517 355 533 405 421 457 487 466
internal_value=0.000787028 -0.00142823 0.000665304 -0.00269142 -0.00658751 -0.0114446 0.0194005 -0.0177313 -0.02264 -0.0368047 -0.00633736
internal_weight=1925.77 1807.7 1690.19 1434.1 1252.58 1028.68 256.086 830.924 692.226 369.727 322.499
internal_count=5208 4934 4601 3759 3242 2719 842 2186 1831 944 887
is_linear=0
shrinkage=0.05


Tree=56
num_leaves=14
num_cat=0
split_feature=24 70 29 21 44 6 80 3 76 23 23 56 79
split_gain=69.4076 42.1579 47.7735 66.9673 62.607 127.126 95.2049 109.826 66.3107 46.3493 36.1312 42.8181 29.2564
threshold=4.0646250000000004 0.32135409329738646 0.001411804559222063 5.8377192982456148 0.59222040095826511 6.3644391122847113 6.1122151815436245 14.381333333333336 1.0858893068313875 7.4628073770491818 6.3550349266148656 4.41583001648796 2.5589937034817125
decision_type=10 2 10 10 8 10 2 10 8 10 8 2 10
left_child=1 2 3 4 5 6 -1 -8 -6 -7 -10 12 -12
right_child=-2 -3 -4 -5 8 9 7 -9 10 -11 11 -13 -14
leaf_value=-0.0089626438475163463 0.026099130599995496 0.017363581146559066 -0.032842550457516682 -0.033107670386328732 0.019987520117400001 -0.041201773483647917 0.076699525846757419 0.0148540779036487 -0.00040685340281269747 0.0011025747727714365 -0.0273873101942613 -0.0083333770470129225 -0.067025835430235228
leaf_weight=144.39536789804697 173.7812571823597 161.4910477399826 190.05097857862711 198.09207293391228 108.14938290417194 127.25316255539656 121.83098264038563 174.22448829561472 118.94751510024071 130.65281025320292 95.484095633029938 112.19999874383211 94.400511026382446
leaf_count=354 476 479 555 481 262 286 311 457 336 323 392 348 231
internal_value=-0.00396967 -0.00692298 -0.00935972 -0.00620839 -0.00184415 0.00798112 0.0242853 0.0404769 -0.0148011 -0.0198493 -0.0237633 -0.0329284 -0.0473414
internal_weight=1950.95 1777.17 1615.68 1425.63 1227.54 698.357 440.451 296.055 529.182 257.906 421.032 302.085 189.885
internal_count=5291 4815 4336 3781 3300 1731 1122 768 1569 609 1307 971 623
is_linear=0
shrinkage=0.05


Tree=57
num_leaves=13
num_cat=0
split_feature=7 15 24 80 24 31 50 69 50 31 50 41
split_gain=53.5844 76.4241 82.6318 80.4932 52.7168 63.1018 48.0094 40.6027 69.8977 60.9021 60.0609 42.7425
threshold=17.103444444444449 0.99198717854351703 -0.42895104895104991 15.337170363036225 -0.84839999999999971 0.98818014705882373 17.800909090909094 0.11771764905646813 17.969615384615388 0.66125000000000012 15.533500000000002 11.500000000000002
decision_type=10 10 10 2 8 10 10 2 10 10 8 10
left_child=4 2 -2 -3 -1 7 -5 8 10 -10 -6 -9
right_child=1 3 -4 6 5 -7 -8 11 9 -11 -12 -13
leaf_value=-0.027503220237651151 0.010256656689561489 0.036540091454925934 0.063223678901066852 -0.033451686708838267 0.014942491679189401 0.034264019573952365 0.0064838195109951577 -0.042493448717650179 0.051095733680716564 0.00031280507347958546 -0.02523489311134345 -0.0031413983989494704
leaf_weight=201.50001099705696 180.6560782417655 103.79498428851366 123.85423803329468 156.13066030293703 149.37859582901001 120.40034497529268 143.90653967112303 118.95621611922979 111.43417099118233 124.34308893978596 243.28243801742792 162.85897427052259
leaf_count=562 497 249 340 461 371 355 462 297 325 306 593 410
internal_value=0.00211913 0.0130676 0.0319365 -0.00120425 -0.00418045 0.000401557 -0.0143395 -0.00411016 0.00296567 0.0244285 -0.00995123 -0.0198437
internal_weight=1940.5 708.343 304.51 403.832 1232.15 1030.65 300.037 910.253 628.438 235.777 392.661 281.815
internal_count=5228 2009 837 1172 3219 2657 923 2302 1595 631 964 707
is_linear=0
shrinkage=0.05


Tree=58
num_leaves=15
num_cat=0
split_feature=44 41 47 69 47 23 8 43 55 3 50 76 5 57
split_gain=59.266 51.0541 43.8163 100.742 73.1691 71.4096 64.5414 57.5391 57.3436 84.8877 67.4965 46.4594 30.8831 24.8924
threshold=0.5174709302325583 25.500000000000004 0.54621575607491113 0.031423243821699767 0.58601079629578556 5.9825290619086244 17.611687962796061 62.303846153846159 17.341176470588241 15.483333333333336 16.704666666666672 1.280182116680455 17.953333333333337 237.03125000000003
decision_type=8 8 2 2 2 8 8 10 2 8 10 8 10 2
left_child=1 -1 3 -2 6 -6 7 -4 9 -7 -10 -12 -11 -8
right_child=2 -3 4 -5 5 8 13 -9 10 12 11 -13 -14 -15
leaf_value=0.044218427144207595 0.037507362465214411 0.0026888501126689779 -0.026032888892861702 -0.014562026444514429 0.038616949310130613 -0.054254239778203553 -0.055372005136705815 0.019292517328608035 -0.01614089461663934 0.020860635161474846 0.054837120308308951 0.0056073180376628277 -0.018749325512280906 -0.023377551804385152
leaf_weight=136.51910923421383 194.10615542531013 160.52949112653732 146.40049266070127 176.53554300218821 119.05387525260448 108.62393863499165 124.03794760257006 132.41424614936113 133.03134480118752 95.858862154185772 94.522983908653259 96.687107488512993 99.033063068985939 123.2374861985445
leaf_count=292 507 388 343 456 304 305 273 373 401 297 271 346 306 335
internal_value=0.00134561 0.0218595 -0.00237305 0.0127344 -0.00677856 0.00328441 -0.0210426 -0.004515 -0.00346715 -0.0190551 0.0111381 0.0301023 0.000740127 -0.0395849
internal_weight=1940.59 297.049 1643.54 370.642 1272.9 746.811 526.09 278.815 627.757 303.516 324.241 191.21 194.892 247.275
internal_count=5197 680 4517 963 3554 2230 1324 716 1926 908 1018 617 603 608
is_linear=0
shrinkage=0.05


Tree=59
num_leaves=13
num_cat=0
split_feature=31 79 47 62 4 25 44 55 25 80 44 75
split_gain=46.9096 64.9294 48.0811 43.0432 63.5106 100.415 65.2075 43.0534 67.3942 88.9707 64.0875 34.6213
threshold=0.98907843137254903 3.0395670246309412 0.63100369182815763 27.375000000000004 18.876991190433802 0.02833333333333338 0.65733009557610289 16.158750000000001 0.56900000000000006 9.1383260781165916 0.55911507437670238 15.515000000000002
decision_type=10 8 2 2 10 8 8 2 8 2 10 10
left_child=2 -2 3 4 6 -6 7 11 10 -10 -9 -1
right_child=1 -3 -4 -5 5 -7 -8 8 9 -11 -12 -13
leaf_value=-0.010686299646527389 0.037087693407475544 -0.015104417676434254 0.020630741151861288 -0.030109257263958241 0.051401989576868201 -0.011014682795319478 0.022622163488663388 -0.050526275534017888 -0.019450458648182612 0.034685842486428795 -0.0047035503242992844 -0.046424202802826248
leaf_weight=131.83413978666067 185.70883151888847 86.854420624673367 207.16542388498783 152.41349852830172 127.69046740978956 128.47855966538191 152.78436648100615 117.78358639031649 132.54974441975355 175.03366664797068 214.02739533782005 140.15227039158344
leaf_count=336 521 403 593 461 348 304 370 301 343 431 589 291
internal_value=0.00126112 0.0204618 -0.00186449 -0.00504065 -0.00212625 0.0201765 -0.00750894 -0.0125794 -0.0054729 0.011369 -0.0210723 -0.0292043
internal_weight=1952.48 272.563 1679.91 1472.75 1320.33 256.169 1064.17 911.381 639.394 307.583 331.811 271.986
internal_count=5291 924 4367 3774 3313 652 2661 2291 1664 774 890 627
is_linear=0
shrinkage=0.05


Tree=60
num_leaves=13
num_cat=0
split_feature=24 41 70 39 54 5 28 47 5 61 48 23
split_gain=60.333 71.5294 54.2988 49.8086 79.8435 82.7619 80.069 69.3485 75.8727 74.0416 49.5003 48.3137
threshold=3.1130833333333343 13.500000000000002 0.32865831047255739 27.544147843942508 20.839743589743595 12.790000000000001 17.261075000000002 0.54446916236140319 18.31666666666667 43.250000000000007 20.788602941176475 7.190699023925724
decision_type=10 10 2 2 8 10 8 2 10 2 2 8
left_child=2 -2 3 7 5 -5 11 -1 9 -9 -11 -6
right_child=1 -3 -4 4 6 -7 -8 8 -10 10 -12 -13
leaf_value=0.028459927169957544 0.052153903031932472 -0.0042912135740804918 0.02525268124457189 -0.0049782952154137821 0.0036779037632273361 -0.060960983770310111 0.020706097849848351 0.0066848361473822648 0.02348405327597116 -0.059409943629540822 -0.014154128192827365 -0.036480707415910654
leaf_weight=191.3103438615799 110.60973356664181 112.62332459539175 145.9642596244812 114.29630545526743 127.8297803401947 155.91707782447338 200.86725921928883 186.96256215125322 157.45277344435453 111.81812506914139 131.90757592022419 179.28604060411453
leaf_count=476 307 314 429 291 313 430 594 468 428 279 390 501
internal_value=-0.000597283 0.0237846 -0.00380425 -0.00654158 -0.0154814 -0.0373868 -0.00377862 0.00239226 -0.00612094 -0.0169734 -0.0350748 -0.0198079
internal_weight=1926.85 223.233 1703.61 1557.65 778.196 270.213 507.983 779.451 588.141 430.688 243.726 307.116
internal_count=5220 621 4599 4170 2129 721 1408 2041 1565 1137 669 814
is_linear=0
shrinkage=0.05


Tree=61
num_leaves=13
num_cat=0
split_feature=59 79 51 64 60 64 20 55 33 39 52 61
split_gain=45.0425 79.4781 85.2962 148.067 55.5696 55.3934 72.1264 76.8649 51.7128 46.1322 41.4612 39.6958
threshold=0.75000000000000011 2.004643255124845 4.6364916773367488 42.500000000000007 6.2500000000000009 51.500000000000007 5.2928571428571436 17.675294117647063 4.9687500000000009 25.690622861054077 248.77747252747255 44.250000000000007
decision_type=2 8 8 10 2 10 8 2 10 2 8 2
left_child=5 -2 4 -4 9 6 7 -1 -7 -3 -8 -11
right_child=1 2 3 -5 -6 8 10 -9 -10 11 -12 -13
leaf_value=-0.042209755646118792 0.036789411997452212 0.019162543955606074 -0.01617452250080539 0.060200868579262545 -0.038895247618517821 -0.0048961727707891312 0.035000341951248813 0.012739825476200735 -0.040027759056715032 -0.036760475254821519 -0.0013401320838366819 0.0038331514289451601
leaf_weight=144.42619491368532 175.32919335365295 153.99848699569702 121.59450076520443 130.96347953379154 138.03245334327221 209.16135926544666 161.82218111306429 112.50997804105282 209.46883285045624 115.61737930774689 151.3961350992322 124.18619503080845
leaf_count=372 468 418 295 339 397 568 382 306 583 313 444 371
internal_value=-0.00125541 0.00645751 -0.000360559 0.023511 -0.0117196 -0.00874058 0.00140469 -0.0181917 -0.0225284 -0.00211976 0.0174866 -0.0158098
internal_weight=1948.51 959.722 784.392 252.558 531.835 988.785 570.154 256.936 418.63 393.802 313.218 239.804
internal_count=5256 2601 2133 634 1499 2655 1504 678 1151 1102 826 684
is_linear=0
shrinkage=0.05


Tree=62
num_leaves=13
num_cat=0
split_feature=80 7 19 16 27 36 65 79 53 53 32 58
split_gain=61.521 73.2546 87.6053 56.6234 52.2378 50.624 57.2642 51.2347 55.0352 39.2923 23.2255 9.10221
threshold=6.1122151815436245 19.264250000000001 4.6125000000000007 10.083333333333334 21.126517857142861 0.42977586061465234 10.500000000000002 3.6769075971600844 2.1291666666666669 2.6961538461538468 9.1250000000000018 23.545955882352946
decision_type=2 10 10 10 8 10 10 8 10 10 10 2
left_child=10 2 3 -2 -3 -5 7 8 -7 -10 -1 -9
right_child=1 4 -4 5 -6 6 -8 11 9 -11 -12 -13
leaf_value=-0.0059680260979398259 0.031122651225143044 0.0027071937027328525 0.047617673476262036 -0.018814260399334981 -0.036935736692658032 0.041172504515130492 -0.024188530710554438 -0.030290400611687002 -0.013192722287825476 0.023620362786713141 -0.034154909972870719 -0.0016751082393286127
leaf_weight=173.68209301680326 204.94197548180819 198.14824122190475 152.48050770163536 219.22632177919149 141.96332144737244 205.96227352321148 111.70112200081348 55.068670466542244 128.53664053976536 163.78409378230572 125.84165133535862 55.3459727242589
leaf_count=482 512 573 349 568 365 473 354 312 289 393 285 289
internal_value=0.00291277 0.00672633 0.0121414 0.00737778 -0.0138996 0.00217119 0.00857455 0.0146167 0.0214397 0.00744345 -0.0178847 -0.0160906
internal_weight=1936.68 1637.16 1297.05 1144.57 340.112 939.625 720.399 608.698 498.283 292.321 299.524 110.415
internal_count=5244 4477 3539 3190 938 2678 2110 1756 1155 682 767 601
is_linear=0
shrinkage=0.05


Tree=63
num_leaves=14
num_cat=0
split_feature=53 50 50 45 9 49 55 70 31 5 16 79 73
split_gain=70.4962 71.695 49.0348 37.7087 67.2158 58.9744 110.776 60.2829 61.8755 91.9038 53.6541 50.1985 35.0042
threshold=1.0333333333333334 12.661666666666667 14.013809523809526 17.679487179487186 14.507333333333333 5.5000000000000009 17.505000000000006 0.0053908747457134558 0.99211397058823547 20.210000000000004 30.839743589743595 2.6773710160097752 11.500000000000002
decision_type=8 8 8 10 10 2 2 2 8 8 8 8 2
left_child=-1 -2 -3 4 11 6 -5 8 9 12 -9 -4 -7
right_child=1 2 3 5 -6 7 -8 10 -10 -11 -12 -13 -14
leaf_value=0.037966209264886946 0.033541937320703839 -0.036050853404406828 -0.027329418847622501 -0.055848268021323103 0.040015904887823341 0.024524728427388565 0.0031074565617768275 -0.043267114638088328 -0.017213225857895267 0.05356546963241976 0.00099524973757471802 0.01813453894995563 -0.0093999994606761769
leaf_weight=112.38579856604338 126.27076621353626 119.9365706667304 120.58499521017075 155.0127515271306 128.43853037804365 121.29914819449186 162.63716630637646 130.64553704857826 175.71603851020336 126.89888286590576 142.56825378537178 120.31685722619295 200.08668033778667
leaf_count=287 332 299 239 409 332 316 428 343 532 344 460 362 551
internal_value=-0.000292564 -0.00266107 -0.00536168 -0.003017 0.0109542 -0.00727 -0.0257478 -0.000706721 0.00786919 0.0177173 -0.0202508 -0.00464164 0.00344041
internal_weight=1942.8 1830.41 1704.14 1584.2 369.34 1214.86 317.65 897.215 624.001 448.285 273.214 240.902 321.386
internal_count=5234 4947 4615 4316 933 3383 837 2546 1743 1211 803 601 867
is_linear=0
shrinkage=0.05


Tree=64
num_leaves=13
num_cat=0
split_feature=53 62 44 44 53 65 47 21 21 23 60 62
split_gain=46.5941 61.6339 66.5129 72.1191 59.4494 72.919 68.5993 64.3213 63.9935 56.0883 38.502 33.0351
threshold=1.0333333333333334 27.375000000000004 0.49731460382474263 0.52088524289081406 2.5419580419580421 6.5000000000000009 0.54621575607491113 3.570197044334976 5.7387914230019499 7.2183610796832083 -1.2499999999999998 21.875000000000004
decision_type=8 2 8 8 8 8 2 8 8 8 2 2
left_child=-1 2 -2 -4 5 -5 -6 11 9 -8 -9 -7
right_child=1 -3 3 4 6 7 8 10 -10 -11 -12 -13
leaf_value=0.029193908050066459 -0.032298986548466246 -0.030573305978304051 0.039894387974464304 0.017656762110821424 0.040249643307802792 0.019586899640419826 0.035253817382253354 -0.046126105454752445 -0.019526635665419168 -0.010289749722585756 -0.010384423216958261 -0.018445646107703075
leaf_weight=113.96418423205614 148.33627472817898 189.07345084100962 118.85693430155516 176.45132604986429 148.49355892837048 117.81619600206614 168.10920957475901 209.55704765766859 206.70638155937195 112.0120682939887 118.44875600934029 108.91845292598009
leaf_count=292 334 569 262 561 357 323 444 546 542 335 314 325
internal_value=-0.00168042 -0.0036257 -0.00049018 0.002706 -0.000555394 -0.01027 0.0106238 -0.0191688 0.00152323 0.0170705 -0.0332899 0.00131611
internal_weight=1936.74 1822.78 1633.71 1485.37 1366.51 731.192 635.321 554.74 486.828 280.121 328.006 226.735
internal_count=5204 4912 4343 4009 3747 2069 1678 1508 1321 779 860 648
is_linear=0
shrinkage=0.05


Tree=65
num_leaves=12
num_cat=0
split_feature=80 5 14 69 69 76 60 39 6 41 64
split_gain=88.9466 71.1805 85.9102 43.1864 90.8569 92.9482 70.3348 66.6257 67.9763 51.0263 28.5965
threshold=21.898265821471728 19.276666666666671 0.99559027777777798 0.1152736163985623 0.011985563456151692 1.1562394920850727 1.2500000000000002 30.544832306639289 5.0196238019789101 74.500000000000014 55.500000000000007
decision_type=2 10 10 2 2 8 2 2 10 10 10
left_child=1 3 -3 4 5 -1 -6 8 -7 10 -5
right_child=-2 2 -4 9 6 7 -8 -9 -10 -11 -12
leaf_value=-0.041611965386691617 -0.039407349881994597 0.045682340554240017 -0.0039461781577867193 -0.012411638080927547 0.0048901535278550578 -0.026424596997581592 0.048107697297343543 0.033837344373890847 0.019067445063771102 0.013829629562628518 -0.043127206443083169
leaf_weight=141.04813772439957 120.90936648100615 205.36298191547394 150.75738653540611 224.75874570012093 202.84674666821957 195.93557734042406 175.08862290531397 136.45519275963306 139.92178220301867 130.56494530290365 114.31838615238667
leaf_count=300 343 534 448 577 554 533 445 408 426 359 311
internal_value=0.00193897 0.00471037 0.0247207 -0.000180958 0.00573554 -0.00614738 0.0249859 0.00450906 -0.00747178 -0.0126548 -0.0228636
internal_weight=1937.97 1817.06 356.12 1460.94 991.296 613.361 377.935 472.313 335.857 469.642 339.077
internal_count=5238 4895 982 3913 2666 1667 999 1367 959 1247 888
is_linear=0
shrinkage=0.05


Tree=66
num_leaves=15
num_cat=0
split_feature=47 53 46 7 62 30 45 44 7 5 79 76 49 79
split_gain=63.4183 99.5661 61.7481 56.7951 66.5485 45.4853 65.3001 77.6475 77.5972 54.6149 43.4152 42.5267 28.9462 17.592
threshold=0.63312892724657444 2.4409722222222228 66.759191176470594 15.945 18.875000000000004 0.11449091407695038 16.792857142857148 0.58719439475253443 18.684100000000004 20.788333333333338 2.6020758854227286 1.3429575344841889 11.500000000000002 2.3959058086409009
decision_type=2 8 2 8 2 8 10 10 10 8 10 10 2 10
left_child=2 -2 3 4 -1 9 -7 8 -8 10 -5 12 13 -6
right_child=1 -3 -4 5 11 6 7 -9 -10 -11 -12 -13 -14 -15
leaf_value=0.010757940902279573 0.061607095377004477 -0.0098238184773879866 0.028097218851297234 0.025504160758826402 -0.043149740895565607 0.040931218924545654 0.03832110979593345 -0.027966031240687379 -0.0099439764430999215 -0.034872816356818347 -0.01958656450783984 -0.053451332167158132 0.0012419013561921525 -0.015135355657701825
leaf_weight=145.01437421143055 97.051229208707809 96.618003137409687 137.05111100524664 108.9379568323493 113.68496883660555 126.01443915069103 167.32389573007822 158.61631855368614 164.16797064244747 161.87679237872362 102.79810890555382 120.44636429846287 117.33063764870167 112.83860211074352
leaf_count=362 309 291 499 371 348 285 412 494 362 439 254 266 308 254
internal_value=-0.000958677 0.0261041 -0.00399093 -0.00675698 -0.0187531 0.000639734 0.00898193 0.000700654 0.0144603 -0.0131046 0.0036234 -0.0279736 -0.0189201 -0.0293227
internal_weight=1929.77 193.669 1736.1 1599.05 609.315 989.735 616.123 490.108 331.492 373.613 211.736 464.301 343.854 226.524
internal_count=5254 600 4654 4155 1538 2617 1553 1268 774 1064 625 1176 910 602
is_linear=0
shrinkage=0.05


Tree=67
num_leaves=13
num_cat=0
split_feature=62 62 52 69 39 41 45 23 69 51 75 62
split_gain=39.9977 52.7319 81.361 59.6868 59.0198 57.5292 87.8824 51.5695 47.4541 43.4135 50.8597 38.1484
threshold=27.375000000000004 26.125000000000004 185.53125000000003 0.12909764127002032 35.070499657768657 11.500000000000002 21.881944444444446 6.9089477174754075 0.0042255027813436043 4.011431931016463 20.345000000000002 19.625000000000004
decision_type=2 2 8 2 2 8 10 10 2 8 8 2
left_child=1 2 -1 4 5 6 -4 11 -2 -5 -11 -7
right_child=8 -3 3 9 -6 7 -8 -9 -10 10 -12 -13
leaf_value=-0.039949316192442283 -0.045349695045237559 0.033350394361740449 0.041731029481713214 0.011946050998035784 0.043612855191998895 0.0038457183192315302 -0.0042041647686909493 0.014816227015128523 0.0028614762930371149 -0.039855197213427812 0.0021012081008994136 -0.030951136077929771
leaf_weight=116.29519508779049 99.1367042735219 128.17288953065872 213.55510880053043 126.95152153074741 113.30249893665314 128.388078764081 201.97709384560585 196.66075197607279 103.87646885216236 177.36693380773067 121.22367634624243 201.96772430837154
leaf_count=247 287 374 558 354 309 315 534 597 318 381 379 551
internal_value=0.000148678 0.0026221 0.000137632 0.00330944 0.00967914 0.00555811 0.0194469 -0.00540874 -0.0207882 -0.0124806 -0.0228713 -0.017457
internal_weight=1928.87 1725.86 1597.69 1481.39 1055.85 942.549 415.532 527.017 203.013 425.542 298.591 330.356
internal_count=5204 4599 4225 3978 2864 2555 1092 1463 605 1114 760 866
is_linear=0
shrinkage=0.05


Tree=68
num_leaves=13
num_cat=0
split_feature=31 16 64 23 58 50 23 21 50 23 62 12
split_gain=54.6485 105.847 46.7818 57.532 84.0981 71.0969 64.1404 41.2094 53.4314 70.3932 37.1672 15.4797
threshold=0.98782352941176466 32.919871794871803 69.500000000000014 7.607201791607733 25.424632352941178 19.162936507936511 6.8979786806114243 3.4295634920634925 16.293000000000003 7.168657460136675 24.625000000000004 0.078643125854061427
decision_type=10 10 8 8 2 8 10 8 8 10 2 10
left_child=2 -2 7 5 10 6 -4 11 -9 -10 -5 -1
right_child=1 -3 3 4 -6 -7 -8 8 9 -11 -12 -13
leaf_value=-0.018470189609891163 0.052236956746802725 -0.0085500521906123964 0.0099273805438851882 -0.0087332237983697974 0.025568394058722261 -0.014118488464794497 0.051514459805577444 -0.027297903638960088 -0.010843354757397198 0.036820143536096986 -0.045168368864331926 -0.044758893197168408
leaf_weight=131.95369386672974 136.52817974984646 148.91876848787069 237.45666647702456 161.24233704805374 116.85297140479088 150.82018771767616 151.76477556675673 166.99288487434387 201.7551890835166 124.42031091451645 123.51815695315599 99.659155681729317
leaf_count=414 410 550 538 398 307 384 363 400 536 330 324 300
internal_value=0.000430269 0.020605 -0.00303578 0.00431282 -0.0100043 0.0149589 0.0262334 -0.0125761 -0.00438394 0.00739495 -0.0246401 -0.0299256
internal_weight=1951.88 285.447 1666.44 941.655 401.613 540.042 389.221 724.781 493.168 326.175 284.76 231.613
internal_count=5254 960 4294 2314 1029 1285 901 1980 1266 866 722 714
is_linear=0
shrinkage=0.05


Tree=69
num_leaves=13
num_cat=0
split_feature=70 12 75 19 61 16 60 60 27 5 19 64
split_gain=51.0781 42.2393 90.0412 65.9358 83.1216 49.2162 50.288 53.2268 59.8536 43.0067 40.1839 30.7948
threshold=0.31144636015325677 0.063734042622663606 18.415000000000003 4.5916666666666677 45.250000000000007 31.408333333333335 -3.7499999999999996 3.7500000000000004 11.822666666666668 15.190000000000003 3.4833333333333338 69.500000000000014
decision_type=2 8 8 10 2 8 2 2 10 10 8 8
left_child=1 2 -1 5 -5 9 -7 8 -8 -3 -10 -4
right_child=-2 3 11 4 -6 6 7 -9 10 -11 -12 -13
leaf_value=0.047996457770645429 0.025043699803456904 -0.013991446184688883 -0.02300287794549255 0.035848331166146677 -0.011847194426312196 -0.028515095917438983 -0.015096301113638931 -0.019242453550769145 0.0093627694941835083 -0.050538363048200946 0.051114752872076188 0.012492970172490726
leaf_weight=123.08305817842484 196.91509853303432 219.47215416282415 115.0813742056489 185.81196162104607 178.02144087105989 162.92827531695366 113.06445080041885 173.69764685630798 122.31671014428139 127.19382429122925 108.91132005304098 128.07913875579834
leaf_count=249 567 549 387 439 432 469 292 510 383 299 284 409
internal_value=0.000962221 -0.00174839 0.013337 -0.00572583 0.0125427 -0.0122 -0.00437782 0.00325462 0.0146274 -0.0275075 0.0291639 -0.00433167
internal_weight=1954.58 1757.66 366.244 1391.42 363.833 1027.58 680.918 517.99 344.292 346.666 231.228 243.161
internal_count=5269 4702 1045 3657 871 2786 1938 1469 959 848 667 796
is_linear=0
shrinkage=0.05


Tree=70
num_leaves=13
num_cat=0
split_feature=44 59 65 46 55 70 50 28 76 15 54 9
split_gain=38.2797 75.2894 38.426 82.5305 64.417 72.5982 58.3441 74.5039 64.3151 85.6746 45.3494 40.773
threshold=0.52247920997921005 1.0000000180025095e-35 8.5000000000000018 63.667279411764717 14.890110294117649 0.25509834368530027 19.833636363636369 16.192255514705884 1.1372149228659789 0.99749265056185632 22.919871794871799 17.31366666666667
decision_type=8 2 10 2 2 2 8 8 10 10 10 8
left_child=1 -1 4 11 -2 6 8 -8 9 10 -6 -4
right_child=2 -3 3 -5 5 -7 7 -9 -10 -11 -12 -13
leaf_value=-0.0089124728089264912 0.031524222384527227 0.038428221270411005 0.024508132128570125 -0.043260606043205391 -0.015279172496267444 0.031813290387725589 -0.058501719932338471 -0.0055299926479983703 0.018933741941210586 -0.04909470294860916 0.024966107190751909 -0.019004030405052937
leaf_weight=164.63568826764822 149.83126944303513 169.79485131055117 110.1399790123105 168.58596834540367 162.90418164432049 127.74914146959782 113.13392586261034 159.20688956230879 263.18919767439365 114.85722475498915 121.17945372313261 103.4461614638567
leaf_count=377 434 385 324 541 466 369 297 453 567 370 339 292
internal_value=-0.000187806 0.0151659 -0.00341615 -0.017218 0.000946322 -0.00339243 -0.00823418 -0.0276687 -0.00021091 -0.0128568 0.00191532 0.00344354
internal_weight=1928.65 334.431 1594.22 382.172 1212.05 1062.22 934.471 272.341 662.13 398.941 284.084 213.586
internal_count=5214 762 4452 1157 3295 2861 2492 750 1742 1175 805 616
is_linear=0
shrinkage=0.05


Tree=71
num_leaves=14
num_cat=0
split_feature=53 76 75 69 62 58 44 32 32 41 76 21 55
split_gain=45.9344 79.5941 53.4847 42.1468 49.4063 47.3001 42.9915 106.943 87.5821 67.4137 61.111 58.3918 25.0057
threshold=1.6547619047619049 1.0691177322370033 23.625000000000004 0.18137212625471391 28.125000000000004 21.79411764705883 0.58215019850466543 32.535714285714292 31.937254901960788 7.5000000000000009 1.0638699535596776 2.4045454545454548 17.341176470588241
decision_type=8 10 8 2 2 2 10 10 8 8 10 10 2
left_child=1 2 -1 4 6 -5 7 9 -8 -2 -11 -10 -13
right_child=3 -3 -4 5 -6 -7 8 -9 11 10 -12 12 -14
leaf_value=0.068554205211138031 0.027736454863982282 -0.0065195549991501553 0.014407527415871724 0.0011770279162555354 -0.030328108679258101 -0.040023496052530666 0.018634788899978605 0.041801877088383677 0.0074315559626899341 -0.03156055710956842 0.010521145349189437 -0.057599238268677203 -0.02217229454937401
leaf_weight=86.888852715492249 146.52803266793489 178.06954917311668 96.21422466635704 134.78748495876789 112.00269687175751 143.05414551496506 200.57210024446249 212.06355858594179 99.463849030435085 190.31214548647404 156.42791439592838 96.473181843757629 106.1018787920475
leaf_count=190 330 408 422 336 329 395 507 550 342 489 357 309 330
internal_value=0.00120205 0.0172799 0.0403348 -0.00244081 0.00128952 -0.0201036 0.00424383 0.0121993 -0.00692244 -0.000586102 -0.0126002 -0.0238995 -0.0392439
internal_weight=1958.96 361.173 183.103 1597.79 1319.95 277.842 1207.94 705.332 502.611 493.268 346.74 302.039 202.575
internal_count=5294 1020 612 4274 3543 731 3214 1726 1488 1176 846 981 639
is_linear=0
shrinkage=0.05


Tree=72
num_leaves=14
num_cat=0
split_feature=33 45 65 6 52 6 75 75 13 65 64 33 50
split_gain=57.398 43.1995 47.4663 41.32 36.3463 68.4497 67.7964 86.4808 80.1574 64.4884 58.3969 54.3274 50.458
threshold=9.7196078431372559 30.031250000000004 10.500000000000002 1.7321720460954224 261.60984848484856 6.4685704022477815 17.715000000000003 19.745000000000001 0.047650139046094685 10.500000000000002 69.500000000000014 5.8875000000000002 18.263666666666669
decision_type=10 8 8 8 8 8 8 10 10 8 8 8 10
left_child=1 3 -3 -1 5 10 -7 8 -8 12 -5 -11 -6
right_child=-2 2 -4 4 9 6 7 -9 -10 11 -12 -13 -14
leaf_value=-0.027513968509807446 0.035018869719564187 0.0042244736163290393 -0.037912059932755322 0.0051224936150698966 -0.058893306772116287 -0.029761630506531963 -0.0078357429011854905 -0.019215398285608934 0.044038964045868961 0.03249646049424703 0.042996715494937082 -0.016647503380694477 -0.0036267058081342987
leaf_weight=109.57687941193581 114.92562136799097 117.67986492812634 153.13811737298965 194.07036604732275 85.573606498539448 155.56274846196175 121.17721213400364 183.39499834179878 191.10571850091219 114.68121059983969 213.71545146405697 108.55423313379288 79.240194141864777
leaf_count=278 295 317 380 529 310 292 329 422 540 359 496 379 320
internal_value=0.000901495 -0.00126205 -0.0196541 0.00194826 0.00419669 0.00899157 -0.00107322 0.0079721 0.0239489 -0.00887854 0.0250285 0.00863122 -0.032504
internal_weight=1942.4 1827.47 270.818 1556.65 1447.08 1059.03 651.241 495.678 312.283 388.049 407.786 223.235 164.814
internal_count=5246 4951 697 4254 3976 2608 1583 1291 869 1368 1025 738 630
is_linear=0
shrinkage=0.05


Tree=73
num_leaves=13
num_cat=0
split_feature=19 7 19 48 28 64 60 53 33 76 30 35
split_gain=61.1863 66.736 67.3276 64.1597 54.9735 71.0147 44.7766 36.5209 46.1233 64.8251 51.7398 62.9273
threshold=3.7416666666666671 19.264250000000001 4.6770833333333348 22.909926470588239 17.408392857142861 81.500000000000014 -6.7499999999999991 3.3693181818181821 4.0312500000000018 0.89826642159979364 0.078805610729920109 1.5000000000000002
decision_type=10 10 10 2 10 8 2 10 8 10 8 2
left_child=4 2 -2 -3 6 -6 -1 8 9 -8 -10 -12
right_child=1 3 -4 -5 5 -7 7 -9 10 -11 11 -13
leaf_value=0.01297983723677508 0.0083582962688529914 0.023714859160701998 0.055688799763265719 -0.024542279343081872 -0.0087135162346058635 0.03887735659421844 -0.012933029371749009 0.0091989353438592728 0.013237250370547279 -0.062813014494250918 -0.041951123149182284 0.0035103788726064769
leaf_weight=183.29768116027117 153.22167437523603 126.41011592745781 147.22705402225256 148.94100727140903 160.88114197552204 151.32074046880007 146.17798857390881 140.11909878998995 165.82240845263004 117.47087714076042 167.04851457476616 138.88343074917793
leaf_count=498 384 316 339 372 570 445 464 359 444 243 466 369
internal_value=0.00174109 0.0154044 0.0316592 -0.00238241 -0.00400424 0.0144037 -0.00944045 -0.0141438 -0.0185978 -0.0353108 -0.00920247 -0.0213688
internal_weight=1946.82 575.8 300.449 275.351 1371.02 312.202 1058.82 875.522 735.403 263.649 471.754 305.932
internal_count=5269 1411 723 688 3858 1015 2843 2345 1986 707 1279 835
is_linear=0
shrinkage=0.05


Tree=74
num_leaves=13
num_cat=0
split_feature=51 52 61 26 39 76 5 8 28 69 55 50
split_gain=46.7443 63.2369 81.9509 59.9337 55.4357 84.4404 55.5139 64.5456 37.3557 36.3863 55.9183 40.8445
threshold=3.7516582473094666 261.60984848484856 48.250000000000007 13.500000000000002 23.708418891170435 1.0241561892053541 17.240000000000006 13.931708017971053 15.955395833333334 0.12909764127002032 17.089301470588239 16.926410256410261
decision_type=8 8 2 2 2 8 8 10 10 2 2 10
left_child=3 2 4 -1 -2 -6 7 -7 -9 10 -3 -12
right_child=1 9 -4 -5 5 6 -8 8 -10 -11 11 -13
leaf_value=-0.0033749613955049995 0.030071448416531622 0.015457985571813625 0.037217359631173848 -0.048764253340123978 -0.0415264163404305 0.012006129556553814 0.024178326248049824 -0.0044024397961727642 -0.043434188516373123 -0.038532480185660911 -0.046063920271923929 -0.0030641384071318743
leaf_weight=181.43243004381657 134.59053421765566 157.4099210575223 179.72261863201857 120.56936780363321 128.2450480312109 232.9645132869482 205.91183966398239 118.35269256681204 126.72359730303288 122.59474409371614 104.05290521681309 116.7578731328249
leaf_count=505 350 518 427 398 249 492 537 274 359 405 292 403
internal_value=-0.00356546 -0.000207927 0.00636368 -0.021597 0.000473836 -0.00446178 0.00253854 -0.00681363 -0.0246794 -0.014973 -0.00725508 -0.0234433
internal_weight=1929.33 1627.33 1126.51 302.002 946.788 812.198 683.953 478.041 245.076 500.815 378.221 220.811
internal_count=5209 4306 2688 903 2261 1911 1662 1125 633 1618 1213 695
is_linear=0
shrinkage=0.05


Tree=75
num_leaves=13
num_cat=0
split_feature=18 46 52 25 47 80 69 40 54 44 52 75
split_gain=46.5803 42.7481 74.8494 70.2748 61.3124 54.7996 61.0528 59.5934 105.793 94.0038 59.0756 58.3681
threshold=0.07417582417582419 65.029411764705898 229.88750000000002 -0.067499999999999935 0.63274769058556901 2.2728635135793902 0.13864970089748477 4.5000000000000009 26.809090909090912 0.56996813718659733 246.04545454545459 18.305000000000003
decision_type=10 2 10 10 2 2 2 2 8 8 8 10
left_child=1 4 -3 -4 5 -1 7 9 11 -7 -8 -9
right_child=-2 2 3 -5 -6 6 10 8 -10 -11 -12 -13
leaf_value=-0.028336784776189457 -0.029679043686838436 -0.03481533770925014 0.032980479195471091 -0.019463796218267902 0.03882550029445786 0.056485985776713793 0.0082266410215768426 0.0085277345245710814 0.039634136929964599 0.0065888758013382181 -0.037903959375066715 -0.03279705806127281
leaf_weight=120.11245737969875 116.32559010386467 185.46902468055487 127.31656494736671 126.26410212367773 136.39507927000523 165.96180170029402 148.1472632214427 163.71209032833576 131.67893654108047 217.86786523461342 129.09152079373598 176.98046234250069
leaf_count=265 335 507 435 460 389 426 332 408 322 586 366 394
internal_value=0.000862341 0.00281995 -0.0107649 0.00689329 0.00711572 0.00363728 0.00704761 0.013648 0.00174493 0.0282543 -0.0133123 -0.0129725
internal_weight=1945.32 1829 439.05 253.581 1389.95 1253.55 1133.44 856.201 472.371 383.83 277.239 340.693
internal_count=5225 4890 1402 895 3488 3099 2834 2136 1124 1012 698 802
is_linear=0
shrinkage=0.05


Tree=76
num_leaves=13
num_cat=0
split_feature=15 7 7 55 16 65 21 57 61 69 76 9
split_gain=84.9745 75.2397 91.8184 58.452 53.4307 44.1822 60.3918 43.204 36.0114 56.7122 50.0814 26.7627
threshold=0.99252098173229164 17.527555555555558 19.379400000000004 14.793529411764707 32.033333333333339 5.5000000000000009 3.8343881856540087 237.76470588235296 44.250000000000007 0.051409136926827061 2.110512855884632 9.6550000000000011
decision_type=10 10 10 2 10 10 8 2 2 2 8 8
left_child=1 3 -3 -1 8 6 -2 -7 10 -10 -5 -12
right_child=5 2 -4 4 -6 7 -8 -9 9 -11 11 -13
leaf_value=0.032592167386126851 0.016691864819911497 0.059844540570591645 0.0010572262275953532 -0.027801416869323303 -0.034029626497370589 -0.053197492639278782 -0.023044046269608549 -0.01072116241555471 -0.0050973455292432183 0.032217330272756785 -0.0097643113100362028 0.023938532387412184
leaf_weight=128.39432556927204 175.4763045758009 133.17708773165941 131.60392368584871 190.95206874608994 121.63698615133762 120.49532376974821 207.77364385128021 119.25863236933947 223.29075233638287 185.8304096981883 120.33931781351566 113.61855096369982
leaf_count=329 505 363 343 400 372 305 584 435 569 486 280 344
internal_value=-0.000154886 0.00689877 0.0307394 0.00105276 -0.00321421 -0.0154131 -0.00485432 -0.0322012 0.00131535 0.0118889 -0.00886933 0.00663525
internal_weight=1971.85 1348.84 264.781 1084.06 955.668 623.004 383.25 239.754 834.031 409.121 424.91 233.958
internal_count=5315 3486 706 2780 2451 1829 1089 740 2079 1055 1024 624
is_linear=0
shrinkage=0.05


Tree=77
num_leaves=13
num_cat=0
split_feature=53 52 54 76 51 0 46 69 33 25 26 26
split_gain=57.9278 46.7263 53.2448 53.6958 67.3693 73.8496 56.6801 59.6284 47.3465 41.8437 35.1907 32.2033
threshold=1.0333333333333334 293.63068181818187 24.345238095238098 1.0357718489190544 4.0353447405612775 5.5000000000000009 64.577205882352956 0.10354606616540678 6.8180147058823541 -0.099444444444444433 10.500000000000002 5.5000000000000009
decision_type=8 10 10 8 10 2 2 2 8 10 2 2
left_child=-1 2 3 -2 5 11 7 9 10 -6 -4 -5
right_child=1 -3 8 4 6 -7 -8 -9 -10 -11 -12 -13
leaf_value=0.034810992703766752 -0.020974895373441819 0.027291884987984336 -0.023999501160959957 0.024782926387506357 0.01879556205049426 -0.037714739615856731 -0.0071408214876495903 -0.00055521145637302033 -0.036680118526580034 0.058078499514618298 0.011745740443060161 -0.0080125142075101689
leaf_weight=114.34206740558147 216.38779135048389 128.01760730147362 126.29492913931608 128.24034547805786 122.6643141284585 142.11515182256699 161.43176274001598 126.76527681946754 198.58305264264345 154.40693427622318 149.05956073105335 177.05346222221851
leaf_count=300 464 496 321 338 278 444 481 320 521 401 398 488
internal_value=0.000442616 -0.00172142 -0.00391714 0.00157583 0.00641038 -0.00807578 0.0178702 0.0278611 -0.0181354 0.0408174 -0.0046768 0.00579933
internal_weight=1945.36 1831.02 1703 1229.07 1012.68 447.409 565.268 403.837 473.938 277.071 275.354 305.294
internal_count=5250 4950 4454 3214 2750 1270 1480 999 1240 679 719 826
is_linear=0
shrinkage=0.05


Tree=78
num_leaves=13
num_cat=0
split_feature=79 55 45 43 70 19 15 79 79 27 13 23
split_gain=48.3924 45.0461 56.9531 57.8339 57.4533 46.8446 68.6299 71.1598 51.2047 42.6448 42.1865 34.6695
threshold=3.6580588494770203 13.946875 17.851648351648354 59.345238095238102 1.0000000180025095e-35 3.5505050505050506 0.99233214457465979 2.2944937029173991 2.1490792796411733 17.878000000000004 0.085391805996378467 6.8454797143987181
decision_type=10 2 10 10 2 8 8 10 10 8 10 10
left_child=1 -1 4 -4 -3 8 -7 -8 9 -5 -10 -2
right_child=11 2 3 5 -6 6 7 -9 10 -11 -12 -13
leaf_value=0.033668385369992844 -0.039328136119843378 0.0042147575023709083 -0.026373641516888775 -0.009674671982899492 0.045158643785013997 0.037207748446721506 0.023880228121377318 -0.028198504844071999 0.017452942885035568 -0.05667434903146195 -0.017691552574945906 -0.00023532579617904699
leaf_weight=119.06551586836576 116.30495497584343 236.52310216426849 221.08921359479427 126.8234465867281 133.55524177849293 184.03550378233194 128.01659555733204 132.43766145408154 216.50645753741264 77.43577653169632 139.60448312759399 109.82410714030266
leaf_count=338 299 598 439 480 340 451 404 305 544 396 339 304
internal_value=0.00126284 0.00413274 0.00190965 -0.00328267 0.0190726 0.00181897 0.0139239 -0.00260771 -0.00779046 -0.0276818 0.00366445 -0.0204266
internal_weight=1941.22 1715.09 1596.03 1225.95 370.078 1004.86 444.49 260.454 560.37 204.259 356.111 226.129
internal_count=5237 4634 4296 3358 938 2919 1160 709 1759 876 883 603
is_linear=0
shrinkage=0.05


Tree=79
num_leaves=13
num_cat=0
split_feature=4 76 52 69 55 62 4 79 60 36 54 79
split_gain=45.7585 81.8309 46.5871 41.853 60.9183 42.8697 62.5819 59.4567 59.4403 48.8366 41.9452 36.5458
threshold=21.166147497562459 1.0300202372494567 185.53125000000003 0.12909764127002032 14.984705882352943 24.375000000000004 18.086930426615158 2.0871407856901025 -1.2499999999999998 0.48553678906582898 23.866071428571434 2.5841681594858845
decision_type=10 8 8 2 2 2 8 8 2 10 8 10
left_child=2 -2 -1 4 -4 7 -7 -6 9 -9 11 -5
right_child=1 -3 3 10 5 6 -8 8 -10 -11 -12 -13
leaf_value=-0.036698518724050729 -0.0064618231500260005 0.048505651266700034 0.029435769135855324 0.015963436044821585 -0.026114388013390624 -0.00054196506682895474 -0.047731009514215397 -0.021564232290755221 0.033209360395168183 0.016882805318258108 -0.034495323622098333 -0.023100926295998053
leaf_weight=120.18439650535583 174.26659494638443 109.52572675049305 157.09581895172596 120.05151418596506 137.41753560304642 169.37909033149481 119.09068616479635 161.59209743887186 186.99562461674213 166.88842004537582 198.32097516208887 117.48944281041622
leaf_count=265 418 374 411 329 309 496 345 443 530 496 526 300
internal_value=-0.00366788 0.0148479 -0.00685089 -0.00449052 0.000714953 -0.00410416 -0.0201209 0.0029925 0.0107875 -0.0020388 -0.017581 -0.00337392
internal_weight=1938.3 283.792 1654.51 1534.32 1098.46 941.363 288.47 652.894 515.476 328.481 435.862 237.541
internal_count=5242 792 4450 4185 3030 2619 841 1778 1469 939 1155 629
is_linear=0
shrinkage=0.05


Tree=80
num_leaves=13
num_cat=0
split_feature=65 70 29 58 58 23 45 7 43 52 54 56
split_gain=66.8407 37.8886 43.895 57.0721 62.7708 60.6346 44.0411 42.9713 63.0474 44.8281 47.7396 33.6579
threshold=3.5000000000000004 0.31144636015325677 0.001411804559222063 18.424632352941178 21.878676470588239 7.6585730001571592 21.839743589743595 18.493871428571431 64.345238095238116 255.23611111111114 21.968750000000004 4.1145315673105589
decision_type=8 2 10 2 2 8 10 10 10 10 10 2
left_child=-1 2 3 11 5 6 -5 8 9 10 -6 -2
right_child=1 -3 -4 4 7 -7 -8 -9 -10 -11 -12 -13
leaf_value=0.026268284952907957 -0.0057839152233292454 0.015875940484861691 -0.030160336466050666 0.0114315904475795 -0.017874781774329107 -0.01035850643255584 0.053658213782649747 -0.0293233201985202 0.030176413562837665 -0.033936460772899454 0.022166441164252697 -0.040520085537584322
leaf_weight=180.85834247618914 126.60511492192745 184.06383924931288 195.49763090163469 133.33847156912088 160.85279367864132 135.43408215790987 115.14275742322206 183.0921488776803 121.90409342199564 136.93656884133816 136.83175105601549 155.30850672721863
leaf_count=508 318 521 568 353 384 377 301 492 403 443 277 358
internal_value=-0.00261167 -0.00555088 -0.00802274 -0.00492414 0.000129966 0.0165087 0.0311355 -0.00838262 -0.00145306 -0.0103735 0.000542901 -0.0249959
internal_weight=1965.87 1785.01 1600.94 1405.45 1123.53 383.915 248.481 739.617 556.525 434.621 297.685 281.914
internal_count=5303 4795 4274 3706 3030 1031 654 1999 1507 1104 661 676
is_linear=0
shrinkage=0.05


Tree=81
num_leaves=14
num_cat=0
split_feature=66 21 31 76 45 31 36 36 16 56 48 59 58
split_gain=77.522 39.2788 46.4262 66.2357 87.9121 69.9454 104.872 79.5331 79.0088 78.8339 76.2999 64.8643 39.2225
threshold=4.5000000000000009 0.97826086956521752 0.66125000000000012 1.2772739966036493 17.75961538461539 0.98907843137254903 0.93269656020182368 0.84572261695192286 32.919871794871803 4.4449640912776571 23.148897058823533 0.75000000000000011 21.705882352941181
decision_type=2 8 8 10 8 10 10 8 10 2 2 2 2
left_child=-1 12 -3 5 -5 6 7 9 -7 10 11 -4 -2
right_child=1 2 3 4 -6 8 -8 -9 -10 -11 -12 -13 -14
leaf_value=0.041727058963250227 0.00075406084474229649 0.022367177857361926 -0.020262419599727789 0.011112642079083848 -0.040362145529203045 0.067763599948862718 -0.042860940820108752 0.044441102989237785 0.0003627224360690788 0.023596584834849919 -0.038818393629084319 0.030994366019886584 -0.042336190357628978
leaf_weight=113.81575603783131 104.98928350955248 238.00173661857843 126.9495747089386 135.13546457886696 212.32670107483864 85.163560427725315 126.61850073933601 113.94399216771126 87.791124328970909 217.44810457527637 172.61376875638962 118.27502083778381 105.1888190060854
leaf_count=316 284 583 350 292 494 270 323 317 352 555 474 332 322
internal_value=0.00186416 -0.000616955 0.00200405 -0.00148049 -0.0203681 0.00479028 -0.000960375 0.00616843 0.0337499 -0.000755152 -0.0134542 0.00448487 -0.0209099
internal_weight=1958.26 1844.45 1634.27 1396.27 347.462 1048.8 875.849 749.23 172.955 635.286 417.838 245.225 210.178
internal_count=5264 4948 4342 3759 786 2973 2351 2028 622 1711 1156 682 606
is_linear=0
shrinkage=0.05


Tree=82
num_leaves=13
num_cat=0
split_feature=79 59 60 23 60 56 13 76 46 23 6 80
split_gain=53.6009 72.8754 55.6575 60.5415 61.2483 69.1532 59.6364 52.495 55.3383 41.8588 37.9261 34.3547
threshold=2.004643255124845 0.75000000000000011 5.2500000000000009 6.8979786806114243 2.2500000000000004 4.2494952643567929 0.050794008593895594 0.97674727666367145 63.30330882352942 8.0894081845846415 6.4685704022477815 14.068533122004292
decision_type=8 2 2 10 2 2 8 10 2 8 10 2
left_child=1 -1 3 6 5 -5 -2 8 -8 10 -4 -9
right_child=2 -3 9 4 -6 -7 7 11 -10 -11 -12 -13
leaf_value=-0.007035258999979685 0.021384484506915848 0.038045048174851534 -0.015335039086976544 0.024887574660025089 0.033933448793414783 -0.019110185035899497 -0.022183816317096546 -0.045730253664829884 0.028396219699246203 -0.0011479430663052445 -0.056649140655526058 -0.014737358499724258
leaf_weight=177.33519500494003 120.12388531118631 179.76252728700638 110.96843393146992 152.93577403575182 196.43375917524099 211.7235304787755 110.34979346394539 163.35955949127674 104.14244490116835 136.47687204182148 112.30820399522781 199.27227057516575
leaf_count=471 330 469 314 468 533 571 339 349 368 371 299 433
internal_value=-0.00180534 0.015701 -0.00567613 -0.000711898 0.0115026 -0.000640208 -0.0105436 -0.0172147 0.00239213 -0.0229898 -0.036276 -0.0287865
internal_weight=1975.19 357.098 1618.09 1258.34 561.093 364.659 697.248 577.124 214.492 359.754 223.277 362.632
internal_count=5315 940 4375 3391 1572 1039 1819 1489 707 984 613 782
is_linear=0
shrinkage=0.05


Tree=83
num_leaves=13
num_cat=0
split_feature=53 44 44 47 69 28 50 33 50 24 75 43
split_gain=44.8245 52.9345 59.7589 70.1817 77.1944 74.5989 63.4358 61.8743 61.7363 62.0758 47.7504 41.4285
threshold=1.6547619047619049 0.4958367997781476 0.52247920997921005 0.54834736150274577 0.071274706240144037 19.498100000000001 20.227619047619051 1.0000000180025095e-35 17.37587412587413 -1.1780916666666668 20.325000000000003 62.759615384615394
decision_type=8 8 8 2 2 10 8 10 10 10 8 10
left_child=11 -2 -3 4 -4 6 7 -5 9 -9 -8 -1
right_child=1 2 3 5 -6 -7 10 8 -10 -11 -12 -13
leaf_value=0.033279873967211569 -0.033295281124100774 0.031047321933636775 0.036780733143462953 -0.032964008909692387 -0.015652768284098086 0.027805439953020844 -0.059390276210717387 0.0073393310077984808 0.02488241537974252 -0.036935094449477644 -0.014327836418204357 -0.0012118750216425307
leaf_weight=169.76114598661661 140.5131461918354 129.32339016348124 184.26669174432755 175.97485718131065 112.28556264191866 111.46234527230263 121.2506887614727 183.94868614524603 179.03678822517395 137.63397857546806 114.84935653954744 177.46727328002453
leaf_count=411 308 296 479 475 309 301 272 480 545 375 416 562
internal_value=-0.00055102 -0.00410603 -0.00125649 -0.00444077 0.0169416 -0.0106427 -0.0153634 -0.00755188 0.00142875 -0.0116654 -0.0376228 0.0156984
internal_weight=1937.77 1590.55 1450.03 1320.71 296.552 1024.16 912.694 676.594 500.619 321.583 236.1 347.228
internal_count=5229 4256 3948 3652 788 2864 2563 1875 1400 855 688 973
is_linear=0
shrinkage=0.05


Tree=84
num_leaves=12
num_cat=0
split_feature=55 24 21 62 4 45 43 30 27 46 20
split_gain=43.9644 49.4557 47.6936 52.3259 60.1522 52.6613 44.0013 70.7838 68.4859 65.7958 24.7569
threshold=13.946875 3.7979999999999996 6.1898326898326905 27.375000000000004 19.926113346916615 17.75961538461539 59.585714285714296 0.068913489651590484 16.795000000000005 63.818014705882355 5.3798076923076925
decision_type=2 10 10 2 10 8 8 8 8 2 8
left_child=-1 2 3 4 5 -2 -7 10 -9 -10 -8
right_child=1 -3 -4 -5 -6 6 7 8 9 -11 -12
leaf_value=0.025214080270345853 0.016142420139423512 0.020942077608715647 -0.031863143761182273 -0.030834336815736371 0.025453533601076675 -0.033662472318276355 -0.049242411572321211 0.024145546284158329 -0.031440940259625252 0.015719756542027188 -0.013368355368828168
leaf_weight=130.99138969182968 226.62753811478615 169.85699497908354 175.76008711755276 164.83040355890989 183.39177692681551 169.36277415603399 95.715534828603268 234.51736640185118 176.30337338894606 126.06515798717737 97.699678257107735
leaf_count=384 591 457 439 493 491 343 317 545 506 403 289
internal_value=-0.00265282 -0.00467109 -0.00731845 -0.00437315 -0.00102188 -0.00535158 -0.0107779 -0.00543198 0.00392192 -0.0117914 -0.0312833
internal_weight=1951.12 1820.13 1650.27 1474.51 1309.68 1126.29 899.664 730.301 536.886 302.369 193.415
internal_count=5258 4874 4417 3978 3485 2994 2403 2060 1454 909 606
is_linear=0
shrinkage=0.05


Tree=85
num_leaves=13
num_cat=0
split_feature=24 54 50 53 47 7 46 79 60 45 43 76
split_gain=44.1403 71.1436 42.3692 60.3226 73.4277 67.4725 56.2153 47.5816 78.336 70.1634 52.4534 40.5704
threshold=3.1130833333333343 22.279220779220783 21.111547619047624 2.1602564102564106 0.58417704423311578 16.898333333333337 61.939338235294123 2.4402424979228541 3.7500000000000004 21.516666666666669 62.105555555555561 1.2727326085133739
decision_type=10 10 10 8 2 8 2 8 2 8 8 8
left_child=2 -2 3 4 6 -6 -1 10 9 -9 -5 -4
right_child=1 -3 11 7 5 -7 -8 8 -10 -11 -12 -13
leaf_value=0.014944316388253344 0.048543901890351043 -0.0071551408517245216 0.039360749439030632 -0.048372618095308351 0.001445650477710922 0.053637328901312377 -0.027648496989785235 -0.014581909357779419 -0.033878200675188298 0.028205659570439318 -0.01118634374744037 -0.0029174028544548523
leaf_weight=138.51371049880981 114.20771501213312 113.67094270884991 109.17775692045689 161.75237394869328 123.22580210864544 123.59517609328032 173.40428768098354 178.02193415910006 152.79376052320004 205.30594094097614 229.19498372077942 116.73760567605495
leaf_count=285 311 317 277 304 356 387 483 524 470 585 546 359
internal_value=0.000227381 0.0208501 -0.00252866 -0.00559863 0.00737033 0.0276915 -0.00874695 -0.0134145 -0.0037268 0.00834838 -0.0266561 0.0175977
internal_weight=1939.6 227.879 1711.72 1485.81 558.739 246.821 311.918 927.069 536.122 383.328 390.947 225.915
internal_count=5204 628 4576 3940 1511 743 768 2429 1579 1109 850 636
is_linear=0
shrinkage=0.05


Tree=86
num_leaves=15
num_cat=0
split_feature=58 58 48 26 43 65 33 64 16 43 51 56 30 44
split_gain=43.8425 74.5301 70.4143 64.9387 73.6166 54.8923 59.5567 54.0771 52.5354 49.0256 41.2599 68.5122 35.1174 33.4863
threshold=23.66727941176471 23.148897058823533 28.123161764705888 12.500000000000002 58.207142857142863 7.5000000000000009 3.0000000000000009 53.500000000000007 31.519230769230774 64.105555555555569 3.9831455354606575 4.3241067675493907 0.11250836921792805 0.59496970312447117
decision_type=2 2 2 2 10 8 8 8 8 8 10 2 10 8
left_child=1 3 10 4 -1 -6 -7 -5 -9 -10 13 -12 -13 -2
right_child=2 -3 -4 7 5 6 -8 8 9 -11 11 12 -14 -15
leaf_value=0.041821136608527099 -0.035864623872928825 -0.04173119734779604 0.04702750317486977 0.015000205266968145 0.023181058216812996 0.015793101739741116 -0.028625209184466639 -0.049748531275586823 0.014345764316693635 -0.029743046990232599 0.041651647204739961 -0.017441602634441902 0.018651709765367487 0.0050738882088346643
leaf_weight=131.49606646597385 101.34792568534613 131.3881461918354 104.35099393874407 112.48502705991268 164.68965977430344 118.94763767719269 203.04192277789116 132.1266183629632 109.13612087816 146.83021051436663 129.83062293380499 159.59087428450584 115.13537635654211 97.144156418740749
leaf_count=274 289 312 277 334 480 308 516 281 325 443 428 437 274 325
internal_value=-0.000628241 -0.00625557 0.00931136 -0.00205571 0.00877877 -0.000216404 -0.0122183 -0.0154263 -0.024261 -0.0109623 0.00271795 0.0118713 -0.00230242 -0.0159039
internal_weight=1957.54 1250.14 707.4 1118.75 618.175 486.679 321.99 500.578 388.093 255.966 603.049 404.557 274.726 198.492
internal_count=5303 3273 2030 2961 1578 1304 824 1383 1049 768 1753 1139 711 614
is_linear=0
shrinkage=0.05


Tree=87
num_leaves=13
num_cat=0
split_feature=58 5 58 36 44 75 46 58 9 65 46 58
split_gain=46.5672 61.4177 57.9337 93.0511 59.3205 78.149 67.7422 72.2971 48.2933 54.6809 46.1432 42.3931
threshold=23.66727941176471 23.943333333333339 21.60661764705883 0.79005335425836354 0.60601384212495335 17.885000000000002 60.970588235294123 19.363970588235297 19.420000000000002 1.5000000000000002 63.636029411764717 18.205882352941178
decision_type=2 8 2 8 8 8 2 2 10 10 2 2
left_child=2 8 4 -4 5 -1 -7 -8 9 -2 -11 -6
right_child=1 -3 3 -5 11 6 7 -9 -10 10 -12 -13
leaf_value=0.043569135888245812 0.033166144361831067 0.03870278731640181 -0.0027389222981031242 -0.056150171551631593 -0.040185973163931167 -0.03108440210516732 0.034838737824754731 -0.012050994957205668 -0.026503556917858842 0.014140763500358287 -0.028225667171374577 -0.00070995698521611299
leaf_weight=146.50420190393925 171.16947567462921 164.92931156605482 242.53121303766966 121.93416606634855 108.11609492450953 116.2042373791337 176.71574684232473 152.2351410612464 104.22539461404085 157.76680939644575 106.99453084915876 180.62505635619164
leaf_count=279 491 449 593 327 312 249 496 433 295 427 354 523
internal_value=0.00183738 0.0120951 -0.00397756 -0.0207127 0.00296605 0.0120274 0.0015724 0.0131679 0.00391424 0.0112308 -0.00302201 -0.015579
internal_weight=1949.95 705.086 1244.87 364.465 880.4 591.659 445.155 328.951 540.156 435.931 264.761 288.741
internal_count=5228 2016 3212 920 2292 1457 1178 929 1567 1272 781 835
is_linear=0
shrinkage=0.05


Tree=88
num_leaves=13
num_cat=0
split_feature=79 36 30 6 76 69 23 16 36 75 23 46
split_gain=47.8925 78.9979 52.8143 57.3088 54.9156 53.9087 51.92 48.0927 40.6084 37.1494 56.4043 42.5922
threshold=2.004643255124845 0.64041809331502197 0.10958465036398651 5.9255380825529 1.0357718489190544 0.032821296017627545 7.1995934959349599 32.345238095238102 0.62775044007487768 17.305000000000003 7.7246536423418251 63.514705882352949
decision_type=8 8 10 8 8 2 8 10 10 8 10 2
left_child=1 -1 3 7 -4 8 -7 -2 -6 -5 11 -11
right_child=2 -3 4 9 5 6 -8 -9 -10 10 -12 -13
leaf_value=-0.0044803143047384272 0.021220468533475128 0.042989627500254833 -0.018887600253404635 -0.043822195197210902 0.010508913742674394 -0.026433901469449163 0.019637569741075694 -0.017989579780785601 0.049512955795240454 -0.022337014535378476 -0.046660083606446252 0.012602013188419532
leaf_weight=205.15434592962265 185.00902818888426 151.79179108142853 164.94577415287495 141.27650009095669 136.8388245254755 118.36015450209379 124.41269271820784 133.97605826705694 130.54289525002241 172.07058232277632 103.4768787920475 174.93247661739588
leaf_count=514 493 421 350 290 329 300 341 432 349 509 307 574
internal_value=-0.000750977 0.01577 -0.00447717 -0.0123275 0.00611587 0.0142213 -0.00284016 0.00474721 0.0296653 -0.0215241 -0.0144495 -0.00473782
internal_weight=1942.79 356.946 1585.84 910.742 675.1 510.155 242.773 318.985 267.382 591.756 450.48 347.003
internal_count=5209 935 4274 2605 1669 1319 641 925 678 1680 1390 1083
is_linear=0
shrinkage=0.05


Tree=89
num_leaves=14
num_cat=0
split_feature=79 51 73 52 41 20 51 27 8 6 28 31 56
split_gain=37.0399 36.2825 53.3593 84.7993 55.5842 53.0454 45.5895 45.1027 49.6173 65.4752 69.2313 39.618 32.8634
threshold=3.6875679723793633 4.9735852713178303 13.500000000000002 214.07417582417585 86.500000000000014 6.5916666666666677 4.1461520981669455 20.200833333333339 18.937770374774953 4.9497045925708765 16.58966666666667 0.86815476190476204 4.1781885821079738
decision_type=10 10 2 8 10 8 10 10 10 8 8 10 2
left_child=1 2 3 6 5 -4 -1 8 9 -5 11 -11 -12
right_child=-2 -3 4 7 -6 -7 -8 -9 -10 10 12 -13 -14
leaf_value=-0.0085268393578618647 -0.021047335330527925 0.021800183972701101 -0.010649546000029174 0.035833841281616353 0.044183810224020806 0.031940317057958433 -0.047453545074801158 0.030552605309473131 -0.03325560174570967 -0.0037845276627159891 0.036764888462120254 -0.043491859561256889 -0.001907510623385034
leaf_weight=148.64794651418924 178.486099421978 218.87070614844561 210.58206479251385 122.58451846241951 117.31278275698423 110.73102062940598 152.3716786801815 122.15772604197264 108.03178172558546 130.32563667744398 98.025623813271523 120.65378089994192 123.17287360131741
leaf_count=333 486 523 567 365 323 287 300 353 346 350 312 344 382
internal_value=0.000604026 0.00278143 0.000108685 -0.00565482 0.0148831 0.00408135 -0.0283228 0.00264087 -0.00224719 0.0034315 -0.00503859 -0.02297 0.0153188
internal_weight=1961.95 1783.47 1564.6 1125.97 438.626 321.313 301.02 824.952 702.794 594.762 472.178 250.979 221.198
internal_count=5271 4785 4262 3085 1177 854 633 2452 2099 1753 1388 694 694
is_linear=0
shrinkage=0.05


Tree=90
num_leaves=14
num_cat=0
split_feature=47 53 57 33 20 14 32 9 16 27 32 5 57
split_gain=41.6379 76.3758 38.5505 61.9215 57.9071 47.8797 45.5182 49.4094 60.8247 65.1041 37.1226 63.6985 34.6007
threshold=0.6314042928576894 2.3452380952380958 245.51470588235296 7.3933823529411775 8.3100961538461551 0.99577380952380956 33.313725490196084 17.740333333333336 18.062500000000004 14.127692307692309 27.154761904761909 13.590000000000002 266.43750000000006
decision_type=2 8 2 10 10 10 10 10 8 8 10 10 2
left_child=2 -2 4 5 6 10 7 8 -1 -10 12 -12 -4
right_child=1 -3 3 -5 -6 -7 -8 -9 9 -11 11 -13 -14
leaf_value=0.0092111678881457767 0.051795331470572595 -0.0076947311051194555 0.010959132596001391 0.035018224020528337 -0.037153230968113647 -0.027207106237833362 0.017101717392439274 0.015294538569800654 -0.053557589091342256 -0.010149045664873258 0.048970953310666976 -0.0057005014814417235 -0.027501622883566102
leaf_weight=146.45253017544746 101.75304186344147 113.12785313278437 123.62110020965338 146.06925446540117 154.32406360656023 135.53195391595364 196.35174763947725 144.69575822353363 152.42147947102785 199.01946030557156 105.87925522774458 105.86229625344276 109.29899685829878
leaf_count=322 326 339 338 449 368 465 538 311 343 423 312 342 351
internal_value=-0.000113419 0.0205852 -0.00271048 0.00603992 -0.0091083 -0.00130334 -0.00391132 -0.0103487 -0.0178168 -0.0290741 0.00663541 0.0217391 -0.0071292
internal_weight=1934.41 214.881 1719.53 726.263 993.265 580.194 838.941 642.589 497.893 351.441 444.662 211.742 232.92
internal_count=5227 665 4562 2257 2305 1808 1937 1399 1088 766 1343 654 689
is_linear=0
shrinkage=0.05


Tree=91
num_leaves=13
num_cat=0
split_feature=53 4 4 43 43 62 15 36 75 6 4 12
split_gain=36.3178 44.8779 51.6918 57.2585 49.5735 42.1787 40.285 60.1013 47.9699 35.2038 34.2982 28.8058
threshold=1.2928571428571431 24.598450011610851 21.835396472317708 65.563492063492077 64.607692307692318 24.625000000000004 0.95270434338085452 0.57583174563979367 20.545000000000005 4.4511277580692203 13.856878780362022 0.057262317851192693
decision_type=8 8 10 10 10 2 8 10 8 10 10 10
left_child=-1 2 3 4 6 -3 10 -8 -9 -5 11 -2
right_child=1 5 -4 9 -6 -7 7 8 -10 -11 -12 -13
leaf_value=0.020335119255304363 -0.021546160848429367 -0.0069693279444654511 0.031415425358502981 -0.0020485831841603056 0.033086310564645192 -0.044331482639387097 0.030110489174038232 0.010063214066128522 -0.029068493498646264 -0.039497836351698082 -0.034852669153611605 0.00964568997472183
leaf_weight=172.25927024334669 127.88739857077599 213.04804700613022 120.19518467783928 108.06458134204149 116.30581720918417 116.4373330026865 191.75348249077797 202.10064335167408 126.5120602697134 149.04745443165302 123.59826210141182 172.94240565598011
leaf_count=466 320 538 333 326 328 337 519 404 483 492 302 405
internal_value=-0.00151287 -0.00365198 0.000165335 -0.00270572 0.00242968 -0.020267 -0.0013752 0.00794291 -0.00504452 -0.0238268 -0.0127914 -0.0036419
internal_weight=1940.15 1767.89 1438.41 1318.21 1061.1 329.485 944.794 520.366 328.613 257.112 424.428 300.83
internal_count=5253 4787 3912 3579 2761 875 2433 1406 887 818 1027 725
is_linear=0
shrinkage=0.05


Tree=92
num_leaves=13
num_cat=0
split_feature=8 51 5 23 27 27 80 27 47 64 36 47
split_gain=32.1396 76.907 45.4263 95.0138 39.7952 78.3918 48.2127 52.4086 36.6087 42.4211 34.1982 30.2826
threshold=19.727438605003005 4.3523541286793446 18.31666666666667 7.6187110886757532 19.15444852941177 17.770178571428573 16.582580459038322 15.320941176470591 0.5911756224166107 43.500000000000007 0.51472128445349219 0.54446916236140319
decision_type=10 10 10 10 10 10 2 10 2 10 8 2
left_child=2 -2 4 -4 5 6 7 8 10 -10 11 -1
right_child=1 -3 3 -5 -6 -7 -8 -9 9 -11 -12 -13
leaf_value=0.0014051715800235938 -0.037261017514080064 0.013252506276152038 0.04804201647321385 -0.0042874560531431334 0.023023932376599554 -0.042670542363583634 0.025246010789218731 -0.034776277531510767 0.03471803643579513 -0.0051716070452913574 0.011627484736610469 -0.02952608160101532
leaf_weight=131.84380956739187 170.21937149763107 133.85925493389368 152.7331218868494 198.7222944945097 143.20613215118647 121.35574981570244 155.2614940777421 124.72704484313726 133.70580369979143 131.4767207056284 149.64220278710127 196.58222725242376
leaf_count=328 469 354 407 572 390 366 434 313 388 394 328 464
internal_value=-0.000151896 -0.0150538 0.00261986 0.0185253 -0.00173192 -0.00484665 -0.000323466 -0.00492105 0.000129033 0.0149957 -0.00813156 -0.0171424
internal_weight=1943.34 304.079 1639.26 351.455 1287.8 1144.6 1023.24 867.978 743.251 265.183 478.068 328.426
internal_count=5207 823 4384 979 3405 3015 2649 2215 1902 782 1120 792
is_linear=0
shrinkage=0.05


Tree=93
num_leaves=13
num_cat=0
split_feature=69 18 39 62 60 39 44 76 9 39 56 20
split_gain=42.8566 35.327 38.0873 41.2031 99.071 51.1866 48.1226 43.4492 51.8038 59.5262 56.5171 39.6379
threshold=0.26914429419410452 0.069047619047619066 22.996577686516087 26.125000000000004 6.7500000000000009 35.752224503764552 0.44365079365079368 1.5807299768713123 17.389000000000003 26.835044490075294 4.5775709023669373 4.7596153846153859
decision_type=2 10 2 2 2 2 10 10 8 2 2 10
left_child=1 2 -1 5 -5 6 -4 8 10 -10 11 -8
right_child=-2 -3 3 4 -6 -7 7 -9 9 -11 -12 -13
leaf_value=0.031246852908616996 -0.02470867612365843 -0.024184483246706627 0.024013288212532392 0.052597719520296918 -0.005839065690899343 0.027045328293301613 0.0098795376572868715 -0.036387704101537389 0.0018745005396848492 -0.036201459500518174 0.034464188114706973 -0.024486151012540515
leaf_weight=119.03666139394045 159.57050820440054 117.10997866094112 122.94869168102741 124.25637606531382 171.87991882115602 135.22736350446939 201.98431561142206 125.6936471760273 196.1249662488699 214.14653584361076 127.91759561747313 142.0788501277566
leaf_count=381 412 346 273 365 467 336 581 257 529 579 321 411
internal_value=4.19142e-05 0.00225052 0.00410512 0.00201838 0.018775 -0.00191259 -0.00539609 -0.00900367 -0.00506551 -0.0180394 0.00622643 -0.00434141
internal_weight=1957.98 1798.4 1681.29 1562.26 296.136 1266.12 1130.89 1007.95 882.252 410.272 471.981 344.063
internal_count=5258 4846 4500 4119 832 3287 2951 2678 2421 1108 1313 992
is_linear=0
shrinkage=0.05


Tree=94
num_leaves=13
num_cat=0
split_feature=80 6 80 64 28 76 46 50 75 6 9 50
split_gain=40.0588 80.2351 57.2108 46.4746 69.0258 68.7315 84.133 47.9717 49.8715 44.7092 37.4098 40.947
threshold=18.067400545277376 4.5562279543454123 17.265082888234058 69.500000000000014 16.292822916666669 1.1583598963064408 62.281250000000007 19.724722222222226 18.305000000000003 5.3613058496190495 19.212333333333337 17.767333333333337
decision_type=2 10 2 8 10 8 2 8 8 10 10 10
left_child=2 -2 3 5 7 -1 -7 8 -5 -8 11 -3
right_child=1 10 -4 4 -6 6 9 -9 -10 -11 -12 -13
leaf_value=-0.036640245940409141 0.023602610211425696 -0.056473225001406772 0.037882040419520126 0.030959427348208848 0.036495357502079599 0.029480044404215436 -0.033081161228219837 -0.021082121842892501 -0.005965297263492938 0.0098998697578861587 -0.0040296994069575695 -0.01346547950627025
leaf_weight=150.69583240151405 131.84643293172121 109.70730076730251 127.10898102074862 174.85566888749599 196.36997020244598 171.50976170599461 149.86346912384033 158.61922440677881 189.94900845736265 100.39554069936275 176.30077391862869 112.31639579683542
leaf_count=338 408 298 378 335 500 459 469 406 515 319 508 344
internal_value=0.00163032 -0.0100849 0.00601029 0.00284845 0.0112977 -0.00777644 0.00259872 0.00179285 0.0117695 -0.0158678 -0.0212667 -0.0348746
internal_weight=1949.54 530.171 1419.37 1292.26 719.794 572.465 421.769 523.424 364.805 250.259 398.324 222.024
internal_count=5277 1558 3719 3341 1756 1585 1247 1256 850 788 1150 642
is_linear=0
shrinkage=0.05


Tree=95
num_leaves=13
num_cat=0
split_feature=45 6 45 79 75 75 9 47 55 60 30 58
split_gain=40.0906 54.8005 44.5927 48.9756 53.7078 72.7414 56.9626 50.1411 44.9177 43.9524 45.6971 58.2097
threshold=17.851648351648354 9.0877648467155101 19.031250000000004 2.3565519800895314 20.395000000000003 18.985000000000003 18.368333333333336 0.58564437912781153 19.545625000000005 3.7500000000000004 0.061835063127632796 22.181985294117649
decision_type=8 8 8 10 10 10 8 2 2 2 10 2
left_child=1 -1 -2 4 5 6 7 -4 9 10 -5 -12
right_child=2 -3 3 8 -6 -7 -8 -9 -10 -11 11 -13
leaf_value=0.0015393941484088394 -0.03024455975426292 0.043876731457597434 -0.042987966259274424 -0.00050272021836747938 0.013938442990630205 -0.054938893283616765 0.017002660031203008 0.003772994698194788 -0.016340835094430167 -0.0042957086479409714 0.057485274396505873 0.014394894133451226
leaf_weight=205.1193720921874 126.53996677696705 120.90090569108725 133.73169413208961 145.99581827223301 175.49859303236008 104.81415420770645 141.40457199513912 99.526265397667885 147.9736904501915 222.95374469459057 138.7840778529644 180.5051008015871
leaf_count=535 345 325 423 332 499 229 503 442 388 506 302 415
internal_value=0.00135853 0.0173259 -0.00186808 0.000558565 -0.00967185 -0.0183247 -0.00796273 -0.0231051 0.00857367 0.0139463 0.0226779 0.0332458
internal_weight=1943.75 326.02 1617.73 1491.19 654.975 479.477 374.663 233.258 836.212 688.239 465.285 319.289
internal_count=5244 860 4384 4039 2096 1597 1368 865 1943 1555 1049 717
is_linear=0
shrinkage=0.05


Tree=96
num_leaves=13
num_cat=0
split_feature=79 62 62 58 44 79 28 4 6 31 79 15
split_gain=35.2683 34.5018 171.302 66.0373 55.1491 89.1433 48.7329 58.552 48.313 48.6742 46.643 38.2956
threshold=3.6875679723793633 26.125000000000004 27.375000000000004 18.205882352941178 0.56088350055741365 1.790025754949589 17.437597426470589 13.8031093737994 10.585908215617055 0.96498039215686282 1.0000000180025095e-35 0.94784108548976187
decision_type=10 2 2 2 8 10 10 8 8 8 10 10
left_child=1 3 -3 -1 8 10 7 -7 9 -5 -6 -9
right_child=-2 2 -4 4 5 6 -8 11 -10 -11 -12 -13
leaf_value=-0.025967391586701027 -0.021545877485938697 0.064722206213475089 -0.012547529385688963 -0.001657359034338677 0.0040836043865157224 0.030433733904743639 0.042707947201295934 -0.022785190325848758 0.01497871724580209 -0.041060784658711658 -0.056299456465509705 0.013689372334713363
leaf_weight=229.13388299196959 177.12159100174904 115.4895653873682 185.99661246687174 155.82750749588013 61.719723850488663 216.38991832733154 157.45983402431011 138.46625484526157 126.98264513909817 156.85727564245462 65.093756914138794 147.73075589537621
leaf_count=595 485 337 555 349 539 454 374 282 275 411 226 328
internal_value=-0.000345413 0.00180265 0.0171681 -0.00138934 0.00321963 0.0111401 0.0185187 0.0108705 -0.0109485 -0.0214918 -0.0271092 -0.00397544
internal_weight=1934.27 1757.15 301.486 1455.66 1226.53 786.86 660.047 502.587 439.667 312.685 126.813 286.197
internal_count=5210 4725 892 3833 3238 2203 1438 1064 1035 760 765 610
is_linear=0
shrinkage=0.05


Tree=97
num_leaves=14
num_cat=0
split_feature=44 41 53 47 51 44 53 20 23 62 51 64 41
split_gain=43.6586 82.3091 39.7839 55.1806 46.129 63.1079 41.1606 51.1978 57.8542 44.3729 50.8117 60.6906 38.5981
threshold=0.5174709302325583 21.000000000000004 2.6306818181818188 0.54621575607491113 4.0314980158730167 0.59339943684028251 2.3452380952380958 9.1291666666666682 6.4366284201235668 19.875000000000004 4.6039701257861649 40.500000000000007 4.5000000000000009
decision_type=8 8 8 2 10 10 10 8 8 2 10 10 10
left_child=1 -1 6 -4 12 -6 7 8 -2 -10 11 -11 -5
right_child=2 -3 3 4 5 -7 -8 -9 9 10 -12 -13 -14
leaf_value=0.047046452063366967 0.011914269213127944 -0.0057888265833284181 0.030543950490693507 -0.038859384984205797 0.036700319820434507 -0.011402625025995603 -0.03131807586061594 0.022933858333113493 0.0059107165362574272 0.0096260630517304765 -0.058547523127371992 -0.044568920853207683 -0.00036148760603461612
leaf_weight=134.61937580257654 197.17324187606573 161.05846629291773 176.66079916059971 110.06415420770645 136.82125461101532 134.22580028325319 171.76239182054996 140.01560405641794 113.63362926989794 109.13096364587545 105.74908997118473 96.60265888273716 157.39272002875805
leaf_count=295 490 385 428 294 337 388 499 411 307 329 274 353 441
internal_value=0.000685565 0.0183441 -0.00248949 0.00638048 -0.00158847 0.0129248 -0.0092803 -0.00428023 -0.0104304 -0.0207977 -0.0305291 -0.0159138 -0.0162899
internal_weight=1944.91 295.678 1649.23 715.165 538.504 271.047 934.068 762.305 622.29 425.116 311.483 205.734 267.457
internal_count=5231 680 4551 1888 1460 725 2663 2164 1753 1263 956 682 735
is_linear=0
shrinkage=0.05


Tree=98
num_leaves=15
num_cat=0
split_feature=0 13 7 64 5 13 80 23 25 19 79 23 54 56
split_gain=34.6277 33.4216 63.3634 83.8619 50.089 44.7173 47.9746 69.4786 52.3188 49.8419 44.4141 41.7603 30.7938 17.9433
threshold=13.500000000000002 0.16861839658535269 19.337453846153849 69.500000000000014 18.256666666666671 0.14463870670249315 17.476674965846534 7.607201791607733 0.013257575757575748 2.4083333333333337 2.6020758854227286 6.6886836541671313 21.839743589743595 4.2686549440724226
decision_type=2 8 8 10 10 10 2 8 8 10 10 8 10 2
left_child=1 5 -3 4 13 6 8 -8 12 10 11 -10 -1 -4
right_child=-2 2 3 -5 -6 -7 7 -9 9 -11 -12 -13 -14 -15
leaf_value=-0.051067379044188989 0.02415569396468643 0.031451125976343246 0.010759240296465009 0.031615665403057762 -0.042600546519640951 -0.035964710151258059 0.040484851372886176 -0.01459552382583296 0.011391842731345598 -0.025749420943771435 0.025640200253651293 -0.029384139051928323 -0.014279746620641874 -0.016314674495305471
leaf_weight=104.43238225579262 116.97812766581774 169.96508440375328 119.26212465763092 122.62401585280895 118.37444785237312 133.27158795297146 122.18806773424149 106.22190050035715 136.5511998385191 171.29035341739655 172.0160660892725 114.63454786688089 125.94808560609818 123.66068029403687
leaf_count=324 318 390 304 309 313 334 398 397 340 438 415 332 394 297
internal_value=-0.00210614 -0.00378755 0.00528369 -0.00395287 -0.0160787 -0.00878677 -0.0053171 0.0149178 -0.0109315 -0.00307489 0.00614167 -0.00725997 -0.0311044 -0.00303321
internal_weight=1957.42 1840.44 653.886 483.921 361.297 1186.55 1053.28 228.41 824.873 594.492 423.202 251.186 230.38 242.923
internal_count=5303 4985 1613 1223 914 3372 3038 795 2243 1525 1087 672 718 601
is_linear=0
shrinkage=0.05


Tree=99
num_leaves=14
num_cat=0
split_feature=58 58 79 8 45 31 58 7 64 31 30 25 30
split_gain=33.3325 74.2242 67.1605 47.7496 42.5301 83.9883 44.7926 77.6667 42.7044 40.1186 36.1624 36.5075 29.5377
threshold=23.66727941176471 23.148897058823533 2.1289654671638218 19.099818625605227 25.292857142857148 0.98874509803921573 21.272058823529417 18.10066071428572 47.500000000000007 0.69572916666666673 0.12124098895799225 0.020000000000000077 0.059770094659351451
decision_type=2 2 8 10 8 8 2 10 10 10 10 8 10
left_child=1 4 -2 10 6 8 7 9 -6 -1 11 -4 -13
right_child=2 -3 3 -5 5 -7 -8 -9 -10 -11 -12 12 -14
leaf_value=0.021304465535930517 0.035555354653758538 -0.03918698048421336 -0.025639715080974568 -0.030316934553860704 -0.0079807805827783046 0.023034605038607461 -0.013438722481851843 0.049240138820555043 -0.047612117789110883 -0.010543565792610973 0.032009298863511365 -0.0068094263341461183 0.030493778541337554
leaf_weight=180.56883529573679 179.65697294473648 135.14966113120317 101.28757871687412 102.04136759787798 132.71617762744427 111.13196925073862 191.52087832987309 123.528993524611 139.38141467422247 216.20949821174145 110.96350403875113 112.4383434727788 99.00358172506094
leaf_count=457 438 320 352 304 327 339 500 346 372 549 303 353 286
internal_value=0.000597424 -0.0043703 0.00925508 0.000217164 -4.14628e-05 -0.0134506 0.00718638 0.0147895 -0.0283819 0.0039672 0.007625 -0.00110155 0.0107184
internal_weight=1935.6 1230.21 705.391 525.734 1095.06 383.23 711.828 520.307 272.098 396.778 423.693 312.73 211.442
internal_count=5246 3210 2036 1598 2890 1038 1852 1352 699 1006 1294 991 639
is_linear=0
shrinkage=0.05


Tree=100
num_leaves=14
num_cat=0
split_feature=0 33 54 75 46 23 4 48 69 53 28 4 69
split_gain=37.6298 34.1618 37.6751 59.3945 60.2763 43.8077 37.8942 50.9725 49.2067 46.7618 45.1533 37.1427 71.2614
threshold=13.500000000000002 9.6764705882352953 26.577380952380956 18.595000000000002 63.242647058823536 8.1858453837597356 14.396213347931619 18.849264705882359 0.10545634453213366 2.1742424242424243 16.192255514705884 15.612088400349938 1.0000000180025095e-35
decision_type=2 10 8 10 2 10 8 2 2 10 8 10 2
left_child=1 2 5 4 -4 6 7 -1 10 -8 -9 -11 -13
right_child=-2 -3 3 -5 -6 -7 9 8 -10 11 -12 12 -14
leaf_value=-0.031501398278184829 0.029145744034275573 0.026207372047226014 0.021102659616053648 -0.034789115792250823 -0.023641048361505875 -0.021345066232463475 0.034796116231527535 0.041646060194757382 -0.019656147745057938 0.028465106318339331 -0.0020738707891283302 0.021115930468561969 -0.031912004616926108
leaf_weight=123.27123682200909 113.1706865504384 111.77557048946619 161.15157116949558 199.71433313190937 139.4810237288475 164.24398545175791 196.44773690402508 113.2794286236167 124.78168796747923 111.26736093312502 122.02789112180471 122.56698405742645 129.07508392632008
leaf_count=317 303 288 402 524 441 449 555 285 312 300 357 338 364
internal_value=0.00130116 -0.0004462 -0.0022055 -0.0137269 0.000333885 0.00257814 0.00636325 -0.00388751 0.00562676 0.0152124 0.0190605 0.00454503 -0.00610241
internal_weight=1932.25 1819.08 1707.31 500.347 300.633 1206.96 1042.72 483.36 360.089 559.357 235.307 362.909 251.642
internal_count=5235 4932 4644 1367 843 3277 2828 1271 954 1557 642 1002 702
is_linear=0
shrinkage=0.05


Tree=101
num_leaves=15
num_cat=0
split_feature=59 79 64 43 62 50 76 43 69 75 62 7 4 0
split_gain=45.7726 83.8863 70.1529 56.8226 47.5122 60.6905 52.1569 59.5236 45.6597 55.9698 41.122 43.1463 31.5142 22.1518
threshold=0.75000000000000011 2.004643255124845 69.500000000000014 58.408333333333339 20.375000000000004 15.801428571428575 1.0084016806722691 59.759615384615394 0.088398716751425341 19.385000000000002 22.625000000000004 16.156700000000004 13.8031093737994 9.5000000000000018
decision_type=2 8 10 10 2 8 8 10 2 10 2 8 8 2
left_child=4 -2 3 -3 5 -1 -6 -8 9 -9 11 -5 -7 -12
right_child=1 2 -4 10 6 12 7 8 -10 -11 13 -13 -14 -15
leaf_value=0.0041917158173057686 0.040355101361458673 0.025574164711982213 0.032723990789704498 -0.018059009644388158 0.030762308242603977 -0.018007093976414409 -0.034013366765383378 0.015525075754843307 0.027991956259040898 -0.032592416960283858 -0.014593093869930766 0.025658026051713041 -0.055483556659169431 -0.043128660353926096
leaf_weight=144.79444071650505 167.85900497436523 117.80827324837446 145.38714855164289 113.87786292284727 121.3504638671875 111.42123930156231 134.30347693711519 120.95737184584141 133.65339054912329 118.91960190236568 190.78180008381605 109.971575088799 114.9390445202589 106.2162003070116
leaf_count=364 442 261 411 299 275 295 301 446 380 320 535 318 317 312
internal_value=0.000544173 0.00838813 0.0015015 -0.00564621 -0.0069209 -0.0210825 0.00145322 -0.00559709 0.00468357 -0.00836557 -0.0127433 0.00343666 -0.0371969 -0.0249088
internal_weight=1952.24 951.902 784.043 638.656 1000.34 371.155 629.184 507.834 373.53 239.877 520.847 223.849 226.36 296.998
internal_count=5276 2578 2136 1725 2698 976 1722 1447 1146 766 1464 617 612 847
is_linear=0
shrinkage=0.05


Tree=102
num_leaves=12
num_cat=0
split_feature=33 50 43 26 15 16 60 21 21 23 76
split_gain=53.3497 38.5588 50.6901 73.9363 52.6099 98.8965 64.6776 60.8735 60.2055 48.0943 44.3644
threshold=9.7196078431372559 12.418809523809525 59.345238095238102 12.500000000000002 0.96615114559532722 32.184659090909101 3.7500000000000004 3.2554347826086958 4.6417410714285721 6.5905365126676605 0.91703225708089253
decision_type=10 8 10 2 8 8 2 10 10 8 10
left_child=1 -1 3 -3 6 -6 9 10 -9 -4 -7
right_child=-2 2 4 -5 5 7 -8 8 -10 -11 -12
leaf_value=0.025436544542402153 0.034192791346273441 0.00058577180122523645 0.020900620622257053 -0.040481222704211173 0.044289001004895467 -0.0014105710261416422 -0.03695917644364477 -0.043895957579171141 0.0031502327838756582 -0.014445580357076852 0.0405076057254612
leaf_weight=130.08476173132658 115.6226395368576 253.47797012329102 174.62038444727659 192.05201172828674 171.88918055593967 131.41138438135386 151.00231448560953 109.45366997271776 176.62005721032619 211.92196053266525 120.34613816440105
leaf_count=332 294 545 460 459 471 507 409 350 518 583 329
internal_value=0.00140749 -0.000689645 -0.00271117 -0.0171678 0.00246241 0.0113924 -0.00932715 0.000816101 -0.0149402 0.00153478 0.0187083
internal_weight=1938.5 1822.88 1692.8 445.53 1247.27 709.72 537.545 537.831 286.074 386.542 251.758
internal_count=5257 4963 4631 1004 3627 2175 1452 1704 868 1043 836
is_linear=0
shrinkage=0.05


Tree=103
num_leaves=14
num_cat=0
split_feature=45 39 54 79 80 39 50 24 76 41 50 42 75
split_gain=34.8874 74.8418 104.91 68.809 60.7301 59.4832 91.8334 73.246 72.3093 58.4359 56.5303 42.2183 36.7607
threshold=22.345238095238098 30.605065023956197 26.577380952380956 2.6182167885835432 12.908263430367999 31.787816563997264 17.824722222222224 -0.38085714285714006 1.1583598963064408 11.500000000000002 15.051666666666668 5.5000000000000009 20.255000000000006
decision_type=8 2 10 8 2 2 8 8 10 8 10 2 8
left_child=1 2 4 -3 -1 6 7 -2 9 -8 -9 -6 -7
right_child=5 3 -4 -5 11 12 8 10 -10 -11 -12 -13 -14
leaf_value=-0.012875334622284882 -0.049434886806014822 0.056490497267393851 -0.040839052701218598 0.004013981789907823 -0.0015432491806454552 -0.051408763124753371 0.053292887024631468 0.021771033016516683 -0.015410417597757443 0.0072908398988735974 -0.021811984832560208 0.038306088645034313 -0.011753518251512163
leaf_weight=202.34899008274078 123.48080125451088 119.07449749112129 141.68950351327658 130.55064216256142 107.7758364379406 104.69981676340103 137.86836223304272 125.31379632651806 124.38654126226902 138.00857108086348 180.08763140439987 172.09220037609339 132.48354902118444
leaf_count=501 313 238 385 443 285 206 370 313 302 426 425 494 534
internal_value=-0.00131191 0.00609267 -0.00317307 0.0291715 0.00795591 -0.00737773 -0.00105002 -0.0171061 0.0161538 0.0303896 -0.0039161 0.0230094 -0.0294009
internal_weight=1939.86 873.532 623.907 249.625 482.217 1066.33 829.146 428.882 400.263 275.877 305.401 279.868 237.183
internal_count=5235 2346 1665 681 1280 2889 2149 1051 1098 796 738 779 740
is_linear=0
shrinkage=0.05


Tree=104
num_leaves=13
num_cat=0
split_feature=33 54 5 50 25 30 30 80 52 16 80 57
split_gain=31.0384 52.1171 52.8351 88.1042 54.3754 50.9398 61.6154 44.125 49.3059 38.3005 37.1789 49.6017
threshold=9.4187500000000011 24.345238095238098 19.095000000000002 17.396904761904764 0.02833333333333338 0.16952419576474256 0.1250574907677329 7.2648141740283814 233.70000000000002 33.183333333333344 17.476674965846534 253.11764705882356
decision_type=10 8 10 10 8 10 10 2 10 10 2 2
left_child=1 2 4 -4 9 6 10 -6 -9 -1 11 -3
right_child=-2 5 3 -5 7 -7 -8 8 -10 -11 -12 -13
leaf_value=-0.035062642547798492 0.022331488697116333 -0.036572624815395832 -0.0019424421718244071 0.056841297354643827 -0.013435925119788868 -0.041458447889249204 0.027224707575333996 0.031789359696441977 -0.0047879043052558613 0.0023222339519186463 0.012075742928174094 0.00040792287041809921
leaf_weight=162.31577318161726 137.32819261401892 222.56798412650824 141.97439022362232 114.5819576010108 171.03676737099886 125.9547705501318 109.14435311406851 227.65304981172085 153.92105543613434 117.81470203399658 104.29148834943771 152.50854657590389
leaf_count=413 355 540 371 345 436 294 294 482 455 397 361 489
internal_value=-0.000494696 -0.00224396 0.00463842 0.02443 -0.0014811 -0.0127289 -0.00652018 0.00761458 0.0170607 -0.0193873 -0.014244 -0.021575
internal_weight=1941.09 1803.76 1089.3 256.556 832.741 714.467 588.512 552.611 381.574 280.13 479.368 375.077
internal_count=5232 4877 2899 716 2183 1978 1684 1373 937 810 1390 1029
is_linear=0
shrinkage=0.05


Tree=105
num_leaves=13
num_cat=0
split_feature=29 58 36 4 79 76 8 27 5 41 55 21
split_gain=43.0319 60.045 47.3888 79.1443 48.917 87.7887 78.0021 71.6229 62.4195 48.5943 30.0826 37.4968
threshold=0.001411804559222063 18.781250000000004 0.27790605415011349 11.413200548088408 1.5391525291865282 0.92643605253206951 19.674415603861927 15.050000000000002 16.216666666666672 7.5000000000000009 16.447205882352943 4.9060661764705893
decision_type=8 2 10 8 10 10 8 10 10 8 2 8
left_child=2 -2 -1 -4 9 -6 7 -7 -9 -5 -3 -12
right_child=1 10 3 4 5 6 -8 8 -10 -11 11 -13
leaf_value=-0.016558460041520461 0.020907990271549232 -0.042012257821109594 0.043725841574059732 -0.054466977138324095 0.044243207552811269 -0.012674164055994142 -0.022018126753440573 0.00080870435221841756 0.044328181112840648 0.0025768371877408769 -0.029563934639652473 0.0056393751499029142
leaf_weight=218.35701887309551 109.47286439687014 116.64903791248798 141.30436488986015 65.155091673135757 142.66005463898182 183.13151572644711 238.35481096804142 141.88247968256474 195.6353542804718 85.500295981764793 151.59272430837154 149.46630938351154
leaf_count=570 289 329 343 362 304 384 516 305 422 522 417 446
internal_value=0.000256841 -0.0119195 0.00480824 0.00872757 0.00399099 0.00840197 0.00161602 0.0124573 0.0260903 -0.0222898 -0.0205523 -0.0121258
internal_weight=1939.16 527.181 1411.98 1193.62 1052.32 901.664 759.004 520.649 337.518 150.655 417.708 301.059
internal_count=5209 1481 3728 3158 2815 1931 1627 1111 727 884 1192 863
is_linear=0
shrinkage=0.05


Tree=106
num_leaves=14
num_cat=0
split_feature=75 33 24 52 50 54 79 62 57 13 14 58 54
split_gain=37.7759 61.9796 48.1423 39.1044 44.7463 65.5895 69.1875 53.9719 49.0365 48.4667 51.3122 45.117 36.5583
threshold=24.055000000000003 8.8437500000000018 3.1130833333333343 193.89903846153848 17.870839160839164 25.033333333333335 2.6892750246649482 24.125000000000004 211.91544117647064 0.13044013693773346 0.94041666666666679 24.66727941176471 20.483333333333338
decision_type=10 10 10 8 10 10 8 2 2 8 8 2 10
left_child=1 2 3 -1 7 6 -6 8 -5 10 -10 -7 -11
right_child=-2 -3 -4 4 5 11 -8 -9 9 12 -12 -13 -14
leaf_value=-0.029203076149583715 -0.029484432096182248 0.033224051170195217 0.020064907564544623 -0.030202547749868244 0.042496480203518039 -0.037338306248408511 -0.0044934983684764146 -0.033644306864229971 -0.0038452377888104484 0.007746125457997537 0.043278290899173837 0.0098873800416325354 -0.030279590464008584
leaf_weight=163.05776524543762 119.46450471878052 125.24437762796879 197.06899769604206 132.62311811000109 180.47975338995457 102.13328920304775 137.52026800066233 193.34855808317661 111.30083581805229 126.74896435439587 118.76874521374702 98.583300232887268 124.44523307681084
leaf_count=366 320 314 548 299 429 318 540 519 281 315 364 298 298
internal_value=-0.00237211 -0.000568656 -0.00309703 -0.0061739 -0.00332204 0.00812675 0.0222251 -0.0106798 -0.00340399 0.00402828 0.0205633 -0.0142091 -0.0111377
internal_weight=1930.79 1811.32 1686.08 1489.01 1325.95 518.717 318 807.235 613.887 481.264 230.07 200.717 251.194
internal_count=5209 4889 4575 4027 3661 1585 969 2076 1557 1258 645 616 613
is_linear=0
shrinkage=0.05


Tree=107
num_leaves=14
num_cat=0
split_feature=66 33 41 64 7 33 64 23 24 24 62 33 9
split_gain=44.7938 46.3006 63.8127 44.8375 119.397 34.9305 43.1251 44.1031 51.4323 49.5615 41.6145 33.1442 21.2988
threshold=4.5000000000000009 2.71875 88.500000000000014 69.500000000000014 18.162000000000003 4.1213235294117654 53.500000000000007 7.4297663921075907 -0.42895104895104991 -2.4680999999999993 24.125000000000004 5.2250000000000005 17.740333333333336
decision_type=2 8 8 10 8 8 10 8 10 10 2 10 10
left_child=-1 2 -2 5 -5 -3 7 9 10 -7 -9 -8 -11
right_child=1 3 -4 4 -6 6 11 8 -10 12 -12 -13 -14
leaf_value=0.032230178585592913 0.039097931214473608 -0.028903989017167776 -0.0050549591696940517 -0.016313650854137083 0.047405931449160194 0.0082630281331508276 0.00024945948059568109 0.021858739407127618 0.041618156501196171 -0.010222834583684594 -0.018463467353833304 -0.035437067392998511 -0.041714012860412202
leaf_weight=114.30707587301731 163.73277816921473 167.61553846299648 162.21014040708542 154.00468844175339 139.01722856611013 200.80543476343155 106.73512695729733 125.61583694070578 115.48976025730371 107.06318721175194 128.36948549002409 165.59583482146263 108.47184900194407
leaf_count=323 426 414 448 409 370 517 285 321 340 291 352 467 315
internal_value=0.00199691 0.000107077 0.0171764 -0.00356502 0.013975 -0.00776598 -0.00439349 0.00155493 0.0141093 -0.00959336 0.00148657 -0.0215006 -0.0261908
internal_weight=1959.03 1844.73 325.943 1518.78 293.022 1225.76 1058.15 785.816 369.475 416.34 253.985 272.331 215.535
internal_count=5278 4955 874 4081 779 3302 2888 2136 1013 1123 673 752 606
is_linear=0
shrinkage=0.05


Tree=108
num_leaves=15
num_cat=0
split_feature=66 51 52 50 12 75 56 56 31 15 8 28 75 5
split_gain=42.0924 55.3499 92.5441 55.4996 71.3495 68.0228 64.3814 89.4132 56.6977 50.8877 49.4989 43.2575 37.8046 36.2725
threshold=7.5000000000000009 4.6720277188809023 238.83750000000003 17.824722222222224 0.12524554693547832 19.405000000000005 4.41583001648796 4.0642923425413029 0.96904166666666669 0.99093022922367502 18.480521516931855 16.248957983193282 20.045000000000005 14.943333333333335
decision_type=2 10 10 10 10 8 2 2 8 10 8 8 8 8
left_child=1 3 -3 6 5 -5 7 12 -8 13 -9 -7 -1 -2
right_child=9 2 -4 4 -6 11 8 10 -10 -11 -12 -13 -14 -15
leaf_value=0.028998001768065124 -0.019520971878239108 0.043543297607919577 -0.0061944764209339673 -0.030335706060863499 0.042199482408070324 -0.0050878901715619949 0.035978092865553875 -0.017083879223678135 -0.010849459538230483 -0.038713140429922417 -0.057754318845174769 0.04552897749927063 -0.013230167314713777 0.018971765732119488
leaf_weight=99.978938400745392 118.90648330748081 214.37583273649216 164.90935480594635 112.78434258699417 149.61651834845543 85.908794760704041 127.55030574649572 167.03477397561073 129.30418163537979 128.17838196456432 136.33916769176722 81.639218561351299 110.66524744033813 124.00450336188078
leaf_count=200 311 473 481 258 412 301 302 386 351 374 317 333 442 319
internal_value=0.00177462 0.00533452 0.0219584 6.98889e-05 0.0144437 -0.000467176 -0.00795535 -0.0181582 0.0124538 -0.0133571 -0.0354913 0.0196994 0.00685508 0.000126542
internal_weight=1951.2 1580.11 379.285 1200.82 429.949 280.332 770.873 514.018 256.854 371.089 303.374 167.548 210.644 242.911
internal_count=5260 4256 954 3302 1304 892 1998 1345 653 1004 703 634 642 630
is_linear=0
shrinkage=0.05


Tree=109
num_leaves=12
num_cat=0
split_feature=47 79 70 57 76 5 75 53 65 45 23
split_gain=49.0452 72.2489 36.7962 34.6045 30.3722 55.9823 56.4141 88.7859 51.1559 39.5521 28.9247
threshold=0.62085599585599593 2.6182167885835432 0.31144636015325677 201.43014705882356 1.0384627796236949 20.210000000000004 18.415000000000003 2.7303030303030309 3.5000000000000004 26.516666666666669 6.3339393939393949
decision_type=2 8 2 2 8 10 10 8 10 8 10
left_child=2 -2 3 -1 9 6 7 10 -8 -5 -6
right_child=1 -3 -4 4 5 -7 8 -9 -10 -11 -12
leaf_value=-0.03052870992659136 0.040144715693138662 -0.0089158910139812853 0.015945878748556682 -0.040968152747513732 -0.0001526816325962173 0.030106499884528289 -0.004621678983860949 0.028916330035022687 -0.043361447457929386 -0.0022672698167285114 -0.028985627592212723
leaf_weight=165.91533572226763 147.92825938761234 150.6603849157691 162.12095987796783 129.86254438757896 211.16432148218155 116.19224021583796 183.91718380153179 208.71049275249243 158.22428667545319 133.48445655405521 146.92128277570009
leaf_count=336 327 591 444 283 549 364 439 586 416 319 521
internal_value=-0.00314217 0.0154428 -0.00658246 -0.00910292 -0.00632242 -0.00242318 -0.00661007 0.00307165 -0.0226112 -0.0214344 -0.0120305
internal_weight=1915.1 298.589 1616.51 1454.39 1288.48 1025.13 908.938 566.796 342.141 263.347 358.086
internal_count=5175 918 4257 3813 3477 2875 2511 1656 855 602 1070
is_linear=0
shrinkage=0.05


Tree=110
num_leaves=13
num_cat=0
split_feature=21 80 53 62 9 43 36 31 26 43 9 39
split_gain=47.9398 70.3352 41.7976 48.6441 33.8342 59.044 42.2232 58.5254 40.6196 62.3819 49.1495 36.081
threshold=5.9393382352941186 16.582580459038322 1.3693181818181819 27.875000000000004 12.0055 61.620192307692314 0.95096444930117296 0.98483333333333345 12.500000000000002 62.516666666666673 17.224916666666669 26.602327173169066
decision_type=10 2 8 2 10 8 10 10 2 10 10 2
left_child=2 -2 -1 4 5 -4 7 8 10 -10 -6 -7
right_child=1 -3 3 -5 6 11 -8 -9 9 -11 -12 -13
leaf_value=0.027412505935270934 -0.046808126272546748 0.0038905004610899209 -0.035055989844079094 -0.030027820456550232 0.035575118377524396 -0.01636603351091941 -0.019048575019518618 0.040475823889144752 -0.030169574444931943 0.014586430622550661 -0.0021042124174003099 0.017788962448682714
leaf_weight=152.80211837589741 128.22029684484005 145.07053088396788 141.866505458951 122.43538125604391 181.01379695534706 131.0095846503973 122.31439255177975 149.70945224910975 150.81073542684317 158.93160647898912 164.80635828524828 185.7203948572278
leaf_count=446 310 390 305 379 463 356 375 484 332 462 419 502
internal_value=-0.000613595 -0.0199798 0.0025821 5.0628e-05 0.00272706 -0.0083709 0.00821697 0.0123769 0.0059081 -0.00723182 0.0176641 0.00365433
internal_weight=1934.71 273.291 1661.42 1508.62 1386.18 458.596 927.586 805.272 655.562 309.742 345.82 316.73
internal_count=5223 700 4523 4077 3698 1163 2535 2160 1676 794 882 858
is_linear=0
shrinkage=0.05


Tree=111
num_leaves=13
num_cat=0
split_feature=80 30 20 27 6 28 12 79 80 75 47 59
split_gain=35.6989 70.1236 52.694 61.4482 59.6597 47.4826 41.9597 66.5503 47.5197 65.362 38.2368 27.2412
threshold=22.427658303818053 0.21162249247287612 5.2583333333333346 17.117500000000003 7.0999194939733021 16.192255514705884 0.063175290168377737 2.3382962431699608 14.267835443086208 14.685 0.59532700076427569 1.0000000180025095e-35
decision_type=2 10 10 10 10 8 8 10 2 10 2 2
left_child=1 2 3 6 5 -4 7 -1 9 11 -6 -8
right_child=-2 -3 4 -5 10 -7 8 -9 -10 -11 -12 -13
leaf_value=-0.012425460464040168 -0.025817575352561961 0.036275460598540546 0.0065698720194778855 -0.03306773383604799 -0.022925014363793291 0.042746264527934626 -0.019017788710411276 0.038016690972148957 0.012858300965626721 -0.041464891149615539 0.015563343056441923 0.013049103422345909
leaf_weight=116.49467914551497 110.46794064342976 147.41116500645876 178.2833461612463 177.92359179258347 147.99929098039865 184.54881420731544 121.20442738384008 146.94078789651394 188.77688308060169 167.79165561497211 112.91017411649227 143.60530000180006
leaf_count=405 308 350 419 531 379 589 333 339 525 364 351 381
internal_value=0.00165735 0.00332552 0.000425657 -0.00634378 0.0119512 0.0250373 -0.000938701 0.0157479 -0.00802696 -0.0171494 -0.00627311 -0.00164437
internal_weight=1944.36 1833.89 1686.48 1062.74 623.742 362.832 884.814 263.435 621.378 432.601 260.909 264.81
internal_count=5274 4966 4616 2878 1738 1008 2347 744 1603 1078 730 714
is_linear=0
shrinkage=0.05


Tree=112
num_leaves=14
num_cat=0
split_feature=24 21 12 57 16 57 54 80 20 41 46 15 33
split_gain=39.4282 54.0464 63.9965 103.583 42.603 39.275 49.903 46.3802 47.3196 63.8968 47.5971 28.7314 15.2975
threshold=3.8980000000000001 6.3693957115009754 0.1485523845592496 227.78125000000003 30.75961538461539 218.72977941176472 20.781746031746035 17.078656993601552 5.8516483516483522 34.000000000000007 62.090073529411775 0.9939582257044336 5.5504807692307692
decision_type=10 10 10 2 10 2 10 2 8 8 2 8 8
left_child=1 2 5 -4 -5 6 -1 8 10 -10 -7 -9 -12
right_child=-2 -3 3 4 -6 7 -8 11 9 -11 12 -13 -14
leaf_value=-0.0068164289772606346 0.023214194168755982 -0.028586758681310789 -0.017771623934313863 0.058117209617000065 0.018304966106425995 0.0053703239510358991 0.032145925438508485 -0.011800193582677448 0.037966116005457635 -0.011753698639635437 -0.017845055846269203 -0.047335406881404835 -0.0446460023232889
leaf_weight=193.20218335837126 170.98726007342339 169.95448806136847 135.07380440831184 118.28489837795496 157.11543370038271 169.10129661113024 141.65959868580103 114.009476788342 128.02369778603315 128.73013577610254 121.57465375214815 114.30650536715984 97.07089551538229
leaf_count=454 469 440 295 255 439 421 341 353 299 371 384 437 314
internal_value=0.000348147 -0.00185017 0.000973898 0.0180049 0.0355528 -0.00482482 0.0097128 -0.010407 -0.00352998 0.0130889 -0.0145399 -0.0297198 -0.0298928
internal_weight=1959.09 1788.11 1618.15 410.474 275.4 1207.68 334.862 872.817 644.501 256.754 387.747 228.316 218.646
internal_count=5272 4803 4363 989 694 3374 795 2579 1789 670 1119 790 698
is_linear=0
shrinkage=0.05


Tree=113
num_leaves=14
num_cat=0
split_feature=45 58 76 45 76 53 75 48 45 52 60 57 69
split_gain=35.7388 67.4248 44.9388 44.5296 62.0799 42.906 42.0572 49.2453 40.3588 40.661 35.1077 62.3058 42.7629
threshold=27.211111111111112 26.362132352941178 1.0384627796236949 30.031250000000004 1.1918111730943153 3.4083333333333337 17.095000000000002 21.211397058823533 18.861904761904764 238.55050505050505 5.7500000000000009 231.67647058823533 0.073025292292067792
decision_type=8 2 8 10 8 10 8 2 10 10 2 2 2
left_child=2 3 -1 4 -2 6 -4 8 -8 -10 11 -9 -13
right_child=1 -3 5 -5 -6 -7 7 10 9 -11 -12 12 -14
leaf_value=-0.024092058909636626 0.03699900535583088 0.046302952103019782 -0.021683419954644963 -0.021524310879508186 -0.010198394569894652 0.025855892024106944 -0.0057365737858640665 0.026869201526883921 0.052985790458611876 0.0096612105915047462 -0.033926087440023373 -0.031747351480119493 0.0083731591015486859
leaf_weight=210.65491637587547 142.4877827912569 113.82741130888462 227.3497279137373 127.0841042175889 134.76746879518032 149.5787116214633 122.64360488206148 134.21936839818954 101.64984372258186 115.80582517385483 99.146385118365288 154.97701054811478 115.07433940470219
leaf_count=459 325 283 469 351 412 396 378 327 257 378 307 561 373
internal_value=0.00125155 0.0124897 -0.00282338 0.00287999 0.0141032 0.000864415 -0.00264726 0.00250308 0.0171744 0.0300632 -0.007423 -0.000855506 -0.0146834
internal_weight=1949.27 518.167 1431.1 404.339 277.255 1220.44 1070.87 843.516 340.099 217.456 503.417 404.271 270.051
internal_count=5276 1371 3905 1088 737 3446 3050 2581 1013 635 1568 1261 934
is_linear=0
shrinkage=0.05


Tree=114
num_leaves=12
num_cat=0
split_feature=6 79 25 21 30 6 44 75 20 65 80
split_gain=42.1567 48.2831 40.3069 53.8005 48.6145 37.6424 75.4522 57.8406 48.3344 41.4442 33.6457
threshold=8.1149040505236005 2.7065825496895108 0.052928571428571387 5.5863095238095246 0.14725113112829058 6.3644391122847113 0.59222040095826511 19.075000000000003 6.2928571428571436 6.5000000000000009 14.21161719867875
decision_type=10 8 10 10 10 10 8 8 8 10 2
left_child=2 -2 3 4 5 6 7 -1 -9 10 -8
right_child=1 -3 -4 -5 -6 -7 9 8 -10 -11 -12
leaf_value=0.04127425438814937 -0.029919200845222538 0.0079286798001256299 0.027223689455062081 -0.022376576357020388 0.023893763859769344 -0.021916764764453683 -0.017711036132876307 -0.01583853673911689 0.028658066314840705 -0.037634288860942722 0.01877039813494202
leaf_weight=163.46691235899925 237.54045574367046 129.75003428757191 145.28588926792145 230.93044400215149 242.14454183727503 176.64015241712332 141.37769991159439 143.09944172203541 104.88139078021049 114.67006764560938 112.65636748075485
leaf_count=323 506 503 395 574 583 505 361 451 318 363 349
internal_value=-0.00133395 -0.0165637 0.00222555 -0.000331708 0.00392952 -0.00114269 0.00358296 0.0182818 0.00302044 -0.012825 -0.00152247
internal_weight=1942.44 367.29 1575.15 1429.87 1198.94 956.792 780.152 411.448 247.981 368.704 254.034
internal_count=5231 1009 4222 3827 3253 2670 2165 1092 769 1073 710
is_linear=0
shrinkage=0.05


Tree=115
num_leaves=14
num_cat=0
split_feature=55 30 24 24 28 52 61 15 32 16 79 48 31
split_gain=48.8018 34.2403 39.4987 73.4517 49.2781 45.6849 68.236 76.2591 50.9947 42.9097 33.6761 33.6205 26.1321
threshold=13.946875 0.18815415384305098 3.7979999999999996 1.0574000000000014 18.365343750000005 228.30303030303034 46.250000000000007 0.84303288581398061 30.343137254901965 31.033333333333335 2.4402424979228541 21.242647058823533 0.97029411764705897
decision_type=2 10 10 10 10 10 2 8 8 8 10 2 8
left_child=-1 2 3 4 5 9 7 -7 -8 -2 -3 -11 -9
right_child=1 10 -4 -5 -6 6 8 12 -10 11 -12 -13 -14
leaf_value=0.031712278016988553 -0.02817230731282282 -0.034218770457849587 0.027305861568672648 -0.029494696947970241 0.034189543224389066 -0.0089112261027977768 0.020634274681667647 0.024650017060772977 -0.02503901359048747 0.020725912607962787 0.00073171387842408948 -0.012549669871657877 0.059380460606225399
leaf_weight=127.93461897969246 194.97636707872152 133.7949450686574 147.35156565904617 180.58179580420256 125.09233152866364 106.37625130265951 95.321959309279919 108.36036408692598 166.44709720462561 132.10935665667057 140.94858503341675 175.66061042994261 112.3246151432395
leaf_count=373 408 329 401 516 408 299 276 300 548 302 304 421 339
internal_value=0.00198637 -0.000120196 0.00277552 0.000170918 0.00459459 0.00117488 0.0106183 0.0258127 -0.00839207 -0.00988459 -0.0163509 0.00175464 0.0425153
internal_weight=1947.28 1819.35 1544.6 1397.25 1216.67 1091.58 588.83 327.061 261.769 502.746 274.744 307.77 220.685
internal_count=5224 4851 4218 3817 3301 2893 1762 938 824 1131 633 723 639
is_linear=0
shrinkage=0.05


Tree=116
num_leaves=14
num_cat=0
split_feature=31 79 16 41 7 36 79 6 54 13 75 56 32
split_gain=33.3727 52.0894 39.3469 49.3925 45.4909 65.2924 76.5073 62.1315 49.9345 44.9712 35.4137 31.6917 34.7192
threshold=0.98782352941176466 2.3980601357163969 20.683333333333337 91.500000000000014 16.024973214285716 0.92682705852807901 2.5841681594858845 7.3963369312112865 24.345238095238098 0.087057464112994351 18.755000000000006 4.41583001648796 32.906250000000007
decision_type=10 10 8 8 10 10 8 8 10 10 10 2 8
left_child=2 -2 3 -1 9 6 7 -6 10 11 -8 12 -4
right_child=1 -3 4 -5 5 -7 8 -9 -10 -11 -12 -13 -14
leaf_value=0.035791372252318196 -0.0050235120397010332 0.036667471404987516 -0.032907363989850807 -0.0047254714382188069 0.0071985153697781638 -0.026766601534686719 -0.015544564730030776 0.052936798485051 -0.035084098981404709 -0.037221411761458705 0.024786917640810854 0.010919020918001374 0.0020459294958085406
leaf_weight=139.61332879215479 149.16631737351418 149.0965634137392 156.70918447524309 161.30189900100231 167.061075553298 154.41245248913765 99.093231096863747 133.18439650535583 107.45373922586441 175.8992885351181 118.42188392579556 153.71929610520601 129.08426844328642
leaf_count=339 588 392 388 417 377 373 366 305 346 409 286 385 379
internal_value=0.000475534 0.01587 -0.0022396 0.0141291 -0.00577799 0.00224488 0.0094413 0.0275957 -0.00736514 -0.0159288 0.00642608 -0.00734205 -0.0171679
internal_weight=1994.22 298.263 1695.95 300.915 1395.04 779.627 625.214 300.245 324.969 615.412 217.515 439.513 285.793
internal_count=5350 980 4370 756 3614 2053 1680 682 998 1561 652 1152 767
is_linear=0
shrinkage=0.05


Tree=117
num_leaves=12
num_cat=0
split_feature=79 52 57 76 44 52 52 59 13 46 61
split_gain=42.7681 48.9373 32.2485 64.1843 73.9369 62.2055 54.1941 49.0342 43.1374 42.184 36.135
threshold=3.6769075971600844 294.60000000000008 237.15625000000003 1.1732466025343498 0.59222040095826511 252.09090909090912 228.30303030303034 0.75000000000000011 0.14559927789749666 62.818014705882355 47.250000000000007
decision_type=10 10 2 8 8 10 8 2 8 2 2
left_child=1 2 3 8 7 6 -4 -5 -1 -8 -7
right_child=-2 -3 5 4 -6 10 9 -9 -10 -11 -12
leaf_value=-0.0054617382542976626 -0.022433456729863563 0.033324777372897053 0.00032218384421094532 0.00055247820128116439 -0.017040184175539833 0.0052413206568602145 0.055125237171712686 0.042155076707356326 -0.042427929432694661 0.015627969375378772 -0.029697494667495234
leaf_weight=155.90494580566883 186.70105639100075 120.25810047239065 232.29800778627396 141.16091681271791 222.33060943335295 162.25908826291561 120.75936710089445 141.20434341579676 159.52798609435558 154.56218105554581 134.67102175205946
leaf_count=346 508 495 561 325 577 587 299 323 309 468 442
internal_value=0.000245652 0.00268368 0.000396537 -0.00657663 0.00448408 0.00750407 0.0181242 0.0214323 -0.0242321 0.0330888 -0.0106515
internal_weight=1931.64 1744.94 1624.68 820.129 504.696 804.55 507.62 282.365 315.433 275.322 296.93
internal_count=5240 4732 4237 1880 1225 2357 1328 648 655 767 1029
is_linear=0
shrinkage=0.05


Tree=118
num_leaves=15
num_cat=0
split_feature=53 23 55 77 41 55 79 48 23 69 45 54 79 6
split_gain=44.0268 46.0239 40.6694 43.2153 37.5538 50.5618 54.1294 51.7503 84.5456 48.3018 75.2977 40.8767 40.5222 36.1324
threshold=1.0333333333333334 8.8031807854592685 16.948750000000004 0.97266095247267303 99.000000000000014 19.160588235294121 2.4929818350948034 21.79411764705883 6.7567265926640934 0.1551118613292502 22.723809523809528 22.031250000000004 2.5589937034817125 6.422152434834735
decision_type=8 8 2 10 10 2 8 2 10 2 10 10 10 10
left_child=-1 4 -3 -4 5 7 -7 8 -2 10 -9 -10 -6 -12
right_child=1 2 3 -5 12 6 -8 9 11 -11 13 -13 -14 -15
leaf_value=0.030386601085798631 -0.015472827882988278 0.0024058465388672803 -0.0065676571234206662 -0.048973094485501856 0.00011167387828252241 0.047253933882271962 -0.0002200382501430303 0.019138523875942542 0.049389722441794945 -0.045234441029719318 -0.0048816623763345505 0.0072826562317693496 0.042698856860858364 -0.044211646782064816
leaf_weight=119.52266646176577 213.44463928043842 185.45432383567095 115.53693713247776 124.97995683550835 107.07843162864447 104.55784003436565 139.22989189624786 154.17883603274822 113.28408460319042 110.8822995275259 110.46157497167587 117.10432996600866 115.77958178520203 123.55966731905937
leaf_count=309 523 467 344 281 366 239 470 438 301 283 306 339 277 336
internal_value=0.00111234 -0.000809389 -0.0151917 -0.0287144 0.00354466 1.28778e-06 0.0202509 -0.00525009 0.00716338 -0.0162816 -0.00791678 0.0281111 0.0223285 -0.0257471
internal_weight=1955.06 1835.53 425.971 240.517 1409.56 1186.7 243.788 942.915 443.833 499.082 388.2 230.388 222.858 234.021
internal_count=5279 4970 1092 625 3878 3235 709 2526 1163 1363 1080 640 643 642
is_linear=0
shrinkage=0.05


Tree=119
num_leaves=12
num_cat=0
split_feature=6 62 60 47 54 21 79 69 44 47 15
split_gain=42.1885 34.8061 90.0037 50.607 87.9105 58.1738 57.0372 56.463 43.0161 42.5929 53.649
threshold=9.2846554592489703 26.125000000000004 6.2500000000000009 0.54446916236140319 21.781746031746035 2.4686274509803927 3.0785398854663977 1.0000000180025095e-35 0.58160770650943971 0.58564437912781153 0.98452545628696997
decision_type=10 2 2 2 8 8 8 2 10 2 10
left_child=1 3 -3 4 -1 8 9 -8 -5 -7 -11
right_child=-2 2 -4 5 -6 6 7 -9 -10 10 -12
leaf_value=-0.012719510546394442 -0.020231793544575809 0.056405031627794006 -0.0010608061489225961 -0.0075893097234456435 0.036767527334891532 -0.033040642948074649 0.041517896662675184 -0.0095010270445068448 0.034932980108598889 0.008142577847604136 -0.030762355111041043
leaf_weight=147.55839090049267 189.87748175114393 107.42082688212395 183.28596156090498 100.42199057340622 226.4488215520978 264.15941183269024 91.659073539078236 130.06277600675821 143.79340756684542 230.02826553583145 142.82682122290134
leaf_count=345 535 310 533 283 547 503 387 514 445 511 356
internal_value=0.00210214 0.00451127 0.0202943 0.0013931 0.0172614 -0.00399855 -0.0101223 0.0116817 0.0174881 -0.017718 -0.00680287
internal_weight=1957.54 1767.67 290.707 1476.96 374.007 1102.95 858.736 221.722 244.215 637.014 372.855
internal_count=5269 4734 843 3891 892 2999 2271 901 728 1370 867
is_linear=0
shrinkage=0.05


Tree=120
num_leaves=13
num_cat=0
split_feature=24 6 50 6 33 50 39 49 41 75 8 23
split_gain=45.0023 32.4477 43.2347 55.5088 58.1053 47.0076 48.1477 44.4024 41.3897 38.2708 37.0321 44.2759
threshold=-3.2770595238095233 5.277008221511049 14.688035714285716 8.1149040505236005 4.322916666666667 21.991000000000003 25.750855578370981 7.5000000000000009 9.0000000000000018 20.345000000000002 17.487102416273618 6.6247743682310478
decision_type=8 8 8 10 8 8 2 2 10 8 10 10
left_child=-1 10 -3 4 7 6 -6 -4 -8 -5 11 -2
right_child=1 2 3 9 5 -7 8 -9 -10 -11 -12 -13
leaf_value=0.023700141745531908 -0.022028079696360087 0.020573002130555677 -0.035317514715857479 -0.043947529335818004 0.025465864516909371 0.034889316395778601 0.012190006628619895 0.0057054095101659874 -0.027515096247779858 -0.0050720536323651992 -0.036593071412924442 0.015957644154814602
leaf_weight=178.09640350192785 168.78166346251965 237.56113617122173 140.06756252795458 118.73397305607796 152.63157889991999 162.06724818050861 118.21002767980099 123.43923939019442 145.34415394812822 134.96685416996479 130.53513368219137 138.9981646835804
leaf_count=502 428 598 369 234 433 418 299 332 395 467 364 399
internal_value=-0.000185768 -0.00259936 0.00128353 -0.00291452 0.00327019 0.0121331 0.00320926 -0.0161515 -0.0097277 -0.0233672 -0.0143842 -0.00487701
internal_weight=1949.43 1771.34 1333.02 1095.46 841.76 578.253 416.186 263.507 263.554 253.701 438.315 307.78
internal_count=5238 4736 3545 2947 2246 1545 1127 701 694 701 1191 827
is_linear=0
shrinkage=0.05


Tree=121
num_leaves=13
num_cat=0
split_feature=66 60 76 13 58 53 76 31 13 14 6 5
split_gain=35.7664 33.6836 61.6411 37.932 37.6676 36.8856 41.0759 55.0832 54.2919 52.1749 61.479 84.1223
threshold=4.5000000000000009 -6.7499999999999991 1.197860554436694 0.058522551330739921 22.424632352941178 1.6306818181818186 2.1440054290453934 0.98656250000000012 0.094704006607348554 0.99630681818181832 7.1163261432972726 15.816666666666668
decision_type=2 2 10 8 2 8 8 10 10 10 10 10
left_child=-1 2 -2 4 -3 -5 7 9 -8 10 11 -7
right_child=1 3 -4 5 -6 6 8 -9 -10 -11 -12 -13
leaf_value=0.027908192236288251 -0.0063406577556571683 -0.0041775992601495691 0.042571814175357534 0.019762370291494264 -0.040967786517697329 -0.015081713331750089 -0.0016186012365350341 0.018744952908125969 0.046307914352574392 -0.036187042796415894 -0.030240049598633495 0.035830571559286206
leaf_weight=113.92651418596506 141.32572368532419 161.04842756688595 117.01554769277573 199.94091655313969 121.83459258079529 190.28470289707184 189.75433852523565 147.81689029932022 84.772829473018646 201.27700255811214 172.04127815365791 139.94648991525173
leaf_count=314 463 443 263 544 383 399 599 404 403 439 367 309
internal_value=0.000835729 -0.000830268 0.0158929 -0.00352403 -0.0201112 2.75459e-05 -0.00349147 -0.00891369 0.0132953 -0.0147432 -0.00609508 0.0065371
internal_weight=1980.99 1867.06 258.341 1608.72 282.883 1325.83 1125.89 851.366 274.527 703.549 502.272 330.231
internal_count=5330 5016 726 4290 826 3464 2920 1918 1002 1514 1075 708
is_linear=0
shrinkage=0.05


Tree=122
num_leaves=14
num_cat=0
split_feature=6 6 21 75 13 33 30 56 75 23 33 55 40
split_gain=37.6065 68.6858 53.3492 82.7129 61.3434 55.661 43.8863 48.9069 53.2937 42.3994 35.825 32.5408 25.3965
threshold=8.1149040505236005 7.505592727557608 5.9393382352941186 19.775000000000002 0.07112649207098469 4.4833333333333343 0.071095028619853798 4.3407667465256337 22.475000000000005 7.0010245901639356 7.8062500000000004 17.150000000000006 7.5000000000000009
decision_type=10 10 10 8 8 10 8 2 8 10 8 2 2
left_child=1 2 3 4 -1 -6 12 8 -8 -2 -10 -11 -5
right_child=9 -3 -4 6 5 -7 7 -9 10 11 -12 -13 -14
leaf_value=0.045498015731147701 -0.03648371023870136 0.041454237756978748 -0.023248890338027718 -0.008924811461059251 -0.0061224275148543863 0.030826662899502782 -0.039857211016977798 0.02081376231161073 0.024319020236831208 0.018820687073900798 -0.017292805680076115 -0.01898624010129717 -0.044983270444358195
leaf_weight=155.71188074350357 131.10395123064518 112.406692892313 194.59469994902611 99.318052776157856 251.38571824133396 170.13319544494152 105.72462558746338 192.20142284780741 103.30509044229984 108.55930153280497 101.6360804438591 117.44849006086588 96.255298167467117
leaf_count=326 329 299 480 338 554 309 274 579 365 296 316 359 387
internal_value=0.000652654 0.00396118 0.00106848 0.00479323 0.018782 0.0088286 -0.0067782 0.00105034 -0.0112044 -0.0139804 0.00369878 -0.000823364 -0.0268103
internal_weight=1939.78 1582.67 1470.27 1275.67 577.231 421.519 698.441 502.867 310.666 357.112 204.941 226.008 195.573
internal_count=5211 4227 3928 3448 1189 863 2259 1534 955 984 681 655 725
is_linear=0
shrinkage=0.05


Tree=123
num_leaves=11
num_cat=0
split_feature=65 39 53 45 65 69 55 19 75 4
split_gain=26.1175 29.9714 72.7294 54.1755 43.438 42.0638 36.9003 69.0639 38.754 51.1964
threshold=3.5000000000000004 29.137577002053394 1.4226190476190479 22.919871794871799 15.500000000000002 0.11123321123321124 16.752536764705884 2.8257575757575766 14.880000000000001 15.084579350571042
decision_type=8 2 10 10 8 2 2 10 10 10
left_child=-1 2 -2 5 -5 -3 7 -4 -8 -10
right_child=1 3 6 4 -6 -7 8 -9 9 -11
leaf_value=0.021781251275168452 -0.030831841386414732 0.036371765002179444 -0.034455720570364466 -0.023939436608156183 0.013497224991435915 -0.0010853556692026892 -0.0097591125728355103 0.0092274511232448408 0.043738304185074878 0.0056042881672791079
leaf_weight=169.21560833603144 201.10995719581842 221.58084966242313 160.33038762956858 154.23747148364782 153.78046298772097 112.91880588233471 164.22259783744812 205.30845954269171 135.98148758709431 247.20616157352924
leaf_count=497 546 595 413 463 414 307 577 513 306 584
internal_value=0.0030805 0.00126774 -0.00369144 0.0098596 -0.00526568 0.0237616 0.00231375 -0.00996908 0.0105212 0.0192155
internal_weight=1925.89 1756.68 1114.16 642.518 308.018 334.5 913.049 365.639 547.41 383.188
internal_count=5215 4718 2939 1779 877 902 2393 926 1467 890
is_linear=0
shrinkage=0.05


Tree=124
num_leaves=13
num_cat=0
split_feature=53 3 4 39 50 79 20 54 64 45 4 50
split_gain=29.6269 36.001 41.3581 37.9721 68.934 36.0244 48.6793 39.0313 51.9853 70.5728 31.651 27.321
threshold=1.0333333333333334 23.571250000000003 21.166147497562459 24.724161533196444 17.680666666666671 3.6769075971600844 1.6666666666666659 21.677083333333339 52.500000000000007 21.881944444444446 15.563008449478245 17.604722222222225
decision_type=8 10 10 2 10 8 10 8 10 8 8 8
left_child=-1 2 3 4 -2 7 -7 10 9 -9 -5 -8
right_child=1 -3 -4 5 -6 6 11 8 -10 -11 -12 -13
leaf_value=0.025250758595091405 -0.034557859777424087 -0.028900126219979325 0.025023013477932683 0.006937476095467467 0.0076399687322472355 0.018607604820445888 -0.013217630316153292 0.054146251188258332 -0.0041408989699147159 0.0088829717979469012 -0.021190189232176537 -0.059738841322625108
leaf_weight=108.94302213191986 214.60276424884796 111.31395751237869 153.260088942945 216.88290128111839 175.06308670341969 61.606433659791946 67.664493680000305 136.98767310380936 237.04134552180767 230.40391691029072 184.03206299245358 59.385774672031403
leaf_count=292 563 336 410 465 518 298 351 294 527 517 403 304
internal_value=3.40677e-05 -0.00146516 0.000308674 -0.00209734 -0.0156288 0.00232807 -0.0176635 0.00609338 0.0141079 0.0258613 -0.00599457 -0.0352593
internal_weight=1957.19 1848.24 1736.93 1583.67 389.666 1194 188.657 1005.35 604.433 367.392 400.915 127.05
internal_count=5278 4986 4650 4240 1081 3159 953 2206 1338 811 868 655
is_linear=0
shrinkage=0.05


Tree=125
num_leaves=13
num_cat=0
split_feature=30 62 53 43 19 50 50 43 50 79 23 25
split_gain=46.2616 59.2392 88.149 34.7681 64.7398 36.5278 56.4178 70.227 51.7626 57.4743 43.2418 33.2472
threshold=0.23135613822177001 26.125000000000004 2.4330357142857149 59.345238095238102 2.2928571428571431 17.37587412587413 18.773666666666671 62.174242424242429 15.39388888888889 2.5841681594858845 6.6641946883701015 -0.090000000000000011
decision_type=10 2 8 8 8 8 8 10 10 8 10 10
left_child=1 3 -3 4 -1 8 -7 -8 9 -5 -10 -9
right_child=-2 2 -4 5 -6 6 7 11 10 -11 -12 -13
leaf_value=0.0087787115031717818 -0.027241541963500093 0.052007127660407763 -0.0040239370535866863 0.032695306765509184 -0.035593454710194067 0.033881987417188474 0.020859288100819162 -0.00064382894422280448 0.00041674984197330006 -0.01169218522377459 -0.039457205848111611 -0.039847529545300936
leaf_weight=142.96426752954721 151.18760016560555 132.4277324154973 147.83423779904842 125.48962667584419 191.38045685738325 176.4700884744525 209.87023122608662 111.43864499032497 116.5458654910326 171.3658914193511 162.14121931046247 104.13183074444532
leaf_count=301 345 397 475 246 415 543 541 328 302 552 453 330
internal_value=-0.000775115 0.00147168 0.0225423 -0.00244678 -0.0166505 0.00159716 0.0102005 0.000321189 -0.00740245 0.0071185 -0.0228402 -0.0196778
internal_weight=1943.25 1792.06 280.262 1511.8 334.345 1177.45 601.911 425.441 575.543 296.856 278.687 215.57
internal_count=5228 4883 872 4011 716 3295 1742 1199 1553 798 755 658
is_linear=0
shrinkage=0.05


Tree=126
num_leaves=14
num_cat=0
split_feature=51 15 16 5 47 69 43 64 33 5 16 15 7
split_gain=29.1695 34.2968 47.024 61.2325 53.4178 97.5637 61.4313 56.3885 64.7049 34.1019 33.0779 21.1953 18.9639
threshold=3.4031195736782234 0.75801303862105707 29.516666666666669 14.636666666666668 0.54621575607491113 0.020252407616538053 57.261363636363647 69.500000000000014 5.8875000000000002 15.190000000000003 10.083333333333334 0.98319796607263732 18.864726190476194
decision_type=8 8 8 10 2 2 10 10 8 8 10 10 10
left_child=-1 10 3 -3 5 -4 -6 8 11 -10 -2 -8 -11
right_child=1 2 4 -5 6 -7 7 -9 9 12 -12 -13 -14
leaf_value=-0.026792396604346805 -0.0037487247947841692 0.041102933580717621 0.04712265563015728 0.00016027852768818983 -0.039354819696069542 -0.014292159926150898 0.025092494258366911 0.025489245424625613 -0.049511687119466796 -0.0020424232212828343 -0.036969679618819633 -0.0037050572320635245 -0.030290269285159155
leaf_weight=121.19243873655796 195.68956109136343 153.15522768348455 128.51235996186733 224.06193529069424 142.20224033296108 128.4422726854682 110.4803631156683 135.285998955369 96.646328754723072 136.28993613272905 120.6832554936409 149.17976624518633 104.5511017665267
leaf_count=378 495 368 345 479 345 334 304 407 292 463 306 404 329
internal_value=-0.0031415 -0.00155727 0.00158436 0.0168483 -0.00351427 0.0164872 -0.00940252 -0.00354154 -0.0101502 -0.0245569 -0.0164977 0.008597 -0.0143796
internal_weight=1946.37 1825.18 1508.81 377.217 1131.59 256.955 874.636 732.433 597.147 337.487 316.373 259.66 240.841
internal_count=5249 4871 4070 847 3223 679 2544 2199 1792 1084 801 708 792
is_linear=0
shrinkage=0.05


Tree=127
num_leaves=15
num_cat=0
split_feature=50 50 25 52 39 61 6 6 79 44 76 1 48 6
split_gain=47.0335 54.089 35.1551 52.6562 79.0703 75.8139 56.9048 41.8062 50.0287 74.1071 63.5338 34.5559 31.2378 28.9936
threshold=12.418809523809525 14.083636363636366 -0.036666666666666563 245.38095238095241 25.497604380561263 45.250000000000007 6.445675737209851 5.7801971841087214 3.0120011579356718 0.50232589551029239 0.98422048694662145 2.5000000000000004 23.545955882352946 8.1692547099494153
decision_type=8 8 10 10 2 2 10 10 10 10 10 8 2 10
left_child=-1 -2 7 5 -5 6 -4 8 9 -3 11 -11 -6 -9
right_child=1 2 3 4 12 -7 -8 13 -10 10 -12 -13 -14 -15
leaf_value=0.027792697107582972 -0.031330545082344181 0.035598317476373618 0.029025844861613755 0.023526006754775106 -0.044646155932116689 0.050201566761643862 -0.01610220531738717 -0.04143852183510404 -0.024535361168071007 -0.041153949857691358 0.024206268673686665 -0.0023988772145940806 -0.006235179408543636 -0.0066665357765105689
leaf_weight=132.72253533452749 152.51021638512611 157.5853304117918 128.39275067299604 131.24482069164515 106.66283487528563 135.14711802452803 150.86411374807358 124.4928707703948 162.5234894156456 109.08902797102928 117.05159322917461 120.72529289126396 104.86197880655527 115.65132790058851
leaf_count=339 387 363 306 442 353 339 358 334 419 355 256 333 373 301
internal_value=-0.000827019 -0.00293191 -0.000312301 0.00763622 -0.00685229 0.0196079 0.00467566 -0.00694804 -0.000496652 0.00728133 -0.00564877 -0.0208939 -0.0257231 -0.0247897
internal_weight=1949.53 1816.8 1664.29 757.174 342.77 414.404 279.257 907.119 666.975 504.451 346.866 229.814 211.525 240.144
internal_count=5258 4919 4532 2171 1168 1003 664 2361 1726 1307 944 688 726 635
is_linear=0
shrinkage=0.05


Tree=128
num_leaves=14
num_cat=0
split_feature=71 0 57 55 79 76 69 53 33 80 26 75 79
split_gain=35.1191 35.5586 40.1325 60.7096 57.8173 58.468 47.204 38.2147 37.2601 44.2374 35.2816 41.8782 27.4554
threshold=0.34465684885534065 12.500000000000002 245.2150735294118 15.290000000000003 3.1712600885947499 1.6099158222410528 0.010487898953951228 2.2792207792207795 6.9302884615384608 17.043972551338388 6.5000000000000009 18.635000000000002 2.6020758854227286
decision_type=2 2 2 2 8 8 2 8 10 2 2 8 8
left_child=1 2 8 -4 5 6 -5 -6 9 10 12 -12 -1
right_child=-2 -3 3 4 7 -7 -8 -9 -10 -11 11 -13 -14
leaf_value=-0.015810618838883003 0.026473174571693178 0.019141644400520068 -0.029970914638746845 0.012406137810601146 -0.032902048941418092 -0.0047048062192039733 0.054228893570771791 0.014098343994249286 -0.029359047654862136 0.015742172695141273 -0.041697896437606595 -0.0045457502509669654 0.016620580398045034
leaf_weight=126.37663307785988 111.09242036193609 173.12123683094978 107.1108537837863 128.3633661866188 102.07110017538071 145.04624544084072 143.01310758292675 73.747730195522308 218.14638262242079 178.60370242595673 160.92163573205471 143.20893810689449 132.82151442021132
leaf_count=263 277 488 328 347 451 405 374 332 498 446 280 370 356
internal_value=-0.000695947 -0.00235652 -0.00460951 0.00449751 0.0107714 0.0209079 0.0345646 -0.0132194 -0.0112411 -0.00588168 -0.0127533 -0.0242759 0.000808183
internal_weight=1943.64 1832.55 1659.43 699.352 592.242 416.423 271.376 175.819 960.079 741.932 563.329 304.131 259.198
internal_count=5215 4938 4450 2237 1909 1126 721 783 2213 1715 1269 650 619
is_linear=0
shrinkage=0.05


Tree=129
num_leaves=12
num_cat=0
split_feature=36 76 54 36 48 76 15 36 79 21 28
split_gain=32.6057 39.2086 42.1462 40.3632 58.7925 45.4445 48.5611 51.321 100.32 33.6602 35.0774
threshold=0.95950506351425768 0.99414222861858359 28.707142857142859 0.8483159167936466 23.323529411764707 1.1395083404458008 0.98319796607263732 0.29261654031112866 2.5841681594858845 3.7347222222222229 15.68093891402715
decision_type=10 8 10 8 2 8 8 10 8 10 10
left_child=1 -1 3 5 -5 -3 7 -7 -9 10 -8
right_child=-2 2 -4 4 -6 6 9 8 -10 -11 -12
leaf_value=0.020669466539347332 -0.02192244135174802 -0.022172023395083767 -0.023595631867461754 -0.0052846219401253619 0.045083825597945132 -0.0057012019892206476 -0.015318793581906777 0.058260767342222942 0.00015181979379134435 -0.034416950622493822 0.021836242413073043
leaf_weight=223.13833613693714 167.05165080726147 232.06768570840359 191.55897368490696 113.2366466447711 117.22841136902571 222.88524459302425 170.2758554071188 132.50462411344051 167.42844750732183 108.45001163333654 99.976134270429611
leaf_count=494 532 525 525 300 321 572 473 283 530 330 343
internal_value=-0.000870362 0.00111795 -0.00169801 0.00139219 0.0204199 -0.00249084 0.0025944 0.0124609 0.0259315 -0.0110237 -0.00154395
internal_weight=1945.8 1778.75 1555.61 1364.05 230.465 1133.59 901.52 522.818 299.933 378.702 270.252
internal_count=5228 4696 4202 3677 621 3056 2531 1385 813 1146 816
is_linear=0
shrinkage=0.05


Tree=130
num_leaves=14
num_cat=0
split_feature=15 32 7 7 43 39 75 15 16 47 79 41 69
split_gain=86.5949 61.414 54.0541 58.9837 45.9974 41.192 44.7974 42.4162 60.7852 56.8281 54.9723 37.4957 24.3942
threshold=0.99252098173229164 27.183333333333337 17.388345238095241 19.264250000000001 67.035714285714292 31.111567419575636 16.485000000000003 0.95513737384044017 20.062500000000004 0.59245212554193205 2.3382962431699608 10.500000000000002 0.010487898953951228
decision_type=10 8 10 10 10 2 10 10 10 2 10 8 2
left_child=2 -2 5 -4 11 7 -7 8 9 10 -1 12 -3
right_child=1 4 3 -5 -6 6 -8 -9 -10 -11 -12 -13 -14
leaf_value=-0.024709774807139803 0.018006165351438168 -0.027351764092604331 0.04851176497541157 0.0019282433402710705 0.0059165977715283794 0.0044551132022571287 -0.0362481137296242 0.031805124546584768 -0.021912494382411291 0.038457942136702866 0.017796301772446507 -0.01489974669462662 -0.061552587327654076
leaf_weight=131.4769462198019 104.52596388012171 100.06522596627474 139.56119010597467 131.71525233983994 101.88843050599098 135.1672328710556 133.83665522933006 138.34937064349651 194.18951269239187 135.21068519353867 177.62737084925175 182.52065774053335 114.60605127364397
leaf_count=343 250 300 388 356 324 401 326 339 480 395 369 583 320
internal_value=-0.00104755 -0.0167145 0.00613943 0.0259838 -0.0240078 0.000972257 -0.0158551 0.00681201 0.00135531 0.011551 -0.000304958 -0.0316796 -0.0458112
internal_weight=1920.74 603.606 1317.13 271.276 499.08 1045.86 269.004 776.854 638.505 444.315 309.104 397.192 214.671
internal_count=5174 1777 3397 744 1527 2653 727 1926 1587 1107 712 1203 620
is_linear=0
shrinkage=0.05


Tree=131
num_leaves=13
num_cat=0
split_feature=60 41 16 76 44 45 4 24 15 76 23 15
split_gain=30.4459 33.3479 74.115 83.6624 48.6512 50.5567 90.5058 68.0892 42.0726 35.0978 33.7677 26.4459
threshold=-7.2499999999999991 34.000000000000007 31.483333333333338 1.373346037093869 0.51592556470939954 25.516666666666669 15.3250900747149 0.82329999999999892 0.9936194278521252 1.0573743971505689 6.4189797449362347 0.78485961928266967
decision_type=2 8 10 8 10 10 8 8 10 8 10 8
left_child=-1 4 3 -3 -2 6 10 -8 -4 -7 -6 -5
right_child=1 2 8 11 5 9 7 -9 -10 -11 -12 -13
leaf_value=0.017320124073381359 0.022167213836652724 -0.054640701328935254 0.038768729917636024 -0.020543010841559694 0.0027077651189014386 -0.0044126163406698607 0.053975406134917685 0.0047876358087739802 -0.0078052545373907701 -0.043938151964667355 -0.033079049884254502 0.0059404230601853517
leaf_weight=211.53490080684423 249.85274466872215 134.83774480223656 95.333645224571228 213.35098347812891 123.57908239215612 119.18894462287426 114.05819603055716 181.65555613487959 97.074599213898182 105.63960830122232 139.92587564140558 167.6208084821701
leaf_count=593 540 308 287 547 271 299 335 463 345 374 374 497
internal_value=-0.000546588 -0.00272473 -0.0110753 -0.0209439 0.00300053 -0.00312778 0.00492743 0.0238776 0.0153522 -0.0230967 -0.0163489 -0.00890572
internal_weight=1953.65 1742.12 708.218 515.81 1033.9 784.047 559.219 295.714 192.408 224.829 263.505 380.972
internal_count=5233 4640 1984 1352 2656 2116 1443 798 632 673 645 1044
is_linear=0
shrinkage=0.05


Tree=132
num_leaves=13
num_cat=0
split_feature=65 12 75 44 62 5 39 8 5 13 12 39
split_gain=43.2524 42.7887 57.4126 40.1729 39.4679 68.4516 68.1449 53.0868 70.1893 52.4695 43.4141 24.9135
threshold=3.5000000000000004 0.063734042622663606 18.265000000000004 0.58363442683536604 20.375000000000004 16.466666666666672 31.787816563997264 19.79017662619426 17.81666666666667 0.10257212723181892 0.11905658158939221 26.888432580424368
decision_type=8 8 8 10 2 8 2 10 10 10 10 2
left_child=-1 2 -2 -4 5 10 7 8 9 11 -3 -6
right_child=1 4 3 -5 6 -7 -8 -9 -10 -11 -12 -13
leaf_value=0.0247956492840622 0.041048959027203236 -0.022373877839485443 -0.020811872561656172 0.020206633166760014 0.00052006033783341861 -0.043235623953461561 -0.025852391136984912 -0.016289464894606833 0.038079673978176493 -0.01928631112536484 0.019379181433262584 0.033107835596557854
leaf_weight=173.5128011405468 126.35314851999283 124.19640473276377 120.00361054390669 116.80646183341742 114.50784431397915 163.72964552789927 200.12167679518461 189.53287859261036 200.44759967178106 168.49957285821438 122.84847168624401 119.29966416209936
leaf_count=514 260 317 345 441 320 425 577 507 516 433 296 298
internal_value=0.00104882 -0.0012966 0.0139769 -0.000579621 -0.00525673 -0.0182703 0.000142756 0.00673311 0.0139874 0.00191891 -0.00161683 0.0172181
internal_weight=1939.86 1766.35 363.163 236.81 1403.18 410.775 992.409 792.288 602.755 402.307 247.045 233.808
internal_count=5249 4735 1046 786 3689 1038 2651 2074 1567 1051 613 618
is_linear=0
shrinkage=0.05


Tree=133
num_leaves=14
num_cat=0
split_feature=44 44 75 75 54 40 76 76 52 30 64 79 33
split_gain=26.0268 67.5341 42.9606 66.5839 34.6792 68.2057 38.8157 41.2648 33.2116 42.7617 40.8015 30.9105 20.937
threshold=0.44365079365079368 0.4958367997781476 15.665000000000001 17.095000000000002 26.577380952380956 4.5000000000000009 1.0419784367934457 1.1147087287776809 211.44097222222226 0.080627234432583614 71.500000000000014 2.4402424979228541 3.2749999999999999
decision_type=10 10 8 8 8 2 8 8 10 8 8 10 10
left_child=-1 -2 -3 -4 6 -6 -5 -8 -9 12 11 -11 -10
right_child=1 2 3 4 5 -7 7 8 9 10 -12 -13 -14
leaf_value=0.017297777812249442 -0.035714706421228502 0.023859819513658849 -0.033061932908570686 -0.015773163531701991 -0.040039280659416379 0.0079845949139669345 0.038481433434237287 -0.010750543652210856 0.0095765563064351654 -0.015579012743968751 0.040217377458450145 0.025940938425857769 -0.025514273789601385
leaf_weight=181.08217636495829 140.31122877448797 172.21279934048653 157.64010280370712 174.22221113741398 134.05192660540342 162.77341529726982 110.1759130358696 214.0762065127492 84.185919903218746 85.876117721199989 168.58646157383919 91.697489380836487 84.051664307713509
leaf_count=430 324 342 322 422 418 493 260 523 271 389 512 252 331
internal_value=-0.000708279 -0.00254889 0.00030945 -0.00246889 0.00123582 -0.0137655 0.00564125 0.0101034 0.00576458 0.0126452 0.0226741 0.00588674 -0.00800203
internal_weight=1960.94 1779.86 1639.55 1467.34 1309.7 296.825 1012.87 838.65 728.474 514.398 346.16 177.574 168.238
internal_count=5289 4859 4535 4193 3871 911 2960 2538 2278 1755 1153 641 602
is_linear=0
shrinkage=0.05


Tree=134
num_leaves=13
num_cat=0
split_feature=6 52 51 53 6 51 76 48 45 47 58 32
split_gain=33.0535 34.2944 53.7689 73.9974 49.8913 69.6096 73.5164 51.7443 50.6215 44.235 37.6159 35.2457
threshold=1.7321720460954224 261.60984848484856 3.7634838007924798 1.6547619047619049 8.0357357104218696 4.8668292504926178 1.0384627796236949 22.240808823529417 21.516666666666669 0.55788124954610074 22.323529411764707 32.064583333333339
decision_type=8 8 10 10 10 10 10 2 10 2 2 8
left_child=-1 2 -2 -4 5 6 7 -5 -8 -3 -11 -12
right_child=1 9 3 4 -6 -7 8 -9 -10 10 11 -13
leaf_value=-0.023980816840208738 -0.017342376425679509 0.011640095831018802 0.041876010114997961 0.02357536918851022 -0.016346427599768804 -0.019936150256878209 0.01531220172771898 -0.022231318221504589 0.056180652057203864 -0.038102532800785814 0.018180021057507729 -0.02023874865751021
leaf_weight=128.74811811000109 193.34794282913208 194.73258816450834 165.4712263867259 116.27817974984646 200.55796132981777 136.2764081582427 149.26478353142738 128.98154273629189 155.06295129656792 140.39509398490191 94.481705747544765 158.45701213926077
leaf_count=340 519 572 375 328 487 334 309 370 333 467 277 588
internal_value=0.000408046 0.00213295 0.00683094 0.0112865 0.00553548 0.0119486 0.0198766 -0.00050672 0.0362515 -0.00780984 -0.0174443 -0.00587288
internal_weight=1962.06 1833.31 1245.24 1051.89 886.422 685.864 549.587 245.26 304.328 588.066 393.334 252.939
internal_count=5299 4959 3055 2536 2161 1674 1340 698 642 1904 1332 865
is_linear=0
shrinkage=0.05


Tree=135
num_leaves=13
num_cat=0
split_feature=54 50 43 12 28 15 65 30 73 61 62 45
split_gain=28.5998 67.5051 61.4744 59.6307 57.6761 66.5377 49.3148 48.1392 45.2401 41.1485 36.301 29.0896
threshold=26.207142857142859 17.37587412587413 59.345238095238102 0.21581505180643112 16.292822916666669 0.98265972986026839 7.5000000000000009 0.14303297412033286 11.500000000000002 41.750000000000007 23.625000000000004 22.870833333333337
decision_type=8 10 10 8 10 10 8 10 2 2 2 8
left_child=1 3 -3 7 11 -6 -4 9 -8 -1 -11 -2
right_child=4 2 6 -5 5 -7 8 -9 -10 10 -12 -13
leaf_value=0.012195372806853512 -0.0066730837874870068 -0.013233186952819796 0.047714079129391747 0.024560260849083519 0.033715277979755362 -0.018800099882007336 0.030018526123902285 -0.04128977913587651 -0.0055969345828931309 -0.0016012626412660533 -0.038211437084577325 -0.035633075617145467
leaf_weight=193.71711823344231 172.16402367502451 136.74498181790113 156.73437076061964 131.54616512358189 134.74841470271349 107.67270937561989 198.46792714297771 115.90619650483131 160.75026594102383 152.60092590004206 120.84915984421968 174.86890026926994
leaf_count=462 423 313 495 298 361 332 567 282 489 419 353 475
internal_value=0.000918504 0.00488686 0.0164996 -0.00572791 -0.00827931 0.0104089 0.0243902 -0.0125915 0.0141093 -0.00539837 -0.0178611 -0.0213264
internal_weight=1956.77 1367.32 652.698 714.62 589.454 242.421 515.953 583.073 359.218 467.167 273.45 347.033
internal_count=5269 3678 1864 1814 1591 693 1551 1516 1056 1234 772 898
is_linear=0
shrinkage=0.05


Tree=136
num_leaves=14
num_cat=0
split_feature=39 44 31 47 69 19 23 62 57 14 9 76 55
split_gain=37.0045 55.3348 40.0234 58.6998 36.2125 34.0869 54.1812 49.1486 70.2718 44.1154 39.384 41.6691 27.7316
threshold=23.708418891170435 0.5961635293206291 0.98818014705882373 0.57034035290690765 0.0080362620685201346 2.3100961538461542 6.8979786806114243 24.125000000000004 245.2150735294118 0.96922619047619063 14.575666666666669 1.14435062010995 16.982389705882358
decision_type=2 8 10 2 2 8 8 2 2 10 10 10 2
left_child=1 -1 5 -4 -5 10 -7 9 -9 -8 12 -12 -2
right_child=2 -3 3 4 -6 6 7 8 -10 -11 11 -13 -14
leaf_value=0.038514762751569794 -0.019872979588646988 -0.0083122288176662451 0.049262578280597664 -0.024853039256360093 0.021248394772169766 -0.03060336235748631 -0.0048972933543276146 -0.038352535693612716 0.010684625825691709 0.029111167082002634 0.00093999262695333144 0.04803473959344659 0.0097975691434100502
leaf_weight=153.51904612034559 150.32467764616013 106.10891669243574 91.201489672064781 79.068146534264088 90.017275750637054 232.8552123233676 236.24745810031891 175.01634182780981 124.29425204545259 158.63072159141302 93.981165885925293 92.975315570831299 163.30809065699577
leaf_count=447 352 343 248 296 324 536 576 372 375 372 380 225 423
internal_value=0.00188316 0.0194183 -0.000823908 0.0171693 -0.000329045 -0.00411416 -0.00978783 -0.0027716 -0.0180212 0.00880363 0.0063915 0.0244916 -0.00444153
internal_weight=1947.55 259.628 1687.92 260.287 169.085 1427.63 927.044 694.189 299.311 394.878 500.589 186.956 313.633
internal_count=5269 790 4479 868 620 3611 2231 1695 747 948 1380 605 775
is_linear=0
shrinkage=0.05


Tree=137
num_leaves=12
num_cat=0
split_feature=45 45 55 5 2 51 20 45 41 44 60
split_gain=41.9628 47.5423 43.0679 42.9307 42.9213 42.4365 46.4871 57.2366 34.1268 48.6175 40.0055
threshold=17.851648351648354 19.031250000000004 20.136213235294122 23.943333333333339 2.5000000000000004 4.155112429849841 7.3452380952380958 22.919871794871799 34.000000000000007 0.59910411525110863 1.2500000000000002
decision_type=8 8 2 10 2 8 8 10 8 8 2
left_child=4 -2 3 5 -1 6 7 -3 9 -7 -10
right_child=1 2 -4 -5 -6 8 -8 -9 10 -11 -12
leaf_value=0.031124910898024129 -0.031247294392264448 -0.00054798875088872849 -0.022028822373807887 0.030000516449417966 -0.0064268557143636025 0.0040468141683532039 0.013996958321031212 -0.043276860862595856 0.012717727913142421 0.039071381034860547 -0.023713434989573724
leaf_weight=213.883575335145 124.35065691173077 158.04457922279835 179.98486526310444 140.52793769538403 117.35493111610413 257.69884483516216 127.38271377235651 154.52227921038866 158.2930141761899 160.24070761352777 142.06104673445225
leaf_count=547 347 420 522 380 319 587 367 446 455 477 383
internal_value=0.00166855 -0.00168216 0.000823449 0.00400485 0.0178413 0.000827675 -0.0113861 -0.0217423 0.00831396 0.0175367 -0.00453494
internal_weight=1934.35 1603.11 1478.76 1298.77 331.239 1158.24 439.95 312.567 718.294 417.94 300.354
internal_count=5250 4384 4037 3515 866 3135 1233 866 1902 1064 838
is_linear=0
shrinkage=0.05


Tree=138
num_leaves=13
num_cat=0
split_feature=55 60 62 41 54 14 76 56 27 0 51 61
split_gain=29.8053 32.0563 52.5781 61.047 38.0358 41.1625 62.2895 49.8873 37.1153 34.9225 32.8672 41.3051
threshold=13.946875 3.2500000000000004 27.375000000000004 13.500000000000002 19.031250000000004 0.9603846153846155 1.4252526064646631 4.691154491733923 15.320941176470591 2.5000000000000004 4.080064102564104 45.750000000000007
decision_type=2 2 2 8 10 10 8 2 8 2 10 2
left_child=-1 4 3 -3 8 6 -6 10 -2 -8 -7 -12
right_child=1 2 -4 -5 5 7 9 -9 -10 -11 11 -13
leaf_value=0.023884789553953619 0.02937508231831943 0.039150519446780316 -0.014133652204518222 0.00053991254114440254 -0.04690840003680595 -0.011876389978980308 -0.023207586210341854 -0.029800894226022574 -0.0062833891551622089 0.010536301442930624 0.041565623240407808 7.6756439051668674e-05
leaf_weight=128.74320110678673 134.70824690908194 190.13428434729576 175.91311796754599 220.51277171075344 153.8707889020443 125.86664275079966 168.94845266640186 107.80088421702385 157.24144113063812 138.89245408028364 112.2318956926465 127.59264405071735
leaf_count=368 323 481 521 593 345 389 431 255 413 408 285 403
internal_value=0.000733575 -0.000922029 0.00868366 0.0184687 -0.00551673 -0.0104331 -0.0210388 -6.88246e-05 0.0102139 -0.00799811 0.00875316 0.0195845
internal_weight=1942.46 1813.71 586.56 410.647 1227.15 935.204 461.712 473.492 291.95 307.841 365.691 239.825
internal_count=5215 4847 1595 1074 3252 2516 1184 1332 736 839 1077 688
is_linear=0
shrinkage=0.05


Tree=139
num_leaves=13
num_cat=0
split_feature=52 55 52 76 50 41 15 30 7 65 79 23
split_gain=31.2332 67.2474 54.1714 35.2207 67.8187 52.7054 68.5937 51.3407 44.6204 44.5291 39.4828 16.4377
threshold=202.80909090909094 16.901250000000005 211.44097222222226 1.134824343640102 18.210714285714293 4.5000000000000009 0.98833834916523455 0.14170400356430637 16.894472222222223 10.500000000000002 2.6773710160097752 5.9587339743589753
decision_type=10 2 10 8 10 8 8 8 10 8 10 10
left_child=1 -1 -2 4 7 6 -5 -4 9 11 -11 -7
right_child=2 -3 3 5 -6 8 -8 -9 -10 10 -12 -13
leaf_value=0.031441265377127221 -0.033814522620526942 -0.0063768830696392317 -0.0061267468561105485 0.011713618895061964 0.015062480667826787 -0.026173026346959467 -0.040536914657955447 -0.048219697122212399 0.035597895591502317 0.0034844158315318996 0.041102046403647535 0.0015266511755107348
leaf_weight=223.87522058188915 129.89372745901346 245.70812183618546 154.99595677852631 126.53288047760725 154.2500147074461 102.85640915483236 123.05381396412849 135.56304505467415 161.32439880818129 180.17530331015587 113.03056471049786 110.37570651620626
leaf_count=473 273 584 351 369 438 303 447 313 547 479 325 368
internal_value=0.000449494 0.0116815 -0.00309094 -0.000138525 -0.0116694 0.00545925 -0.0141064 -0.0258636 0.0127824 0.00545875 0.0180764 -0.0118946
internal_weight=1961.64 469.583 1492.05 1362.16 444.809 917.349 249.587 290.559 667.762 506.438 293.206 213.232
internal_count=5270 1057 4213 3940 1102 2838 816 664 2022 1475 804 671
is_linear=0
shrinkage=0.05


Tree=140
num_leaves=14
num_cat=0
split_feature=30 6 31 0 20 58 46 72 30 24 0 4 69
split_gain=49.841 47.2385 53.2796 45.0543 30.3583 40.5303 37.0096 34.4666 30.0801 29.8243 47.7328 27.8123 27.0859
threshold=0.11178007380073754 11.833283949398512 0.98358288770053481 5.5000000000000009 4.5166666666666684 22.240808823529417 62.667279411764717 1.0000000180025095e-35 0.067209321556273516 3.1130833333333343 2.5000000000000004 18.97684639522398 0.021689642665343008
decision_type=10 8 10 2 10 2 2 2 10 8 2 10 2
left_child=4 2 3 -2 7 6 -6 9 -7 -1 12 -5 -11
right_child=1 -3 -4 11 5 8 -8 -9 -10 10 -12 -13 -14
leaf_value=-0.038541586163126827 -0.028184405040896296 0.028961301020253412 0.022740580668745874 -0.012207842272822704 -0.0034438182378029127 0.0043611640345889704 0.037888118547566019 0.010816347021249634 -0.032902608941969454 -0.038513956794512312 0.012698639900982481 0.020752574454631925 -0.0092050875983895608
leaf_weight=153.77842733263969 176.82313035428524 196.1363862156868 191.65998167544603 124.59614612907171 108.05173356086016 113.51374606788158 107.28499031066895 109.45812925696373 102.20873040705919 152.36256031692028 127.97302679717541 129.5853708460927 163.91351445764303
leaf_count=463 398 442 533 311 266 350 349 276 322 403 343 337 482
internal_value=-0.0017726 0.0076304 0.000875607 -0.00887748 -0.00853567 0.00192274 0.0172285 -0.0149015 -0.0133647 -0.0196189 -0.0129969 0.00461132 -0.0234012
internal_weight=1957.35 818.801 622.665 431.005 1138.54 431.059 215.337 707.486 215.722 598.028 444.249 254.182 316.276
internal_count=5275 2021 1579 1046 3254 1287 615 1967 672 1691 1228 648 885
is_linear=0
shrinkage=0.05


Tree=141
num_leaves=14
num_cat=0
split_feature=15 28 21 4 23 44 9 25 51 76 76 1 39
split_gain=26.2808 54.6781 50.9465 45.6531 51.4982 50.8075 75.8902 54.9836 42.6631 37.9839 44.7654 51.3997 30.0673
threshold=0.9936194278521252 18.600668627450982 3.8343881856540087 18.917884280213393 7.7571718501453573 0.6318359838594827 17.110333333333333 0.02833333333333338 4.2881254404510232 1.3429575344841889 1.1229640717319023 4.5000000000000009 26.888432580424368
decision_type=10 10 8 10 10 10 10 10 10 10 10 8 2
left_child=3 2 8 5 -5 6 7 9 -2 10 11 -1 -4
right_child=1 -3 12 4 -6 -7 -8 -9 -10 -11 -12 -13 -14
leaf_value=-0.024695709584816181 -0.0042751085765702695 -0.034328787491014055 0.0034303314649618017 0.045107271593068515 -0.00068094023814974872 0.027097079594277179 -0.038291592309227886 0.029476144599955619 0.041117761303503066 -0.02870421385721832 0.027891598485238117 0.0097048732590649962 -0.032333379998705829
leaf_weight=202.47857498377562 103.1044028699398 152.32851492613554 110.44955877959728 128.95965204387903 116.36123732477427 145.87757064402103 140.55953008681536 142.43804505467415 102.60586436837912 130.67074291408062 121.27418924868107 231.99209803342819 124.17695907503366
leaf_count=565 344 456 284 351 297 433 377 358 297 285 254 591 354
internal_value=0.000165262 -0.00861375 0.000339646 0.00399281 0.0234743 -0.000309559 -0.00445739 0.00131954 0.0184557 -0.00455761 0.00116127 -0.0063469 -0.0155546
internal_weight=1953.28 592.665 440.337 1360.61 245.321 1115.29 969.413 828.854 205.71 686.416 555.745 434.471 234.627
internal_count=5246 1735 1279 3511 648 2863 2430 2053 641 1695 1410 1156 638
is_linear=0
shrinkage=0.05


Tree=142
num_leaves=14
num_cat=0
split_feature=54 76 39 19 39 50 26 13 64 33 76 28 62
split_gain=46.0213 39.8967 39.9127 46.5172 43.1976 44.4177 36.9424 80.2551 61.3218 46.5277 44.661 48.2037 31.9312
threshold=24.345238095238098 1.280182116680455 25.920602327173174 4.5192307692307701 27.859000684462703 15.969444444444447 14.500000000000002 0.18021469662354908 39.500000000000007 4.9687500000000009 0.93045492046490774 14.605583333333334 24.375000000000004
decision_type=8 10 2 8 2 10 2 10 10 10 10 8 2
left_child=6 2 3 -2 -4 -6 7 9 -8 10 11 -1 -10
right_child=1 -3 4 -5 5 -7 8 -9 12 -11 -12 -13 -14
leaf_value=-0.0073450538287286038 0.0038380288503311079 -0.030496343784477464 0.033484105723852152 -0.042780269722663855 0.017903742105689423 -0.022170535338832398 0.014554711081666234 0.049918556457537622 -0.0042457169710561913 0.030222134404225956 -0.017763675605207096 0.037355566531320321 -0.041701146024862995
leaf_weight=131.31038922071457 102.91781809180975 169.28217267990112 106.57176261395216 110.12500060349703 126.50386852771044 150.11615742743015 209.23761606961489 124.02490622550249 114.7326580286026 148.70889767259359 225.55984382331371 110.11952774971724 112.38471209257841
leaf_count=387 326 390 267 301 340 488 555 304 341 387 511 352 312
internal_value=0.000384422 -0.00915008 -0.00304856 -0.0203469 0.00659674 -0.00384529 0.00659299 0.0133925 -0.00493808 0.00596579 -0.00180651 0.0131135 -0.0228814
internal_weight=1941.6 765.517 596.235 213.043 383.192 276.62 1176.08 739.724 436.355 615.699 466.99 241.43 227.117
internal_count=5261 2112 1722 627 1095 828 3149 1941 1208 1637 1250 739 653
is_linear=0
shrinkage=0.05


Tree=143
num_leaves=13
num_cat=0
split_feature=80 4 36 69 53 36 2 40 23 79 13 41
split_gain=28.7647 57.4772 75.4107 50.7324 30.0439 35.4696 39.9229 68.8458 62.1541 44.4393 25.9673 27.9255
threshold=21.404986389766705 19.993517508013834 0.66285188635184522 0.050155222410124371 1.4641025641025642 0.94871544002621577 1.5000000000000002 2.5000000000000004 7.3234188412206995 2.6020758854227286 0.056373732174281675 34.000000000000007
decision_type=2 8 8 2 10 8 2 2 10 10 10 8
left_child=1 4 3 -3 -1 6 7 -6 9 -9 -8 -12
right_child=-2 2 -4 -5 5 -7 10 8 -10 -11 11 -13
leaf_value=-0.025839041201087726 -0.022009191268944836 -0.021431188145357296 0.036794400213446675 0.019716075956383309 0.038983148404699033 -0.028809447127202067 0.0049913903181227686 0.036971608118657871 -0.026019914560952963 -0.0058402574527666876 -0.0020459062456473997 -0.033346481362413263
leaf_weight=163.60211531072855 164.70635583996773 159.3054139688611 210.54113472253084 139.63420287519693 142.67737945914268 117.47202301770449 166.00621122866869 114.01614270359278 155.07516910880804 127.659522742033 126.00068201124668 163.43104880303144
leaf_count=462 452 400 583 354 392 360 444 338 437 298 302 410
internal_value=-0.00208144 -0.000231804 0.0139491 -0.00220971 -0.00590071 -0.00294761 0.000131971 0.00932753 -0.00140826 0.0144264 -0.010756 -0.0197741
internal_weight=1950.13 1785.42 509.481 298.94 1275.94 1112.34 994.866 539.428 396.751 241.676 455.438 289.432
internal_count=5232 4780 1337 754 3443 2981 2621 1465 1073 636 1156 712
is_linear=0
shrinkage=0.05


Tree=144
num_leaves=13
num_cat=0
split_feature=23 65 42 79 40 57 65 57 27 26 31 48
split_gain=37.4669 28.186 32.446 73.4397 58.464 56.4149 78.9082 58.0557 51.2985 47.8238 47.1863 33.8137
threshold=8.7507961783439505 3.5000000000000004 5.5000000000000009 3.6875679723793633 7.5000000000000009 249.63602941176472 12.500000000000002 228.32352941176472 17.830000000000002 6.5000000000000009 0.96262443438914047 22.788602941176475
decision_type=10 8 2 8 2 2 8 2 8 2 10 2
left_child=1 -1 4 5 9 7 -7 8 -4 -3 -5 -11
right_child=-2 2 3 10 -6 6 -8 -9 -10 11 -12 -13
leaf_value=0.022640018910652666 -0.023874196626221502 0.0053210965426513882 0.033415120593980177 -0.0022572323187184185 0.014621545435399253 0.0017801168682093195 0.052803752092777927 -0.015880125620434789 -0.0064519170246120491 -0.014399410388849504 -0.057488711798524862 -0.049790358763420695
leaf_weight=170.80084499716759 134.62808661162853 139.74232111871243 190.43647812306881 97.528405264019966 196.43750823289156 138.14792875945568 167.01992118358612 234.11779719591141 138.99781659245491 149.25440163910389 63.172053687274456 124.00334642082453
leaf_count=482 358 368 404 480 528 373 428 492 315 381 326 301
internal_value=0.00147428 0.00337221 0.00135154 0.00676241 -0.00778424 0.0125094 0.0297869 0.00311737 0.0166254 -0.0184508 -0.0241902 -0.0305827
internal_weight=1944.29 1809.66 1638.86 1029.42 609.438 868.72 305.168 563.552 329.434 413 160.7 273.258
internal_count=5236 4878 4396 2818 1578 2012 801 1211 719 1050 806 682
is_linear=0
shrinkage=0.05


Tree=145
num_leaves=14
num_cat=0
split_feature=55 16 48 4 46 60 58 70 75 61 26 46 23
split_gain=31.8086 38.8815 31.271 52.9921 60.4059 34.0798 45.3889 56.3813 51.3709 52.9058 41.5416 41.2909 28.35
threshold=20.073713235294122 32.919871794871803 25.696691176470591 21.753373596055216 63.545955882352949 -6.7499999999999991 21.79411764705883 0.018037311167065227 18.045000000000005 46.750000000000007 12.500000000000002 62.332720588235297 6.8050191530671151
decision_type=2 8 2 8 2 2 2 2 8 2 2 2 10
left_child=2 -2 5 4 -4 -1 7 10 -8 12 11 -7 -10
right_child=1 -3 3 -5 -6 6 8 -9 9 -11 -12 -13 -14
leaf_value=0.01638031682721737 0.0010726841552378963 -0.038702897479018512 0.027501838454506763 0.036662492548852441 -0.017789054318185671 -0.012859230865629616 -0.04318941706406218 0.030672066741447065 -0.0083094905558498723 -0.028997535123315557 -0.025392751314455245 0.027365105514567979 0.028517921085139827
leaf_weight=203.18942075967789 131.85660706460476 113.96184888482094 123.58857323229313 154.44577111303806 178.96133413165808 128.07233311980963 134.36665071547031 144.17180001735687 107.8299592807889 155.90797052532434 160.11447162926197 125.27869206666946 99.772556774318218
leaf_count=584 329 345 314 385 501 298 254 384 320 465 449 333 315
internal_value=-0.000666218 -0.0174494 0.00174718 0.0129348 0.000741469 -0.00232175 -0.00593405 0.00386197 -0.0168916 -0.0070792 -0.00553793 0.00706055 0.00944141
internal_weight=1961.52 245.818 1715.7 456.996 302.55 1258.7 1055.51 557.637 497.877 363.51 413.465 253.351 207.603
internal_count=5276 674 4602 1200 815 3402 2818 1464 1354 1100 1080 631 635
is_linear=0
shrinkage=0.05


Tree=146
num_leaves=14
num_cat=0
split_feature=53 41 70 41 33 23 15 23 50 8 19 44 44
split_gain=36.2049 26.7439 51.8 39.1307 46.5154 33.0799 32.9305 62.7495 56.6107 59.0814 35.21 31.5111 26.7285
threshold=1.0000000180025095e-35 78.500000000000014 1.0000000180025095e-35 39.500000000000007 2.8166666666666669 6.0771520146520155 0.96615114559532722 6.8540744837758121 17.870839160839164 17.881720984847693 3.8619047619047624 0.59222040095826511 0.55407308510112252
decision_type=10 10 2 8 8 10 8 8 10 8 10 10 10
left_child=-1 3 5 4 -2 -3 7 -6 10 -10 11 -8 -5
right_child=1 2 -4 12 6 -7 8 -9 9 -11 -12 -13 -14
leaf_value=-0.025855764214562444 0.03004609657414441 -0.025178541820419915 0.034925193155539616 -0.038542724538017922 0.011818566909089319 0.01233173314371452 0.02237176333866726 -0.033344528017441408 -0.0046920178058641043 0.042264860767855517 -0.026283654471207882 -0.014760356646441018 -0.0076733691711713516
leaf_weight=150.53194595128298 119.42994828522205 97.91034509241581 143.55565419793129 114.58279405534267 124.58451353758574 143.89151955395937 115.10070713609457 198.26256218552589 121.58349017798901 147.68301526457071 163.08330448716879 111.54432798922062 179.95609968155622
leaf_count=366 304 270 399 265 299 456 292 498 362 431 364 367 534
internal_value=-0.00239337 -0.0003971 0.011246 -0.0036173 0.000717373 -0.00289806 -0.00287707 -0.0159337 0.00353393 0.0211232 -0.00864162 0.00411247 -0.0197721
internal_weight=1931.7 1781.17 385.358 1395.81 1101.27 241.802 981.842 322.847 658.995 269.267 389.728 226.645 294.539
internal_count=5207 4841 1125 3716 2917 726 2613 797 1816 793 1023 659 799
is_linear=0
shrinkage=0.05


Tree=147
num_leaves=14
num_cat=0
split_feature=12 79 65 44 30 57 43 12 3 69 69 43 23
split_gain=21.6611 48.7785 37.6434 29.2277 46.8269 45.6263 73.517 50.5319 46.6427 44.8041 105.277 31.933 23.1471
threshold=0.063734042622663606 2.3565519800895314 3.5000000000000004 0.58259563911737833 0.25988562921049557 236.08823529411768 64.25833333333334 0.14190703601802004 17.612428571428577 0.026201701236364509 0.16886293812587291 62.651515151515156 7.168657460136675
decision_type=8 10 8 8 8 2 10 10 8 2 2 10 8
left_child=1 12 -2 5 9 7 8 -4 -7 11 -11 -5 -1
right_child=2 -3 3 4 -6 6 -8 -9 -10 10 -12 -13 -14
leaf_value=0.010265017615609464 0.02309007854323138 0.026644899133820878 0.007296605465894182 -0.037743643825869699 -0.038732764672693404 -0.021978967114639456 0.045982886790391503 -0.032081402109199922 0.021617197867757679 0.030334497484656883 -0.029007305510602939 -0.0030793699493837845 -0.02550766558840576
leaf_weight=86.736031450331211 137.38711973279715 225.13843536376953 179.17149540036917 132.08815904706717 127.33808486908674 126.43688628822565 125.47340735793114 147.95616279542446 117.31094197183847 192.68803830444813 120.74435494840145 133.05021995306015 92.542505569756031
leaf_count=297 383 523 406 345 351 345 392 296 276 535 322 412 341
internal_value=0.000915425 0.0111983 -0.00179109 -0.00424356 -0.0114059 0.00302309 0.0150511 -0.0105571 -0.000994412 -0.0053351 0.00745456 -0.0204255 -0.00823969
internal_weight=1944.06 404.417 1539.64 1402.26 705.909 696.349 369.221 327.128 243.748 578.571 313.432 265.138 179.279
internal_count=5224 1161 4063 3680 1965 1715 1013 702 621 1614 857 757 638
is_linear=0
shrinkage=0.05


Tree=148
num_leaves=13
num_cat=0
split_feature=51 12 58 36 80 55 27 8 6 48 56 3
split_gain=35.8219 60.1754 54.2686 47.3613 57.8336 45.2211 37.9116 31.8519 31.8444 28.8843 36.791 42.0817
threshold=3.9831455354606575 0.13949101442341483 23.545955882352946 0.76405333878377102 16.611256986168435 16.299705882352946 15.345568181818184 18.884784650926072 6.9832312641392003 19.545955882352946 4.2861179473156517 18.35916666666667
decision_type=10 10 2 8 2 2 8 10 8 2 2 8
left_child=7 3 -3 4 5 -2 -7 9 -5 -1 11 -11
right_child=1 2 -4 8 -6 6 -8 -9 -10 10 -12 -13
leaf_value=-0.024629733128752829 -0.025550933759482267 0.0036946666918462796 0.040488229930516165 -0.0068475278520226295 0.034239116633597244 0.021108401182106478 -0.013292288803143064 -0.033819279762812224 -0.044263306685404478 -0.032274727526429084 0.018120834714064941 0.010073801565335223
leaf_weight=150.93201458454132 170.99558424204588 247.57381911575794 167.63509690761566 124.8798256739974 116.1162977591157 183.11519961059093 140.85214595496655 125.37785313278437 104.09577724337578 121.93772456794977 175.74510926008224 111.49788463115692
leaf_count=394 418 591 415 398 363 463 379 350 291 376 469 312
internal_value=-0.00195666 0.00306339 0.0186112 -0.0046343 0.00264042 -0.00482659 0.00615704 -0.0111404 -0.0239758 -0.00601265 0.000897821 -0.0120907
internal_weight=1940.75 1255.26 415.209 840.055 611.079 494.963 323.967 685.491 228.976 560.113 409.181 233.436
internal_count=5219 3318 1006 2312 1623 1260 842 1901 689 1551 1157 688
is_linear=0
shrinkage=0.05


Tree=149
num_leaves=13
num_cat=0
split_feature=76 6 79 58 79 12 57 69 25 61 64 79
split_gain=41.4722 54.4391 56.7985 56.5793 51.994 48.989 32.9928 31.4424 59.3537 43.964 26.4296 27.4002
threshold=1.07164201300327 7.8068408654538048 2.0464071325619226 22.181985294117649 2.3565519800895314 0.063734042622663606 253.11764705882356 0.0067236635220125794 0.021055555555555609 45.250000000000007 56.500000000000007 2.9645619827588141
decision_type=10 8 8 2 10 8 2 2 8 2 10 8
left_child=1 3 -3 4 -1 -2 -5 8 -7 -9 11 -4
right_child=5 2 10 6 -6 7 -8 9 -10 -11 -12 -13
leaf_value=-0.011240226941497273 0.015478121312198209 0.045917100830027646 -0.018105669927595897 -0.042678768283406769 0.035764080385180266 0.022788068456952974 -0.0050863756155640292 -0.035344857260750394 -0.020557591975627787 -0.0040640515818659859 0.024667544579584286 0.016598603227481239
leaf_weight=122.03327082842588 173.67975766956806 130.39580178260803 128.4388190060854 113.11263632029295 111.95775544643402 138.48436279594898 120.10545012354851 265.93755723536015 181.06632593274117 194.43145939707756 139.54925605654716 100.47730282694101
leaf_count=477 402 341 277 327 252 324 488 588 405 486 464 409
internal_value=-0.00108181 0.00621657 0.0176872 -0.00604274 0.0113064 -0.00847441 -0.0234234 -0.0138214 -0.0017603 -0.0221712 0.00759966 -0.00286711
internal_weight=1919.67 966.07 498.861 467.209 233.991 953.599 233.218 779.92 319.551 460.369 368.465 228.916
internal_count=5240 3035 1491 1544 729 2205 815 1803 729 1074 1150 686
is_linear=0
shrinkage=0.05


Tree=150
num_leaves=14
num_cat=0
split_feature=50 55 47 52 44 79 53 19 57 47 25 76 55
split_gain=36.1987 26.1178 47.7456 73.5725 36.7899 47.1645 59.3343 39.6532 36.4537 32.3009 27.9687 41.0526 34.2037
threshold=11.411250000000001 15.78246323529412 0.59532700076427569 227.03571428571431 0.5961635293206291 2.1490792796411733 2.577380952380953 3.9045454545454548 229.90625000000003 0.56365940444833107 0.033923076923076952 1.3782972509387605 18.072941176470593
decision_type=10 2 2 10 8 8 10 10 2 2 8 8 2
left_child=-1 2 3 -2 5 -3 7 9 -8 -7 12 -12 -6
right_child=1 4 -4 -5 10 6 8 -9 -10 -11 11 -13 -14
leaf_value=0.020177162228311563 -0.051756021380079766 0.026613627888437155 0.012816365555269146 -0.00093363237982226836 -0.014502891870630353 -0.020130136280904765 0.00074106946146194821 -0.03396797072706649 0.040486556826985376 0.016576265961182054 -0.044197679880692675 -0.0044367098350643472 0.027533347260153152
leaf_weight=215.48131661117077 128.20515725016594 244.96641170978546 128.70723643898964 158.7331507652998 101.71144443005323 106.88339396566153 115.99835214018822 129.43439158052206 113.84579317271709 133.84650705009699 103.47192804515362 172.14337079226971 90.557364501059055
leaf_count=537 247 539 369 410 346 279 269 328 341 414 249 564 328
internal_value=0.000902406 -0.00151073 -0.012418 -0.0237422 0.00194929 0.00817451 0.000614579 -0.0117658 0.0205178 0.000262872 -0.00928659 -0.0194697 0.00533592
internal_weight=1943.99 1728.5 415.646 286.938 1312.86 844.975 600.008 370.164 229.844 240.73 467.884 275.615 192.269
internal_count=5220 4683 1026 657 3657 2170 1631 1021 610 693 1487 813 674
is_linear=0
shrinkage=0.05


Tree=151
num_leaves=13
num_cat=0
split_feature=5 9 57 57 75 43 6 36 6 76 30 36
split_gain=30.2332 57.3161 38.9732 67.5222 52.6891 52.6958 73.8865 51.4294 44.1396 48.1776 37.1959 19.808
threshold=20.83666666666667 19.006333333333334 219.85294117647061 210.52941176470591 19.955000000000002 64.345238095238116 6.3644391122847113 0.45838416694884021 7.4869879834700894 1.3641563799417782 0.080088107120275712 0.27139028328995152
decision_type=10 10 2 2 8 8 8 10 10 8 8 8
left_child=2 -2 3 7 5 6 -4 -1 9 -6 -11 -12
right_child=1 -3 4 -5 8 -7 -8 -9 -10 10 11 -13
leaf_value=-0.020572928341340651 -0.036612556115334531 0.0052162186870875092 0.02240239624900589 0.042209412124228171 -0.043855076577362727 0.030791632212345068 -0.021218607350513528 0.020327268292369208 0.014491168708494002 -0.030310861643817036 -0.0094681648447942548 0.022407758426193188
leaf_weight=139.98480281978846 147.60340954363346 181.9641302973032 175.43583349883556 153.87501337379217 140.68286514282227 184.00883027911186 214.83156171441078 167.99310242384672 118.8735323548317 121.79567858576775 108.19949749112129 87.094246491789818
leaf_count=315 419 508 370 347 368 396 443 386 444 501 297 421
internal_value=0.000204186 -0.0135717 0.00302593 0.0152789 -0.00190005 0.00881257 -0.00160264 0.00173054 -0.0125654 -0.0196077 -0.00874586 0.00478913
internal_weight=1942.34 329.568 1612.77 461.853 1150.92 574.276 390.267 307.978 576.646 457.772 317.089 195.294
internal_count=5215 927 4288 1048 3240 1209 813 701 2031 1587 1219 718
is_linear=0
shrinkage=0.05


Tree=152
num_leaves=13
num_cat=0
split_feature=43 52 75 45 30 21 53 6 53 21 41 15
split_gain=29.6651 38.0269 36.378 53.3445 61.0161 49.3044 37.6333 49.5214 38.7829 36.5119 30.4967 46.0376
threshold=59.345238095238102 242.53939393939396 17.745000000000001 30.690476190476193 0.19320332360468104 4.8562030075187979 0.58333333333333337 11.592256285790077 1.6547619047619049 4.9350172036284023 41.000000000000007 0.98639883531404116
decision_type=8 10 8 10 10 8 10 8 10 10 8 10
left_child=1 -1 5 4 6 -2 -4 8 -8 10 11 -10
right_child=2 -3 3 -5 -6 -7 7 -9 9 -11 -12 -13
leaf_value=-0.02592328598350617 0.033877827042832931 0.0061763327150065744 -0.0322704610433708 -0.036111908694155606 0.030274472558520907 -0.0047260633392681405 0.021375427661203601 0.023973270067547268 -0.051112231136672695 0.0099584863355073189 -0.0013418771975976145 -0.0094836849590707699
leaf_weight=229.56336487084627 188.14836689829826 153.27721396833658 98.476440653204918 101.423379778862 158.07628130167723 146.59677305817604 109.65130704641342 173.96829481422901 122.85385443270206 153.82708838582039 163.67311808466911 144.43774846196175
leaf_count=425 388 386 276 311 404 295 387 545 370 472 524 456
internal_value=-0.000635326 -0.013089 0.00242515 -0.00156591 0.00157796 0.0170081 -0.00314006 0.000196594 -0.00578572 -0.0109064 -0.0183596 -0.0287364
internal_weight=1943.97 382.841 1561.13 1226.39 1124.96 334.745 966.888 868.411 694.443 584.792 430.965 267.292
internal_count=5239 811 4428 3745 3434 683 3030 2754 2209 1822 1350 826
is_linear=0
shrinkage=0.05


Tree=153
num_leaves=13
num_cat=0
split_feature=36 79 7 48 24 52 48 3 53 52 52 24
split_gain=28.8975 53.9747 53.2845 87.8927 64.2814 49.8616 43.3644 69.9773 34.622 47.2333 53.9615 31.6843
threshold=0.48231147889538079 3.0395670246309412 19.918066666666672 25.93933823529412 9.8861060606060605 233.70000000000002 22.468750000000004 17.415428571428574 3.577380952380953 224.3484848484849 246.04545454545459 -5.2341904761904754
decision_type=8 8 10 2 8 10 2 8 8 10 10 10
left_child=8 2 3 4 5 -2 -3 -8 9 -1 -11 -12
right_child=1 6 -4 -5 -6 -7 7 -9 -10 10 11 -13
leaf_value=-0.030353192445701224 0.040893379499717192 0.010892041371453729 -0.012836782011635737 0.048210783915551871 -0.018426819504886206 0.0023011626453656817 -0.056986323844964208 0.00069771113639344922 0.015226388751953326 0.024027182077700941 -0.0019099199083251993 -0.037469776979455638
leaf_weight=232.65401005744934 151.20027387142181 127.81745466589928 176.92823980748653 176.02501712739468 163.72947333753109 186.23758238554001 96.648776829242706 113.85148230195045 136.20719290524721 131.8789537101984 171.9396370947361 97.64754394441843
leaf_count=518 285 533 422 374 328 454 398 471 317 339 532 318
internal_value=-2.4647e-05 0.00485025 0.0115421 0.0179211 0.00720757 0.0196634 -0.0120283 -0.0259315 -0.00756731 -0.0124796 -0.00207196 -0.014881
internal_weight=1962.77 1192.44 854.121 677.192 501.167 337.438 338.318 210.5 770.327 634.12 401.466 269.587
internal_count=5289 3265 1863 1441 1067 739 1402 869 2024 1707 1189 850
is_linear=0
shrinkage=0.05


Tree=154
num_leaves=13
num_cat=0
split_feature=65 7 80 29 58 54 58 55 48 44 75 21
split_gain=33.6398 33.7219 55.8393 44.4582 43.0859 39.7699 38.8865 38.5677 52.128 63.5033 32.9291 30.8619
threshold=3.5000000000000004 10.690250000000001 5.2854046934290517 0.001411804559222063 18.424632352941178 24.105555555555558 20.485294117647062 19.658750000000001 23.788602941176475 0.56886500501840087 16.485000000000003 3.752551020408164
decision_type=8 8 2 8 2 10 2 2 2 10 10 10
left_child=-1 2 -2 4 -3 11 -6 8 10 -10 -8 -5
right_child=1 3 -4 5 6 -7 7 -9 9 -11 -12 -13
leaf_value=0.021831328408114761 -0.0047866457209958741 -0.019762406377087698 0.040974607156568983 0.01015887804628867 0.027511752366507203 -0.040031410519625804 0.015257302715476507 -0.025616444502449237 0.04975812547438227 -0.0025233321471135224 -0.015983283504506944 -0.024269439485868502
leaf_weight=180.83238898962736 150.10519827902317 194.56221960484982 118.6561401411891 133.16925873607397 170.99951649457216 134.7098953127861 126.36060249060392 113.17836603522301 119.94725407660007 111.5672726854682 249.03270700573921 125.56799762696028
leaf_count=526 384 502 294 370 418 373 425 311 288 398 559 361
internal_value=0.00136349 -0.000765371 0.0154936 -0.00372821 0.00149385 -0.0181048 0.00615195 0.0010485 0.00605503 0.0246611 -0.00545484 -0.00657867
internal_weight=1928.69 1747.86 268.761 1479.1 1085.65 393.447 891.086 720.086 606.908 231.515 375.393 258.737
internal_count=5209 4683 678 4005 2901 1104 2399 1981 1670 686 984 731
is_linear=0
shrinkage=0.05


Tree=155
num_leaves=13
num_cat=0
split_feature=51 56 24 58 70 8 58 48 75 25 76 76
split_gain=33.3731 60.3919 51.7249 36.4156 47.8907 48.9715 48.2137 46.9286 69.7832 46.3868 45.6255 34.3133
threshold=4.5579173255025989 4.3217045896118487 -2.4680999999999993 27.941176470588239 0.30562413154535434 19.727438605003005 18.121323529411768 18.264705882352946 19.775000000000002 0.0013068181818181592 0.90908393768045581 1.2727326085133739
decision_type=10 2 10 2 2 10 2 2 8 8 10 8
left_child=3 11 -3 4 5 6 -1 -8 -9 -10 -11 -2
right_child=1 2 -4 -5 -6 -7 7 8 9 10 -12 -13
leaf_value=-0.027564097253566899 0.04696664954826274 0.013946676752123147 -0.028117504525132765 0.019065077247955229 0.023142210358830337 -0.035579737141964683 -0.027208169146225699 0.025525272719147132 0.021756657979928967 -0.0012343031456456864 -0.04320334836736256 0.011164274485234084
leaf_weight=191.99431268870831 127.25815987586975 165.81281279027462 129.10262148827314 159.85551572591066 123.57304213196039 154.45259146392345 126.29708554595709 264.69179283082485 93.932029299438 153.26427613943815 111.2151622325182 141.67900208383799
leaf_count=465 295 418 338 455 362 422 365 522 351 581 289 384
internal_value=0.000889493 0.011127 -0.00450019 -0.00330064 -0.00624582 -0.00957783 -0.00527853 0.0004601 0.0061028 -0.00827207 -0.0189788 0.0282168
internal_weight=1943.13 563.853 294.915 1379.28 1219.42 1095.85 941.395 749.4 623.103 358.411 264.479 268.937
internal_count=5247 1435 756 3812 3357 2995 2573 2108 1743 1221 870 679
is_linear=0
shrinkage=0.05


Tree=156
num_leaves=12
num_cat=0
split_feature=53 50 20 58 23 79 36 25 23 55 65
split_gain=55.8618 41.5114 38.6463 54.6562 51.8975 65.8653 48.8778 48.5132 41.7979 35.3698 34.0543
threshold=1.0333333333333334 12.418809523809525 4.0312500000000018 19.909926470588239 7.3023360340646999 2.6492602467743294 0.51472128445349219 0.035227272727272781 7.7246536423418251 17.05764705882353 13.500000000000002
decision_type=8 8 8 2 8 8 10 8 8 2 8
left_child=-1 -2 6 7 5 -5 9 -4 -6 -3 -10
right_child=1 2 3 4 8 -7 -8 -9 10 -11 -12
leaf_value=0.03447789532826142 0.028168546162492199 -0.019732552219673488 0.02871706389167147 -0.052549928651682232 0.019050705349258824 -0.0039723788560250333 0.026678129536229656 -0.0099350745445713276 -0.00028733636849471317 0.010932958046541597 -0.030227519428278088
leaf_weight=115.89012730866671 111.95508982241154 176.41939049214125 155.85647469758987 168.71619659662247 124.73463366925716 118.79802493751049 207.87118350714445 167.48562145978212 204.52892979979515 199.12201017141342 176.33733973652124
leaf_count=304 289 447 440 328 376 459 549 415 590 550 480
internal_value=0.000976339 -0.00118436 -0.003133 -0.00858029 -0.0156383 -0.0325615 0.00728814 0.00872702 -0.00596957 -0.00348703 -0.0141922
internal_weight=1927.72 1811.82 1699.87 1116.46 793.115 287.514 583.413 323.342 505.601 375.541 380.866
internal_count=5227 4923 4634 3088 2233 787 1546 855 1446 997 1070
is_linear=0
shrinkage=0.05


Tree=157
num_leaves=15
num_cat=0
split_feature=0 45 21 19 25 24 32 36 2 61 12 20 47 75
split_gain=60.4084 30.457 40.3136 87.9508 36.9603 36.4116 46.8584 38.2437 28.4878 46.4385 61.6931 32.3647 28.2843 23.5377
threshold=13.500000000000002 17.679487179487186 4.9211017740429517 4.3452380952380958 0.041547619047619062 -0.89129166666666559 32.535714285714292 0.40988102645617225 1.0000000180025095e-35 48.750000000000007 0.086851851713171072 2.477272727272728 0.58537661465748836 18.755000000000006
decision_type=2 8 8 10 10 10 8 8 2 2 10 10 2 8
left_child=1 13 3 4 8 6 7 -4 9 10 -3 -10 -8 -1
right_child=-2 2 5 -5 -6 -7 12 -9 11 -11 -12 -13 -14 -15
leaf_value=0.0021227083090908138 0.036646414250788309 -0.025236300468638534 0.0054692367091711798 -0.045603034790978207 -0.028214082274966263 0.026870155503445622 0.034214596590557901 -0.030781041308999869 -0.0021840625648337241 -0.037330869056760328 0.02698647455628457 0.033434987648222843 -0.00096931151788466228 0.029957210505847993
leaf_weight=191.17019447684288 112.78802974522114 99.581793375313282 133.6799194663763 150.38600444048643 124.15793866664171 150.95952946692705 109.34916476905346 157.97108484059572 138.51582957059145 94.780131496489048 128.226393468678 117.01072256267071 118.30943693965673 125.20178747922182
leaf_count=386 306 317 328 360 324 418 254 360 360 331 383 332 392 438
internal_value=0.00129256 -0.00089412 -0.00382828 -0.0110353 -0.00357862 0.00534269 -0.000954807 -0.0142036 0.00175176 -0.0081168 0.00414781 0.0141934 0.016006 0.0131977
internal_weight=1952.09 1839.3 1522.93 852.659 702.273 670.269 519.31 291.651 578.115 322.588 227.808 255.527 227.659 316.372
internal_count=5289 4983 4159 2407 2047 1752 1334 688 1723 1031 700 692 646 824
is_linear=0
shrinkage=0.05


Tree=158
num_leaves=14
num_cat=0
split_feature=76 55 27 80 60 76 51 32 54 23 76 56 4
split_gain=30.7871 72.0157 39.9776 50.9586 51.546 32.3695 27.8748 40.0235 62.7175 37.2772 45.0329 39.8212 21.0154
threshold=0.99414222861858359 14.984705882352943 15.628750000000002 7.2648141740283814 -1.7499999999999998 0.69297906929485886 3.7402702702702708 29.775000000000002 23.095454545454547 6.3550349266148656 1.280182116680455 4.3946815064030433 -1.0000000180025095e-35
decision_type=10 2 10 2 2 10 8 8 8 8 10 2 10
left_child=1 -1 3 12 -5 -4 -2 8 -8 -9 11 -11 -3
right_child=6 2 5 4 -6 -7 7 9 -10 10 -12 -13 -14
leaf_value=0.044709073839340821 -0.021173594649068584 -0.019156832535709042 0.0042243161981059263 0.007878218066780034 0.05945152795273561 -0.036667452709945779 0.037559284099842938 0.018019877210987006 -0.0062203445115453417 -0.01593629812358115 -0.033405210842441656 0.016597856272623095 0.010672496063754776
leaf_weight=126.2666213363409 170.25089463591576 114.0162762850523 100.21270005404949 110.44181186705828 85.81562428176403 92.262921288609505 157.84454551339149 127.55460998415947 168.17430749535561 225.46976372599602 167.8275620341301 159.87479223310947 120.40660095959902
leaf_count=376 394 301 594 383 318 221 325 283 335 558 394 409 330
internal_value=0.00251898 0.0104334 0.00342781 0.0118876 0.0306163 -0.0154653 -0.0025249 0.000646661 0.0150259 -0.00625191 -0.0118711 -0.00243025 -0.00385534
internal_weight=1926.42 749.423 623.156 430.68 196.257 192.476 1177 1006.75 326.019 680.727 553.172 385.345 234.423
internal_count=5221 2523 2147 1332 701 815 2698 2304 660 1644 1361 967 631
is_linear=0
shrinkage=0.05


Tree=159
num_leaves=14
num_cat=0
split_feature=58 5 58 60 19 12 65 16 75 44 13 69 69
split_gain=32.9495 61.8021 54.2976 57.5684 48.7318 42.7452 58.7373 44.7422 31.2948 49.7018 29.7016 40.1334 27.7983
threshold=23.66727941176471 23.943333333333339 23.148897058823533 7.2500000000000009 2.9687500000000004 0.17822569944676533 1.0000000180025095e-35 29.516666666666669 17.095000000000002 0.59496970312447117 0.13534331441835176 1.0000000180025095e-35 0.014214817440623894
decision_type=2 8 2 2 8 10 10 10 10 10 10 2 2
left_child=2 5 3 4 8 6 -2 -8 9 -1 12 -12 -6
right_child=1 -3 -4 -5 10 -7 7 -9 -10 -11 11 -13 -14
leaf_value=0.016250184735943213 0.028468407659296181 0.034763319368890939 -0.035927106595477029 0.024430225461248133 -0.021562909741628139 -0.029471122930555045 0.013273205325549379 -0.02819502970438589 0.022345850394950899 -0.029880292120885832 -0.0072018873931840623 -0.044216378009394069 0.011634532663581706
leaf_weight=120.88435117155313 176.01706372946501 159.38072955608368 134.47714108973742 168.58699839562178 119.54578827321529 102.59168380498886 121.1288458481431 138.37848796695471 168.85791844129562 111.14449958503246 133.52521078288555 162.42266523092985 131.3023377507925
leaf_count=332 511 434 319 476 277 266 324 487 436 358 321 402 337
internal_value=-0.00118029 0.00752052 -0.00603456 -0.00240446 -0.00719891 -0.000597847 0.00625545 -0.00886247 0.00603491 -0.00588025 -0.0168947 -0.0275967 -0.00420905
internal_weight=1948.24 697.497 1250.75 1116.27 947.683 538.116 435.524 259.507 400.887 232.029 546.796 295.948 250.848
internal_count=5280 2022 3258 2939 2463 1588 1322 811 1126 690 1337 723 614
is_linear=0
shrinkage=0.05


Tree=160
num_leaves=15
num_cat=0
split_feature=18 52 52 70 70 39 23 6 15 51 36 57 70 32
split_gain=29.4344 33.1793 33.1082 42.8099 70.8049 45.0682 80.4448 44.1167 53.3413 59.3389 41.1139 33.2828 28.2103 28.4656
threshold=0.069047619047619066 297.68333333333339 272.78461538461545 0.083547766932860118 0.32135409329738646 24.661190965092405 6.6388086062941563 7.1432003077075477 0.99525046555458974 4.2505319148936183 0.62470949922192864 236.08823529411768 0.004618962280252604 30.630681818181824
decision_type=10 10 8 2 2 2 10 10 8 10 10 2 2 10
left_child=1 2 3 5 -5 6 -1 8 10 -10 -7 -9 13 -4
right_child=-2 -3 12 4 -6 7 -8 11 9 -11 -12 -13 -14 -15
leaf_value=-0.0037016494790157481 -0.025801899217242064 0.025031577485000386 -0.0096213021197521179 -0.04463841253495486 0.0087547688062518721 0.0070761242768213415 0.055518258708272518 -0.03455137113281339 -0.032997675025101134 0.013745906971643476 0.041388246480199134 0.00099480300980446241 0.0023161547561999798 -0.046565792976638209
leaf_weight=116.86835426837206 119.12807068228722 120.17904440313578 109.71583938598633 120.73630657792091 126.17278476804495 238.46015390008688 111.37391595542431 130.49516872316599 133.46475473791361 136.30514984577894 137.21194689720869 131.80774931609631 129.53758668154478 99.511125802993774
leaf_count=285 357 456 317 296 335 536 348 284 352 335 316 344 373 312
internal_value=-0.00182154 -0.000257361 -0.00203614 0.00139872 -0.0174288 0.00550264 0.0253116 0.000499523 0.00752606 -0.00941626 0.019685 -0.0167534 -0.0160207 -0.0273305
internal_weight=1960.97 1841.84 1721.66 1382.9 246.909 1135.99 228.242 907.745 645.442 269.77 375.672 262.303 338.765 209.227
internal_count=5246 4889 4433 3431 631 2800 633 2167 1539 687 852 628 1002 629
is_linear=0
shrinkage=0.05


Tree=161
num_leaves=13
num_cat=0
split_feature=76 54 43 24 50 32 55 51 16 76 50 24
split_gain=32.9671 43.1496 47.4776 37.9291 62.731 50.0325 47.5536 66.5161 42.7831 47.3049 46.0796 44.1211
threshold=1.5807299768713123 14.732142857142859 58.207142857142863 4.1939374999999997 14.401818181818184 33.393382352941181 18.526250000000005 4.1461520981669455 29.033333333333335 1.2209857393425774 18.59416666666667 0.27230000000000315
decision_type=10 10 8 8 10 10 2 10 10 8 10 10
left_child=1 -1 -3 4 -4 6 7 -5 -6 11 -11 -10
right_child=-2 2 3 5 8 -7 -8 -9 9 10 -12 -13
leaf_value=-0.018671216974884976 -0.019542571319948434 0.02755127662906175 -0.042696249863348613 -0.012207895796946411 -0.025554130231823947 0.040481217105211298 -0.020501577962187569 0.034628308865508529 0.033159962762546756 0.0089381710499316421 -0.041612088510885797 -0.0044076113078844936
leaf_weight=220.71640435606241 198.80287517607212 200.35790859162807 99.688749752938747 131.93460609018803 130.94797901809216 114.95658871531487 139.56325463950634 175.91924523562193 190.98803341388702 98.697156004607677 81.550131730735302 131.45970840752125
leaf_count=545 444 424 277 367 340 386 382 451 495 413 325 334
internal_value=-0.000319938 0.00191612 0.00496384 0.00145254 -0.00603588 0.0112108 0.00361671 0.0145815 -0.000210045 0.00642951 -0.0140359 0.0178776
internal_weight=1915.58 1716.78 1496.06 1295.71 733.332 562.374 447.417 307.854 633.643 502.695 180.247 322.448
internal_count=5183 4739 4194 3770 2184 1586 1200 818 1907 1567 738 829
is_linear=0
shrinkage=0.05


Tree=162
num_leaves=14
num_cat=0
split_feature=55 48 30 23 6 61 24 14 31 79 23 28 57
split_gain=24.8171 43.6199 44.3545 32.8527 77.4695 53.3365 54.6061 49.7102 57.677 45.8616 44.2095 62.5008 42.031
threshold=15.78246323529412 21.558823529411772 0.089357084057120242 6.7668674698795188 5.4789779841793713 47.250000000000007 -1.298821428571429 0.9526136363636365 0.86282051282051297 2.6020758854227286 6.2116844007227474 15.655000000000001 256.79044117647067
decision_type=2 2 10 10 10 2 10 8 8 10 10 10 2
left_child=1 -1 -3 7 9 6 -6 8 -2 -5 11 -9 -7
right_child=3 2 -4 4 5 12 -8 10 -10 -11 -12 -13 -14
leaf_value=0.0057883836090965313 -0.01488228201788319 -0.0030227781155428442 -0.044972316747836645 0.014682906203925955 -0.012322894881033318 -0.041143336218109144 0.033265909229194431 -0.022865469601022741 0.030319759938703113 0.056846169649754023 -0.040880079228836033 0.023602764449576513 0.003590130088480149
leaf_weight=238.28919409960508 119.14757762849331 126.11113256216049 125.24649852514267 154.87030905485153 114.97781021893024 110.44270285964012 150.94320532679558 186.70697961002588 170.42198503762484 110.73873689770699 118.58079877495766 116.7899783924222 99.018141023814678
leaf_count=570 308 320 295 508 328 299 435 466 442 289 330 311 333
internal_value=0.000191537 -0.00953176 -0.0240208 0.00347331 0.0108355 -0.00126096 0.0135821 -0.0041969 0.0117335 0.0324091 -0.015128 -0.00496504 -0.02008
internal_weight=1942.29 489.647 251.358 1452.64 740.991 475.382 265.921 711.647 289.57 265.609 422.078 303.497 209.461
internal_count=5234 1185 615 4049 2192 1395 763 1857 750 797 1107 777 632
is_linear=0
shrinkage=0.05


Tree=163
num_leaves=15
num_cat=0
split_feature=31 3 59 41 51 8 53 24 13 50 69 76 75 50
split_gain=29.1175 44.7402 46.3274 37.3369 38.7385 47.6024 36.3579 56.6523 47.1373 37.1806 35.3693 33.278 28.9942 13.409
threshold=0.98782352941176466 20.320769230769233 0.75000000000000011 2.5000000000000004 4.6720277188809023 16.453219394571821 2.0741758241758248 -0.79191666666666716 0.16656655707799631 16.231363636363643 0.041883564727492627 1.2490243303348867 21.925000000000004 17.905000000000005
decision_type=10 8 2 10 8 8 8 8 10 10 2 10 8 8
left_child=3 2 -2 4 5 -1 9 -8 11 -5 -11 12 -9 -14
right_child=1 -3 -4 6 -6 -7 7 8 -10 10 -12 -13 13 -15
leaf_value=-0.0026469435718225486 -0.023695691051476307 0.043116112047061846 0.024870896877233341 -0.028961596486386805 0.0068819295446988426 -0.039203534172905286 -0.017658776398937977 -0.017030983261858621 0.042685189480572934 -0.015668833350404626 0.021592138173880629 0.030451993913806485 -0.00041706494015250292 0.026818846975060751
leaf_weight=159.53492227196693 96.656430594623089 90.595917575061321 97.760455399751663 155.88800276070833 153.22229328006506 201.00068322569132 157.90079721808434 141.24342352151871 128.14789015054703 133.35679396986961 120.09554990381002 121.88552586734295 90.695426732301712 89.010821245610714
leaf_count=411 313 321 320 394 359 529 414 309 299 359 328 267 283 317
internal_value=-0.000424898 0.0143052 0.0007278 -0.00297337 -0.0141479 -0.0230795 0.00207842 0.00877128 0.0160984 -0.00983142 0.00200233 0.00832585 -0.00014537 0.013147
internal_weight=1936.99 285.013 194.417 1651.98 513.758 360.536 1138.22 728.884 570.983 409.34 253.452 442.835 320.95 179.706
internal_count=5223 954 633 4269 1299 940 2970 1889 1475 1081 687 1176 909 600
is_linear=0
shrinkage=0.05


Tree=164
num_leaves=14
num_cat=0
split_feature=45 36 45 19 79 24 7 30 46 44 36 39 56
split_gain=48.485 58.1247 56.8209 62.2179 46.3025 29.8509 63.0732 40.5112 40.4518 44.7086 44.299 45.9331 14.118
threshold=17.851648351648354 0.52482104643509853 19.031250000000004 5.5857142857142863 2.6388464674278231 -1.4738000000000011 16.891666666666669 0.16389602872058265 62.718750000000007 0.58259563911737833 0.45838416694884021 30.27241615331965 4.2494952643567929
decision_type=10 8 10 10 8 8 10 10 2 10 10 2 2
left_child=1 4 -2 5 -1 6 -4 8 9 -7 12 -12 -10
right_child=2 -3 3 -5 -6 7 -8 -9 10 -11 11 -13 -14
leaf_value=-0.024952015518009976 -0.037280547900651675 0.032721595443192857 -0.0090482894738024358 -0.027478718044118541 0.017526376678230295 0.031196670111467529 0.045590753190833833 -0.028978694310528703 -0.010439845490888462 -0.0066453644777703927 0.026690758740215276 -0.014016867944423035 -0.036739953311212277
leaf_weight=122.76424859464169 127.76599075645208 205.74671722948551 102.08387870341539 209.34210351854563 132.20866115391254 192.49012725800276 107.82880847901106 117.98040968924761 97.743349403142929 130.32312421500683 136.69690908491611 138.59672459959984 108.32026068121195
leaf_count=255 351 534 300 486 402 468 332 271 294 322 454 440 317
internal_value=-0.00111506 0.01302 -0.00555353 -0.00250608 -0.00294368 0.00213206 0.019102 -0.00174738 0.00227877 0.0159461 -0.00690103 0.00621993 -0.0243755
internal_weight=1929.89 460.72 1469.17 1341.41 254.973 1132.06 209.913 922.151 804.17 322.813 481.357 275.294 206.064
internal_count=5226 1191 4035 3684 657 3198 632 2566 2295 790 1505 894 611
is_linear=0
shrinkage=0.05


Tree=165
num_leaves=12
num_cat=0
split_feature=42 27 64 48 46 46 44 64 28 33 76
split_gain=33.1254 42.8032 53.8441 59.6805 39.2602 39.9685 65.0422 35.308 62.5302 55.4363 22.602
threshold=5.5000000000000009 20.080000000000002 79.500000000000014 20.93933823529412 59.794117647058833 62.588235294117659 0.56616483741811563 34.500000000000007 16.248957983193282 7.7678571428571432 1.089138676901338
decision_type=2 8 8 2 2 2 10 10 10 8 10
left_child=1 2 -1 -4 -2 6 -6 8 -7 10 -9
right_child=4 -3 3 -5 5 7 -8 9 -10 -11 -12
leaf_value=-0.03507888772589756 -0.018285330618550543 0.0111580123223058 0.022153909582511351 -0.020482549323592506 0.045278878963099935 -0.0075418024790832794 0.0029057355980010354 -0.0077714319923272296 0.037619421761958281 -0.033668642236344727 0.022757456487946644
leaf_weight=214.95267482101917 157.06523210555315 204.34761376678944 137.60527118295431 200.26908162981272 162.2857004776597 160.20665243268013 203.67785553634167 137.05677928030491 145.47235456854105 140.2353089377284 107.20622104406357
leaf_count=576 391 538 318 495 376 423 502 533 426 434 282
internal_value=-0.00015689 -0.00835687 -0.0155775 -0.00310397 0.00496347 0.00843497 0.0217682 0.00134382 0.014003 -0.00873052 0.00566575
internal_weight=1970.38 757.175 552.827 337.874 1213.21 1056.14 365.964 690.177 305.679 384.498 244.263
internal_count=5294 1927 1389 813 3367 2976 878 2098 849 1249 815
is_linear=0
shrinkage=0.05


Tree=166
num_leaves=14
num_cat=0
split_feature=51 36 75 51 58 39 8 15 54 44 39 9 0
split_gain=32.1757 32.0441 62.8677 62.8585 52.1713 44.7734 46.9068 36.8344 30.5668 35.2614 31.1785 29.4447 28.32
threshold=3.4620192307692315 0.65968025564654875 25.245000000000001 4.2618424333084031 23.514705882352946 29.371663244353186 15.035677823776522 0.99293331186452527 22.279220779220783 0.55316841279364948 25.649555099247092 18.88141666666667 2.5000000000000004
decision_type=8 8 8 10 2 2 10 8 8 8 2 10 2
left_child=-1 5 3 7 -5 8 -7 -3 10 -10 -2 -4 -11
right_child=1 2 11 4 -6 6 -8 -9 9 12 -12 -13 -14
leaf_value=-0.023693098944991178 0.015574931488213163 0.048215778996097143 -0.045132744715815999 -0.017681492263193026 0.02311084411866754 -0.0041926042461391038 0.035168985816044655 0.013472100171601793 -0.042639298718069985 -0.025781786964651859 -0.015623034722413618 0.0036825993692822636 0.0047482923548856464
leaf_weight=140.94071250408888 164.03850649297237 158.3322327286005 68.535382486879826 181.82220500707626 136.20644649863243 193.81363762915134 122.99322372674942 148.40733751654625 121.91673161834478 153.91376447677612 154.57522857189178 55.331692263484001 148.51747493445873
leaf_count=435 432 340 445 414 303 477 348 349 300 380 363 250 422
internal_value=-0.000769907 0.00102875 0.00894124 0.0153948 -0.000193126 -0.0045639 0.0111512 0.0315044 -0.011271 -0.0200426 0.000437735 -0.023472 -0.0108229
internal_weight=1949.34 1808.4 748.635 624.768 318.029 1059.77 316.807 306.74 742.962 424.348 318.614 123.867 302.431
internal_count=5258 4823 2101 1406 717 2722 825 689 1897 1102 795 695 802
is_linear=0
shrinkage=0.05


Tree=167
num_leaves=13
num_cat=0
split_feature=47 43 79 79 56 57 69 20 46 65 13 39
split_gain=30.8855 37.6237 29.2314 32.3765 26.085 41.0574 57.1912 58.8274 38.5309 55.8267 48.6185 35.5981
threshold=0.63312892724657444 62.174242424242429 1.4879510460061001 3.6875679723793633 4.7843067625092184 249.63602941176472 0.054399015424401086 5.5192307692307709 61.575367647058833 8.5000000000000018 0.15241878442625176 26.136892539356609
decision_type=2 8 8 10 2 2 2 8 2 10 8 2
left_child=2 -2 -1 4 5 8 11 -8 -4 10 -10 -7
right_child=1 -3 3 -5 -6 6 7 -9 9 -11 -12 -13
leaf_value=-0.026372818400057448 0.040452444903005695 -0.003396826362489279 -0.017696993860714872 -0.021549671185181092 -0.01295708220413554 0.022714917392768298 0.0078697408892027549 0.06111076063882153 0.00069553605900610541 -0.020969571543234693 0.037240983865105583 -0.014677357887723314
leaf_weight=114.35170483589172 98.49882584810257 95.949678257107735 262.45539978891611 161.20511797070503 243.54859787225723 108.20664507895708 98.43761184066534 109.50555432587862 218.71953511238098 140.41227847337723 154.9054452329874 151.58712893724442
leaf_count=413 253 349 516 437 562 364 324 331 540 355 341 505
internal_value=4.96426e-05 0.0189086 -0.00203953 -0.000337131 0.00197424 0.00490499 0.0165907 0.0360654 -0.00214642 0.00581228 0.0159063 0.000924271
internal_weight=1957.78 194.449 1763.34 1648.98 1487.78 1244.23 467.737 207.943 776.493 514.037 373.625 259.794
internal_count=5290 602 4688 4275 3838 3276 1524 655 1752 1236 881 869
is_linear=0
shrinkage=0.05


Tree=168
num_leaves=14
num_cat=0
split_feature=12 47 50 12 54 36 52 30 21 52 9 42 49
split_gain=45.4258 32.7762 55.0431 40.9328 33.6612 38.5443 59.6971 53.5022 51.4898 42.3142 25.6447 22.181 20.0438
threshold=0.2688385931804777 0.54834736150274577 14.729375000000003 0.19077949222232346 32.88194444444445 0.48231147889538079 235.03333333333336 0.13128120970818322 4.1291666666666673 224.3484848484849 15.062000000000001 9.5000000000000018 11.500000000000002
decision_type=10 2 10 10 8 10 10 8 8 10 10 2 2
left_child=1 2 -1 4 5 9 8 11 -7 -3 -4 -8 -11
right_child=-2 3 10 -5 -6 6 7 -9 -10 12 -12 -13 -14
leaf_value=0.038657003136277956 0.030543039311819072 -0.028570472120172514 -0.013159456041849578 -0.032548316223528315 -0.02726322515117053 0.043838573278260441 -0.0073214685490328238 0.019515261287308718 0.00027168690656393773 -0.0085332774151529855 0.013711969560626931 -0.040796803914168019 0.018440892287340374
leaf_weight=120.30231385678053 115.25976541638374 193.28956967592239 185.53159907460213 127.30050675570965 125.48875957727432 159.66361125558615 113.65736019611359 125.0289530903101 117.37790949642658 183.79718300700188 168.44286525994539 87.397274896502495 108.78988159447908
leaf_count=274 267 415 448 308 342 426 418 377 281 572 465 303 309
internal_value=0.000243372 -0.0016954 0.00959004 -0.00568858 -0.00284874 -1.29544e-05 0.00842396 -0.00607276 0.0254474 -0.0104816 -0.00036977 -0.0220029 0.00152492
internal_weight=1931.33 1816.07 474.277 1341.79 1214.49 1089 603.125 326.084 277.042 485.877 353.974 201.055 292.587
internal_count=5205 4938 1187 3751 3443 3101 1805 1098 707 1296 913 721 881
is_linear=0
shrinkage=0.05


Tree=169
num_leaves=12
num_cat=0
split_feature=65 54 70 50 39 6 54 54 4 15 36
split_gain=32.026 41.757 53.3788 41.0758 35.1158 54.422 38.7819 41.5775 42.5557 39.8937 29.5951
threshold=3.5000000000000004 25.033333333333335 0.063007390682339987 18.59416666666667 25.049965776865164 6.9086298626299341 21.483333333333338 19.345238095238098 15.228367768508685 0.99571143784046079 0.66715468606999095
decision_type=8 8 2 10 2 8 10 10 10 8 8
left_child=-1 4 3 10 5 -2 7 8 -6 -8 -3
right_child=1 2 -4 -5 6 -7 9 -9 -10 -11 -12
leaf_value=0.022298277770830679 -0.0012323250791703277 -0.020311866535514249 0.016810906090528332 -0.038343517250641779 0.019173453682908403 0.041753912002593464 0.027026126285005926 -0.028079359779045372 -0.016442769296857691 -0.0094557831476112086 0.010675972246213113
leaf_weight=179.06384411454201 144.01890943944454 186.15257798880339 140.25636627525091 164.50424355268478 175.08891767263412 149.53184422850609 209.72259412705898 170.19471035897732 159.15772725641727 115.64752613008022 130.14434636384249
leaf_count=503 401 458 377 495 444 420 510 450 411 340 362
internal_value=0.0022223 0.000149919 -0.0102445 -0.0181555 0.00590056 0.0207319 0.000635258 -0.00804098 0.00221567 0.01407 -0.00756807
internal_weight=1923.48 1744.42 621.058 480.801 1123.36 293.551 829.811 504.441 334.247 325.37 316.297
internal_count=5171 4668 1692 1315 2976 821 2155 1305 855 850 820
is_linear=0
shrinkage=0.05


Tree=170
num_leaves=14
num_cat=0
split_feature=43 43 79 43 25 25 44 41 76 14 61 51 24
split_gain=27.9553 67.1158 40.3592 44.8265 51.7387 54.2868 66.7604 70.2468 52.265 50.8078 43.3809 27.5104 29.9198
threshold=58.207142857142863 59.320512820512825 3.048507758056723 60.67948717948719 -0.008257575757575757 0.023038461538461567 0.54880633245382593 25.500000000000004 1.197860554436694 0.7707142857142858 47.250000000000007 3.9380237430167599 1.8139128787878793
decision_type=8 8 10 8 8 8 10 8 8 10 2 10 8
left_child=-1 -2 3 -3 -5 10 7 -7 -8 -10 -6 -4 -13
right_child=1 2 11 4 5 6 8 -9 9 -11 -12 12 -14
leaf_value=0.015839164964342855 -0.039865759994827471 0.03249008404304151 -0.033453262723579784 -0.023523709616670569 0.046315860569626853 0.04150827777368904 -0.042290378738943889 -0.0087125788170414175 -0.018917155215618001 0.024512378668489598 0.0020266256309203865 -0.023285328222761949 0.011472157014411765
leaf_weight=259.44103663414717 107.14843183755875 133.51315598189831 117.72850330173969 168.05277898907661 130.96961355209351 148.94497509300709 112.94392783939838 129.45506227761507 173.45684116333723 108.69154591858387 95.319198712706566 111.51140889525414 136.75599057972431
leaf_count=538 248 344 315 477 442 321 269 352 488 406 346 316 361
internal_value=0.000599851 -0.00176933 0.000858818 0.00528823 0.00185991 0.00662168 -0.000508235 0.0182081 -0.0137093 -0.00215939 0.027751 -0.0136551 -0.00417025
internal_weight=1933.93 1674.49 1567.34 1201.35 1067.83 899.781 673.492 278.4 395.092 282.148 226.289 365.996 248.267
internal_count=5223 4685 4437 3445 3101 2624 1836 673 1163 894 788 992 677
is_linear=0
shrinkage=0.05


Tree=171
num_leaves=12
num_cat=0
split_feature=47 8 9 14 51 60 65 6 49 27 23
split_gain=26.5981 32.7746 48.2128 45.6503 36.8645 49.4434 43.9832 33.9798 55.4604 43.6076 23.7002
threshold=0.63312892724657444 19.149161654937625 18.292666666666669 0.98677083333333349 5.0147301284276304 -6.7499999999999991 5.5000000000000009 6.3644391122847113 11.500000000000002 12.887094017094018 7.3023360340646999
decision_type=2 10 10 10 10 2 8 10 2 10 10
left_child=1 2 4 -3 5 -1 -7 8 9 -8 -9
right_child=-2 3 -4 -5 -6 6 7 10 -10 -11 -12
leaf_value=0.026332049014731213 0.016767074795332248 -0.040099975861055556 0.026037993937834177 -0.0017895987127881305 -0.029280916876240022 -0.026258047937990692 -0.017978913486316635 -0.029938040918630129 0.036613118501562951 0.014005943342195383 0.0011851643482741828
leaf_weight=153.8111932054162 195.58339453488588 127.67236742377281 164.25280102342367 196.76922810077667 117.10422027856112 180.95810779184103 197.98199497908354 122.64317470788956 127.54935777932405 228.44548369944096 120.91102959960699
leaf_count=439 591 348 429 560 282 504 511 313 337 582 329
internal_value=-0.00066611 -0.00263633 0.000656587 -0.0169422 -0.00269833 7.42915e-05 -0.0040759 0.000983761 0.00782504 -0.000851325 -0.0145454
internal_weight=1933.68 1738.1 1413.66 324.442 1249.4 1132.3 978.489 797.531 553.977 426.427 243.554
internal_count=5225 4634 3726 908 3297 3015 2576 2072 1430 1093 642
is_linear=0
shrinkage=0.05


Tree=172
num_leaves=14
num_cat=0
split_feature=55 65 44 6 31 8 43 7 8 13 45 45 13
split_gain=38.5045 71.146 45.5806 59.4921 68.952 58.5085 49.8656 37.0777 35.9342 32.1948 32.0201 30.8034 24.0926
threshold=15.930845588235297 3.5000000000000004 0.58215019850466543 6.445675737209851 0.98483333333333345 17.261381650897899 63.806250000000006 20.263200000000001 17.577929038698453 0.11032723798409631 22.723809523809528 19.839743589743595 0.090372579493855368
decision_type=2 10 8 10 8 10 8 8 8 10 10 10 10
left_child=1 -1 3 4 10 -5 9 12 -3 11 -2 -4 -8
right_child=2 8 6 5 -6 -7 7 -9 -10 -11 -12 -13 -14
leaf_value=0.010207850660646244 0.03141465788521592 -0.010343123939861178 -0.020947769454198246 -0.025552692581527231 0.055351855380258309 0.021197851197722564 -0.014936071038942639 -0.0015210630205914871 -0.04426821986128826 0.028711974482461374 -0.0017261725171610809 0.016763201506143206 -0.051713457568824742
leaf_weight=225.80615976452827 122.3404588252306 164.57441479712725 110.8623783364892 149.99842078238726 130.12980791926384 119.23244844377041 90.216184377670288 184.55067402124405 148.8720365613699 130.30278081446886 177.92917919903994 103.97863870859146 89.195631392300129
leaf_count=533 313 417 336 372 360 311 339 538 376 358 421 320 274
internal_value=0.000184683 -0.011165 0.00453409 0.0135797 0.0250907 -0.00484677 -0.00439723 -0.0172866 -0.0265455 0.00920563 0.011836 -0.00270333 -0.0334055
internal_weight=1947.99 539.253 1408.74 699.63 430.399 269.231 709.106 363.962 313.446 345.144 300.27 214.841 179.412
internal_count=5268 1326 3942 1777 1094 683 2165 1151 793 1014 734 656 613
is_linear=0
shrinkage=0.05


Tree=173
num_leaves=12
num_cat=0
split_feature=51 62 52 36 52 6 12 9 19 76 6
split_gain=42.3965 52.7846 37.9498 67.1601 41.4298 41.3311 37.4087 30.7344 30.6939 42.3457 27.3733
threshold=4.9615378925723759 27.375000000000004 228.30303030303034 0.8483159167936466 250.54195804195805 5.9255380825529 0.081359196584619209 17.247000000000003 2.226495726495727 1.1320380931341385 4.4776909909910101
decision_type=10 2 10 8 10 8 8 10 8 10 10
left_child=1 2 3 8 5 -4 10 -8 -1 -10 -6
right_child=-2 -3 4 -5 6 -7 7 -9 9 -11 -12
leaf_value=0.00056971274073067926 0.019235692937689376 -0.028405383664952849 0.043999525956402601 0.020487631971324406 0.00012172160220766306 0.0072291525875831644 0.022126719312729845 -0.0078791969840029345 -0.011548954520721242 -0.046554688340096337 -0.03981984342024289
leaf_weight=168.72990965098143 243.7375511303544 181.79867880046368 121.82938694953918 152.38930982351303 82.163146182894707 203.58700757473707 178.48412074148655 161.94790484011173 222.72152115404606 141.1173854470253 88.742424666881561
leaf_count=370 584 553 320 372 270 525 554 546 524 279 331
internal_value=-0.000224794 -0.00301884 3.0745e-05 -0.0086896 0.00717098 0.0210879 -0.00170964 0.00787125 -0.0170611 -0.0252166 -0.0207289
internal_weight=1947.25 1703.51 1521.71 684.958 836.754 325.416 511.338 340.432 532.569 363.839 170.906
internal_count=5228 4644 4091 1545 2546 845 1701 1100 1173 803 601
is_linear=0
shrinkage=0.05


Tree=174
num_leaves=13
num_cat=0
split_feature=50 50 24 64 9 19 44 47 69 6 48 6
split_gain=26.631 43.6003 35.5582 40.0652 36.7722 61.4088 48.1579 40.5906 41.504 56.1861 33.6966 32.4541
threshold=12.418809523809525 14.013809523809526 -3.2770595238095233 38.500000000000007 21.254666666666669 4.8090909090909095 0.53551803230686656 0.54834736150274577 0.069678975802767995 5.3613058496190495 20.57536764705883 7.0999194939733021
decision_type=8 8 8 8 10 10 8 2 2 8 2 8
left_child=-1 -2 -3 -4 5 6 -5 -8 9 -9 -11 -10
right_child=1 2 3 4 -6 -7 7 8 11 10 -12 -13
leaf_value=0.022876844031313209 -0.026272771943682806 0.025321724027333604 0.025091910135924596 -0.026525014940335656 -0.029929355340133468 0.029940524145165005 0.021677988640909709 -0.045427566098859146 0.027424114127699736 0.01646918369593443 -0.016806468331710039 -0.0052930016718705925
leaf_weight=134.384446144104 145.41621255129576 150.01977471262217 141.77039361745119 198.99877501279116 113.01264858990908 147.3819318562746 181.27918346971273 109.47213580459356 136.59116601198912 122.46970055997372 197.32302863150835 168.18546947836876
leaf_count=346 362 433 384 497 331 349 489 318 399 309 576 459
internal_value=0.00148581 -0.000112438 0.00218465 -0.000119384 -0.0027357 -0.000278149 -0.00429819 0.000557794 -0.00468045 -0.0146843 -0.00405142 0.0094115
internal_weight=1946.3 1811.92 1666.5 1516.48 1374.71 1261.7 1114.32 915.321 734.042 429.265 319.793 304.777
internal_count=5252 4906 4544 4111 3727 3396 3047 2550 2061 1203 885 858
is_linear=0
shrinkage=0.05


Tree=175
num_leaves=14
num_cat=0
split_feature=79 48 48 80 30 50 50 55 79 48 32 12 14
split_gain=42.2698 86.6236 59.3525 44.8341 31.3882 29.1259 49.8152 44.2469 45.2106 53.0726 36.0287 33.7666 22.4166
threshold=2.0147204799113005 23.788602941176475 20.393382352941178 21.313946822849413 0.19451666823822641 17.106076923076927 15.533500000000002 16.609411764705886 3.048507758056723 23.426470588235297 36.322916666666679 0.10717503217503219 0.95888888888888901
decision_type=8 2 2 2 10 10 10 2 8 2 8 8 10
left_child=1 2 -1 4 5 6 10 -7 12 -10 11 -2 -9
right_child=3 -3 -4 -5 -6 7 -8 8 9 -11 -12 -13 -14
leaf_value=0.024315648699233347 0.02659217124306187 0.050111816973496405 -0.024771140498803884 -0.031554402514839271 0.021699541656217423 -0.017358330098106622 -0.029082117456465318 0.011546324648420295 0.018950683794626579 -0.036002924721174875 -0.023069022750611855 -0.0054118793367436309 0.040646514568917685
leaf_weight=114.5937722325325 137.6804850474 118.15006619691849 130.79922729730606 131.82948988676071 134.63515205681324 167.25197131931782 237.12696882337332 137.5244404822588 92.254152230918407 82.13385970890522 132.35336297005415 202.48617725074291 128.59759169816971
leaf_count=327 355 324 314 330 323 465 591 315 379 323 403 491 314
internal_value=-0.00021846 0.0151333 -0.00184291 -0.00374945 -0.00120509 -0.00356055 -0.0104341 0.00446929 0.0127773 -0.00698926 -0.00103429 0.00758155 0.0257079
internal_weight=1947.42 363.543 245.393 1583.87 1452.04 1317.41 709.647 607.762 440.51 174.388 472.52 340.167 266.122
internal_count=5254 965 641 4289 3959 3636 1840 1796 1331 702 1249 846 629
is_linear=0
shrinkage=0.05


Tree=176
num_leaves=14
num_cat=0
split_feature=65 45 23 64 55 36 80 65 21 30 19 36 44
split_gain=24.2504 28.7346 34.6493 68.5595 48.4863 67.0658 52.3223 43.8311 40.4549 65.4419 39.6457 30.2556 53.1079
threshold=3.5000000000000004 28.414285714285715 7.2841858667825923 58.500000000000007 15.202352941176473 0.85884602396040999 16.582580459038322 7.5000000000000009 3.9931506849315075 0.061035083846826384 3.3452380952380958 0.45838416694884021 0.51249172819636069
decision_type=8 8 10 8 2 8 2 8 10 10 10 10 10
left_child=-1 2 4 -4 -2 6 7 -6 9 -9 -5 -3 -13
right_child=1 11 3 10 5 -7 -8 8 -10 -11 -12 12 -14
leaf_value=0.018359662589187146 0.022535823255819376 0.008354792838527015 0.040298943345870045 0.01574861535148326 -0.034511098243053893 -0.035946876957910878 0.0269209420646421 -0.012839181600941703 -0.022424357838186776 0.037892125314548969 -0.020567927082382337 -0.044545320637725774 0.00089445422870081115
leaf_weight=182.43622688949108 155.6133968308568 113.18136199563742 158.34298046678305 170.00086709111929 117.4625885412097 167.22703620791435 136.12391899526119 129.62562254816294 128.5559201464057 123.0397590175271 133.06897258758545 132.14693786948919 124.28738202154636
leaf_count=539 384 285 452 533 310 441 393 344 327 300 343 300 385
internal_value=0.00104601 -0.000729174 0.00250698 0.0137472 -0.00291744 -0.00787788 -0.00043877 -0.00794598 0.000308187 0.0119173 -0.000212102 -0.0131269 -0.0226039
internal_weight=1971.11 1788.68 1419.06 461.413 957.648 802.035 634.808 498.684 381.221 252.665 303.07 369.616 256.434
internal_count=5336 4797 3827 1328 2499 2115 1674 1281 971 644 876 970 685
is_linear=0
shrinkage=0.05


Tree=177
num_leaves=12
num_cat=0
split_feature=16 32 16 50 27 80 31 24 4 5 51
split_gain=28.8311 57.0944 55.0662 57.4877 58.7264 42.0143 71.9003 34.5807 31.1619 28.5253 27.6287
threshold=30.240384615384617 32.970588235294123 31.408333333333335 18.233461538461544 15.320941176470591 13.990135604634345 0.96968750000000015 0.82329999999999892 13.356181187438308 3.8366666666666673 4.4299549740888633
decision_type=10 10 10 10 10 2 8 8 8 10 10
left_child=1 5 -2 4 -4 8 -7 -6 9 -1 -5
right_child=2 -3 3 10 7 6 -8 -9 -10 -11 -12
leaf_value=-0.012177057921911915 -0.038978020311310049 0.032000056127873357 0.031384559291547431 -0.0051924919602653183 0.013088186957527151 0.031242379154748659 -0.013923763104394702 -0.020384808462730747 -0.024664831031838058 0.017493617475059394 -0.035106001570591315
leaf_weight=186.65400087833405 114.22173931449652 169.07568142563105 179.31347826868296 170.98965853452682 145.6533292606473 220.92261312156916 145.37679237872362 161.90789823234081 192.45642691850662 141.53581205010414 140.33846664428711
leaf_count=480 305 446 446 597 482 457 358 491 482 350 426
internal_value=-0.00015935 0.00546302 -0.00666542 -0.00199855 0.00872691 0.000374007 0.0133277 -0.00454179 -0.00874765 0.000633049 -0.0187459
internal_weight=1968.45 1056.02 912.425 798.203 486.875 886.946 366.299 307.561 520.646 328.19 311.328
internal_count=5320 2573 2747 2442 1419 2127 815 973 1312 830 1023
is_linear=0
shrinkage=0.05


Tree=178
num_leaves=14
num_cat=0
split_feature=47 53 36 51 43 62 31 50 57 28 3 20 69
split_gain=35.2648 39.6073 32.9797 65.5496 37.2404 47.0706 40.7111 51.535 46.7309 42.6003 39.5626 57.4389 35.0465
threshold=0.63312892724657444 2.3452380952380958 0.90560793787003246 4.31949897413815 62.966666666666676 25.375000000000004 0.96498039215686282 16.50961538461539 246.23713235294119 18.75978541666667 13.034666666666668 5.3205128205128212 0.019810809988921173
decision_type=2 8 10 10 10 2 8 8 2 8 8 8 2
left_child=2 -2 4 -4 6 10 8 -8 -1 -9 -6 -12 -13
right_child=1 -3 3 -5 5 -7 7 9 -10 -11 11 12 -14
leaf_value=-0.033371181365574251 0.039742621523279585 -0.0047733707650282481 0.00037615950185193635 -0.045663953527573534 0.020319964372025746 0.028743887194172469 0.027925965318039838 -0.032443416477883222 0.0013676797995789442 0.0089667065491801298 -0.041564229312338163 0.02442598669528875 -0.015766093071864572
leaf_weight=243.63232585042715 99.891278110444546 98.615206971764565 182.97922635823488 132.85195904970169 148.09716462343931 186.3179424777627 134.47557476907969 115.57666186243296 160.08107213675976 132.2100436091423 102.16668504476547 104.61778558790684 110.53093730658293
leaf_count=484 313 304 526 375 399 586 316 328 405 335 301 313 320
internal_value=-0.00220647 0.0177146 -0.00447041 -0.0190733 -0.00125147 0.00757933 -0.0085743 0.00311953 -0.0196271 -0.0104012 -0.000936903 -0.0108906 0.00380021
internal_weight=1952.04 198.506 1753.54 315.831 1437.71 651.731 785.976 382.262 403.713 247.787 465.413 317.315 215.149
internal_count=5305 617 4688 901 3787 1919 1868 979 889 663 1333 934 633
is_linear=0
shrinkage=0.05


Tree=179
num_leaves=15
num_cat=0
split_feature=18 39 50 75 6 30 6 43 28 36 4 69 55 15
split_gain=32.917 41.7023 43.2115 34.8296 62.6298 37.6504 45.104 51.2004 49.7125 45.0476 70.4382 40.9522 30.3149 32.5525
threshold=0.07417582417582419 36.740588637919238 12.542500000000002 17.675000000000004 5.9255380825529 0.080374254786263796 8.9302905472060576 61.56349206349207 19.587946524064176 0.8956080965730624 21.681066023161055 0.023699764573345872 18.248125000000005 0.93518311985299807
decision_type=10 2 8 8 8 8 10 10 8 8 8 2 2 10
left_child=1 2 -1 4 -4 12 7 8 -7 10 11 -9 13 -5
right_child=-2 -3 3 5 -6 6 -8 9 -10 -11 -12 -13 -14 -15
leaf_value=0.027723264337361744 -0.025436154139115708 0.02789855699931372 0.0080550647182421036 0.018798692882256506 -0.034102220910267593 0.010718449281634786 -0.023207800573304876 0.036224767417019556 -0.029841561433176417 -0.0057133036696092919 0.064997486429404158 -0.005201690325104604 -0.034485575963998198 -0.022081590167854638
leaf_weight=126.34831542521715 115.87852353602648 141.56004909425974 152.6556646078825 96.360425375401974 206.30816787481308 204.5840245038271 109.07164003700018 119.17219340801239 118.46045785397291 111.52167192101479 103.79760947823524 118.03192819654942 109.80325634777546 96.431389540433884
leaf_count=329 335 383 314 304 411 503 334 353 302 338 295 361 358 317
internal_value=0.000283488 0.00193947 -0.000272995 -0.00257716 -0.0162015 0.00155237 0.00675996 0.0109989 -0.0042011 0.0218352 0.030835 0.0156758 -0.0136442 -0.0016574
internal_weight=1929.99 1814.11 1672.55 1546.2 358.964 1187.23 884.64 775.568 323.044 452.523 341.002 237.204 302.595 192.792
internal_count=5237 4902 4519 4190 725 3465 2486 2152 805 1347 1009 714 979 621
is_linear=0
shrinkage=0.05


Tree=180
num_leaves=12
num_cat=0
split_feature=62 75 56 27 0 30 13 0 69 32 51
split_gain=31.1561 71.386 38.1315 52.1685 55.3387 49.8099 49.2659 42.0856 43.5834 30.3665 25.1671
threshold=26.125000000000004 25.245000000000001 4.41583001648796 17.134705882352943 5.5000000000000009 0.10958465036398651 0.11427666857189095 1.5000000000000002 0.049058570473818161 32.825757575757585 4.4752036199095029
decision_type=2 8 2 10 2 10 8 2 2 8 10
left_child=2 -2 3 4 7 10 -5 -1 -9 -6 -4
right_child=1 -3 5 6 9 -7 -8 8 -10 -11 -12
leaf_value=-0.0093579990803025655 0.032062120417177639 -0.014967062180606928 0.0057038892059909276 -0.054675302324952747 -0.039041080242188046 0.023218908285649448 -0.01184838448630187 0.038743833778328594 -0.0017017549934216409 -0.0042646534248694896 -0.021259886873022771
leaf_weight=213.70709853619337 195.90289847552776 135.92724891752005 197.48935884237289 106.61890701949596 125.51211973279715 246.43608163297176 180.59747835993767 145.38932271301746 122.06526274979115 125.1361478716135 152.59357851743698
leaf_count=554 494 485 555 360 299 581 494 380 319 350 390
internal_value=-0.00112099 0.0128105 -0.00398865 -0.0098623 -0.00276207 0.00604495 -0.0278809 0.00716156 0.020347 -0.0217649 -0.00607612
internal_weight=1947.38 331.83 1615.55 1019.03 731.81 596.519 287.216 481.162 267.455 250.648 350.083
internal_count=5261 979 4282 2756 1902 1526 854 1253 699 649 945
is_linear=0
shrinkage=0.05


Tree=181
num_leaves=13
num_cat=0
split_feature=60 57 4 57 53 44 47 52 52 43 14 48
split_gain=33.2901 43.3168 50.4725 44.7341 37.5816 36.3306 30.6985 53.373 35.5773 80.1654 27.4609 23.5397
threshold=5.7500000000000009 212.36948529411768 20.773727355587301 224.20588235294119 2.7416666666666671 0.56088350055741365 0.59813984244724294 240.06904761904767 231.91987179487182 62.759615384615394 0.99408333333333343 23.242647058823533
decision_type=2 2 10 2 8 8 2 10 8 8 8 2
left_child=1 10 3 -3 -2 11 8 -8 -7 -10 -1 -5
right_child=4 2 -4 5 -6 6 7 -9 9 -11 -12 -13
leaf_value=-0.026449000290820313 0.0032916107247081047 0.031294104056599867 0.033642271198105762 -0.025618597871230272 -0.028067251090688885 -0.0092522307879362373 0.01884112552977912 -0.030373829333997376 0.053805424415068998 0.0028275942754282784 0.0036550697836462 0.0029389947539747857
leaf_weight=169.35807652771473 187.24196262657642 130.84231553971767 164.34498061239719 179.1777820289135 193.68815595656633 115.84392539411783 98.798476576805115 122.11278461664915 126.59288731962442 195.2524768859148 136.02417149394751 120.05198789387941
leaf_count=375 518 305 477 451 529 255 322 479 347 547 303 315
internal_value=0.000545567 0.00378564 0.00790124 0.00398809 -0.0126849 0.000229261 0.00679192 -0.00837763 0.01445 0.0229835 -0.0130718 -0.0141896
internal_weight=1939.33 1558.4 1253.02 1088.67 380.93 957.83 658.601 220.911 437.689 321.845 305.382 299.23
internal_count=5223 4176 3498 3021 1047 2716 1950 801 1149 894 678 766
is_linear=0
shrinkage=0.05


Tree=182
num_leaves=14
num_cat=0
split_feature=53 41 75 33 41 57 16 36 36 8 28 23 64
split_gain=27.4749 51.8224 59.5408 41.6842 39.5607 35.7731 35.0701 35.3575 29.2259 29.1472 33.3859 28.0721 26.2191
threshold=2.1380952380952385 11.500000000000002 18.415000000000003 8.0588235294117663 11.500000000000002 237.34375000000003 31.612500000000004 0.449322252571216 0.53116263093076266 14.786088558305918 16.718766666666671 7.0935536355475772 65.500000000000014
decision_type=10 10 8 8 10 2 10 8 10 8 10 10 8
left_child=1 2 -1 4 9 -4 7 -3 -5 -2 -11 -7 -6
right_child=3 6 5 8 12 11 -8 -9 -10 10 -12 -13 -14
leaf_value=0.049096314165139272 0.011295001569494601 0.00097319868308847065 0.026448725701830728 -0.0041131911974686287 -0.0014353300948577799 -0.025032617757942896 0.015531399778763114 -0.033923714785032894 -0.034296746788534394 -0.034618730542388121 0.00043995213035423513 0.012619510405236662 0.025378936162686151
leaf_weight=116.43900591135025 114.29514668881893 152.93817067146301 146.0801167562604 151.08741264045238 168.43243004381657 97.584067434072495 130.59837178885937 137.06031200289726 170.67446685582399 148.47221606224775 124.39587407559156 98.540531143546104 197.46307629346848
leaf_count=226 276 395 335 422 466 316 415 341 449 355 399 327 515
internal_value=0.000213537 0.00676456 0.0183713 -0.00514673 0.00129496 0.00780414 -0.00590564 -0.0155798 -0.0201803 -0.00983378 -0.0186928 -0.00614669 0.0130653
internal_weight=1954.06 879.241 458.644 1074.82 753.059 342.205 420.597 289.998 321.762 387.163 272.868 196.125 365.896
internal_count=5237 2355 1204 2882 2011 978 1151 736 871 1030 754 643 981
is_linear=0
shrinkage=0.05


Tree=183
num_leaves=12
num_cat=0
split_feature=59 79 43 50 55 32 32 41 7 65 41
split_gain=31.0243 43.3484 43.8964 36.5141 44.7242 42.376 39.8407 35.9632 48.9555 30.7935 30.0125
threshold=0.75000000000000011 2.004643255124845 58.408333333333339 15.39388888888889 17.359558823529415 31.217647058823534 29.480769230769234 65.000000000000014 17.993200000000002 2.5000000000000004 3.5000000000000004
decision_type=2 8 10 10 2 8 10 10 10 10 8
left_child=3 -2 -3 9 5 -5 -6 8 10 -1 -4
right_child=1 2 7 4 6 -7 -8 -9 -10 -11 -12
leaf_value=0.027796604447327851 0.030883683861706125 0.025358750800713092 -0.0035728346973573689 -0.0028999138256358757 -0.01508491947799525 -0.040083265025991889 0.017525925951744011 0.01594777590976135 0.01035965170384652 -0.0038177022798741309 -0.037950021044218324
leaf_weight=136.26001355051994 175.15895533561707 175.87166883051395 106.47176995873451 132.5326727181673 187.01965031027794 181.17927909642458 185.62087098509073 177.55254362523556 167.63254401087761 175.04557011276484 157.10104355216026
leaf_count=321 462 408 285 323 485 509 566 513 450 458 468
internal_value=0.00205489 0.00846831 0.00343141 -0.00411738 -0.0105552 -0.0244337 0.00116273 -0.00293465 -0.0107286 0.0100647 -0.0241291
internal_weight=1957.45 959.789 784.63 997.658 686.352 313.712 372.641 608.758 431.205 311.306 263.573
internal_count=5248 2586 2124 2662 1883 832 1051 1716 1203 779 753
is_linear=0
shrinkage=0.05


Tree=184
num_leaves=14
num_cat=0
split_feature=33 45 45 56 46 30 51 12 61 49 54 54 28
split_gain=38.2976 34.1244 32.2261 37.3087 30.523 25.0532 56.9479 45.8172 89.3915 38.4515 34.6063 36.8743 34.7122
threshold=9.7196078431372559 29.031250000000004 27.292857142857148 4.7843067625092184 59.382352941176478 0.13683102443771453 4.6240636966470543 0.16926724805834981 43.750000000000007 10.500000000000002 21.839743589743595 19.839743589743595 14.810507692307693
decision_type=10 10 10 2 2 8 10 8 2 2 10 8 10
left_child=1 2 3 4 -1 6 10 9 -9 -7 11 -6 -12
right_child=-2 -3 -4 -5 5 7 -8 8 -10 -11 12 -13 -14
leaf_value=0.027469875899803087 0.030563780349856851 -0.018453460188655634 0.029091610579635496 -0.016720202052540357 0.0044283153759112166 -0.036379630504356213 0.036084352736791538 0.036623901158570803 -0.021323231280707265 0.0015852256226163285 -0.0059571670183667675 -0.033096385158128704 0.034506105148633733
leaf_weight=133.7069980353117 117.01161544024944 196.59173955768347 113.77351398020983 233.83525252342224 156.6564863473177 153.86436990648508 148.12913873046637 139.28543641418219 125.71844986081123 117.00284820795059 98.305770635604858 111.22122213244438 113.37374193966389
leaf_count=309 305 536 345 546 452 448 381 325 334 308 255 322 412
internal_value=0.00295112 0.0011809 0.00353734 0.0016207 0.00493703 0.00232636 0.00909877 -0.0056086 0.00915683 -0.020035 0.000705529 -0.0112169 0.015775
internal_weight=1958.48 1841.46 1644.87 1531.1 1297.26 1163.56 627.686 535.871 265.004 270.867 479.557 267.878 211.68
internal_count=5278 4973 4437 4092 3546 3237 1822 1415 659 756 1441 774 667
is_linear=0
shrinkage=0.05


Tree=185
num_leaves=14
num_cat=0
split_feature=3 5 54 80 80 27 27 69 53 55 45 30 45
split_gain=28.4373 45.6279 30.6367 27.3814 36.1105 52.5076 74.7904 45.162 48.3537 27.2421 43.8731 31.4132 32.3654
threshold=20.680000000000003 24.725000000000005 29.677083333333339 19.346759822886607 14.435167580391342 15.628750000000002 10.805833333333334 0.06811507949345573 2.5419580419580421 15.048860294117649 22.483333333333338 0.084800215942861842 18.031250000000004
decision_type=10 10 10 2 2 10 10 2 8 2 10 10 8
left_child=2 -2 3 4 9 6 -6 8 -7 -1 11 12 -11
right_child=1 -3 -4 -5 5 7 -8 -9 -10 10 -12 -13 -14
leaf_value=0.015074903607831603 0.031457278318442937 -0.0091309432616631849 -0.024191777665195688 -0.020021273009956101 0.002148295608078556 -0.010929015279738299 0.054022528858460234 -0.023969426095981159 0.03595127215791389 0.010626432674787689 0.0098421990461986485 -0.038893754032158334 -0.025310559856535454
leaf_weight=136.66897995769978 174.78058677911758 113.6399998664856 135.52438904345036 144.83202806860209 140.93701190501451 108.39227392524481 136.21763602644205 134.67403054237366 109.92574881017208 114.61275397241116 191.37373147904873 133.67113940417767 136.06160927563906
leaf_count=335 520 317 370 403 386 328 343 388 306 303 505 332 361
internal_value=0.00105041 0.0154889 -0.00152356 0.000556767 0.00278997 0.0114999 0.0277463 -0.00129849 0.0127321 -0.00491975 -0.00968416 -0.0194071 -0.00890259
internal_weight=1911.31 288.421 1622.89 1487.37 1342.53 630.147 277.155 352.992 218.318 712.388 575.719 384.346 250.674
internal_count=5197 837 4360 3990 3587 1751 729 1022 634 1836 1501 996 664
is_linear=0
shrinkage=0.05


Tree=186
num_leaves=12
num_cat=0
split_feature=16 6 65 50 30 44 64 48 4 55 3
split_gain=37.075 51.95 28.0224 46.3401 45.4007 64.2893 63.5756 26.0236 26.7812 42.2085 18.0283
threshold=25.041666666666668 3.4723152273532176 10.500000000000002 18.368444444444449 0.12086272315479582 0.55768087441690306 42.500000000000007 26.69852941176471 16.038151363565472 17.83117647058824 0.76777777777777778
decision_type=8 10 10 8 8 8 10 2 8 2 10
left_child=1 10 4 -4 7 -6 -7 8 -2 -10 -1
right_child=2 -3 3 -5 5 6 -8 -9 9 -11 -12
leaf_value=0.012881351667548911 -0.0016683826784492752 0.03543972080058274 -0.00039561416003336153 -0.044819760050578521 -0.012830439853325977 0.0016323963966358769 0.040026513205681069 0.0087207920455430864 -0.0088948251838169325 -0.048178019726586405 -0.014100839342565168
leaf_weight=119.79189766943455 199.19398176670074 162.12116757780313 139.95091059058905 100.1388508901 226.64478206634521 225.41609118878841 205.83421633392572 140.4969574585557 161.20550528168678 118.48942688107491 125.99694645404816
leaf_count=308 571 400 400 326 521 572 572 405 486 346 310
internal_value=0.000200111 0.0135633 -0.00339884 -0.0190335 -0.000447411 0.00869284 0.020008 -0.0101543 -0.0156985 -0.025649 -0.000951423
internal_weight=1925.28 407.91 1517.37 240.09 1277.28 657.895 431.25 619.386 478.889 279.695 245.789
internal_count=5217 1018 4199 726 3473 1665 1144 1808 1403 832 618
is_linear=0
shrinkage=0.05


Tree=187
num_leaves=13
num_cat=0
split_feature=18 15 65 16 15 6 76 45 44 76 60 61
split_gain=29.5403 27.4291 57.8539 52.2799 40.2818 43.9322 62.1046 39.7407 30.8258 26.3106 37.0332 36.6566
threshold=0.069047619047619066 0.75801303862105707 3.5000000000000004 10.083333333333334 0.99525046555458974 8.0030281861202592 1.0217512132975457 21.45804195804196 0.62780583967350234 1.3044060168627638 -1.2499999999999998 46.250000000000007
decision_type=10 8 8 10 8 8 10 10 10 8 2 2
left_child=1 3 -3 -1 5 6 -4 -8 9 11 -11 -6
right_child=-2 2 4 -5 8 -7 7 -9 -10 10 -12 -13
leaf_value=0.0035126959621410584 -0.024455368094636359 0.033805932522216524 -0.012868776613167624 -0.037018133381340544 -0.027097020762474489 -0.0093556000706122126 0.010866332526242308 0.046357700808169748 -0.029771619059830792 -0.0093081711055098132 0.029616442551907415 0.0062241043715184474
leaf_weight=201.23864435404539 125.85868935286999 140.50436303019524 116.12657361477613 130.4183818474412 182.92785310745239 212.85638707876205 149.22951808571815 168.19278925657272 131.62010439485312 126.14187743514776 116.86777579784393 149.16569536924362
leaf_count=491 373 413 407 345 397 563 328 376 413 383 414 365
internal_value=-0.00112468 0.000496542 0.00338631 -0.0124887 0.000205005 0.00921803 0.0183375 0.0297587 -0.00804015 -0.00302356 0.00945604 -0.0121565
internal_weight=1951.15 1825.29 1493.63 331.657 1353.13 646.405 433.549 317.422 706.723 575.103 243.01 332.094
internal_count=5268 4895 4059 836 3646 1674 1111 704 1972 1559 797 762
is_linear=0
shrinkage=0.05


Tree=188
num_leaves=13
num_cat=0
split_feature=58 43 46 27 47 32 70 32 53 64 50 64
split_gain=35.4265 62.0558 69.0633 44.0275 65.9745 50.1546 38.5954 41.3567 35.9434 34.7383 33.598 30.7393
threshold=23.66727941176471 59.345238095238102 62.588235294117659 21.317541666666671 0.58080080663481348 32.585714285714296 0.018037311167065227 31.062500000000004 2.226495726495727 64.500000000000014 18.116153846153853 76.500000000000014
decision_type=2 8 2 10 2 8 2 8 10 8 8 8
left_child=3 -2 -3 4 5 9 7 -6 11 -1 -9 -4
right_child=1 2 8 -5 6 -7 -8 10 -10 -11 -12 -13
leaf_value=0.015439186554714558 -0.023117986427377182 0.03492129048828975 -0.035073306127749469 -0.036199697595480591 -0.0024805021539538005 0.026042450126853703 0.0071611051758401949 -0.020969025182060147 0.018817887848227573 -0.016122346394940801 -0.057400662250742987 0.003786906929875346
leaf_weight=140.76468059420586 139.30036332458258 233.32825633138418 91.227080412209034 117.2264032587409 140.55483549833298 222.94565898925066 126.62916329503059 155.52625189721584 144.79438252747059 225.54855129867792 108.01572845876217 113.14760030806065
leaf_count=337 306 588 347 312 332 554 394 445 465 498 342 330
internal_value=-0.00204473 0.00675249 0.0139232 -0.00717839 -0.00411121 0.0074007 -0.0168826 -0.0244162 -0.000168204 -0.00398505 -0.0360615 -0.0136455
internal_weight=1959.01 721.798 582.497 1237.21 1119.98 589.259 530.726 404.097 349.169 366.313 263.542 204.375
internal_count=5250 2036 1730 3214 2902 1389 1513 1119 1142 835 787 677
is_linear=0
shrinkage=0.05


Tree=189
num_leaves=15
num_cat=0
split_feature=40 61 76 12 27 44 14 23 23 55 45 20 64 45
split_gain=27.2388 59.837 45.8723 44.0408 42.7469 40.9628 52.9935 37.4115 66.7706 33.4476 38.8234 36.4555 36.4405 28.0977
threshold=4.5000000000000009 43.250000000000007 1.2727326085133739 0.14300203511900722 2.9475000000000002 0.56088350055741365 0.96345238095238106 7.7571718501453573 7.0358983799705461 19.550294117647063 22.919871794871799 6.8516483516483522 59.500000000000007 27.118055555555561
decision_type=2 2 10 10 10 8 10 8 10 2 10 10 10 8
left_child=1 3 7 4 -1 6 -2 8 -3 10 12 -12 -7 -9
right_child=5 2 -4 -5 -6 9 -8 13 -10 -11 11 -13 -14 -15
leaf_value=0.029377004619081472 -0.0014189473318467684 -0.0080118710618668435 -0.032976475108867691 0.045078365714426222 -0.013146165337889129 0.029682147283765323 -0.039016729767808712 -0.032163852420873829 0.045728094804269065 -0.024523690798040097 -0.030587367416292938 0.0093036767345665902 -0.0058070486055364912 0.0046721142732307807
leaf_weight=117.07850082218647 188.58896911144257 129.9614217504859 117.26999901235104 122.22089307010174 117.47051129490137 202.57588912546635 185.46367744356394 100.49507071077824 102.74167339503765 108.92135877907276 109.75331577658653 117.87628498673439 111.75363322347403 105.21238570660353
leaf_count=309 422 387 291 298 307 554 444 303 299 312 305 356 321 318
internal_value=-0.00136274 0.0049179 -0.00534184 0.020868 0.00811449 -0.00695343 -0.0201151 0.00210834 0.0158092 0.000629656 0.00572076 -0.00997975 0.0170863 -0.013392
internal_weight=1937.38 912.45 555.681 356.77 234.549 1024.93 374.053 438.411 232.703 650.88 541.959 227.63 314.33 205.707
internal_count=5226 2512 1598 914 616 2714 866 1307 686 1848 1536 661 875 621
is_linear=0
shrinkage=0.05


Tree=190
num_leaves=14
num_cat=0
split_feature=57 46 15 42 13 50 13 33 54 54 15 7 75
split_gain=25.1227 76.742 59.9418 38.3729 41.1085 47.6541 35.0478 30.9144 51.9346 35.6273 31.8067 30.4452 29.5244
threshold=219.85294117647061 61.676470588235297 0.94727674954442553 13.500000000000002 0.15519493851913144 16.734423076923079 0.10543692092656118 4.322916666666667 21.881944444444446 18.612500000000004 0.97872315025339229 15.687752380952382 19.385000000000002
decision_type=2 2 8 2 10 10 10 10 10 10 10 8 10
left_child=1 -1 -3 4 7 -6 -4 9 12 -2 -10 -11 -9
right_child=3 2 6 -5 5 -7 -8 8 10 11 -12 -13 -14
leaf_value=-0.015605823636267347 0.011630984781352082 -0.0043663178484756341 0.058128556271676325 -0.021042955177225244 -0.0075437055468533746 0.03302787124693931 0.019509816251730112 0.0065189227899452896 0.041585806133508291 -0.0074094399132282806 0.0044976290535334714 -0.03794694349795362 -0.031130613872053958
leaf_weight=182.55794905126095 107.51947873085737 121.75467251241207 116.97934772074223 220.44421828538179 117.10423006862402 187.16407024860382 120.0656690299511 101.61419832706451 106.92732492089272 178.69442665576935 125.07461331784725 150.19977444410324 105.18570849299431
leaf_count=366 303 290 312 598 298 501 298 322 295 506 428 435 286
internal_value=0.0015935 0.0107298 0.0241355 -0.00194468 0.00163957 0.0174395 0.0387319 -0.00386689 0.00549927 -0.0132753 0.0216963 -0.0214281 -0.0126886
internal_weight=1941.29 541.358 358.8 1399.93 1179.48 304.268 237.045 875.216 438.802 436.414 232.002 328.894 206.8
internal_count=5238 1266 900 3972 3374 799 610 2575 1331 1244 723 941 608
is_linear=0
shrinkage=0.05


Tree=191
num_leaves=15
num_cat=0
split_feature=57 46 43 76 3 30 62 64 64 61 21 56 14 80
split_gain=27.44 46.6408 68.468 45.6959 43.16 44.0427 41.0644 47.5823 40.956 38.075 38.2859 32.5065 48.5852 28.5325
threshold=236.08823529411768 62.667279411764717 64.25833333333334 1.0282508085285251 17.871987179487181 0.11522941829679166 23.375000000000004 70.500000000000014 63.500000000000007 44.750000000000007 4.0034013605442187 4.4485893320162999 0.98607692307692318 19.812118077569931
decision_type=2 2 8 8 10 10 2 8 8 2 8 2 8 2
left_child=3 2 8 -1 5 6 7 -3 -2 11 -11 12 -5 -6
right_child=1 4 -4 9 13 -7 -8 -9 -10 10 -12 -13 -14 -15
leaf_value=-0.031837446829801143 0.024044500394090319 -0.014937284637174465 0.04426972602874759 -0.037864486950499682 0.033240469134233085 -0.039798736422133836 -0.030113540071091585 0.035536203412763881 -0.013483734579967996 -0.0074327200727923029 0.030827807908169039 0.0070004738297763137 0.00069286136058768647 -0.0050638132588457715
leaf_weight=168.54740603268147 123.53551545739174 94.360446229577065 141.86157252639532 178.44477961212397 94.634884893894196 122.45286726206541 97.249038532376289 90.64028849452734 173.68852484226227 126.03455028682947 134.17182263731956 162.17244154214859 149.92866384238005 98.421174973249435
leaf_count=351 316 327 389 397 371 363 351 287 443 325 322 413 343 312
internal_value=-0.00210702 0.00346787 0.0158228 -0.00839166 -0.00561875 -0.0148872 -0.00397707 0.00985008 0.00214249 -0.00309263 0.0123383 -0.0112863 -0.0203113 0.0137872
internal_weight=1956.14 1036.84 439.086 919.3 597.759 404.703 282.25 185.001 297.224 750.752 260.206 490.546 328.373 193.056
internal_count=5310 3159 1148 2151 2011 1328 965 614 759 1800 647 1153 740 683
is_linear=0
shrinkage=0.05


Tree=192
num_leaves=13
num_cat=0
split_feature=0 21 69 30 65 47 69 79 30 30 54 53
split_gain=24.6759 21.7519 36.5136 41.4874 66.515 35.2852 29.6927 38.5169 49.6267 45.801 37.3577 22.3645
threshold=13.500000000000002 4.0363756613756623 0.074155474155474174 0.13905567325367837 11.500000000000002 0.58537661465748836 0.12909764127002032 2.7400562281222975 0.14888413857585145 0.11581272895046156 24.577380952380956 2.0954545454545461
decision_type=2 8 2 8 8 2 2 10 8 10 8 10
left_child=1 2 3 4 -1 -4 7 8 11 -9 -8 -3
right_child=-2 6 5 -5 -6 -7 10 9 -10 -11 -12 -13
leaf_value=-0.030399175758795395 0.021374502022621329 0.031723827827818872 -0.0095990815897870133 -0.037185684796697094 0.013557571920017691 0.024264671896368623 0.0047526847019030462 0.0042067265492362407 -0.017001630646261343 0.047265972275165158 -0.031328065535437565 0.0013447326128939972
leaf_weight=158.02610360085964 117.17363897711039 112.05824752897024 174.77824346721172 163.22087343037128 186.67787700146437 135.85855881124735 166.82387487590313 134.17627395689487 227.28549216687679 113.76197022199631 124.57700502872467 130.72614223510027
leaf_count=509 317 326 456 410 496 401 412 343 599 286 329 365
internal_value=-0.000769719 -0.00220008 -0.00825192 -0.0164985 -0.0066236 0.00524174 0.00271085 0.00817173 -0.000249324 0.0240742 -0.0107266 0.015439
internal_weight=1945.14 1827.97 818.562 507.925 344.704 310.637 1009.41 718.008 470.07 247.938 291.401 242.784
internal_count=5249 4932 2272 1415 1005 857 2660 1919 1290 629 741 691
is_linear=0
shrinkage=0.05


Tree=193
num_leaves=14
num_cat=0
split_feature=45 79 70 79 64 76 36 13 7 32 61 19 50
split_gain=16.9419 54.9574 56.631 52.0505 25.7466 28.6034 37.9187 39.682 63.9791 33.4811 41.8562 29.973 29.5681
threshold=17.851648351648354 2.1490792796411733 0.0076274828113063421 2.8355937560647249 77.500000000000014 1.329689660625335 0.89771046677520039 0.11097946466424706 19.550600000000003 31.719607843137258 47.250000000000007 4.2928571428571436 17.37587412587413
decision_type=10 8 2 8 10 10 8 10 10 8 2 8 10
left_child=1 -1 3 -3 5 6 7 9 -9 12 -11 -8 -2
right_child=4 2 -4 -5 -6 -7 11 8 -10 10 -12 -13 -14
leaf_value=0.036239535271077115 -0.032226811592773845 -0.039868609635854868 0.025356930872928857 0.0075940102123470054 -0.024277289644030437 -0.018443222331784543 -0.00051043325356861405 0.035303606960217775 -0.007256845337906985 0.024010465014310624 -0.01558677377129347 -0.035626932649190111 0.0022927211497909476
leaf_weight=124.0868262052536 126.64976771920919 118.19226782023907 119.89004826545715 111.56025746464729 129.3603395819664 199.55420309305191 144.76478535681963 232.40082232654095 141.56380429118872 182.29742013663054 104.09416562318802 103.75643735378981 120.4423499032855
leaf_count=241 304 211 333 411 369 466 483 573 392 561 357 242 331
internal_value=-0.000426604 0.00779653 -0.00237235 -0.0168893 -0.00305355 -0.00101172 0.0020108 0.00675106 0.019216 -0.0020063 0.00961398 -0.0152554 -0.0154592
internal_weight=1958.61 473.729 349.643 229.753 1484.88 1355.52 1155.97 907.448 373.965 533.484 286.392 248.521 247.092
internal_count=5274 1196 955 622 4078 3709 3243 2518 965 1553 918 725 635
is_linear=0
shrinkage=0.05


Tree=194
num_leaves=15
num_cat=0
split_feature=28 8 64 54 45 64 48 27 51 25 5 62 62 44
split_gain=27.1188 35.5763 50.2156 57.8717 51.0632 38.7723 47.7309 34.448 30.0313 46.2062 55.9392 41.4572 38.967 40.682
threshold=20.675181250000001 18.573496050312908 69.500000000000014 23.809090909090912 24.75961538461539 59.500000000000007 20.424632352941178 15.882727272727273 4.8820779914529924 -0.036666666666666563 18.31666666666667 19.125000000000004 24.875000000000004 0.57477871681839143
decision_type=10 8 10 10 8 10 2 10 10 8 10 2 2 10
left_child=1 5 3 4 -3 8 -7 -8 9 -1 11 -11 13 -13
right_child=-2 2 -4 -5 -6 6 7 -9 -10 10 -12 12 -14 -15
leaf_value=-0.014611491195554141 0.024120062535874412 0.014642795232059897 0.015218549950977198 -0.043026917410023596 -0.025184071290699956 -0.033221445193590084 0.0249424960113298 -0.015212334474610636 -0.012194916106306027 0.035170229887093347 0.049798546556537281 -0.026672079123736328 0.028386418176044731 0.013235135520599701
leaf_weight=113.52572675049305 126.39978370815516 158.54555904865265 154.87404953688383 150.19245284050703 161.48209852725267 126.45245788246393 109.08640892058611 102.81477803736925 120.30820216983557 143.12289563566446 124.75688528269529 130.28792005777359 108.52527389675379 123.47252736985683
leaf_count=293 320 412 399 427 396 332 297 310 299 368 357 325 299 377
internal_value=0.00181584 0.00026077 -0.00940583 -0.0175313 -0.00546921 0.00529 -0.00903951 0.00547937 0.0109056 0.014654 0.019941 0.0124871 0.00345381 -0.00727865
internal_weight=1953.85 1827.45 625.094 470.22 320.028 1202.35 338.354 211.901 863.999 743.691 630.166 505.409 362.286 253.76
internal_count=5211 4891 1634 1235 808 3257 939 607 2318 2019 1726 1369 1001 702
is_linear=0
shrinkage=0.05


Tree=195
num_leaves=13
num_cat=0
split_feature=24 24 12 12 75 19 31 24 47 44 15 75
split_gain=25.4753 33.1162 38.9702 55.5234 28.8261 44.8044 32.2288 36.4392 35.2191 44.8991 30.1217 29.0843
threshold=-3.2770595238095233 -2.0001666666666673 0.23857739915642548 0.19077949222232346 18.335000000000004 2.3923076923076927 0.9845208333333334 -0.31549999999999906 0.58711549024993148 0.59339943684028251 0.90325591691034146 20.285000000000004
decision_type=8 8 10 10 10 8 10 10 2 8 8 10
left_child=-1 -2 3 4 6 -6 7 8 10 -10 -3 -7
right_child=1 2 -4 -5 5 11 -8 -9 9 -11 -12 -13
leaf_value=0.017783884984264819 -0.026840379120017445 0.0025228018568227667 0.026094074139600455 -0.035525698932537979 0.011947019150893724 -0.034911412688959455 0.031381633451198342 0.021025876479324263 0.034730410179220288 -0.0092126766681483018 -0.027270653506645814 -0.0064783173588075079
leaf_weight=175.88007325679064 124.82230861485004 150.97857376933098 128.59317594766617 116.25146392732859 175.75956805050373 156.89522756636143 107.58541006594896 192.8843070268631 106.40669471770525 125.99644702672958 192.18921975046396 210.31515549123287
leaf_count=507 351 364 302 284 482 365 392 556 289 383 479 556
internal_value=-0.000318179 -0.00210709 -0.000236595 -0.0024576 0.000274596 -0.00876806 0.00588284 0.00227681 -0.00403191 0.0109694 -0.0141936 -0.0186885
internal_weight=1964.56 1788.68 1663.86 1535.26 1419.01 542.97 876.041 768.455 575.571 232.403 343.168 367.21
internal_count=5310 4803 4452 4150 3866 1403 2463 2071 1515 672 843 921
is_linear=0
shrinkage=0.05


Tree=196
num_leaves=13
num_cat=0
split_feature=6 5 36 48 31 36 47 76 28 52 3 53
split_gain=22.7019 25.8498 44.6767 41.9566 40.3746 30.6399 30.0244 36.7961 43.1218 40.1612 48.817 35.337
threshold=9.9390747214942703 16.510000000000005 0.90330940313076902 25.93933823529412 0.95387500000000014 0.90753762364129564 0.53005880553383877 1.0737342604165832 15.397751336898397 220.19375000000002 14.093939393939396 2.1846590909090913
decision_type=10 10 10 2 10 8 2 10 10 8 8 8
left_child=1 5 3 4 -3 6 -1 8 11 -9 -11 -8
right_child=-2 2 -4 -5 -6 -7 7 9 -10 10 -12 -13
leaf_value=0.015465878761443281 0.018786374524137006 -0.029502376306378465 -0.031735521247265967 0.019736245537218672 0.0045011057025609895 0.022767587985842389 0.019074506877864095 -0.037536585568885734 0.034143767198737449 0.014826532744300956 -0.025857896567195723 -0.01731100539979942
leaf_weight=208.58508525788784 129.13023809343576 170.39263119548559 181.68618645519018 144.94962614774704 177.45201420783997 148.97300101816654 103.24789259582758 140.95005145668983 97.076955415308475 149.600621342659 143.51498332619667 184.51129738241434
leaf_count=473 364 461 504 396 511 429 317 276 384 354 358 513
internal_value=-0.0014014 -0.00281917 -0.0106153 -0.00278003 -0.0121924 0.00165565 -0.00142449 -0.0057403 0.00550961 -0.015704 -0.00511353 -0.00423505
internal_weight=1980.07 1850.94 674.48 492.794 347.845 1176.46 1027.49 818.902 384.836 434.066 293.116 287.759
internal_count=5340 4976 1872 1368 972 3104 2675 2202 1214 988 712 830
is_linear=0
shrinkage=0.05


Tree=197
num_leaves=14
num_cat=0
split_feature=31 36 31 36 43 79 36 58 75 6 64 36 51
split_gain=24.116 27.974 40.2703 38.2089 44.7763 51.893 38.6402 33.1323 37.0549 29.8882 33.7488 29.309 28.1172
threshold=0.25773809523809532 0.95950506351425768 0.95287581699346424 0.84354156256275914 56.031250000000007 2.0147204799113005 0.90131776325714597 23.242647058823533 17.145000000000003 5.5313888956634125 64.500000000000014 0.48231147889538079 4.3401292004978371
decision_type=8 10 8 8 10 8 10 2 10 10 8 10 10
left_child=-1 2 9 4 -4 -6 -5 8 -7 11 -11 -2 -9
right_child=1 -3 3 6 5 7 -8 12 -10 10 -12 -13 -14
leaf_value=0.020749809271534855 -0.010420732495585209 -0.020169856570420627 -0.026793707737381951 0.046655157238043289 0.036827515917384181 -0.0068782197986786107 0.0066797450813537761 -0.03024421347650565 0.027957324724462301 -0.0013896096069157874 -0.037031484788013005 0.018403839530283333 0.0049711826524700478
leaf_weight=145.66822193562984 220.84779088199139 160.7920263260603 111.61726165562868 111.05745947360992 120.4804790019989 145.33242820948362 132.11417686194181 120.66651406884193 159.05823585391045 121.30177520960569 146.00450950115919 145.38107637315989 105.66424980014563
leaf_count=394 527 518 263 336 365 467 352 384 364 326 359 322 290
internal_value=0.00125367 -0.000334456 0.00162196 0.00783766 0.00232414 0.00734843 0.025053 0.000599624 0.0113569 -0.00824476 -0.0209229 0.00104065 -0.0138541
internal_weight=1945.99 1800.32 1639.53 1005.99 762.819 651.202 243.172 530.721 304.391 633.535 267.306 366.229 226.331
internal_count=5267 4873 4355 2821 2133 1870 688 1505 831 1534 685 849 674
is_linear=0
shrinkage=0.05


Tree=198
num_leaves=13
num_cat=0
split_feature=33 52 55 56 51 24 62 23 54 52 54 56
split_gain=41.3264 41.1795 38.0946 38.6885 44.9331 42.1444 38.2231 47.6694 43.0011 30.1182 41.2816 38.9875
threshold=2.71875 202.80909090909094 19.857500000000005 4.4714924848420639 4.5579173255025989 -2.4680999999999993 20.125000000000004 7.607201791607733 24.320512820512821 224.3484848484849 25.292857142857148 4.1830364145658274
decision_type=10 8 2 2 10 10 2 10 8 8 8 2
left_child=1 -1 3 4 6 -5 -2 8 -8 -3 11 -11
right_child=2 9 -4 5 -6 -7 7 -9 -10 10 -12 -13
leaf_value=0.037834916261172379 -0.039685636746001937 -0.017771909955388562 -0.027509737602240777 0.026799835267382617 0.013273235416075731 -0.007715027457793306 0.018748431321419731 -0.029572116836679593 -0.020624155274050024 0.04740614866396043 -0.0071286221437547592 0.0068743786766276588
leaf_weight=108.41189852356911 124.72266587615013 120.38568705320358 170.4226266220212 196.97713306546211 179.90779462456703 159.21432085335255 180.40328207612038 169.321652315557 111.28794456273317 101.90166802704334 188.43365933746099 141.08036677539349
leaf_count=246 318 283 477 452 469 441 472 476 330 325 542 432
internal_value=-0.000357833 0.00981048 -0.00555638 -0.00219983 -0.00853036 0.0113936 -0.0152385 -0.00855298 0.0037076 0.00424606 0.010417 0.0239972
internal_weight=1952.47 660.213 1292.26 1121.83 765.643 356.191 585.736 461.013 291.691 551.801 431.416 242.982
internal_count=5263 1828 3435 2958 2065 893 1596 1278 802 1582 1299 757
is_linear=0
shrinkage=0.05


Tree=199
num_leaves=14
num_cat=0
split_feature=60 54 41 31 62 56 41 56 39 51 46 56 5
split_gain=24.2208 37.5889 39.2752 30.9954 39.1922 36.826 50.2089 42.5858 59.5621 46.7016 63.1368 50.2566 43.4001
threshold=4.7500000000000009 15.919871794871797 9.0000000000000018 0.98907843137254903 23.125000000000004 4.6814954051796169 21.000000000000004 4.41583001648796 23.787816563997264 4.5929502986465023 63.514705882352949 4.1057374968266069 17.516666666666673
decision_type=2 10 8 10 2 2 8 2 2 10 2 2 8
left_child=3 -2 -3 5 -5 7 -7 8 -1 10 11 -10 -12
right_child=1 2 -4 4 -6 6 -8 -9 9 -11 12 -13 -14
leaf_value=0.031768203456052975 -0.036044023991292022 0.019838290549313912 -0.016011960113668847 0.0017859829391110044 0.045736449992144754 -0.037537309276406403 0.004685816750290321 0.023613884336807583 -0.0055813725117092048 0.016968525640222124 -0.014360005705976252 -0.047562252869443572 0.029016805598276768
leaf_weight=115.67518444359303 109.18245150893927 123.43001443892717 196.92984467744827 119.01874217391014 87.507838174700737 138.79609587043524 141.45237573981285 219.28405024856329 125.23838394135237 156.56285936385393 125.52795058488846 165.41364189982414 105.00740434974432
leaf_count=362 290 321 598 434 288 302 344 577 341 354 360 361 294
internal_value=-0.000398164 -0.0108519 -0.00218063 0.00260164 0.020539 -0.000277187 -0.0162848 0.00416431 -0.00123406 -0.00690523 -0.0140956 -0.0295544 0.00543785
internal_weight=1929.03 429.542 320.36 1499.48 206.527 1292.96 280.248 1012.71 793.425 677.75 521.187 290.652 230.535
internal_count=5226 1209 919 4017 722 3295 646 2649 2072 1710 1356 702 654
is_linear=0
shrinkage=0.05


Tree=200
num_leaves=15
num_cat=0
split_feature=60 33 54 33 76 79 53 55 21 53 31 52 24 61
split_gain=37.4237 36.5612 38.3958 28.1199 58.707 30.4594 53.2443 52.2676 36.0599 30.2191 28.1451 42.1518 48.8453 23.2818
threshold=5.7500000000000009 8.7666666666666675 17.75961538461539 9.7846153846153872 1.280182116680455 2.3382962431699608 2.7303030303030309 16.501875000000002 4.8562030075187979 2.2071428571428577 0.66125000000000012 228.30303030303034 -2.3791250000000006 43.750000000000007
decision_type=2 8 10 8 8 8 8 2 8 8 10 10 10 2
left_child=3 2 -2 5 -5 7 10 -1 -8 -9 -7 -12 -13 -6
right_child=1 -3 -4 4 13 6 8 9 -10 -11 11 12 -14 -15
leaf_value=-0.032309415600187873 -0.02499390221617891 -0.037880231650798166 0.012309181797267251 0.045592428049012076 0.016892601778728155 0.019713683027723305 0.043867872553174973 0.019118226321952099 0.0068173260421726519 -0.013046097204144617 -0.033772715071638475 0.024015601958657661 -0.018755649207251902 -0.015196777125504202
leaf_weight=168.29697713255882 122.05580431967974 111.61401573568583 156.04303193092346 112.19684475660324 116.18180682510138 101.24350256472826 122.77760431915522 141.46244511008263 140.83120018988848 148.85243275761604 123.46463033556938 125.66248495876789 140.12860069423914 108.20397453010082
leaf_count=405 326 307 436 278 292 292 364 313 394 311 318 394 484 333
internal_value=-1.28939e-05 -0.0138424 -0.0040938 0.00347249 0.0162357 -8.03085e-05 0.00609684 -0.0102287 0.0241744 0.00263852 -0.00364801 -0.00975922 0.00148025 0.0014196
internal_weight=1939.02 389.713 278.099 1549.3 336.583 1212.72 754.108 458.612 263.609 290.315 490.499 389.256 265.791 224.386
internal_count=5247 1069 762 4178 903 3275 2246 1029 758 624 1488 1196 878 625
is_linear=0
shrinkage=0.05


Tree=201
num_leaves=13
num_cat=0
split_feature=32 31 6 59 53 23 54 50 31 50 21 6
split_gain=20.201 23.0951 50.5504 31.5279 45.8944 43.0688 30.3475 37.6306 44.181 29.6215 26.6941 30.022
threshold=38.121323529411775 0.66125000000000012 4.3884979447350529 0.75000000000000011 1.6306818181818186 6.2116844007227474 25.845238095238098 19.052500000000002 0.97387500000000016 15.873875000000002 3.9931506849315075 6.7271431068259764
decision_type=10 8 10 2 8 10 10 10 8 10 8 10
left_child=1 2 -1 6 -5 -6 7 8 -3 -10 -7 -12
right_child=-2 3 -4 4 5 10 -8 -9 9 -11 11 -13
leaf_value=-0.0028726055919932824 0.021940212312005204 0.0054924843335623919 0.039289153669426202 0.031666733039300309 0.017170847343770956 -0.024371771533914521 -0.025922796374019633 0.019051766334565561 -0.007782000621378256 -0.044394658587429553 -0.016766460157431447 0.020042433173252924
leaf_weight=188.97003515064716 114.16002095490694 215.52365978062153 112.85057969391346 133.06801538169384 219.7207104191184 182.63783974945545 200.261274702847 140.52629233151674 110.14754880964756 110.87974359095097 110.95376987010241 108.6580305993557
leaf_count=494 417 525 275 372 511 520 535 402 288 317 300 301
internal_value=0.00162677 0.000351198 0.0129693 -0.00214094 0.00513284 -0.000585698 -0.00920357 -0.00336674 -0.0106103 -0.0262662 -0.0103034 0.00145389
internal_weight=1948.36 1834.2 301.821 1532.38 755.038 621.97 777.339 577.077 436.551 221.027 402.25 219.612
internal_count=5257 4840 769 4071 2004 1632 2067 1532 1130 605 1121 601
is_linear=0
shrinkage=0.05


Tree=202
num_leaves=14
num_cat=0
split_feature=52 76 27 80 62 26 6 2 56 79 21 58 21
split_gain=32.3855 46.0279 42.8297 30.8863 69.7717 35.4806 38.0514 38.7572 37.3217 51.1101 33.7589 41.554 47.1206
threshold=291.0384615384616 1.1180717447734396 16.158909090909095 20.28130521093458 25.875000000000004 16.500000000000004 5.2171440334201948 3.5000000000000004 4.3715833071039247 2.4434417940646687 4.6691542288557226 23.514705882352946 1.4472222222222224
decision_type=8 8 8 2 2 2 10 2 2 10 10 2 10
left_child=3 -2 -3 4 5 6 10 8 9 -8 11 12 -1
right_child=1 2 -4 -5 -6 -7 7 -9 -10 -11 -12 -13 -14
leaf_value=-0.0097250408964627919 0.042109293889532218 0.023543644494021174 -0.02293308912119809 -0.021472191039805539 0.027835339104579467 -0.026830482313091965 0.024752538881587863 -0.014752718254273586 0.03476621721315213 -0.023541558760394349 -0.034050302312353113 -0.02401641982529051 0.032285805854717652
leaf_weight=161.60383175313473 98.114336833357811 98.142562553286552 98.135100618004799 210.73055858910084 181.82982812821865 164.12137892842293 119.7001581043005 137.2879972755909 156.57291463017464 99.32954503595829 122.13982585072517 166.9022396877408 112.31540308147669
leaf_count=413 258 302 397 552 525 260 418 343 437 264 293 442 311
internal_value=-0.000901245 0.0143346 0.000307704 -0.0036558 -0.00100193 -0.00524966 -0.00193564 0.00790793 0.0162079 0.0028438 -0.0109018 -0.00442545 0.00755549
internal_weight=1926.93 294.392 196.278 1632.53 1421.8 1239.97 1075.85 512.891 375.603 219.03 562.961 440.821 273.919
internal_count=5215 957 699 4258 3706 3181 2921 1462 1119 682 1459 1166 724
is_linear=0
shrinkage=0.05


Tree=203
num_leaves=13
num_cat=0
split_feature=30 7 7 76 41 55 69 15 14 16 80 23
split_gain=34.1245 40.6597 48.4593 42.9268 39.4856 32.559 27.8975 23.2676 46.4439 49.6904 67.5073 28.267
threshold=0.19451666823822641 20.343437500000004 18.684100000000004 1.230969447933332 13.500000000000002 15.743051470588236 1.0000000180025095e-35 0.99497907323179746 0.9603846153846155 29.516666666666669 12.908263430367999 7.0269535549196576
decision_type=10 10 8 8 10 2 2 8 10 10 2 10
left_child=1 2 5 -4 -5 6 -1 8 9 10 -7 -9
right_child=-2 -3 3 4 -6 7 -8 11 -10 -11 -12 -13
leaf_value=0.0044657878700415611 0.018097231662970576 0.026839978362375668 -0.037586439505451263 -0.027004288133704587 0.014569214082432731 -0.0065970983407257593 -0.027128734857568133 -0.02790226617867882 0.032070321878662385 -0.025202181341421728 0.037441980181844574 0.0074615798092801363
leaf_weight=122.72929445654154 246.84117330610752 114.6744674667716 172.72131831943989 104.77370271086693 123.20962322503328 207.04713454842567 160.46108295768499 98.00933214277029 183.04383895546198 120.04654075950384 148.79986024647951 130.89150976389647
leaf_count=304 590 336 387 307 378 560 391 282 513 347 348 450
internal_value=0.000773178 -0.00177178 -0.00387505 -0.0188603 -0.00457111 0.00126435 -0.0134687 0.00597357 0.0107404 0.00248621 0.0118715 -0.00773579
internal_weight=1933.25 1686.41 1571.73 400.705 227.983 1171.03 283.19 887.838 658.937 475.894 355.847 228.901
internal_count=5193 4603 4267 1072 685 3195 695 2500 1768 1255 908 732
is_linear=0
shrinkage=0.05


Tree=204
num_leaves=14
num_cat=0
split_feature=20 60 6 57 48 13 44 56 44 75 53 65 15
split_gain=29.9131 32.4022 41.6124 58.0056 32.3774 48.2893 32.4275 52.9434 34.8503 50.3475 35.6891 32.6518 29.1179
threshold=10.683333333333335 3.7500000000000004 6.445675737209851 215.88235294117649 25.790441176470591 0.11032723798409631 0.56031649993219357 4.1417553506555054 0.59290826442284461 17.095000000000002 2.2792207792207795 4.5000000000000009 0.9852846451331837
decision_type=10 2 10 2 2 8 10 2 10 8 10 10 8
left_child=1 4 3 -3 6 -6 7 -1 10 -10 -8 -11 -9
right_child=-2 2 -4 -5 5 -7 8 12 9 11 -12 -13 -14
leaf_value=0.013890894575423944 0.026319187250808996 0.028589343875278159 -0.03029392931262942 -0.017440622846226852 -0.0033118804657860505 0.039234975680303763 0.0032996110714375612 -0.041578460279820449 -0.028723944464565422 0.023189039803439553 0.040835976557081849 -0.009162489259528641 -0.0090822812379480287
leaf_weight=143.83835209161043 114.30597529560328 111.02310952544212 177.56623400002718 174.93359190970659 124.09020084142685 142.80807162821293 130.3388649597764 122.10669899731874 122.83376105129719 175.3935497328639 122.51523517072201 139.05416509509087 158.33036677539349
leaf_count=382 316 255 495 536 357 351 338 284 260 516 307 505 397
internal_value=0.00161276 6.85219e-05 -0.0113562 0.00046793 0.00390772 0.019515 0.000155687 -0.0107077 0.00684003 -0.00171087 0.0215763 0.00889895 -0.0233291
internal_weight=1959.14 1844.83 463.523 285.957 1381.31 266.898 1114.41 424.275 690.136 437.281 252.854 314.448 280.437
internal_count=5299 4983 1286 791 3697 708 2989 1063 1926 1281 645 1021 681
is_linear=0
shrinkage=0.05


Tree=205
num_leaves=14
num_cat=0
split_feature=52 52 75 69 61 41 30 70 19 36 61 52 69
split_gain=27.1936 56.0409 54.412 41.9403 39.9552 42.5027 39.9489 48.302 58.8902 37.7217 35.0949 29.781 26.6707
threshold=202.80909090909094 220.19375000000002 19.465000000000003 0.023699764573345872 49.750000000000007 1.5000000000000002 0.11178007380073754 0.0030032467532467538 4.0871212121212128 0.47441202766074303 44.250000000000007 254.458041958042 0.017298264587195172
decision_type=10 10 8 2 2 8 8 2 8 10 2 10 2
left_child=2 3 -1 -2 5 -3 10 8 -8 -4 -7 -12 -6
right_child=1 4 9 -5 12 6 7 -9 -10 -11 11 -13 -14
leaf_value=0.027619944291420031 -0.044636943444796552 -0.018886577553905007 0.015199807598348093 -0.0059633640362730242 -0.038215910192750439 -0.021164969856994179 0.010391473074260013 -0.0039122798073208424 0.054317201885393331 -0.022643951614087329 0.02955487570511612 -0.0090879697979407634 -0.00095066532747622708
leaf_weight=215.57929623126984 135.39271206408739 166.03914132714272 116.02604109793901 144.97852719575167 101.39161641150713 160.01042414456606 173.17735185474157 160.54529619961977 136.2552203387022 149.70783570408821 98.653671212494373 99.061772286891937 90.506718017160892
leaf_count=378 308 487 263 317 324 475 513 463 359 434 253 365 313
internal_value=-0.00128521 -0.00467077 0.00901501 -0.0247313 8.98353e-05 0.00412829 0.00876234 0.0183305 0.0298463 -0.00612538 -0.00382433 0.0102453 -0.0207362
internal_weight=1947.33 1466.01 481.313 280.371 1185.64 993.743 827.704 469.978 309.433 265.734 357.726 197.715 191.898
internal_count=5252 4177 1075 625 3552 2915 2428 1335 872 697 1093 618 637
is_linear=0
shrinkage=0.05


Tree=206
num_leaves=14
num_cat=0
split_feature=6 9 9 7 7 52 79 79 30 15 45 25 48
split_gain=23.1643 47.5518 38.3284 46.9934 42.3086 35.8006 32.9427 72.1007 39.2397 33.1894 31.6749 29.3107 26.998
threshold=5.3046971955012054 17.945333333333338 20.302166666666668 19.061839285714289 17.951535714285715 223.71794871794876 2.004643255124845 1.7741332096623921 0.11215674688889686 0.94434959317141043 24.912878787878793 -0.015000000000000005 21.705882352941181
decision_type=8 10 10 10 10 10 10 10 10 10 8 10 2
left_child=1 5 3 4 6 -1 7 9 10 -2 11 -8 -7
right_child=2 -3 -4 -5 -6 12 8 -9 -10 -11 -12 -13 -14
leaf_value=-0.021605429275656656 0.014593680839497811 -0.035696876715923108 0.022125764684190277 -0.0310021552663871 0.028568092252130597 -0.0077926133865874325 -0.017445430026703249 0.052312883914524204 0.010335746991337588 -0.031783729418877998 -0.031936741214963198 0.011937543241355743 0.026313814440328709
leaf_weight=128.36244758963585 90.110672354698181 129.57008478045464 215.49601253122091 114.8120057657361 135.26505130529404 103.84648011624813 206.72971107065678 83.141634166240692 242.01526945829391 65.94045701622963 166.155148640275 142.60662299394608 129.45964225381613
leaf_count=292 479 357 581 312 382 294 457 149 514 376 387 314 403
internal_value=-0.00045025 -0.00983265 0.00270626 -0.0006653 0.00243633 -0.000493752 -0.00113517 0.0150034 -0.0062442 -0.005081 -0.0140332 -0.00545083 0.0111643
internal_weight=1953.51 491.239 1462.27 1246.78 1131.96 361.669 996.7 239.193 757.507 156.051 515.491 349.336 233.306
internal_count=5297 1346 3951 3370 3058 989 2676 1004 1672 855 1158 771 697
is_linear=0
shrinkage=0.05


Tree=207
num_leaves=14
num_cat=0
split_feature=66 76 64 52 76 32 31 51 6 41 23 76 45
split_gain=30.3981 26.5258 72.4783 66.7049 44.1994 44.6344 32.7228 37.7505 27.8099 23.0119 41.4096 41.7185 25.4148
threshold=4.5000000000000009 1.134824343640102 50.500000000000007 234.51666666666668 1.2727326085133739 32.535714285714292 0.96262443438914047 3.9455684852737662 6.7271431068259764 91.500000000000014 6.0027472527472536 1.8588316527010533 21.345238095238098
decision_type=2 8 10 10 8 10 10 8 8 8 8 8 10
left_child=-1 2 3 -2 5 -3 9 -8 -9 10 -6 -12 -11
right_child=1 4 -4 -5 6 -7 7 8 -10 12 11 -13 -14
leaf_value=0.025905774052922804 0.030459913349345225 0.0034637749642112818 -0.028207436114599457 -0.015188323142223717 0.03706379934994438 0.042516331151129294 0.012410712338357614 -0.050936555555476361 -0.010540897998033608 -0.020991241344501307 -0.020870840691341652 0.018997533450308957 0.0076944739476282444
leaf_weight=119.99801821261644 156.25153622031212 163.1306069791317 262.05621734261513 162.07218603789806 118.36941623687744 131.95889280736446 76.404101997613907 80.372643187642097 90.830897457897663 143.85317113995552 115.53262431919575 149.18510059267282 164.53942995518446
leaf_count=322 321 345 582 433 270 324 311 311 345 390 270 522 478
internal_value=0.00164042 2.23485e-05 -0.00878439 0.00724367 0.00416753 0.021012 -0.00114223 -0.0167017 -0.0296906 0.00444546 0.0126151 0.00158444 -0.0057109
internal_weight=1934.55 1814.56 580.38 318.324 1234.18 295.089 939.087 247.608 171.204 691.48 383.087 264.718 308.393
internal_count=5224 4902 1336 754 3566 669 2897 967 656 1930 1062 792 868
is_linear=0
shrinkage=0.05


Tree=208
num_leaves=14
num_cat=0
split_feature=52 47 52 46 61 45 58 73 23 31 69 19 27
split_gain=25.7772 40.8807 24.0744 22.7224 44.1189 45.4601 34.9498 26.4695 37.8688 53.6822 36.1296 21.7056 19.1408
threshold=203.67708333333334 0.5706781420212913 211.44097222222226 62.514705882352949 48.250000000000007 19.408333333333335 22.909926470588239 11.500000000000002 6.6003731343283585 0.97468627450980405 0.095408736281636 2.759615384615385 15.008750000000003
decision_type=8 2 8 2 2 8 2 2 10 8 2 10 10
left_child=1 -1 -2 4 5 -4 -7 8 12 -10 11 -9 -5
right_child=2 -3 3 7 -6 6 -8 10 9 -11 -12 -13 -14
leaf_value=-0.0050337841263795556 -0.024163829344118131 0.02882147374061024 -0.0078257998442452948 -0.0017645887766856922 -0.020022200886093029 0.0094279511716740989 0.042633413879176664 -0.015280822020453711 -0.006957140984994655 0.036973472362605141 0.0055645160046603054 -0.047725140797604135 -0.030579116163510861
leaf_weight=179.93465077877045 124.8317786604166 175.27260456234217 177.36233115196228 128.68698801100254 130.61848784983158 186.75837554037571 137.62761290371418 114.18756830692291 156.05887074768543 124.05764637887478 106.00643735378981 95.172474071383476 103.57543566823006
leaf_count=348 262 419 441 378 371 426 332 399 487 450 339 300 300
internal_value=-0.000449116 0.0117057 -0.00317883 -0.00136942 0.00576163 0.0125003 0.0236038 -0.00681766 0.000203487 0.0125611 -0.0181896 -0.0301864 -0.0146902
internal_weight=1940.15 355.207 1584.94 1460.11 632.367 501.748 324.386 827.745 512.379 280.117 315.366 209.36 232.262
internal_count=5252 767 4485 4223 1570 1199 758 2653 1615 937 1038 699 678
is_linear=0
shrinkage=0.05


Tree=209
num_leaves=13
num_cat=0
split_feature=50 50 50 57 31 33 13 21 66 0 28 44
split_gain=24.6816 34.6092 44.626 24.9431 66.6466 41.232 37.9257 48.2579 32.8268 30.9769 35.2798 18.7018
threshold=12.542500000000002 14.013809523809526 15.533500000000002 231.30330882352942 0.91766666666666674 6.4270833333333348 0.153891638889843 5.0944741532976829 7.5000000000000009 2.5000000000000004 15.32959742647059 0.52247920997921005
decision_type=8 8 8 2 8 8 10 10 2 2 10 10
left_child=-1 -2 -3 4 -4 -6 7 8 9 11 -11 -5
right_child=1 2 3 6 5 -7 -8 -9 -10 10 -12 -13
leaf_value=0.017346183038727238 -0.028301297500329864 0.0178963891901366 -0.039781449161072256 0.0065812406026983187 0.017197711962310413 -0.016730715857078145 0.017788384018087116 -0.037426572075124551 -0.024716619357005438 0.037300992278394673 -6.0076122726221859e-06 -0.02306579226519595
leaf_weight=146.11779969185591 134.03128351271152 240.55800480395555 168.67143228650093 102.50785902887583 159.07199116796255 202.25691039115191 218.93544314801693 103.09954040497541 111.21519780158997 116.23849362879992 137.91817536205053 108.79765605181456
leaf_count=369 341 587 370 272 391 526 590 300 340 353 485 333
internal_value=-0.00234852 -0.00395307 -0.0019823 -0.00533953 -0.0139313 -0.00178777 -0.000262812 -0.00609414 -0.000437377 0.00540433 0.0171357 -0.00872026
internal_weight=1949.42 1803.3 1669.27 1428.71 530 361.329 898.712 679.777 576.677 465.462 254.157 211.306
internal_count=5257 4888 4547 3960 1287 917 2673 2083 1783 1443 838 605
is_linear=0
shrinkage=0.05


Tree=210
num_leaves=12
num_cat=0
split_feature=57 12 15 76 57 5 46 33 58 57 16
split_gain=21.2639 52.4008 47.6379 28.1123 37.1993 47.7929 47.8492 34.7171 71.7461 44.9675 29.2819
threshold=224.70588235294119 0.13862243184127862 0.97267194574498939 1.5963708980836084 234.64705882352942 13.436666666666667 62.667279411764717 7.3933823529411775 25.696691176470591 264.56250000000006 31.966666666666672
decision_type=2 10 8 10 2 8 2 8 2 2 10
left_child=1 2 -1 4 -2 6 -6 9 -9 10 -7
right_child=3 -3 -4 -5 5 7 -8 8 -10 -11 -12
leaf_value=-0.0022491692437769969 -0.020383355935292453 -0.015461319217022304 0.03109831319537645 -0.026834184984586576 0.043368398709901529 -0.016488226681560914 0.00057928058777505513 -0.011885868345512597 0.041378265792208442 -0.034443976246415896 0.016628214480293693
leaf_weight=199.32415675371885 240.43200898915529 196.46611572802067 230.13207644224167 134.969158872962 116.96730088442564 144.47199364751577 146.50185676664114 160.7330716624856 102.87288463115692 165.04080937057734 122.35452666133642
leaf_count=450 574 426 574 318 315 357 492 515 292 574 384
internal_value=-0.00172079 0.00587659 0.0156514 -0.00528635 -0.00284117 0.00157377 0.0196677 -0.00529923 0.00897841 -0.0140147 -0.00129714
internal_weight=1960.27 625.922 429.456 1334.34 1199.37 958.942 263.469 695.473 263.606 431.867 266.827
internal_count=5271 1450 1024 3821 3503 2929 807 2122 807 1315 741
is_linear=0
shrinkage=0.05


Tree=211
num_leaves=13
num_cat=0
split_feature=76 52 8 69 50 58 23 58 54 30 57 65
split_gain=22.3026 43.6454 53.0991 39.0336 37.009 37.4856 51.3374 50.7449 49.522 34.2494 33.5036 21.7336
threshold=1.0876675873904453 211.44097222222226 18.796027813529815 0.11981020207825636 20.482500000000005 21.60661764705883 6.883795948987248 23.545955882352946 27.118055555555561 0.15227293484053847 254.40625000000003 4.5000000000000009
decision_type=10 10 8 2 10 2 8 2 8 8 2 10
left_child=4 -2 3 10 5 6 -1 -7 11 -8 -3 -9
right_child=1 2 -4 -5 -6 7 9 8 -10 -11 -12 -13
leaf_value=0.044627817828382155 -0.020266868019988352 0.032271507489196598 -0.023026712139092614 -0.010143604985665968 0.029331144314053273 -0.031294821279233366 -0.010501847282517816 0.0038689418059868804 0.030184091186227686 0.024724003225505248 -0.00027560385366157835 -0.027284969580950325
leaf_weight=100.86578240245581 289.272395581007 215.67669859528542 148.11198002099991 150.19411413371563 150.36321296542883 145.51458866149187 175.16666850447655 127.20165693759918 116.57038629800081 112.45866115391254 124.47540871798992 98.686999626457691
leaf_count=324 580 482 372 369 489 416 547 380 334 295 337 372
internal_value=0.00142579 -0.00419091 0.00311309 0.0110396 0.00649957 0.0025537 0.0141239 -0.00666773 0.00385724 0.00330905 0.0203953 -0.00980195
internal_weight=1954.56 927.731 638.458 490.346 1026.83 876.465 388.491 487.974 342.459 287.625 340.152 225.889
internal_count=5297 2140 1560 1188 3157 2668 1166 1502 1086 842 819 752
is_linear=0
shrinkage=0.05


Tree=212
num_leaves=13
num_cat=0
split_feature=8 5 5 15 43 19 28 54 54 50 75 80
split_gain=37.4447 32.1635 65.7415 32.3692 22.6368 65.7991 31.8035 32.5166 38.9194 39.887 41.5444 30.9696
threshold=21.711949388530808 20.83666666666667 19.276666666666671 0.99293331186452527 59.320512820512825 2.1055555555555561 18.149147058823534 18.839743589743595 21.839743589743595 17.13309523809524 19.885000000000002 14.435167580391342
decision_type=10 10 10 10 8 10 10 8 8 10 8 2
left_child=1 2 4 -3 5 -1 7 -6 -9 11 -11 -10
right_child=-2 3 -4 -5 6 -7 -8 8 9 10 -12 -13
leaf_value=0.0098498924331124633 0.026711773925681179 -0.0027105219320703185 0.036838030345137426 -0.038533457369078039 0.014300871259101953 -0.036536243690575169 0.019707195851532074 -0.028265040096435129 -0.028655921677272784 0.034408477039982295 -0.0046795940858714276 0.0031538925474297146
leaf_weight=145.87539028376341 119.45665304362774 143.32558335363865 114.97170867025852 111.83177069574594 216.86296416074038 158.86136598140001 187.68568702787161 174.39657141268253 162.56584122031927 119.74420361220837 155.07683222740889 143.43596769124269
leaf_count=318 334 370 319 333 590 336 584 483 406 292 539 363
internal_value=-0.000293636 -0.00206561 0.000599377 -0.0185003 -0.00226875 -0.0143719 0.000921078 -0.00272259 -0.00762337 -0.00138762 0.0124147 -0.0137836
internal_weight=1954.09 1834.63 1579.48 255.157 1464.5 304.737 1159.77 972.082 755.219 580.823 274.821 306.002
internal_count=5267 4933 4230 703 3911 654 3257 2673 2083 1600 831 769
is_linear=0
shrinkage=0.05


Tree=213
num_leaves=14
num_cat=0
split_feature=24 25 30 64 44 30 21 30 44 6 76 41 57
split_gain=23.1987 38.9757 41.8533 39.5804 50.5731 30.039 26.7602 24.1965 20.7597 32.533 66.1278 25.1468 25.6989
threshold=3.1130833333333343 0.023038461538461567 0.11178007380073754 68.500000000000014 0.59435856634083517 0.12620851888341281 5.5039682539682548 0.097768025771800229 0.58215019850466543 6.3644391122847113 0.96131300994183622 83.000000000000014 255.9650735294118
decision_type=10 10 10 10 10 8 8 10 10 8 10 10 2
left_child=1 2 7 4 6 -2 -4 8 9 -1 -11 12 -10
right_child=5 -3 3 -5 -6 -7 -8 -9 11 10 -12 -13 -14
leaf_value=0.023547717690594855 0.034064227663857527 -0.021619294480441517 0.0053339256615476081 0.03277766647903247 0.030628476522105583 -0.002481537161814761 -0.023302366406384448 -0.027386449474205571 -0.031978231955898134 0.018914089401388823 -0.029932355600516644 0.0090549789714793397 0.0011335251344534003
leaf_weight=149.83568336814642 109.49564918130636 212.15300937741995 199.34460801631212 157.25244685262442 126.39932958036661 114.22919942438602 136.76411987841129 111.50537538528442 160.62505818158388 138.73601977527142 136.48165856301785 104.99964454770088 91.824420273303986
leaf_count=421 298 550 464 375 376 319 298 316 479 396 286 333 346
internal_value=0.000365251 -0.00160142 0.00121648 0.0111921 0.00379808 0.0154767 -0.00635287 -0.00570375 -0.00258298 0.00488123 -0.00532975 -0.0114478 -0.0199774
internal_weight=1949.65 1725.92 1513.77 619.761 462.508 223.725 336.109 894.008 782.502 425.053 275.218 357.449 252.449
internal_count=5257 4640 4090 1513 1138 617 762 2577 2261 1103 682 1158 825
is_linear=0
shrinkage=0.05


Tree=214
num_leaves=14
num_cat=0
split_feature=6 48 56 45 44 25 56 30 44 44 76 36 43
split_gain=22.8801 29.7754 48.0911 38.5373 44.2372 30.9925 28.7656 39.5913 67.768 35.7117 31.9723 25.6976 22.6887
threshold=9.2846554592489703 23.726102941176475 4.5827540238965154 26.516666666666669 0.56886500501840087 0.37266666666666676 4.1923871434884239 0.099329332595723865 0.59290826442284461 0.56088350055741365 1.146329547600984 0.48231147889538079 60.866071428571438
decision_type=10 2 2 10 8 8 2 10 8 10 8 8 10
left_child=1 6 3 4 -3 -6 7 8 -1 12 -11 -12 -8
right_child=-2 2 -4 -5 5 -7 9 -9 -10 10 11 -13 -14
leaf_value=0.042417673997289948 -0.016197534747519809 0.036946390281221445 0.033772319952106937 -0.018408738339797517 0.018446657256320494 -0.019530740808066934 -0.038814759163789563 -0.009040900704685927 -0.0093642444729567474 -0.019754201188176473 -0.0041749565146361632 0.028117009421461794 -0.0094949102684188155
leaf_weight=142.8156653791666 193.14016834646463 114.69414842873812 163.66771940886974 150.74754577875137 101.61344213038683 111.75464369356632 129.90131501108408 224.66502866894007 112.15541154891253 133.02664224803448 134.65949392318726 112.22461452335119 134.78115789592266
leaf_count=394 538 275 434 437 365 327 279 553 337 297 353 338 337
internal_value=9.6005e-05 0.00188541 0.0104633 0.002442 0.0120499 -0.00144288 -0.00302166 0.00624276 0.0196925 -0.00991423 -7.98722e-05 0.010558 -0.0239765
internal_weight=1959.85 1766.71 642.477 478.81 328.062 213.368 1124.23 479.636 254.971 644.593 379.911 246.884 264.682
internal_count=5264 4726 1838 1404 967 692 2888 1284 731 1604 988 691 616
is_linear=0
shrinkage=0.05


Tree=215
num_leaves=13
num_cat=0
split_feature=58 44 79 30 79 55 8 20 64 6 61 15
split_gain=24.003 28.1344 27.9193 25.4425 52.0524 44.6867 64.4333 34.383 37.0768 38.3012 29.6183 26.0032
threshold=29.213235294117649 0.4958367997781476 3.7379769557919373 0.099329332595723865 2.7400562281222975 18.900625000000005 18.213087452934221 3.3484848484848491 53.500000000000007 6.3941180874998045 44.250000000000007 0.25011894445812183
decision_type=2 8 10 10 10 2 10 8 8 8 2 10
left_child=1 -1 3 7 5 6 -5 11 -9 -10 -11 -3
right_child=-2 2 -4 4 -6 -7 -8 8 9 10 -12 -13
leaf_value=-0.022770760195578998 0.019061444012260485 0.012895307567564965 -0.0236371163675753 -0.0054522708108253309 0.016503762716108275 0.013410219059330859 -0.047065275083928118 0.040254068794065546 0.03193952871187003 -0.020529436780996821 0.011685099587512049 -0.016964467474978113
leaf_weight=157.63573180139065 135.79796978831291 113.93401473015547 121.86054241657257 226.99128729850054 185.56315778195858 110.71688050031662 156.97456916421652 111.87709572166204 116.41559243202209 122.28606206923723 168.3920171558857 198.72374498844147
leaf_count=358 372 296 334 568 486 292 429 352 382 324 502 532
internal_value=-0.00112727 -0.00266749 -0.000715028 0.00114695 -0.00601992 -0.0144852 -0.0225427 0.00700941 0.0148899 0.00783783 -0.00189123 -0.006077
internal_weight=1927.17 1791.37 1633.73 1511.87 680.246 494.683 383.966 831.629 518.971 407.094 290.678 312.658
internal_count=5227 4855 4497 4163 1775 1289 997 2388 1560 1208 826 828
is_linear=0
shrinkage=0.05


Tree=216
num_leaves=12
num_cat=0
split_feature=80 0 80 75 80 25 15 44 6 28 15
split_gain=25.8408 38.6548 84.2439 51.1234 49.6702 59.8917 50.0272 37.9253 34.1948 31.8974 29.3909
threshold=18.105559548155259 2.5000000000000004 16.986332663202742 15.955000000000002 15.337170363036225 0.49666666666666676 0.95361768710953598 0.57973179824079579 4.5562279543454123 16.78259375 0.99233214457465979
decision_type=2 2 2 10 2 8 10 8 10 8 10
left_child=1 3 4 7 5 6 -3 -1 -2 -10 -11
right_child=8 2 -4 -5 -6 -7 -8 -9 9 10 -12
leaf_value=0.022175582675240304 0.011822691631793288 -0.015864720482652844 0.046249353441438587 -0.025279948689067178 -0.017163150049949914 0.043082247323650652 0.02052748329622783 -0.0096065826017996628 -0.040284642779028407 0.0048407323896814906 -0.028439448076555709
leaf_weight=169.92893775552511 133.45908950269222 190.63825709372759 133.84047475457191 226.23882019519806 210.71971095353365 115.72646454721689 185.19028968364 207.30035967379808 108.75548811256886 166.69695687294006 108.93600508570671
leaf_count=408 408 504 403 473 593 283 516 589 303 429 381
internal_value=-0.000351634 0.0030945 0.0100501 -0.00654326 0.00309522 0.0117968 0.0020745 0.00473098 -0.00991917 -0.017479 -0.00836756
internal_weight=1957.43 1439.58 836.115 603.468 702.275 491.555 375.829 377.229 517.848 384.388 275.633
internal_count=5290 3769 2299 1470 1896 1303 1020 997 1521 1113 810
is_linear=0
shrinkage=0.05


Tree=217
num_leaves=13
num_cat=0
split_feature=51 52 27 60 44 25 50 21 58 43 70 57
split_gain=42.9839 30.5754 35.6509 33.5708 39.5292 34.944 46.9679 46.6652 45.7687 43.6774 38.7858 20.0351
threshold=4.9794332240668302 294.60000000000008 21.126517857142861 7.2500000000000009 0.50369460369460384 -0.015000000000000005 14.940833333333336 4.9350172036284023 23.031250000000004 61.516666666666673 0.024996907854050714 237.34375000000003
decision_type=10 10 10 2 8 10 8 8 2 8 2 2
left_child=1 2 3 4 -1 6 -6 8 -7 -8 11 -11
right_child=-2 -3 -4 -5 5 7 9 -9 -10 10 -12 -13
leaf_value=-0.033311060361540253 0.018818573536947363 0.020235052882521427 -0.026762986750944014 0.018495970086070679 0.015389026779605734 0.012218185358911225 -0.038033839338314925 0.032515078077810983 -0.025692612907493147 -0.033150610543614893 0.017164646639243938 -0.0041688177943620024
leaf_weight=116.61454763263464 240.0037220492959 122.35978196561337 175.95235737413168 160.6297448053956 139.6884513348341 205.71371909230947 168.45631413161755 133.1327346265316 128.4905354231596 116.70335745066404 111.47626171261072 121.53657621145248
leaf_count=276 579 490 458 444 348 542 370 382 392 279 276 409
internal_value=-0.000944876 -0.00374324 -0.00561371 -0.00294311 -0.00572893 -0.0028433 -0.0102634 0.00760148 -0.00239043 -0.0171951 -0.00707739 -0.018445
internal_weight=1940.76 1700.75 1578.39 1402.44 1241.81 1125.2 657.861 467.337 334.204 518.173 349.716 238.24
internal_count=5245 4666 4176 3718 3274 2998 1682 1316 934 1334 964 688
is_linear=0
shrinkage=0.05


Tree=218
num_leaves=13
num_cat=0
split_feature=45 58 6 50 52 58 43 56 31 56 33 64
split_gain=23.2175 37.8017 34.7507 26.708 41.0867 53.8524 42.3303 38.8114 74.6953 35.3095 50.48 38.7987
threshold=17.851648351648354 16.562500000000004 9.0877648467155101 21.111547619047624 218.31666666666669 21.60661764705883 59.88194444444445 4.4298245614035094 0.98181985294117669 4.2891495860817228 5.1937500000000005 79.500000000000014
decision_type=8 2 8 10 8 2 8 2 8 2 10 8
left_child=2 -2 -1 4 5 -3 -6 9 -9 10 -8 -12
right_child=1 3 -4 -5 6 -7 7 8 -10 -11 11 -13
leaf_value=0.00033843444300051613 0.025826588682943092 -0.0052682839860726683 0.034504052802075809 0.013727509525777063 0.023409639041328801 -0.043621236319524845 0.011291064742835479 0.02710378711836825 -0.022149154525023116 -0.040072467142383272 -0.048834978626969026 -0.0030062325568095526
leaf_weight=209.1027562841773 111.34741585701704 230.71627198904753 114.57300352305174 180.89989947527647 147.5817976295948 151.0637975409627 181.7421562820673 194.5995624139905 126.00007472187281 105.87346492707729 90.822425052523613 93.197220392525196
leaf_count=546 275 510 310 541 332 342 571 511 372 326 342 264
internal_value=0.000301057 -0.00215206 0.0125012 -0.00424131 -0.00670939 -0.0205182 -0.00108402 -0.00567059 0.00773802 -0.0147823 -0.00737255 -0.0257666
internal_weight=1937.52 1613.84 323.676 1502.5 1321.6 381.78 939.817 792.235 320.6 471.635 365.762 184.02
internal_count=5242 4386 856 4111 3570 852 2718 2386 883 1503 1177 606
is_linear=0
shrinkage=0.05


Tree=219
num_leaves=14
num_cat=0
split_feature=8 15 16 26 54 30 44 65 53 43 41 70 79
split_gain=24.9261 43.5647 49.013 29.3562 28.4775 26.0661 37.8368 36.41 50.955 31.1137 27.4483 29.3846 23.4791
threshold=3.3920000000000008 0.75801303862105707 25.041666666666668 16.500000000000004 16.292857142857148 0.18815415384305098 0.53153679380314911 6.5000000000000009 1.7735042735042736 60.480769230769234 41.000000000000007 0.0079470338091027753 2.4434417940646687
decision_type=8 8 8 2 8 10 8 10 10 8 10 2 10
left_child=-1 -2 -3 4 -4 6 -6 9 -9 -8 11 -11 -10
right_child=1 2 3 -5 5 -7 7 8 12 10 -12 -13 -14
leaf_value=0.018709660941238462 -0.025067697231358495 0.032054606500733503 0.023652382659400142 -0.016689221406857701 0.027283112726152914 -0.019532495405602882 0.030807041101702744 0.014115468814083557 -0.013728872714752852 -0.020393637705654069 0.019363437820593729 0.014080670350832198 -0.048315907403939325
leaf_weight=159.22463659197092 180.85687732696533 115.03350917249918 129.77629725635052 266.36415162682533 128.31020724028349 161.19694586843252 101.96542514115572 95.144108019769192 104.20472890138626 182.93765470385551 124.60695698112249 92.244000777602196 93.668335273861885
leaf_count=408 475 255 358 428 372 459 277 316 388 590 379 283 259
internal_value=-0.000178576 -0.00188125 0.000761167 -0.00169043 0.00161133 -0.0010461 0.0021998 -0.00187892 -0.0158535 0.00629736 -1.50637e-05 -0.00882832 -0.0302622
internal_weight=1935.53 1776.31 1595.45 1480.42 1214.05 1084.28 923.081 794.771 293.017 501.754 399.789 275.182 197.873
internal_count=5247 4839 4364 4109 3681 3323 2864 2492 963 1529 1252 873 647
is_linear=0
shrinkage=0.05


Tree=220
num_leaves=14
num_cat=0
split_feature=29 30 36 36 58 8 51 58 9 43 79 44 76
split_gain=25.8428 29.4578 32.0505 45.927 42.0241 60.9775 36.4025 35.8204 32.9027 26.8738 26.702 22.587 18.4273
threshold=0.001411804559222063 0.061035083846826384 0.90131776325714597 0.83096626708135723 27.735294117647062 16.416940128931149 4.5201156069364172 21.79411764705883 12.0055 63.806250000000006 2.3565519800895314 0.58160770650943971 1.090957772608439
decision_type=10 8 10 8 2 10 10 2 10 10 8 8 10
left_child=1 9 3 4 5 8 12 -4 10 -1 -3 -2 -7
right_child=11 2 7 -5 -6 6 -8 -9 -10 -11 -12 -13 -14
leaf_value=0.0003904888921894093 -0.029148190251253273 -0.014907535347863141 0.011038711066037611 0.038871594896935896 0.030970737342303351 -0.010600596047010039 0.0092545828114164071 -0.026236760506457475 0.027186538880406591 -0.030008072185213681 0.014176793525145205 0.0015266142393489301 -0.039166987529316064
leaf_weight=197.22507777065039 123.95532816648483 132.68615952134132 115.18658355623484 120.07288094609976 146.94319249689579 106.97999422997236 108.26236975193024 144.07854064553976 223.21578666567802 114.13220638036728 191.65969000756741 115.28317093104124 120.94653527438641
leaf_count=521 361 286 329 298 357 376 279 405 566 363 519 312 289
internal_value=0.000941277 0.00308359 0.00615764 0.00973502 0.0063063 0.00217492 -0.0145608 -0.00969719 0.0124581 -0.0108129 0.00226948 -0.0144219 -0.0258639
internal_weight=1960.63 1721.39 1410.03 1150.77 1030.69 883.751 336.189 259.265 547.562 311.357 324.346 239.238 227.927
internal_count=5261 4588 3704 2970 2672 2315 944 734 1371 884 805 673 665
is_linear=0
shrinkage=0.05


Tree=221
num_leaves=14
num_cat=0
split_feature=33 8 76 52 61 43 64 64 64 56 31 76 47
split_gain=23.3513 52.3144 51.9265 26.0485 31.604 55.6081 37.199 42.3672 36.1753 44.5241 31.6903 38.8709 29.3041
threshold=7.3431372549019613 19.55163071582199 1.1996309680847295 291.0384615384616 41.250000000000007 60.809090909090919 52.500000000000007 41.500000000000007 73.500000000000014 4.6148897058823541 0.97405882352941175 0.96131300994183622 0.57839617555479783
decision_type=10 10 8 10 2 10 8 10 10 2 8 10 2
left_child=3 2 -2 4 5 -1 7 -6 9 10 11 -8 -12
right_child=1 -3 -4 -5 6 -7 8 -9 -10 -11 12 -13 -14
leaf_value=-0.015819668051590036 0.042192938274792535 -0.01567856533140842 -0.0017384175762859895 0.019139048777293895 -0.011587169002055598 0.02553721278215397 0.00085727338518461855 0.032797401654965731 0.0085472531827624557 -0.038714065562935995 0.021291555534413691 -0.034888627464496474 -0.01445750271091417
leaf_weight=134.34019287675619 155.78462567925453 124.1103800162673 117.66986292600632 127.93305083364248 108.37577576935291 202.78433705121279 126.63961626589298 104.95585519820452 160.37118229269981 185.66215279698372 116.38785142451525 189.21167729794979 111.07819936424494
leaf_count=303 350 340 365 489 304 538 392 327 434 421 278 386 354
internal_value=0.000351322 0.0111584 0.0233514 -0.00239463 -0.00431994 0.00905893 -0.00841479 0.0103005 -0.0129106 -0.0176365 -0.0103759 -0.0205989 0.00384739
internal_weight=1965.3 397.565 273.454 1567.74 1439.81 337.125 1102.68 213.332 889.351 728.979 543.317 315.851 227.466
internal_count=5281 1055 715 4226 3737 841 2896 631 2265 1831 1410 778 632
is_linear=0
shrinkage=0.05


Tree=222
num_leaves=13
num_cat=0
split_feature=43 52 19 79 24 53 53 51 46 32 4 49
split_gain=30.5779 40.7144 39.3223 37.2885 53.8835 57.4118 45.7758 35.7455 23.3144 39.723 40.6968 39.3661
threshold=59.345238095238102 202.80909090909094 2.2928571428571431 3.6875679723793633 2.4569999999999994 3.0741758241758248 2.577380952380953 4.8734126104443112 60.393382352941181 32.825757575757585 17.07496847225395 5.5000000000000009
decision_type=8 8 10 10 10 10 10 10 2 10 10 2
left_child=2 -2 -1 4 5 6 7 8 -3 11 -11 -10
right_child=1 3 -4 -5 -6 -7 -8 -9 9 10 -12 -13
leaf_value=0.0054227767441049892 0.021880720561890745 0.03080548882078897 -0.026776253076131247 -0.024985844656440562 -0.022634719413586333 -0.01907414366316236 0.037848989825092133 -0.019636177522158516 -0.027426989138057984 0.046968530340451141 0.001137700334156992 0.010588446676868243
leaf_weight=174.23049298673868 257.07304267585278 128.48490144312382 206.29044163972139 131.55965387821198 174.52389696985483 170.28886741399765 147.86880529671907 103.8974906206131 115.72276759892702 96.549208268523216 96.312365472316742 162.58521762490273
leaf_count=388 592 273 437 368 511 502 449 249 326 329 349 510
internal_value=0.000651535 0.00370863 -0.0120576 0.000176529 0.0029624 0.00735264 0.0126543 0.00731284 0.012007 0.00682639 0.0242052 -0.00526029
internal_weight=1965.39 1584.87 380.521 1327.79 1196.23 1021.71 851.421 703.552 599.654 471.17 192.862 278.308
internal_count=5283 4458 825 3866 3498 2987 2485 2036 1787 1514 678 836
is_linear=0
shrinkage=0.05


Tree=223
num_leaves=14
num_cat=0
split_feature=55 2 76 23 61 23 62 12 50 64 58 50 44
split_gain=22.6114 23.2904 43.8636 43.2845 30.9174 52.6112 38.012 57.2011 35.1828 57.3069 40.5369 29.9107 23.6328
threshold=13.946875 1.5000000000000002 1.3044060168627638 6.7802186251839407 40.750000000000007 6.6388086062941563 27.375000000000004 0.075649460188933884 18.655604395604399 66.500000000000014 23.63602941176471 16.888831168831171 0.58546720962602539
decision_type=2 2 8 10 2 8 2 8 10 8 2 10 10
left_child=-1 4 -3 11 -2 -6 7 -7 9 -9 -11 -4 -13
right_child=1 2 3 -5 5 6 -8 8 -10 10 -12 12 -14
leaf_value=0.019679128348874364 0.024678264438958881 -0.035259407493888929 -0.028479002190005501 0.023838679599001066 -0.023142306399568977 -0.020337266403006333 -0.019486674664866172 -0.018551462268276371 0.036449894542610634 0.0054692704352843971 0.042488546847378697 -0.016178850741163941 0.016989318842229647
leaf_weight=131.21612436324358 135.69561667740345 130.6895696669817 146.82064057141542 115.6536662876606 207.00935050100088 131.34371580928564 134.01035185158253 133.00035969913006 154.68960827589035 180.74997913837433 124.56263756006956 103.98261941969395 108.95370858162642
leaf_count=378 329 309 351 341 515 407 407 363 470 450 314 284 332
internal_value=-0.000281332 -0.00174072 -0.00972273 -0.00264346 0.00229203 -0.00057977 0.00488222 0.00941133 0.0160235 0.008748 0.0206619 -0.0111994 0.000792481
internal_weight=1938.38 1807.16 606.1 475.411 1201.06 1065.37 858.357 724.346 593.003 438.313 305.313 359.757 212.936
internal_count=5250 4872 1617 1308 3255 2926 2411 2004 1597 1127 764 967 616
is_linear=0
shrinkage=0.05


Tree=224
num_leaves=12
num_cat=0
split_feature=71 43 55 14 4 43 80 43 52 30 54
split_gain=22.4549 29.4269 35.4386 63.695 26.2336 24.3593 28.7012 42.8906 47.0832 48.0963 30.0555
threshold=0.3048677271044421 55.033333333333339 15.743051470588236 0.98607692307692318 22.610836169677068 59.88194444444445 19.173539607584313 66.105555555555569 233.70000000000002 0.11336219866624279 24.207142857142859
decision_type=2 10 2 8 10 10 2 10 10 8 10
left_child=1 -1 3 -3 5 -4 7 8 9 -7 -10
right_child=-2 2 4 -5 -6 6 -8 -9 10 -11 -12
leaf_value=0.016008694646096246 0.020324729433935252 -0.035939068097898604 -0.016459262304565483 0.0055323448702672721 0.021090672500192281 0.0062784531756529989 -0.018039759370070251 -0.01747933853707196 -0.017938726964881937 0.049511586936676115 0.013625249219573678
leaf_weight=220.65253262966871 130.6136853992939 200.94600586593151 227.31175015121698 170.54057102650404 138.46755211800337 127.53956232219934 147.96756008267403 150.86138069629669 138.90282490849495 129.48914621770382 162.63123694807291
leaf_count=505 321 479 506 447 407 315 445 492 493 299 512
internal_value=0.000382187 -0.0010631 -0.00343388 -0.0169368 0.000677551 -0.00194531 0.00191733 0.00609939 0.0124876 0.0281665 -0.000926052
internal_weight=1945.92 1815.31 1594.66 371.487 1223.17 1084.7 857.392 709.424 558.563 257.029 301.534
internal_count=5221 4900 4395 926 3469 3062 2556 2111 1619 614 1005
is_linear=0
shrinkage=0.05


Tree=225
num_leaves=14
num_cat=0
split_feature=30 55 36 80 4 45 54 56 44 42 45 44 55
split_gain=31.708 28.1863 21.4407 39.9425 36.7333 20.747 27.0707 25.6094 43.3289 47.434 31.9675 26.8071 30.0208
threshold=0.24919841542812535 13.946875 0.90131776325714597 16.582580459038322 21.835396472317708 28.925824175824179 16.472222222222225 4.2018518518518526 0.61211799182043614 7.5000000000000009 24.031250000000004 0.63305426600056935 17.720000000000002
decision_type=10 2 10 2 10 10 8 2 10 2 10 8 2
left_child=1 -1 4 -4 5 6 -3 8 9 -8 11 12 -9
right_child=-2 2 3 -5 -6 -7 7 10 -10 -11 -12 -13 -14
leaf_value=0.024502211593698139 -0.025912811375868417 0.022892343529955974 0.008443376102349848 -0.027917065171658845 0.027028394020125197 -0.021267437844706916 0.03741147887435859 -0.035972236342508644 -0.018999780565089417 -0.0015530280907443442 0.014667542796855022 0.004624795363537485 -0.0066251673949954751
leaf_weight=115.53662770986557 118.14186764508486 126.23328489810228 128.71025988459587 180.5300597473979 129.08560615032911 112.51048421859741 151.29605853557587 172.5313074067235 109.54544145613909 160.18290192633867 122.63131477683783 140.4586691185832 176.16152100265026
leaf_count=342 261 322 336 547 362 294 399 411 374 451 338 371 450
internal_value=-0.00092123 0.000709543 -0.000911513 -0.0128049 0.00172164 -0.000866683 0.00113029 -0.00154912 0.00793073 0.0174325 -0.00807537 -0.0137954 -0.0212073
internal_weight=1943.56 1825.41 1709.88 309.24 1400.64 1271.55 1159.04 1032.81 421.024 311.479 611.783 489.151 348.693
internal_count=5258 4997 4655 883 3772 3410 3116 2794 1224 850 1570 1232 861
is_linear=0
shrinkage=0.05


Tree=226
num_leaves=13
num_cat=0
split_feature=44 44 50 64 24 55 56 64 20 61 13 33
split_gain=28.5146 28.5503 29.4132 43.7362 41.7146 66.1373 42.2417 34.14 51.1756 49.7839 38.5347 27.1379
threshold=0.44365079365079368 0.4958367997781476 18.724166666666672 66.500000000000014 1.1628333333333327 16.657242647058826 4.2087513299893606 52.500000000000007 5.1055555555555561 43.750000000000007 0.092401343558271384 6.8180147058823541
decision_type=10 10 8 10 10 2 2 10 8 2 10 8
left_child=-1 -2 3 7 5 -4 -7 8 10 -10 -3 -11
right_child=1 2 4 -5 -6 6 -8 -9 9 11 -12 -13
leaf_value=0.020390621214319334 -0.022413539636621946 0.0081179345404047108 -0.029886037114285832 0.025692512079554537 -0.033988695372739845 0.034446685323970071 -0.0037007084270006736 -0.017482732369230612 0.045077155617828435 -0.012668285246493714 -0.025596283192800065 0.022472901315190183
leaf_weight=171.2386351749301 141.10481163859367 179.87093227356672 135.79005561023951 217.86329139769077 122.95175683498383 122.78488366305828 174.98066888749599 198.45714693516493 122.45513329654932 106.57935813069344 158.67753876000643 111.37326640635729
leaf_count=402 327 478 374 595 366 357 529 537 305 278 368 337
internal_value=0.000958405 -0.000907896 0.000941688 0.00569633 -0.00840948 -0.00109396 0.0120922 0.000707645 0.00604254 0.0197052 -0.00771275 0.0053094
internal_weight=1964.13 1792.89 1651.78 1095.28 556.507 433.556 297.766 877.413 678.956 340.408 338.548 217.953
internal_count=5253 4851 4524 2898 1626 1260 886 2303 1766 920 846 615
is_linear=0
shrinkage=0.05


Tree=227
num_leaves=13
num_cat=0
split_feature=8 7 7 57 75 75 80 54 39 42 50 55
split_gain=25.8522 26.4902 43.2561 42.6394 41.2544 35.3537 29.8296 39.0569 39.7433 32.8151 29.5495 13.4173
threshold=21.711949388530808 18.684100000000004 17.951535714285715 231.30330882352942 20.725000000000005 19.465000000000003 16.582580459038322 18.292857142857148 29.137577002053394 9.5000000000000018 17.396904761904764 17.359558823529415
decision_type=10 10 10 2 10 10 2 10 2 2 8 2
left_child=1 2 4 -3 5 6 7 10 9 -9 -1 -10
right_child=-2 3 -4 -5 -6 -7 -8 8 11 -11 -12 -13
leaf_value=-0.0032741110285267744 0.02364120423750957 -0.03508935262298854 0.031595204639202228 0.0020765998397972172 0.022947875201952052 -0.024620892592454591 0.02344719514839351 -0.032020811792460406 -0.0043603982123975506 -0.0042839344565405264 0.029819453650445284 0.01912692950112967
leaf_weight=135.07495830953121 119.28061803430319 131.36777883768082 116.5418284162879 184.8207723274827 170.90122556686401 165.56306402385235 120.73698677122593 217.88125287741423 127.06022499501705 208.63171369582415 133.38454786688089 115.08308085799217
leaf_count=305 340 308 357 547 476 387 469 575 313 555 327 308
internal_value=0.00118809 -0.000289913 0.0024664 -0.0134268 1.08163e-05 -0.00320943 0.000161737 -0.00286013 -0.00932551 -0.0184949 0.0132181 0.00683514
internal_weight=1946.33 1827.05 1510.86 316.189 1394.32 1223.42 1057.85 937.116 668.656 426.513 268.46 242.143
internal_count=5267 4927 4072 855 3715 3239 2852 2383 1751 1130 632 621
is_linear=0
shrinkage=0.05


Tree=228
num_leaves=13
num_cat=0
split_feature=0 55 58 75 58 44 43 23 46 79 57 57
split_gain=28.88 18.8131 27.4924 54.2069 28.6552 28.6353 36.4069 39.0206 33.9676 35.0657 31.8348 29.8584
threshold=12.500000000000002 14.027500000000002 18.264705882352946 21.045000000000005 19.393382352941178 0.64067299911220066 66.607692307692318 6.7397595912213104 62.718750000000007 2.4434417940646687 251.91176470588238 270.40625000000006
decision_type=2 2 2 8 2 10 10 10 2 8 2 2
left_child=1 -1 3 -3 -4 6 7 10 -9 -10 -6 -12
right_child=-2 2 4 -5 5 -7 -8 8 9 -11 11 -13
leaf_value=0.016452184306985008 0.019053224886725697 -0.041113630652406391 0.022466826639607883 0.0056653327270508071 -0.023709523223633934 0.016928118140750539 -0.030239524915303812 0.021542009556831367 -0.026860205855323362 0.010610861900074849 0.021192650283063264 -0.016468536148627418
leaf_weight=125.80726770311594 176.79670929908752 129.1523996591568 119.90618854016066 117.73552034795284 273.59609827399254 156.44665414094925 133.54170279949903 228.01872003823519 105.79469875991344 149.41342252492905 103.27123195677996 105.2744215130806
leaf_count=351 494 268 328 405 541 496 416 523 235 527 252 358
internal_value=-0.000146051 -0.00209774 -0.00354564 -0.0188729 -0.000782375 -0.00301915 -0.00587176 -0.00247311 0.00756053 -0.00496671 -0.0125242 0.00219331
internal_weight=1924.76 1747.96 1622.15 246.888 1375.26 1255.36 1098.91 965.369 483.227 255.208 482.142 208.546
internal_count=5194 4700 4349 673 3676 3348 2852 2436 1285 762 1151 610
is_linear=0
shrinkage=0.05


Tree=229
num_leaves=14
num_cat=0
split_feature=52 76 3 41 4 47 47 23 27 28 75 80 64
split_gain=21.3541 32.2445 36.248 36.9789 51.0617 47.4951 45.798 36.5924 31.2542 24.6836 20.8865 26.7898 13.3013
threshold=261.60984848484856 0.94360059464351875 20.579102564102566 195.00000000000003 16.794458218100392 0.54558726899384002 0.58075263018364998 4.0910931174089074 19.186458333333338 14.364454545454546 19.745000000000001 14.603611823826604 40.500000000000007
decision_type=10 8 10 8 10 2 2 10 10 10 10 2 10
left_child=1 -1 3 4 5 -3 -6 -7 10 -9 11 -2 -11
right_child=8 2 -4 -5 6 7 -8 9 -10 12 -12 -13 -14
leaf_value=-0.021724420898320683 0.0021941756414472356 0.032484596066748431 0.028862202679994894 -0.019710285383081116 -0.034648101448377149 -0.014592531686776811 0.0076685752546766465 0.027488700969123543 -0.036014959987512522 -0.0090445341613468993 0.015524636721680926 -0.029408134715215098 0.014196310051768524
leaf_weight=123.02543690800667 166.97496382892132 205.57130112498999 140.48835633695126 166.34352215379477 128.96421609073877 173.82476282864809 125.27029068022966 166.62355928868055 89.154461093246937 122.40602066367865 105.80035541951656 110.93018724024296 121.90178871899843
leaf_count=242 547 446 389 435 290 443 344 401 318 288 359 430 314
internal_value=-0.000287517 0.00267843 0.00491438 0.00211445 0.00560551 0.0118732 -0.0138488 0.00458419 -0.00952172 0.0127117 -0.00328837 -0.0104806 0.0025625
internal_weight=1947.28 1474.42 1351.39 1210.91 1044.56 790.327 254.235 584.756 472.86 410.931 383.706 277.905 244.308
internal_count=5246 3592 3350 2961 2526 1892 634 1446 1654 1003 1336 977 602
is_linear=0
shrinkage=0.05


Tree=230
num_leaves=13
num_cat=0
split_feature=55 28 55 46 16 61 80 0 80 27 79 76
split_gain=27.3552 29.2184 40.9014 92.8933 66.2848 33.1585 44.792 33.3509 56.2715 28.8883 27.326 18.8804
threshold=13.946875 16.292822916666669 17.359558823529415 64.332720588235318 36.148351648351657 46.250000000000007 16.582580459038322 6.5000000000000009 13.773383449030465 12.887094017094018 2.9427336628144301 1.0573743971505689
decision_type=2 10 2 2 8 2 2 2 2 8 8 10
left_child=-1 5 4 -4 -3 6 7 8 10 -7 -2 -11
right_child=1 2 3 -5 -6 9 -8 -9 -10 11 -12 -13
leaf_value=0.022722399969506257 -0.012047464467777562 -0.021746565785021849 0.0387744271299275 -0.011116061533658676 0.024321364227967563 0.0015362236558001834 0.027039093936991068 0.015669005884111405 -0.039664899192853494 -0.014119003172027925 0.016934702487408786 -0.042978297684234085
leaf_weight=125.04155760258436 226.1609468460083 228.07252062857151 219.42942550778389 161.15399783849716 117.50281452387571 110.51300951093435 121.18978721648455 136.72951194643974 133.878083512187 107.91344581544399 125.69748445600271 121.78304652869701
leaf_count=368 427 576 595 550 361 311 322 340 313 347 429 296
internal_value=0.000199668 -0.00136795 0.00638804 0.0176751 -0.00605753 -0.00656535 -0.000643343 -0.00606764 -0.0122059 -0.0194703 -0.00167526 -0.0295399
internal_weight=1935.07 1810.02 726.159 380.583 345.575 1083.87 743.656 622.466 485.737 340.21 351.858 229.696
internal_count=5235 4867 2082 1145 937 2785 1831 1509 1169 954 856 643
is_linear=0
shrinkage=0.05


Tree=231
num_leaves=13
num_cat=0
split_feature=79 43 76 25 30 76 15 51 20 16 26 36
split_gain=19.9411 42.3429 58.2067 39.5406 45.7023 68.8335 54.8661 52.5929 52.3723 44.1635 31.3998 25.909
threshold=3.1712600885947499 59.345238095238102 1.373346037093869 0.023038461538461567 0.11178007380073754 1.015682030493358 0.97812820497069985 4.7409733854457476 5.3798076923076925 34.519230769230781 10.500000000000002 0.53997198848296024
decision_type=10 8 10 10 8 8 8 8 10 8 2 8
left_child=1 10 3 4 6 -6 -3 9 -8 -7 -1 -2
right_child=11 2 -4 -5 5 7 8 -9 -10 -11 -12 -13
leaf_value=0.00017904495209268906 0.00170216054627841 -0.030504488548631095 0.03194176214892655 -0.019649042716040951 -0.01577854272187617 0.052836811782119741 -0.012515265927211564 -0.0025936970496682147 0.035579123568946526 0.011854478319559856 -0.031222991895008045 -0.025043822497642143
leaf_weight=162.14350133389235 177.86560893058777 157.32147216051817 173.86219574511051 192.33952186256647 137.09230580925941 170.58647142350674 133.96308000385761 119.05458426475525 96.57075396925211 107.72191029042006 155.36685045063496 183.18971729278564
leaf_count=337 453 474 388 527 317 501 446 310 364 362 332 475
internal_value=-0.00129944 0.00108956 0.0051213 0.000912987 0.00521765 0.0146878 -0.00783616 0.025212 0.00769815 0.0370734 -0.0152367 -0.0118997
internal_weight=1967.08 1606.02 1288.51 1114.65 922.311 534.455 387.855 397.363 230.534 278.308 317.51 361.055
internal_count=5286 4358 3689 3301 2774 1490 1284 1173 810 863 669 928
is_linear=0
shrinkage=0.05


Tree=232
num_leaves=14
num_cat=0
split_feature=56 6 6 15 6 23 75 3 9 32 52 79 31
split_gain=19.9543 42.9882 62.0202 47.6009 34.2686 42.9411 48.2827 43.2319 39.1461 38.5714 33.5356 26.7639 23.7005
threshold=4.41583001648796 6.6315492027809118 8.0763325176908491 0.93648086308925527 5.8695365828292552 6.2552679211775564 21.245000000000001 20.680000000000003 16.755333333333336 29.196428571428573 243.89204545454547 2.4929818350948034 0.95815934065934083
decision_type=2 8 10 10 8 8 8 8 8 8 8 10 8
left_child=4 12 3 -3 9 -6 8 -8 -7 -1 -9 -11 -2
right_child=1 2 -4 -5 5 6 7 10 -10 11 -12 -13 -14
leaf_value=0.029018418855597056 0.0070886144250252294 0.0097599522127141229 -0.012877650355914578 0.049850449862408025 0.015368174174005317 -0.010561102137666999 -0.023552720562356147 -0.0088144952212485788 -0.043591778148539463 0.012272136334447079 0.031649252829943839 -0.020135887675819919 -0.021958215305524855
leaf_weight=135.90646062791348 124.88258815556765 159.68071238696575 129.68218063563108 138.05192350596189 135.52644372731447 170.92008478939533 135.45555368065834 95.465847350656986 189.72405137121677 126.6730023175478 108.58678273111582 126.21223862469196 158.34548369050026
leaf_count=315 306 402 344 348 326 357 525 248 412 470 395 313 460
internal_value=-0.000743094 0.00591666 0.0159125 0.0284537 -0.00460987 -0.0103114 -0.015297 -0.00174991 -0.02801 0.00764023 0.0127677 -0.00391795 -0.00917084
internal_weight=1935.11 710.643 427.415 297.733 1224.47 835.679 700.152 339.508 360.644 388.792 204.053 252.885 283.228
internal_count=5221 1860 1094 750 3361 2263 1937 1168 769 1098 643 783 766
is_linear=0
shrinkage=0.05


Tree=233
num_leaves=14
num_cat=0
split_feature=0 36 36 76 69 76 5 9 8 76 51 79 69
split_gain=22.5763 23.7342 67.828 47.307 32.204 40.4323 61.9914 29.7246 43.3628 33.7703 27.5259 20.553 16.1942
threshold=13.500000000000002 0.48231147889538079 0.54306232510459507 1.7561149982420778 0.0067236635220125794 1.1562394920850727 20.290000000000003 17.460000000000004 19.442726069739209 1.1865829911129677 4.6364916773367488 2.6020758854227286 0.021689642665343008
decision_type=2 8 10 8 2 10 10 10 10 10 10 8 2
left_child=1 3 -3 12 5 6 -4 9 -9 -6 11 -5 -1
right_child=-2 2 4 10 7 -7 -8 8 -10 -11 -12 -13 -14
leaf_value=-0.035514381209386964 0.02267443941308761 0.037504181461352051 -0.024999085850718843 -0.015247467854510147 -0.0030388799052858757 0.03059552774130448 0.023805928444885788 0.027597181597602667 -0.014278784281526749 -0.037886367494887052 0.024584865136363473 0.0088855653542040548 -0.011578949519269618
leaf_weight=130.25287398695946 118.18007572740316 138.46231766790152 134.56783340126276 182.70928254723549 149.96922502666712 155.72288154065609 124.11261364072561 111.18034350126982 136.76415848731995 128.91629159450531 113.16963254660368 168.82746888697147 156.30338810384274
leaf_count=301 318 385 478 410 446 341 365 310 358 287 287 595 381
internal_value=0.00158811 0.000215451 0.00496228 -0.0066041 0.000140403 0.0105545 -0.00158137 -0.00805577 0.00453417 -0.0192251 0.0032526 -0.00366512 -0.0225444
internal_weight=1949.14 1830.96 1079.7 751.263 941.233 414.403 258.68 526.83 247.945 278.886 464.706 351.537 286.556
internal_count=5262 4944 2970 1974 2585 1184 843 1401 668 733 1292 1005 682
is_linear=0
shrinkage=0.05


Tree=234
num_leaves=14
num_cat=0
split_feature=15 9 30 31 41 12 9 15 70 30 53 69 27
split_gain=21.9585 64.8374 46.5867 37.2008 32.5135 33.9831 29.2668 54.2282 17.7357 28.4322 30.1883 23.4128 22.5947
threshold=0.99293331186452527 19.492333333333338 0.14303297412033286 0.92839743589743595 2.5000000000000004 0.102284898567008 17.317666666666671 0.95361768710953598 0.004618962280252604 0.108762433426099 2.0741758241758248 0.09461459227084229 13.276666666666669
decision_type=10 10 8 10 10 8 10 10 2 10 8 2 8
left_child=1 6 4 -4 -2 -6 7 8 9 10 -1 -10 -12
right_child=2 -3 3 -5 5 -7 -8 -9 11 -11 12 -13 -14
leaf_value=0.0049589424237035783 -0.015230467767900744 0.033841248530461256 -0.003878652238388838 -0.042224499842468288 -0.0061628442818968806 0.033954968302382066 -0.019574004042168178 0.026883307372834748 0.024172890727257226 0.0083792332092921806 -0.0095593408646302488 -0.0045111704730138149 -0.039967015926673413
leaf_weight=114.58408336341381 135.90507324784994 153.74018860608339 118.81561753153801 134.78508528321981 95.149047702550888 116.83023811876774 172.06607773900032 187.38930124789476 117.78891952335835 172.99089451879263 113.79854400455952 176.71949528902769 132.96488831937313
leaf_count=311 398 407 304 361 360 325 466 501 296 383 299 465 357
internal_value=-0.000160526 0.00339735 -0.00809138 -0.0243447 0.00379278 0.0160033 -0.000566559 0.0026678 -0.00283274 -0.00825738 -0.0162231 0.00700403 -0.0260393
internal_weight=1943.53 1342.04 601.485 253.601 347.884 211.979 1188.3 1016.24 828.847 534.338 361.348 294.508 246.763
internal_count=5233 3485 1748 665 1083 685 3078 2612 2111 1350 967 761 656
is_linear=0
shrinkage=0.05


Tree=235
num_leaves=13
num_cat=0
split_feature=45 65 46 58 8 21 20 56 39 58 57 53
split_gain=32.6272 40.0342 38.7364 33.8134 33.3347 53.2563 43.5735 39.301 27.9752 30.7459 30.0036 21.4038
threshold=17.851648351648354 6.5000000000000009 61.617647058823536 16.941176470588239 19.149161654937625 5.2866071428571439 8.8619047619047642 4.6330624355005172 31.334702258726903 20.117647058823533 250.70588235294119 2.1055555555555561
decision_type=10 8 2 2 10 8 10 2 2 2 2 10
left_child=1 -1 -3 -2 6 -6 7 8 9 -5 -11 -12
right_child=3 2 -4 4 5 -7 -8 -9 -10 10 11 -13
leaf_value=0.037950815270745848 0.024281835415467044 0.027601331467307918 -0.0073073498450070828 0.013267248932005824 -0.035067952523453808 0.0082730167454431649 0.028214739270728623 0.014287606219949484 -0.026392324165936534 -0.028957204097534696 -0.01682145646782416 0.016145617354803989
leaf_weight=120.8046939522028 113.20783083885908 119.90133769065142 231.03681211918592 178.22728932648897 186.72573406994343 113.35335500538349 121.21505746990442 231.79471888393164 179.43394304066896 150.31572970747948 91.722877286374569 103.97710923105478
leaf_count=301 279 309 598 458 512 325 343 569 537 339 324 327
internal_value=0.00182412 0.0132504 0.00466407 -0.00184932 -0.00404597 -0.018723 0.000135799 -0.00352881 -0.00940958 -0.00355767 -0.0122372 0.000687272
internal_weight=1941.72 471.743 350.938 1469.97 1356.77 300.079 1056.69 935.472 703.677 524.243 346.016 195.7
internal_count=5221 1208 907 4013 3734 837 2897 2554 1985 1448 990 651
is_linear=0
shrinkage=0.05


Tree=236
num_leaves=13
num_cat=0
split_feature=8 8 30 7 60 65 36 57 19 40 25 13
split_gain=21.9905 22.1996 40.0144 35.023 28.7772 57.9843 32.5542 57.9217 50.1333 35.4783 33.8143 31.6385
threshold=21.711949388530808 19.79017662619426 0.19451666823822641 18.684100000000004 3.7500000000000004 4.5000000000000009 0.65968025564654875 257.70588235294122 3.9309523809523812 8.5000000000000018 -0.45357142857142851 0.10346410726248122
decision_type=10 10 10 10 2 10 8 2 8 2 10 8
left_child=1 2 3 4 6 -6 8 11 9 10 -1 -8
right_child=-2 -3 -4 -5 5 -7 7 -9 -10 -11 -12 -13
leaf_value=-0.015478803537056727 0.020596921096360798 -0.018028864816956928 0.026212185995404265 -0.02818571947089937 -0.031093607435879342 0.010458335252226947 0.012212113238430643 -0.012842410998218833 -0.020499043566338068 0.032617608474267 0.01542690682352757 0.047705921308981894
leaf_weight=174.70048163086176 124.83298096060753 172.47977114468813 140.36003009974957 113.54292102903128 182.93775946646929 153.75415654480457 126.53069215267897 113.94405345618725 234.78269600123167 109.02746891230345 177.33487573266029 125.45776341110468
leaf_count=461 349 464 315 335 487 459 332 410 564 282 517 284
internal_value=0.000380006 -0.0010135 0.000772447 -0.00160489 0.000571832 -0.0121437 0.00461157 0.0166626 -0.00174065 0.0078352 8.92893e-05 0.0300022
internal_weight=1949.69 1824.85 1652.37 1512.01 1398.47 336.692 1061.78 365.933 695.846 461.063 352.035 251.988
internal_count=5259 4910 4446 4131 3796 946 2850 1026 1824 1260 978 616
is_linear=0
shrinkage=0.05


Tree=237
num_leaves=14
num_cat=0
split_feature=16 24 36 23 44 20 79 21 24 53 48 53 43
split_gain=35.7916 34.9386 45.3864 33.851 33.7825 36.2653 49.5317 49.4008 38.9688 45.3942 35.834 28.1501 21.8031
threshold=29.516666666666669 -0.068833333333333954 0.70397598435448427 7.8575744497194657 0.53257653717519948 6.2403846153846168 2.0785388767004238 4.1291666666666673 1.0574000000000014 2.7207792207792214 21.181985294117649 2.4641025641025647 62.464102564102568
decision_type=10 8 8 8 10 10 10 10 10 8 2 10 8
left_child=1 -1 3 11 -2 8 -7 -8 9 10 -6 -3 -5
right_child=4 2 -4 12 5 6 7 -9 -10 -11 -12 -13 -14
leaf_value=-0.016659110359391431 -0.032755342136259087 0.030290813601506646 0.032445833528252664 -0.022624564986017809 0.0029205660549597588 -0.018257074705158416 0.041338961295285886 -0.0020029581258453164 -0.038141433132387347 0.021059698049429379 -0.036816970937507923 1.8472691489392702e-05 0.0031893302680682991
leaf_weight=140.47500243782997 113.65511678159237 163.11946098506451 179.08880488574505 131.15097798407078 109.39130692929029 126.00927395373583 131.12601411342621 130.68161809444427 116.85616892576218 112.70744109898806 116.54970277100801 144.32893227040768 214.14664863049984
leaf_count=348 294 384 464 285 304 540 315 325 368 330 362 340 576
internal_value=-0.000427692 0.00632542 0.0102222 0.00408463 -0.00728845 -0.00382153 0.00740549 0.0197795 -0.0133755 -0.00474248 -0.0176496 0.0161259 -0.00665233
internal_weight=1929.29 972.31 831.835 652.746 956.977 843.322 387.817 261.808 455.505 338.648 225.941 307.448 345.298
internal_count=5235 2397 2049 1585 2838 2544 1180 640 1364 996 666 724 861
is_linear=0
shrinkage=0.05


Tree=238
num_leaves=13
num_cat=0
split_feature=66 47 25 52 57 36 41 52 75 9 47 15
split_gain=19.3463 29.1824 53.4315 47.7944 48.7514 56.3518 44.9995 34.6258 31.6414 31.2247 31.0035 25.2122
threshold=5.5000000000000009 0.619228852340175 0.021666666666666643 209.30000000000004 257.70588235294122 0.65531068261356207 4.5000000000000009 236.03571428571431 20.485000000000003 18.933666666666667 0.56719682309304964 0.96885286869856924
decision_type=2 2 8 10 2 10 10 10 8 8 2 8
left_child=-1 3 -3 9 5 6 -5 -7 -6 -2 -8 -10
right_child=1 2 -4 4 8 7 10 -9 11 -11 -12 -13
leaf_value=0.019283670954199479 -0.030325797578247243 -0.014641676800856146 0.027329763730434439 -0.026091894947419078 -0.030437753473622792 0.045448705473159857 0.02692200834205092 0.0112427347081795 0.021217328617987061 -0.0043504280089525981 -0.0072999639298434215 -0.015599506161673002
leaf_weight=115.29466319084167 243.19656159728765 119.32506799697876 204.63160583376884 143.0837671905756 159.57479347288609 120.8252677321434 122.64856237918139 190.7766060680151 78.707033604383469 220.59767013043165 141.69432554394007 110.61754845827818
leaf_count=312 508 415 584 370 398 258 288 527 298 481 379 480
internal_value=-0.000499841 -0.00173873 0.0118727 -0.00462339 0.00120039 0.00863949 -0.0036046 0.0246092 -0.0141113 -0.0180069 0.00861981 -0.000262753
internal_weight=1970.97 1855.68 323.957 1531.72 1067.93 719.029 407.427 311.602 348.899 463.794 264.343 189.325
internal_count=5298 4986 999 3987 2998 1822 1037 785 1176 989 667 778
is_linear=0
shrinkage=0.05


Tree=239
num_leaves=14
num_cat=0
split_feature=47 24 52 65 9 75 25 44 45 46 5 36 7
split_gain=23.771 58.6042 38.7254 34.6144 35.7766 34.9897 56.4606 36.7897 36.2429 35.6526 33.6782 41.579 14.2085
threshold=0.54481565569221135 -0.27790151515151601 170.47115384615387 6.5000000000000009 16.748666666666669 17.565000000000001 0.0016025641025640416 0.59496970312447117 21.881944444444446 63.781250000000007 22.576666666666672 0.5898666020343849 16.184375000000003
decision_type=2 8 10 8 10 10 8 8 10 2 8 10 8
left_child=1 -1 -2 4 -4 7 -7 8 -5 -8 11 -3 -9
right_child=2 10 3 5 -6 6 9 12 -10 -11 -12 -13 -14
leaf_value=-0.020463917256148795 -0.027516746047427751 0.026628793699101851 -0.0020213480183854777 0.03633825468004219 0.031005279980800472 0.0073925096562048077 -0.042835690059331299 -0.022479981171807481 -0.0030023245859362767 -0.0090760114220855403 0.038953572665751793 -0.013362720289207845 0.0035613299050333441
leaf_weight=129.75912869721651 154.61594784259796 136.61990156024694 182.37311749905348 123.29590409994125 147.81921585649252 177.96406900882721 174.49063161015511 116.94677854329348 110.40192108601332 142.27826310694218 129.48423103988171 122.29575270414352 93.793436996638775
leaf_count=328 372 338 539 324 452 461 418 327 365 379 279 305 353
internal_value=-0.000638523 0.00852161 -0.00397536 -0.00108848 0.0128129 -0.00598432 -0.0151183 0.00419448 0.0178196 -0.0277486 0.018233 0.00776054 -0.0109278
internal_weight=1942.14 518.159 1423.98 1269.36 330.192 939.171 494.733 444.438 233.698 316.769 388.4 258.916 210.74
internal_count=5240 1250 3990 3618 991 2627 1258 1369 689 797 922 643 680
is_linear=0
shrinkage=0.05


Tree=240
num_leaves=13
num_cat=0
split_feature=28 39 29 8 6 28 25 75 7 39 61 32
split_gain=35.3448 20.1363 26.6576 34.0308 25.396 35.4752 32.46 75.8531 49.9453 46.0071 49.9287 42.575
threshold=20.715993750000003 22.960985626283371 0.0023478835978835984 7.0809513417601275 7.6339431783331735 16.15131666666667 -0.0089444444444444753 18.165000000000003 18.060533333333336 28.97467488021903 44.250000000000007 29.961538461538463
decision_type=10 2 8 10 10 10 10 8 10 2 2 10
left_child=1 -1 4 -4 6 -6 9 -8 -9 11 -11 -3
right_child=-2 2 3 -5 5 -7 7 8 -10 10 -12 -13
leaf_value=0.015160820599854874 0.024593986725858163 -0.0019011588982256224 0.003204087481326702 -0.03041469229813646 0.0065881299943759885 -0.027302155447631551 0.049945255142207649 -0.017131138652657373 0.028845607921083118 -0.012292628210991832 0.026985916557530545 -0.036354999668673768
leaf_weight=141.71900078654289 124.06357208639383 219.75085724145174 122.24104160070419 194.18900037556887 128.51138804107904 191.23849788308144 105.58160464465618 160.77980364859104 92.039182372391224 143.56467138975859 183.04736067354679 150.60382378846407
leaf_count=418 309 506 324 557 346 542 205 545 288 363 498 383
internal_value=-0.00112523 -0.0028782 -0.00439758 -0.0174581 -0.0013817 -0.0137032 0.00236084 0.0145674 -0.000345524 -0.00392803 0.00973593 -0.0159719
internal_weight=1957.33 1833.27 1691.55 316.43 1375.12 319.75 1055.37 358.401 252.819 696.967 326.612 370.355
internal_count=5284 4975 4557 881 3676 888 2788 1038 833 1750 861 889
is_linear=0
shrinkage=0.05


Tree=241
num_leaves=15
num_cat=0
split_feature=23 58 23 4 79 61 30 79 57 12 61 69 79 52
split_gain=27.8159 52.1772 44.9083 46.0709 35.75 35.0701 47.681 31.4832 28.5081 52.1162 30.7668 27.6136 26.5537 26.3387
threshold=7.6187110886757532 28.424632352941178 6.9951274362818596 19.342904660565903 2.4025749463240298 40.750000000000007 0.070982403108626232 2.4388504949275465 245.2150735294118 0.12920860173672913 44.750000000000007 0.10354606616540678 2.5589937034817125 244.58571428571432
decision_type=8 2 10 10 10 2 10 10 2 10 2 2 10 8
left_child=1 2 5 4 -4 -1 13 -8 11 10 -10 12 -2 -7
right_child=8 -3 3 -5 -6 6 7 -9 9 -11 -12 -13 -14 -15
leaf_value=0.021053377479479829 -0.018678919110896555 -0.024173226477694612 -0.0073121143010471193 0.051453029638758044 0.030519192325459212 0.029585446567996766 -0.0016178399650067352 -0.036909378685634771 0.016788135954256506 0.038099568664592173 -0.018521579596100565 -0.031999353984651029 0.0098074477399346018 -0.0041752835351483294
leaf_weight=190.50296707451344 172.95839459449053 119.53311578184366 117.1116951033473 111.10304248332977 132.01656612753868 111.14084428548813 126.83357414603233 125.1370602697134 96.164390131831169 90.523684956133366 168.18174498528242 136.89227696508169 153.55436179041862 118.71098178625107
leaf_count=446 441 306 375 310 333 255 381 286 288 276 590 326 321 378
internal_value=0.00196625 0.00697042 0.0105956 0.024815 0.0127771 0.00295138 -0.00423457 -0.0192214 -0.00507928 0.00557706 -0.00566168 -0.0132342 -0.00529314 0.0122066
internal_weight=1970.36 1152.09 1032.56 360.231 249.128 672.325 481.822 251.971 818.275 354.87 264.346 463.405 326.513 229.852
internal_count=5312 3070 2764 1018 708 1746 1300 667 2242 1154 878 1088 762 633
is_linear=0
shrinkage=0.05


Tree=242
num_leaves=13
num_cat=0
split_feature=23 79 58 56 27 54 13 3 61 36 1 69
split_gain=23.375 39.2431 50.6217 48.1869 39.6224 35.1375 30.7302 38.32 34.6735 60.6925 24.8845 22.2715
threshold=6.9951274362818596 2.4025749463240298 23.726102941176475 4.1114966407355036 17.510625000000001 21.585714285714293 0.086702187459975724 7.7890000000000006 42.750000000000007 0.62775044007487768 3.5000000000000004 0.043943815512425918
decision_type=10 10 2 2 10 10 10 10 2 10 8 2
left_child=6 2 4 -3 -2 -5 7 10 -8 -10 -1 -12
right_child=1 3 -4 5 -6 -7 8 -9 9 -11 11 -13
leaf_value=-0.020014488481834868 0.0003696180437726964 0.044332335147627883 0.019866222812531104 -0.011257899422266385 -0.037707545874364173 0.022012119219304276 0.0020236141730824784 0.025191255860356327 -0.001299709708158601 -0.051324271205149818 -0.0081824153914407446 0.018096614205667865
leaf_weight=149.30427788197994 162.76370380818844 125.45634970068932 155.76387478411198 137.17430445551872 116.71990527957678 185.75539374351501 202.81575050204992 157.63549029827118 122.98888519406319 118.69283030182123 164.62955790013075 156.21469958871603
leaf_count=376 477 288 506 350 402 474 470 451 339 300 407 397
internal_value=0.00177997 0.00779684 -0.00289765 0.0181613 -0.0156102 0.00788853 -0.00318098 0.00394057 -0.0132253 -0.0259776 -0.00322289 0.00462896
internal_weight=1955.92 883.634 435.247 448.386 279.484 322.93 1072.28 627.784 444.497 241.682 470.149 320.844
internal_count=5237 2497 1385 1112 879 824 2740 1631 1109 639 1180 804
is_linear=0
shrinkage=0.05


Tree=243
num_leaves=14
num_cat=0
split_feature=1 52 52 62 60 60 53 60 79 5 32 49 40
split_gain=22.2075 18.9909 26.746 29.1171 31.4805 38.3307 34.4684 41.0566 54.3023 30.8248 40.1364 48.6203 51.2965
threshold=2.5000000000000004 182.04166666666671 203.67708333333334 17.125000000000004 -6.7499999999999991 -4.2499999999999991 1.8062500000000001 3.2500000000000004 2.4388504949275465 21.320000000000004 27.154761904761909 9.5000000000000018 6.5000000000000009
decision_type=10 8 8 2 2 2 10 2 10 10 10 2 2
left_child=1 -1 -3 -4 -5 -6 7 8 -7 10 -8 12 -12
right_child=-2 2 3 4 5 6 9 -9 -10 -11 11 -13 -14
leaf_value=-0.021341894046001762 0.016916570664621034 0.015647471929131889 -0.026697163755188619 0.022254978613580886 -0.02964512763041063 -0.00047790228718613446 -0.018969771214275989 -0.013142347637314722 0.047017151747824115 -0.026606691980809252 0.048821502840902219 -0.012469792526479499 -0.00031288333546433439
leaf_weight=126.51524313539267 155.12516604363918 202.94084729999304 124.6067780405283 125.17538113892078 128.98829200863838 118.78197659552097 213.42036666721106 110.53800092637539 120.9441631436348 157.13824116438627 103.67036606371403 161.25696863979101 107.83116158097982
leaf_count=267 391 451 322 378 363 390 592 309 266 448 311 481 314
internal_value=-0.00117464 -0.00274071 -0.00132409 -0.00367239 -0.0015254 -0.0039764 -0.000924451 0.0119863 0.0235796 -0.00701615 -0.0017281 0.00816785 0.0238874
internal_weight=1956.93 1801.81 1675.29 1472.35 1347.74 1222.57 1093.58 350.264 239.726 743.317 586.179 372.758 211.502
internal_count=5283 4892 4625 4174 3852 3474 3111 965 656 2146 1698 1106 625
is_linear=0
shrinkage=0.05


Tree=244
num_leaves=12
num_cat=0
split_feature=30 39 6 25 28 54 6 6 21 51 52
split_gain=17.8619 20.006 23.0119 46.8232 34.1653 28.7615 46.1863 31.9825 28.048 27.0114 25.644
threshold=0.047540713879714959 34.898015058179332 8.1372148520528089 0.001909090909090916 18.149147058823534 20.677083333333339 6.1888925294639447 4.9497045925708765 4.4299719887955193 4.3828994818979234 216.03125000000003
decision_type=8 2 8 10 10 10 10 10 8 8 10
left_child=-1 2 5 4 9 10 7 -7 -8 -4 -2
right_child=1 -3 3 -5 -6 6 8 -9 -10 -11 -12
leaf_value=-0.01743717344554542 0.00588768582735507 0.015597495944974796 0.0042887173420847998 -0.03519994167442117 0.018998981033790593 0.011435935121939354 0.01034079384645673 -0.018755736655394491 0.045513428924219231 -0.021000572420027463 -0.022456989516722953
leaf_weight=149.1285186111927 159.93282653391361 194.92254082858562 198.7321916744113 129.22084953635931 144.06808955967426 218.38322055339813 113.57675683498383 145.15259270370007 113.67829495668411 223.59512519836426 157.60384768247604
leaf_count=477 346 534 537 350 370 591 298 397 302 548 502
internal_value=-0.000868109 0.000514414 -0.00132716 -0.00816468 -0.00194553 0.00391237 0.0104291 -0.000637378 0.0280573 -0.00911831 -0.00820704
internal_weight=1947.99 1798.87 1603.94 695.616 566.395 908.328 590.791 363.536 227.255 422.327 317.537
internal_count=5252 4775 4241 1805 1455 2436 1588 988 600 1085 848
is_linear=0
shrinkage=0.05


Tree=245
num_leaves=12
num_cat=0
split_feature=5 31 5 60 21 50 32 55 54 41 24
split_gain=23.2318 52.2148 27.1112 20.6809 38.5483 58.5755 37.5995 37.437 43.0325 33.9205 30.5899
threshold=20.83666666666667 0.97363970588235305 19.276666666666671 -3.2499999999999996 4.4733285917496453 16.926410256410261 31.609243697478998 16.241875000000004 20.12916666666667 37.500000000000007 -5.380611111111107
decision_type=10 10 10 2 8 10 8 2 10 8 10
left_child=2 -2 3 6 5 -5 -1 -6 -9 -8 -7
right_child=1 -3 -4 4 7 10 9 8 -10 -11 -12
leaf_value=0.0084321662592941812 0.0055541590191177798 -0.034562223668886886 0.023887445472937238 -0.022797667486691108 0.037835495665302588 0.029413943295749617 -0.033494377939438359 -0.0094527338718835233 0.027963872232247822 0.0016299178799924416 -0.002896403894567654
leaf_weight=216.53337619453669 190.42871655523777 140.00045649707317 141.17129074037075 230.11701406538486 135.87192073464394 125.35476993024349 167.69729207456112 180.07190719991922 132.58683416992426 115.85170964151621 173.93194472044706
leaf_count=535 499 413 389 569 290 347 492 480 362 323 541
internal_value=0.000565953 -0.0114959 0.00303299 0.0010263 0.00525427 -0.00388197 -0.00723569 0.0160225 0.00645281 -0.0191881 0.0106895
internal_weight=1949.62 330.429 1619.19 1478.02 977.934 529.404 500.082 448.531 312.659 283.549 299.287
internal_count=5240 912 4328 3939 2589 1457 1350 1132 842 815 888
is_linear=0
shrinkage=0.05


Tree=246
num_leaves=15
num_cat=0
split_feature=76 28 44 41 32 65 32 43 5 5 25 42 75 4
split_gain=29.9941 43.6448 40.5674 31.9392 28.5547 42.1311 40.5049 38.6291 39.7562 39.7679 39.1248 27.8476 31.1571 14.5811
threshold=1.329689660625335 15.19392142857143 0.44365079365079368 11.500000000000002 30.232142857142861 10.500000000000002 32.064583333333339 67.035714285714292 20.83666666666667 17.81666666666667 0.027638888888888897 8.5000000000000018 24.415000000000003 17.513907513396731
decision_type=10 8 10 8 8 10 8 10 8 10 8 2 8 8
left_child=2 -2 -1 -3 11 6 -6 8 9 10 -8 13 -13 -4
right_child=1 3 4 -5 5 -7 7 -9 -10 -11 -12 12 -14 -15
leaf_value=0.028219015763406199 0.0096510133649535482 -0.0068146000542030107 -0.0075284743251700136 -0.041779385597265614 0.038702991838326976 -0.019371797115472256 -0.019635073710621478 0.034414487298388259 -0.021103005053467586 0.03440035935195114 0.019345931152315268 -0.014594688323123049 0.02050529720664376 -0.030164783484772896
leaf_weight=141.67288156598806 143.52534618973732 129.10255533456802 136.32595102488995 132.15774683654308 108.59557744860649 137.89350011944771 137.79833259433508 97.41016311198473 152.6952778249979 108.65602248907089 119.04794285446405 122.82270200550556 128.22577146440744 149.81044558435678
leaf_count=348 287 296 350 317 264 453 448 359 442 318 335 266 398 345
internal_value=-0.000362456 -0.0124574 0.00282072 -0.0245933 0.000230906 0.00586689 0.0106926 0.00569671 0.000242486 0.0091932 -0.00156247 -0.00880805 0.00334324 -0.0194438
internal_weight=1945.74 404.786 1540.95 261.26 1399.28 862.097 724.203 615.608 518.198 365.502 256.846 537.185 251.048 286.136
internal_count=5226 900 4326 613 3978 2619 2166 1902 1543 1101 783 1359 664 695
is_linear=0
shrinkage=0.05


Tree=247
num_leaves=12
num_cat=0
split_feature=21 23 42 79 16 50 79 6 64 15 23
split_gain=24.603 27.1198 26.4897 40.021 52.9876 43.8781 32.3568 49.0807 49.7231 28.5868 35.1671
threshold=1.9110671936758896 7.1124073450134784 5.5000000000000009 2.7611001322197652 37.516666666666673 20.447622377622384 2.1490792796411733 5.4789779841793713 60.500000000000007 0.99293331186452527 7.4469462426118787
decision_type=8 8 2 8 8 8 8 10 8 10 10
left_child=1 -1 3 5 -5 -2 -4 8 -8 10 -9
right_child=2 -3 6 4 -6 -7 7 9 -10 -11 -12
leaf_value=0.0029970784058997802 -0.03163285088670946 -0.02392197468935657 0.024624733383684663 0.031035061415224569 -0.012930105194599634 0.0041446756613400864 -0.0032410662559177413 -0.011927293949108547 0.04008931706572081 -0.028587375790833765 0.022035630758609277
leaf_weight=171.81968646496534 202.05386175215244 203.9054544121027 220.49668055772781 135.48818724602461 136.81482643634081 147.91555321216583 124.50821502506733 213.30208219587803 140.06207009404898 116.19097845256329 117.29189766943455
leaf_count=473 426 598 543 396 401 338 372 577 382 379 324
internal_value=-0.000172353 -0.0116366 0.00260494 -0.00537808 0.0089789 -0.0165427 0.00793589 0.00273559 0.0197624 -0.00736869 0.000152574
internal_weight=1929.85 375.725 1554.12 622.272 272.303 349.969 931.852 711.355 264.57 446.785 330.594
internal_count=5209 1071 4138 1561 797 764 2577 2034 754 1280 901
is_linear=0
shrinkage=0.05


Tree=248
num_leaves=14
num_cat=0
split_feature=33 41 50 47 52 50 36 64 80 15 80 43 41
split_gain=48.5552 61.3614 24.8326 33.7406 53.6494 37.1631 48.2792 55.5224 51.7097 33.2972 49.3011 22.3836 20.1734
threshold=2.71875 42.500000000000007 14.013809523809526 0.61893880038304183 240.47222222222226 15.647846153846155 0.54306232510459507 52.500000000000007 14.435167580391342 0.97960082289194639 18.809207277230875 63.919871794871803 11.500000000000002
decision_type=8 8 8 2 10 8 10 8 2 10 2 8 8
left_child=1 -1 12 5 -5 -4 8 -8 -7 -9 -11 -3 -2
right_child=2 11 3 4 -6 6 7 9 -10 10 -12 -13 -14
leaf_value=0.046651443503451462 -0.032690526744969271 0.018459538720336139 0.017012450549658466 0.039279406268917967 -0.008308352505964291 -0.010688409878946771 0.012885014952853375 -0.039922932362452861 0.026000820937050168 -0.033881237646757822 0.01186895983000023 -0.013472517194582654 -0.0034822463462641849
leaf_weight=117.33928047865629 118.09056851267815 104.87296367436647 172.98709274828434 122.71872559934855 113.05892772227526 217.5746206715703 118.51482889056206 210.65958828479052 170.37189926952124 124.8313435614109 109.94484151154757 112.96027769893408 117.91690745949745
leaf_count=297 298 291 420 345 428 554 352 504 461 348 291 320 307
internal_value=0.000397009 0.0176687 -0.00323745 -0.00063536 0.0165216 -0.00424298 -0.0081195 -0.0174469 0.00544958 -0.025528 -0.0124971 0.00191486 -0.0181734
internal_weight=1931.84 335.173 1596.67 1360.66 235.778 1124.88 951.897 563.951 387.947 445.436 234.776 217.833 236.007
internal_count=5216 908 4308 3703 773 2930 2510 1495 1015 1143 639 611 605
is_linear=0
shrinkage=0.05


Tree=249
num_leaves=15
num_cat=0
split_feature=39 13 39 51 6 4 8 55 45 57 20 5 5 8
split_gain=30.7501 29.309 28.8362 39.4334 25.5402 28.9331 38.1746 38.1613 48.3058 31.5317 34.243 24.7836 28.5081 24.6083
threshold=22.996577686516087 0.26189100435299112 24.724161533196444 4.4440196732727868 3.4095617936622227 12.591159509429916 17.315583385668521 15.453750000000001 16.633928571428573 231.26470588235296 6.8819444444444455 18.676666666666673 15.063333333333334 9.7559325035256048
decision_type=2 10 2 8 8 8 8 2 10 2 10 10 10 10
left_child=-1 2 3 -2 -4 13 11 -8 -9 -10 -11 12 -7 -6
right_child=1 -3 4 -5 5 6 7 8 9 10 -12 -13 -14 -15
leaf_value=0.02039108711547756 -0.0043512479070957934 0.021075272921279368 -0.020330152290674107 -0.04239615822908855 -0.0021156597380024237 -0.024541433426065292 0.028317232605238579 -0.031708589088736264 0.025458532960072902 -0.023925306969146409 0.016086404206079114 -0.034326390872181804 0.0086591692060188179 0.028323099054374898
leaf_weight=144.43775952607393 169.11012507230043 112.58206728845835 170.01199046522379 113.33630409836769 119.28982030600309 122.2225046902895 127.87367761135101 107.0385634675622 134.14245098084211 114.35319381952286 98.745433457195759 123.77182818204165 135.24392294883728 148.39272002875805
leaf_count=439 496 263 434 304 303 337 301 277 325 371 300 327 378 399
internal_value=-0.00172367 -0.00351242 -0.0051682 -0.0197131 -0.0022241 0.000290824 -0.00375206 0.00430214 -0.00250514 0.00656216 -0.00539618 -0.01603 -0.00713554 0.014801
internal_weight=1940.55 1796.11 1683.53 282.446 1401.09 1231.07 963.392 582.153 454.28 347.241 213.099 381.238 257.466 267.683
internal_count=5254 4815 4552 800 3752 3318 2616 1574 1273 996 671 1042 715 702
is_linear=0
shrinkage=0.05


Tree=250
num_leaves=13
num_cat=0
split_feature=6 65 15 76 5 5 5 69 36 47 46 65
split_gain=22.4154 21.9089 35.7282 30.8708 35.6289 34.2255 33.7126 30.6014 32.7493 28.913 26.8907 36.3269
threshold=1.7321720460954224 6.5000000000000009 0.99293331186452527 0.97674727666367145 20.953333333333337 18.31666666666667 13.256666666666669 1.0000000180025095e-35 0.64041809331502197 0.5911756224166107 63.909926470588239 10.500000000000002
decision_type=8 10 10 8 10 10 8 2 10 2 2 10
left_child=-1 3 10 -2 5 6 9 -8 -9 -5 11 -3
right_child=1 2 -4 4 -6 -7 7 8 -10 -11 -12 -13
leaf_value=-0.018808589607178957 0.030300311308185071 -0.0028497919760089737 -0.022552580220559011 0.0045441758970453886 -0.020872168972370094 0.030907565966550317 -0.021246817768413244 0.019775714486941182 -0.015152930054533552 0.035468805031302307 -0.012712974548496689 0.031981936759380734
leaf_weight=126.05624738335609 126.22856459021568 176.34338182210922 190.44833318889141 207.66314982622862 123.77494665980339 133.50977642089128 179.02076250314713 160.41911657899618 113.92793890088797 118.1542594730854 172.7729814723134 128.87548714131117
leaf_count=319 289 424 578 494 366 377 477 413 311 337 517 345
internal_value=0.00150143 0.00290908 -0.00429993 0.00705371 0.00419609 0.00761485 0.00358925 -0.00522525 0.00526856 0.0158329 0.00300445 0.011914
internal_weight=1957.19 1831.14 668.44 1162.7 1036.47 912.695 779.185 453.368 274.347 325.817 477.992 305.219
internal_count=5247 4928 1864 3064 2775 2409 2032 1201 724 831 1286 769
is_linear=0
shrinkage=0.05


Tree=251
num_leaves=14
num_cat=0
split_feature=80 44 64 80 30 80 79 0 80 54 40 60 24
split_gain=22.4754 28.1718 25.9321 27.8327 71.5393 45.8763 40.6543 41.3603 27.1172 33.3783 33.1899 34.3102 16.382
threshold=21.313946822849413 0.44365079365079368 77.500000000000014 16.582580459038322 0.15027213424534006 15.337170363036225 2.1621824872985544 6.5000000000000009 1.6616292279475193 17.75961538461539 8.5000000000000018 -2.7499999999999996 -4.6130793650793649
decision_type=2 10 10 2 10 2 8 2 2 10 2 2 10
left_child=1 -1 3 5 6 8 -5 -8 -3 -10 11 12 -11
right_child=-2 2 -4 4 -6 -7 7 -9 9 10 -12 -13 -14
leaf_value=0.021004051543334616 -0.018107690134090249 -0.019937020225732533 -0.021330721006501518 0.046375237617122339 -0.020056565858255746 -0.026829587375886324 0.035977461840330294 -0.0075374939267935691 0.029331585846874411 -0.0084622511282811223 0.021257881172561846 -0.025211162349241818 0.017063551903837234
leaf_weight=153.98276096582413 174.68784957379103 127.87002535164356 146.05249218642712 117.88355332612991 135.73800520598888 180.48819332569838 90.9589963555336 133.76826968044043 116.25743189454079 123.97517523914576 135.74064511060715 159.65218824893236 125.57855049520731
leaf_count=368 488 297 413 300 363 502 315 440 289 332 343 423 337
internal_value=-0.00106032 0.000652753 -0.00132519 0.000706116 0.0105631 -0.00416284 0.0227172 0.0101567 0.00104922 0.00513172 -7.52888e-05 -0.00718644 0.00439949
internal_weight=1922.63 1747.95 1593.96 1447.91 478.349 969.562 342.611 224.727 789.074 661.204 544.947 409.206 249.554
internal_count=5210 4722 4354 3941 1418 2523 1055 755 2021 1724 1435 1092 669
is_linear=0
shrinkage=0.05


Tree=252
num_leaves=14
num_cat=0
split_feature=24 56 32 40 79 36 43 27 47 47 39 43 16
split_gain=29.5016 53.852 51.0681 46.5683 44.4649 38.646 37.4156 39.605 32.4502 31.6104 26.8531 20.6099 16.8303
threshold=0.25033333333333202 3.9939843376511033 33.122159090909101 5.5000000000000009 2.2278777209359624 0.099864880726979854 66.577380952380963 15.345568181818184 0.56957953842072695 0.57256321947777156 28.676249144421636 62.966666666666676 30.414285714285715
decision_type=10 2 8 2 10 10 10 8 2 2 2 10 10
left_child=1 4 12 -4 11 -3 7 8 -7 -9 -11 -1 -2
right_child=2 5 3 -5 -6 6 -8 9 -10 10 -12 -13 -14
leaf_value=-0.024255618460888011 0.036219631059994227 0.015489671307704823 0.011013445435489525 -0.032311764215640804 0.033681916731819035 -0.022474131342824454 0.010243207595098565 -0.013235238362255443 0.0091840907746069938 -0.054493561749711088 -0.020608499096136833 0.013582996686047309 0.011169007057667303
leaf_weight=69.999920345842838 148.83028590679169 140.03153967112303 156.66522597521544 101.29563997685909 152.51649814844131 134.10305531322956 151.52088386565447 246.34417723119259 200.99570000916719 127.04492913931608 111.11623829603195 72.04940988868475 123.62988696247339
leaf_count=281 331 362 452 327 343 274 443 533 508 355 344 327 350
internal_value=-0.000157699 -0.00394915 0.00987894 -0.0060585 0.0150248 -0.0089881 -0.01253 -0.0167474 -0.00351437 -0.0258737 -0.0388365 -0.00510256 0.0249352
internal_weight=1936.14 1405.72 530.421 257.961 294.566 1111.16 971.125 819.604 335.099 484.505 238.161 142.049 272.46
internal_count=5230 3770 1460 779 951 2819 2457 2014 782 1232 699 608 681
is_linear=0
shrinkage=0.05


Tree=253
num_leaves=13
num_cat=0
split_feature=33 45 30 19 19 25 48 79 6 69 21 58
split_gain=27.2403 24.3912 28.6886 50.0949 29.3162 56.2457 27.6277 36.4854 62.766 50.4888 25.3273 27.3584
threshold=9.7196078431372559 22.81534090909091 0.29869278278379358 4.7207792207792219 2.2071428571428577 0.001909090909090916 24.843750000000004 2.8355937560647249 7.1925804359363887 0.078181397712647718 1.4472222222222224 23.272058823529417
decision_type=10 8 8 10 10 8 2 8 8 2 10 2
left_child=1 6 3 4 10 -6 7 8 -1 -9 11 -3
right_child=-2 2 -4 -5 5 -7 -8 9 -10 -11 -12 -13
leaf_value=0.0099864710082305658 0.02436491367337363 0.01016217898929082 0.01539213313190039 -0.037991132606727679 0.033261016877222722 -0.011452044824488078 0.022319673098906007 0.033871109511582814 -0.026365732300445963 -0.010898655278542762 -0.031244694535835629 -0.022775845590524365
leaf_weight=246.3225721269846 114.72428242117167 144.51725921034813 129.66279261559248 131.34447012096643 122.52714167535305 162.49266732484102 185.45108089596033 154.70510879158974 227.55389361083508 105.0911598727107 129.34458290785551 110.28093730658293
leaf_count=505 301 396 368 310 350 427 558 573 448 360 388 299
internal_value=0.000831512 -0.000640804 -0.00634551 -0.00988129 -0.00431538 0.00781873 0.00513308 0.000764344 -0.0074885 0.0157888 -0.0133154 -0.00412726
internal_weight=1964.02 1849.29 930.17 800.507 669.163 285.02 919.124 733.673 473.876 259.796 384.143 254.798
internal_count=5283 4982 2538 2170 1860 777 2444 1886 953 933 1083 695
is_linear=0
shrinkage=0.05


Tree=254
num_leaves=13
num_cat=0
split_feature=9 62 73 41 12 12 64 75 51 46 43 55
split_gain=24.0326 44.2395 47.4136 46.1635 37.3629 28.4691 30.5485 51.0724 46.332 33.9572 26.0247 22.6304
threshold=18.933666666666667 21.875000000000004 6.5000000000000009 10.500000000000002 0.18653622727275379 0.15476645241081385 34.500000000000007 20.755000000000006 4.5443301975302388 64.029411764705898 62.031250000000007 16.738786764705885
decision_type=8 2 2 10 10 10 10 8 10 2 10 2
left_child=4 3 -3 -2 5 6 8 11 9 -1 -9 -8
right_child=1 2 -4 -5 -6 -7 7 10 -10 -11 -12 -13
leaf_value=0.0020345710680991619 -0.031636984810018649 0.0013657903007027652 0.035189241060592215 0.0093233673676137718 -0.031374773851864289 0.022430938939636449 -0.038795017231144265 0.026246758465322907 -0.01982640601025145 0.035068923183275168 -0.0079737053445660469 -0.012496270315925857
leaf_weight=193.322524279356 120.516711384058 220.54261093586683 194.56094622612 157.75179420411587 117.52699337899685 107.99561057239771 153.81773167848587 92.218456611037254 130.81789280474186 129.32523532211781 136.70366814732552 176.48894277215004
leaf_count=499 326 565 560 389 263 256 322 363 316 366 581 415
internal_value=-0.000505623 0.00694138 0.0172655 -0.00846612 -0.004678 -0.00185283 -0.00446207 -0.0122725 0.00517587 0.015343 0.00586579 -0.0248232
internal_weight=1931.59 693.372 415.104 278.269 1238.22 1120.69 1012.69 559.229 453.466 322.648 228.922 330.307
internal_count=5221 1840 1125 715 3381 3118 2862 1681 1181 865 944 737
is_linear=0
shrinkage=0.05


Tree=255
num_leaves=12
num_cat=0
split_feature=45 56 80 80 52 25 3 15 20 64 75
split_gain=21.6491 38.8029 50.6913 37.9594 32.7714 46.5415 31.7672 59.7494 31.3678 36.0704 28.1494
threshold=25.240384615384617 4.7987814011862122 17.436054812486194 19.40067398947593 234.51666666666668 -0.067499999999999935 13.782222222222225 0.77671429445136975 5.4083333333333341 51.500000000000007 21.245000000000001
decision_type=8 2 2 2 8 10 8 8 8 10 8
left_child=1 2 6 -4 -2 10 7 -1 -8 -10 -6
right_child=4 -3 3 -5 5 -7 8 -9 9 -11 -12
leaf_value=-0.0070998675022683538 0.0084382672352697214 -0.017261620801101937 0.045534408540736503 0.0063223948658914135 -0.017355509501578211 -0.034622369383016209 -0.024671514268741455 0.03051484914720411 0.019559279854796746 -0.017017177098377492 0.015881968197375789
leaf_weight=199.12906582653522 260.49792505800724 160.81371235847473 142.46855279803276 108.96302850544453 125.27915653586388 165.75132973492146 152.01897686719894 222.97020734101534 153.51022434979677 118.59376116842031 127.55036338418722
leaf_count=495 588 361 423 318 259 553 478 576 398 304 462
internal_value=0.00172467 0.00560562 0.00896849 0.0286334 -0.00546517 -0.0141173 0.00309869 0.0127949 -0.00655869 0.00361386 -0.000590973
internal_weight=1937.55 1258.47 1097.65 251.432 679.079 418.581 846.222 422.099 424.123 272.104 252.83
internal_count=5215 3353 2992 741 1862 1274 2251 1071 1180 702 721
is_linear=0
shrinkage=0.05


Tree=256
num_leaves=14
num_cat=0
split_feature=66 15 27 65 61 43 73 41 6 23 41 32 31
split_gain=31.8889 38.9983 33.1502 29.0932 54.8678 40.2484 36.1116 43.6663 40.4063 34.0937 42.3921 25.3702 20.8907
threshold=7.5000000000000009 0.99282095997133246 21.740666666666673 6.5000000000000009 46.750000000000007 61.968750000000007 13.500000000000002 2.5000000000000004 6.4685704022477815 7.6883298138304337 41.000000000000007 30.968750000000004 0.94258333333333344
decision_type=2 10 10 8 2 8 2 8 10 8 10 8 8
left_child=2 11 3 4 5 -1 7 -5 -8 10 -9 -2 -11
right_child=1 -3 -4 6 -6 -7 8 9 -10 12 -12 -13 -14
leaf_value=-0.021388951533221706 -0.018397342461905029 -0.036165170054075817 0.026792917650358142 -0.028049990230775163 0.043944313812632071 0.018266523295576664 0.029229607514405322 0.023396337350882229 -0.0084241673903686729 -0.0011751812387523234 -0.012995782810280194 0.013254753764741249 -0.029342011406387772
leaf_weight=111.4312976077199 117.59852008521557 118.70037255436182 139.45429319143295 204.69514053314924 104.65570996701717 147.50096084922552 158.84812973439693 204.41462786495686 127.89797715842724 136.35610581189394 130.26248740404844 134.80646000802517 126.43014680594206
leaf_count=275 289 343 368 526 336 430 417 525 329 346 342 376 376
internal_value=0.000519062 -0.0126599 0.00359727 0.00135335 0.0135791 0.00118419 -0.00273757 -0.00818037 0.0124639 -0.0013374 0.00923534 -0.00150674 -0.0147865
internal_weight=1963.05 371.105 1591.95 1452.49 363.588 258.932 1088.9 802.159 286.746 597.463 334.677 252.405 262.786
internal_count=5278 1008 4270 3902 1041 705 2861 2115 746 1589 867 665 722
is_linear=0
shrinkage=0.05


Tree=257
num_leaves=13
num_cat=0
split_feature=65 7 41 54 25 7 28 76 8 62 23 33
split_gain=26.3141 40.6995 45.279 41.7924 40.522 33.4516 36.7517 71.5436 32.8482 31.296 44.0439 25.471
threshold=6.5000000000000009 18.245700000000003 2.5000000000000004 23.095454545454547 0.056076923076923142 18.493871428571431 18.149147058823534 1.2423864599341539 17.261381650897899 24.625000000000004 7.1477011494252887 4.6125000000000007
decision_type=8 10 10 8 10 8 10 8 10 2 10 8
left_child=1 2 -1 -4 5 8 7 -7 9 10 11 -2
right_child=4 -3 3 -5 -6 6 -8 -9 -10 -11 -12 -13
leaf_value=0.024630914740590926 0.011668664595650793 0.031049050668876196 0.0090684918618921407 -0.033258860531632344 -0.026655740538237705 -0.045301993180075294 0.0064545583782970352 0.0019594194462585375 0.026581414792590397 -0.017826291544510785 0.027672355055026389 -0.018673137805686912
leaf_weight=123.8046535179019 128.12891510128975 153.80274834483862 112.87390799075365 118.9080305993557 166.80390528589487 153.44485251605511 200.68358698487282 166.12845549732447 155.20615300536156 162.7274407222867 169.95526322722435 148.06227475404739
leaf_count=333 307 432 349 348 424 345 560 467 445 476 453 365
internal_value=-0.000116026 0.00964987 0.000332915 -0.0126957 -0.0035484 -0.000528922 -0.010297 -0.0208039 0.00612689 0.000877859 0.00772462 -0.00460584
internal_weight=1960.53 509.389 355.587 231.782 1451.14 1284.34 520.257 319.573 764.08 608.874 446.146 276.191
internal_count=5304 1462 1030 697 3842 3418 1372 812 2046 1601 1125 672
is_linear=0
shrinkage=0.05


Tree=258
num_leaves=15
num_cat=0
split_feature=80 62 44 52 70 54 30 44 70 30 13 50 65 79
split_gain=21.6339 48.2272 33.5967 26.5426 23.9628 39.9798 38.5945 32.2444 23.1589 20.3213 29.9112 29.4079 30.6208 45.9848
threshold=21.404986389766705 26.375000000000004 0.56524272828620659 185.53125000000003 0.015397670553399143 18.440972222222225 0.19191790471247425 0.4958367997781476 0.18597579383228682 0.13733607342335696 0.15007596080235144 19.923818181818184 1.5000000000000002 2.6246911017624925
decision_type=2 2 8 8 2 10 10 10 2 10 10 10 10 10
left_child=1 3 -3 -1 6 -6 7 -5 -7 10 11 12 -9 -14
right_child=-2 2 -4 4 5 8 -8 9 -10 -11 -12 -13 13 -15
leaf_value=-0.023274577022190067 -0.017305497190156366 0.04600347186679013 0.0046987928828057697 -0.023723003717279541 0.014655690770903066 -0.035752475897388163 0.0322007510793378 0.025107393682603327 -0.0070516530480259146 -0.014054538280545845 0.030845367332942127 -0.019942734781163339 0.014312648824785463 -0.026991871224163466
leaf_weight=123.96699632704258 161.34775409847498 96.193684570491314 100.27844569832087 111.34106490015984 119.43142814934254 124.92825452238321 113.20402292907238 177.7054905667901 160.49322007596493 119.97522363811731 119.11521311104298 108.36578544229269 177.39009787887335 107.29161086678505
leaf_count=259 448 263 338 297 294 332 283 474 456 317 292 325 557 287
internal_value=0.000159305 0.0017696 0.0250523 -0.00117084 0.000747873 -0.00955035 0.00478386 0.00138334 -0.0196949 0.00486008 0.00816511 0.00338611 0.00888473 -0.0012943
internal_weight=1921.03 1759.68 196.472 1563.21 1439.24 404.853 1034.39 921.184 285.421 809.843 689.868 570.753 462.387 284.682
internal_count=5222 4774 601 4173 3914 1082 2832 2549 788 2252 1935 1643 1318 844
is_linear=0
shrinkage=0.05


Tree=259
num_leaves=13
num_cat=0
split_feature=79 12 27 23 69 30 12 65 9 30 79 14
split_gain=21.8109 44.5405 40.8546 37.991 51.2641 40.4764 37.6624 33.844 83.8867 34.8347 42.3009 39.12
threshold=2.3565519800895314 0.064365169173198636 23.068000000000001 6.8979786806114243 0.060026786349748625 0.1250574907677329 0.052951740054938044 6.5000000000000009 18.159333333333336 0.16399176952786376 1.9844309545475456 0.99483333333333346
decision_type=10 8 8 8 2 10 8 8 8 10 10 8
left_child=6 -2 3 -3 5 -5 -1 8 -8 10 11 -9
right_child=1 2 -4 4 -6 -7 7 9 -10 -11 -12 -13
leaf_value=-0.029728021731325213 0.024163093033574438 -0.013034777559367201 -0.020861642287891977 0.0087220700591405815 -0.0074546109949496777 0.046715469719757846 -0.016880609201725665 0.038809899370361584 0.046421441572180651 -0.034197714626162085 -0.019167916880455525 -0.0048849904358114569
leaf_weight=139.41575665771961 229.07731322944164 198.06972318887711 192.09693357348442 151.31151734292507 183.93848933279514 130.54085959494114 101.5665588080883 88.25274533033371 106.11415296792984 102.99151713401079 182.09321394562721 119.76880528777838
leaf_count=491 532 432 471 347 443 294 356 362 341 262 367 497
internal_value=-4.88394e-05 0.0046325 -0.000616516 0.00526425 0.0130569 0.0264218 -0.00609262 -0.00135489 0.0155309 -0.00848371 -0.00162505 0.0137495
internal_weight=1925.24 1085.03 855.958 663.861 465.791 281.852 840.203 700.787 207.681 493.106 390.115 208.022
internal_count=5195 2519 1987 1516 1084 641 2676 2185 697 1488 1226 859
is_linear=0
shrinkage=0.05


Tree=260
num_leaves=13
num_cat=0
split_feature=21 48 6 75 55 49 24 33 45 43 80 8
split_gain=29.4494 30.1507 35.0228 36.5149 34.024 46.0389 40.8824 32.7596 31.7143 31.1461 28.2947 23.4061
threshold=6.3693957115009754 18.818014705882359 9.2846554592489703 17.095000000000002 17.219375000000003 6.5000000000000009 0.033499999999999537 3.7416666666666667 21.839743589743595 62.408333333333339 7.2648141740283814 17.227262667895754
decision_type=10 2 10 10 2 2 10 10 8 10 2 8
left_child=1 8 3 7 5 -5 9 10 -1 -6 -3 -9
right_child=-2 2 -4 4 6 -7 -8 11 -10 -11 -12 -13
leaf_value=0.0022124380575446094 -0.016542443475401392 -0.0026713345741587436 -0.017028360326225556 0.0071509052433732685 0.0011903765720222019 0.043916087087131406 -0.015817750851348029 -0.030465004550668241 -0.029974776779124541 0.036221201224687784 0.026137957648484689 0.0031408760124307998
leaf_weight=204.60935112088919 194.99003355950117 205.03199191391468 135.96989542990923 149.25340892374516 129.3724329918623 198.68230381608009 132.2491445094347 116.71314311772585 121.13785507529974 123.65986773371696 144.65693306177855 92.244307160377502
leaf_count=516 497 567 387 331 291 457 334 411 334 318 378 419
internal_value=0.00184111 0.00389354 0.0070251 0.00956796 0.0168976 0.0282107 0.00663459 -6.51631e-05 -0.00981235 0.0183855 0.00928685 -0.0156854
internal_weight=1948.57 1753.58 1427.83 1291.86 733.217 347.936 385.281 558.646 325.747 253.032 349.689 208.957
internal_count=5240 4743 3893 3506 1731 788 943 1775 850 609 945 830
is_linear=0
shrinkage=0.05


Tree=261
num_leaves=12
num_cat=0
split_feature=64 23 64 24 46 64 51 43 43 44 56
split_gain=27.496 35.9847 31.0794 21.5769 30.4892 32.0776 61.1933 31.8236 39.1924 36.2635 30.1344
threshold=52.500000000000007 7.2078771351432032 41.500000000000007 -3.2770595238095233 61.393382352941181 68.500000000000014 4.4092238171185549 63.88194444444445 66.964285714285737 0.56833415255373354 4.3457205104263936
decision_type=8 10 10 8 2 10 8 10 10 10 2
left_child=1 2 -1 -2 10 7 -7 9 -9 -6 -5
right_child=3 -3 -4 4 5 6 -8 8 -10 -11 -12
leaf_value=-0.019973944084286731 0.014766062669432889 0.026544977028824315 0.015509047234682494 -0.032422271061596224 -0.012030210055403293 -0.011693644057635661 0.037902805976697776 -0.033837941074673916 0.0023061309208039569 0.016447801927587987 -0.0038273692386102567
leaf_weight=129.38450250774622 121.34272309392691 172.49290876835585 116.19964578747749 201.28887045383453 246.29395113140345 124.38108439743519 122.6766042932868 192.87148009985685 122.1256115436554 203.0085349008441 169.75140257924795
leaf_count=366 343 513 353 466 574 407 327 575 385 556 342
internal_value=-0.00221612 0.00911223 -0.00319014 -0.00536964 -0.00714649 -0.0026416 0.012987 -0.00770388 -0.0198618 0.000844974 -0.0193855
internal_weight=1921.82 418.077 245.584 1503.74 1382.4 1011.36 247.058 764.3 314.997 449.302 371.04
internal_count=5207 1232 719 3975 3632 2824 734 2090 960 1130 808
is_linear=0
shrinkage=0.05


Tree=262
num_leaves=13
num_cat=0
split_feature=62 62 76 80 80 48 4 76 46 41 40 5
split_gain=18.1059 80.1652 24.2673 32.327 34.9661 22.1425 50.8736 25.979 38.8422 23.0373 24.7975 21.7369
threshold=26.125000000000004 27.375000000000004 0.92643605253206951 19.173539607584313 17.476674965846534 19.393382352941178 8.824334299002965 1.121746183591841 60.575367647058833 24.500000000000004 5.5000000000000009 13.73666666666667
decision_type=2 2 8 2 2 2 10 8 2 8 2 8
left_child=2 -2 -1 4 5 6 -4 -7 -9 11 -11 -10
right_child=1 -3 3 -5 -6 7 -8 8 9 10 -12 -13
leaf_value=0.018544692458815678 0.03922675700357918 -0.010711275059030358 -0.018905052782039088 -0.0245124603093064 0.018513252958576875 -0.028607040571568404 0.021834931311062306 0.020308313076621641 -0.037533898819929953 -0.014420033641471749 0.014299879958991788 -0.0076408311046694977
leaf_weight=119.1407413482666 135.08606696873903 195.49582258611917 125.27054866403341 181.81092847138643 177.39118374139071 147.31921768188477 194.04684963077307 119.11114417761564 120.40267174690962 171.11492752283812 132.43506380915642 123.1394838988781
leaf_count=254 386 595 323 510 533 316 546 232 293 536 371 344
internal_value=-0.000889534 0.00975172 -0.0030776 -0.00481542 -0.0020656 -0.00530152 0.00584321 -0.00967777 -0.00545529 -0.0110913 -0.00188408 -0.0225125
internal_weight=1941.76 330.582 1611.18 1492.04 1310.23 1132.84 319.317 813.523 666.203 547.092 303.55 243.542
internal_count=5239 981 4258 4004 3494 2961 869 2092 1776 1544 907 637
is_linear=0
shrinkage=0.05


Tree=263
num_leaves=14
num_cat=0
split_feature=25 12 24 24 51 15 58 46 27 75 31 76 69
split_gain=25.3092 27.3447 24.6262 56.761 42.6759 34.9269 28.7463 35.7027 45.2651 41.7952 32.773 31.1502 23.5121
threshold=-0.046547619047619053 0.21581505180643112 1.0574000000000014 3.1130833333333343 4.5980519070472345 0.97960082289194639 18.264705882352946 64.577205882352956 15.345568181818184 14.435 0.95090073529411778 1.0822321008231313 0.010487898953951228
decision_type=8 10 8 8 10 8 2 2 8 10 8 10 2
left_child=-1 2 4 -4 5 -2 -5 8 9 -8 -9 -10 -7
right_child=1 -3 3 6 -6 12 7 10 11 -11 -12 -13 -14
leaf_value=-0.017132056516321992 0.044820013126846768 0.020167001657087038 -0.031508459964152864 -0.018053914109107005 -0.016318389451187142 0.026098248747282435 -0.007175564680061558 0.0014092196441670239 0.00043911921206701539 0.030831898571289859 0.039871837003672583 -0.031713049778529873 -0.0083884968144540325
leaf_weight=179.91256339102983 98.438949547708035 193.84535746276379 154.91473451256752 163.82660671323538 105.07741927355528 95.10550344735384 138.95052881538868 104.03887908905745 155.34615409374237 149.17032374441624 117.60897798091173 145.20688159763813 100.99595556408167
leaf_count=485 271 454 443 428 299 308 383 294 446 299 405 333 329
internal_value=0.000659365 0.00252649 0.000277847 -0.0034984 0.0109292 0.0206721 0.000983662 0.00485009 -0.00159783 0.0125408 0.0219054 -0.0151483 0.00838448
internal_weight=1902.44 1722.53 1528.68 1129.06 399.618 294.54 974.148 810.322 588.674 288.121 221.648 300.553 196.101
internal_count=5177 4692 4238 3031 1207 908 2588 2160 1461 682 699 779 637
is_linear=0
shrinkage=0.05


Tree=264
num_leaves=13
num_cat=0
split_feature=80 13 69 69 27 27 76 44 65 30 44 44
split_gain=22.1445 27.3613 87.9835 25.2986 28.7518 89.9723 29.5827 26.4452 25.459 28.0378 47.6447 29.1056
threshold=21.12071427872716 0.16861839658535269 0.023699764573345872 0.02499907687877613 11.822666666666668 15.320941176470591 3.1762283781920808 0.5810027932960895 8.5000000000000018 0.078805610729920109 0.53624283024650832 0.59754194069680189
decision_type=2 10 2 2 10 10 8 8 10 8 10 10
left_child=1 3 -3 4 6 -6 -1 -7 9 -5 -11 -12
right_child=-2 2 -4 8 5 7 -8 -9 -10 10 11 -13
leaf_value=-0.037875594320050401 -0.016645541061027943 0.042749836536511765 -0.010315599964835899 -0.0050097754219327363 0.033721902738426339 0.00056120397169876933 -0.0060945086638923389 -0.030121708107343159 -0.011141464571742863 -0.0072050887287368028 0.047519351434493207 0.012683959008403993
leaf_weight=128.69690908491611 184.59534767270088 147.88731460273266 163.67086670547724 191.09171687811613 135.5983766540885 132.28383458405733 169.23207584768534 148.60580921918154 180.06143464893103 119.15775668621063 128.80026348680258 113.26050993800163
leaf_count=282 508 361 389 525 334 341 487 495 533 264 359 329
internal_value=-0.000219262 0.00151369 0.0149292 -0.00138358 -0.00807229 0.000418633 -0.0199038 -0.015721 0.00514327 0.0104629 0.0186394 0.0313391
internal_weight=1942.94 1758.35 311.558 1446.79 714.417 416.488 297.929 280.89 732.372 552.31 361.219 242.061
internal_count=5207 4699 750 3949 1939 1170 769 836 2010 1477 952 688
is_linear=0
shrinkage=0.05


Tree=265
num_leaves=12
num_cat=0
split_feature=51 52 52 61 65 70 50 46 16 57 27
split_gain=20.0546 25.5665 19.9899 35.681 41.4311 34.4765 42.1384 127.542 35.5695 18.739 24.9449
threshold=3.7634838007924798 260.78888888888895 261.60984848484856 46.750000000000007 9.5000000000000018 0.19021461562247624 14.083636363636366 62.718750000000007 31.881944444444446 268.28125000000006 18.309333333333338
decision_type=8 10 10 2 8 2 10 2 8 2 8
left_child=1 -1 3 5 -5 6 -2 -8 -9 10 -4
right_child=2 -3 9 4 -6 -7 7 8 -10 -11 -12
leaf_value=-0.022112263536644819 -0.014532090001360199 0.0077181503191934425 0.015057730548843235 0.040004559760401764 0.0047302820937002287 -0.024104511397404892 0.035049042441105717 -0.027923881012003094 0.0071540995080415131 -0.02219032885970116 -0.017957641689516149
leaf_weight=203.92414144426584 223.5701791420579 109.952960960567 131.2776558175683 137.12308254092932 210.30001772195101 127.32569796591997 280.05831361562014 159.73309251666069 130.70252713561058 143.0912885889411 99.819411337375641
leaf_count=559 520 382 416 348 509 321 572 389 378 570 328
internal_value=-0.00011134 -0.0116712 0.00210279 0.00509768 0.0187274 -5.63279e-05 0.00382519 0.011032 -0.0121676 -0.00803892 0.000781235
internal_weight=1956.88 313.877 1643 1268.81 347.423 921.39 794.064 570.494 290.436 374.188 231.097
internal_count=5292 941 4351 3037 857 2180 1859 1339 767 1314 744
is_linear=0
shrinkage=0.05


Tree=266
num_leaves=14
num_cat=0
split_feature=79 46 50 8 52 50 70 61 8 12 6 31 23
split_gain=26.2437 28.8734 32.0778 44.4369 31.9819 46.3961 25.4576 51.4266 26.3448 62.8401 27.2802 23.0315 28.6763
threshold=1.5391525291865282 61.424632352941181 19.407500000000002 16.971689017777823 202.80909090909094 18.233461538461544 0.0053908747457134558 43.750000000000007 19.674415603861927 0.1485523845592496 7.2304071663453842 0.98558823529411776 7.346053791887126
decision_type=8 2 8 10 10 8 2 2 10 10 10 8 8
left_child=-1 2 3 -2 5 -3 8 -8 9 10 11 12 -6
right_child=1 4 -4 -5 6 -7 7 -9 -10 -11 -12 -13 -14
leaf_value=-0.022573281473404871 0.013364043003838297 0.039438001003772372 -0.028475663738541969 -0.022670092980398196 0.034032856947579765 0.00059828851647730828 -0.036327516777663521 0.0049731081389063443 -0.014212677641703487 0.04245866633164528 -0.017762036276770681 -0.0097548435555764035 -0.0014260198969084066
leaf_weight=125.35170483589172 214.06146523356438 144.77302373200655 150.2054635733366 141.08196550607681 127.47662877291441 162.78397795557976 122.98732993751764 191.71218165010214 132.7825244218111 120.08869890868664 126.02989740669727 106.31239119172096 102.37446870654821
leaf_count=448 490 337 350 275 346 401 337 590 378 291 368 342 312
internal_value=-0.000529101 0.000981933 -0.00918852 -0.000974104 0.00482915 0.0189495 0.000597587 -0.0112315 0.00581197 0.0103949 0.00199029 0.00942628 0.0183019
internal_weight=1968.02 1842.67 505.349 355.143 1337.32 307.557 1029.76 314.7 715.065 582.282 462.193 336.163 229.851
internal_count=5265 4817 1115 765 3702 738 2964 927 2037 1659 1368 1000 658
is_linear=0
shrinkage=0.05


Tree=267
num_leaves=13
num_cat=0
split_feature=43 4 16 53 53 31 24 30 79 70 5 12
split_gain=23.8487 24.6442 28.9757 24.4729 53.1235 47.5229 45.6883 37.4531 34.0138 38.6762 33.0398 25.9923
threshold=58.038461538461547 4.0930681326391696 22.577777777777783 3.0741758241758248 2.5505050505050506 0.95422222222222242 3.0609444444444427 0.15772826685191374 2.6020758854227286 0.03117316544146476 16.466666666666672 0.11117690058479533
decision_type=8 8 8 10 10 10 8 10 10 2 8 8
left_child=-1 -2 -3 4 7 -6 -5 8 9 10 -4 -10
right_child=1 2 3 6 5 -7 -8 -9 11 -11 -12 -13
leaf_value=0.012799363271982084 -0.020730050524659108 0.023554649761480022 0.032415190856589414 -0.036851244313384872 -0.00043019043819098805 0.044318454430754939 0.0051005961509381671 0.012953798072592887 -0.0069012680366851474 -0.027273647311654037 -0.0038904566761651053 -0.03558202315039629
leaf_weight=256.43362492322922 184.55328638106585 106.86721325665712 94.948675751686096 137.28554610162973 124.76667277514935 112.09447018057108 121.88929085433483 206.56093826144934 140.25180034339428 101.33901818096638 180.13110154122114 181.60860842466354
leaf_count=531 491 274 311 388 333 341 334 541 367 335 585 416
internal_value=-0.00138031 -0.00353524 -0.00141819 -0.00333871 -0.000184891 0.0208444 -0.0171776 -0.00570668 -0.0112374 -0.0010218 0.0087131 -0.0231444
internal_weight=1948.73 1692.3 1507.74 1400.88 1141.7 236.861 259.175 904.84 698.279 376.419 275.08 321.86
internal_count=5247 4716 4225 3951 3229 674 722 2555 2014 1231 896 783
is_linear=0
shrinkage=0.05


Tree=268
num_leaves=15
num_cat=0
split_feature=6 26 80 75 28 57 43 51 51 75 57 55 32 44
split_gain=28.601 61.3987 30.0904 54.7581 45.3531 32.7325 23.3112 29.8077 29.2004 54.4426 48.3715 38.0096 25.4423 22.991
threshold=6.3644391122847113 16.500000000000004 18.067400545277376 17.715000000000003 15.805121794871797 237.94117647058826 59.25833333333334 4.0314980158730167 4.1461520981669455 18.985000000000003 227.78125000000003 16.334007352941182 30.906250000000004 0.57052411539508896
decision_type=10 2 2 8 8 2 10 10 8 8 2 2 8 10
left_child=1 6 3 -2 -5 -4 7 -1 11 -10 -11 -8 -13 -12
right_child=2 -3 5 4 -6 -7 8 -9 9 10 13 12 -14 -15
leaf_value=0.0011328423106302906 -0.02583521720544716 0.035129826874920479 -0.038738506280937113 0.038998540414028525 -0.0021463806326634631 -0.0051575275335050859 -0.030729495797102036 -0.030297018797522286 0.036798771594536088 0.03036417524367966 -0.032005715027000607 -0.013696265571865205 0.021086243545411429 0.0018199366558511378
leaf_weight=185.64140804111958 141.27296736836433 138.49969598650932 136.86641845107079 100.55343218892813 196.41857300698757 153.95967593789101 109.2683634981513 125.99516075849533 153.81222945451736 90.132797740399837 90.780614994466305 94.507720522582531 116.07801245898008 110.75265643745661
leaf_count=477 278 226 343 284 620 467 290 272 336 238 291 272 410 431
internal_value=-0.000777339 0.00391836 -0.0086004 -0.000316345 0.0118692 -0.0210397 -0.000124348 -0.0116306 0.00456994 0.0128337 0.00011293 -0.00694351 0.00548542 -0.0134996
internal_weight=1944.54 1215.47 729.071 438.245 296.972 290.826 1076.97 311.637 765.332 445.478 291.666 319.854 210.586 201.533
internal_count=5235 3243 1992 1182 904 810 3017 749 2268 1296 960 972 682 722
is_linear=0
shrinkage=0.05


Tree=269
num_leaves=13
num_cat=0
split_feature=47 31 55 7 55 25 69 57 65 44 13 62
split_gain=19.7461 38.3296 27.5004 30.7143 47.8224 29.1952 40.7311 46.8319 29.9979 36.5795 32.4258 23.9961
threshold=0.63274769058556901 0.85482142857142873 16.440000000000001 18.593457142857144 14.890110294117649 -0.004772727272727261 0.077187459055106128 246.48713235294119 8.5000000000000018 0.5418392085410112 0.10166526920076764 21.625000000000004
decision_type=2 10 2 10 2 8 2 2 10 10 10 2
left_child=2 -2 3 4 -1 -4 8 -8 9 -7 -11 -6
right_child=1 -3 5 -5 11 6 7 -9 -10 10 -12 -13
leaf_value=0.015149718559384281 0.034580868208731345 -0.0080532220481235352 0.020136798440760672 -0.032529067964365672 -0.03332329330658703 -0.033950746208021597 -0.0042437428832300056 0.031488436269075881 0.010965400658258297 0.010925637675895012 -0.022407495841210115 -0.002898050924627975
leaf_weight=177.76797314733267 108.80403151363134 100.80817213654518 191.04189030826092 128.26461626589298 131.72431306540966 167.7175165489316 203.34437757730484 165.70645573735237 139.83023933321238 155.12080355733633 136.03572990745306 127.04804092645645
leaf_count=473 305 355 525 326 306 397 463 514 421 421 355 324
internal_value=-0.000316782 0.0141361 -0.00208162 -0.0111177 -0.00476668 0.00232844 -0.00120422 0.011842 -0.00925245 -0.0154238 -0.00467184 -0.0184542
internal_weight=1933.21 209.612 1723.6 564.805 436.54 1158.8 967.755 369.051 598.704 458.874 291.157 258.772
internal_count=5185 660 4525 1429 1103 3096 2571 977 1594 1173 776 630
is_linear=0
shrinkage=0.05


Tree=270
num_leaves=15
num_cat=0
split_feature=33 54 79 52 61 76 5 61 52 9 76 8 41 57
split_gain=20.5345 25.4848 35.5323 31.9621 37.4011 29.6739 37.8434 27.9994 23.8162 30.5813 25.6222 27.9541 26.8136 23.7166
threshold=9.7196078431372559 24.345238095238098 3.3704079441369932 231.41428571428574 47.750000000000007 1.0405599227894604 19.230000000000004 45.750000000000007 193.89903846153848 19.844666666666672 1.3828049907467088 16.92970132204027 15.500000000000002 251.25000000000003
decision_type=10 8 10 8 2 8 10 2 10 8 10 8 8 2
left_child=1 5 3 -3 7 -1 8 -5 -7 10 11 12 -10 -6
right_child=-2 2 -4 4 13 6 -8 -9 9 -11 -12 -13 -14 -15
leaf_value=-0.014819209274679446 0.019570804647185667 -0.028958036496327413 -0.035056703328932182 4.6575215078731823e-05 -0.034375868979593042 -0.0173817306434552 0.032000236410863074 0.031151119419941271 0.022346168106087111 0.030354256406310495 0.019015328026776104 -0.027466472150655886 -0.0085830309037372467 -0.00051630242336753954
leaf_weight=200.91350953280926 113.47996176034212 111.09444932639599 113.37469908595085 197.16769490391016 93.759501293301582 127.52543812245131 123.34953055530787 113.29117090255022 108.42590507119894 107.94470300525427 149.288828805089 103.30197682976723 193.90829101204872 113.92253353446722
leaf_count=444 294 240 289 549 241 287 400 296 302 316 336 319 559 427
internal_value=-0.000982443 -0.00224811 -0.00941741 -0.00474947 0.000486867 0.00253239 0.00635968 0.0114607 0.00232282 0.00613413 0.00137668 -0.00514578 0.00254619 -0.0158939
internal_weight=1970.75 1857.27 742.61 629.235 518.141 1114.66 913.745 310.459 790.395 662.87 554.925 405.636 302.334 207.682
internal_count=5299 5005 2042 1753 1513 2963 2519 845 2119 1832 1516 1180 861 668
is_linear=0
shrinkage=0.05


Tree=271
num_leaves=13
num_cat=0
split_feature=64 30 11 80 50 47 52 53 15 76 33 61
split_gain=19.9959 53.1272 31.1068 28.0962 26.8953 25.1067 30.5434 28.4558 29.5302 38.5827 34.9723 29.0858
threshold=69.500000000000014 0.11449091407695038 0.001168667270933855 14.762995608121045 20.80261904761905 0.61137879064669354 242.53939393939396 3.2071428571428577 0.98677540496404104 1.134824343640102 5.5669642857142856 44.750000000000007
decision_type=10 8 8 2 10 2 10 10 10 8 8 2
left_child=2 -2 4 -4 5 7 -7 8 9 -1 -11 -10
right_child=1 -3 3 -5 -6 6 -8 -9 11 10 -12 -13
leaf_value=-0.034844184935199932 -0.012917360034105577 0.025363763560908449 -0.0046732739254681747 -0.036719817273721041 0.017198659886124606 -0.001386297259642831 -0.03631166858717861 0.019531564678399869 0.027548779455490526 -0.017118534891435343 0.015580782568557522 -0.0061435615979069675
leaf_weight=124.70514436066151 155.76248375326395 214.17846836149693 155.36300520598888 121.6634519547224 185.02605824172497 138.4138692393899 113.41481234133244 162.1060831323266 121.50168634206057 178.8089963644743 148.98184850811958 133.64240750670433
leaf_count=259 482 536 408 336 518 360 411 387 319 461 392 392
internal_value=-0.00119648 0.00925424 -0.00364211 -0.0188288 -0.000410281 -0.00332796 -0.0171969 0.000702822 -0.00363194 -0.011293 -0.00225442 0.00994592
internal_weight=1953.57 369.941 1583.63 277.026 1306.6 1121.57 251.829 869.746 707.64 452.496 327.791 255.144
internal_count=5261 1018 4243 744 3499 2981 771 2210 1823 1112 853 711
is_linear=0
shrinkage=0.05


Tree=272
num_leaves=14
num_cat=0
split_feature=15 54 14 51 59 15 23 50 5 75 76 6 41
split_gain=26.3884 33.1564 38.0344 30.726 31.3848 77.0591 65.4813 54.1359 29.5142 29.1144 29.5509 27.8944 23.5589
threshold=0.94935771995097296 19.031250000000004 0.83354166666666674 3.7187036037251997 0.75000000000000011 0.98265972986026839 6.4366284201235668 17.37587412587413 18.856666666666673 21.655000000000005 1.195478888071847 4.071440244375796 70.500000000000014
decision_type=8 10 10 8 2 8 10 10 8 10 8 10 8
left_child=1 -1 12 8 9 -6 -7 -8 -2 10 -5 -12 -3
right_child=3 2 -4 4 5 6 7 -9 -10 -11 11 -13 -14
leaf_value=0.0084637023457288935 0.0018991632035437634 0.0095066251276366802 -0.036297560647093323 -0.022365589452316759 0.049111779589339814 0.025482809893420062 -0.035937279764418274 0.010137269044822246 -0.03594273794157337 0.018973088815974752 -0.013027277101628182 0.021139476610076452 -0.018891397883782364
leaf_weight=161.51464812457561 106.34391925483942 126.13573362678289 173.23006591200829 221.28567293286324 115.83374633640051 191.30214226990938 127.95943449437618 125.4058435484767 98.784234724938869 112.97767481207848 126.64519570767879 111.31596069782972 170.93895380198956
leaf_count=408 325 313 452 468 289 482 354 393 294 299 364 403 456
internal_value=-0.00263016 -0.0110429 -0.0177458 0.00134817 0.00457576 0.0129746 0.003472 -0.013182 -0.0164104 -0.00365932 -0.00925616 0.00297718 -0.00684236
internal_weight=1969.67 631.819 470.305 1337.85 1132.73 560.501 444.667 253.365 205.128 572.225 459.247 237.961 297.075
internal_count=5300 1629 1221 3671 3052 1518 1229 747 619 1534 1235 767 769
is_linear=0
shrinkage=0.05


Tree=273
num_leaves=15
num_cat=0
split_feature=25 21 24 41 46 75 50 13 62 60 59 58 21 75
split_gain=17.4985 17.8226 60.565 31.3286 25.74 35.1727 34.2473 37.3999 56.686 34.4218 29.0752 23.0132 44.5082 32.3151
threshold=0.1516666666666667 5.2458839406207831 -0.83355000000000234 9.0000000000000018 65.757352941176478 20.575000000000003 14.168333333333335 0.057205469248219544 24.625000000000004 -1.7499999999999998 1.0000000180025095e-35 23.726102941176475 4.202272727272728 18.685000000000006
decision_type=10 10 10 10 2 8 8 10 2 2 2 2 10 10
left_child=1 4 3 -3 6 -6 -1 8 9 -8 -7 12 13 -9
right_child=-2 2 -4 -5 5 10 7 11 -10 -11 -12 -13 -14 -15
leaf_value=-0.011986594110854218 0.021977271576508594 -0.038530045498550214 0.020511875149850315 -0.004189667367334675 -0.036800822392609608 0.025355604803110266 -0.003736979142753203 0.0074022233773749476 -0.03080627985186728 0.031625798569535596 -0.018187235113983027 0.031918716767315995 -0.013520373569489081 0.041975002507316443
leaf_weight=193.85062438249588 111.51720284670591 131.87230737507343 127.03595238178968 133.33831530809402 83.102072447538376 75.339800097048283 165.47998072952032 153.8306020796299 113.1022060289979 116.5786926522851 76.041139043867588 212.86711396276951 122.09526127576828 120.3092353194952
leaf_count=456 290 317 363 327 218 304 454 406 323 275 321 593 305 297
internal_value=0.00283993 0.00165904 -0.00777159 -0.0213455 0.00424477 -0.0108736 0.0072102 0.0109239 -0.00105683 0.010939 0.0035075 0.0186856 0.011514 0.0226723
internal_weight=1936.36 1824.84 392.247 265.211 1432.6 234.483 1198.11 1004.26 395.161 282.059 151.381 609.102 396.235 274.14
internal_count=5249 4959 1007 644 3952 843 3109 2653 1052 729 625 1601 1008 703
is_linear=0
shrinkage=0.05


Tree=274
num_leaves=14
num_cat=0
split_feature=33 23 76 6 56 15 21 75 79 21 56 69 31
split_gain=18.3171 24.1765 30.074 29.6652 39.0454 27.5056 76.3347 49.0224 39.6611 29.1902 23.9237 23.5091 18.8217
threshold=9.7196078431372559 7.9486277269528509 1.2246658051223689 8.0357357104218696 4.3114429864039048 0.99111016504043314 3.389566395663957 18.655000000000005 2.1490792796411733 5.1681547619047628 4.2989508397271399 0.052554237438013532 0.66125000000000012
decision_type=10 8 8 10 2 10 10 10 10 10 2 2 10
left_child=1 3 10 5 -5 7 -7 8 -1 -8 -3 -4 -10
right_child=-2 2 11 4 -6 6 9 -9 12 -11 -12 -13 -14
leaf_value=0.028468038828934384 0.019034756082727838 -0.036509069928110892 -0.01120006158260381 0.0050004414918919798 -0.033898420054474493 0.024522489601709496 -0.036580103761549902 0.037845842337366001 0.0071068183948731533 -0.0022544120018527236 -0.0070116746153832182 0.015258542939500847 -0.018589657946764673
leaf_weight=121.30289360135794 114.40608377754688 137.49009363353252 190.59195218235254 143.99868186563253 115.54582378268242 151.31386065483093 130.64175795763731 152.79628399014473 143.57367204129696 117.22959773987532 137.64736804366112 148.43640279024839 139.71120730042458
leaf_count=440 298 335 571 404 298 454 362 367 326 304 317 454 300
internal_value=-0.00028567 -0.00150307 -0.00958108 0.00258103 -0.0123805 0.0066492 -0.00336567 0.0138148 0.00466831 -0.0204202 -0.0218308 0.000395085 -0.00558705
internal_weight=1944.69 1830.28 614.166 1216.11 259.545 956.569 399.185 557.384 404.588 247.871 275.137 339.028 283.285
internal_count=5230 4932 1677 3255 702 2553 1120 1433 1066 666 652 1025 626
is_linear=0
shrinkage=0.05


Tree=275
num_leaves=13
num_cat=0
split_feature=43 79 58 76 9 50 50 75 4 32 4 13
split_gain=23.9863 24.1751 44.1788 23.7977 53.7605 51.6481 42.3144 30.6544 26.8782 24.9769 22.1724 19.2622
threshold=58.038461538461547 2.004643255124845 23.272058823529417 1.1602693251479554 19.492333333333338 17.767333333333337 19.672954545454548 17.095000000000002 20.346648164813999 7.6904761904761916 9.5805899829615679 0.068121824154089114
decision_type=8 8 2 8 10 10 10 10 8 10 8 10
left_child=-1 2 -2 5 6 8 7 9 -3 -5 -11 -12
right_child=1 3 -4 4 -6 -7 -8 -9 -10 10 11 -13
leaf_value=0.013837879506070312 -0.0050224625821734667 -0.039483164489589974 0.034179377536246669 0.007147080922225559 0.030898107700551319 0.0087081044155644886 -0.028476178301993556 0.015648513101519643 -0.010888397071707674 -0.039074810367214184 0.0098846087126223618 -0.025873207026111594
leaf_weight=257.46958162635565 183.23911994695663 167.54586178064346 117.0201056599617 166.11816857755184 117.80417980998755 165.14993011951447 155.18332286179066 218.79912611842155 162.42094574868679 81.292310699820518 80.469417467713356 69.161602541804314
leaf_count=538 516 345 312 493 381 420 486 522 363 211 312 338
internal_value=-0.000345085 -0.0025202 0.0103184 -0.0053111 -0.000413914 -0.0140839 -0.00523188 0.000662031 -0.0254833 -0.00761519 -0.0182197 -0.00670521
internal_weight=1941.67 1684.2 300.259 1383.94 888.828 495.117 771.024 615.841 329.967 397.041 230.923 149.631
internal_count=5237 4699 828 3871 2743 1128 2362 1876 708 1354 861 650
is_linear=0
shrinkage=0.05


Tree=276
num_leaves=14
num_cat=0
split_feature=50 13 47 52 69 12 43 58 30 61 23 79 73
split_gain=33.6409 45.5959 31.3336 35.0106 37.9484 40.9355 56.212 44.3968 36.957 30.9643 29.8291 28.2994 30.2531
threshold=12.542500000000002 0.18826495926411585 0.63886841967643337 211.44097222222226 0.20075984270272385 0.1485523845592496 59.67948717948719 22.150735294117649 0.12655012997754936 45.250000000000007 6.7567265926640934 2.8483453977089415 10.500000000000002
decision_type=8 10 2 8 2 8 10 2 10 2 10 10 2
left_child=-1 2 3 10 5 6 -5 -7 11 -3 -2 12 -8
right_child=1 9 -4 4 -6 7 8 -9 -10 -11 -12 -13 -14
leaf_value=0.022341972233575706 0.0039758103935855285 -0.005677284473171413 -0.024499826804726982 0.032772337460513258 -0.01622043295750945 0.0037077962138560849 0.029578041247503836 0.042964129638966113 -0.031373149961617407 -0.037623133032987394 -0.028172799197033718 -0.018693648340385081 -0.0027470846543547743
leaf_weight=138.0563650354743 136.82288094609976 160.91746938973665 115.27092120051384 128.39109551906586 154.60344632714987 127.6109634116292 122.26827953010798 164.95263007283211 99.063573911786079 143.20796624571085 151.14304234087467 112.9125719666481 174.96943278610706
leaf_count=352 297 382 350 312 448 339 452 412 293 362 339 343 560
internal_value=-0.00135032 -0.00318689 0.000423296 0.00253244 0.00664711 0.0104613 0.00334217 0.0259122 -0.00412792 -0.0207941 -0.012937 0.00251292 0.0106044
internal_weight=1930.19 1792.13 1488.01 1372.74 1084.77 930.169 637.605 292.564 509.214 304.125 287.966 410.15 297.238
internal_count=5241 4889 4145 3795 3159 2711 1960 751 1648 744 636 1355 1012
is_linear=0
shrinkage=0.05


Tree=277
num_leaves=13
num_cat=0
split_feature=66 51 60 46 44 50 50 60 55 28 50 57
split_gain=29.6132 24.7911 37.5099 35.6115 24.6949 47.5592 40.63 39.6148 37.9486 26.4145 33.2764 24.6634
threshold=4.5000000000000009 5.0014164305949018 -7.2499999999999991 66.676470588235304 0.51592556470939954 19.630000000000003 18.018461538461541 2.7500000000000004 15.396838235294119 15.655000000000001 14.013809523809526 236.08823529411768
decision_type=2 10 2 2 8 10 10 2 2 10 10 2
left_child=-1 2 -2 4 -4 6 8 -7 -6 11 -11 -10
right_child=1 -3 3 -5 5 7 -8 -9 9 10 -12 -13
leaf_value=0.024473497892059101 0.018645693453734867 0.014844139434157433 0.0073619848473640212 0.018567019365147784 0.009679948060022911 -0.049804026648270314 0.016240567975382647 -0.0086017453232325649 -0.042714526898587027 -0.027045080594981161 0.0078190479821977927 -0.012686826014669415
leaf_weight=115.7992015182972 169.28751681745052 205.1133943349123 203.73094893991947 131.51753008365631 165.43639792501926 130.11876358836889 163.51713973283768 105.99537216871977 144.38192079216242 116.16990828514099 163.78267393261194 131.35358355939388
leaf_count=318 493 505 448 492 388 371 488 312 299 308 482 334
internal_value=6.35459e-05 -0.00149325 -0.00356291 -0.00615609 -0.00862318 -0.0115329 -0.00619499 -0.031422 -0.0112978 -0.0175493 -0.00669304 -0.0285076
internal_weight=1946.2 1830.41 1625.29 1456 1324.49 1120.76 884.642 236.114 721.124 555.688 279.953 275.736
internal_count=5238 4920 4415 3922 3430 2982 2299 683 1811 1423 790 633
is_linear=0
shrinkage=0.05


Tree=278
num_leaves=12
num_cat=0
split_feature=0 47 4 57 52 24 36 20 33 3 2
split_gain=28.0876 27.1391 46.5195 28.3126 33.307 38.6866 36.401 29.6364 27.7813 26.3382 48.7487
threshold=13.500000000000002 0.56462136385632877 21.936196453193165 210.52941176470591 238.83750000000003 0.9518333333333332 0.48553678906582898 7.2583333333333346 5.8875000000000002 16.97549450549451 2.5000000000000004
decision_type=2 2 8 2 8 10 10 8 8 10 2
left_child=1 2 9 -3 6 7 -5 8 -6 10 -1
right_child=-2 3 -4 4 5 -7 -8 -9 -10 -11 -12
leaf_value=0.024390764791512753 0.024328536935554701 -0.022700640032606557 0.027268738865503125 -0.0081378557259910514 0.025584440364328671 -0.036705155979838984 0.022705065847986247 -0.018745861951570849 -0.0095797295383768192 -0.016576354624712596 -0.012209960559332099
leaf_weight=188.28385847806931 118.4443482235074 199.37170074880123 199.26158108562231 170.26908959448338 117.17351336032152 108.24196998775005 216.15111764520407 169.86591719835997 106.28054081648588 178.96800618618727 174.29290752857924
leaf_count=458 311 490 474 403 395 384 559 563 366 422 421
internal_value=0.000837462 -0.000696965 0.00667846 -0.00572331 -0.00189027 -0.010381 0.00912876 -0.00306184 0.00889128 -0.000934033 0.00681138
internal_weight=1946.6 1828.16 740.806 1087.35 887.982 501.562 386.42 393.32 223.454 541.545 362.577
internal_count=5246 4935 1775 3160 2670 1708 962 1324 761 1301 879
is_linear=0
shrinkage=0.05


Tree=279
num_leaves=13
num_cat=0
split_feature=58 41 33 5 76 46 43 49 48 41 7 9
split_gain=27.1564 43.2196 33.7053 43.5144 58.3105 26.1823 48.3495 38.0484 28.5799 34.9281 21.5252 18.8337
threshold=21.60661764705883 138.00000000000003 7.9054621848739508 17.183333333333341 1.0405599227894604 62.588235294117659 64.51666666666668 7.5000000000000009 23.031250000000004 11.500000000000002 16.050916666666669 16.818333333333339
decision_type=2 8 8 8 10 2 8 2 2 10 10 10
left_child=1 2 3 10 -5 6 7 -2 11 -10 -1 -7
right_child=5 -3 -4 4 -6 8 -8 -9 9 -11 -12 -13
leaf_value=0.021032191143265579 -0.023194288687917054 -0.012698900002145908 -0.0020584325037958625 0.013660096373104539 0.063545892014967728 -0.0107728088941536 0.031472204024587988 0.011138003050980998 0.015280578070810711 -0.01717994670430412 -0.007486839555901824 -0.038201178459308746
leaf_weight=144.98596158623695 142.29821184277534 173.85600408911705 203.68347547203302 122.68717674165964 112.34662166237831 162.42012704908848 136.51476942747831 183.79980017244816 181.49852195382118 150.80561376363039 120.27515624463558 102.04340635240078
leaf_count=357 311 446 553 380 254 478 329 444 513 535 311 321
internal_value=0.00307459 0.00957282 0.0150833 0.0220523 0.0376738 -0.00231399 0.00660571 -0.00386856 -0.009228 0.000542059 0.00812149 -0.0214601
internal_weight=1937.21 877.834 703.978 500.295 235.034 1059.38 462.613 326.098 596.768 332.304 265.261 264.464
internal_count=5232 2301 1855 1302 634 2931 1084 755 1847 1048 668 799
is_linear=0
shrinkage=0.05


Tree=280
num_leaves=14
num_cat=0
split_feature=30 54 30 44 30 6 6 54 54 28 47 43 6
split_gain=31.0043 28.8677 44.818 44.2221 29.9454 51.8173 46.173 34.0476 51.6961 33.7836 33.4762 37.407 27.3228
threshold=0.24919841542812535 24.516666666666669 0.14888413857585145 0.5810027932960895 0.11250836921792805 4.737892639306132 6.658203782525459 21.630681818181824 19.839743589743595 14.706783333333334 0.55455046698240895 62.806250000000006 7.36927702969506
decision_type=10 10 8 10 8 8 8 8 10 10 2 8 8
left_child=1 4 3 -3 7 -6 -7 8 12 -9 -8 -12 -1
right_child=-2 2 -4 -5 5 6 10 9 -10 -11 11 -13 -14
leaf_value=0.017354062569360326 -0.023511627062859544 0.021678222174745382 -0.024574744182050513 -0.012342633721636249 -0.015500182470915806 0.048220321855063766 0.035293146730898776 -0.0060828851191555939 -0.039178715064813574 0.030786205439698379 0.024867615906124088 -0.010534331927146168 -0.016295251488272759
leaf_weight=131.10405112802982 118.0602636039257 182.8230304569006 213.16564939916134 197.90142226219177 118.35129053145647 119.63890232890844 120.68741204589605 118.64365820586681 110.41766487061977 128.80936586111784 127.09887121617794 177.80505608767271 110.04252149909735
leaf_count=381 261 485 593 596 308 323 292 290 302 388 291 472 309
internal_value=0.00122396 0.00280879 -0.00627524 0.0040081 0.00708324 0.0143909 0.0208958 -0.00102258 -0.0110111 0.0131556 0.0131195 0.00425598 0.00199497
internal_weight=1974.55 1856.49 593.89 380.724 1262.6 663.582 545.23 599.017 351.564 247.453 425.591 304.904 241.147
internal_count=5291 5030 1674 1081 3356 1686 1378 1670 992 678 1055 763 690
is_linear=0
shrinkage=0.05


Tree=281
num_leaves=14
num_cat=0
split_feature=23 79 36 21 15 75 57 16 36 33 44 23 6
split_gain=23.7786 20.8133 55.4609 40.3217 53.2658 47.0296 41.7706 41.5441 22.5121 55.2076 31.2036 36.1081 21.2976
threshold=4.8374080699662096 1.9619347891840795 0.70805928541801244 4.0034013605442187 0.98833834916523455 20.285000000000004 229.90625000000003 27.522727272727277 0.54306232510459507 4.0312500000000018 0.55860928239770025 6.6132163350473219 6.3644391122847113
decision_type=8 8 8 8 10 8 2 8 10 10 8 10 8
left_child=-1 2 -2 4 6 -6 -3 -5 9 -9 -10 -12 -8
right_child=1 3 -4 7 5 -7 12 8 10 -11 11 -13 -14
leaf_value=0.022388890243086448 -0.0057709444808086846 -0.04310447870540815 0.037490543008197486 0.025646644731243687 0.026033027291208096 -0.017073606253423468 0.004879799280396782 -0.0091686054534045307 -0.029560492781870451 0.037403815223118343 -0.020625309122252123 0.016003510434562686 -0.023675852615047441
leaf_weight=120.59001886099577 186.53355884552002 158.04246629029512 121.64976960420609 180.16946095973253 135.98006956279278 116.66128448396921 120.42981956899166 154.0141260176897 124.02483697235584 107.07554353028536 115.22416659444571 158.77804063260555 140.88723555952311
leaf_count=283 468 355 354 438 303 483 347 443 320 285 306 472 396
internal_value=0.000981297 -0.000449065 0.0113718 -0.00286551 -0.0119838 0.006139 -0.0228904 0.00444089 -0.00138577 0.0100011 -0.00886142 0.000581269 -0.0105473
internal_weight=1940.06 1819.47 308.183 1511.29 672.001 252.641 419.36 839.286 659.117 261.09 398.027 274.002 261.317
internal_count=5253 4970 822 4148 1884 786 1098 2264 1826 728 1098 778 743
is_linear=0
shrinkage=0.05


Tree=282
num_leaves=13
num_cat=0
split_feature=69 25 75 45 45 62 33 75 44 54 58 55
split_gain=18.8242 41.0218 59.5872 46.1629 44.9881 39.0579 37.7016 33.1662 37.5368 35.5938 28.4765 23.5778
threshold=0.041292319412961534 0.021055555555555609 20.755000000000006 19.183333333333337 22.723809523809528 26.125000000000004 6.7416666666666671 16.205000000000002 0.64067299911220066 21.968750000000004 22.545955882352946 17.089301470588239
decision_type=2 8 10 10 10 2 10 8 8 10 2 2
left_child=1 6 3 -3 -5 7 11 -2 9 -9 -11 -1
right_child=5 2 -4 4 -6 -7 -8 8 -10 10 -12 -13
leaf_value=0.01522341333551451 0.02706976022091083 -0.020912442708706673 -0.039081708105335899 0.032977417679784481 -0.0050220510883596248 0.032714322706199103 0.032412692979259312 -0.023239981668816637 0.021105597698628298 0.023262403947816125 -0.0087948807586697413 -0.015108297255587098
leaf_weight=121.69635633379221 120.58954028785229 204.58980070054531 137.67605458199978 123.64923764765263 207.05801155418158 129.36247823387384 129.68630289286375 213.85094486922026 143.2864132001996 111.86539205163717 178.44859913736582 133.08793657273054
leaf_count=333 232 525 349 313 528 388 414 576 412 306 497 377
internal_value=0.0020861 -0.00243323 -0.00987183 -0.00230032 0.00924228 0.00740818 0.010579 0.00310882 -0.00138883 -0.00781099 0.00359506 -0.000617642
internal_weight=1954.85 1057.44 672.973 535.297 330.707 897.403 384.471 768.041 647.451 504.165 290.314 254.784
internal_count=5250 2839 1715 1366 841 2411 1124 2023 1791 1379 803 710
is_linear=0
shrinkage=0.05


Tree=283
num_leaves=12
num_cat=0
split_feature=19 25 36 36 57 28 41 51 47 55 46
split_gain=18.6203 32.6212 34.7678 58.452 34.9246 27.0074 31.5069 43.6412 26.2287 17.6665 17.579
threshold=2.9198717948717952 0.019128787878787915 0.66715468606999095 0.90330940313076902 228.2352941176471 16.292822916666669 7.5000000000000009 4.8093991648623575 0.59322450663113158 17.709411764705887 63.636029411764717
decision_type=10 10 10 10 2 8 8 8 2 2 2
left_child=5 2 4 -4 -2 8 -7 10 9 -1 -8
right_child=1 -3 3 -5 -6 6 7 -9 -10 -11 -12
leaf_value=-0.00092312054096882988 -0.032086755902838271 -0.023657459741468656 0.03345919505453767 -0.0083524005020939908 0.0011071097099016247 0.02829517729806591 0.031305062568174009 -0.02490542226763133 0.01378881629471141 -0.021627018161873141 0.0028771914588409282
leaf_weight=238.09358283132315 129.42860930413008 195.08131534606218 153.76695769280195 181.07042916119099 201.75402235239744 193.66442320495844 94.074215613305569 97.76924342662096 161.16756132245064 180.76627567410469 127.58275362104177
leaf_count=578 272 500 383 497 541 558 285 267 483 442 432
internal_value=-0.000236768 -0.00573215 -0.00045412 0.0108911 -0.0119228 0.00409349 0.0124383 0.00276623 -0.00329705 -0.00988848 0.0150288
internal_weight=1954.22 861.101 666.02 334.837 331.183 1093.12 513.091 319.426 580.027 418.86 221.657
internal_count=5238 2193 1693 880 813 3045 1542 984 1503 1020 717
is_linear=0
shrinkage=0.05


Tree=284
num_leaves=15
num_cat=0
split_feature=54 57 66 76 55 24 46 23 58 25 15 59 69 15
split_gain=24.4856 29.7143 27.5632 36.6028 24.0313 21.5203 27.2702 53.9228 36.9812 35.4895 34.7233 54.2291 34.6737 30.7521
threshold=14.516666666666667 196.88235294117649 8.5000000000000018 1.5963708980836084 17.389375000000005 3.2087083333333326 63.696691176470594 7.3121905940594063 22.363970588235297 -0.080000000000000002 0.950561200825908 0.75000000000000011 0.049058570473818161 0.99056395292198862
decision_type=8 2 2 10 2 10 2 8 2 10 8 2 2 10
left_child=-1 -2 3 5 -4 6 10 8 -8 -9 -3 13 -13 -12
right_child=1 2 4 -5 -6 -7 7 9 -10 -11 11 12 -14 -15
leaf_value=-0.021096315860411448 0.027112868052944536 -0.0027423373282087172 -0.031256717894492018 -0.01885285639527242 0.0013519802802897229 -0.012285930841320266 0.039816249744663933 -0.00066057126128485214 -0.0017813913446116381 -0.037733758675935765 -0.011442036456335429 0.020913710644000591 0.05766743222794396 0.02292774463963352
leaf_weight=111.1258774921298 118.20576697587967 204.81157309561968 112.19849498569965 159.12358993291855 112.64422871172428 136.87904868274927 101.11021889001131 160.38077126443386 111.90060113370419 107.08071979135275 133.05546419322491 144.31390722841024 117.29755615442991 125.58074241131544
leaf_count=269 259 498 311 360 316 403 287 482 361 360 325 404 298 357
internal_value=0.00159133 0.00296883 0.00130094 0.00374819 -0.0149864 0.00643926 0.00857378 -0.000665395 0.0180576 -0.0155884 0.0146888 0.0215431 0.0375497 0.00527023
internal_weight=1955.71 1844.58 1726.38 1501.53 224.843 1342.41 1205.53 480.472 213.011 267.461 725.059 520.248 261.611 258.636
internal_count=5290 5021 4762 4135 627 3775 3372 1490 648 842 1882 1384 702 682
is_linear=0
shrinkage=0.05


Tree=285
num_leaves=13
num_cat=0
split_feature=55 9 16 28 61 56 55 53 52 76 15 39
split_gain=24.0729 35.5115 35.0538 33.0747 62.2303 55.2317 52.8866 50.6011 48.1343 35.8251 27.4115 28.6755
threshold=19.818125000000006 14.785666666666668 33.458041958041967 15.617210416666667 47.250000000000007 4.3457205104263936 15.894595588235296 1.9687500000000002 242.03846153846158 1.4002848559024665 0.91164174067964432 26.247775496235459
decision_type=2 8 8 10 2 2 2 10 8 8 10 2
left_child=1 10 -2 6 5 8 -3 -6 -5 -8 11 -1
right_child=2 3 -4 4 7 -7 9 -9 -10 -11 -12 -13
leaf_value=-0.019394618544998452 0.00094312888872088822 0.02000223193356216 -0.035062405781487428 -0.027470362774698276 0.060137530627128816 0.025949305935523803 -0.030264777554405528 0.013764706838993496 0.014923865922161756 0.0031114799322987841 -0.026781605311087982 0.01027130391370692
leaf_weight=133.42416904866695 161.96666233986616 160.38859108090401 114.95866115391254 169.90776403993368 104.45413571596146 158.84840729832649 175.1283892840147 134.84185599535704 109.25711754709482 147.61040391027927 154.44082650542259 205.75104414671659
leaf_count=342 428 377 355 416 316 448 401 410 374 439 402 518
internal_value=-0.000459845 0.00182694 -0.0140761 0.00660401 0.0137254 0.00250225 -0.00338745 0.0341727 -0.0108844 -0.0150371 -0.00939407 -0.00142133
internal_weight=1930.98 1654.05 276.925 1160.44 677.309 438.013 483.127 239.296 279.165 322.739 493.616 339.175
internal_count=5226 4443 783 3181 1964 1238 1217 726 790 840 1262 860
is_linear=0
shrinkage=0.05


Tree=286
num_leaves=13
num_cat=0
split_feature=10 70 80 54 31 41 64 43 76 76 31 15
split_gain=19.0601 25.6708 42.3065 23.9288 28.5082 46.9843 28.3936 28.6836 36.7237 34.9074 57.0685 20.8279
threshold=0.0021528550241008532 0.083547766932860118 15.799267566638909 24.516666666666669 0.97468627450980405 10.500000000000002 76.500000000000014 58.038461538461547 1.1732466025343498 1.1053098988674137 0.27500000000000008 0.99111016504043314
decision_type=10 2 2 10 10 10 10 8 10 8 10 8
left_child=1 3 -3 6 5 -5 7 -1 9 -9 -11 -12
right_child=-2 2 -4 4 -6 -7 -8 8 -10 10 11 -13
leaf_value=0.031614463660386741 -0.022034908231596703 0.0024573921752292834 -0.032821202158617828 -0.033442579205464021 0.012657928371170635 0.003259466309146618 -0.015615308016776986 0.01376143796259084 0.021395953863479047 0.016120491278965303 -0.043691713006875507 -0.010447352246863608
leaf_weight=125.37548221647739 111.03513860702515 192.51809997856617 150.95750360190868 169.19067820906639 130.85029289126396 178.48801930993795 127.38906351476908 209.8415152579546 253.59954708814621 108.55271648615599 106.89439968764782 85.06501516699791
leaf_count=253 324 495 466 436 403 474 333 475 563 329 356 349
internal_value=-0.00201258 -0.000792166 -0.0130978 0.00204145 -0.00716876 -0.0146455 0.00637912 0.00954364 0.00588491 -0.00184944 -0.0127597 -0.0290903
internal_weight=1949.76 1838.72 343.476 1495.25 478.529 347.679 1016.72 889.329 763.953 510.354 300.512 191.959
internal_count=5256 4932 961 3971 1313 910 2658 2325 2072 1509 1034 705
is_linear=0
shrinkage=0.05


Tree=287
num_leaves=13
num_cat=0
split_feature=12 24 24 5 20 57 6 23 62 65 51 27
split_gain=21.0554 35.9801 33.474 28.8234 27.9042 35.898 35.0155 30.2619 38.1438 31.6071 23.1451 19.8892
threshold=0.18247094166678096 -3.2440594405594392 -0.7581833333333331 20.83666666666667 7.4083333333333341 218.72977941176472 10.080690895270029 7.6310108012952869 22.625000000000004 1.5000000000000002 4.2705582144663046 16.925000000000004
decision_type=10 8 10 10 10 2 8 10 2 10 10 8
left_child=1 -1 -2 4 5 6 -3 8 9 -7 -11 -10
right_child=2 3 -4 -5 -6 7 -8 -9 11 10 -12 -13
leaf_value=0.026929697808873283 -0.022668799267499429 0.0012024811402406689 0.0091330576283297944 -0.0188030977862415 0.026607916977701901 0.015814961339257739 0.034008149820316129 0.01871363050704563 -0.0098543629175382765 0.0033024779189679688 -0.024942091594453757 -0.037520534729182597
leaf_weight=138.0647179633379 221.48549030721188 202.30310251563787 131.03645180910826 172.78003895282745 112.10563702881336 186.92946290224791 135.12138573825359 116.69543287158012 129.09863773733377 147.9743951484561 140.87848614156246 131.75461122393608
leaf_count=407 507 483 335 521 315 467 297 378 356 447 379 399
internal_value=0.000197118 0.0026168 -0.0108553 0.000325325 0.00287453 0.000619662 0.0144012 -0.0048403 -0.00859195 -0.000156601 -0.0105114 -0.0239182
internal_weight=1966.23 1613.71 352.522 1475.64 1302.86 1190.76 337.424 853.331 736.636 475.782 288.853 260.853
internal_count=5291 4449 842 4042 3521 3206 780 2426 2048 1293 826 755
is_linear=0
shrinkage=0.05


Tree=288
num_leaves=15
num_cat=0
split_feature=33 55 21 55 51 15 24 21 53 76 56 41 47 45
split_gain=31.9203 40.0722 30.9517 48.1357 29.5857 40.3125 37.1944 31.8107 28.563 33.0266 57.3178 65.1943 31.891 17.6517
threshold=4.322916666666667 20.073713235294122 5.9666295884315916 18.562941176470591 4.0761426224756026 0.9619361407341861 -4.0484777777777756 3.570197044334976 3.4083333333333337 1.5963708980836084 4.1923871434884239 15.500000000000002 0.57034035290690765 21.968750000000004
decision_type=10 2 10 2 10 10 10 10 10 10 2 8 2 8
left_child=8 2 3 4 6 -6 -2 -7 9 10 11 -1 -12 -14
right_child=1 -3 -4 -5 5 7 -8 -9 -10 -11 12 -13 13 -15
leaf_value=0.043394511867401647 0.011871979827766502 -0.020042554132123809 -0.012002236242663826 0.042407186070028954 -0.0068150176370887321 0.047755131577314369 -0.02555629167482831 0.011361658552563556 0.016056856377703928 -0.033805389429130819 -0.033883237933363883 -0.006582580626975202 0.0065356799154995928 -0.02056762058911521
leaf_weight=102.37143723666668 154.69656099379063 125.06046826392412 133.52002473175526 123.87885873764753 112.41734255850315 118.36271353811026 114.74122054129839 122.47526224702597 121.19250798970461 121.52956220507622 171.25074324011803 176.37774283438921 132.64444626122713 108.27026678621769
leaf_count=289 378 364 344 391 269 343 354 327 312 271 383 531 367 333
internal_value=0.000156158 0.0063363 0.0101032 0.0140674 0.00837052 0.0178688 -0.00410257 0.0293712 -0.00649703 -0.00987701 -0.00562531 0.0118612 -0.0174516 -0.00567957
internal_weight=1938.79 1005.15 880.092 746.572 622.693 353.255 269.438 240.838 933.637 812.444 690.915 278.749 412.165 240.915
internal_count=5256 2770 2406 2062 1671 939 732 670 2486 2174 1903 820 1083 700
is_linear=0
shrinkage=0.05


Tree=289
num_leaves=13
num_cat=0
split_feature=51 65 39 42 54 31 4 70 51 56 23 54
split_gain=29.5034 46.92 27.3564 24.7357 33.4413 48.8239 35.4799 36.3893 34.6633 30.7452 64.2267 19.1883
threshold=4.9794332240668302 10.500000000000002 23.074606433949352 5.5000000000000009 27.966666666666672 0.97612500000000024 20.478225099390862 0.0038535788535788542 4.177871939736348 4.2152356727574753 7.3766968325791868 21.483333333333338
decision_type=8 8 2 2 10 10 8 2 10 2 8 10
left_child=2 -2 -1 9 5 6 7 8 -5 -4 -11 -7
right_child=1 -3 3 4 -6 11 -8 -9 -10 10 -12 -13
leaf_value=0.019402009312864968 0.033032783570744365 -0.0028919925136890248 -0.026790890045025325 0.0034532173839260114 0.026083153288718908 -0.038952011681751122 -0.018889719575571628 -0.0095785961924800666 0.034833144859441292 -0.025335665688043008 0.024131247071151343 -0.0092643611568296643
leaf_weight=137.54436477273703 169.90742087364197 193.80987629294395 220.78570175170898 175.30047915130854 113.82570775598288 100.23197966068983 129.87021225690842 158.21336492151022 176.22014787793159 134.92822752892971 125.86169200390577 119.53455521166325
leaf_count=421 410 477 589 481 345 310 337 418 423 323 328 393
internal_value=0.00110668 0.0139345 -0.00183036 -0.00384977 0.000739018 -0.00264429 0.00434714 0.0102928 0.0192384 -0.0131054 -0.0014611 -0.0229195
internal_weight=1956.03 363.717 1592.32 1454.77 973.196 859.371 639.604 509.734 351.521 481.576 260.79 219.767
internal_count=5255 887 4368 3947 2707 2362 1659 1322 904 1240 651 703
is_linear=0
shrinkage=0.05


Tree=290
num_leaves=15
num_cat=0
split_feature=44 50 53 58 31 45 12 31 53 76 79 49 47 50
split_gain=20.9546 33.4667 31.5067 46.6888 56.0102 35.6564 33.0948 36.9594 36.8201 28.0631 39.9315 26.8915 17.8903 17.7088
threshold=0.5174709302325583 18.821818181818184 3.26969696969697 23.726102941176475 0.96818014705882371 22.031250000000004 0.10273452363618905 0.93631250000000021 2.1937500000000005 1.1270689280037767 2.4470500173792149 5.5000000000000009 0.57802149108230871 20.731666666666673
decision_type=8 10 10 2 10 8 10 10 8 10 10 2 2 10
left_child=11 2 3 6 5 -5 8 -8 -2 10 13 -1 -10 -3
right_child=1 9 -4 4 -6 -7 7 -9 12 -11 -12 -13 -14 -15
leaf_value=-0.0036271692439824588 0.023723645633849516 -0.032844399904725007 0.020593554852831292 0.006889976232744871 -0.014281414045239364 0.045592311366747476 -0.042813750260098066 -0.0046710864707880722 0.002496053927181211 -0.025896838878370149 0.02463058114516958 0.026243184076000438 -0.02475100221902389 -0.00026541330232899391
leaf_weight=144.69528457522392 110.37937774509192 82.094535119831562 192.65391873568296 116.00721251964569 125.84968377649784 122.11191751807928 126.14742440730333 127.44268510490656 120.95152645558119 233.35487529635429 90.372165828943253 155.73379842936993 118.70278511941433 83.786147862672806
leaf_count=305 314 323 457 310 392 352 292 348 283 590 262 381 342 296
internal_value=-0.000230394 -0.00244376 0.00218377 -0.00149921 0.0126245 0.0268449 -0.0100222 -0.0237386 -4.56977e-05 -0.013392 -0.00194806 0.0118925 -0.0110464 -0.016489
internal_weight=1950.28 1649.85 1160.25 967.593 363.969 238.119 603.624 253.59 350.034 489.608 256.253 300.429 239.654 165.881
internal_count=5247 4561 3090 2633 1054 662 1579 640 939 1471 881 686 625 619
is_linear=0
shrinkage=0.05


Tree=291
num_leaves=13
num_cat=0
split_feature=64 44 79 6 24 27 79 50 24 57 59 33
split_gain=20.8064 26.9196 37.5918 32.5401 27.9343 30.4459 39.6007 34.5151 37.6143 26.3404 26.2177 19.3641
threshold=37.500000000000007 0.55768087441690306 1.9263961863477532 7.9091830778354604 -2.2185000000000019 15.345568181818184 2.7611001322197652 14.515000000000002 -1.7287083333333342 257.52941176470591 0.75000000000000011 8.3621323529411793
decision_type=8 8 10 8 8 8 10 10 10 2 2 8
left_child=-1 2 -2 -4 -3 7 9 -6 -9 10 -7 -8
right_child=1 4 3 -5 5 6 11 8 -10 -11 -12 -13
leaf_value=0.016735429827198327 0.013002748958904499 0.021710464894985196 -0.0058240720637600732 -0.032285434381083576 0.032202803077380625 -0.010374993045192795 -0.0056463312787497222 -0.014751521028181972 0.021182400506624694 0.0042671581330534294 -0.040209840942052683 0.023762124050096357
leaf_weight=160.27707181125879 131.45910482853651 159.99411289393902 272.73139260709286 202.12121719121933 120.71556054800749 155.39709717035294 109.83157582581043 169.84768484532833 125.93200479447842 106.96314311772585 140.59791893512011 112.49533173441887
leaf_count=440 485 483 572 419 281 404 293 445 318 449 381 321
internal_value=-0.000473183 -0.00200704 -0.0105872 -0.0171315 0.00232699 -0.00066784 -0.00763942 0.00979183 0.000567631 -0.0169709 -0.0246342 0.00927384
internal_weight=1968.36 1808.09 606.312 474.853 1201.77 1041.78 625.285 416.495 295.78 402.958 295.995 222.327
internal_count=5291 4851 1476 991 3375 2892 1848 1044 763 1234 785 614
is_linear=0
shrinkage=0.05


Tree=292
num_leaves=14
num_cat=0
split_feature=71 60 30 47 56 36 55 48 18 6 6 56 54
split_gain=29.5072 29.9963 31.4005 46.3694 39.3601 57.3145 34.2725 30.0961 23.8822 22.3771 31.9873 21.3362 13.6786
threshold=0.32192810460839966 -1.2499999999999998 0.10977633456691889 0.5821537627350819 4.2799785595252624 0.65968025564654875 17.414522058823533 23.242647058823533 0.095454545454545472 6.574839096433851 7.9091830778354604 4.4045989220661719 20.033333333333335
decision_type=2 2 8 2 2 10 2 2 8 8 10 2 10
left_child=1 8 3 6 7 -6 -3 -4 9 11 -11 -1 -5
right_child=-2 2 4 12 5 -7 -8 -9 -10 10 -12 -13 -14
leaf_value=-0.0039834800434321574 0.022528667105957981 0.026465721182040498 0.014266352128994126 -0.012346788112812855 0.0022328829353095736 0.049060023363711319 -0.011035143971376893 -0.016738396079014829 -0.027419047065282216 0.016561825713217744 -0.013286492954006482 -0.030210284179681107 -0.040637874315771455
leaf_weight=185.57620657235384 126.99324148148298 117.61227357387543 159.59796185791492 86.30610766261816 131.8792907372117 128.71510276943445 124.43042071908712 151.68347425758839 148.51336064189672 199.22577881813049 161.72896533459425 132.65816600620747 86.11814346909523
leaf_count=506 312 311 410 294 321 316 347 416 387 516 441 348 310
internal_value=-0.0006747 -0.00231058 0.00357806 -0.00689159 0.0111647 0.0254613 0.00722102 -0.000847087 -0.00932371 -0.00533244 0.00318826 -0.0149767 -0.0266298
internal_weight=1941.04 1814.05 986.343 414.467 571.876 260.594 242.043 311.281 827.702 679.189 360.955 318.234 172.424
internal_count=5235 4923 2725 1262 1463 637 658 826 2198 1811 957 854 604
is_linear=0
shrinkage=0.05


Tree=293
num_leaves=11
num_cat=0
split_feature=47 50 24 50 13 41 14 48 69 55
split_gain=22.1726 22.2382 47.2412 24.6015 30.296 35.0294 42.9441 32.7324 34.001 25.1047
threshold=0.63312892724657444 14.729375000000003 2.705035714285716 16.122818181818186 0.083365927901420431 52.500000000000007 0.99630681818181832 21.303308823529417 0.0047725340136054424 17.898125000000004
decision_type=2 8 8 8 8 8 8 2 2 2
left_child=1 2 -1 -3 9 7 -7 -6 -9 -5
right_child=-2 3 -4 4 5 6 -8 8 -10 -11
leaf_value=-0.013787646618658623 0.016778068744833268 -0.01823294585233497 0.025008609352410355 -0.024197238395577567 0.02655811704012594 0.012426319697754627 -0.027733639754121665 -0.017443362750965041 0.014863646466759989 0.0024702135711481446
leaf_weight=123.88148082792759 195.26102340966463 239.7994245365262 210.6576414629817 205.50056374818087 221.86547662317753 117.25637606531382 151.63157093524933 135.44134247303009 201.04746178537607 153.82451955974102
leaf_count=323 598 571 498 592 556 327 447 374 494 484
internal_value=0.000836956 -0.000939221 0.0106439 -0.00366147 -0.000703773 0.00456209 -0.0102396 0.0116957 0.00184648 -0.0128059
internal_weight=1956.17 1760.91 334.539 1426.37 1186.57 827.242 268.888 558.354 336.489 359.325
internal_count=5264 4666 821 3845 3274 2198 774 1424 868 1076
is_linear=0
shrinkage=0.05


Tree=294
num_leaves=14
num_cat=0
split_feature=71 43 55 15 80 55 79 75 39 57 80 30 31
split_gain=19.6076 21.2503 18.629 26.4553 41.6102 50.0177 56.0993 47.8271 27.8187 48.0564 27.1751 18.9005 24.4099
threshold=0.34465684885534065 55.88333333333334 14.589669117647061 0.98111945256088928 13.990135604634345 16.729191176470589 2.2560997072896662 18.115000000000006 26.888432580424368 234.18198529411768 3.3017987210820841 0.13683102443771453 0.96866071428571443
decision_type=2 8 2 10 2 2 10 8 2 2 2 8 10
left_child=1 -1 -3 4 7 -6 -7 -4 9 -5 -9 12 -10
right_child=-2 2 3 8 5 6 -8 10 11 -11 -12 -13 -14
leaf_value=0.019391995932671525 0.019305683324498932 -0.018261076827438532 -0.029028248375260926 -0.020146303197786652 0.039264655629794191 0.030153520267650769 -0.012984207529175116 -0.0069044507951244068 -0.029611339132365994 0.020692508370124461 0.024332456977813 -0.036054913155653338 0.0029117833597036413
leaf_weight=112.02157202363014 118.39351969957352 177.92401096224785 154.20942470431328 129.7439988926053 142.84675524383783 121.78563803434372 194.20543049275875 176.9856147095561 98.140385292470455 159.43831896781921 113.44384879618883 106.6693022698164 137.61539509147406
leaf_count=245 296 492 335 326 354 380 459 433 284 492 360 278 491
internal_value=-0.000325335 -0.00160872 -0.00299256 -0.00121213 0.0042746 0.0148225 0.00368411 -0.00661893 -0.00905491 0.00236356 0.00533854 -0.0186768 -0.0106948
internal_weight=1943.42 1825.03 1713.01 1535.08 903.477 458.838 315.991 444.639 631.607 289.182 290.429 342.425 235.756
internal_count=5225 4929 4684 4192 2321 1193 839 1128 1871 818 793 1053 775
is_linear=0
shrinkage=0.05


Tree=295
num_leaves=14
num_cat=0
split_feature=80 75 62 52 21 27 75 76 19 13 75 80 58
split_gain=18.2494 54.0382 41.7924 49.5825 26.9401 43.8945 26.5035 25.4245 58.162 40.7378 48.5274 23.9128 22.214
threshold=13.990135604634345 17.475000000000005 23.625000000000004 200.26041666666671 4.8350340136054433 19.325288461538467 15.665000000000001 1.0691177322370033 3.3452380952380958 0.059504589300278764 20.305000000000003 17.753928404213983 21.558823529411772
decision_type=2 8 2 10 8 8 10 8 10 10 8 2 2
left_child=2 -2 3 -1 7 11 12 -3 9 -9 -11 -6 -5
right_child=1 4 -4 6 5 -7 -8 8 -10 10 -12 -13 -14
leaf_value=-0.040759174624055067 0.034385584857672062 0.0091682733358463119 0.014919131634527103 -0.014233156966066481 -0.017621586937769239 0.025658745350081721 -0.023309277679131251 -0.029165481805970752 -0.037839637164117042 0.038394013446548164 -0.0094859771775423988 0.012555484700150483 0.013219321263106638
leaf_weight=130.47261930257082 118.3774615675211 162.6244313120842 161.96509911864996 120.11098609119654 158.1658675596118 200.51662680506706 146.28484505414963 88.42344593256712 161.96925688534975 91.332716837525368 123.26293843239546 110.81525478512049 187.24908139556646
leaf_count=273 194 402 442 312 402 578 369 310 463 218 542 315 485
internal_value=-0.00133981 0.00243842 -0.00749019 -0.0137188 -0.00103683 0.00801237 -0.00586913 -0.00780823 -0.0137525 -0.000795377 0.0109755 -0.00518873 0.00248
internal_weight=1961.57 1215.49 746.083 584.118 1097.11 469.498 453.645 627.613 464.988 303.019 214.596 268.981 307.36
internal_count=5305 3424 1881 1439 3230 1295 1166 1935 1533 1070 760 717 797
is_linear=0
shrinkage=0.05


Tree=296
num_leaves=12
num_cat=0
split_feature=33 58 57 23 40 76 76 57 16 9 46
split_gain=21.7225 58.2304 26.7186 52.5676 53.3672 31.984 40.1521 39.648 45.2995 29.9544 27.485
threshold=7.3431372549019613 23.57536764705883 268.96139705882359 6.929546441645468 5.5000000000000009 1.1536178204371448 1.2727326085133739 249.63602941176472 20.683333333333337 14.927333333333335 61.939338235294123
decision_type=10 2 2 8 2 8 8 2 8 10 2
left_child=2 -2 5 -4 -5 10 -7 8 -8 -10 -1
right_child=1 -3 3 4 -6 6 7 -9 9 -11 -12
leaf_value=-0.024525415279386328 -0.0058027169895173494 0.033624231155562408 -0.041876676718724838 0.029051959214065975 -0.026088281298239958 0.029036421181471525 0.014642333448849576 0.023306141063163671 -0.027911532881835528 0.00089518773131466744 0.0014899554684466017
leaf_weight=188.65249584615231 217.20681477338076 163.30500768870115 115.20747174322605 87.011796206235886 86.517061300575733 158.50361175835133 191.84974749386311 158.14574170857668 205.05897855013609 160.45184201747179 218.25642202794552
leaf_count=350 585 444 389 325 286 337 440 539 517 498 540
internal_value=0.000460515 0.011162 -0.00213917 -0.0158511 0.00156848 0.000961638 0.0063512 0.00129231 -0.00498445 -0.015298 -0.0106019
internal_weight=1950.17 380.512 1569.66 288.736 173.529 1280.92 874.01 715.506 557.361 365.511 406.909
internal_count=5250 1029 4221 1000 611 3221 2331 1994 1455 1015 890
is_linear=0
shrinkage=0.05


Tree=297
num_leaves=14
num_cat=0
split_feature=50 57 53 66 41 30 13 80 46 51 31 51 15
split_gain=25.2193 42.0589 28.167 68.5721 47.7785 48.6211 46.2219 36.4706 33.946 28.7097 25.9813 23.7566 20.6265
threshold=14.729375000000003 226.91176470588238 2.1602564102564106 7.5000000000000009 11.500000000000002 0.13001382357915794 0.13534331441835176 19.226381959804478 63.878676470588239 4.2618424333084031 0.2060714285714286 4.1688500042782595 0.99546271570556455
decision_type=8 2 10 2 8 8 8 2 2 10 10 10 8
left_child=1 -1 3 4 5 -2 -6 8 10 -10 -4 -12 -3
right_child=2 12 7 -5 6 -7 -8 -9 9 -11 11 -13 -14
leaf_value=0.033262167214479374 0.0043613207319549629 0.013769333980376736 -0.031700553169295202 -0.028145160271665717 0.018946229233717686 0.046195001313730652 -0.018914199480833727 -0.028686685379609961 0.025571430377575227 -0.0080114862794876066 -0.018557387556447986 0.0093515817099388016 -0.016317946681971819
leaf_weight=146.72600986808538 126.58832509815693 114.73903039097786 115.88713444769382 125.75893200188875 153.16314064711332 153.51364251971245 167.97918470948935 170.83322854340076 148.799565538764 109.98964570462704 144.53507239371538 159.24990678578615 111.17655462026596
leaf_count=335 359 301 310 349 447 358 441 489 430 309 385 398 307
internal_value=0.000837275 0.0125169 -0.00193002 0.00529018 0.0123188 0.0273716 -0.000854578 -0.00810951 -0.00289369 0.0113222 -0.011666 -0.00394429 -0.00104374
internal_weight=1948.94 372.642 1576.3 727.003 601.244 280.102 321.142 849.295 678.461 258.789 419.672 303.785 225.916
internal_count=5218 943 4275 1954 1605 717 888 2321 1832 739 1093 783 608
is_linear=0
shrinkage=0.05


Tree=298
num_leaves=12
num_cat=0
split_feature=5 31 79 39 48 5 10 6 76 23 48
split_gain=25.8396 35.1931 20.6216 33.194 25.7443 23.4699 19.9864 21.8692 46.5387 34.4159 17.2754
threshold=20.83666666666667 0.96818014705882371 1.8149567494470473 31.787816563997264 22.240808823529417 18.31666666666667 0.0020987491190979568 5.9457376810520399 1.4002848559024665 6.6388086062941563 21.150735294117649
decision_type=10 8 10 2 2 10 8 10 8 10 2
left_child=2 -2 3 4 -1 6 7 9 -9 10 -4
right_child=1 -3 5 -5 -6 -7 -8 8 -10 -11 -12
leaf_value=-0.0027912580871241963 0.0057127698276235213 -0.0268701751405023 -0.016283864239951061 0.017311393007135991 -0.040030479934594271 0.022196528719510892 0.015154921614780515 -0.022702885923383875 0.013408211328946193 0.022687168872372755 0.0067957562646827731
leaf_weight=94.726790569722652 151.73194044083357 180.83866947889328 148.48116217553616 79.850416079163551 90.296554259955883 185.91622969508171 265.11074464023113 242.72777342796326 139.91697792708874 196.46445874869823 176.31340232491493
leaf_count=529 395 534 302 401 431 406 594 507 318 463 387
internal_value=0.000641419 -0.012032 0.00324928 -0.00948649 -0.0210825 0.00574414 0.00311087 -0.000434435 -0.00949806 0.00622442 -0.00377278
internal_weight=1952.38 332.571 1619.8 264.874 185.023 1354.93 1169.01 903.904 382.645 521.259 324.795
internal_count=5267 929 4338 1361 960 2977 2571 1977 825 1152 689
is_linear=0
shrinkage=0.05


Tree=299
num_leaves=13
num_cat=0
split_feature=45 27 80 19 44 44 6 56 43 6 45 80
split_gain=16.1709 34.0173 36.4319 23.2652 20.805 32.6406 22.8185 30.0362 21.715 26.605 15.5403 10.0674
threshold=29.345238095238098 21.317541666666671 19.770404935308779 4.6770833333333348 0.58498366013071912 0.5961635293206291 6.2184746093241019 4.2482314140442492 64.25833333333334 6.3941180874998045 18.966666666666672 12.82889140763857
decision_type=10 10 2 10 8 8 8 2 10 10 10 2
left_child=1 2 3 4 8 -6 10 -8 9 11 -7 -1
right_child=-2 -3 -4 -5 5 6 7 -9 -10 -11 -12 -13
leaf_value=-0.016341157408040437 0.01531286913280375 -0.021192524164285399 0.027664440501677292 0.017037619094366126 0.028776780608181948 -0.028493976887673952 -0.009371016964478068 0.018256295700602304 0.0058526072325714908 -0.03396696498509115 -0.0008991185599418833 0.0034264844638719778
leaf_weight=126.4294745773077 200.62322718650103 164.73894277215004 131.96829177439213 180.69263299554586 107.75640853494406 100.1925386339426 176.24231740832329 220.34506269544363 164.15789026767015 131.8438414260745 103.03828772902489 129.6596612483263
leaf_count=299 564 456 400 429 300 253 522 591 452 318 351 305
internal_value=0.00190928 0.00035331 0.00262279 0.000310824 -0.00210016 0.00357441 -0.000993513 0.00598611 -0.00936616 -0.0158046 -0.0145763 -0.00635827
internal_weight=1937.69 1737.07 1572.33 1440.36 1259.67 707.575 599.818 396.587 552.091 387.933 203.231 256.089
internal_count=5240 4676 4220 3820 3391 2017 1717 1113 1374 922 604 604
is_linear=0
shrinkage=0.05


end of trees

feature_importances:
sl_bias=139
sl_ratio=132
pred=117
o_fpa=109
ppr_sd=105
o_pyd=99
t_prate=98
sl_now=93
ypa_cur=89
o_sk=88
o_fpa_prev=85
csh_prev=84
pos_share=84
o_pa=82
t_prate_prev=81
t_plays=80
vac_tgt=79
o_ypc=78
o_pa_prev=77
d_use=76
snp_ew=74
snp_prev=74
draft=72
o_pyd_prev=71
temp=71
t_pf=68
wind=63
implied=62
ppr_l3=60
use_prev=60
ypt_cur=59
bonus_prev=57
o_ypc_prev=56
ppr_ew=52
t_plays_prev=51
csh_ew=50
t_pf_prev=49
patt_cur=48
age=48
ppr_prev=47
csh_cur=46
spread=45
total=45
use_cur=43
use_ew=42
car_cur=41
use_l3=40
d_snp=40
bonus_cur=38
patt_prev=38
vac_car=34
g=24
snp_cur=22
g_prev=20
ppr_cur=19
home=17
exp=13
t_g=13
rest=13
o_g=12
week=8
tsh_prev=7
miss=6
tgt_cur=6
sl_share=5
wk_since=4
vac_pos=4
tsh_cur=2
tsh_ew=1
depth=1
dome=1
qb_out=1

parameters:
[boosting: gbdt]
[objective: regression]
[metric: l2]
[tree_learner: serial]
[device_type: cpu]
[data_sample_strategy: bagging]
[data: ]
[valid: ]
[num_iterations: 300]
[learning_rate: 0.05]
[num_leaves: 15]
[num_threads: 0]
[seed: 1]
[deterministic: 1]
[force_col_wise: 0]
[force_row_wise: 1]
[histogram_pool_size: -1]
[max_depth: -1]
[min_data_in_leaf: 300]
[min_sum_hessian_in_leaf: 0.001]
[bagging_fraction: 0.8]
[pos_bagging_fraction: 1]
[neg_bagging_fraction: 1]
[bagging_freq: 1]
[bagging_seed: 18467]
[bagging_by_query: 0]
[feature_fraction: 0.8]
[feature_fraction_bynode: 1]
[feature_fraction_seed: 26500]
[extra_trees: 0]
[extra_seed: 15724]
[early_stopping_round: 0]
[early_stopping_min_delta: 0]
[first_metric_only: 0]
[max_delta_step: 0]
[lambda_l1: 0]
[lambda_l2: 1]
[linear_lambda: 0]
[min_gain_to_split: 0]
[drop_rate: 0.1]
[max_drop: 50]
[skip_drop: 0.5]
[xgboost_dart_mode: 0]
[uniform_drop: 0]
[drop_seed: 6334]
[top_rate: 0.2]
[other_rate: 0.1]
[min_data_per_group: 100]
[max_cat_threshold: 32]
[cat_l2: 10]
[cat_smooth: 10]
[max_cat_to_onehot: 4]
[top_k: 20]
[monotone_constraints: ]
[monotone_constraints_method: basic]
[monotone_penalty: 0]
[feature_contri: ]
[forcedsplits_filename: ]
[refit_decay_rate: 0.9]
[cegb_tradeoff: 1]
[cegb_penalty_split: 0]
[cegb_penalty_feature_lazy: ]
[cegb_penalty_feature_coupled: ]
[path_smooth: 0]
[interaction_constraints: ]
[verbosity: -1]
[saved_feature_importance_type: 0]
[use_quantized_grad: 0]
[num_grad_quant_bins: 4]
[quant_train_renew_leaf: 0]
[stochastic_rounding: 1]
[linear_tree: 0]
[max_bin: 255]
[max_bin_by_feature: ]
[min_data_in_bin: 3]
[bin_construct_sample_cnt: 200000]
[data_random_seed: 41]
[is_enable_sparse: 1]
[enable_bundle: 1]
[use_missing: 1]
[zero_as_missing: 0]
[feature_pre_filter: 1]
[pre_partition: 0]
[two_round: 0]
[header: 0]
[label_column: ]
[weight_column: ]
[group_column: ]
[ignore_column: ]
[categorical_feature: ]
[forcedbins_filename: ]
[precise_float_parser: 0]
[parser_config_file: ]
[objective_seed: 19169]
[num_class: 1]
[is_unbalance: 0]
[scale_pos_weight: 1]
[sigmoid: 1]
[boost_from_average: 1]
[reg_sqrt: 0]
[alpha: 0.9]
[fair_c: 1]
[poisson_max_delta_step: 0.7]
[tweedie_variance_power: 1.5]
[lambdarank_truncation_level: 30]
[lambdarank_norm: 1]
[label_gain: ]
[lambdarank_position_bias_regularization: 0]
[eval_at: ]
[multi_error_top_k: 1]
[auc_mu_weights: ]
[num_machines: 1]
[local_listen_port: 12400]
[time_out: 120]
[machine_list_filename: ]
[machines: ]
[gpu_platform_id: -1]
[gpu_device_id: -1]
[gpu_device_id_list: ]
[gpu_use_dp: 0]
[num_gpu: 1]

end of parameters

pandas_categorical:[]
