tree
version=v4
num_class=1
num_tree_per_iteration=1
label_index=0
max_feature_idx=79
objective=regression
feature_names=g wk_since miss ppr_cur ppr_ew ppr_l3 ppr_sd use_cur use_ew use_l3 tsh_cur tsh_ew csh_cur csh_ew snp_cur snp_ew patt_cur rec_cur tgt_cur car_cur bonus_cur ypt_cur catch_cur ypa_cur d_use d_snp g_prev ppr_prev use_prev tsh_prev csh_prev snp_prev patt_prev bonus_prev tm_change depth pos_share dc_depth dc_eff age exp draft t_g t_plays t_prate t_pf t_plays_prev t_prate_prev t_pf_prev o_g o_fpa o_ypc o_pyd o_sk o_pa o_fpa_prev o_ypc_prev o_pyd_prev o_pa_prev home spread total implied dome temp wind rest new_hc inj vac_tgt vac_car vac_pos qb_out week h sl_now sl_ratio sl_share sl_rank sl_bias
monotone_constraints=0 0 0 0 0 0 0 1 1 0 0 0 0 0 0 0 0 0 0 0 0 0 0 0 0 0 0 0 0 0 0 0 0 0 0 0 0 0 0 0 0 0 0 0 0 0 0 0 0 0 0 0 0 0 0 0 0 0 0 0 0 0 1 0 0 0 0 0 0 0 0 0 0 0 0 1 0 0 0 0
feature_infos=[0:16] [1:16] [0:16] [-3.1600000000000001:46.280000000000001] [-3.1600000000000001:46.280000000000001] [-3.1600000000000001:46.280000000000001] [0:24.791163748400354] [-0.19099999999999998:33.962999999999994] [-0.19099999999999998:33.962999999999994] [-0.19099999999999998:33.962999999999994] [0:0.055555555555555552] [0:0.055555555555555552] [0:0.53333333333333333] [0:0.53333333333333333] [0.01:1] [0.01:1] [0:62] [0:1] [0:1.2] [0:17] [-6:28] [-6:31] [0:1] [-3:35] [-20.667333333333328:28.679681818181816] [-0.98499999999999999:0.96999999999999997] [0:17] [-2:28.112000000000002] [-0.191:24.913416666666667] [0:0.018195823784059078] [0:0.3521252433046187] [0.01:1] [0:45.4375] [-3:12.75] [0:1] [1:6] [0:1] [1:5] [1:6] [21.240246406570844:45.078713210130047] [0:22] [1:262] [0:16] [43:94] [0.22448979591836735:0.83606557377049184] [0:59] [54.875:74.4375] [0.4380664652567976:0.6865234375] [13.1875:37.875] [0:16] [0:46.280000000000001] [0.86956521739130432:8.882352941176471] [82:466] [0:10] [0:59] [10.98875:24.537500000000001] [3.1394799054373523:5.756317689530686] [152.8235294117647:348.25] [13.1875:37.875] [0:1] [-27:27] [28.5:63.5] [9.75:40] [0:1] [1:97] [0:71] [4:17] [0:1] none [0:1] [0:1] [0:1] [0:1] [1:18] none [-0.40999999999999998:29.77] [-0.023687685704853086:17.557377049180328] [0:1.0021201413427561] [1:6] [-0.83961538461538454:4.5334635734635738]
tree_sizes=1944 1638 2059 2057 1959 2057 1297 1955 1944 2041 1944 1957 1848 2041 1944 1105 1951 1954 1853 1960 1862 1312 1429 1957 1955 1952 2057 2062 1958 2256 1962 2041 1858 1955 1961 1950 1963 2074 2055 2071 1849 2168 1952 1957 1970 2170 2180 1963 1953 1961 1951 1952 1957 2073 2163 2061 1961 1847 1965 1216 1960 2058 1958 1965 1732 2280 2061 1849 1853 1959 1955 1958 1945 1963 1848 1956 2056 2070 2065 1945 1859 2068 1845 1953 1959 1858 2069 2076 2060 1856 1962 1963 1850 2068 792 2390 1940 1636 2175 2184 1854 2050 1963 1951 1850 1956 2077 2069 1964 1744 1860 1968 1965 1841 1957 2067 1852 2183 2057 2053 1748 1865 2175 1954 1939 1963 2079 2073 1961 1965 2066 1949 2067 1417 2166 2181 1958 1960 2065 2062 1859 1968 2073 1960 2189 2070 2182 2176 1863 1856 1966 1968 1959 1839 1946 1968 2064 1965 2076 2064 1757 1858 2070 1962 2065 1961 2049 1959 2067 1955 1844 2069 1849 2176 1949 1854 2067 1872 2060 2062

Tree=0
num_leaves=17
num_cat=0
split_feature=77 36 59 62 4 6 2 57 32 44 52 52 31 57 36 33
split_gain=4469.49 4441.14 450.263 268.121 317.277 399.516 235.816 288.215 206.565 185.81 315.925 189.593 181.69 177.598 95.3052 37.3474
threshold=1.0000000180025095e-35 0.14182685262214559 0.75000000000000011 18.625000000000004 16.670565851801584 6.9996487648700585 1.5000000000000002 231.67647058823533 28.480769230769234 0.59320966571318801 228.04545454545459 238.75961538461542 0.97710084033613454 232.3602941176471 0.49570911061714046 6.0294117647058831
decision_type=8 10 2 2 10 10 2 2 8 8 10 10 8 2 8 10
left_child=1 -1 3 14 8 15 9 -8 -5 10 -4 -11 -12 -10 -2 -6
right_child=2 -3 6 4 5 -7 7 -9 13 11 12 -13 -14 -15 -16 -17
leaf_value=-0.029000002018105445 -0.071929648816043565 -0.40893096100601317 0.014161192343397133 0.094671317685869727 -0.033115529860101765 0.02273029621956088 0.059747653462050888 -0.059945497618371507 -0.043292086908793923 0.05127473766677644 0.070238799109963543 -0.031749980202421944 0.16556428580541449 0.041453457148559941 -0.12261830217240806 -0.071929648816043565
leaf_weight=170.94602234661579 95.294456373900175 139.08456011116505 146.1483711861074 88.614103049039841 91.080269675701857 156.47714260965586 80.611908946186304 130.15784338861704 104.73510212078691 162.03354042395949 123.91543279588223 118.0320700481534 86.077464632689953 147.89024131000042 93.746877506375313 105.97389173880219
leaf_count=394 301 297 355 325 317 532 275 527 310 523 400 526 364 584 318 368
internal_value=-0.0257032 -0.20021 0.00565314 -0.019302 -0.00489962 -0.038043 0.0316856 -0.0141012 0.0294484 0.0468527 0.0707693 0.016296 0.109913 0.00628692 -0.0719296 -0.0719296
internal_weight=2040.82 310.031 1730.79 883.812 694.771 353.531 846.977 210.77 341.239 636.207 356.141 280.066 209.993 252.625 189.041 197.054
internal_count=6716 691 6025 3055 2436 1217 2970 802 1219 2168 1119 1049 764 894 619 685
is_linear=0
shrinkage=0.05


Tree=1
num_leaves=14
num_cat=0
split_feature=77 36 65 62 76 16 21 76 43 16 55 6 76
split_gain=3365.01 3486.86 569.316 275.319 352.14 269.291 256.767 168.207 208.296 129.833 125.631 46.5303 50.7559
threshold=1.0000000180025095e-35 0.13504505369163713 14.500000000000002 26.875000000000004 1.07164201300327 36.408333333333339 2.6530100334448163 1.1750712350933974 57.261363636363647 34.033333333333339 16.841433823529417 7.9979928727430663 3.6210879005690333
decision_type=8 10 10 2 8 10 8 8 10 10 2 10 8
left_child=1 -1 3 5 -5 7 -7 -2 -9 11 -8 12 -10
right_child=2 -3 -4 4 -6 6 10 8 9 -11 -12 -13 -14
leaf_value=-0.028384915156263651 0.034232647778863041 -0.35869259392591868 -0.10430915846260647 0.14090342549528445 0.0090349353959716418 0.0090349353959716418 -0.13221421143785833 -0.056664491905107986 0.049309265552829079 -0.054876147169772009 -0.042692585908776004 -0.03036782515429174 0.0090349353959716418
leaf_weight=180.20072489976883 449.02173684537411 142.81346726417542 119.49180299416184 83.154179215431213 127.44276721775532 80.334526095539331 74.532964114099741 151.3547487705946 231.55448314547539 78.493937969207764 84.442060060799122 110.58682958036661 136.39746487140656
leaf_count=403 957 308 469 212 574 369 297 479 510 410 355 409 977
internal_value=-0.0272232 -0.175079 0.000519884 0.00837314 0.061523 0.000320933 -0.0479168 0.00903494 -0.00485208 0.00903494 -0.0852275 0.00903494 0.00903494
internal_weight=2049.82 323.014 1726.81 1607.32 210.597 1396.72 239.31 1157.41 708.387 557.033 158.975 478.539 367.952
internal_count=6729 711 6018 5549 786 4763 1021 3742 2785 2306 652 1896 1487
is_linear=0
shrinkage=0.05


Tree=2
num_leaves=18
num_cat=0
split_feature=77 32 64 69 3 62 46 57 14 44 33 9 46 47 47 13 44
split_gain=3659.58 3715.98 345.446 290.739 281.523 361.67 217.991 247.81 293.646 217.091 255.114 180.539 168.132 161.865 179.486 97.9959 65.9303
threshold=1.0000000180025095e-35 10.687500000000002 51.500000000000007 0.13057399615256568 12.791333333333336 25.875000000000004 61.878676470588239 229.68750000000003 0.98894444444444463 0.58856364344102774 5.9705882352941186 18.649666666666672 62.667279411764717 0.60019845664519689 0.56257861060329073 0.11061887255186552 0.61830009028974808
decision_type=8 10 8 2 8 2 2 2 8 10 10 8 2 2 2 10 10
left_child=1 -1 9 4 12 6 -6 -8 -9 10 -2 -7 -4 14 -5 -10 -11
right_child=2 -3 3 13 5 11 7 8 15 16 -12 -13 -14 -15 -16 -17 -18
leaf_value=-0.022661019649944637 0.040472633237041943 -0.365110500886006 0.12482353896017562 -0.003158597045595451 0.037722637163715537 0.11934995447007293 -0.082821089543341275 -0.067029302412897701 -0.0098119640986364422 -0.12338310841877698 -0.069077190713038958 0.045254580058731696 0.036795168683604232 0.030092444186774397 -0.086492773068765044 0.045254580058731696 -0.052270548232447513
leaf_weight=173.75625470280647 120.14607475325465 144.8151530623436 107.95509471744299 135.84009604901075 204.35036177933216 111.80072214826941 126.99228004738688 92.440831128507853 80.46812080219388 67.407965026795864 93.690528091043234 91.173467699438334 110.38949554413557 106.88583717495203 122.3646481372416 73.047689463943243 67.123698741197586
leaf_count=394 451 306 295 472 555 385 409 344 379 293 291 328 400 485 358 264 307
internal_value=-0.0236616 -0.178986 0.00532773 0.0166819 0.0306334 0.0165409 -0.00367427 -0.0263971 0.00295305 -0.0390393 -0.00762372 0.0737732 0.0806893 -0.0214587 -0.0428324 0.0452546 -0.0885494
internal_weight=2030.65 318.571 1712.08 1363.71 998.618 780.273 577.299 372.949 245.957 348.368 213.837 202.974 218.345 365.091 258.205 153.516 134.532
internal_count=6716 700 6016 4674 3359 2664 1951 1396 987 1342 742 713 695 1315 830 643 600
is_linear=0
shrinkage=0.05


Tree=3
num_leaves=18
num_cat=0
split_feature=77 32 65 62 48 0 55 79 46 55 24 59 16 63 14 76 28
split_gain=3481.69 3523.2 524.694 343.747 325.535 442.575 248.252 291.751 239.579 245.914 249.204 230.622 172.529 171.662 132.718 94.5137 82.7826
threshold=1.0000000180025095e-35 10.687500000000002 5.5000000000000009 18.625000000000004 19.665441176470591 7.5000000000000009 15.865220588235294 2.5405507223830841 61.878676470588239 18.655000000000005 -4.1697678571428565 0.75000000000000011 32.516666666666673 1.0000000180025095e-35 0.99516666666666675 1.0858893068313875 17.588200000000004
decision_type=8 10 10 2 2 2 2 10 2 2 10 2 8 2 8 10 8
left_child=1 -1 6 -4 -5 14 7 12 13 11 -11 -10 -2 -8 -6 -7 -16
right_child=2 -3 3 4 5 15 8 -9 9 10 -12 -13 -14 -15 16 -17 -18
leaf_value=-0.023552823568148085 0.076687745204465071 -0.35933878008659931 -0.10089798001526402 0.054795986613506889 0.040017704761636387 -0.049535111679121634 0.007976487537619396 0.13246995564335001 -0.075981041121056567 0.10006306000968564 -0.015974428313114204 0.0079671242716370209 -0.032711954375495428 0.091348637226686194 -0.067139934928180725 -0.10089798001526402 0.0098594048496596851
leaf_weight=168.73269292712212 71.04296426102519 144.7064722776413 139.30101445317268 133.02410041540861 141.10238618403673 96.137473024427891 119.23800703138113 102.83313600718975 165.43818258866668 84.457206100225449 100.39201198890805 160.56546707451344 71.274277534335852 127.50489827245474 68.789142273366451 87.99501921236515 69.390053495764732
leaf_count=379 253 304 460 511 501 458 340 216 584 285 364 561 354 321 327 226 274
internal_value=-0.0261187 -0.179226 0.00157281 -0.0304718 -0.0138821 -0.0336719 0.0250917 0.0687196 0.0109021 -0.00864995 0.037296 -0.0347364 0.022053 0.051254 0.00604741 -0.093623 -0.0286798
internal_weight=2051.92 313.439 1738.49 735.739 596.438 463.414 1002.75 245.15 757.596 510.853 184.849 326.004 142.317 246.743 279.282 184.132 138.179
internal_count=6718 683 6035 2757 2297 1786 3278 823 2455 1794 649 1145 607 661 1102 684 601
is_linear=0
shrinkage=0.05


Tree=4
num_leaves=17
num_cat=0
split_feature=77 36 65 48 76 59 15 36 47 76 25 4 61 65 41 3
split_gain=2814.75 3018.04 603.774 409.342 335.652 287.454 273.127 240.448 226.254 223.582 242.929 151.54 132.714 246.096 219.799 51.4556
threshold=1.0000000180025095e-35 0.13504505369163713 6.5000000000000009 28.483455882352946 1.0802755824220227 1.0000000180025095e-35 0.97508765897337812 0.74838495120495718 0.61725448620791201 1.1820983476085325 -0.018333333333333254 14.639187557815045 47.250000000000007 4.5000000000000009 9.0000000000000018 13.256666666666669
decision_type=8 10 10 2 8 2 10 10 2 10 10 10 2 8 10 8
left_child=1 -1 3 4 7 6 -4 -2 12 10 -7 -10 13 -6 -15 -16
right_child=2 -3 5 -5 8 9 -8 -9 11 -11 -12 -13 -14 14 15 -17
leaf_value=-0.014588846531622068 0.033046509469033793 -0.32345266151411467 -0.022783481692860853 -0.067044191004827586 0.084580834737557384 0.090333887310669894 -0.11650375117355929 0.1245769231399193 0.011066002319313357 -0.051601335173897062 -0.022690909596813077 -0.090191795235888453 0.072336258727180622 -0.053583756056100551 0.058516156980324287 0.0048032564142331882
leaf_weight=170.73570664227009 136.68066094815731 146.5102678835392 158.13987363874912 105.20185275003314 101.30893906205893 92.860704213380814 153.06519410386682 152.33173330128193 76.768618382513523 130.98333147168159 95.689117148518562 69.892043821513653 149.24920978024602 131.73267149552703 87.268016319721937 90.496237747371197
leaf_count=384 303 313 570 364 391 462 572 352 309 305 443 362 545 425 274 331
internal_value=-0.021126 -0.157796 0.00398891 0.0263284 0.0362509 -0.0349838 -0.069105 0.0815533 0.0176354 -0.00164001 0.0331567 -0.037473 0.0321076 0.017352 -0.00485586 0.0313518
internal_weight=2048.91 317.246 1731.67 1100.93 995.728 630.738 311.205 289.012 706.716 319.533 188.55 146.661 560.055 410.806 309.497 177.764
internal_count=6705 697 6008 3656 3292 2352 1142 655 2637 1210 905 671 1966 1421 1030 605
is_linear=0
shrinkage=0.05


Tree=5
num_leaves=18
num_cat=0
split_feature=77 31 59 65 55 33 57 44 31 2 33 49 15 8 56 44 31
split_gain=2383.07 2860.4 297.221 349.215 231.63 260.298 195.845 223 260.958 225.794 281.204 181.303 167.32 188.577 149.062 141.43 112.29
threshold=1.0000000180025095e-35 0.50568181818181823 0.75000000000000011 6.5000000000000009 17.704779411764708 7.1009615384615383 201.43014705882356 0.59619758617286778 0.96834841628959289 1.5000000000000002 7.5669642857142856 9.5000000000000018 0.9783976815203963 14.347524599767764 4.3582619748461342 0.56142801136920528 0.99834821428571441
decision_type=8 10 2 10 2 8 2 8 8 2 8 2 10 10 2 10 8
left_child=1 -1 3 4 5 15 -4 9 -9 10 14 -6 13 -5 -8 -2 -10
right_child=2 -3 6 12 11 -7 7 8 16 -11 -12 -13 -14 -15 -16 -17 -18
leaf_value=-0.019437227384208156 0.054818921191583415 -0.32112331548190576 -0.050107060394351637 -0.082420401337504251 0.0027494064998295513 -0.088490829442630689 0.074809696844051088 0.045684650928200218 -0.081530989241285504 -0.0081350273307421155 0.14574868373299554 0.088160822397665137 -0.10189327525156106 0.022749576590696156 -0.0064239535897700154 -0.032059502552039314 0.00055744093373277998
leaf_weight=181.4020411670208 85.629465088248253 137.78863885998726 89.486701853573322 83.203124608844519 158.56663322821259 111.05789791792631 140.91998613998294 138.76357174664736 96.635892018675804 120.53967109695077 91.558196973055601 101.23339458554983 150.43760262802243 85.631327971816063 93.549219578504562 101.0399284735322 72.640798930078745
leaf_count=420 277 289 230 325 498 375 508 478 358 431 272 320 570 288 284 399 391
internal_value=-0.0250148 -0.150266 -0.00170956 -0.0220854 0.00181402 -0.0282482 0.0194568 0.0277616 -0.00496457 0.0502966 0.071859 0.0362412 -0.0636949 -0.0292593 0.0425092 0.00787334 -0.0465084
internal_weight=2040.08 319.191 1720.89 876.799 557.527 297.727 844.094 754.607 308.04 446.567 326.027 259.8 319.272 168.834 234.469 186.669 169.277
internal_count=6713 709 6004 3052 1869 1051 2952 2722 1227 1495 1064 818 1183 613 792 676 749
is_linear=0
shrinkage=0.05


Tree=6
num_leaves=11
num_cat=0
split_feature=77 36 62 16 32 46 62 76 23 16
split_gain=2191.19 2409.9 360.05 444.62 192.37 193.831 139.617 208.429 118.84 6.44936
threshold=1.0000000180025095e-35 0.13504505369163713 18.625000000000004 22.083333333333339 10.687500000000002 61.970588235294123 26.875000000000004 1.07164201300327 7.6029330823997308 33.25833333333334
decision_type=8 10 2 10 10 2 2 8 8 10
left_child=1 -1 3 -2 5 -4 9 -8 -7 -6
right_child=2 -3 4 -5 6 8 7 -9 -10 -11
leaf_value=-0.015063865074147637 0.013241082244934088 -0.29150076582170409 0.12443514450571924 -0.097306364487747404 0.013241082244934088 0.013241082244934088 0.11948897077607464 0.018021426388693688 0.084366358499797511 -0.018586492616581653
leaf_weight=175.56962335109711 99.544377330690622 142.27067245543003 75.05301982909441 177.68951543048024 615.48583339899778 87.464898139238358 83.700645253062248 126.82929349690676 62.809158466756344 404.95758287981153
leaf_count=383 284 311 241 591 1814 375 211 545 335 1643
internal_value=-0.0188627 -0.139328 0.00329196 -0.0488302 0.0132411 0.0593462 0.0132411 0.0587362 0.0262304 0.0132411
internal_weight=2051.37 317.84 1733.53 277.234 1456.3 225.327 1230.97 210.53 150.274 1020.44
internal_count=6733 694 6039 875 5164 951 4213 756 710 3457
is_linear=0
shrinkage=0.05


Tree=7
num_leaves=17
num_cat=0
split_feature=78 36 65 1 62 33 64 62 48 47 31 26 27 41 27 44
split_gain=1884.39 2939.07 378.173 350.714 246.178 261.441 255.274 327.824 229.367 217.709 212.252 207.729 124.814 268.667 239.645 194.471
threshold=1.5000000000000002 0.16632602783291309 6.5000000000000009 1.5000000000000002 18.625000000000004 3.0000000000000009 49.500000000000007 22.875000000000004 28.483455882352946 0.61725448620791201 0.97420168067226898 16.500000000000004 15.876727272727274 83.000000000000014 18.892727272727274 0.58270022250147002
decision_type=10 10 10 10 2 10 10 2 2 2 8 2 10 8 10 10
left_child=2 -2 3 8 -4 -6 -7 -8 9 11 -11 12 13 15 -14 -1
right_child=1 -3 4 -5 5 6 7 -9 -10 10 -12 -13 14 -15 -16 -17
leaf_value=0.1182073134998267 -0.0068518578995988835 -0.30661587080492686 -0.095543996144282051 -0.071530557247773727 0.047910984880455393 -0.095543996144282051 -0.076292827531743462 0.034955028008600827 -0.046212881404151834 0.045930881969391435 -0.063994487309889422 0.11046781953504453 -0.035992323386209134 -0.013679079468768465 0.063948842553958787 0.028464818052033204
leaf_weight=150.33731456845999 200.63980560004711 137.07254391908646 117.81569322943687 98.203165650367737 122.28177011013031 114.60810595750809 108.97725996002555 165.4864021576941 95.242017474025488 78.840195037424564 96.675449147820473 109.76155105233192 135.45079603791237 102.24322403222322 106.05114530026913 101.76228520646691
leaf_count=441 458 289 379 409 551 418 400 586 321 240 449 174 517 371 351 349
internal_value=-0.0213555 -0.129068 5.82641e-05 0.0180788 -0.0306991 -0.0156016 -0.0356347 -0.00933313 0.0271557 0.0351297 -0.0146364 0.0475119 0.035749 0.0546008 0.00797773 0.0822375
internal_weight=2041.45 337.712 1703.74 1074.57 629.169 511.354 389.072 274.464 976.364 881.122 175.516 705.606 595.845 354.343 241.502 252.1
internal_count=6703 747 5956 3622 2334 1955 1404 986 3213 2892 689 2203 2029 1161 868 790
is_linear=0
shrinkage=0.05


Tree=8
num_leaves=17
num_cat=0
split_feature=77 28 65 76 5 5 45 42 25 6 76 53 59 57 19 46
split_gain=1926 2583.27 438.841 250.645 356.193 190.127 319.46 250.313 356.805 249.555 243.716 233.502 179.763 170.255 169.529 164.71
threshold=1.0000000180025095e-35 7.3674999999999997 14.500000000000002 1.0802755824220227 22.823333333333341 23.490000000000006 16.516666666666669 7.5000000000000009 0.1362142857142857 6.6127534929945222 1.2209857393425774 2.5166666666666671 0.75000000000000011 232.51470588235296 2.8397435897435903 63.575367647058833
decision_type=8 10 10 8 10 8 10 2 10 10 8 8 2 2 10 2
left_child=1 -1 3 4 13 7 -7 11 9 15 -11 12 -5 -2 -13 -9
right_child=2 -3 -4 5 -6 6 -8 8 -10 10 -12 14 -14 -15 -16 -17
leaf_value=-0.0046545720541053617 0.030635675973773341 -0.29149217318874215 -0.091584560842621066 -0.054034250926909166 -0.022574402721300825 -0.013833380487515611 0.12711194157003611 0.018358437366639974 0.061189229230587484 -0.15417164983756967 -0.044344820673181844 0.01193427136860209 0.027855433481405206 0.10587989990633127 0.10997249041184863 -0.062672986775048706
leaf_weight=179.32881273329258 136.93178907036781 138.64311651885509 112.19550057500601 129.28901203349233 145.07135450839996 91.421495128422976 70.515543408691883 144.02603434771299 84.220619462430477 86.828575000166893 121.7144982740283 86.549641817808151 137.0886174030602 168.76479642093182 89.476466402411461 109.62394568696618
leaf_count=402 270 290 439 500 354 341 425 551 274 208 563 346 500 393 286 511
internal_value=-0.0174319 -0.130244 0.00356359 0.0102822 0.0418419 -0.00210578 0.0479448 -0.0103426 -0.0329523 -0.0502018 -0.0905896 0.0175939 -0.011944 0.0723853 0.0621081 -0.0167708
internal_weight=2031.69 317.972 1713.72 1601.52 450.768 1150.75 161.937 988.817 546.414 462.193 208.543 442.404 266.378 305.697 176.026 253.65
internal_count=6653 692 5961 5522 1017 4505 766 3739 2107 1833 771 1632 1000 663 632 1062
is_linear=0
shrinkage=0.05


Tree=9
num_leaves=18
num_cat=0
split_feature=77 27 25 44 3 43 76 61 51 43 32 30 13 57 58 14 79
split_gain=1639.8 2313.92 285.721 302.081 299.035 430.367 408.785 244.146 249.931 248.581 217.679 205.443 189.739 152.139 141.638 115.701 114.793
threshold=1.0000000180025095e-35 4.4425000000000008 -0.11 0.57181292885518242 17.721000000000007 62.483333333333341 1.1768734970842976 47.250000000000007 4.1868835494615668 61.56349206349207 27.097222222222225 0.10381005559124222 0.13724628721629162 238.58823529411768 21.181985294117649 0.98806250000000018 2.8355937560647249
decision_type=8 10 8 8 10 10 8 2 10 8 8 10 8 2 2 8 8
left_child=1 -1 -2 4 6 -6 -4 9 11 15 -11 -9 13 -8 -12 -5 -16
right_child=2 -3 3 7 5 -7 12 8 -10 10 14 -13 -14 -15 16 -17 -18
leaf_value=0.0052104522552526974 -0.087394148244589354 -0.2715866210095863 0.13863891834100789 -0.022081330500472243 -0.075518597968923878 0.044483855140903708 -0.047801417674633917 0.010516955605910264 -0.019416855666527042 0.018355548441840171 -0.034851968297886365 0.13525631334891905 0.08068365543677529 0.040447040104267723 -0.13972408544831236 0.053309446199522527 -0.061300228180430918
leaf_weight=158.58566865324974 88.251583434641361 143.05474849045277 110.35900862514973 105.16490579396486 133.24861261248589 167.50205498188734 95.407826215028763 64.77558857947588 152.68137850239873 85.58106417581439 156.61209767311811 66.695995111018419 102.76576217263937 97.986548632383347 91.272719785571098 96.876386102288961 100.15120961144567
leaf_count=372 301 294 221 326 289 579 301 383 579 313 593 225 386 436 205 314 579
internal_value=-0.0192213 -0.126526 -0.000289084 0.0044862 0.0290335 -0.00875771 0.056945 -0.0143999 0.0240715 -0.0316083 -0.0529136 0.074341 0.026139 -0.00311078 -0.0704409 0.0141522 -0.0992253
internal_weight=2016.97 301.64 1715.33 1627.08 707.27 300.751 406.519 919.811 284.153 635.658 433.617 131.472 296.16 193.394 348.036 202.041 191.424
internal_count=6696 666 6030 5729 2212 868 1344 3517 1187 2330 1690 608 1123 737 1377 640 784
is_linear=0
shrinkage=0.05


Tree=10
num_leaves=17
num_cat=0
split_feature=77 36 25 44 6 6 6 59 64 6 32 30 31 19 57 31
split_gain=1603.02 1917.63 280.26 252.143 438.153 296.925 302.583 262.441 253.261 298.303 249.583 225.512 182.773 182.661 313.096 84.1946
threshold=1.0000000180025095e-35 0.14182685262214559 -0.11 0.60528497861569364 7.9979928727430663 7.2847195586428279 6.4062403470620799 1.0000000180025095e-35 88.500000000000014 7.0819630035640388 32.809090909090919 0.071936589693128203 0.97911538461538472 1.720779220779221 245.2150735294118 0.96818014705882371
decision_type=8 10 8 8 10 10 10 2 8 8 8 10 8 10 2 8
left_child=1 -1 -2 4 5 6 7 12 13 -10 -6 -9 -4 15 -15 -5
right_child=2 -3 3 8 10 -7 -8 11 9 -11 -12 -13 -14 14 -16 -17
leaf_value=-0.0073415301991317811 -0.081548332319901579 -0.25440576983533097 0.041733002325294331 -0.043611830106725376 -0.087928275982465262 0.12602540967518958 -0.032864292712363553 0.13597400862669784 -0.047483649874749206 0.064382139343406669 0.015190462042506098 0.044973226679320633 -0.044155973829028305 0.049932125484071097 -0.079266535856140255 -0.1176721223569045
leaf_weight=176.75740860402584 87.698039975017309 140.42941328883171 182.74762786179781 73.481219209730625 114.41541346162558 92.465840023010969 145.98550624027848 112.82851526141167 95.227633133530617 155.80372847616673 118.85573203116655 173.38971981033683 92.489231128245592 99.453952793031931 86.968485735356808 83.740804139524698
leaf_count=400 301 295 530 272 371 291 430 452 353 489 365 551 395 345 398 450
internal_value=-0.0141059 -0.117181 0.00500869 0.00971902 0.0246396 0.0422138 0.0310968 0.0477564 -0.0162015 0.0219263 -0.0355469 0.0811947 0.0128159 -0.0440366 -0.0104421 -0.0835528
internal_weight=2032.74 317.187 1715.55 1627.85 1033.18 799.906 707.441 561.455 594.676 251.031 233.271 286.218 275.237 343.644 186.422 157.222
internal_count=6688 695 5993 5692 3385 2649 2358 1928 2307 842 736 1003 925 1465 743 722
is_linear=0
shrinkage=0.05


Tree=11
num_leaves=17
num_cat=0
split_feature=77 27 62 3 76 79 14 50 32 62 50 39 79 64 23 15
split_gain=1377.2 1728.81 320.624 249.892 287.288 249.902 256.001 190.341 177.318 159.371 189.454 128.776 128.407 103.676 103.372 91.4422
threshold=1.0000000180025095e-35 4.4425000000000008 26.125000000000004 12.506060606060608 2.0551879661358603 2.1107800691097292 0.9603846153846155 15.15416666666667 30.310096153846157 20.125000000000004 18.301666666666669 27.765913757700208 2.0147204799113005 74.500000000000014 7.8556802215059109 0.87587607807155088
decision_type=8 10 2 10 10 10 8 10 10 2 10 2 8 8 8 10
left_child=1 -1 3 4 8 9 -7 -8 15 -5 12 -9 -11 -14 -4 -2
right_child=2 -3 14 5 -6 6 7 11 -10 10 -12 -13 13 -15 -16 -17
leaf_value=-0.0043196596972456952 0.04803410158948019 -0.23987307850584305 0.090453775558002991 -0.12482328732853908 -0.057465476737925174 -0.058700342893656249 -0.035122938108092985 0.04803410158948019 -0.010824682758038877 0.039974146490377532 -0.094291490716386595 -0.0041236947740165902 0.0032350472284547582 -0.10576484338767661 0.04803410158948019 -0.011581582844899636
leaf_weight=167.48612885177135 180.69507559761405 144.68122470378876 143.90058550611138 72.157150339335203 98.255001574754715 162.15286965668201 131.09824921190739 165.4804593026638 140.53194503858685 75.548525035381317 101.41806473582983 131.5317829400301 45.658170629292727 40.676138553768396 145.18280324712396 81.378270145505667
leaf_count=381 775 298 534 432 208 358 291 382 479 187 565 333 376 278 560 229
internal_value=-0.0174883 -0.11391 0.000111835 -0.00962601 0.0187998 -0.0250094 -0.0053968 0.0148824 0.0375084 -0.0594007 -0.0410673 0.0369981 -0.00734864 -0.0487429 0.0480341 0.0480341
internal_weight=2027.83 312.167 1715.67 1426.58 500.86 925.721 590.263 428.11 402.605 335.458 263.301 297.012 161.883 86.3343 289.083 262.073
internal_count=6666 679 5987 4893 1691 3202 1364 1006 1483 1838 1406 715 841 654 1094 1004
is_linear=0
shrinkage=0.05


Tree=12
num_leaves=16
num_cat=0
split_feature=77 28 65 48 62 3 47 59 3 15 48 64 15 45 28
split_gain=1196.51 1835.86 374.872 240.814 225.759 235.162 214.126 200.493 229.208 375.721 197.818 329.254 194.423 183.041 104.431
threshold=1.0000000180025095e-35 7.3674999999999997 6.5000000000000009 28.483455882352946 26.375000000000004 12.506060606060608 0.62151692029740824 1.0000000180025095e-35 11.502000000000001 0.97997267318576442 20.60661764705883 78.500000000000014 0.98729714179744432 21.870833333333337 16.358593750000001
decision_type=8 10 10 2 2 10 2 2 10 10 2 8 10 8 8
left_child=1 -1 3 4 5 13 10 12 -9 -10 -7 -12 14 -2 -4
right_child=2 -3 7 -5 -6 6 -8 8 9 -11 11 -13 -14 -15 -16
leaf_value=0.0048198055416176465 0.088149738500563124 -0.23726627594257896 0.017866323750539769 -0.051896308885268742 0.088637600119957902 0.054539569078189812 -0.069517594397796492 0.065884225711431973 -0.097074265769041088 0.029036554016515642 0.057716353663041023 -0.051457959311364633 -0.10559838499054622 0.0076908949628470297 -0.057832983293063793
leaf_weight=175.858498737216 170.96535770967603 140.13289885222912 81.575117338448763 103.28053899109364 132.0292190387845 180.2405632995069 92.063373509794474 91.836935315281153 104.75485236570239 132.9937602430582 107.62446074187756 188.6951736100018 122.09676506370306 120.37417485192418 101.14156646281481
leaf_count=386 541 297 287 368 470 536 366 360 338 517 417 566 472 398 388
internal_value=-0.0136457 -0.102948 0.00271894 0.0204284 0.0280031 0.0186018 -0.000134612 -0.02784 -0.000783059 -0.0267032 0.0133865 -0.0117447 -0.0569977 0.0550462 -0.0241232
internal_weight=2045.66 315.991 1729.67 1095.27 991.992 859.963 568.624 634.399 329.586 237.749 476.56 296.32 304.813 291.34 182.717
internal_count=6707 683 6024 3662 3294 2824 1885 2362 1215 855 1519 983 1147 939 675
is_linear=0
shrinkage=0.05


Tree=13
num_leaves=18
num_cat=0
split_feature=77 36 25 20 76 61 15 36 56 48 28 14 76 60 24 3 64
split_gain=1228.2 2151.16 272.42 222.576 419.296 264.355 187.598 302.484 235.246 269.185 235.949 200.208 166.983 159.048 200.615 185.88 147.944
threshold=1.0000000180025095e-35 0.14911092917209071 -0.11 10.759615384615387 1.0802755824220227 46.250000000000007 0.94187969225259682 0.29990192424296819 4.1382630751678322 27.150735294117649 17.502034926470589 0.99550505050505056 1.165087176904424 1.2500000000000002 1.5798333333333316 14.624000000000002 78.500000000000014
decision_type=8 10 8 10 8 2 8 8 2 2 10 8 10 2 8 10 8
left_child=1 -1 -2 4 5 -4 7 -6 13 10 11 -10 -13 15 -15 -8 -9
right_child=2 -3 3 -5 6 -7 8 16 9 -11 -12 12 -14 14 -16 -17 -18
leaf_value=0.0089909105106367997 -0.084424174988356138 -0.25521794699058475 0.019154019785206797 -0.065174293115438778 -0.046137278931717138 0.10160247690370308 0.031549600687834016 0.025495719618626206 -0.088157185773324001 -0.12025225970651764 0.035724004463412611 0.044413373542097866 -0.052896975281556485 0.11240265881400294 0.003692888823135264 -0.083290253989954793 0.11028725415456711
leaf_weight=175.82654359936714 87.712198801338673 136.03123511373997 227.67627334594727 103.30484562367201 93.226928133517504 169.44808195531368 74.043579790741205 122.08074152842164 144.85043687000871 82.003423944115639 125.80983251705766 79.59189123287797 96.363779157400131 71.63088645786047 102.26353408023715 65.562044072896242 88.94732117280364
leaf_count=399 296 290 461 331 405 395 300 449 488 302 564 448 213 310 418 368 270
internal_value=-0.0155188 -0.106703 0.000927845 0.00552235 0.0102931 0.0545006 -0.00505526 0.0285358 -0.0172111 -0.0375361 -0.0221138 -0.0448365 -0.00887732 0.0170711 0.0488595 -0.0225907 0.0615865
internal_weight=2046.37 311.858 1734.52 1646.8 1543.5 397.124 1146.37 304.255 842.119 528.619 446.616 320.806 175.956 313.5 173.894 139.606 211.028
internal_count=6707 689 6018 5722 5391 856 4535 1124 3411 2015 1713 1149 661 1396 728 668 719
is_linear=0
shrinkage=0.05


Tree=14
num_leaves=17
num_cat=0
split_feature=77 28 65 9 69 60 43 13 65 47 3 52 51 76 52 3
split_gain=1106.02 1582.66 301.176 179.806 215.25 251.495 222.086 204.191 234.194 228.612 218.746 256.675 174.773 168.525 161.009 141.979
threshold=1.0000000180025095e-35 7.6753 14.500000000000002 21.251333333333335 0.13275231118117767 7.2500000000000009 60.148351648351657 0.059941056485269532 5.5000000000000009 0.58718652037617569 18.154000000000003 228.58571428571432 4.7631608707944588 1.1750712350933974 250.54195804195805 13.034666666666668
decision_type=8 10 10 10 2 2 8 8 8 2 10 10 8 8 10 10
left_child=1 -1 3 4 5 7 -6 9 13 -2 11 -10 14 -9 -8 -13
right_child=2 -3 -4 -5 6 -7 12 8 10 -11 -12 15 -14 -15 -16 -17
leaf_value=0.00055675603651653127 -0.085202247058729863 -0.22453569606315282 -0.07535501255158375 -0.043201152598097294 -0.084703350441056716 0.092684409934881182 -0.0091199824501000323 0.12198937571016027 -0.0095910704058343437 0.032368762017685522 -0.035241132327867151 0.11483306512691101 -0.061398417555913999 0.027394610071628758 0.082011679925355976 0.033573862265402439
leaf_weight=174.8246708959341 94.690036628395319 140.12736780941486 117.01399334892631 157.43669445812702 96.569186430424452 118.22010194510221 120.37058391049504 93.618133679032326 207.60726092755795 72.070332672446966 179.09511419385672 92.076855517923832 75.279812529683113 95.210476856678724 79.940921511501074 130.16971465945244
leaf_count=398 365 290 455 511 269 428 429 202 557 327 576 314 268 423 402 476
internal_value=-0.0139635 -0.0999843 0.00175133 0.00739044 0.0128909 0.0241611 -0.0198753 0.0156751 0.0261934 -0.0345005 0.0110577 0.0303848 0.00306497 0.0746887 0.0274758 0.0676032
internal_weight=2044.32 314.952 1729.37 1612.36 1454.92 1082.76 372.161 964.538 797.778 166.76 608.949 429.854 275.591 188.829 200.312 222.247
internal_count=6690 688 6002 5547 5036 3668 1368 3240 2548 692 1923 1347 1099 625 831 790
is_linear=0
shrinkage=0.05


Tree=15
num_leaves=9
num_cat=0
split_feature=77 36 62 23 3 62 65 23
split_gain=1010.05 1488.17 311.566 262.584 250.224 231.776 301.958 38.7381
threshold=1.0000000180025095e-35 0.14182685262214559 26.875000000000004 7.8459164292497627 21.594000000000005 18.625000000000004 5.5000000000000009 7.1904707910014523
decision_type=8 10 2 8 10 2 10 8
left_child=1 -1 4 -4 5 6 -2 -7
right_child=2 -3 3 -5 -6 7 -8 -9
leaf_value=0.0036923803398773818 0.0057395346688042222 -0.2152976888130399 0.11433027174986088 0.0057395346688042222 -0.066874961339918909 0.021540529056856716 -0.096279444807948283 0.0057395346688042222
leaf_weight=170.67745971679688 131.13184576109052 141.17430445551872 104.38196128606796 118.2496847063303 152.24482129886746 515.85725100710988 130.5891211181879 551.67124661058187
leaf_count=386 405 300 380 461 496 1765 433 2000
internal_value=-0.0132353 -0.095815 0.00192394 0.0569364 -0.00637589 0.000598397 -0.0426288 0.00573953
internal_weight=2015.98 311.852 1704.13 222.632 1481.49 1329.25 261.721 1067.53
internal_count=6626 686 5940 841 5099 4603 838 3765
is_linear=0
shrinkage=0.05


Tree=16
num_leaves=17
num_cat=0
split_feature=77 28 64 33 43 43 31 6 15 25 44 45 55 55 45 79
split_gain=881.755 1654.14 302.819 278.242 254.16 218.399 210.54 199.544 203.528 169.053 338.537 216.973 234.027 221.271 151.373 130.717
threshold=1.0000000180025095e-35 7.6753 51.500000000000007 4.1602564102564115 61.174242424242429 64.483333333333348 0.99656862745098052 7.9979928727430663 0.96907611844574892 0.0067424242424242728 0.58916615635844061 17.773504273504276 15.290000000000003 18.349227941176473 24.408333333333335 2.6492602467743294
decision_type=8 10 8 8 10 10 10 10 10 8 10 8 2 2 10 8
left_child=1 -1 3 -2 -5 -6 7 9 -9 10 -4 -11 -13 14 15 -14
right_child=2 -3 6 4 5 -7 -8 8 -10 11 -12 12 13 -15 -16 -17
leaf_value=0.015267465170610735 0.040899383874749978 -0.21246035096858554 0.095916070020016189 -0.13243095335805252 0.022171367717029902 -0.086510947784796816 0.082366230394471843 0.013186317047640509 -0.074165470522156274 0.059362660120986871 -0.012977925194142049 0.055898309887293253 -0.11791016324742987 0.019880339733606537 0.0013391981340618066 -0.034609398246862912
leaf_weight=180.77231593430042 87.350256137549877 141.50256450474262 174.11430770531297 84.993045091629028 99.353525068610907 84.928278420120478 106.84068129956722 137.87969731912017 127.68136348575354 153.90097400173545 120.11728892475367 116.41053448989987 93.828030213713646 182.02105757594109 93.872334342449903 95.904829371720552
leaf_count=414 350 292 539 238 396 372 443 400 432 473 483 376 185 599 331 473
internal_value=-0.00917226 -0.0850698 0.00477218 -0.0363046 -0.0614075 -0.0281126 0.015235 0.00964038 -0.028933 0.0196024 0.0515677 0.00676984 -0.00721461 -0.0230794 -0.0506244 -0.0762061
internal_weight=2081.47 322.275 1759.2 356.625 269.275 184.282 1402.57 1295.73 265.561 1030.17 294.232 735.938 582.037 465.626 283.605 189.733
internal_count=6796 706 6090 1356 1006 768 4734 4291 832 3459 1022 2437 1964 1588 989 658
is_linear=0
shrinkage=0.05


Tree=17
num_leaves=17
num_cat=0
split_feature=77 36 6 44 47 48 19 41 6 15 0 6 79 27 15 27
split_gain=814.798 1142.06 255.353 231.306 354.956 239.672 249.976 234.35 201.588 159.667 157.105 318.151 279.935 188.64 143.815 103.855
threshold=1.0000000180025095e-35 0.13504505369163713 9.1970604786094317 0.51252945185996224 0.56358654557836407 22.150735294117649 4.5773809523809534 1.5000000000000002 10.419131400562573 0.89734160561968712 7.5000000000000009 5.0912245927706579 2.6492602467743294 16.964352941176475 0.99665610848661246 18.892727272727274
decision_type=8 10 10 10 2 2 8 8 10 8 2 10 8 10 10 8
left_child=1 -1 3 4 -2 6 7 -5 -4 -9 11 13 -12 -7 -11 -14
right_child=2 -3 8 5 -6 10 -8 9 -10 14 12 -13 15 -15 -16 -17
leaf_value=0.0059785552987305819 0.10288020214313583 -0.18636045291503964 -0.10183705880663363 0.069676692187171624 -0.0039214514343177964 -0.082580597682139364 0.088357916060728778 0.037390225327449948 0.00080128212418743839 -0.072176405482732076 -0.109629227670938 0.055028723530254189 -0.048785545735127167 0.009719430928113516 0.0038201664827159053 0.040211808215668027
leaf_weight=167.50403396785259 158.20782439410686 142.0267353951931 91.947238147258759 116.94422014430165 151.99889145046473 113.51207072660327 122.20847242325544 113.65597193315625 98.544102475047112 122.66837786510587 109.41435152292252 156.20057842880487 60.423029560595751 106.79293817654252 125.1602176502347 69.297031007707119
leaf_count=373 440 306 330 356 521 492 385 392 332 439 250 548 341 390 468 336
internal_value=-0.00805852 -0.0825912 0.00541825 0.0122385 0.0507038 0.0023945 0.0248446 0.00847048 -0.0490138 -0.011468 -0.0195133 0.000640409 -0.0511148 -0.0379964 -0.033935 -0.00129885
internal_weight=2026.51 309.531 1716.98 1526.48 310.207 1216.28 600.637 478.429 190.491 361.485 615.64 376.506 239.134 220.305 247.829 129.72
internal_count=6699 679 6020 5358 961 4397 2040 1655 662 1299 2357 1430 927 882 907 677
is_linear=0
shrinkage=0.05


Tree=18
num_leaves=16
num_cat=0
split_feature=77 36 44 36 3 50 62 66 23 79 50 56 57 31 79
split_gain=644.908 1257.4 239.506 307.899 248.827 250.987 226.637 302.36 356.091 198.176 197.887 206.292 181.665 177.61 138.695
threshold=1.0000000180025095e-35 0.13504505369163713 0.57970083081852397 0.91850630563643143 21.50919191919192 15.873875000000002 18.625000000000004 7.5000000000000009 7.4458134806227436 2.1621824872985544 17.22066666666667 4.1418354473540653 228.41176470588238 0.94968750000000013 2.7611001322197652
decision_type=8 10 10 10 10 10 2 2 10 10 10 2 2 8 8
left_child=1 -1 3 4 5 12 -4 8 10 13 -8 -12 -2 -7 -10
right_child=2 -3 6 -5 -6 9 7 -9 14 -11 11 -13 -14 -15 -16
leaf_value=0.012000044674961198 -0.071216515330075489 -0.18636661149051903 -0.072779961695641021 0.072844157483945363 -0.072731706936405474 -0.068990208778083581 0.08765998796154649 -0.072779961695641021 -0.072779961695641021 0.067833674601287322 0.071631267423576478 -0.032999171883785136 0.009572354577816437 0.039479868326116378 -0.00010218487039897217
leaf_weight=173.87101131677628 116.54037488251925 146.6139011234045 173.27869325131178 183.66256339102983 98.780925966799259 63.47722901403904 128.82743213325739 133.65599336475134 64.285886839032173 228.3701533973217 76.429317101836205 119.34251688420773 170.0520987957716 90.017845373600721 73.043641049414873
leaf_count=386 301 316 567 569 275 271 484 528 205 525 332 448 548 477 464
internal_value=-0.0140434 -0.0790452 -0.00189113 0.0148807 0.000928636 0.0119061 -0.0226263 -0.00793718 0.0112607 0.0384054 0.0397907 0.00800499 -0.0234131 -0.00553367 -0.0559745
internal_weight=2040.25 320.485 1719.76 950.901 767.239 668.458 768.863 595.585 461.929 381.865 324.599 195.772 286.592 153.495 137.33
internal_count=6696 702 5994 2966 2397 2122 3028 2461 1933 1273 1264 780 849 748 669
is_linear=0
shrinkage=0.05


Tree=19
num_leaves=17
num_cat=0
split_feature=36 77 76 4 36 4 48 14 62 76 48 51 47 61 8 79
split_gain=591.615 1130.01 305.438 504.97 366.471 251.541 245.928 169.428 249.304 248.222 154.536 181.532 123.809 161.656 154.723 93.8147
threshold=0.04571153203161623 1.0000000180025095e-35 1.165087176904424 16.794458218100392 0.91850630563643143 4.7416269709676309 21.849264705882359 0.69166666666666676 19.125000000000004 1.4784590434215288 18.060661764705888 4.7444600831396686 0.58398166052329459 47.250000000000007 17.759789436922961 2.6388464674278231
decision_type=8 8 8 10 10 10 2 10 2 10 2 10 2 2 10 8
left_child=-1 -2 3 -3 6 15 -5 -7 -9 10 -10 12 14 -14 -12 -4
right_child=1 2 5 4 -6 7 -8 8 9 -11 11 -13 13 -15 -16 -17
leaf_value=0.096859885206117463 -0.1204583165125399 0.086782166323372559 -0.12129674863969525 0.016624466359342432 0.064277338290453442 0.061029401440501375 -0.065386069533825683 -0.074096215532727022 0.056334280433362083 0.071857829890015476 -0.073462018320780892 -0.074096215532727022 -0.013454614282486538 0.094060090893860263 0.020073269999494062 -0.042988616781574909
leaf_weight=117.82498895376921 235.53979822993279 206.33016642928123 72.604415759444237 156.08283880352974 135.99692377448082 73.544445976614952 218.49250735342503 155.65666680783033 61.687327805906534 92.024953410029411 113.89549628272653 94.717607267200947 102.99956796690822 51.769468639045954 71.291600774973631 83.25076412782073
leaf_count=395 503 430 156 353 332 266 536 583 303 211 490 344 582 346 380 505
internal_value=-0.0114288 -0.0181007 -0.003775 0.020975 -0.00573631 -0.0220052 -0.0312596 -0.0108639 -0.0180425 -0.00311304 -0.0171291 -0.0276601 -0.0100456 0.0228815 -0.0375393 -0.0800088
internal_weight=2043.71 1925.88 1690.34 716.902 510.572 973.442 374.575 817.587 744.043 588.386 496.361 434.674 339.956 154.769 185.187 155.855
internal_count=6715 6320 5817 1651 1221 4166 889 3505 3239 2656 2445 2142 1798 928 870 661
is_linear=0
shrinkage=0.05


Tree=20
num_leaves=16
num_cat=0
split_feature=77 31 64 69 54 36 41 6 23 76 24 44 47 14 23
split_gain=702.138 1207.62 298.892 273.728 230.714 199.324 188.359 162.738 213.285 152.472 138.817 245.314 198.496 134.337 90.7482
threshold=1.0000000180025095e-35 0.50568181818181823 49.500000000000007 0.13714315180950706 27.919871794871799 0.65815968458956875 21.000000000000004 7.9979928727430663 6.5323441764170775 1.0538569473735033 -0.15008928571428615 0.56587986817063551 0.5666826145953282 0.99894444444444452 6.800735294117648
decision_type=8 10 8 2 10 8 10 10 8 10 8 10 2 8 10
left_child=1 -1 5 4 7 14 9 8 -4 -5 -10 12 -12 -13 -2
right_child=2 -3 3 6 -6 -7 -8 -9 10 -11 11 13 -14 -15 -16
leaf_value=0.0010735560111628552 0.031117652038353129 -0.19207851877724214 0.070361871779636903 -0.0079740690014551592 0.071931649558323582 -0.087291642593728125 0.015916872711140801 -0.032137324881892047 0.047927734080051188 -0.093904729452524205 0.068387520644861685 -0.098630350215391155 -0.024364274599175197 -0.0090258820177464474 -0.044417750321188887
leaf_weight=187.51667520403862 77.405080940574408 141.34249575436115 162.73637887090445 85.562110863626003 175.88187211751938 153.36945788562298 130.81302176788449 185.62947210669518 139.09411290660501 129.90694412589073 118.31229530647397 86.758275706321001 110.91365448758006 80.345503635704517 79.716317988932133
leaf_count=419 297 289 506 456 559 578 547 595 514 312 309 313 399 332 309
internal_value=-0.0154622 -0.0822731 -0.00262125 0.00719197 0.0198023 -0.0469376 -0.0313433 0.00935855 0.0204218 -0.0599764 0.0051402 -0.00995915 0.0235976 -0.0558574 -0.00724415
internal_weight=2045.3 328.859 1716.44 1405.95 1059.67 310.491 346.282 883.79 698.16 215.469 535.424 396.33 229.226 167.104 157.121
internal_count=6734 708 6026 4842 3527 1184 1315 2968 2373 768 1867 1353 708 645 606
is_linear=0
shrinkage=0.05


Tree=21
num_leaves=11
num_cat=0
split_feature=36 77 62 33 36 39 20 62 23 48
split_gain=523.598 1056.71 444.794 241.499 250.936 243.064 264.21 135.416 166.994 111.979
threshold=0.056249613966948282 1.0000000180025095e-35 22.125000000000004 2.8750000000000004 0.36068968089754422 28.991101984941825 5.3333333333333348 26.875000000000004 7.8459164292497627 20.060661764705888
decision_type=8 8 2 8 10 2 10 2 8 2
left_child=-1 -2 3 -3 -5 6 9 -4 -9 -6
right_child=1 2 7 4 5 -7 -8 8 -10 -11
leaf_value=0.082656157574757361 -0.12029774034186416 0.021137234036826963 0.021137234036826963 -0.11159309638078607 0.020017606794751164 0.018505125463056819 -0.11588251287865886 0.10695949891711563 0.021137234036826963 -0.053082243690180386
leaf_weight=143.0839654058218 215.08143609762192 169.60166157409549 683.0077866204083 114.13544068485498 91.31614301353693 171.73106689751148 114.07817206531763 101.76568741723895 114.38404415175319 120.59808258339763
leaf_count=452 469 568 2403 389 277 572 371 364 422 420
internal_value=-0.00924001 -0.0162161 -0.00283236 -0.0304038 -0.0450254 -0.0295673 -0.0548707 0.0211372 0.0606476 -0.0216367
internal_weight=2038.78 1895.7 1680.62 781.461 611.859 497.723 325.992 899.158 216.15 211.914
internal_count=6707 6255 5786 2597 2029 1640 1068 3189 786 697
is_linear=0
shrinkage=0.05


Tree=22
num_leaves=12
num_cat=0
split_feature=36 77 43 63 62 65 30 79 31 58 36
split_gain=561.616 1060.15 236.529 396.964 204.037 377.902 192.807 174.999 160.741 110.164 80.127
threshold=0.056249613966948282 1.0000000180025095e-35 65.677083333333357 1.0000000180025095e-35 18.875000000000004 5.5000000000000009 0.15372385199966973 2.9371848736202493 0.9951470588235295 21.343750000000004 0.91850630563643143
decision_type=8 8 8 2 2 10 10 8 10 2 10
left_child=-1 -2 4 6 5 -3 7 -4 10 -9 -6
right_child=1 2 3 -5 8 -7 -8 9 -10 -11 -12
leaf_value=0.090033738160515853 -0.11668214485636563 0.021107621700919205 -0.13049861177823388 0.034589668670151931 0.021107621700919205 -0.093725164095788155 -0.0012182509874471496 0.018632224311026343 0.08499798100777417 -0.086019738433873796 0.058267704238673779
leaf_weight=137.84599050506949 221.51544043421745 120.79974137991667 116.97628256678581 152.4088122099638 704.18038783222437 118.8742398172617 87.362829975783825 44.324692364782095 97.554964825510979 56.227636814117432 177.14908874034882
leaf_count=450 482 353 321 560 2237 397 284 293 356 406 558
internal_value=-0.00704365 -0.0141401 -0.000524587 -0.0311482 0.010984 -0.0302794 -0.0640149 -0.0891139 0.0211076 -0.0401587 0.0211076
internal_weight=2035.22 1897.37 1675.86 457.3 1218.56 239.674 304.891 217.529 978.884 100.552 881.329
internal_count=6697 6247 5765 1864 3901 750 1304 1020 3151 699 2795
is_linear=0
shrinkage=0.05


Tree=23
num_leaves=17
num_cat=0
split_feature=2 30 19 62 48 19 79 3 5 28 41 14 54 5 58 39
split_gain=292.159 576.48 480.935 351.462 292.495 338.68 292.567 230.074 205.282 163.113 147.561 162.562 93.5904 91.5133 120.459 45.6506
threshold=1.0000000180025095e-35 0.094382947134670561 3.8619047619047624 26.875000000000004 21.343750000000004 3.4494949494949503 2.6712614781755248 12.411666666666669 21.443333333333339 15.630909090909093 88.500000000000014 0.11125000000000003 23.75961538461539 17.203333333333337 21.60661764705883 28.245037645448328
decision_type=2 10 8 2 2 10 10 10 10 8 8 10 8 10 2 2
left_child=3 7 -3 4 5 6 12 10 9 -6 -2 -12 -1 14 -11 -5
right_child=1 2 -4 15 8 -7 -8 -9 -10 13 11 -13 -14 -15 -16 -17
leaf_value=-0.018646900743909827 0.049302458887951067 -0.041498643218219902 -0.17615880583840629 0.10461756269765177 0.044046651981848463 0.067131737616696024 0.052106658849910614 -0.056709964660686167 -0.089418271047268641 -0.091440897724301459 0.030317199610510211 -0.047375680085719907 -0.098609698082140373 0.0039387767689788083 -0.018586348189105466 0.067131737616696024
leaf_weight=70.340664733201265 170.42503827437758 177.52487190067768 105.66896062344313 83.425227645784616 90.680628146976233 200.49828816950321 93.031483918428421 160.56452032551169 118.12464363500476 96.916229121387005 128.64487734809518 139.14348324760795 76.582426082342863 124.33527094870806 136.4956660233438 103.63788237422705
leaf_count=300 542 523 308 278 291 517 211 590 401 332 444 410 332 447 477 395
internal_value=-0.011737 -0.0335444 -0.0921878 0.00438514 -0.00732581 0.0232067 -0.0169368 -0.00570139 -0.0310617 -0.0155246 0.0130751 -0.0100783 -0.0607117 -0.0307053 -0.0490977 0.0671317
internal_weight=2076.04 881.972 283.194 1194.07 1007.01 440.453 239.955 598.778 566.552 448.428 438.213 267.788 146.923 357.747 233.412 187.063
internal_count=6798 2817 831 3981 3308 1360 843 1986 1948 1547 1396 854 632 1256 809 673
is_linear=0
shrinkage=0.05


Tree=24
num_leaves=17
num_cat=0
split_feature=77 36 66 65 17 30 47 76 30 57 42 48 62 23 0 32
split_gain=378.76 811.507 217.89 196.049 167.211 314.692 174.312 191.08 160.26 216.741 146.772 144.076 214.69 217.492 104.407 90.7583
threshold=1.0000000180025095e-35 0.10870727155838146 4.5000000000000009 14.500000000000002 0.06458333333333334 0.15421192488860377 0.56703354297693931 1.0802755824220227 0.078805610729920109 248.90625000000003 2.5000000000000004 17.093750000000004 22.625000000000004 7.4458134806227436 5.5000000000000009 33.122159090909101
decision_type=8 10 2 10 8 8 2 8 10 2 2 2 2 8 2 8
left_child=1 -1 -2 4 6 -6 8 -8 15 -10 -9 -12 14 -14 -13 -4
right_child=2 -3 3 -5 5 -7 7 10 9 -11 11 12 13 -15 -16 -17
leaf_value=0.024651725055510099 0.072634501650783112 -0.13807656741078753 0.042859471981472858 -0.06770228967998948 -0.0084288138014187337 0.10763169872163697 0.053733838652007648 0.061475637045026357 -0.079417998012670188 0.0051709502522940352 0.050158936498260469 -0.10260223197142126 0.062926693656175203 -0.045634612345932413 -0.045634612345932413 -0.023726214832437226
leaf_weight=149.48526850342751 101.34078852459788 155.60724499821663 96.223858024924994 106.9056398011744 138.68135460838675 99.733896780759096 189.55484163761139 71.302443791180849 207.14019652828574 118.85352813825011 70.224779084324837 98.590563010424376 96.92279240116477 86.277827706187963 101.88981387391686 107.11177812889218
leaf_count=330 369 341 297 427 558 302 455 285 511 428 225 403 429 452 436 356
internal_value=-0.00734572 -0.058525 0.00191859 -0.00263308 0.00210162 0.0403684 -0.00525828 0.0108435 -0.0269803 -0.0486563 -0.00470886 -0.0152178 -0.027283 0.0118299 -0.0629059 0.00783945
internal_weight=1995.85 305.093 1690.75 1589.41 1482.51 238.415 1244.09 714.763 529.329 325.994 525.208 453.906 383.681 183.201 200.48 203.336
internal_count=6604 671 5933 5564 5137 860 4277 2685 1592 939 2230 1945 1720 881 839 653
is_linear=0
shrinkage=0.05


Tree=25
num_leaves=17
num_cat=0
split_feature=36 76 37 36 16 64 50 6 6 59 56 5 9 61 57 65
split_gain=459.936 692.626 452.409 995.97 268.157 282.883 205.663 198.266 277.524 172.484 165.979 154.248 151.217 140.746 60.2604 73.7575
threshold=0.04571153203161623 3.6210879005690333 1.5000000000000002 0.25380573344634427 20.611111111111118 49.500000000000007 17.303095238095242 8.7107449054622261 7.2847195586428279 0.75000000000000011 4.2429188563284947 17.563333333333336 15.831000000000001 47.750000000000007 264.28125000000006 5.5000000000000009
decision_type=8 8 10 10 10 8 8 10 10 2 2 10 8 2 2 10
left_child=-1 4 12 6 -2 -6 -4 8 9 11 -11 -7 -3 14 15 -14
right_child=1 2 3 -5 5 7 -8 -9 -10 10 -12 -13 13 -15 -16 -17
leaf_value=0.086001446168090079 0.062356343458495271 0.059665990073798816 -0.078373257444124489 -0.20755491461523576 -0.052389383912855109 0.010199195297595495 0.025206128122806988 -0.042609660619579971 0.07656088691208135 0.073190094645207163 -0.000129102520687901 -0.057775440053905759 -0.031748782452143041 0.047832020695491494 -0.0017206224726196929 -0.13294423910955386
leaf_weight=125.14203126356006 181.72764538228512 63.702191025018692 94.564614418894053 125.94580756500363 230.01130163669586 183.11483868956566 95.393527086824179 154.44403691589832 165.70325511693954 132.24917028844357 183.46367926895618 151.96475595235825 34.05479783564806 38.640249583870173 28.7900645211339 39.244516137987375
leaf_count=401 385 557 277 436 575 396 326 382 359 302 405 345 375 419 309 415
internal_value=-0.00646455 -0.0125871 -0.0616994 -0.0991096 0.00592633 -0.00265742 -0.026498 0.00916564 0.0189993 0.00424816 0.0307177 -0.0207087 -0.00368924 -0.032586 -0.0631926 -0.086989
internal_weight=2028.16 1903.01 520.336 315.904 1382.68 1200.95 189.958 970.94 816.496 650.792 315.713 335.08 204.432 140.73 102.089 73.2993
internal_count=6664 6263 3114 1039 3149 2764 603 2189 1807 1448 707 741 2075 1518 1099 790
is_linear=0
shrinkage=0.05


Tree=26
num_leaves=18
num_cat=0
split_feature=77 28 59 5 2 23 55 12 27 3 44 30 44 21 58 53 79
split_gain=364.554 814.591 216.981 231.437 202.263 214.282 249.514 332.528 263.552 195.028 167.051 154.25 164.542 189.617 141.978 180.195 68.1509
threshold=1.0000000180025095e-35 7.3674999999999997 0.75000000000000011 22.643333333333334 1.5000000000000002 6.422687358720224 17.389375000000005 0.19180566670653962 18.892727272727274 12.128666666666668 0.57315482679489682 0.15537221146089433 0.57636017156257047 4.2518656716417924 24.97058823529412 2.1937500000000005 2.6492602467743294
decision_type=8 10 2 10 2 8 2 8 8 10 10 10 8 8 2 8 8
left_child=1 -1 3 11 5 -4 7 10 -8 -6 -7 12 13 -2 15 -14 -17
right_child=2 -3 4 -5 9 6 8 -9 -10 -11 -12 -13 14 -15 -16 16 -18
leaf_value=0.018414843680363148 -0.017400932752939999 -0.14649140829602789 0.099586223176316865 -0.079422586399389733 0.021480722341905886 0.081049173880070602 0.020678690181421645 -0.089840102913866404 0.12788439309150224 -0.073327401346377746 -0.014348430783101241 0.04209747428375904 0.040153822946524011 0.073632186501336447 -0.085373428803582202 -0.078603112613231718 -0.014656328160067709
leaf_weight=165.7121319770813 151.25183925777674 135.33840231597424 108.17543382570148 115.99590868502855 123.78186690807343 80.788684524595737 164.06073788926005 88.298696588724852 87.529402267187834 95.092543546110392 103.98188131302595 146.21544566005468 90.752911351621151 90.717455018311739 103.84228249266744 83.692722499370575 83.119873683899641
leaf_count=381 495 284 310 409 493 272 557 256 319 325 436 427 348 303 408 193 446
internal_value=-0.00530286 -0.0559589 0.00360479 -0.0140173 0.0215094 0.035825 0.0225141 -0.0105814 0.0583347 -0.0198559 0.0275748 -0.00380377 -0.0149782 0.0168912 -0.0363031 -0.0162658 -0.0470167
internal_weight=2018.35 301.051 1717.3 865.588 851.709 632.835 524.659 273.069 251.59 218.874 184.771 749.593 603.377 241.969 361.408 257.566 166.813
internal_count=6662 665 5997 3029 2968 2150 1840 964 876 818 708 2620 2193 798 1395 987 639
is_linear=0
shrinkage=0.05


Tree=27
num_leaves=18
num_cat=0
split_feature=77 27 65 44 43 5 51 79 61 41 4 15 49 48 6 44 3
split_gain=324.142 623.487 205.338 274.244 259.197 222.229 173.712 231.253 205.137 269.357 215.876 181.481 170.762 159.311 152.355 150.264 102.163
threshold=1.0000000180025095e-35 5.1177142857142863 6.5000000000000009 0.52783734759947654 64.620192307692321 19.563333333333336 4.7341098841906826 2.6182167885835432 47.250000000000007 10.500000000000002 15.674473167661592 0.99577761496175188 8.5000000000000018 20.60661764705883 5.8215099593348567 0.60207123992867972 13.726190476190478
decision_type=8 10 10 8 10 8 10 8 2 10 10 10 2 2 10 8 10
left_child=1 -1 6 -4 5 16 8 -8 9 13 -10 15 -12 -2 -6 -11 -5
right_child=2 -3 3 4 14 -7 7 -9 10 11 12 -13 -14 -15 -16 -17 -18
leaf_value=0.0098762729741421855 0.016364198571609971 -0.13219263692292582 0.041002007474443061 -0.0070866882576832617 -0.040480362333059294 0.044234973034068641 -0.075964862075644124 0.026050314318896591 0.12538659885062167 0.049124918409439548 -0.016949997791876125 0.098250999878240985 0.079291006160226662 -0.059714586514041448 -0.14250511997515133 -0.035297051842886937 -0.072514526723635564
leaf_weight=171.49003538489342 119.44249974936247 139.30599918961525 137.78910457342863 113.00635922327638 71.553802352398634 108.52875578776002 109.77239072322845 110.67461083829403 86.720374643802643 129.37647435441613 94.532139606773853 93.182729709893465 88.411631967872381 160.21749879419804 76.319937732070684 87.568411570042372 125.96419189125299
leaf_count=400 395 283 416 361 355 390 254 401 332 445 349 332 300 523 357 304 447
internal_value=-0.00713079 -0.0540221 0.00140312 -0.0211847 -0.0385298 -0.0148341 0.0146541 -0.0248622 0.024807 0.00825337 0.0608475 0.0402795 0.0297388 -0.0272789 -0.0937404 0.0150429 -0.0417329
internal_weight=2023.86 310.796 1713.06 633.162 495.373 347.499 1079.9 220.447 859.452 589.788 269.664 310.128 182.944 279.66 147.874 216.945 238.971
internal_count=6644 683 5961 2326 1910 1198 3635 655 2980 1999 981 1081 649 918 712 749 808
is_linear=0
shrinkage=0.05


Tree=28
num_leaves=17
num_cat=0
split_feature=77 28 66 28 48 13 6 56 44 53 28 44 53 15 62 53
split_gain=295.492 717.808 185.645 169.089 190.882 248.958 211.527 247.657 183.854 172.175 168.432 159.772 127.665 192.348 147.373 91.9321
threshold=1.0000000180025095e-35 7.6753 4.5000000000000009 21.058682773109247 17.218750000000004 0.19054439593310987 7.2265413575174149 4.6089858844997869 0.56641247675345385 2.5166666666666671 15.619843750000001 0.59402347238168141 3.3038461538461541 0.93501535987131612 24.125000000000004 2.4494949494949503
decision_type=8 10 2 10 2 10 8 2 10 10 8 10 8 10 2 10
left_child=1 -1 -2 4 -4 6 8 12 9 -6 -10 -12 13 -8 -15 -13
right_child=2 -3 3 -5 5 -7 7 -9 10 -11 11 15 -14 14 -16 -17
leaf_value=0.016711519604009722 0.064967842790203442 -0.13463639343657732 0.046793637890622256 0.062694330562048026 -0.024715629231790354 -0.064037174695269844 0.069573927420050016 0.075804459097818577 0.00038519809683562855 0.063949620576744345 -0.13061312851652393 -0.0077339313426072372 -0.040780029783746383 -0.049591022734877047 0.037190821123970541 -0.084650077978189936
leaf_weight=174.76317495107651 107.21696416288614 140.71067540347576 149.24122175574303 92.162151642143726 139.0456461161375 199.5919197127223 110.81241204589605 138.02210145816207 121.16477373242378 88.933636967092752 77.344895128160715 85.942841671407223 136.28191132470965 113.08457972109318 84.712318003177643 70.232377976179123
leaf_count=399 374 295 457 275 473 577 480 434 407 307 285 368 470 422 333 313
internal_value=-0.00661709 -0.0510063 0.00157904 -0.00268909 -0.00670686 -0.0125855 -0.00372769 0.0175531 -0.0250112 0.0100005 -0.0474804 -0.0722118 -0.000648121 0.0171486 -0.012424 -0.0426418
internal_weight=2029.26 315.474 1713.79 1606.57 1514.41 1365.17 1165.58 582.913 582.664 227.979 354.685 233.52 444.891 308.609 197.797 156.175
internal_count=6669 694 5975 5601 5326 4869 4292 2139 2153 780 1373 966 1705 1235 755 681
is_linear=0
shrinkage=0.05


Tree=29
num_leaves=20
num_cat=0
split_feature=76 34 28 11 4 13 64 55 32 30 26 14 79 55 8 28 55 13 50
split_gain=271.601 443.614 380.853 642.503 255.317 210.397 284.291 348.85 269.96 215.729 202.737 219.241 203.281 115.987 98.0574 97.8156 66.1397 57.3687 54.2895
threshold=3.6210879005690333 inf 10.436155555555557 0.0062993076607469481 10.573731607032155 0.083365927901420431 68.500000000000014 16.116102941176475 33.122159090909101 0.076477075700620165 15.500000000000002 0.11125000000000003 2.7065825496895108 18.047500000000003 17.517427100539255 21.080702380952385 17.687536764705886 0.088318011985482628 17.10133333333334
decision_type=8 8 8 8 8 8 10 2 10 8 2 8 8 2 8 8 2 10 10
left_child=4 2 16 10 -1 9 7 -7 14 -6 11 -4 -13 17 -9 18 -2 -12 -14
right_child=1 -3 3 -5 5 6 -8 8 -10 -11 13 12 15 -15 -16 -17 -18 -19 -20
leaf_value=0.073586803033119291 0.044709877146469568 0.097332274093660368 0.013580871674886141 -0.22124043810904648 0.006211695565470487 -0.051430164624106448 0.063365750544173788 0.012970780260970361 -0.028210653462850982 -0.083477030857142587 0.026830560435878299 -0.1526508773699532 -0.062900168643792123 0.095879334943750255 0.066912914974630922 -0.11055409381831723 -0.016152842193007038 -0.069229436466554495 0.022047187749197849
leaf_weight=133.26543800532818 96.201483864337206 60.083351399749517 63.629320167005062 59.491973668336868 134.98116217553616 245.74934369325638 208.72065715491772 138.81201677024364 187.11557342112064 131.9621130079031 30.310758445411921 82.12305560708046 32.23854847624898 31.221417006105185 215.62148800492287 41.007009383291006 81.80327595770359 30.055876038968563 42.486898854374886
leaf_count=286 379 191 179 285 331 521 452 306 455 341 299 206 314 310 501 337 291 348 398
internal_value=-0.00440038 -0.0310551 -0.0442594 -0.0705836 0.00803426 0.00106453 0.0116348 -0.00214256 0.0202772 -0.0382716 -0.0446451 -0.0670023 -0.0928554 0.0192192 0.0458827 -0.0494806 0.016806 -0.0213454 -0.014948
internal_weight=2046.88 650.653 590.57 412.565 1396.23 1262.96 996.019 787.298 541.549 266.943 353.073 261.485 197.856 91.5881 354.434 115.732 178.005 60.3666 74.7254
internal_count=6730 3537 3346 2676 3193 2907 2235 1783 1262 672 2391 1434 1255 957 807 1049 670 647 712
is_linear=0
shrinkage=0.05


Tree=30
num_leaves=17
num_cat=0
split_feature=36 77 76 54 3 5 20 79 36 16 79 36 61 31 33 44
split_gain=342.555 512.82 230.125 343.296 272.834 191.814 328.779 301.268 142.161 147.838 222.185 169.923 158.093 124.873 97.8208 32.1194
threshold=0.042260457369240396 1.0000000180025095e-35 1.0999320218303932 23.741666666666671 20.319090909090914 21.21166666666667 6.0954545454545466 2.904070250855773 0.2715062762378388 30.033333333333335 2.4434417940646687 0.50709988263025119 44.250000000000007 0.96719607843137267 6.8180147058823541 0.54126926454113311
decision_type=8 8 8 8 10 10 8 8 10 10 10 10 2 10 8 10
left_child=-1 -2 3 4 -3 6 8 -8 -4 10 -10 -11 -13 -14 15 -9
right_child=1 2 5 -5 -6 -7 7 14 9 11 -12 12 13 -15 -16 -17
leaf_value=0.075363372005959883 -0.081177101900561988 0.036554696081357758 -0.064144796714147093 0.066297959221200825 -0.059820268781731217 0.053746503967702676 -0.11546947359064935 -0.074475029993923914 0.071744068057229438 -0.070722707153877823 -0.016229073759431903 -0.035628863157568781 0.083553541063582856 -0.0049212688447801394 0.042657600631894277 -0.01405818609526073
leaf_weight=116.22303108498454 238.39872720837593 141.50796993076801 87.968838691711426 252.75065872073174 150.59195096790791 90.858029682189226 151.33310961723328 43.853787645697594 151.66890060901642 105.37785161286592 134.87260700762272 140.6725864931941 74.621135417371988 84.162868894636631 49.241337891668081 44.298864495009184
leaf_count=381 511 293 403 592 359 517 330 264 561 396 298 538 297 356 307 336
internal_value=-0.00764912 -0.0126529 -0.00302282 0.0237505 -0.0131659 -0.0156194 -0.021565 -0.0670422 -0.00465249 0.00299887 0.0304234 -0.0164394 0.00283459 0.0369205 -0.013253 -0.0446123
internal_weight=2058.4 1942.18 1703.78 544.851 292.1 1158.93 1068.07 288.727 779.345 691.376 286.542 404.834 299.457 158.784 137.394 88.1527
internal_count=6739 6358 5847 1244 652 4603 4086 1237 2849 2446 859 1587 1191 653 907 600
is_linear=0
shrinkage=0.05


Tree=31
num_leaves=18
num_cat=0
split_feature=76 34 3 69 30 56 16 79 76 52 15 2 32 31 55 47 64
split_gain=215.862 511.706 284.23 251.721 250.368 220.332 273.225 209.257 201.517 198.266 178.459 258.179 349.15 149.429 146.887 112.564 132.527
threshold=3.6210879005690333 inf 17.514166666666672 0.13418120607662778 0.13128120970818322 4.0520567314878049 27.522727272727277 0.60700182325182339 1.0802755824220227 216.56439393939397 0.13863961030678931 1.5000000000000002 20.133928571428573 0.98193750000000013 16.984705882352944 0.58868785543936897 78.500000000000014
decision_type=8 8 8 2 10 2 10 10 8 10 8 2 8 8 2 2 8
left_child=2 4 3 9 10 -4 -7 -6 14 -1 -2 15 -13 -11 -8 -12 -17
right_child=1 -3 5 -5 7 6 8 -9 -10 13 11 12 -14 -15 -16 16 -18
leaf_value=0.086334353843265002 0.019360693638495869 0.10997417370306135 0.028125024099277474 -0.024480326857583518 -0.04485987463828487 -0.10098011140004207 -0.029762769276709358 -0.19850020600197574 -0.069497007234088817 -0.0051696108119931652 -0.047675484932224205 -0.0096889345798441759 -0.13887128514806135 0.060970411796637862 0.045815698127818251 -0.020184540412757211 0.10250102938069539
leaf_weight=166.877854347229 121.46430802345276 55.855216979980469 165.63010086119175 198.75298914313316 44.115962561219931 128.09944847226143 125.75578470528126 45.114962488412857 120.94197426736355 220.50431706011295 72.327641416341066 88.999107148498297 126.418348133564 138.23153294622898 129.50128498673439 47.442542344331741 39.633699163794518
leaf_count=324 379 185 420 453 504 257 285 101 314 468 594 372 564 354 335 456 337
internal_value=-0.0093782 -0.0333601 0.00166941 0.0233641 -0.0471976 -0.021788 -0.0382045 -0.123879 -0.0166177 0.0414679 -0.0331891 -0.0502246 -0.0857913 0.0204147 0.00861012 -0.00192467 0.0361869
internal_weight=2035.67 641.372 1394.3 724.367 585.517 669.929 504.298 89.2309 376.199 525.614 496.286 374.821 215.417 358.736 255.257 159.404 87.0762
internal_count=6702 3492 3210 1599 3307 1611 1191 605 934 1146 2702 2323 936 822 620 1387 793
is_linear=0
shrinkage=0.05


Tree=32
num_leaves=16
num_cat=0
split_feature=36 77 66 6 65 27 62 9 24 61 25 3 36 19 43
split_gain=266.416 423.574 177.441 185.469 203.751 193.549 267.387 247.96 232.18 196.562 175.273 170.685 145.567 145.246 96.4859
threshold=0.04571153203161623 1.0000000180025095e-35 4.5000000000000009 2.8880875314147967 11.500000000000002 11.440000000000003 22.375000000000004 15.083416666666668 -0.30984090909090861 41.750000000000007 -0.037888888888888965 17.370714285714289 0.74038933083137382 2.577380952380953 63.839743589743598
decision_type=8 8 2 8 10 10 2 10 8 2 10 10 8 10 10
left_child=-1 -2 -3 -4 5 9 11 -8 -9 -5 -10 -7 -6 -11 -12
right_child=1 2 3 4 12 6 7 8 10 13 14 -13 -14 -15 -16
leaf_value=0.059442200447806154 -0.077878013961293846 0.057565954063939995 -0.070896114911227159 0.084792372227330229 -0.084749071501804121 -0.041660969857383441 -0.041660969857383441 0.087681642910984181 0.053611853132779302 -0.043030227702358176 0.017283823798819414 -0.11029791160439283 -0.0015990876880174908 0.040876373567620167 -0.041660969857383441
leaf_weight=130.81808709725738 227.84010647237301 104.0333860181272 113.2978300973773 125.0720172226429 123.6208939999342 250.76211082190275 156.05372266843915 128.42857683449984 118.17457317188382 87.723607428371906 82.076208401471376 90.314963392913342 91.189795792102814 122.21354571729898 88.402168642729521
leaf_count=418 488 356 405 338 445 847 478 475 347 373 258 328 358 377 358
internal_value=-0.00931674 -0.0140567 -0.00536722 -0.00955184 -0.00475941 0.00298846 -0.00892955 0.011931 0.0320345 0.0354415 0.00705847 -0.0439154 -0.0496218 0.00577767 -0.0253365
internal_weight=2040.02 1909.2 1681.36 1577.33 1464.03 1249.22 914.212 573.135 417.082 335.009 288.653 341.077 214.811 209.937 170.478
internal_count=6649 6231 5743 5387 4982 4179 3091 1916 1438 1088 963 1175 803 750 616
is_linear=0
shrinkage=0.05


Tree=33
num_leaves=17
num_cat=0
split_feature=44 23 41 27 36 4 3 62 33 32 76 73 23 20 32 50
split_gain=217.462 258.977 185.658 325.526 204.251 346.299 181.536 376.172 268.36 287.131 222.198 209.033 138.691 101.34 99.1089 75.8805
threshold=0.51252945185996224 9.1925609756097568 1.5000000000000002 16.735067873303169 0.056249613966948282 -0.19967800465083399 12.411666666666669 22.875000000000004 2.8750000000000004 30.612500000000004 2.3243854832670179 8.5000000000000018 7.5156865157480324 0.49999999999999956 29.679487179487186 17.327500000000004
decision_type=10 8 8 8 8 10 10 2 10 10 8 2 10 10 8 10
left_child=1 14 3 -2 -4 -6 10 8 -8 -10 -7 12 -9 -12 -1 -5
right_child=2 -3 4 15 5 6 7 11 9 -11 13 -13 -14 -15 -16 -17
leaf_value=0.097928873693935298 0.081507701043173356 -0.014212306076252002 0.047968921435885208 0.0084919083488599525 -0.12363432969876859 0.056279722990085407 -0.010460854264547202 0.090869245966859871 -0.16639243564039516 -0.055575962712883634 0.0070236776817495256 -0.010460854264547202 0.0021791951203526203 -0.065002614544795861 0.030211244322830802 -0.056345913735634835
leaf_weight=109.57525426521897 129.55839886516333 198.74273657798767 96.846492975950241 95.095238294452429 85.445008505135775 148.98123635351658 127.92663183808327 86.519383758306503 96.989463333040476 148.94019808620214 111.67963512614369 240.16980625316501 88.910580426454544 85.548470161855221 108.18186786770821 84.487258557230234
leaf_count=289 353 552 325 315 268 344 438 301 290 593 348 865 343 412 313 351
internal_value=-0.00515882 0.0270377 -0.0134119 0.0214118 -0.0215903 -0.0271418 -0.0197795 -0.0330051 -0.0693238 -0.0997765 0.010387 -0.000246378 0.0461869 -0.0243883 0.0645786 -0.0221551
internal_weight=2043.6 416.5 1627.1 309.141 1317.96 1221.11 1135.67 789.456 373.856 245.93 346.209 415.6 175.43 197.228 217.757 179.582
internal_count=6700 1154 5546 1019 4527 4202 3934 2830 1321 883 1104 1509 644 760 602 666
is_linear=0
shrinkage=0.05


Tree=34
num_leaves=17
num_cat=0
split_feature=50 47 59 36 28 65 32 41 48 56 48 36 36 50 51 75
split_gain=198.089 288.999 230.507 228.209 300.706 250.405 194.769 162.039 158.671 146.536 174.115 140.531 117.401 179.033 114.101 113.651
threshold=16.444142857142861 0.5560511811023624 1.0000000180025095e-35 0.6919636406172569 15.801739583333335 5.5000000000000009 29.623529411764711 1.5000000000000002 20.029411764705888 4.1114966407355036 23.545955882352946 0.52686117551222023 0.087548185018265945 19.731666666666673 4.044778613199667 14.880000000000001
decision_type=8 2 2 10 10 8 8 8 2 2 2 8 8 8 10 10
left_child=1 2 -1 4 12 -5 -7 -3 -9 -8 -11 -6 -2 15 -10 -14
right_child=3 7 -4 5 11 6 9 8 14 10 -12 -13 13 -15 -16 -17
leaf_value=-0.12887433573984239 0.056365495771005782 0.042122885129422361 -0.02556262632784341 0.10018840245617588 -0.083045472599400427 0.069988520883153868 0.037669334858323814 0.022547295342581732 -0.0016654084605681179 0.017319790174534479 -0.077500892056988735 -0.012168341086497657 -0.010892897265162644 -0.04201338423810836 -0.068154939455080818 0.060515815365198122
leaf_weight=108.02729915454984 106.60304801538587 119.02538020908833 108.18134448677301 99.416945461183786 169.83864284679294 106.11409012973309 109.22486824914813 126.09446923807263 99.634043544530869 88.163113076239824 105.56626619771123 119.07490747794509 105.73552436009049 164.80967747047544 182.37210055440664 116.18350368738174
leaf_count=316 355 342 309 375 530 288 489 374 385 309 397 384 466 520 558 293
internal_value=-0.00845756 -0.0289999 -0.0775374 0.00338612 -0.01356 0.0294312 0.0120325 -0.00898244 -0.0239542 -0.00843086 -0.0344822 -0.0539764 0.0101706 -0.00267566 -0.0447528 0.0265962
internal_weight=2034.07 743.335 216.209 1290.73 782.245 508.485 409.068 527.126 408.101 302.954 193.729 288.914 493.332 386.729 282.006 221.919
internal_count=6690 2284 625 4406 2548 1858 1483 1659 1317 1195 706 914 1634 1279 943 759
is_linear=0
shrinkage=0.05


Tree=35
num_leaves=17
num_cat=0
split_feature=36 76 32 4 48 62 79 56 56 55 27 8 37 62 9 21
split_gain=237.007 281.437 298.598 466.719 219.024 232.8 316.413 397.042 261.461 332.572 240.25 275.767 155.96 130.686 70.125 56.8926
threshold=0.04571153203161623 3.6210879005690333 8.2666666666666675 -0.19967800465083399 28.483455882352946 26.875000000000004 2.3959058086409009 4.0102233132720952 4.2745512840828672 18.302904411764711 15.475238095238097 16.730867132919972 1.5000000000000002 20.625000000000004 18.020000000000003 3.2554347826086958
decision_type=8 8 8 10 2 2 10 2 2 2 8 10 10 2 10 8
left_child=-1 4 -3 -4 5 6 10 -8 -9 -10 -2 -12 13 -5 15 -15
right_child=1 2 3 12 -6 -7 7 8 9 -11 11 -13 -14 14 -16 -17
leaf_value=0.05953182694787891 0.013546428479841244 0.041545743567571153 -0.1572077139446782 -0.064829966991734808 -0.055614767086813045 0.069242339474564596 0.069242339474564596 -0.051795069136675191 -0.01216629445707474 0.069242339474564596 -0.11509673131793385 -0.014718248952256725 -0.067830633410438795 0.014286648862427224 -0.018333376827527153 0.099568142436800719
leaf_weight=124.78521427512169 171.20666222274303 87.491692092269659 94.317258305847645 54.488357283174992 154.65100984275341 134.20730076730251 139.14919538795948 165.21700550615788 243.62119141221046 130.93654002249241 128.06521435081959 146.3470371812582 161.07414328679442 40.178793780505657 51.458741445094347 37.841416947543621
leaf_count=410 320 348 365 505 357 341 295 382 563 307 288 355 553 371 588 382
internal_value=-0.00698668 -0.0112932 -0.042446 -0.059228 0.000340902 0.00725435 -0.000198484 0.0212781 0.000416984 0.0235243 -0.0328936 -0.0618116 -0.0320683 -0.000558907 0.0267777 0.0563865
internal_weight=2065.04 1940.25 526.85 439.359 1413.4 1258.75 1124.54 678.924 539.775 374.558 445.619 274.412 345.041 183.967 129.479 78.0202
internal_count=6730 6320 3112 2764 3208 2851 2510 1547 1252 870 963 643 2399 1846 1341 753
is_linear=0
shrinkage=0.05


Tree=36
num_leaves=17
num_cat=0
split_feature=65 36 23 43 16 24 30 5 16 56 8 65 30 54 69 3
split_gain=276.304 187.894 296.288 303.763 146.369 188.214 255.897 203.028 335.998 196.32 177.136 165.002 148.334 118.387 157.484 87.4609
threshold=14.500000000000002 0.056249613966948282 9.5741758241758266 52.291666666666679 20.611111111111118 1.5410730769230769 0.14866997165651999 18.40333333333334 34.870833333333344 4.671726455347712 19.730498401621947 5.5000000000000009 0.11826100586362111 23.935416666666672 0.012921661671661673 15.375959595959598
decision_type=10 8 8 10 10 8 8 10 10 2 10 10 10 8 2 10
left_child=1 -1 4 -4 -3 7 12 9 -9 11 -8 15 13 14 -7 -6
right_child=-2 2 3 -5 5 6 10 8 -10 -11 -12 -13 -14 -15 -16 -17
leaf_value=0.057580896508514015 -0.07342992959628325 0.045230177344890238 0.00095563625484134057 -0.10783899795279631 0.0072990576354856748 -0.088499102005012611 -0.090028073574795725 0.10357276591833507 -0.022166868155351193 -0.06884033242333748 -0.0068197785132346721 -0.02953743340587351 0.053564304957816694 0.023351535354290794 0.0032424902285535513 0.07614474358942519
leaf_weight=129.73225174844265 137.44915708899498 186.69102289527655 126.52428209409118 129.12821162119508 84.56505286321044 84.895949441939592 164.67635913938284 139.12916143983603 85.086711321026087 88.138081502169371 104.46538561955094 122.40042280033231 111.57035258412361 129.98718899860978 102.56860306486487 101.12271611765027
leaf_count=412 511 549 369 415 294 282 482 409 377 250 319 479 298 471 382 378
internal_value=-0.00524747 -0.000254534 -0.00454563 -0.0542018 0.00391812 -0.00196077 -0.0197553 0.0180624 0.0559698 -0.00347554 -0.0578762 0.0153863 0.00423841 -0.0132112 -0.0385531 0.0449984
internal_weight=2028.13 1890.68 1760.95 255.652 1505.3 1318.61 698.164 620.442 224.216 396.226 269.142 308.088 429.022 317.452 187.465 185.688
internal_count=6677 6166 5754 784 4970 4421 2234 2187 786 1401 801 1151 1433 1135 664 672
is_linear=0
shrinkage=0.05


Tree=37
num_leaves=18
num_cat=0
split_feature=45 77 36 9 28 64 33 51 41 62 44 47 51 27 14 76 36
split_gain=212.196 184.897 390.299 156.153 166.614 161.035 255.148 208.909 203.828 251.284 160.224 154.659 154.206 142.462 131.24 113.282 95.5259
threshold=14.345238095238097 1.0000000180025095e-35 0.12785513087603836 21.251333333333335 20.227906250000004 62.500000000000007 4.6937500000000005 3.8565134736942164 9.0000000000000018 22.625000000000004 0.60812708776191926 0.56703354297693931 3.6211556383970183 19.454791666666669 0.94894444444444448 1.1081358401556189 0.5163171209259485
decision_type=10 8 10 10 10 8 8 8 10 2 10 2 10 8 8 10 10
left_child=16 2 -2 4 5 6 14 12 9 -9 11 -10 -7 15 -3 -8 -1
right_child=1 3 -4 -5 -6 7 13 8 10 -11 -12 -13 -14 -15 -16 -17 -18
leaf_value=0.0064782689702999581 0.0099887660273140916 -0.019152226444634757 -0.10624277328697579 -0.048005946960546962 0.065547103971294443 0.0039383136799966715 -0.045698305086606376 -0.053816547382562079 0.12383474677967601 0.041041334111158442 0.00054912451487238768 0.037077752616909314 -0.086110125928429995 -0.012903144631390568 0.072494661933505358 -0.12771133601033088 0.071229258389592029
leaf_weight=105.90201791375875 148.95448988676071 76.332044944167137 138.92592896521091 167.22842149063945 97.932282112538815 118.13753826543689 100.84993932768703 130.45654396340251 101.92301393300295 147.89949596300721 90.686918150633574 105.0025455057621 78.468831639736891 138.53492716699839 78.302359823137522 73.632651269435883 122.80385442823172
leaf_count=311 332 330 295 551 290 480 516 405 309 461 338 380 287 571 278 190 363
internal_value=-0.00384487 -0.00963572 -0.0462761 -0.00260279 0.00310281 -0.00187683 -0.0250043 0.0121368 0.0273197 -0.00344902 0.0560128 0.0802007 -0.0322554 -0.0509088 0.0274227 -0.0808388 0.0414051
internal_weight=2021.97 1793.27 287.88 1505.39 1338.16 1240.23 467.652 772.575 575.969 278.356 297.612 206.926 196.606 313.018 154.634 174.483 228.706
internal_count=6687 6013 627 5386 4835 4545 1885 2660 1893 866 1027 689 767 1277 608 706 674
is_linear=0
shrinkage=0.05


Tree=38
num_leaves=18
num_cat=0
split_feature=65 46 76 57 6 23 40 3 55 44 32 13 65 33 12 41 42
split_gain=227.066 185.58 209.126 223.009 222.33 213.304 189.012 188.754 196.763 177.408 165.736 141.775 100.73 128.142 296.726 162.398 106.263
threshold=6.5000000000000009 63.696691176470594 1.8588316527010533 258.21875000000006 6.8066498220306242 7.1154812524159263 2.5000000000000004 23.835555555555562 16.241875000000004 0.50636968516715364 33.539393939393946 0.084056950370568428 14.500000000000002 1.0500000000000005 0.17535485581857133 3.5000000000000004 7.5000000000000009
decision_type=10 2 8 2 10 10 2 8 2 8 8 8 10 10 8 8 2
left_child=1 2 4 11 5 -1 -3 8 -8 -2 -10 -4 13 -11 15 -15 -17
right_child=9 6 3 -5 -6 -7 7 -9 10 12 -12 -13 -14 14 -16 16 -18
leaf_value=0.10615619555132594 0.03896386681939646 -0.061952246437342123 0.0059902623530994209 0.063659811656774257 6.6617560988363038e-05 0.024610639805464671 0.086489316314533354 -0.061706086045576695 -0.047824246055594655 0.015731099143334197 0.038945619379819843 -0.086158628112040239 -0.075231060268016903 0.044286160368419231 -0.1043398338858498 0.0048290321775239066 -0.07498235825238439
leaf_weight=178.49683670699596 95.82456124201417 138.09073003008962 78.064533218741417 67.998103398829699 177.57778444886208 146.34554497897625 88.13181484490633 80.509411215782166 102.3307835124433 144.81092175468802 116.74019137397408 88.405454721301794 118.12265881150961 90.879111189395189 119.29195895791054 76.799801453948021 89.971999760717154
leaf_count=367 277 485 293 408 385 317 332 277 317 513 496 363 465 286 374 312 371
internal_value=-0.00213127 0.010732 0.026909 -0.0120485 0.0450774 0.0696072 -0.0119474 0.00597633 0.0238567 -0.0241932 -0.00161881 -0.0431685 -0.0336973 -0.0241684 -0.0394977 -0.00918854 -0.0384188
internal_weight=1998.39 1262.69 736.888 234.468 502.42 324.842 525.803 387.712 307.203 735.701 219.071 166.47 639.876 521.754 376.943 257.651 166.772
internal_count=6638 4040 2133 1064 1069 684 1907 1422 1145 2598 813 656 2321 1856 1343 969 683
is_linear=0
shrinkage=0.05


Tree=39
num_leaves=18
num_cat=0
split_feature=65 48 32 70 52 62 47 26 79 25 30 76 47 4 51 60 24
split_gain=191.767 226.052 197.598 155.849 142.255 161.094 136.498 348.738 199.762 197.972 287.453 142.772 126.752 125.441 123.064 102.328 96.221
threshold=6.5000000000000009 28.483455882352946 12.050000000000002 0.090096085456126032 254.52272727272728 23.875000000000004 0.61277648990630751 15.500000000000002 2.8675852533801307 -0.0086931818181818481 0.12159294684112183 1.0802755824220227 0.57802149108230871 19.764560191926126 4.3545060265268054 1.7500000000000002 -4.1697678571428565
decision_type=10 2 8 2 10 2 2 2 8 10 10 10 2 8 10 2 10
left_child=1 6 -2 4 5 12 7 9 -9 10 15 13 -4 -8 -11 -1 -6
right_child=2 -3 3 -5 16 -7 11 8 -10 14 -12 -13 -14 -15 -16 -17 -18
leaf_value=0.030598139787325701 0.041428015979949377 -0.057234655576894715 -0.12473790753633805 0.012152576984508346 -0.051473474347197429 -0.020450352649293051 0.06085284719585049 0.10381262486877095 0.011880004563967124 0.074207308567052085 -0.083643405861895281 -0.058720219637940413 -0.052042311290178583 -0.035383833659768903 6.6499329340204645e-05 -0.030194380536696916 0.027820239176033164
leaf_weight=181.87813713774085 91.113649282604456 131.59490248188376 124.01116900146008 129.94472540915012 68.875200066715479 130.86487790942192 70.708439957350492 161.35519827902317 93.350157760083675 116.84931641072035 121.37433755770326 123.97833232581615 119.92476557940245 63.246962387114763 106.59907128661871 110.41804695129395 83.606664706021547
leaf_count=535 291 438 355 477 281 409 390 344 497 378 293 324 409 270 270 319 401
internal_value=-0.00715663 0.00459011 -0.0272494 -0.0368188 -0.0488876 -0.0654164 0.0117098 0.0209712 0.0702973 0.00117245 -0.0193027 -0.0202693 -0.0893574 0.0154893 0.0389953 0.00760846 -0.0080983
internal_weight=2029.69 1281.35 748.341 657.227 527.283 374.801 1149.76 891.824 254.705 637.119 413.671 257.934 243.936 133.955 223.448 292.296 152.482
internal_count=6681 4058 2623 2332 1855 1173 3620 2636 841 1795 1147 984 764 660 648 854 682
is_linear=0
shrinkage=0.05


Tree=40
num_leaves=16
num_cat=0
split_feature=36 76 23 47 50 37 36 27 64 13 61 9 47 73 61
split_gain=284.005 317.198 221.037 226.403 259.468 212.919 738.007 198.501 149.2 136.192 111.343 118.088 95.3904 71.218 64.9075
threshold=0.04571153203161623 6.7248814041745737 7.2398347107438026 0.56302065271837565 18.104307692307696 1.5000000000000002 0.25909039520666755 15.334759358288773 52.500000000000007 0.10065556924753581 43.750000000000007 18.649666666666672 0.60019845664519689 8.5000000000000018 47.250000000000007
decision_type=8 8 10 2 8 10 10 10 10 10 2 10 2 2 2
left_child=-1 2 3 -2 -5 10 -7 -4 14 -6 12 13 -3 -12 -9
right_child=1 5 7 4 9 6 -8 8 -10 -11 11 -13 -14 -15 -16
leaf_value=0.067358485349895372 0.058870494699316968 -0.096573187749623493 0.020580357905710125 0.034423220188919489 -0.069228414319410875 -0.0085661423555984037 -0.17148482946020482 -0.090109226742288551 -0.00295312209606533 0.003478054594477727 0.10363048665182138 -0.046883375060864742 0.014544817378449919 0.012173908518342718 -0.038103375843915328
leaf_weight=128.29881147295237 255.52776914834976 45.158944275230169 203.1007175296545 288.18526536226273 133.99245652556419 182.56207532063127 111.36477250978351 122.785998955369 164.55954115092754 123.00850182771683 42.181543979793787 37.791474550962448 32.811093647032976 42.575765673071146 121.34280523657799
leaf_count=414 523 468 471 591 329 584 424 302 398 304 441 419 295 437 320
internal_value=-0.00435747 -0.00921527 0.00285688 0.0201351 0.00190536 -0.0436384 -0.0706659 -0.0197529 -0.0397982 -0.0345503 -0.00386665 0.0257933 -0.0502208 0.0583672 -0.0645209
internal_weight=2035.25 1906.95 1412.5 800.714 545.186 494.446 293.927 611.789 408.688 257.001 200.519 122.549 77.97 84.7573 244.129
internal_count=6720 6306 3238 1747 1224 3068 1008 1491 1020 633 2060 1297 763 878 622
is_linear=0
shrinkage=0.05


Tree=41
num_leaves=19
num_cat=0
split_feature=20 76 37 23 45 25 28 38 79 19 51 0 45 53 61 45 32 61
split_gain=202.247 356.136 223.429 202.585 148.966 148.558 360.791 278.1 173.499 143.535 136.882 136.319 173.169 128.226 116.79 112.517 82.5385 45.315
threshold=10.759615384615387 1.0802755824220227 2.5000000000000004 7.0256175877748097 13.522727272727275 -0.12243506493506488 11.441166666666668 1.5000000000000002 2.6182167885835432 5.6306818181818192 4.7823024980322311 7.5000000000000009 19.345238095238098 2.7416666666666671 43.750000000000007 22.720779220779225 33.363970588235297 44.250000000000007
decision_type=10 8 10 10 10 10 10 10 10 8 10 2 10 10 2 10 8 2
left_child=1 3 4 -1 -3 6 8 14 17 10 11 12 -7 15 -8 -13 -14 -6
right_child=-2 2 -4 -5 5 9 7 -9 -10 -11 -12 13 16 -15 -16 -17 -18 -19
leaf_value=0.088798611551595949 -0.074421457666332347 0.029074995744381313 0.064879152193598827 0.013899767035834924 0.06805059902864756 -0.032361997206521033 -0.084160779433830393 -0.13836586057184136 -0.043495579774928995 0.055487611586842983 -0.065496655122789349 0.034272020783557601 0.095169441935986782 -0.07166533579740296 -0.010144037265288869 -0.043162862541712435 0.019214556929625468 0.012014625762593847
leaf_weight=139.26853258907795 99.92740885913372 153.44732883200049 86.573386516422033 254.65047733485699 69.391070410609245 84.212335757911205 92.964094154536724 114.94666180387139 111.40938423573971 79.378147568553686 111.34586485847831 98.027678497135639 71.671108458191156 103.40094521269202 123.86954614147544 88.143651183694601 71.681148733943701 75.089750148355961
leaf_count=286 339 530 275 576 296 272 286 308 283 292 340 375 256 395 458 435 359 335
internal_value=-0.0054234 -0.00181328 -0.012697 0.0405378 -0.0173736 -0.0228933 -0.0414541 -0.0757792 0.00317269 -0.00744726 -0.0154715 -0.00459489 0.0243037 -0.0273107 -0.0421183 -0.0024246 0.0575856 0.0392103
internal_weight=2029.4 1929.47 1535.55 393.919 1448.98 1295.53 587.671 331.78 255.89 707.861 628.483 517.137 227.565 289.572 216.834 186.171 143.352 144.481
internal_count=6696 6357 5495 862 5220 4690 1966 1052 914 2724 2432 2092 887 1205 744 810 615 631
is_linear=0
shrinkage=0.05


Tree=42
num_leaves=17
num_cat=0
split_feature=77 31 48 66 57 52 61 16 63 54 6 7 4 30 30 6
split_gain=192.456 388.777 161.356 187.823 180.315 235.547 177.354 239.489 218.372 216.644 201.828 207.782 234.914 160.056 140.752 117.063
threshold=1.0000000180025095e-35 0.50568181818181823 28.483455882352946 4.5000000000000009 204.04044117647064 196.7416666666667 47.250000000000007 36.408333333333339 1.0000000180025095e-35 15.968750000000002 9.6201121915745684 16.49084090909091 11.846978358070347 0.10977633456691889 0.12070683107053663 6.3726869556717505
decision_type=8 10 2 2 2 8 2 10 2 10 8 10 10 8 8 10
left_child=1 -1 3 -2 -5 -6 7 9 14 -7 11 12 -11 -4 -8 -13
right_child=2 -3 13 4 5 6 8 -9 -10 10 -12 15 -14 -15 -16 -17
leaf_value=0.014635679104138889 0.082005316421028929 -0.095219060347894222 0.0099413390070809075 -0.036345527379105048 0.078408420415798916 -0.056884060112346639 -0.048532049731213306 -0.075493939648617975 0.079859005088291829 0.025392897243800356 0.077579477474796127 0.025392897243800356 -0.069886149798028388 -0.082110570348825948 0.038490180287676305 0.088497139308730211
leaf_weight=187.50255100429058 95.942512914538383 139.88300853967667 97.825591653585434 181.72470097988844 137.20317021012306 111.03318470343947 79.955098092556 101.19829701632261 167.11614271253347 121.12905941531062 116.40219344943762 100.16274233534932 136.87446685135365 89.944467701017857 108.06901241466403 88.530924446880817
leaf_count=428 334 290 399 493 379 388 390 484 549 417 468 348 481 231 400 299
internal_value=0.00265053 -0.0324493 0.0092958 0.0146184 0.0101042 0.0167864 0.00924471 -0.00416656 0.0384533 0.0066368 0.0192406 0.00389911 -0.0252286 -0.0343542 0.00142399 0.0436489
internal_weight=2060.5 327.386 1733.11 1545.34 1449.4 1267.67 1130.47 775.331 355.14 674.133 563.099 446.697 258.004 187.77 188.024 188.694
internal_count=6778 718 6060 5430 5096 4603 4224 2885 1339 2401 2013 1545 898 630 790 647
is_linear=0
shrinkage=0.05


Tree=43
num_leaves=17
num_cat=0
split_feature=43 56 41 19 41 5 36 13 41 19 61 45 60 50 28 23
split_gain=149.354 245.538 196.492 185.123 177.649 184.372 178.757 292.915 182.598 177.001 159.557 138.312 171.831 120.962 116.982 68.088
threshold=65.677083333333357 4.1114966407355036 5.5000000000000009 5.8516483516483522 1.5000000000000002 15.630000000000001 0.078390483085804499 0.18872465396454263 65.000000000000014 2.4833333333333338 45.250000000000007 23.866071428571434 -5.7499999999999991 20.016666666666669 15.811688461538463 7.6150026990936732
decision_type=8 2 8 10 8 10 8 8 10 10 2 10 2 8 8 10
left_child=3 13 -3 4 5 -1 -6 8 11 -10 -4 12 -8 -2 -14 -13
right_child=1 2 10 -5 6 -7 7 -9 9 -11 -12 15 14 -15 -16 -17
leaf_value=-0.01244175358946108 -0.014216484140684361 -0.095461085382703814 -0.05884984073689984 0.053706161878510808 0.047914479976492647 0.074973931747226968 -0.061908187543062203 -0.086992347007402174 -0.0092317187168012918 0.072452575107668005 0.018886070926488169 -0.08920664716298804 0.059409906003319218 0.072307897097097493 -0.00986310755745156 -0.029347620968184936
leaf_weight=106.16701532155275 84.607235211879015 133.51236178725958 134.53844335302711 172.49673163890839 116.62516175955534 137.92469665780663 92.678560297936201 129.47899874672294 146.87077938765287 119.62492490559816 127.95795676112175 87.318342924118042 99.11890884488821 75.824878964573145 155.15935973078012 106.07771097123623
leaf_count=303 478 457 456 451 343 382 314 364 466 376 462 286 288 299 558 372
internal_value=-0.00315558 -0.025193 -0.0463002 0.00520033 -0.00128697 0.0370571 -0.0102025 -0.0174847 -0.00623657 0.0275686 -0.0210284 -0.022929 -0.00399944 0.026872 0.0172668 -0.0566938
internal_weight=2025.98 556.441 396.009 1469.54 1297.04 244.092 1052.95 936.328 806.849 266.496 262.496 540.353 346.957 160.432 254.278 193.396
internal_count=6655 2152 1375 4503 4052 685 3367 3024 2660 842 918 1818 1160 777 846 658
is_linear=0
shrinkage=0.05


Tree=44
num_leaves=17
num_cat=0
split_feature=6 46 7 64 13 14 54 52 54 21 55 31 46 23 64 64
split_gain=190.459 153.578 205.138 212.252 163.175 137.384 127.804 177.587 176.556 100.596 179.32 200.272 82.2436 110.194 64.2175 9.22529
threshold=9.1970604786094317 63.696691176470594 17.991200000000003 73.500000000000014 0.14224588160228688 0.94516666666666682 26.75961538461539 258.93095238095242 23.881944444444446 6.0059523809523823 15.743051470588236 0.96790865384615399 62.545955882352949 6.1513559792669392 1.0000000180025095e-35 55.500000000000007
decision_type=10 2 10 8 10 10 10 10 10 8 2 8 2 10 10 10
left_child=1 2 4 -4 12 -2 8 -8 9 10 -3 -12 14 -14 -1 -16
right_child=5 6 3 -5 -6 -7 7 -9 -10 -11 11 -13 13 -15 15 -17
leaf_value=0.045762160802706203 -0.0053756832333131501 0.06363771421647231 0.092828469706007402 0.0045814113098108502 -0.053836560658014766 -0.08891891207421232 -0.10838097609330931 -0.0052204938740660414 0.045697418135119169 -0.052660554196858923 -0.073220344760878103 0.020293319203983237 0.0045814113098108502 -0.070589157234295971 0.019261888939200385 0.0021033181043338205
leaf_weight=192.09886872395873 89.569407355040312 73.728873465210199 138.32236099615693 133.57451339066029 124.56811129674315 108.58139597252011 80.907864853739738 85.239865384995937 127.13478687778115 159.20539161190391 111.29602330178022 116.12150187045336 81.007565174251795 86.834127143025398 127.14128181710839 202.27262386679649
leaf_count=486 298 268 453 395 312 389 218 393 500 545 419 508 280 347 377 565
internal_value=-0.00492482 0.000103765 0.0121359 0.0496511 -0.000441893 -0.0513718 -0.017225 -0.0558037 -0.00623816 -0.0206491 -0.00360751 -0.0255916 0.00458141 -0.031582 0.00458141 0.00458141
internal_weight=2037.6 1839.45 1085.82 271.897 813.923 198.151 753.634 166.148 587.487 460.352 301.146 227.418 689.354 167.842 521.513 329.414
internal_count=6753 6066 3215 848 2367 687 2851 611 2240 1740 1195 927 2055 627 1428 942
is_linear=0
shrinkage=0.05


Tree=45
num_leaves=19
num_cat=0
split_feature=76 4 46 36 76 30 79 51 14 36 5 1 23 36 31 53 5 6
split_gain=169.865 201.42 235.538 199.164 237.301 349.239 220.913 203.273 150.142 140.774 132.872 131.384 96.9148 87.7728 98.1492 73.0192 47.7704 45.7871
threshold=1.1820983476085325 16.794458218100392 63.781250000000007 0.10412941124909211 1.2209857393425774 0.093877896574645639 3.8413291096473126 4.0840728814890452 0.99207142857142883 0.74038933083137382 14.136666666666668 4.5000000000000009 7.2871053919569304 0.29990192424296819 0.92419580419580438 2.1937500000000005 17.110000000000003 6.7150339143276669
decision_type=8 8 2 8 10 8 8 10 8 8 8 8 10 10 8 10 10 8
left_child=1 -1 9 11 5 12 -7 -6 -4 -3 -9 -2 13 -5 -15 -8 -14 -17
right_child=3 2 8 4 7 6 15 10 -10 -11 -12 -13 16 14 -16 17 -18 -19
leaf_value=0.06295716145217263 -0.0094057829238939749 -0.0068119657266738597 0.0026867668223621941 0.017167006206731932 -0.039300201808707795 -0.12212397589222471 -0.071798397244989917 -0.0019120500469606812 -0.075191417661914284 0.055033917484508865 0.061267509179109315 0.071186616892062793 0.08052406838567594 -0.10695591074609496 -0.0041672204634394874 -0.034954348731393907 0.0018776280294516994 0.055693425288307542
leaf_weight=166.1920803040266 102.15489372983575 171.35530796647072 122.29723201692104 67.447539027780294 220.23230257630348 168.84782335162163 50.767988443374634 222.0000526458025 124.15475586056709 197.21880707144737 132.06412477791309 98.7472013682127 38.510726578533649 47.330085538327694 44.869067266583443 26.504508290439844 37.857114795595407 27.288873560726643
leaf_count=363 317 379 297 254 518 405 540 482 329 431 305 317 258 229 386 309 347 299
internal_value=-0.00407996 0.0142944 0.00106389 -0.0152564 -0.0237337 -0.0485401 -0.0868967 -0.00168323 -0.0366911 0.0263403 0.0217598 0.0303633 -0.00392707 -0.0260528 -0.0575148 -0.0293929 0.0420656 0.0112076
internal_weight=2065.84 781.218 615.026 1284.62 1083.72 509.424 273.409 574.296 246.452 368.574 354.064 200.902 236.015 159.647 92.1992 104.561 76.3678 53.7934
internal_count=6765 1799 1436 4966 4332 3027 1553 1305 626 810 787 634 1474 869 615 1148 605 608
is_linear=0
shrinkage=0.05


Tree=46
num_leaves=19
num_cat=0
split_feature=58 46 48 19 19 76 23 61 20 13 76 31 13 43 50 43 43 64
split_gain=137.972 229.473 134.792 146.337 136.332 119.633 118.539 140.853 160.121 131.639 122.011 158.359 178.032 116.893 114.209 134.075 88.9571 86.6501
threshold=27.330882352941178 63.093750000000007 28.424632352941178 2.8619047619047624 6.6125000000000007 0.97979517720205167 5.9853968253968262 44.750000000000007 6.3205128205128212 0.14031547205317291 1.3510229077788873 0.72166666666666679 0.11061887255186552 61.303846153846159 14.682840909090912 62.759615384615394 65.563492063492077 70.500000000000014
decision_type=2 2 2 8 10 8 8 2 10 10 8 10 8 10 10 10 10 8
left_child=2 -2 4 -4 5 -1 13 8 10 14 -8 17 -13 -7 -9 -16 -17 -12
right_child=1 -3 3 -5 -6 6 7 9 -10 -11 11 12 -14 -15 15 16 -18 -19
leaf_value=0.036520446135890249 0.074575146516656338 -0.010095284326283441 -0.0015175871040268897 -0.08874405137498248 0.048256696923870815 0.059187614592104004 0.010065980063808088 0.038489634470176171 -0.092581017831185955 0.049145969008466184 0.027449798890948229 -0.023555545859128186 -0.13495219698070424 -0.011461721603630957 -0.071192390607911923 0.037649212114035213 -0.038211907347913909 -0.045869500786638394
leaf_weight=143.87054131925106 146.19378075748682 174.89740145206451 93.277338400483131 98.319512754678726 122.47459983825684 106.02000880241394 176.12430873513222 80.631973538547754 99.242247246205807 111.16034326702356 82.997846934944391 71.381050989031792 72.144441977143288 128.67833049595356 109.45247475430369 79.214096616953611 73.568625137209892 76.496561001986265
leaf_count=320 396 572 352 271 334 245 369 275 360 404 378 299 311 406 395 353 387 286
internal_value=-0.00147515 0.0285673 -0.00708037 -0.0465069 -0.00212715 -0.00653159 -0.0114448 -0.0187351 -0.035076 0.0021129 -0.0229974 -0.0421847 -0.0800964 0.0205683 -0.0132342 -0.029224 0.00110928 -0.00778223
internal_weight=2046.15 321.091 1725.05 191.597 1533.46 1410.98 1267.11 1032.41 578.386 454.028 479.144 303.02 143.525 234.698 342.867 262.235 152.783 159.494
internal_count=6713 968 5745 623 5122 4788 4468 3817 2003 1814 1643 1274 610 651 1410 1135 740 664
is_linear=0
shrinkage=0.05


Tree=47
num_leaves=17
num_cat=0
split_feature=6 12 12 54 52 55 5 57 50 30 28 58 58 14 58 6
split_gain=217.977 167.504 143.568 172.046 138.488 124.674 135.665 142.926 143.662 184.181 173.986 189.691 146.46 201.639 137.993 104.339
threshold=9.1970604786094317 0.24420645747433423 0.18884571276912673 15.968750000000002 191.89010989010993 14.415772058823531 21.551666666666669 210.49448529411768 19.352261904761907 0.12086272315479582 17.282655462184874 23.57536764705883 23.468750000000004 0.85035714285714292 25.812500000000004 10.419131400562573
decision_type=10 10 10 8 8 2 10 2 10 8 10 2 2 10 2 10
left_child=1 2 3 -1 -5 -6 7 -7 10 -10 12 -12 13 -9 -14 -2
right_child=15 -3 -4 4 5 6 -8 8 9 -11 11 -13 14 -15 -16 -17
leaf_value=-0.048946542014358212 -0.088838541187095471 0.056923318395124156 -0.049279901086102459 0.066887547073649301 0.050870070747187773 -0.038175742158410103 -0.054809386203650973 -0.00045182137386798934 0.0095040073346585076 0.098934335006394244 -0.091522476116073254 0.014354727214640732 -0.057825909650750885 0.087903344360140745 0.016296128715875366 -0.016395148569243057
leaf_weight=139.70686168596148 94.861775059252977 136.19196447730064 137.61358124390244 95.36259862408042 131.33064166083932 162.86963041126728 103.13377668336034 134.37219370529056 141.89941230043769 96.156474735587835 91.26884052157402 77.68377973139286 97.555445861071348 123.29230057448149 172.19440181925893 104.38838666677475
leaf_count=427 337 353 406 241 511 433 390 428 528 354 332 325 337 419 560 340
internal_value=-0.00161496 0.00377282 -0.000505019 0.00380755 0.00900254 0.00481051 -0.000266707 0.00490496 0.0124467 0.0458898 0.000964623 -0.0430425 0.0151167 0.0420025 -0.0106248 -0.0511564
internal_weight=2039.88 1840.63 1704.44 1566.83 1427.12 1331.76 1200.43 1097.29 934.423 238.056 696.367 168.953 527.414 257.664 269.75 199.25
internal_count=6721 6044 5691 5285 4858 4617 4106 3716 3283 882 2401 657 1744 847 897 677
is_linear=0
shrinkage=0.05


Tree=48
num_leaves=17
num_cat=0
split_feature=52 65 51 63 65 50 54 76 79 36 32 15 60 47 52 59
split_gain=158.26 230.539 262.653 169.595 176.262 172.191 173.354 169.265 281.451 212.895 236.735 179.766 158.575 154.37 126.915 91.219
threshold=224.3484848484849 6.5000000000000009 4.6751564185544776 1.0000000180025095e-35 14.500000000000002 16.148846153846158 24.630681818181824 1.165087176904424 2.3760661500880382 0.21978062190591496 30.630681818181824 0.94656503955658156 -1.7499999999999998 0.56534595918787101 276.58571428571435 0.75000000000000011
decision_type=8 8 10 2 8 10 10 8 8 8 10 8 2 2 8 2
left_child=1 -1 13 4 7 -5 -7 8 -2 -9 11 -11 -6 -3 15 -12
right_child=3 2 -4 5 12 6 -8 9 -10 10 14 -13 -14 -15 -16 -17
leaf_value=0.020749670149174195 -0.021038611805725124 -0.09967846861363 0.015554080846374394 0.069357443472099212 -0.099972863642987644 0.038936608346218239 -0.042103002340514395 0.046324179342802391 0.085166274298891176 -0.014814640464558902 -0.0018629808858170026 -0.11013450673210595 -0.0070549361339213041 -0.03608832672679653 -0.051727889275880318 0.089182530675793334
leaf_weight=188.26044803857803 118.36119385063648 173.19062427803874 137.99285848811269 159.62396648153663 90.780852731317282 151.20083552971482 115.50994587689638 104.74619488045573 130.14292961359024 85.691874705255032 57.709960587322712 117.1450755931437 92.215567905455828 215.20484314486384 53.628031771630049 51.504164818674326
leaf_count=519 316 386 344 482 294 526 414 404 316 340 345 486 323 568 342 292
internal_value=-0.00770143 -0.0266563 -0.043618 0.00250929 -0.00977459 0.0284583 0.00381294 0.00139943 0.0346999 -0.016228 -0.034223 -0.0701353 -0.0534425 -0.0646272 0.0106644 0.0414927
internal_weight=2042.91 714.649 526.388 1328.26 901.926 426.335 266.711 718.929 248.504 470.425 365.679 202.837 182.996 388.395 162.842 109.214
internal_count=6697 1817 1298 4880 3458 1422 940 2841 632 2209 1805 826 617 954 979 637
is_linear=0
shrinkage=0.05


Tree=49
num_leaves=17
num_cat=0
split_feature=43 76 79 27 16 21 1 23 60 7 36 15 65 41 9 2
split_gain=167.427 164.913 223.544 171.326 161.772 215.103 182.633 174.659 169.63 194.84 154.345 214.434 101.839 157.744 111.929 158.528
threshold=65.677083333333357 1.1750712350933974 2.6492602467743294 18.608125000000005 20.611111111111118 1.0000000180025095e-35 1.5000000000000002 7.7058275824296212 -6.2499999999999991 17.550534722222224 0.29990192424296819 0.98932635104691347 6.5000000000000009 16.500000000000004 20.403333333333336 1.0000000180025095e-35
decision_type=10 8 10 8 8 10 10 10 2 10 10 8 10 8 10 2
left_child=1 2 3 -1 5 -3 7 8 -6 10 -10 -12 14 -14 15 -2
right_child=12 4 -4 -5 6 -7 -8 -9 9 -11 11 -13 13 -15 -16 -17
leaf_value=0.036903121007313598 0.055485335975272936 -0.015726210826300633 0.072846419324305786 -0.030199523546755033 -0.046584285629424488 0.074581050123557771 -0.081372670222920565 -0.067495278619975591 0.060436660448758228 0.084174298234723027 0.031970503193364731 -0.054751814774523337 -0.11117577090308553 -0.0098272825647289629 -0.057493349646278648 -0.03652309278905131
leaf_weight=220.55570502579212 102.06927039846778 126.42428363114595 202.89910162985325 165.73271870613098 124.98720982298255 136.16565247252584 88.36546802520752 96.090005364269018 87.600733190774918 90.589691929519176 130.57878333702683 154.68767431378365 72.771392811089754 80.505715787410736 77.050448540598154 84.851065322756767
leaf_count=439 423 372 498 335 455 344 302 479 291 401 430 591 292 389 296 364
internal_value=0.00213723 0.00939477 0.0304889 0.00810984 -0.0026255 0.0312078 -0.0141457 -0.00536145 0.004882 0.0188321 0.00277422 -0.0150823 -0.026077 -0.0583533 -0.00718606 0.0137467
internal_weight=2041.92 1624.68 589.188 386.288 1035.49 262.59 772.9 684.534 588.444 463.457 372.867 285.266 417.248 153.277 263.971 186.92
internal_count=6701 4937 1272 774 3665 716 2949 2647 2168 1713 1312 1021 1764 681 1083 787
is_linear=0
shrinkage=0.05


Tree=50
num_leaves=17
num_cat=0
split_feature=26 36 33 16 48 53 53 5 79 5 5 24 4 24 5 55
split_gain=191.922 315.367 196.019 246.861 152.752 229.016 204.85 133.565 130.917 136.862 207.394 127.026 121.603 101.824 148.125 72.7616
threshold=8.5000000000000018 0.04571153203161623 2.3333333333333335 30.480769230769234 28.483455882352946 1.6306818181818186 1.4641025641025642 12.023333333333335 2.1107800691097292 22.283333333333335 19.416666666666671 11.964250000000002 15.619048385266835 8.4802142857142879 3.6300000000000003 17.622867647058829
decision_type=2 8 10 10 2 10 8 10 8 10 10 8 10 8 10 2
left_child=1 -1 3 13 5 6 -2 -7 -9 10 12 -4 -10 -3 -15 -14
right_child=4 2 11 -5 -6 7 -8 8 9 -11 -12 -13 15 14 -16 -17
leaf_value=0.052599433385262441 0.010410343446264533 -0.037440550356061281 -0.035054159941989786 -0.076039830904927441 -0.039782360805990118 -0.04305916699406321 0.096543586855685828 -0.029958993207882201 0.053810797114019253 -0.030387423336805858 0.10676679826673374 -0.11011857564250421 0.021249569930999402 -0.013094797096754044 0.066668971094272195 -0.045001203524781139
leaf_weight=111.73372978717089 142.5413835272193 102.84771275520325 106.46493583545089 134.60613004118204 155.08191193640232 149.41494409739971 133.34640900790691 156.50994867086411 123.36810850724578 95.269450549036264 80.978063613176346 122.04833441972733 82.569513060152531 131.86274816468358 102.82134928181767 81.339013561606407
leaf_count=363 501 350 329 504 508 466 435 372 439 369 324 330 358 425 335 286
internal_value=-0.00633395 -0.0250865 -0.0375325 -0.0190594 0.0063672 0.0132452 0.0522399 -0.000786059 0.00945379 0.0227974 0.0366017 -0.075451 0.0165217 0.00382161 0.0219864 -0.0117007
internal_weight=2012.8 812.385 700.651 472.138 1200.42 1045.34 275.888 769.449 620.034 463.524 368.255 228.513 287.277 337.532 234.684 163.909
internal_count=6694 2636 2273 1614 4058 3550 936 2614 2148 1776 1407 659 1083 1110 760 644
is_linear=0
shrinkage=0.05


Tree=51
num_leaves=17
num_cat=0
split_feature=0 48 3 62 36 76 5 36 4 79 1 36 76 31 33 5
split_gain=126.775 170.85 151.457 261.089 435.932 240.679 187.696 154.29 180.534 225.698 178.023 177.609 136.376 126.65 72.0006 67.2351
threshold=12.500000000000002 21.941176470588239 17.164222222222225 24.125000000000004 0.85736902036629081 1.162633640471223 16.72333333333334 0.10412941124909211 12.043963206168694 2.4270199739129725 5.5000000000000009 0.51152603644523575 3.6210879005690333 0.9633272058823531 1.4772727272727275 22.283333333333335
decision_type=2 2 10 2 10 8 10 8 8 8 8 8 8 10 10 10
left_child=2 -2 5 4 -4 -1 7 10 12 -10 -7 -11 -9 -13 -14 -5
right_child=1 -3 3 15 -6 6 -8 8 9 11 -12 13 14 -15 -16 -17
leaf_value=0.056328676342257716 0.086464813697877119 -0.0077120418967697698 -0.11281614847129749 0.0049540418280825532 0.0049540418280825532 -0.017048399926886608 0.061213662581275655 0.032119143915854569 -0.093863051733989178 -0.062636497615133888 0.07452918884772991 0.063511359359032057 0.0026917517461026723 -0.025671233940972812 -0.061298886436806393 0.041149567898487553
leaf_weight=187.74353259801865 91.255179602652788 100.43631453812122 165.87682700529695 172.44678374007344 96.05562325194478 110.44039022177458 97.273871831595898 200.26090885698795 145.28017131984234 119.85377323254943 100.62583797052503 76.655638556927443 91.078496869653463 80.851890437304974 83.823016688227654 127.31859081238508
leaf_count=382 263 385 552 613 342 332 372 427 324 480 322 381 371 384 353 449
internal_value=-0.00126582 0.0373371 -0.00527166 -0.0269276 -0.0632943 0.00414308 -0.00475715 -0.0111723 -0.0212277 -0.0435967 0.0267568 -0.0170249 0.0040212 0.0178589 -0.0281504 0.00495404
internal_weight=2047.28 191.691 1855.59 561.698 261.932 1293.89 1106.14 1008.87 797.804 422.641 211.066 277.361 375.162 157.508 174.902 299.765
internal_count=6732 648 6084 1956 894 4128 3746 3374 2720 1569 654 1245 1151 765 724 1062
is_linear=0
shrinkage=0.05


Tree=52
num_leaves=17
num_cat=0
split_feature=43 76 3 6 57 3 32 76 31 14 19 56 52 56 5 33
split_gain=126.456 144.492 267.822 180.437 156.931 135.557 152.885 131.94 125.194 152.165 120.404 123.49 103.889 169.288 158.352 93.2394
threshold=65.677083333333357 1.1712985832499119 18.154000000000003 7.0534405720469318 201.43014705882356 12.128666666666668 28.354166666666668 1.9801470292853416 0.50568181818181823 0.11833333333333336 1.5419580419580423 4.193588576140189 264.0384615384616 4.1861080288499659 16.236666666666672 6.6306818181818192
decision_type=10 8 10 10 2 10 10 8 10 10 10 2 10 2 10 8
left_child=1 2 -1 -4 -3 7 -7 -6 9 -9 -8 -12 13 -2 -15 -14
right_child=12 4 3 -5 5 6 10 8 -10 -11 11 -13 15 14 -16 -17
leaf_value=0.061350553787594797 0.0064473499497916869 -0.062656956955562809 -0.041059425264000429 0.034862918968425437 0.055635830278389246 -0.066341650568208912 -0.058872314727291521 0.056470499049329596 -0.034769297349951496 -0.025953417516597785 -0.021489195921017251 0.056757242597121019 -0.031585835208850721 -0.025949910467427409 -0.11869307022259611 0.056881006677074554
leaf_weight=263.79619947075844 110.54981400817633 111.37829224392772 172.7992977052927 141.38549339771271 151.57838748395443 130.43747053667903 65.220727600157261 139.3922953568399 150.34088565409184 92.372277949005365 97.123002283275127 102.97691433131695 58.229916404932737 94.394126079976559 90.178799889981747 58.995905950665474
leaf_count=537 457 273 386 335 321 492 317 448 546 336 489 457 330 321 314 302
internal_value=-0.00201696 0.00428324 0.024307 -0.00689159 -0.00684885 -0.000101012 -0.022244 0.0163302 0.000633447 0.0236492 -0.000396924 0.0188606 -0.0267009 -0.0424775 -0.0716579 0.0130412
internal_weight=2031.15 1618.8 577.981 314.185 1040.82 929.442 395.758 533.684 382.105 231.765 265.321 200.1 412.349 295.123 184.573 117.226
internal_count=6661 4937 1258 721 3679 3406 1755 1651 1330 784 1263 946 1724 1092 635 632
is_linear=0
shrinkage=0.05


Tree=53
num_leaves=18
num_cat=0
split_feature=45 30 77 44 64 61 50 30 24 25 25 76 3 5 30 25 6
split_gain=145.603 110.443 135.264 161.812 179.872 177.521 214.948 320.779 290.512 190.556 183.317 180.364 134.263 130.746 102.936 84.7293 66.9814
threshold=14.345238095238097 0.032360879606933145 1.0000000180025095e-35 0.52323992883466774 75.500000000000014 47.250000000000007 16.060625000000005 0.080065416513593196 -2.8199577922077883 0.063541666666666677 1.0000000180025095e-35 0.90908393768045581 21.50919191919192 18.956666666666671 0.1250574907677329 -0.030000000000000009 7.0819630035640388
decision_type=8 8 8 8 8 2 8 10 10 10 8 10 8 10 8 10 8
left_child=-1 -2 -3 4 -4 9 -7 -8 -9 10 13 12 14 15 -12 -5 -13
right_child=1 2 3 5 -6 6 7 8 -10 -11 11 16 -14 -15 -16 -17 -18
leaf_value=0.059243405801874177 0.049332250364488628 -0.039351756068836459 0.069127563000108347 -0.056009978384653485 -0.010617860729365606 -0.053283089136650058 -0.025605950551801333 0.14000403376460835 0.02017396977220132 0.037799573076348583 0.014915944079374011 -0.084664929388003463 0.060329401891670069 0.056919504997401553 -0.094544532142705445 0.012868234546563466 -0.042562760322883475
leaf_weight=97.023710981011391 94.18420747295022 258.82040587067604 157.7891002856195 81.817695837467909 127.0599823333323 80.38907516002655 124.33433459699154 94.070449411869049 108.92951349169016 121.97123714908957 44.131405800580978 192.74892817437649 57.626496732234955 82.268301572650671 40.413748551160097 96.231551006436348 192.28703331947327
leaf_count=287 332 565 490 280 339 289 524 309 427 419 375 432 304 281 255 389 418
internal_value=-0.00022308 -0.00320298 -0.00588699 -0.000459448 0.0336436 -0.00785416 0.0195291 0.0375186 0.0761175 -0.0201379 -0.0291478 -0.0460727 0.00205792 0.00517444 -0.0379012 -0.0189189 -0.0638038
internal_weight=2052.1 1955.07 1860.89 1602.07 284.849 1317.22 407.723 327.334 203 909.496 787.525 527.208 142.172 260.318 84.5452 178.049 385.036
internal_count=6715 6428 6096 5531 829 4702 1549 1260 736 3153 2734 1784 934 950 630 669 850
is_linear=0
shrinkage=0.05


Tree=54
num_leaves=19
num_cat=0
split_feature=76 56 36 41 79 57 3 31 55 76 3 27 30 28 76 76 62 53
split_gain=172.606 162.668 199.04 191.862 267.152 189.49 221.887 404.512 228.521 213.195 254.997 183.032 179.829 162.977 143.972 132.961 111.647 91.3368
threshold=0.8859880441725515 4.0520567314878049 0.087548185018265945 127.50000000000001 2.3959058086409009 203.28125000000003 18.154000000000003 0.98483333333333345 17.720000000000002 1.1712985832499119 12.506060606060608 15.784727272727272 0.1250574907677329 16.600312500000001 2.6137344199424741 1.0241561892053541 22.625000000000004 2.3100961538461542
decision_type=8 2 8 8 10 2 8 10 2 8 10 10 10 8 8 10 2 8
left_child=-1 3 -3 4 13 -4 7 9 11 -7 14 -8 -10 -2 -11 17 -12 -15
right_child=1 2 5 -5 -6 6 8 -9 12 10 16 -13 -14 15 -16 -17 -18 -19
leaf_value=0.063066900271309054 0.053342362811487055 0.045027003352895119 -0.068473439052618171 -0.03816304931890737 0.079433811878217284 0.049264126948622394 -0.019797600562408826 0.087886913190277402 -0.0507711584126085 0.043298003078835641 -0.099597418999557194 -0.10931348317227559 0.044395207995468144 -0.043031339874808568 -0.033326702558820774 -0.090510446166537972 -0.023509047068549255 0.062961759349743004
leaf_weight=94.52824778854847 81.725405983626842 126.58482545241714 176.2624442614615 116.37634782493114 180.6971468180418 109.70389731228352 95.918798830360174 120.27533208578825 93.404136318713427 125.70547646284103 121.86076911911368 142.04839966073632 103.68811950832605 41.762546870857477 117.78702414035797 60.183829709887505 80.626946818083525 37.75410845503211
leaf_count=198 411 380 448 463 403 226 276 421 339 258 462 510 300 342 428 162 314 296
internal_value=-0.00254316 -0.00578366 -0.0145669 0.0181489 0.0345001 -0.0204575 -0.0127851 0.0051465 -0.0405936 -0.012888 -0.0282524 -0.0734656 -0.000733782 -0.00236083 0.00624688 -0.035095 -0.0695648 0.0074506
internal_weight=2026.89 1932.37 1413.87 518.499 402.123 1287.28 1111.02 675.959 435.059 555.684 445.98 237.967 197.092 221.426 243.493 139.7 202.488 79.5167
internal_count=6637 6439 4362 2077 1614 3982 3534 2109 1425 1688 1462 786 639 1211 686 800 776 638
is_linear=0
shrinkage=0.05


Tree=55
num_leaves=18
num_cat=0
split_feature=45 57 44 24 41 79 76 36 23 56 48 15 9 36 4 79 28
split_gain=121.744 130.25 159.347 115.248 133.889 114.816 180.97 267.09 284.056 183.461 232.044 165.989 117.23 121.914 109.559 89.4138 70.5814
threshold=14.544444444444446 264.28125000000006 0.60207123992867972 0.78239285714285789 10.500000000000002 2.1107800691097292 1.8588316527010533 0.24482797625529965 6.4094824895436675 4.0641983051204766 22.029411764705888 0.99385373061550064 18.57866666666667 0.5681639055055191 16.670565851801584 2.7400562281222975 14.901676190476191
decision_type=8 2 10 10 8 8 8 8 10 2 2 10 8 10 8 10 10
left_child=-1 5 3 4 -3 11 9 -8 -9 -7 -11 -2 13 -10 -4 -12 -6
right_child=1 2 14 -5 16 6 7 8 12 10 15 -13 -14 -15 -16 -17 -18
leaf_value=0.053691965539841881 -0.0094680319144122629 0.11236726843171858 0.019506868016655174 -0.013037722411049633 0.063861660390721872 0.055939103914410628 0.015273843200727902 -0.12575568188495956 -0.045826932795006693 0.032369878221791985 -0.062194756238566067 -0.077161139290036665 -0.09096531064665539 0.070773576737238914 -0.071390760428376485 -0.0047238525592368449 -0.0045610239007133069
leaf_weight=95.437947317957878 249.70679646730423 75.045395188033581 66.336119990795851 75.232929814606905 76.402214609086514 181.7056786864996 187.43252501636744 103.71204804256558 40.710789076983929 249.86157982051373 138.75139771401882 141.38786613941193 33.948374874889851 47.565661676228046 64.59995249286294 131.57349802553654 73.219220772385597
leaf_count=290 554 309 331 287 310 377 566 429 285 525 252 348 364 450 325 366 296
internal_value=-0.00113954 -0.00386719 0.0203455 0.0403976 0.0582697 -0.0108012 -0.00261655 -0.0288232 -0.0653113 0.0128365 -0.00229803 -0.0340747 -0.0134178 0.0170895 -0.0255405 -0.0343428 0.0305701
internal_weight=2032.63 1937.19 430.836 299.9 224.667 1506.36 1115.26 413.369 225.937 701.892 520.186 391.095 122.225 88.2765 130.936 270.325 149.621
internal_count=6664 6374 1858 1202 915 4516 3614 2094 1528 1520 1143 902 1099 735 656 618 606
is_linear=0
shrinkage=0.05


Tree=56
num_leaves=17
num_cat=0
split_feature=65 45 55 55 9 41 69 55 44 36 3 52 4 55 24 36
split_gain=149.179 138.777 175.769 192.298 237.765 170.237 157.23 124.538 153.858 118.338 148.982 152.072 115.522 91.3919 116.29 71.2313
threshold=6.5000000000000009 21.806250000000002 15.396838235294119 17.011875000000007 14.295666666666667 2.5000000000000004 0.024373221629319191 15.974705882352943 0.52323992883466774 0.6919636406172569 12.411666666666669 252.8730158730159 18.697225468622687 18.973897058823532 -4.1697678571428565 0.70397598435448427
decision_type=10 10 2 2 10 8 2 2 8 10 10 8 8 2 10 10
left_child=1 5 -3 -4 -5 -1 -6 12 -9 10 11 -7 -2 14 -10 -16
right_child=7 2 3 4 6 9 -8 8 13 -11 -12 -13 -14 -15 15 -17
leaf_value=0.076605891090922473 -0.01679238786050068 0.044443044983262597 -0.059539399089373425 -0.058099578617366601 -0.0076749021839981561 0.066951609721855279 0.070762541653791131 0.052811462237385511 -0.035057866970461496 0.055046354025726253 -0.042625167000287678 -0.017353183391856083 -0.087002465201103718 -0.049824945610181193 -0.0032191693804999215 0.064204137253303012
leaf_weight=139.58674716204405 138.97559012100101 144.31156488880515 180.12937309220433 108.60630989447236 132.99447658285499 105.46992148458958 121.64526496082544 98.573317870497704 129.33673582226038 126.49326416105032 133.02268147841096 106.84519479051232 101.0672163516283 136.12875057011843 82.227173864841461 73.658689331263304
leaf_count=416 444 475 592 343 429 260 430 302 497 409 413 345 311 464 321 314
internal_value=0.000698821 0.0109898 -0.00442005 -0.0174551 0.00352019 0.0283009 0.0299261 -0.0168842 -0.00310539 0.0138785 -0.00131624 0.0246437 -0.0465918 -0.016281 -0.000153215 0.0288456
internal_weight=2059.07 1299.1 687.687 543.375 363.246 611.418 254.64 759.967 519.925 471.831 345.338 212.315 240.043 421.351 285.223 155.886
internal_count=6765 4112 2269 1794 1202 1843 859 2653 1898 1427 1018 605 755 1596 1132 635
is_linear=0
shrinkage=0.05


Tree=57
num_leaves=16
num_cat=0
split_feature=23 76 6 57 31 23 44 31 58 45 3 5 26 47 21
split_gain=123.103 235.294 215.997 180.916 188.728 219.341 213.717 160.6 159.199 158.353 175.82 154.741 120.071 106.088 120.285
threshold=6.939209164818922 1.1167572121779739 7.8029434631793952 209.15808823529414 0.93716666666666681 9.5741758241758266 0.5137772856690922 0.99483333333333346 21.60661764705883 27.516666666666669 17.721000000000007 16.411666666666672 15.500000000000002 0.55809598467032495 2.5071428571428576
decision_type=8 8 10 2 10 8 10 10 2 10 10 10 2 2 10
left_child=1 -1 12 -2 6 7 -5 9 -8 10 -6 -10 13 -3 -15
right_child=3 2 -4 4 5 -7 8 -9 11 -11 -12 -13 -14 14 -16
leaf_value=0.082328485051028868 -0.048920622467161202 0.047752617986411817 -0.055449293534575075 0.077520692146256509 -0.0023044881819921604 -0.088889131967022417 0.047176656668620302 0.057329151750398946 0.011756710083850194 0.03352944287343966 -0.082871576568482264 -0.070726167899664294 0.071023472453881006 0.030900801899167364 -0.034701455403312972
leaf_weight=119.50198785960674 215.26413586363196 119.52312822267413 115.41469222679734 132.9718223400414 149.98052062094212 92.071181073784828 133.90150100365281 84.123726010322571 143.40208345651627 104.13008368760347 122.54535779356956 92.968552496284246 93.223089274019003 116.63832051306963 171.18310348689556
leaf_count=260 586 362 359 424 517 301 531 358 541 352 418 333 362 419 505
internal_value=0.00216174 0.0184296 0.0059197 -0.00725633 0.00127436 -0.0188757 0.0234042 -0.0047237 0.00381354 -0.0186979 -0.0387032 -0.0208465 0.0201517 0.00836404 -0.0081015
internal_weight=2006.84 735.484 615.982 1271.36 1056.09 552.851 503.244 460.78 370.272 376.656 272.526 236.371 500.568 407.345 287.821
internal_count=6628 2267 2007 4361 3775 1946 1829 1645 1405 1287 935 874 1648 1286 924
is_linear=0
shrinkage=0.05


Tree=58
num_leaves=17
num_cat=0
split_feature=36 77 65 29 24 46 69 45 56 69 20 69 23 1 33 65
split_gain=177.921 230.56 141.746 143.647 172.36 153.031 156.755 253.837 184.908 248.205 161.166 144.906 144.264 141.232 129.883 113.098
threshold=0.10870727155838146 1.0000000180025095e-35 13.500000000000002 0.0020811677061677064 1.5410730769230769 59.757352941176478 0.049970587563842796 24.345238095238098 4.4913766328674534 0.12799797658941151 3.7596153846153855 0.032656682412398656 7.7485271293275479 3.5000000000000004 5.1937500000000005 9.5000000000000018
decision_type=8 8 10 10 8 2 2 8 2 2 10 2 10 8 10 8
left_child=13 -2 3 4 11 -6 7 10 9 -8 -7 12 14 -1 -3 -13
right_child=1 2 -4 -5 5 6 8 -9 -10 -11 -12 15 -14 -15 -16 -17
leaf_value=-0.0036989515789239745 -0.064745018535712809 0.023577624495319822 -0.051694978262426639 0.05647535460074319 -0.071192059165045493 0.04909027306195006 0.061656483255033978 -0.077053249232780813 0.07934290502820647 -0.044480678965490003 -0.034727820677261344 0.025957354885814271 -0.012061201188316453 0.077522119261368941 0.099096765834196743 -0.041142897669872773
leaf_weight=99.212942440062761 162.03901571035385 112.60552028939128 132.91195306181908 110.95969828590751 111.48715160787106 106.58236786350608 85.852115951478481 163.25245633721352 86.717111852020025 149.60881466418505 121.84220007434487 117.21091806516051 91.260960359126329 114.99700619280338 115.8763220757246 133.06203701719642
leaf_count=314 351 369 506 367 252 336 317 555 290 561 404 475 308 371 380 475
internal_value=-0.00290951 -0.0080391 -0.00239763 0.0019836 -0.00238696 -0.0169828 -0.00842889 -0.0296452 0.017376 -0.0056846 0.00442501 0.0187395 0.0409918 0.0400616 0.0621427 -0.00973944
internal_weight=2015.48 1801.27 1639.23 1506.32 1395.36 825.342 713.855 391.677 322.178 235.461 228.425 570.016 319.743 214.21 228.482 250.273
internal_count=6631 5946 5595 5089 4722 2715 2463 1295 1168 878 740 2007 1057 685 749 950
is_linear=0
shrinkage=0.05


Tree=59
num_leaves=10
num_cat=0
split_feature=6 45 36 62 14 45 79 36 69
split_gain=166.169 156.95 125.73 106.19 205.598 101.961 69.7992 163.859 81.8891
threshold=9.1970604786094317 14.345238095238097 0.6622510086616713 26.875000000000004 0.97677083333333348 28.345238095238098 2.3959058086409009 0.74838495120495718 0.054159283580015295
decision_type=10 8 8 2 10 10 8 8 2
left_child=1 -1 -2 5 -5 6 7 8 -3
right_child=2 3 -4 4 -6 -7 -8 -9 -10
leaf_value=0.065221028369918874 -0.080634499309187757 -0.03997930784285466 -0.0022824826339895685 -0.0066701479377300815 0.082706732932291374 -0.048190014623516686 -0.0066701479377300815 -0.070912566410496355 -0.0066701479377300815
leaf_weight=91.069149676710367 113.64878634363413 183.95996887981892 92.626689746975899 136.1178303360939 101.85261139646173 146.8896756991744 874.34943078458309 147.18406744301319 153.74720078706741
leaf_count=267 365 387 327 449 376 472 3434 329 337
internal_value=-0.00319569 0.00159644 -0.0456318 -0.00176122 0.0292056 -0.00667015 -0.00667015 -0.0270758 -0.00781738
internal_weight=2041.45 1835.17 206.275 1744.1 237.97 1506.13 1359.24 484.891 337.707
internal_count=6743 6051 692 5784 825 4959 4487 1053 724
is_linear=0
shrinkage=0.05


Tree=60
num_leaves=17
num_cat=0
split_feature=76 3 36 79 36 20 20 51 76 64 36 12 21 79 45 28
split_gain=134.493 334.414 397.802 151.961 142.592 134.711 173.962 178.159 137.922 227.573 161.469 153.497 123.576 112.437 97.473 70.0389
threshold=1.0802755824220227 18.556250000000002 0.8647493727043648 3.8976180788310963 0.10412941124909211 6.3333333333333348 8.3798076923076952 3.9058397271952265 2.6137344199424741 47.500000000000007 0.6622510086616713 0.12633139422960385 1.9864864864864866 2.6492602467743294 22.919871794871799 15.976669642857145
decision_type=8 10 10 10 8 8 10 10 8 10 10 10 10 8 10 8
left_child=1 -1 -3 4 14 8 7 -7 9 10 -6 12 -10 -9 -2 -14
right_child=3 2 -4 -5 5 6 -8 13 11 -11 -12 -13 15 -15 -16 -17
leaf_value=0.080297792278478483 0.062297346482017582 -0.052849895885743715 0.061163959481583513 0.057406502328812448 0.012155990172566569 -0.013996358174395485 0.027338693773356623 -0.12514446943830126 -0.051009380763656159 0.043469197485243784 -0.060179744663408155 -0.10297438589589925 0.058049000359824111 -0.045858300345430758 -0.0070402422113449784 -0.018216091835384831
leaf_weight=168.08024425804615 103.00189197435975 188.40677618980408 127.35763534903526 86.484095633029938 173.38736914098263 139.84935164451599 75.530777063220739 98.479144886136055 116.4660520106554 258.00655992329121 137.59928053617477 61.28582001850009 61.142135754227638 84.45668551325798 98.514569692313671 57.680103912949562
leaf_count=322 320 456 321 235 392 551 407 220 589 584 307 466 323 481 320 393
internal_value=0.000560333 0.0235488 -0.00681663 -0.00661753 -0.0104326 -0.0166631 -0.0406878 -0.0566411 -0.00557321 0.00883833 -0.01994 -0.0331593 -0.0146156 -0.0889884 0.0285332 0.0211844
internal_weight=2035.73 483.845 315.764 1551.88 1465.4 1263.88 398.316 322.785 865.567 568.993 310.987 296.574 235.288 182.936 201.516 118.822
internal_count=6687 1099 777 5588 5353 4713 1659 1252 3054 1283 699 1771 1305 701 640 716
is_linear=0
shrinkage=0.05


Tree=61
num_leaves=18
num_cat=0
split_feature=57 59 5 14 12 5 24 79 6 6 6 6 13 76 47 76 50
split_gain=143.591 145.082 266.068 204.934 243.21 193.547 181.701 188.09 178.497 156.326 155.383 232.686 150.008 126.662 101.261 83.6203 63.9941
threshold=203.28125000000003 0.75000000000000011 22.643333333333334 0.99345238095238109 0.14412764410124093 17.563333333333336 2.212833333333331 2.0578684727681087 7.0534405720469318 9.5590088240046551 11.144002871499987 7.6339431783331735 0.071454655739563055 1.0858893068313875 0.55908431678482062 1.1820983476085325 17.383750000000003
decision_type=2 2 10 8 10 8 8 10 8 8 8 10 10 10 2 10 10
left_child=13 5 3 4 12 10 -5 -8 -7 -10 11 14 16 -1 -2 -16 -3
right_child=1 2 -4 6 -6 8 7 -9 9 -11 -12 -13 -14 -15 15 -17 -18
leaf_value=-0.00626671681058862 0.054668994145158425 -0.055423375185313789 0.09199601495193549 0.09530635633438822 -0.08047987021403552 -0.083359441218977162 0.067530961714608539 -0.022853548429168161 0.039399335494800979 -0.040622647821521043 0.064078387544567336 -0.077102785682978014 0.03944152489946412 -0.076450649580585367 0.02620483940545958 -0.037472950446193948 0.0031128798425810655
leaf_weight=140.0370667912066 104.08763785287738 92.046163909137249 100.0514290034771 91.432112324982882 109.45734916627407 141.23123632371426 93.831962801516056 145.57578004896641 90.148596398532391 183.99801696464419 98.880779203027487 87.646145224571228 163.43381833657622 118.14840921759605 101.97510048374534 102.27959467470646 93.516996029764414
leaf_count=430 329 280 342 369 322 488 469 334 325 589 309 302 541 232 494 236 344
internal_value=-0.00376009 0.00125049 0.0156043 0.00581669 -0.0158161 -0.0127755 0.0357512 0.0127047 -0.0378988 -0.0142612 0.0083462 -0.00569683 0.00463663 -0.0385547 0.0147839 -0.00570874 -0.0260647
internal_weight=2057.78 1799.59 889.346 789.294 458.454 910.247 330.84 239.408 415.378 274.147 494.869 395.988 348.997 258.185 308.342 204.255 185.563
internal_count=6735 6073 3001 2659 1487 3072 1172 803 1402 914 1670 1361 1165 662 1059 730 624
is_linear=0
shrinkage=0.05


Tree=62
num_leaves=17
num_cat=0
split_feature=79 50 41 33 9 19 39 76 42 36 30 0 54 69 57 41
split_gain=150.467 129.266 295.406 215.166 156.612 153.977 150.866 129.036 121.194 159.809 361.32 151.187 167.405 133.834 119.361 86.3537
threshold=3.889401292051144 15.873875000000002 1.5000000000000002 5.4686274509803932 21.113333333333337 5.5857142857142863 23.967145790554419 1.1768734970842976 13.500000000000002 0.50360756411594676 0.095494886987566432 7.5000000000000009 21.968750000000004 0.039235930720790978 232.3602941176471 86.500000000000014
decision_type=10 8 8 10 10 10 2 10 2 8 10 2 10 2 2 8
left_child=1 2 -1 14 5 6 7 -3 9 10 15 12 13 -11 -4 -8
right_child=-2 4 3 -5 -6 -7 8 -9 -10 11 -12 -13 -14 -15 -16 -17
leaf_value=0.043316339419623623 0.050129200650136763 0.082502973655471989 -0.049896063194340576 -0.088200346953844461 -0.056840538209645131 0.0668700214139267 0.027157962453063334 -0.0032342860205531922 0.031172157880920221 -0.05654352765932056 -0.11270670415292289 -0.040348890079048544 0.062367349606102546 0.031938621546341299 0.013781296764642162 -0.034106105376112777
leaf_weight=112.03788725659251 108.47412919998169 90.469265796244144 153.934794485569 187.75882444158196 115.57321307808161 88.712363939732313 106.99156218767166 84.216893389821053 155.72881795093417 82.449484936892986 118.72774409502745 138.97769961878657 140.52309082821012 86.662909328937531 139.51830187439919 122.10365956276655
leaf_count=338 292 401 398 584 408 264 306 217 484 271 348 565 540 330 512 449
internal_value=-0.00689779 -0.0101367 -0.0295268 -0.0465412 -0.00147933 0.0038267 -0.00119134 0.0413856 -0.00903781 -0.0169294 -0.0423134 0.00280192 0.0222374 -0.011279 -0.0196775 -0.00550101
internal_weight=2032.86 1924.39 593.25 481.212 1331.14 1215.56 1126.85 174.686 952.165 796.436 347.823 448.613 309.635 169.112 293.453 229.095
internal_count=6707 6415 1832 1494 4583 4175 3911 618 3293 2809 1103 1706 1141 601 910 755
is_linear=0
shrinkage=0.05


Tree=63
num_leaves=17
num_cat=0
split_feature=66 41 41 33 3 51 32 30 61 20 15 47 50 31 48 12
split_gain=164.684 141.612 145.455 199.461 168.554 138.885 146.192 257.082 148.187 211.679 113.721 187.965 110.369 101.198 69.9264 56.6178
threshold=4.5000000000000009 179.00000000000003 138.00000000000003 2.5166666666666671 15.107333333333335 5.2828137817883514 28.354166666666668 0.19320332360468104 47.250000000000007 6.3333333333333348 0.95758808224244374 0.58169898172687973 18.991709401709407 0.99594117647058833 22.468750000000004 0.041300395462957044
decision_type=2 10 8 8 8 8 8 10 2 8 10 2 10 8 2 10
left_child=-1 2 3 4 -2 6 -5 8 10 -10 11 -8 13 14 -12 -4
right_child=1 -3 15 5 -6 -7 7 -9 9 -11 12 -13 -14 -15 -16 -17
leaf_value=0.055486504072495495 0.088288300301857192 0.048051088467077292 -0.016422329121650394 -0.053625343679006426 -0.003925298812693029 0.03251118466178414 -0.050894628796765151 0.060518240067164955 0.062985417082565498 -0.025547453102231867 -0.081434032983447591 0.042214645581958997 -0.097525869626949757 0.01315145034793486 -0.02071926468434919 -0.065835396181472966
leaf_weight=124.87250163778663 104.93418941274285 123.24147268757224 106.13558654859662 199.35543996840715 92.959400203078985 178.38849820569158 102.42766255512834 123.11200361326337 120.65094828233123 150.84624021872878 99.026371404528618 112.89471220970154 85.092632409185171 84.177348513156176 91.902054972946644 129.08307930827141
leaf_count=411 339 535 337 523 307 501 301 339 460 574 300 361 317 386 324 369
internal_value=9.56837e-05 -0.00356387 -0.0071605 -0.00157517 0.0451695 -0.00846659 -0.0147396 -0.00670185 -0.016532 0.0138825 -0.0308789 -0.00210745 -0.0480248 -0.0324159 -0.0524696 -0.0437031
internal_weight=2029.1 1904.23 1780.99 1545.77 197.894 1347.87 1169.49 970.13 847.018 271.497 575.521 215.322 360.198 275.106 190.928 235.219
internal_count=6684 6273 5738 5032 646 4386 3885 3362 3023 1034 1989 662 1327 1010 624 706
is_linear=0
shrinkage=0.05


Tree=64
num_leaves=15
num_cat=0
split_feature=61 23 77 5 31 79 62 23 36 24 21 52 5 21
split_gain=118.494 145.649 180.062 164.69 159.081 232.939 151.328 188.944 191.967 165.12 105.501 82.6795 112.03 28.8549
threshold=38.250000000000007 6.422687358720224 1.0000000180025095e-35 14.470000000000004 0.90557692307692317 2.4025749463240298 24.375000000000004 7.9809090909090914 0.89386005781636702 1.6184166666666668 3.5064102564102568 275.69047619047626 12.776666666666669 3.0930735930735938
decision_type=2 8 8 10 8 10 2 10 10 8 10 8 10 8
left_child=-1 3 -3 10 5 -4 11 8 9 -8 -2 13 -13 -6
right_child=1 2 4 -5 6 -7 7 -9 -10 -11 -12 12 -14 -15
leaf_value=-0.044024497676575812 0.037379747084676444 -0.046744781216004554 -0.01029104041012619 0.08537800510980692 -0.056071164824376601 0.083496823058094707 0.11180661939740273 -0.021687830044643999 -0.020262121199736267 0.021226827011685233 -0.02302649941179663 -0.021687830044643999 -0.10236673898278995 -0.021687830044643999
leaf_weight=134.17041905224323 171.86385822668672 200.24167582392693 126.59593994915485 102.97028976306319 129.83237734809518 137.33250050246716 102.87324403226376 152.16394800692797 88.614536598324776 98.691887564957142 123.34789230301976 88.563200406730175 73.928086619824171 284.97919634729624
leaf_count=306 543 452 563 303 506 324 366 553 313 346 343 352 384 979
internal_value=0.00119543 0.0044409 -0.00276996 0.0312516 0.0041213 0.0386415 -0.00484312 0.0171402 0.0409166 0.06778 0.0121478 -0.0216878 -0.057285 -0.0216878
internal_weight=2016.17 1882 1483.82 398.182 1283.57 263.928 1019.65 442.344 290.18 201.565 295.212 577.303 162.491 414.812
internal_count=6633 6327 5138 1189 4686 887 3799 1578 1025 712 886 2221 736 1485
is_linear=0
shrinkage=0.05


Tree=65
num_leaves=20
num_cat=0
split_feature=20 76 25 24 60 5 23 56 23 23 31 26 20 53 47 9 53 30 52
split_gain=128.995 205.898 98.0728 151.005 203.963 328.327 154.969 129.71 167.011 173.561 287.103 280.414 171.24 157.256 147.403 104.88 101.243 75.5837 70.233
threshold=10.759615384615387 0.97039374136198442 -0.11499999999999992 -0.1935000000000002 5.2500000000000009 14.188333333333336 7.1904707910014523 4.5892843150058775 6.2433104428131676 7.4212448860315616 0.64652777777777792 10.500000000000002 5.5590277777777777 1.9258241758241761 0.56374553716325881 15.031166666666667 2.3923076923076927 0.025619035909150146 233.11805555555557
decision_type=10 8 8 8 2 10 10 2 8 8 10 2 10 10 2 10 10 10 10
left_child=1 -1 -3 4 5 -4 -7 8 16 12 17 -12 18 -13 -9 -16 -5 -11 -10
right_child=-2 2 3 7 -6 6 -8 14 9 10 11 13 -14 -15 15 -17 -18 -19 -20
leaf_value=0.060432320432916867 -0.054728971134640196 -0.050215116499745804 0.079277653616922628 0.053189695907952528 0.090901580935730031 0.018255887088744784 -0.075208876450469239 0.063377647696263015 0.0058706068077141512 0.010936059678112342 -0.11187658824063779 0.038930631289380124 -0.10868691991735868 -0.049575308721215405 -0.043722771605536392 0.029175641143484612 -0.011803784538479314 0.076637247691347984 -0.056280539925091348
leaf_weight=139.16028690338135 104.39993808791041 100.58123572915792 98.664050947874784 116.00986683368683 95.773452084511518 78.948615375906229 99.264283526688814 120.87272192537785 81.192342881113291 95.82409306615591 90.882686533033848 97.448255062103271 105.98054448887706 101.40226914733648 95.967423737049103 99.487235240638256 122.20225076004863 80.203784584999084 101.77375509217381
leaf_count=288 350 308 349 357 334 283 408 305 233 374 269 350 391 361 292 315 342 326 448
internal_value=-0.000871822 0.0020811 -0.00250578 0.000375492 0.0284136 0.0065493 -0.033933 -0.00762058 -0.0165013 -0.028014 -0.00908684 -0.039636 -0.0583867 -0.00622451 0.0202192 -0.00665754 0.0199382 0.0411354 -0.0288186
internal_weight=2026.04 1921.64 1782.48 1681.9 372.65 276.877 178.213 1309.25 992.92 754.708 465.761 289.733 288.947 198.851 316.327 195.455 238.212 176.028 182.966
internal_count=6683 6333 6045 5737 1374 1040 691 4363 3451 2752 1680 980 1072 711 912 607 699 700 681
is_linear=0
shrinkage=0.05


Tree=66
num_leaves=18
num_cat=0
split_feature=20 76 51 50 64 32 5 19 60 79 76 12 62 47 69 5 15
split_gain=142.768 199.403 229.522 180.841 153.627 200.86 353.428 238.876 177.695 152.475 147.821 157.655 130.069 114.274 92.0473 88.943 79.3745
threshold=10.759615384615387 1.162633640471223 4.1184391764535313 16.485576923076927 36.500000000000007 19.090909090909097 1.0000000180025095e-35 6.0333333333333341 6.2500000000000009 1.1450490352747307 4.1647514819881453 0.0563140694874441 22.125000000000004 0.57621965466482872 0.10744751669679832 14.983333333333334 0.97870053350041986
decision_type=10 8 10 10 10 10 10 8 2 10 8 10 2 2 2 10 10
left_child=1 2 16 -4 8 7 -7 13 10 14 -3 -12 -11 -6 15 -8 -1
right_child=-2 4 3 -5 5 6 9 -9 -10 12 11 -13 -14 -15 -16 -17 -18
leaf_value=0.087517522868881814 -0.055748722187533142 0.047902303950093192 -0.039436655138569962 0.03240201805215201 0.018042857325371746 -0.1472125775696925 0.11935113383239454 0.081526433046210905 -0.052156747595822388 -0.080863820947861459 0.026234871599665817 -0.062388179428354222 -0.01098439711924286 -0.056950815049111592 -0.044036157653117108 0.0083991667514484447 0.033897031414055145
leaf_weight=134.96733152866364 107.3015926219523 270.57399003207684 161.31004726886749 189.33005674183369 100.56851116195321 69.286193829029799 31.207241337746382 81.060915920883417 91.432943884283304 128.36005587875843 129.33764000982046 80.621967889368534 137.98941034078598 100.89299272745848 31.61916409432888 41.503778148442507 144.41383555531502
leaf_count=278 352 595 328 481 355 256 257 280 309 304 478 542 349 424 328 456 335
internal_value=0.000109369 0.00325114 0.0262982 -0.000665133 -0.00797769 -0.0232898 -0.0443792 0.009593 0.0113709 -0.0248136 0.0235418 -0.00792974 -0.0448374 -0.0196102 0.0262465 0.0569924 0.0600205
internal_weight=2031.78 1924.48 630.021 350.64 1294.45 722.488 439.966 282.522 571.967 370.68 480.534 209.96 266.349 201.462 104.33 72.711 279.381
internal_count=6707 6355 1422 809 4933 3009 1950 1059 1924 1694 1615 1020 653 779 1041 713 613
is_linear=0
shrinkage=0.05


Tree=67
num_leaves=16
num_cat=0
split_feature=66 65 55 54 12 27 21 19 48 6 47 79 39 58 6
split_gain=118.112 122.645 113.229 231.07 209.714 187.154 168.87 141.658 147.281 143.839 118.704 123.897 98.9407 141.135 77.0171
threshold=4.5000000000000009 14.500000000000002 17.720000000000002 19.516666666666669 0.19180566670653962 17.117500000000003 4.6971411554496738 3.9198717948717952 20.878676470588239 6.134990491956029 0.59458320242957396 2.3959058086409009 29.723477070499658 21.031250000000004 5.9399037955237244
decision_type=2 10 2 8 10 8 10 10 2 10 2 8 2 2 10
left_child=-1 2 4 5 7 -4 10 8 9 -2 11 -5 13 -10 -14
right_child=1 -3 3 6 -6 -7 -8 -9 12 -11 -12 -13 14 -15 -16
leaf_value=0.042084608985383194 -0.016802598561892486 -0.053579133356204581 -0.0848559370464705 -0.050224389858048363 -0.068731805940291463 0.013081059516002903 0.069773195851780698 0.04279741699556646 0.027107755710906758 -0.093798496028866446 0.049726721360922904 0.017702341625247225 0.0027672038457579851 -0.047725198817009172 0.064169927034760238
leaf_weight=125.87920433655381 176.27409612759948 134.54742044210434 97.944464631378651 109.01085802912712 153.72835713252425 95.758213505148888 160.42227032035589 128.13780637085438 104.68193186447024 91.942118886858225 124.26514570042491 171.33318099752069 122.06326689198613 155.37346124649048 86.920771431177855
leaf_count=408 595 498 292 228 431 319 499 375 298 316 492 594 458 516 351
internal_value=-0.00463691 -0.00773262 -0.00423481 0.0103814 -0.0151161 -0.0366216 0.0265311 -0.00552344 -0.0139684 -0.0434465 0.00925644 -0.00879538 0.00294498 -0.0176137 0.0284898
internal_weight=2038.28 1912.4 1777.86 758.734 1019.12 193.703 565.031 865.393 737.256 268.216 404.609 280.344 469.039 260.055 208.984
internal_count=6670 6262 5764 2424 3340 611 1813 2909 2534 911 1314 822 1623 814 809
is_linear=0
shrinkage=0.05


Tree=68
num_leaves=16
num_cat=0
split_feature=47 76 23 31 50 32 16 24 50 36 32 15 0 7 3
split_gain=147.794 117.586 122.056 189.899 170.417 211.745 161.986 219.524 178.866 141.37 125.091 138.135 114.311 109.668 168.671
threshold=0.64041452114548258 0.89826642159979364 6.6172764227642284 0.8907486631016045 17.501333333333339 24.954545454545457 34.966666666666676 0.47640277777777579 18.177032967032972 0.42251861852622769 32.138461538461549 0.98729714179744432 2.5000000000000004 18.462904040404041 15.196904761904763
decision_type=2 8 8 10 8 10 8 8 10 8 10 8 2 8 8
left_child=1 -1 3 9 10 12 7 -7 -8 -3 13 -12 -6 14 -4
right_child=-2 2 4 -5 5 6 8 -9 -10 -11 11 -13 -14 -15 -16
leaf_value=0.055539429162483625 -0.047805706277054161 0.030271468236203976 -0.029576079982353967 0.059731040861457467 0.020557936359005383 0.073414434215164331 0.0062287517192625812 -0.022997147903185029 -0.082245815908253694 -0.039290874625998229 0.037053245480757821 -0.034266579432205034 0.095490608797075688 -0.0083927316217544765 -0.11555827619239573
leaf_weight=101.66109946370125 150.59909697622061 148.06708121672273 139.31508134678006 196.3498896509409 123.77823520079255 105.77470585331321 112.03088890761137 131.29268234968185 115.28329165279865 142.21374210715294 129.69816683605313 140.28548636287451 86.315766770392656 133.28397886827588 96.738715436309576
leaf_count=218 560 457 421 540 386 383 391 419 499 433 380 551 352 412 309
internal_value=-0.000293395 0.00349157 0.000523485 0.0218883 -0.00740067 0.0101257 -0.00873116 0.0201474 -0.0388052 -0.00382625 -0.0258777 5.24356e-06 0.0516501 -0.044747 -0.0651518
internal_weight=2052.69 1902.09 1800.43 486.631 1313.8 674.476 464.382 237.067 227.314 290.281 639.321 269.984 210.094 369.338 236.054
internal_count=6711 6151 5933 1430 4503 2430 1692 802 890 890 2073 931 738 1142 730
is_linear=0
shrinkage=0.05


Tree=69
num_leaves=17
num_cat=0
split_feature=61 61 55 27 70 52 13 20 54 60 30 79 24 39 55 31
split_gain=135.703 163.903 177.957 289.188 165.224 197.412 185.035 166.062 160.582 217.979 158.756 145.514 119.756 132.062 118.02 101.048
threshold=38.250000000000007 40.750000000000007 17.720000000000002 18.571286764705885 1.0000000180025095e-35 223.08333333333334 0.15312779184944672 7.1291666666666673 23.174242424242429 -1.0000000180025095e-35 0.1250574907677329 2.8037061893563644 0.57724999999999949 27.570157426420263 19.059375000000003 0.96790865384615399
decision_type=2 2 2 10 2 10 8 8 8 2 8 8 8 2 2 8
left_child=-1 11 4 8 5 6 -3 15 9 -4 -10 -2 -7 -14 -5 -6
right_child=1 2 3 14 7 12 -8 -9 10 -11 -12 -13 13 -15 -16 -17
leaf_value=-0.051334381298252546 0.086703873090786587 -0.024716069261020834 0.025900634371998372 0.10897068655026224 0.016648098327415265 0.025972675698908095 -0.11137962102023793 0.050854016649489575 -0.012769592022696452 -0.068328931676544302 0.058776131784124025 0.0016683810255961964 -0.069494893882700831 0.0041597207351410067 0.028976696826412896 -0.055029358576278366
leaf_weight=130.86105929687619 98.700957775115967 124.44455288350582 98.524694513529539 90.406117767095566 95.923895440995693 140.43255508318543 122.38898781687021 142.99045239761472 164.54033566266298 159.91046949103475 145.14807368069887 101.63170756027102 118.16286305710673 124.16281709074974 95.047732662409544 99.115226306021214
leaf_count=305 186 318 300 319 297 544 285 478 580 572 451 422 436 486 328 414
internal_value=-0.0022667 0.0010999 -0.00389102 0.0143163 -0.0180709 -0.0331922 -0.067963 0.0101077 -0.00341042 -0.0324439 0.0208445 0.0437867 -0.0106504 -0.0318937 0.0683479 -0.0198719
internal_weight=2052.39 1921.53 1721.2 753.577 967.621 629.592 246.834 338.03 568.124 258.435 309.688 200.333 382.758 242.326 185.454 195.039
internal_count=6721 6416 5808 2550 3258 2069 603 1189 1903 872 1031 608 1466 922 647 711
is_linear=0
shrinkage=0.05


Tree=70
num_leaves=17
num_cat=0
split_feature=20 66 44 23 65 40 52 76 6 23 27 52 31 58 76 76
split_gain=185.762 164.271 172.335 150.14 141.955 143.456 152.113 228.056 138.332 133.738 157.462 192.516 119.475 103.602 103.215 78.979
threshold=10.759615384615387 4.5000000000000009 0.52323992883466774 7.0447888386123685 12.500000000000002 4.5000000000000009 231.03571428571431 1.0084016806722691 5.4459252191620733 7.0613896033977399 13.915000000000003 239.15000000000001 0.98483333333333345 20.93933823529412 1.6224091676986971 1.0999320218303932
decision_type=10 2 8 10 10 2 10 10 10 8 10 8 8 2 8 10
left_child=1 -1 3 -3 5 6 7 -4 -6 13 -11 -12 -8 -7 -14 -13
right_child=-2 2 4 -5 8 9 12 -9 -10 10 11 15 14 -15 -16 -17
leaf_value=0.058692445893301894 -0.067995509191066228 -0.0127390765577275 -0.011365882440082171 0.058883663378736462 -0.0075538788584075915 -0.030047865013026677 -0.041132620747768932 0.076160058787870258 -0.099575826437873868 0.0045900138025794816 -0.10910587240238506 0.0035644664360930467 0.055419240413708319 0.034179200783983142 -0.021557379028840286 -0.062801670724866074
leaf_weight=112.04944326728582 104.27196544408798 120.0623918287456 131.90109104663134 185.13888703286648 80.581451758742332 105.16219265386462 165.53867071866989 169.10707402229309 82.17867886275053 149.05728114023805 113.70502363890409 100.33223826438189 88.836323738098145 152.76806410774589 83.725328736007214 79.889336213469505
leaf_count=386 338 366 459 515 302 319 583 353 317 448 368 479 251 538 445 203
internal_value=-0.00332584 0.000219771 -0.0034345 0.0307586 -0.0103946 -0.00502037 0.0121024 0.0378958 -0.0543407 -0.0206283 -0.0372649 -0.0584341 -0.0109052 0.00797791 0.0181619 -0.0260388
internal_weight=2024.31 1920.03 1807.98 305.201 1502.78 1340.02 639.108 301.008 162.76 700.914 442.984 293.927 338.1 257.93 172.562 180.222
internal_count=6670 6332 5946 881 5065 4446 2091 812 619 2355 1498 1050 1279 857 696 682
is_linear=0
shrinkage=0.05


Tree=71
num_leaves=17
num_cat=0
split_feature=6 76 12 56 56 53 44 76 23 33 30 43 58 45 12 4
split_gain=115.16 156.199 116.619 130.284 164.665 212.309 157.076 240.378 210.263 154.593 142.671 134.436 99.1924 130.709 87.9263 86.19
threshold=9.1970604786094317 1.1506614613763921 0.26311150083645846 4.6089858844997869 4.3765259838977721 1.9687500000000002 0.56977414768917156 1.1935897173567265 6.2664341196777906 5.7029411764705893 0.053933397683397694 62.483333333333341 24.97058823529412 22.322916666666668 0.067168564988497922 17.445038293687819
decision_type=10 8 10 2 2 10 8 8 8 10 10 10 2 10 10 10
left_child=2 -2 3 4 6 -6 7 -1 -8 10 -5 -9 13 14 -10 -15
right_child=1 -3 -4 9 5 -7 8 11 12 -11 -12 -13 -14 15 -16 -17
leaf_value=0.081318999221540997 -0.080759800672288107 0.0087203294859857696 0.058068210209955784 0.0083776877182229429 0.017576404815102691 -0.073142158314132608 0.043677272593955187 -0.027896054881613303 0.038366883440029392 -0.0087559810125804934 0.084141618375077151 0.04132042034413539 -0.065766463483686186 -0.084176350786263426 -0.025228081778564577 -0.011612708057977362
leaf_weight=147.23282839357853 88.22500304877758 107.18655780702829 110.01309654861689 104.62705802544951 106.08319632336497 162.22694217786193 144.47614101693034 157.82252737879753 131.80840533971786 161.84919842332602 152.88013269379735 124.65669380500913 112.36891832947731 77.619536656886339 91.112656567245722 86.125191796571016
leaf_count=314 225 443 268 324 332 569 451 448 452 457 426 573 494 294 347 360
internal_value=0.0045421 -0.0318839 0.00836172 0.00522507 -0.00238411 -0.0373422 0.00638219 0.0297549 -0.0092472 0.0295148 0.0535097 0.00268685 -0.0246261 -0.0125315 0.0123777 -0.046312
internal_weight=2066.31 195.412 1870.9 1760.89 1341.53 268.31 1073.22 429.712 643.511 419.356 257.507 282.479 499.035 386.666 222.921 163.745
internal_count=6777 668 6109 5841 4634 901 3733 1335 2398 1207 750 1021 1947 1453 799 654
is_linear=0
shrinkage=0.05


Tree=72
num_leaves=17
num_cat=0
split_feature=20 76 51 50 36 77 1 56 41 56 31 55 76 52 31 51
split_gain=158.05 220.087 188.758 279.125 153.536 316.558 246.867 150.573 224.519 269.534 153.586 148.856 175.82 130.408 117.605 76.172
threshold=10.759615384615387 1.1820983476085325 4.2124539145521585 16.551047619047619 0.21978062190591496 0.22719266865810747 3.5000000000000004 4.1585676753916525 23.000000000000004 4.5955145215981137 0.87647727272727283 18.072941176470593 1.2141469730523509 224.3484848484849 0.96834841628959289 3.9464847259658584
decision_type=10 8 10 10 8 8 8 2 10 2 10 2 10 10 8 8
left_child=1 2 14 -4 6 -6 -3 11 10 -10 -9 12 15 -12 -1 -7
right_child=-2 4 3 -5 5 7 -8 8 9 -11 13 -13 -14 -15 -16 -17
leaf_value=0.0812503647224357 -0.060628010819093053 -0.025857259632982216 -0.051640833281807901 0.039871723785929125 -0.10407960400323552 0.038121143957693927 0.062712849769949272 -0.10342825825392549 -0.03493467954431393 0.083043490624582092 -0.078578182811356659 -0.036572704739697683 0.069012169499265405 0.0067417432936807582 0.021568753676591081 -0.05652011287098422
leaf_weight=161.7409705221653 109.08177407085896 155.1987774707377 153.78347177803516 179.49270410835743 102.43605348467827 33.845388751477003 157.69594911113381 109.14786622673273 121.14854550734162 79.224177297204733 75.258363656699657 99.443360403180122 148.67970623075962 108.17250468581915 169.51245310902596 53.824249025434256
leaf_count=332 357 494 310 455 220 351 497 436 545 284 271 470 308 463 404 469
internal_value=-0.00237291 0.000986531 0.0241971 -0.00238304 -0.011421 -0.0215982 0.0188388 -0.01129 -0.0288566 0.0118927 -0.0567093 0.0145072 0.0360624 -0.0284997 0.0508663 -0.0199654
internal_weight=2017.69 1908.6 664.53 333.276 1244.07 931.18 312.895 828.744 492.951 200.373 292.579 335.793 236.349 183.431 331.253 87.6696
internal_count=6666 6309 1501 765 4808 3817 991 3597 1999 829 1170 1598 1128 734 736 820
is_linear=0
shrinkage=0.05


Tree=73
num_leaves=17
num_cat=0
split_feature=65 21 53 76 30 16 76 23 13 75 36 54 5 64 19 3
split_gain=122.631 131.758 121.904 146.526 115.407 146.184 158.348 135.765 158.241 129.216 114.104 113.582 90.8682 90.4031 97.8667 127.587
threshold=6.5000000000000009 1.7113095238095239 1.8397435897435901 1.1197489648859602 0.13755909622374382 30.964285714285719 1.6099158222410528 7.559281616065026 0.084655203615865315 19.955000000000002 0.13504505369163713 20.408333333333335 17.431666666666668 58.500000000000007 1.4580419580419581 13.64609523809524
decision_type=8 8 10 8 8 10 8 10 10 10 10 10 10 10 8 8
left_child=1 -1 -3 -4 7 6 -6 12 -9 -7 -8 -5 13 14 -2 -16
right_child=4 2 3 11 5 9 10 8 -10 -11 -12 -13 -14 -15 15 -17
leaf_value=-0.027555441375240325 -0.024178599089079447 0.074625086817080591 0.067890927956948885 0.037102374030984146 0.029212364085177835 -0.093363139652760371 0.010330645633436704 0.00080253192559242128 0.083897492021095837 -0.016663371749718835 -0.06974420826307863 -0.039654714596678346 -0.040604267979342593 -0.028599195590330806 0.073223218086869574 0.0067632909476652674
leaf_weight=94.541248425841331 99.67058115079999 145.14221813902259 98.802808418869972 83.728169955313206 208.71411375701427 98.992158718407154 78.802427556365728 114.18562944978476 114.03294757381082 122.99876765906811 100.49458168074489 110.82052723690867 123.69737169891596 134.39891351014376 117.65273486077785 185.10278170183301
leaf_count=392 329 478 223 333 412 411 260 442 416 359 411 471 432 466 321 557
internal_value=0.00518949 0.0257629 0.0372952 0.0186346 -0.00213985 -0.0188704 -0.000329049 0.00935171 0.0425071 -0.0511313 -0.0346886 -0.00659986 -0.00215082 0.0067688 0.0186223 0.0327461
internal_weight=2031.78 533.035 438.494 293.352 1498.74 610.002 388.011 888.741 228.219 221.991 179.297 194.549 660.522 536.825 402.426 302.756
internal_count=6713 1897 1505 1027 4816 1853 1083 2963 858 770 671 804 2105 1673 1207 878
is_linear=0
shrinkage=0.05


Tree=74
num_leaves=16
num_cat=0
split_feature=76 12 16 21 6 57 28 4 28 16 43 53 0 31 76
split_gain=167.525 288.65 158.458 189.313 172.131 161.276 133.67 112.346 176.229 146.256 219.156 151.605 144.831 142.675 116.879
threshold=1.0802755824220227 0.164922298560263 22.527777777777782 1.0000000180025095e-35 9.1072221469820089 203.28125000000003 16.444529166666669 12.121990955016752 20.715993750000003 30.480769230769234 61.345238095238102 2.2792207792207795 7.5000000000000009 0.8053076923076925 1.2685967001237566
decision_type=8 10 8 10 10 2 10 8 8 10 10 8 2 10 8
left_child=1 6 3 -2 5 -4 -1 -7 9 13 -11 14 -13 -9 -12
right_child=2 -3 4 -5 -6 7 -8 8 -10 10 11 12 -14 -15 -16
leaf_value=0.023329442784128424 -0.022031835462731662 -0.023798259880431168 -0.063710663115671515 0.053217250872642612 -0.076908487310209994 0.03263643822174863 0.090178051574524257 -0.001829390086598626 0.038191873425912265 0.077564562102277287 -0.10587573989587856 0.067554634005377978 -0.030275186890736546 -0.077246059576025553 -0.013344367111609716
leaf_weight=163.16425776481628 147.61523150280118 194.06487543880939 131.8173055164516 190.39046004414558 112.65329004451632 163.96997906267643 138.57285340130329 95.846801515668631 137.94521103426814 67.626232303678989 67.932427614927292 66.166026286780834 85.709091633558273 180.67537253350019 68.242600537836552
leaf_count=381 499 430 389 522 439 550 325 342 546 263 177 316 402 591 466
internal_value=-0.00150246 0.0236997 -0.00975171 0.0203861 -0.0184049 -0.0121556 0.0542262 -0.00482009 -0.0128269 -0.0240019 -0.0027674 -0.0218302 0.0125085 -0.0512063 -0.05994
internal_weight=2012.39 495.802 1516.59 338.006 1178.58 1065.93 301.737 934.114 770.144 632.199 355.676 288.05 151.875 276.522 136.175
internal_count=6638 1136 5502 1021 4481 4042 706 3653 3103 2557 1624 1361 718 933 643
is_linear=0
shrinkage=0.05


Tree=75
num_leaves=17
num_cat=0
split_feature=65 23 41 39 3 52 5 65 52 31 25 9 27 59 47 55
split_gain=129.419 134.575 107.764 113.449 229.082 204.247 191.449 189.765 169.01 178.296 148.024 127.461 159.999 149.368 136.155 97.0374
threshold=12.500000000000002 7.5255984623449246 1.0000000180025095e-35 27.765913757700208 16.586500000000004 208.5902777777778 14.670000000000002 11.500000000000002 213.51666666666668 0.90557692307692317 0.023038461538461567 20.617666666666672 19.15444852941177 0.75000000000000011 0.59245212554193205 17.493125000000003
decision_type=10 8 10 2 8 10 10 8 8 10 8 10 10 2 2 2
left_child=2 -2 -1 11 5 -5 7 -7 -6 -10 -11 12 13 15 -15 -4
right_child=1 -3 3 4 8 6 -8 -9 9 10 -12 -13 -14 14 -16 -17
leaf_value=-0.037774747691042047 -0.069851758037433584 0.0084346516879507862 -0.030402945508258717 -0.039368691939749866 0.027886176494714365 -0.034260299785297967 0.10791364627976351 0.066101032077809679 0.017022362347633775 -0.028048366595432472 -0.10495185623775434 -0.02041220291690405 0.087419318181137295 0.018264826556550564 0.087697377177853322 0.024495745962938967
leaf_weight=137.62715117260814 125.03826258704066 96.906803492456675 165.83434718102217 94.792492680251598 96.095700025558472 91.093974735587835 83.800382357090712 95.528059028089046 81.408602323383093 122.12177395820618 129.48489010334015 155.63152648881078 101.04879554361105 183.0534337349236 114.66814991831779 154.55067250132561
leaf_count=458 448 352 541 221 258 389 293 284 328 501 413 486 285 527 394 479
internal_value=0.000157844 -0.0357854 0.00459057 0.00810434 -0.00557287 0.023498 0.0455989 0.0171911 -0.0303121 -0.0471392 -0.0678842 0.0205157 0.0293889 0.0197762 0.045211 -0.00392652
internal_weight=2028.69 221.945 1806.74 1669.11 794.326 365.215 270.422 186.622 429.111 333.015 251.607 874.787 719.155 618.107 297.722 320.385
internal_count=6657 800 5857 5399 2687 1187 966 673 1500 1242 914 2712 2226 1941 921 1020
is_linear=0
shrinkage=0.05


Tree=76
num_leaves=18
num_cat=0
split_feature=32 43 44 23 44 73 66 65 56 6 55 56 50 64 43 23 45
split_gain=122.872 161.873 118.091 167.095 194.08 161.826 157.043 155.24 152.702 145.227 140.649 139.106 120.45 204.107 117.81 115.338 84.5112
threshold=38.790441176470594 57.261363636363647 0.52323992883466774 7.0256175877748097 0.53733803509922928 8.5000000000000018 7.5000000000000009 6.5000000000000009 4.4812869592281368 6.8307453497344541 16.960294117647063 4.1382630751678322 18.547619047619051 88.500000000000014 63.292857142857152 6.1747427812811155 23.679487179487186
decision_type=10 8 10 8 10 2 2 10 2 8 2 2 10 8 10 10 10
left_child=1 -1 12 6 -5 10 7 8 11 16 -6 -4 13 -3 -11 -9 -7
right_child=-2 2 3 4 5 9 -8 15 -10 14 -12 -13 -14 -15 -16 -17 -18
leaf_value=-0.037646413399960887 -0.049960848216650706 -0.015937476561706996 0.070535630809730299 -0.083158756024623109 -0.077599862049808566 0.017143909511360699 -0.032393951576271875 -0.039135113954163282 0.10726440942016127 0.08674542473817734 -0.0023304981585212385 -0.0094081735463390492 0.079059033197964951 0.062372378186157644 0.012330207682705973 0.036805124398737919 -0.055733804249749865
leaf_weight=192.48442125692964 103.04483173415065 190.83756525069475 111.29144238308072 86.487070739269257 107.50258411467075 78.688066519796848 108.40361728146672 98.666311234235764 97.149013988673687 90.526725303381681 145.16050411760807 105.16944257169962 106.11447041481733 146.10938149318099 127.9139185808599 99.335532307624817 78.714277077466249
leaf_count=436 509 594 388 255 425 330 348 269 276 307 515 306 307 365 486 381 288
internal_value=0.00299771 0.00579097 0.0105118 0.00307984 -0.0133846 -0.00366631 0.0220574 0.0336356 0.0554642 0.0171224 -0.0345356 0.0318296 0.032848 0.0181039 0.0434243 -0.00104316 -0.0194228
internal_weight=2073.6 1970.55 1778.07 1335.01 714.993 628.506 620.015 511.612 313.61 375.843 252.663 216.461 443.061 336.947 218.441 198.002 157.402
internal_count=6785 6276 5840 4574 2606 2351 1968 1620 970 1411 940 694 1266 959 793 650 618
is_linear=0
shrinkage=0.05


Tree=77
num_leaves=18
num_cat=0
split_feature=36 26 30 76 9 24 48 24 55 6 39 57 43 79 19 62 33
split_gain=115.863 163.889 160.378 154.486 139.913 149.017 114.531 186.871 222.864 230.047 169.391 148.58 197.908 147.616 108.624 101.835 98.077
threshold=0.056249613966948282 9.5000000000000018 0.13128120970818322 1.0999320218303932 15.489333333333336 -0.42459999999999892 19.665441176470591 -0.30984090909090861 16.980000000000004 6.5373801851234541 29.863107460643398 237.15625000000003 61.861904761904768 2.0318405053240047 2.2583333333333337 20.875000000000004 2.3333333333333335
decision_type=8 2 10 8 10 10 2 8 2 10 2 2 10 10 10 2 8
left_child=-1 2 3 -2 14 -6 15 8 -8 -10 11 -9 -13 -12 16 -3 -5
right_child=1 6 -4 4 5 -7 7 10 9 -11 13 12 -14 -15 -16 -17 -18
leaf_value=0.041028049315805545 0.039953149755800832 0.0036285146663752863 -0.084139915782147662 0.010445156514252082 -0.1095559602802255 -0.020607565289900435 -0.018777165319391068 -0.069674856116239178 0.12924079623629511 0.011865748746356264 0.065280666318236161 0.045348265835276153 -0.053756678062532474 -0.014765428842302867 0.039861764278391297 0.070492413211966462 -0.049551708353171173
leaf_weight=139.81019742041826 105.69320599734783 112.11660015955567 95.836297713220119 121.19634836912155 84.381004109978676 106.28798715397716 127.33552157506347 187.05198506638408 80.258875943720341 86.306724742054939 91.338143423199654 93.074711970984936 107.47218821570277 152.33918848633766 89.945169661194086 114.95970716327429 153.67087804526091
leaf_count=447 242 337 271 418 309 370 473 471 298 315 552 247 420 372 294 363 507
internal_value=-0.00274443 -0.00596957 -0.0240269 -0.0151997 -0.0257467 -0.0603381 0.00590431 -0.00191708 0.0309532 0.0688561 -0.0172451 -0.0377445 -0.00776484 0.0153826 -0.00755199 0.0376397 -0.0231555
internal_weight=2049.07 1909.26 757.011 661.175 555.481 190.669 1152.25 925.177 293.901 166.566 631.276 387.599 200.547 243.677 364.812 227.076 274.867
internal_count=6706 6259 2411 2140 1898 679 3848 3148 1086 613 2062 1138 667 924 1219 700 925
is_linear=0
shrinkage=0.05


Tree=78
num_leaves=18
num_cat=0
split_feature=43 26 30 61 19 44 1 9 6 25 76 6 5 65 64 65 51
split_gain=119.075 119.1 275.543 145.654 154.517 141.69 124.072 154.555 274.578 222.883 261.486 200.585 184.694 91.6673 89.4352 77.5477 52.4855
threshold=57.261363636363647 9.5000000000000018 0.12825387749753117 41.250000000000007 3.6547619047619051 0.50636968516715364 1.5000000000000002 18.649666666666672 5.3205872530420306 0.0013068181818181592 1.0538569473735033 6.4062403470620799 18.623333333333338 6.5000000000000009 78.500000000000014 10.500000000000002 4.3364208118925101
decision_type=8 2 10 2 10 8 10 8 8 10 10 10 10 8 8 8 10
left_child=-1 2 3 -2 13 -3 7 8 -7 10 14 -10 -13 -5 -9 -15 -17
right_child=1 5 -4 4 -6 6 -8 9 11 -11 -12 12 -14 15 -16 16 -18
leaf_value=-0.034533696573336818 0.037721760846402226 0.068171328986038809 -0.089633173025060742 0.040231824740433242 -0.073259290011584766 -0.027054382024590113 -0.043400613253456365 -0.069803758571238869 0.11351828039715824 -0.070759714973014989 0.065234582303059604 -0.0092893852389532346 0.086615793223996637 -0.052983895412452055 0.0063026072608655132 0.020881878210116597 -0.026793462468335534
leaf_weight=210.29663262888789 197.18868785351515 115.60330171138048 93.375880591571331 104.21087395399809 86.483183510601521 123.28321659192443 97.509095013141632 71.720506098121405 113.95268522202969 100.47423581779003 137.10780936479568 119.85427600517869 85.169483035802841 88.848699331283569 81.953614827245474 141.29730218276381 96.13872679322958
leaf_count=482 553 333 264 423 270 473 341 367 390 359 314 437 309 313 313 492 301
internal_value=0.00103089 0.005081 -0.00933914 0.00126979 -0.0126799 0.0162054 0.00968668 0.0159417 0.0361589 -0.00694501 0.0152719 0.0605989 0.0307779 -0.000368385 -0.0294383 -0.0134188 0.00154655
internal_weight=2064.47 1854.17 807.543 714.167 516.979 1046.63 931.025 833.516 442.26 391.256 290.782 318.976 205.024 430.496 153.674 326.285 237.436
internal_count=6734 6252 2616 2352 1799 3636 3303 2962 1609 1353 994 1136 746 1529 680 1106 793
is_linear=0
shrinkage=0.05


Tree=79
num_leaves=17
num_cat=0
split_feature=55 0 53 53 79 6 32 47 50 41 36 6 58 4 0 53
split_gain=123.316 137.271 113.4 139.55 99.5132 117.459 173.545 124.694 198.36 179.75 131.699 101.482 64.8893 75.5913 83.577 65.8266
threshold=15.227058823529413 12.500000000000002 2.8062500000000004 1.9258241758241761 3.8976180788310963 7.7774979972850984 32.437500000000007 0.55809598467032495 16.350333333333335 73.500000000000014 0.76813439029879937 5.7969546492281259 19.363970588235297 12.496971887891329 6.5000000000000009 2.3693181818181821
decision_type=2 2 10 8 8 10 8 2 10 8 8 8 2 8 2 8
left_child=2 4 3 -1 5 7 -7 8 -2 10 11 -9 -6 -14 15 -15
right_child=1 -3 -4 -5 12 6 -8 9 -10 -11 -12 -13 13 14 -16 -17
leaf_value=-0.0015913467702856441 -0.023300431720660111 0.040702109237184196 -0.018507116558990143 0.072576563293230117 0.071996939994051642 -0.080749847798836857 -0.0030767697775265918 -0.013433300861035051 0.052621423971179117 -0.056850635437246277 -0.035697272834200496 0.045690505496098044 0.059337284204544608 -0.086038599177785446 0.04232764673799002 0.002894949580805265
leaf_weight=101.16467939689755 154.50999087095261 157.30005359649658 94.765424873679876 168.80339087173343 50.037854790687561 142.16984024643898 144.6555837392807 129.65919063985348 191.86832301318645 206.07703317701817 169.81783455610275 162.8201197385788 49.921020843088627 41.349131666123867 43.878633834421635 40.7802819237113
leaf_count=315 281 530 319 560 482 313 364 318 429 533 408 352 397 364 408 339
internal_value=0.00208774 -0.00362297 0.0284055 0.0448804 -0.00821101 -0.01353 -0.0417235 -0.00552772 0.0187852 -0.0181369 -0.000794071 0.0195238 0.0223512 0.00790381 -0.0127795 -0.0423762
internal_weight=2049.58 1684.84 364.733 269.968 1527.54 1301.58 286.825 1014.75 346.378 668.374 462.297 292.479 225.967 175.929 126.008 82.1294
internal_count=6712 5518 1194 875 4988 2998 677 2321 710 1611 1078 670 1990 1508 1111 703
is_linear=0
shrinkage=0.05


Tree=80
num_leaves=16
num_cat=0
split_feature=76 64 51 49 76 25 64 28 79 3 30 14 30 54 60
split_gain=129.643 358.398 217.917 197.785 103.282 123.07 150.858 199.454 178.199 175.941 131.662 142.699 195.114 106.007 86.7447
threshold=1.1820983476085325 66.500000000000014 4.0840728814890452 10.500000000000002 1.2209857393425774 -0.11499999999999992 46.500000000000007 15.19392142857143 2.6773710160097752 14.751666666666667 0.12159294684112183 0.11125000000000003 0.059055557208000341 22.258333333333336 2.7500000000000004
decision_type=8 10 10 2 8 10 10 10 8 10 10 10 10 10 2
left_child=1 2 -1 -4 -2 10 7 -7 -8 -9 11 14 -13 -10 -6
right_child=4 -3 3 -5 5 6 8 9 13 -11 -12 12 -14 -15 -16
leaf_value=0.035785595140533151 -0.056504014185872697 0.080295201449663137 -0.058476109201188953 0.017819715975883863 0.043876416725408734 -0.058346759567682566 0.10048265495808358 0.091040185133251017 0.055915085172578961 -0.016771459626823536 -0.057116424113681841 -0.067396402854317403 0.012524851294883656 -0.038333449054360119 -0.015675583879770024
leaf_weight=244.58539102971554 97.47994090616703 179.40911646187305 197.11977654695511 148.04804396629333 165.11656583473086 113.58277627080679 90.794215261936188 64.375515963882208 56.935137685388327 89.25106531009078 153.85437805950642 155.03244689851999 149.05074512958527 60.537932008504868 96.11238906905055
leaf_count=551 221 392 486 345 545 397 197 221 415 562 521 594 534 436 346
internal_value=0.00238685 0.0186261 -0.000238442 -0.0257947 -0.00728682 -0.00322692 0.0164894 -0.00837919 0.0482838 0.0287024 -0.0162672 -0.00506851 -0.0283092 0.00743196 0.0219896
internal_weight=2061.29 769.162 589.753 345.168 1292.12 1194.64 475.477 267.209 208.267 153.627 719.167 565.312 304.083 117.473 261.229
internal_count=6763 1774 1382 831 4989 4768 2228 1180 1048 783 2540 2019 1128 851 891
is_linear=0
shrinkage=0.05


Tree=81
num_leaves=18
num_cat=0
split_feature=46 13 63 79 23 57 12 33 33 79 9 36 76 57 5 57 41
split_gain=104.704 199.325 197.483 294.214 151.398 290.3 160.05 151.411 172.242 147.009 130.096 214.302 187.106 124.118 120.126 113.378 108.701
threshold=61.878676470588239 0.27712155253688148 1.0000000180025095e-35 2.3382962431699608 6.2433104428131676 228.97426470588238 0.19180566670653962 6.4270833333333348 4.6937500000000005 2.5841681594858845 14.155333333333333 0.78950245618214454 1.536703819281976 254.25000000000003 10.696666666666669 236.08823529411768 90.500000000000014
decision_type=2 10 2 10 8 2 10 8 10 8 8 8 8 2 10 2 8
left_child=2 4 3 14 5 -2 7 8 9 -6 -9 12 -12 -13 -1 -10 -11
right_child=1 -3 -4 -5 6 -7 -8 10 15 16 11 13 -14 -15 -16 -17 -18
leaf_value=0.0050125648041385558 0.089751223240667768 0.066346337270108621 0.059690587565698429 0.036879395858164646 0.031595897901085981 -0.02037028516374564 -0.078359188463301685 -0.049959581823859837 -0.11535819521021927 -0.0056925674764777782 0.099647460417131253 -0.052785035456795672 -0.0023420527768356386 0.031095201003839536 -0.070340991872471642 -0.035999948098304584 -0.084044932756884211
leaf_weight=84.604920994490385 97.04589306563139 84.901939783245325 189.81746077537537 247.90648567676544 124.35182060301304 152.88706063106656 106.91767776012421 80.913088876754045 80.789058305323124 105.01710386201739 107.89459948241711 107.80233778059483 76.527269452810287 73.304981060326099 139.53068728744984 103.13909817114472 75.718922629952431
leaf_count=253 255 223 468 543 309 522 342 268 271 460 300 406 455 333 531 421 342
internal_value=0.000436885 -0.00741707 0.0167661 -0.000584402 -0.0123107 0.0225758 -0.0206892 -0.0140212 -0.0332128 -0.0100976 0.00702783 0.0197444 0.0575417 -0.0188494 -0.0420012 -0.0712928 -0.0387999
internal_weight=2039.07 1377.21 661.86 472.042 1292.31 249.933 1042.38 935.458 489.016 305.088 446.442 365.529 184.422 181.107 224.136 183.928 180.736
internal_count=6702 4907 1795 1327 4684 777 3907 3565 1803 1111 1762 1494 755 739 784 692 802
is_linear=0
shrinkage=0.05


Tree=82
num_leaves=16
num_cat=0
split_feature=52 23 65 79 30 65 53 0 61 23 30 53 52 6 36
split_gain=131.722 138.81 123.78 119.177 164.049 202.833 100.023 118.621 163.403 113.718 184.007 130.164 93.5702 108.052 71.6567
threshold=222.51666666666668 5.9853968253968262 6.5000000000000009 2.4270199739129725 0.18174414277383891 1.5000000000000002 3.5192307692307696 2.5000000000000004 41.750000000000007 7.9364161043885586 0.067585610548972636 1.8397435897435901 196.7416666666667 7.2847195586428279 0.25909039520666755
decision_type=8 8 8 8 8 10 8 2 2 8 10 10 10 8 10
left_child=2 -2 -1 4 5 -3 7 14 -9 10 -10 -12 -4 -14 -5
right_child=1 3 12 6 -6 -7 -8 8 9 -11 11 -13 13 -15 -16
leaf_value=0.01271409890187879 0.044293644482350306 0.0071423494081156629 -0.0069841901230908807 -0.0005348438260949377 0.020025448123592263 -0.076573681017216913 0.050158452100392006 -0.056374818143565222 -0.012862802875351527 -0.020325535876594567 0.12762692108785825 0.040360232357604907 -0.081231255943647898 -0.021969080433187259 -0.074784098071111055
leaf_weight=182.22304333373904 188.62011114135385 119.98195211589336 182.09104738757014 61.169932819902897 154.36514513194561 180.6646279245615 131.41971679031849 68.60917741432786 98.042887315154076 94.958590988069773 65.915512144565582 122.46766825020313 156.62427258864045 152.19507006555796 68.352721996605396
leaf_count=484 576 303 445 283 389 510 524 284 490 450 301 576 410 369 330
internal_value=-0.00436642 0.00461847 -0.022427 -0.0018324 -0.0217875 -0.0432514 0.0109519 0.00198976 0.0141351 0.0269337 0.0426177 0.0714076 -0.0354705 -0.0521903 -0.039991
internal_weight=2027.7 1354.57 673.133 1165.95 455.012 300.647 710.936 579.516 449.994 381.385 286.426 188.383 490.91 308.819 129.523
internal_count=6724 5016 1708 4440 1202 813 3238 2714 2101 1817 1367 877 1224 779 613
is_linear=0
shrinkage=0.05


Tree=83
num_leaves=17
num_cat=0
split_feature=25 76 45 45 46 76 79 9 7 55 12 45 60 52 43 55
split_gain=148.709 102.571 113.143 140.968 176.756 172.914 138.514 185.806 133.225 90.5456 140.724 92.3955 74.5455 72.3666 70.7799 57.5981
threshold=-0.11 0.97039374136198442 22.720779220779225 19.258333333333336 60.545955882352949 4.8664611275289849 2.1016868634018753 20.617666666666672 18.462904040404041 15.865220588235294 0.10798961403503647 26.577380952380956 -1.0000000180025095e-35 266.59340659340666 61.174242424242429 17.039595588235297
decision_type=8 8 10 10 2 8 8 8 10 2 10 10 2 8 8 2
left_child=-1 -2 3 4 -3 -5 -4 8 9 -8 11 -11 -7 14 -6 -15
right_child=1 2 6 5 13 12 7 -9 -10 10 -12 -13 -14 15 -16 -17
leaf_value=-0.063305016308975962 0.03092151276782186 0.036771215991989736 -0.05787709641028841 0.052422859780771713 0.019124940381356526 0.015199859883271428 0.036084205789810933 -0.064114295879696845 0.057684146816234162 0.033701799259240495 -0.077069565209083202 -0.033801736000113929 -0.055746454534701201 -0.083418643120585459 -0.033737141849726669 -0.025264485819898725
leaf_weight=105.53960613161325 202.91422529518604 142.87169430777431 189.19492304325104 253.88712337613106 113.10608590021729 85.720713827759027 87.410887446254492 119.35606568306684 96.125789541751146 102.49418029561639 81.046984128654003 98.357746861875057 63.751134868711233 78.976759925484657 141.47226354852319 93.793249178677797
leaf_count=334 451 383 495 592 303 475 325 460 373 411 279 375 345 297 457 359
internal_value=-0.00578248 -0.00263911 -0.00655138 0.00479177 -0.0112049 0.0273777 -0.0208074 -0.00873611 0.00557206 -0.00811108 -0.0218942 0.000641439 -0.0152288 -0.0272927 -0.0102682 -0.052175
internal_weight=2056.02 1950.48 1747.57 973.579 570.22 403.359 773.987 584.792 465.436 369.31 281.899 200.852 149.472 427.348 254.578 172.77
internal_count=6714 6380 5929 3211 1799 1412 2718 2223 1763 1390 1065 786 820 1416 760 656
is_linear=0
shrinkage=0.05


Tree=84
num_leaves=17
num_cat=0
split_feature=36 3 24 27 64 36 36 57 48 64 9 61 30 48 37 50
split_gain=142.659 354.474 143.495 197.572 203.872 192.048 183.009 143.097 137.808 133.043 133.445 113.421 91.2865 118.003 123.544 115.502
threshold=0.57698076047378655 18.286458333333336 -0.30984090909090861 18.08829166666667 66.500000000000014 0.76481974585991275 0.87526777457511451 201.79411764705884 21.941176470588239 27.500000000000004 19.426666666666669 40.750000000000007 0.12682018763946318 18.656250000000004 1.5000000000000002 17.383750000000003
decision_type=10 10 10 8 8 10 10 2 2 10 10 2 10 2 10 8
left_child=1 7 3 4 -2 -5 -7 -1 -6 -4 -11 -9 13 -13 -15 -16
right_child=2 -3 9 5 8 6 -8 11 -10 10 -12 12 -14 14 15 -17
leaf_value=-0.054781653155040182 -0.0043182076102378708 -0.099958174412571821 -0.048487132539130035 0.056053199412947952 0.11991848968815029 -0.083800291860018986 0.0084286296785453883 0.041376136381140405 0.041134395585097711 -0.018962245464618499 0.060068750170717257 -0.039056982756996685 -0.043728097255489227 0.053309105350422194 -0.048518037055244462 0.02296205548589425
leaf_weight=118.32792365550995 102.69393273442984 106.07619216665626 150.07246329635382 101.5743525698781 111.42969331517816 85.204124681651592 142.60563581064343 160.23739423602819 112.77379461377859 134.2375667616725 87.346412412822247 120.49649697542191 124.7923560552299 146.88925500959158 91.7580128274858 143.6699199564755
leaf_count=272 391 380 454 313 330 267 541 448 366 491 325 426 364 539 312 494
internal_value=-0.000608103 -0.0139249 0.0125062 0.0265499 0.054025 -0.000798802 -0.0262818 -0.00375477 0.0806489 -0.0122972 0.012321 0.0039688 -0.0056325 0.00389041 0.0174929 -0.00498468
internal_weight=2040.19 1012.25 1027.94 656.282 326.897 329.384 227.81 906.171 224.203 371.656 221.584 787.843 627.606 502.814 382.317 235.428
internal_count=6713 3235 3478 2208 1087 1121 808 2855 696 1270 816 2583 2135 1771 1345 806
is_linear=0
shrinkage=0.05


Tree=85
num_leaves=16
num_cat=0
split_feature=44 44 43 3 48 23 25 56 50 59 47 73 70 16 25
split_gain=82.0122 151.15 144.445 219.105 144.164 145.475 121.321 121.043 110.264 109.07 103.75 87.656 107.418 105.444 68.4776
threshold=0.57970083081852397 0.62855643831509533 62.440972222222229 17.76971428571429 19.665441176470591 7.5829435803409115 -0.13464285714285715 3.9861622497750613 18.034065934065939 0.75000000000000011 0.58977894438278067 7.5000000000000009 1.0000000180025095e-35 34.806250000000006 -0.031396103896103804
decision_type=8 8 10 10 2 10 10 2 10 2 2 2 2 8 10
left_child=2 7 3 6 -4 8 -1 -2 -6 14 -11 12 -3 -13 -9
right_child=1 11 4 -5 5 -7 -8 9 -10 10 -12 13 -14 -15 -16
leaf_value=-0.016892013180503259 0.011661740874980953 -0.032175359900455031 0.075149524370038093 -0.064032584576975138 -0.039814938669024399 0.052781362431622104 0.043415815584732655 -0.037359264494282458 0.028543529396602055 -0.048897230227746454 0.021717675262644988 0.075960596944684544 0.027345928509989903 -0.00059970658078556513 -0.092797957228950956
leaf_weight=185.1573264785111 134.02257027104497 185.34242373332381 116.3970806337893 140.3597341440618 141.98858154937625 136.25744846090674 150.15965939313173 108.81515580043197 99.505768805742264 111.45808174088597 95.963856387883425 84.697588670998812 126.83008890971541 94.605391327291727 118.09365789592266
leaf_count=450 564 583 398 314 465 481 413 350 358 372 318 292 446 428 418
internal_value=-0.00266477 -0.0122738 0.00783786 -0.0118182 0.0267448 0.0116708 0.0101635 -0.0298105 -0.0116468 -0.0426051 -0.0162798 0.00802538 -0.00798283 0.0357859 -0.0664927
internal_weight=2029.65 1059.83 969.826 475.677 494.149 377.752 335.317 568.353 241.494 434.331 207.422 491.475 312.173 179.303 226.909
internal_count=6650 3771 2879 1177 1702 1304 863 2022 823 1458 690 1749 1029 720 768
is_linear=0
shrinkage=0.05


Tree=86
num_leaves=18
num_cat=0
split_feature=45 36 36 64 0 24 24 58 24 64 58 61 23 76 30 79 21
split_gain=112.482 102.121 94.2295 216.79 128.52 190.035 293.23 201.947 131.958 124.155 120.776 103.996 119.68 110.614 214.824 170.024 102.745
threshold=13.851648351648354 0.55990371912139902 0.90508356132302581 83.500000000000014 7.5000000000000009 -1.6056944444444416 0.27143571428571361 21.69852941176471 1.4940852272727272 53.500000000000007 23.148897058823533 39.750000000000007 6.0653843585119889 2.8167640721162051 0.081578163060078368 2.3959058086409009 7.8350340136054433
decision_type=10 10 10 8 2 10 10 2 8 10 2 2 8 8 10 10 8
left_child=1 -1 4 9 8 -6 -7 -8 10 -4 -2 -10 -13 15 16 -14 -15
right_child=2 -3 3 -5 5 6 7 -9 11 -11 -12 12 13 14 -16 -17 -18
leaf_value=0.0042071035453555266 0.064506190876203587 0.073130902726519731 0.0086429865670704549 -0.023042080809352758 -0.077765579696091713 0.064259282856427569 0.012597262557421935 -0.084607980092867546 -0.050663996700103311 0.090408201893022677 -0.0049591958063897809 0.039665093888125169 -0.029935648610051865 -0.047197516022505985 -0.097783473575072041 0.047085866174123095 0.032385482421420468
leaf_weight=113.49068803712726 142.78356617316604 101.30517529323697 78.237368244677782 147.38120904192328 137.37601721286774 97.27143844217062 98.370730686932802 115.3699585609138 115.72155088931322 114.01724726334214 110.54704112932086 150.31894103065133 135.21898850798607 68.894416864961386 87.092503417283297 150.24864143133163 95.623334415256977
leaf_count=336 473 308 295 459 485 344 311 423 278 443 401 435 292 387 386 355 350
internal_value=0.00274629 0.0369022 -0.00124914 0.0225001 -0.00662063 -0.0290174 -0.00730477 -0.0400205 0.00290366 0.057351 0.0342929 -0.00702791 0.000381043 -0.0106672 -0.0347715 0.0106255 -0.00102496
internal_weight=2059.27 214.796 1844.47 339.636 1504.84 448.388 311.012 213.741 1056.45 192.255 253.331 803.118 687.397 537.078 251.61 285.468 164.518
internal_count=6761 644 6117 1197 4920 1563 1078 734 3357 738 874 2483 2205 1770 1123 647 737
is_linear=0
shrinkage=0.05


Tree=87
num_leaves=18
num_cat=0
split_feature=56 79 25 8 76 61 10 16 51 61 48 0 21 13 0 62 45
split_gain=87.783 159.509 98.4381 137.296 121.848 92.7919 110.346 127.606 165.795 140.537 130.612 131.806 112.333 299.57 141.807 106.535 88.5374
threshold=3.9897505004891518 2.3565519800895314 -0.034999999999999955 12.491373845295783 1.0131459495520772 38.250000000000007 0.0014201338493791326 34.966666666666676 4.4393501488877218 46.250000000000007 20.029411764705888 5.5000000000000009 4.4369318181818196 0.15384732073551913 7.5000000000000009 25.125000000000004 23.809090909090912
decision_type=2 10 10 10 10 2 10 10 10 2 2 2 10 10 2 2 8
left_child=1 2 3 -1 -4 -2 7 10 9 -9 11 -7 14 -14 15 16 -12
right_child=5 -3 4 -5 -6 6 -8 8 -10 -11 12 -13 13 -15 -16 -17 -18
leaf_value=-0.030553543314941208 -0.051957020604343408 0.052423452871954324 0.0074622453327524031 0.069507173007544193 -0.095922086706251519 0.003810364178699511 0.047320216496430867 -0.043016040977432848 -0.078312412116347471 0.045089758671266023 0.0008652586958704686 0.072941466989167439 0.079063541284218747 -0.034729658287125341 -0.072166751093632589 0.029190706887847997 -0.051313941620672113
leaf_weight=66.264822173863649 104.65131042152643 193.27543568611145 58.970340959727764 69.091571383178234 53.917423486709595 187.10365433245897 98.832230906933546 102.19609956815839 129.33041672408581 79.627722926437855 167.83581293746829 108.2937930226326 109.98572655767202 119.90781304985285 110.28167355805635 128.73958867415786 156.60843778401613
leaf_count=334 238 437 507 363 144 549 323 397 464 364 491 326 319 316 294 395 424
internal_value=-0.00122917 0.0184873 -0.00803867 0.0206568 -0.0423248 -0.00666655 -0.00347156 -0.00708863 -0.0352713 -0.00439551 0.000990644 0.0293147 -0.00957908 0.019818 -0.0215869 -0.00914659 -0.0244018
internal_weight=2044.91 441.52 248.244 135.356 112.888 1603.39 1498.74 1399.91 311.154 181.824 1088.76 295.397 793.359 229.894 563.466 453.184 324.444
internal_count=6685 1785 1348 697 651 4900 4662 4339 1225 761 3114 875 2239 635 1604 1310 915
is_linear=0
shrinkage=0.05


Tree=88
num_leaves=18
num_cat=0
split_feature=45 36 43 16 9 48 60 3 54 79 46 54 12 20 31 16 57
split_gain=127.215 112.07 100.063 149.168 142.394 105.983 108.404 136.972 128.777 265.867 214.093 209.094 150.935 190.767 92.1812 115.133 75.1462
threshold=31.630681818181824 0.76481974585991275 65.607692307692318 37.279220779220786 16.748666666666669 16.941176470588239 -6.2499999999999991 13.726190476190478 23.174242424242429 2.0871407856901025 61.939338235294123 25.75961538461539 0.14412764410124093 7.0954545454545466 0.99424632352941178 29.160256410256412 242.11948529411768
decision_type=8 8 10 10 10 2 2 8 8 8 2 10 8 8 8 10 2
left_child=2 -2 5 4 -4 -1 7 -7 12 -10 -11 -12 14 -14 15 -8 -5
right_child=1 -3 3 16 -6 6 8 -9 9 10 11 -13 13 -15 -16 -17 -18
leaf_value=0.055372517069559861 -0.0060377798210655238 -0.075957445483416874 -0.004208026771201156 0.060450886667953896 -0.076413271932048693 0.0095996504094922278 -0.0010816968362068471 -0.069646584645743512 -0.032455860161200951 0.11508432920418087 0.081001177612921957 -0.021099862278473047 0.073020148591046677 -0.01330870183643685 0.020713816888606372 -0.063719815485468567 -0.013308435474160355
leaf_weight=118.58000649139285 138.73925103992224 96.874141775071621 141.72035013884306 70.29678375646472 130.98401105776429 121.72406639158726 137.0449885725975 97.467604834586382 108.80844914913177 106.7888848669827 94.451540227979422 104.96083993464708 123.74529774487019 130.86569259688258 100.27454406023026 156.9542303532362 66.387281529605389
leaf_count=343 387 347 576 290 466 379 339 355 269 300 322 374 328 347 383 532 334
internal_value=-0.000505313 -0.0349853 0.00399727 -0.0177217 -0.0390418 0.0103489 0.00614802 -0.0257949 0.0127472 0.0344627 0.0582704 0.0274231 -0.00117312 0.0287701 -0.0205335 -0.0346243 0.0247896
internal_weight=2046.67 235.613 1811.05 409.388 272.704 1401.67 1283.09 219.192 1063.89 415.01 306.201 199.412 648.885 254.611 394.274 293.999 136.684
internal_count=6671 734 5937 1666 1042 4271 3928 734 3194 1265 996 696 1929 675 1254 871 624
is_linear=0
shrinkage=0.05


Tree=89
num_leaves=16
num_cat=0
split_feature=25 41 56 45 56 33 57 55 30 16 69 54 41 15 43
split_gain=113.655 89.7734 154.551 219.626 136.318 126.829 183.234 243.763 200.471 135.177 111.444 175.073 168.518 102.309 95.4367
threshold=-0.11499999999999992 32.500000000000007 4.1114966407355036 21.806250000000002 4.7060160036770862 4.2678571428571432 232.94117647058826 16.945625000000003 0.12053739198296166 30.839743589743595 0.094579090526024354 21.881944444444446 37.500000000000007 0.98662689940651493 63.806250000000006
decision_type=8 8 2 10 2 8 2 2 10 10 2 8 10 8 8
left_child=-1 2 3 -2 10 -4 9 -8 -9 -7 12 -12 -3 -5 -14
right_child=1 4 5 13 -6 6 7 8 -10 -11 11 -13 14 -15 -16
leaf_value=-0.052339309392573009 0.087748230143224193 -0.054158447306608321 0.033885839124594912 0.041522998168783784 0.035772853912333119 -0.079649586989800722 -0.045429420860112639 -4.4492830163849847e-05 0.10157585410112356 -0.0095577511935780683 -0.0027688281817102546 -0.086812620801074325 0.039772518702119897 -0.029255707216929962 -0.014202977173239479
leaf_weight=99.650325670838356 138.29629782214761 122.19010250642896 194.451176173985 101.02491695806384 133.73263072967529 127.42346493154764 108.90583497658372 103.26744216307998 90.563371077179909 148.80476533249021 120.39284105598927 126.83057301491499 173.27656350657344 101.22969672456384 153.750846542418
leaf_count=314 492 443 501 327 401 265 343 386 265 489 440 495 552 426 595
internal_value=-0.000531078 0.00214999 0.0114209 0.0394336 -0.010289 -0.000948606 -0.0126864 0.014167 0.0477131 -0.0420616 -0.0191725 -0.046061 -0.00430523 0.00612817 0.0144302
internal_weight=2043.79 1944.14 1113.97 340.551 830.174 773.416 578.965 302.737 193.831 276.228 696.441 247.223 449.218 202.255 327.027
internal_count=6734 6420 3494 1245 2926 2249 1748 994 651 754 2525 935 1590 753 1147
is_linear=0
shrinkage=0.05


Tree=90
num_leaves=17
num_cat=0
split_feature=57 41 36 6 12 69 33 41 20 12 63 53 14 53 61 56
split_gain=99.345 136.424 160.562 190.692 205.847 251.091 153.608 198.249 154.707 144.148 139.72 117.285 107.35 98.6638 65.8225 56.6845
threshold=203.28125000000003 188.50000000000003 0.6919636406172569 5.26149375873681 0.099872603317496061 0.059035359573554026 4.5419580419580425 7.5000000000000009 6.5916666666666677 0.056846128118057955 1.0000000180025095e-35 1.8619047619047622 0.96881944444444457 2.1602564102564106 42.750000000000007 4.2494952643567929
decision_type=2 10 10 10 10 2 10 8 8 10 2 10 10 10 2 2
left_child=12 2 6 10 -5 -6 7 -2 15 14 11 -4 -1 -11 -9 -8
right_child=1 -3 3 4 5 -7 8 9 -10 13 -12 -13 -14 -15 -16 -17
leaf_value=0.0020537919246937401 0.052436789846412625 0.062858615044907681 -0.08874146737928236 -0.0081448027771505605 0.096387915560483303 0.00069568354459269776 -0.033513169725100315 0.047260772366087493 -0.072964579670676155 -0.076662160835277271 0.037829205463248361 -0.0022781551926417416 -0.062197933735780503 -0.0109553667531331 -0.0061980490629462218 0.01858810296871994
leaf_weight=142.47832901030779 159.91948549449444 97.73265340924263 72.819927304983139 149.06536903232336 198.66628697142005 104.41547475010157 103.5345132574439 95.846608195453882 159.59508783742785 101.11780644208193 80.638947080820799 83.797046329826117 118.46516718715429 130.5896367803216 141.52750414609909 103.36634555086493
leaf_count=364 487 425 271 588 583 346 323 276 455 346 276 373 327 457 516 286
internal_value=0.00151213 0.00573407 0.00238524 0.0209164 0.0399352 0.0635314 -0.0104561 0.00454217 -0.0361393 -0.0118629 -0.0153437 -0.0427877 -0.0272418 -0.0398362 0.0154952 -0.0075195
internal_weight=2043.58 1782.63 1684.9 689.403 452.147 303.082 995.497 629.001 366.496 469.082 237.256 156.617 260.943 231.707 237.374 206.901
internal_count=6699 6008 5583 2437 1517 929 3146 2082 1064 1595 920 644 691 803 792 609
is_linear=0
shrinkage=0.05


Tree=91
num_leaves=17
num_cat=0
split_feature=24 14 24 24 14 24 61 5 36 36 25 27 75 1 52 64
split_gain=145.267 167.599 149.92 128.106 113.395 101.631 98.687 143.894 112.057 101.468 177.555 123.16 244.366 117.977 100.362 90.9394
threshold=-1.6509444444444445 0.99379807692307709 -0.15008928571428615 -3.0561666666666674 0.98080128205128214 1.0419841269841286 50.250000000000007 22.53166666666667 0.95149104938631501 0.5681639055055191 0.063541666666666677 8.6296428571428603 14.975000000000003 9.5000000000000018 233.11805555555557 87.500000000000014
decision_type=8 10 8 10 10 8 2 10 10 10 8 10 10 8 10 8
left_child=1 3 4 -1 -2 -4 7 8 9 11 -11 13 -13 14 -7 -12
right_child=2 -3 5 -5 -6 6 -8 -9 -10 10 15 12 -14 -15 -16 -17
leaf_value=-0.025679891773472498 0.086835550375556833 0.025916110164487995 -0.040597320225849463 -0.09928753370095833 0.0067557182343230496 0.033022294489359609 0.041641322960792426 -0.054832972604598511 -0.04220079984888047 -0.020713816211650776 0.028020899390624333 -0.071838070754580971 0.013393253387336388 0.061638019753815658 -0.032378575106466696 0.093780839653286929
leaf_weight=163.60618363693357 88.260962184518576 91.879638191312551 148.58201365917921 92.471740256994963 87.943442821502686 112.25178289413452 145.16573552787304 114.93804536014795 118.02919909730554 104.80956103652716 114.89875509217381 145.41963807865977 196.97562748193741 110.72557753697038 120.69289222732186 97.900100156664848
leaf_count=544 274 366 506 310 346 283 514 360 396 370 405 542 427 355 473 256
internal_value=-0.00241548 -0.0318107 0.00359302 -0.052543 0.0471315 -0.00144737 0.00278864 -0.00180213 0.00367581 0.0091074 0.0324248 -0.00171866 -0.0229094 0.0193986 -0.00085665 0.0585715
internal_weight=2054.55 347.958 1706.59 256.078 176.204 1530.39 1381.81 1236.64 1121.7 1003.67 317.608 686.066 342.395 343.67 232.945 212.799
internal_count=6727 1220 5507 854 620 4887 4381 3867 3507 3111 1031 2080 969 1111 756 661
is_linear=0
shrinkage=0.05


Tree=92
num_leaves=16
num_cat=0
split_feature=36 79 69 45 5 3 69 36 54 32 32 62 20 9 52
split_gain=88.254 120.781 98.8045 148.712 131.704 196.214 140.27 151.948 96.5275 93.2845 203.24 120.255 85.3931 101.189 67.7961
threshold=0.99913865910700073 2.8675852533801307 0.020252407616538053 15.707142857142857 20.130000000000003 18.019659090909098 0.12799797658941151 0.49570911061714046 21.781746031746035 32.437500000000007 20.54545454545455 22.625000000000004 7.2071428571428582 16.898666666666671 250.54195804195805
decision_type=8 8 2 10 10 10 2 10 10 8 10 2 10 8 10
left_child=2 -2 3 -1 5 6 7 -4 -8 10 -5 -12 13 -11 -10
right_child=1 -3 4 9 -6 -7 8 -9 14 12 11 -13 -14 -15 -16
leaf_value=0.050172187936020567 -0.074380313720769392 0.014416708471426823 0.013113021410220374 0.025988393381483194 0.057756383179736172 -0.056897026463528656 0.02416864599878946 0.082147151373992144 -0.05510869515593262 -0.0081622311878855169 -0.091259512499076934 -0.022103165023638325 -0.028153129055920934 0.051137571836898411 0.0042717482664680782
leaf_weight=109.35264693573117 78.660367771983147 73.220266781747341 182.72904011979699 110.64381939172745 176.41368604078889 95.178397592157125 185.06743630021811 141.01994660124183 98.198661036789417 153.28514073416591 119.51214332506061 133.18953747302294 137.64069905877113 134.16926825046539 92.997921720147133
leaf_count=284 197 469 576 332 580 331 593 475 256 518 320 394 458 481 372
internal_value=0.00477228 -0.0317578 0.00775559 -0.00420126 0.0187971 0.0100922 0.0192687 0.0433436 -0.00150604 -0.0117966 -0.0303625 -0.0550406 0.00410647 0.0195973 -0.0263541
internal_weight=2021.28 151.881 1869.4 897.793 971.605 795.191 700.013 323.749 376.264 788.441 363.346 252.702 425.095 287.454 191.197
internal_count=6636 666 5970 2787 3183 2603 2272 1051 1221 2503 1046 714 1457 999 628
is_linear=0
shrinkage=0.05


Tree=93
num_leaves=18
num_cat=0
split_feature=43 63 52 21 45 16 45 55 53 41 36 36 41 79 76 48 27
split_gain=93.8481 150.008 109.846 129.854 160.456 272.094 239.671 207.6 145.726 151.043 125.576 121.542 107.499 98.7653 97.2186 97.0077 87.729
threshold=65.677083333333357 1.0000000180025095e-35 275.69047619047626 3.7161172161172167 25.516666666666669 22.928571428571434 22.677083333333339 17.364375000000006 2.4083333333333337 6.5000000000000009 0.39766236830717189 0.65248218560410887 5.5000000000000009 2.6492602467743294 1.1506614613763921 22.424632352941178 16.041375000000006
decision_type=8 2 10 8 10 8 10 2 10 10 8 10 8 8 10 2 10
left_child=2 12 3 8 5 -5 7 -7 9 -1 -4 -12 -2 -10 15 -14 -3
right_child=1 16 10 4 -6 6 -8 -9 13 -11 11 -13 14 -15 -16 -17 -18
leaf_value=0.061670924066841104 -0.076034725753153495 0.057898388676118656 0.030255463967983245 0.081982261323391648 0.067167645267965176 -0.020330507884891384 -0.059533902867807013 0.060804156419883529 -0.063377215362489955 -0.013904961846758932 -0.098360052211442436 -0.012298132920355342 0.045027655238032406 -0.00056230046452595509 -0.067271613015314258 -0.027542726261948071 -0.013292940417276465
leaf_weight=113.25279184430838 115.38884535804391 80.607694786041975 70.485602796077728 110.73371446505189 172.10869211703539 161.6407254152 139.05388625711203 152.22588482871652 136.82734327018261 156.21611113846302 70.544309932738543 96.953160755336285 73.844030797481537 114.65016512200236 72.327901557087898 118.69587529823184 91.4891756772995
leaf_count=317 468 280 304 280 452 457 379 439 255 450 291 450 346 468 177 537 348
internal_value=-0.000865708 -0.0184578 0.00564332 0.0115445 0.0250552 0.0121002 -0.00512811 0.0190881 -0.00754896 0.0179688 -0.0254366 -0.0489132 -0.0359579 -0.0348552 -0.0182782 0.000378736 0.0201939
internal_weight=2047.05 552.354 1494.69 1256.71 735.763 563.654 452.92 313.867 520.946 269.469 237.983 167.497 380.257 251.478 264.868 192.54 172.097
internal_count=6698 2156 4542 3497 2007 1555 1275 896 1490 767 1045 741 1528 723 1060 883 628
is_linear=0
shrinkage=0.05


Tree=94
num_leaves=6
num_cat=0
split_feature=62 36 4 25 61
split_gain=121.66 162.97 114.175 78.4845 10.6022
threshold=26.875000000000004 0.69837075092297585 21.781816287078257 -0.11499999999999992 38.250000000000007
decision_type=2 8 10 8 2
left_child=2 -2 3 -1 -5
right_child=1 -3 -4 4 -6
leaf_value=-0.054078127218581976 -0.0048868239629534403 0.065771213359646516 -0.045392926683766377 -0.036798149365142113 -0.0048868239629534403
leaf_weight=93.007763113826513 110.47841231152415 150.57790246605873 172.98268006742001 114.45538395270705 1383.373364828527
leaf_count=278 391 556 557 272 4656
internal_value=-0.000166527 0.031623 -0.00488682 -0.00488682 -0.00488682
internal_weight=2024.88 261.056 1763.82 1590.84 1497.83
internal_count=6710 947 5763 5206 4928
is_linear=0
shrinkage=0.05


Tree=95
num_leaves=21
num_cat=0
split_feature=76 51 51 48 55 25 12 12 55 44 12 54 48 16 23 54 31 24 76 69
split_gain=125.679 68.4355 194.624 113.508 114.658 97.2642 96.6294 143.006 101.615 181.153 141.01 140.853 121.047 136.277 118.463 116.671 128.626 99.476 68.8595 61.6859
threshold=0.91703225708089253 4.7444600831396686 4.5923391688702742 21.485294117647062 17.704779411764708 -0.0011250000000000424 0.24838381055364503 0.19180566670653962 15.78246323529412 0.52634247891534114 0.14005112695097663 19.894444444444449 23.843750000000004 31.033333333333335 6.7306020066889642 26.809090909090912 0.97029411764705897 5.5885000000000007 1.4679791145699108 0.0092205587128356015
decision_type=8 8 10 2 2 10 10 10 2 8 8 10 2 8 10 10 10 8 8 2
left_child=-1 2 6 4 -3 18 7 8 12 -10 11 19 13 -2 -12 16 17 -13 -5 -11
right_child=1 3 -4 5 -6 -7 -8 -9 9 10 14 15 -14 -15 -16 -17 -18 -19 -20 -21
leaf_value=0.044930600981764268 0.040192645716545496 -0.086769390748812819 0.057292606332159615 -0.010933537864637466 -0.013204476416332607 -0.042750269180063229 0.043497552518771847 -0.069146012951771071 -0.068372632285395529 -0.084788511768465594 -0.0055360207669580596 -0.044402432070105469 0.067703798327794593 -0.046408188737992191 0.07458767671745474 -0.05207179032196825 0.070781233184424849 0.031533985641736921 0.047696966118138701 -0.025502635334831505
leaf_weight=124.4560182094574 90.375683289021254 106.07887311279774 128.8595086298883 102.10809002816677 105.65034406259656 98.854117311537266 87.282908357679844 95.265641450881958 129.43657221645117 82.753589995205402 94.908420007675886 84.478905599564314 90.6991947889328 89.34492090716958 88.52747718244791 75.869389273226261 78.733494788408279 86.073162522166967 96.715316366404295 94.789617471396923
leaf_count=281 279 303 405 228 301 291 249 326 410 303 308 362 331 330 296 337 340 284 384 342
internal_value=-0.00354811 -0.00673417 -0.0010102 -0.0224034 -0.050296 -0.0024622 -0.00697312 -0.010736 -0.00555327 -0.0143584 -0.00408411 -0.0177746 0.0209575 -0.002878 0.033327 0.00181264 0.0183547 -0.00611889 0.0176826 -0.0534561
internal_weight=2031.26 1906.81 1397.4 509.407 211.729 297.678 1268.54 1181.26 1085.99 815.571 686.134 502.698 270.42 179.721 183.436 325.155 249.286 170.552 198.823 177.543
internal_count=6690 6409 4902 1507 604 903 4497 4248 3922 2982 2572 1968 940 609 604 1323 986 646 612 645
is_linear=0
shrinkage=0.05


Tree=96
num_leaves=17
num_cat=0
split_feature=6 36 48 59 9 79 45 23 33 55 5 33 15 9 41 27
split_gain=87.7423 130.663 107.548 112.018 139.339 153.66 149.514 146.91 144.491 93.7552 182.509 89.2302 112.191 126.741 105.632 61.8098
threshold=9.1072221469820089 0.70868928535929665 17.218750000000004 0.75000000000000011 15.031166666666667 2.3565519800895314 25.483333333333338 6.3755341880341891 5.1937500000000005 18.597058823529412 16.956666666666671 2.8750000000000004 0.9783976815203963 17.946333333333339 21.000000000000004 15.310500000000001
decision_type=10 8 2 2 8 8 10 10 10 2 8 8 10 10 8 8
left_child=2 -2 -1 9 5 -5 7 -6 -9 11 -11 -4 14 -14 -13 -7
right_child=1 -3 3 4 6 15 -8 8 -10 10 -12 12 13 -15 -16 -17
leaf_value=0.041354197707144297 -0.065357453010368202 0.01295402578112376 0.015403554696148803 -0.069946057612307433 0.039986159302995178 0.04013309796018974 0.065183238204090499 -0.0730950465366524 0.012795698452995592 0.05864143860039224 -0.033082974877633571 -0.046261230437734786 -0.097207563480419881 -0.023559209621905861 0.016392814667389996 -0.021003159997028939
leaf_weight=157.35280501842499 122.67510230094194 93.063501589000225 113.5892816670239 93.211127042770386 191.10909988731146 83.235073331743479 164.90121392533183 79.490373965352774 124.40367826446891 109.648139256984 105.44937831908464 120.17681476101279 111.31875288113952 123.5056315138936 150.39932283014059 80.2982565946877
leaf_count=479 385 321 379 213 565 303 536 295 484 358 348 347 416 439 471 306
internal_value=-0.00160962 -0.0316722 0.00199293 -0.00178186 0.0113744 -0.0190755 0.0253463 0.00859308 -0.0208831 -0.0146613 0.0137295 -0.0245332 -0.0335217 -0.0587364 -0.011503 0.0101687
internal_weight=2023.83 215.739 1808.09 1650.74 816.649 256.744 559.904 395.003 203.894 834.087 215.098 618.99 505.401 234.824 270.576 163.533
internal_count=6645 706 5939 5460 2702 822 1880 1344 779 2758 706 2052 1673 855 818 609
is_linear=0
shrinkage=0.05


Tree=97
num_leaves=14
num_cat=0
split_feature=59 14 16 36 21 47 31 55 31 44 47 3 43
split_gain=115.065 150.632 130.84 163.309 137.508 129.23 149.467 125.816 124.519 186.704 169.039 95.7283 138.584
threshold=0.75000000000000011 0.9526136363636365 22.527777777777782 0.91850630563643143 2.6530100334448163 0.57184432392248319 0.96719607843137267 17.720000000000002 0.97452083333333339 0.59678593229093313 0.58231777782447014 12.611666666666666 64.310096153846175
decision_type=2 10 8 10 8 2 8 2 8 10 2 10 8
left_child=2 11 -1 4 -4 6 -6 -7 10 -10 -3 12 -2
right_child=1 8 3 -5 5 7 -8 -9 9 -11 -12 -13 -14
leaf_value=0.029090739573294219 0.035669687195006232 0.018133411328817389 0.012763174136778774 0.029094438619625868 -0.031049051250292333 -0.047203066192678826 -0.11130866542722584 0.017864455938695501 0.042408470620769675 -0.045351264216847084 0.098884131864548572 -0.043510373958876719 -0.025178539335880275
leaf_weight=186.12841965258121 202.25830266624689 131.50969430804253 162.56233911216259 155.57721427828074 129.97470615059137 162.78717857599258 105.40430145710707 135.21476884186268 157.87238459289074 97.007645461708307 127.84372714906931 119.71884480118752 172.46021120995283
leaf_count=543 561 372 595 551 334 573 353 451 549 455 387 384 572
internal_value=0.00290378 0.0149221 -0.008782 -0.0170848 -0.027435 -0.0396874 -0.0673087 -0.0177185 0.0338414 0.00896031 0.058165 -0.00478332 0.00767246
internal_weight=2046.32 1008.67 1037.65 851.521 695.943 533.381 235.379 298.002 514.233 254.88 259.353 494.437 374.719
internal_count=6680 3280 3400 2857 2306 1711 687 1024 1763 1004 759 1517 1133
is_linear=0
shrinkage=0.05


Tree=98
num_leaves=19
num_cat=0
split_feature=20 37 62 61 33 12 57 79 50 37 16 42 50 31 51 27 39 12
split_gain=198.556 137.422 128.524 147.863 117.768 114.85 104.615 111.555 194.643 188.582 172.041 181.566 114.143 110.562 96.4505 95.7208 47.3584 20.832
threshold=10.759615384615387 2.5000000000000004 17.125000000000004 40.750000000000007 9.7196078431372559 0.10613774510513642 200.34375000000003 2.3959058086409009 14.090625000000003 1.5000000000000002 36.577380952380956 10.500000000000002 19.352261904761907 0.94031250000000022 4.1623438197233389 3.3680000000000008 26.852840520191652 0.090915972592801875
decision_type=10 8 2 2 10 10 2 8 8 10 10 2 10 8 10 10 2 10
left_child=1 2 -1 5 6 -4 -5 12 -9 10 11 13 16 -10 -15 -11 -8 -12
right_child=-2 -3 3 4 -6 -7 7 8 9 15 17 -13 -14 14 -16 -17 -18 -19
leaf_value=-0.038678882847534575 -0.062165725330238154 0.064288430572535901 0.081293198527004104 0.047033321786620022 0.056934970889464767 0.009371540316032094 -0.038678882847534575 -0.038678882847534575 0.11318749708094913 0.01859903299821181 -0.0026375775372978957 -0.00015506407116738975 0.010206834915129611 0.012581155902437052 0.084903322132677483 -0.038678882847534575 -0.013502413770175567 -0.038678882847534575
leaf_weight=160.78641624003649 108.684923812747 98.266100749373436 112.07654205337167 101.89497913047671 91.114449590444565 109.60587969049811 137.56241635978222 99.068707827478647 91.798025272786617 74.587730698287487 50.199590642005205 147.51303824037313 163.46758276224136 100.88500500842929 84.538793906569481 80.360349707305431 190.95661017298698 51.596332125365734
leaf_count=451 346 311 319 258 280 310 291 373 316 322 341 566 448 494 343 323 411 268
internal_value=0.00329105 0.00697636 0.00389574 0.00797345 0.00220388 0.0459349 -0.00146315 -0.00538026 0.00637297 0.0164527 0.0307125 0.0446872 -0.0240021 0.0684631 0.045833 -0.0318902 -0.0386789 -0.0274632
internal_weight=2054.96 1946.28 1848.01 1687.23 1465.54 221.682 1374.43 1272.53 780.548 681.479 526.531 424.735 491.987 277.222 185.424 154.948 328.519 101.796
internal_count=6771 6425 6114 5663 5034 629 4754 4496 3346 2973 2328 1719 1150 1153 837 645 702 609
is_linear=0
shrinkage=0.05


Tree=99
num_leaves=19
num_cat=0
split_feature=6 12 76 24 61 64 50 3 23 21 46 54 21 21 76 44 64 51
split_gain=99.249 126.105 240.336 100.829 95.4741 181.789 117.086 102.943 109.446 109.242 116.262 103.505 98.2916 92.786 130.369 112.712 91.6635 87.1431
threshold=9.1970604786094317 0.26311150083645846 0.92109684352934118 4.2141111111111123 47.250000000000007 63.500000000000007 17.155500000000004 18.942000000000004 7.8556802215059109 5.070197044334976 59.788602941176478 29.408333333333335 3.7347222222222229 2.6172161172161177 1.9029943514277354 0.55884438881935761 45.500000000000007 4.4393501488877218
decision_type=10 10 8 8 2 8 10 10 10 10 2 8 10 10 8 10 10 10
left_child=1 2 -1 -2 7 -6 -7 8 9 10 -4 12 13 14 -12 -16 -17 -8
right_child=3 -3 4 -5 5 6 17 -9 -10 -11 11 -13 -14 -15 15 16 -18 -19
leaf_value=0.073952220166688468 -0.068603106009232362 0.054068760149257794 0.033695579844389513 0.0038207495798163976 -0.038377436524149329 0.066986993348685603 0.042983706867815163 -0.058410206961665989 0.042628809600441069 -0.04872195519769125 0.044044929762624883 -0.059901417938055528 0.033349247067460404 -0.061382610500281425 -0.071682565527139988 0.042296343738167978 -0.037609059607196196 -0.025031033111740122
leaf_weight=101.09846250712872 101.94081486389041 111.96714617311954 154.82132416963577 89.949620980769396 119.08690679818392 144.83138432726264 88.366562493145466 110.25674525648355 96.601615305989981 173.71886197477579 95.662291914224625 103.83333485946059 123.71748043224216 91.612894304096699 81.967229504138231 69.617815624922514 71.986498076468706 98.609394658356905
leaf_count=215 376 272 358 293 530 434 368 465 335 553 222 352 419 327 275 275 342 292
internal_value=-0.000690026 0.00288965 -0.000460177 -0.0348102 -0.00513323 0.014402 0.0334031 -0.0126432 -0.00784815 -0.0129299 -0.00503975 -0.0144717 -0.00555206 -0.0173189 -0.00452138 -0.0254056 0.00169646 0.00717102
internal_weight=2029.65 1837.76 1725.79 191.89 1624.69 450.894 331.807 1173.8 1063.54 966.938 793.219 638.398 534.564 410.847 319.234 223.572 141.604 186.976
internal_count=6703 6034 5762 669 5547 1624 1094 3923 3458 3123 2570 2212 1860 1441 1114 892 617 660
is_linear=0
shrinkage=0.05


Tree=100
num_leaves=16
num_cat=0
split_feature=4 76 21 5 9 41 33 45 53 45 33 21 24 53 31
split_gain=91.306 114.51 85.2308 81.5647 163.19 93.6049 203.59 98.9375 120.311 107.1 94.8406 93.322 103.346 86.7652 106.193
threshold=23.971020755841128 0.97039374136198442 6.1380803880803887 20.130000000000003 18.793333333333337 2.5000000000000004 5.7029411764705893 28.160256410256412 2.6201923076923079 21.240384615384617 2.8750000000000004 1.4082491582491585 -2.2013506493506489 2.0312500000000004 0.85071428571428587
decision_type=10 8 10 10 10 8 8 10 10 8 10 10 10 8 10
left_child=1 -1 3 5 -5 6 -3 8 9 10 -7 -10 -13 -11 -15
right_child=-2 2 -4 4 -6 7 -8 -9 11 13 -12 12 -14 14 -16
leaf_value=0.047917004396313995 -0.037832923611006111 0.071388951784772753 -0.032408599580772017 0.07986617891850667 -0.012391771588196923 -0.0087896161842218046 -0.010703296348606705 -0.051439093236433864 -0.009887299400591942 0.034080490324560835 -0.066081760365073169 0.080354788005411709 0.0078518556341319861 0.02232882089823944 -0.049236613050156343
leaf_weight=131.07280865311623 146.47679147869349 128.13871943578124 184.55382378026843 95.364873319864273 94.905133929103613 143.65025918185711 181.38901447504759 114.68292457982898 136.63945416733623 138.12251358479261 145.01993586868048 96.671113047748804 99.419905852526426 93.837438087910414 113.59117610752583
leaf_count=270 471 422 561 359 339 479 578 393 453 517 510 315 345 336 351
internal_value=6.44753e-05 0.00300902 -0.000349314 0.00341013 0.0340245 -0.000798437 0.0234018 -0.00773896 -0.00250823 -0.0152762 -0.0377004 0.0218018 0.0438215 0.00351143 -0.0169097
internal_weight=2043.54 1897.06 1765.99 1581.43 190.27 1391.16 309.528 1081.63 966.952 634.221 288.67 332.73 196.091 345.551 207.429
internal_count=6699 6228 5958 5397 698 4699 1000 3699 3306 2193 989 1113 660 1204 687
is_linear=0
shrinkage=0.05


Tree=101
num_leaves=18
num_cat=0
split_feature=32 16 52 55 48 51 61 5 24 55 41 79 56 30 55 38 5
split_gain=86.5272 83.8244 183.359 169.025 140.2 124.487 101.334 114.491 151.528 134.598 142.166 102.165 96.4255 139.419 111.122 68.6847 127.129
threshold=38.790441176470594 34.966666666666676 207.3818181818182 17.011875000000007 22.909926470588239 4.3657362537959559 38.250000000000007 19.276666666666671 2.7416666666666676 15.227058823529413 29.000000000000004 3.9061951029790136 4.4153317954467068 0.11468161930791945 17.672757352941179 1.5000000000000002 10.605000000000002
decision_type=10 10 10 2 2 10 2 10 8 2 8 8 2 8 2 10 10
left_child=1 6 -3 4 -4 -5 -1 9 -9 10 -8 12 13 -11 -14 16 -13
right_child=-2 2 3 5 -6 -7 7 8 -10 11 -12 15 14 -15 -16 -17 -18
leaf_value=-0.0319568405714842 -0.041419138194119159 0.05409215267891479 -0.12246442665957445 0.038283492137117472 -0.024083284259584767 -0.047979798042021134 0.088763827750625343 0.078084356469061603 0.0036102534807307719 0.0088146061320178003 0.0042960743852730483 0.13542485644707661 -0.020279973503779289 -0.044508751215272091 0.038725829434463087 -0.010109064187537896 0.016491376348466778
leaf_weight=123.19564732164145 99.406726911664009 77.391758568584919 68.185712173581123 99.841729771345854 77.280074495822191 70.462066739797592 96.53447650372982 148.7748786509037 125.74231956899166 224.69723996520042 102.03306954354048 36.772163387387991 133.85551445186138 267.99653889238834 194.78119279444218 45.652147211134434 56.26126154512167
leaf_count=278 504 226 291 446 348 277 256 433 348 498 354 278 298 571 449 385 497
internal_value=0.00384952 0.00617791 -0.0144251 -0.0313357 -0.0707198 0.00252089 0.0113887 0.0151346 0.0441085 0.00823729 0.0455995 0.000469974 -0.00624608 -0.0202216 0.0147038 0.0400041 0.064441
internal_weight=2048.86 1949.46 393.161 315.77 145.466 170.304 1556.3 1433.1 274.517 1158.58 198.568 960.016 821.33 492.694 328.637 138.686 93.0334
internal_count=6737 6233 1588 1362 639 723 4645 4367 781 3586 610 2976 1816 1069 747 1160 775
is_linear=0
shrinkage=0.05


Tree=102
num_leaves=17
num_cat=0
split_feature=76 76 20 3 76 27 76 23 36 13 44 61 27 1 21 36
split_gain=138.565 117.18 128.005 175.665 183.403 129.141 118.32 144.207 133.536 192.147 129.941 122.91 115.518 113.772 95.7295 120.417
threshold=0.97039374136198442 1.0217512132975457 8.851648351648354 18.241000000000003 1.165087176904424 19.680000000000003 1.2209857393425774 6.8417677881963606 0.30976200260385095 0.040937813758596127 0.52783734759947654 41.750000000000007 13.775844155844156 3.5000000000000004 4.0651528013582352 0.53364702093492211
decision_type=8 8 10 10 8 8 8 10 8 10 10 2 10 8 10 10
left_child=-1 -2 3 4 -3 -5 -6 8 13 -10 -9 -11 -13 -8 15 -12
right_child=1 2 -4 5 6 -7 7 10 9 11 14 12 -14 -15 -16 -17
leaf_value=0.036325937563987415 -0.055438112522760236 0.042991285868918198 0.04935688776014803 -0.083167363540132155 -0.061244440190345972 -0.0048737146000435022 -0.023033985072656495 0.077188139144840504 -0.09029280510715508 -0.052196196380675575 -0.057053415978868184 -0.030147938597782531 0.049174079039143614 0.035350551139541157 0.04741111258888854 0.024558859609714018
leaf_weight=201.42289566993713 117.1105589568615 201.90146087110043 104.71645555272698 121.57389786094427 96.356713712215424 92.580190632492304 158.31613690033555 82.397360384464264 112.83969989418983 124.87279023602605 87.523417457938194 85.583127737045288 96.784381471574306 174.27586890384555 90.349083568900824 91.497650239616632
leaf_count=462 262 432 461 537 220 342 490 292 448 350 345 304 347 540 405 466
internal_value=-0.00294041 -0.00725936 -0.00395169 -0.00743263 -0.000979314 -0.0495005 -0.00840214 -0.00374068 -0.0160871 -0.0347935 0.0226476 -0.0141835 0.0119877 0.00757336 0.00574041 -0.0154367
internal_weight=2040.1 1838.68 1721.57 1616.85 1402.7 214.154 1200.8 1104.44 752.672 420.08 351.768 307.24 182.368 332.592 269.37 179.021
internal_count=6703 6241 5979 5518 4639 879 4207 3987 2479 1449 1508 1001 651 1030 1216 811
is_linear=0
shrinkage=0.05


Tree=103
num_leaves=17
num_cat=0
split_feature=55 28 13 48 69 79 52 65 45 33 30 46 21 16 51 69
split_gain=95.6598 107.491 144.672 220.926 103.661 158.15 138.173 126.454 129.632 200.343 166.34 149.239 136.19 131.403 75.7439 84.0954
threshold=20.604375000000005 21.008178308823531 0.18872465396454263 21.454044117647062 0.13057399615256568 1.6629834090281139 214.03571428571431 3.5000000000000004 26.414285714285715 4.322916666666667 0.06209380117426095 64.514705882352956 5.0066666666666677 21.527777777777782 3.8625466380884341 0.2201891936691425
decision_type=2 10 10 2 2 8 8 8 8 10 10 2 8 10 10 2
left_child=1 2 4 -4 5 -1 -6 -7 10 -10 13 12 -12 -9 -8 -16
right_child=-2 -3 3 -5 6 7 14 8 9 -11 11 -13 -14 -15 15 -17
leaf_value=0.071494021569363311 -0.037175584976631142 0.053361962973877436 0.014465801883112453 -0.080922602987780937 -0.065912942334812957 0.059284713617038624 0.038060779237828024 0.023961913856629581 0.030696268903988966 -0.059286723530835445 0.040701904926103843 0.086555679676194375 -0.031606563676365843 -0.047379139346892911 0.013737622975437985 -0.04919554522308766
leaf_weight=103.38790845870972 167.51983569562435 96.16391709074378 113.31069624051452 129.09423572942615 104.18681089580059 102.42006792128086 92.53492534533143 110.42722745612264 94.111616335809231 176.71426266431808 185.85819387435913 99.21829791739583 99.060099378228188 152.74863772466779 111.97772874310613 99.355467908084393
leaf_count=318 530 281 302 380 283 351 380 340 322 594 583 385 314 542 399 397
internal_value=-0.00109429 0.00215513 -0.00064852 -0.0364576 0.00503756 0.0128724 -0.0165214 0.00686953 0.00096438 -0.0280199 0.0131155 0.0340591 0.0155392 -0.0174674 0.00057407 -0.0159419
internal_weight=2038.09 1870.57 1774.41 242.405 1532 1123.95 408.055 1020.56 918.138 270.826 647.312 384.137 284.918 263.176 303.868 211.333
internal_count=6701 6171 5890 682 5208 3749 1459 3431 3080 916 2164 1282 897 882 1176 796
is_linear=0
shrinkage=0.05


Tree=104
num_leaves=16
num_cat=0
split_feature=61 2 23 30 31 65 24 76 21 43 25 79 6 36 36
split_gain=131.071 218.152 136.188 361.177 256.492 118.804 286.534 128.458 160.844 145.944 148.381 106.889 80.8848 96.2839 82.1022
threshold=47.250000000000007 1.5000000000000002 7.8827087286527524 0.13128120970818322 0.96204861111111117 5.5000000000000009 -3.8755089285714281 0.89826642159979364 2.4494949494949503 60.67948717948719 0.072403846153846166 2.004643255124845 4.737892639306132 0.66701078208212972 0.29990192424296819
decision_type=2 2 10 10 10 8 10 10 8 10 8 8 8 8 10
left_child=5 2 3 4 -2 6 -1 11 -9 -10 -11 -7 -13 14 -14
right_child=1 -3 -4 -5 -6 7 -8 8 9 10 -12 12 13 -15 -16
leaf_value=-0.02109870556472988 0.081256543299955936 -0.028635115555486867 -0.0025403240622776401 0.13270696997282083 -0.031489188974842909 0.067620116129061811 0.076151514915530169 0.017464770439615401 -0.07021640701993484 -0.045561890775416836 0.019748181078767649 0.037412358295036315 -0.009094412498155853 0.037429579412889512 -0.07801908435553899
leaf_weight=170.62289137765765 90.096430167555809 155.5835704356432 131.23227014020085 105.65546025335789 112.1809848099947 65.267669200897217 134.73610343784094 168.00972309708595 217.7921899408102 206.67929010093212 148.85535636544228 93.804209847003222 115.94929924607277 60.336358670145273 68.164092324674129
leaf_count=547 314 537 486 308 417 152 487 393 436 490 311 434 414 535 430
internal_value=0.00236461 0.0221107 0.0401127 0.0582396 0.0188816 -0.00574312 0.0219203 -0.0131343 -0.025479 -0.0380719 -0.0182392 0.00955194 -0.00181888 -0.0169644 -0.0348959
internal_weight=2044.97 594.749 439.165 307.933 202.277 1450.22 305.359 1144.86 741.337 573.327 355.535 403.522 338.254 244.45 184.113
internal_count=6691 2062 1525 1039 731 4629 1034 3595 1630 1237 801 1965 1813 1379 844
is_linear=0
shrinkage=0.05


Tree=105
num_leaves=17
num_cat=0
split_feature=51 0 55 23 25 21 32 23 51 24 3 79 16 24 14 2
split_gain=108.545 123.303 139.153 134.664 111.155 166.808 98.7482 263.432 194.561 156.36 115.313 121.997 108.144 149.893 91.039 66.1496
threshold=4.7530278710053997 12.500000000000002 14.761764705882355 7.2871053919569304 -0.0069615384615384626 3.145502645502646 25.535714285714288 9.064318416777434 4.562670765027323 -1.3719999999999979 19.868285714285722 2.3980601357163969 20.611111111111118 2.6807575757575752 0.99912878787878801 6.5000000000000009
decision_type=10 2 2 8 10 10 10 8 8 8 10 8 10 8 10 2
left_child=1 2 3 -1 5 -2 8 9 12 -8 11 -11 15 -14 -13 -4
right_child=4 -3 6 -5 -6 -7 7 -9 -10 10 -12 14 13 -15 -16 -17
leaf_value=0.085948610332388084 -0.042640843825295288 0.04591743633699092 0.05107921054932836 0.00089151347054563417 -0.056765588030738827 0.03988280244327063 -0.04741459497580678 -0.074972939455039606 0.074836226658140617 -0.039581000645483047 0.054142089935702901 -0.0029477013592261732 0.018383011137796029 -0.068498557164892601 0.063871988217704748 -0.0048901552664172513
leaf_weight=85.685464009642601 126.78632218018174 161.26810976862907 97.771375633776188 100.51036842167377 159.08203110843897 116.5835796482861 147.0011275075376 155.63990762829781 96.47074906155467 137.51435828208923 117.63552279770374 148.10090106353164 88.549442660063505 111.00379039719701 76.662791676819324 113.0652186088264
leaf_count=300 365 550 323 384 480 293 543 470 273 301 398 577 308 371 372 358
internal_value=-0.00117546 0.00454745 -1.87177e-06 0.040284 -0.0244056 -0.0031074 -0.00584599 -0.0169734 0.0113334 -0.00247773 0.0113567 -0.00264691 -0.00373986 -0.0300464 0.0200252 0.0211832
internal_weight=2039.33 1636.88 1475.61 186.196 402.452 243.37 1289.42 782.555 506.861 626.915 479.914 362.278 410.39 199.553 224.764 210.837
internal_count=6666 5528 4978 684 1138 658 4294 2661 1633 2191 1648 1250 1360 679 949 681
is_linear=0
shrinkage=0.05


Tree=106
num_leaves=18
num_cat=0
split_feature=45 66 44 43 46 43 43 45 12 44 40 14 19 59 20 23 45
split_gain=139.684 92.3464 89.2162 134.955 116.852 102.199 166.464 153.93 156.372 181.907 114.715 106.094 177.638 172.458 96.0326 89.2588 103.324
threshold=14.544444444444446 4.5000000000000009 0.52323992883466774 60.480769230769234 62.468750000000007 63.654761904761912 62.966666666666676 18.449494949494952 0.18583424198649681 0.57118898327939605 11.500000000000002 0.99379807692307709 3.2071428571428577 0.75000000000000011 3.2583333333333342 7.3812537673297181 22.577380952380956
decision_type=8 2 8 10 2 10 10 10 8 10 2 8 10 2 10 8 10
left_child=-1 -2 3 -3 -5 6 10 -7 9 -9 11 12 14 -13 -4 16 -11
right_child=1 2 5 4 -6 7 -8 8 -10 15 -12 13 -14 -15 -16 -17 -18
leaf_value=0.057760659162952012 0.040644045503649973 -0.022610655607753636 -0.023233528422246338 0.080198283442132534 0.0061392569126246122 -0.092537635860267253 0.061441049113078197 0.046516019312317455 -0.068546190700119122 -0.043204618160586093 -0.052170506811788503 -0.01571596658970462 -0.069908015032845841 0.060042970358128035 0.038857598908739577 -0.060205911741479358 0.034470576726656176
leaf_weight=102.1552693657577 118.31862942129374 125.67739475145936 130.18049702420831 103.91482614353299 108.55072524771094 75.053150340914726 99.157519832253456 130.60424630343914 111.36919409781694 80.001880027353764 118.23518639057875 146.17790980637074 109.62747351452708 152.81841983646154 117.58707683160901 107.66538530960679 89.813713606446981
leaf_count=298 394 260 356 282 398 243 361 479 413 309 348 444 301 469 369 549 381
internal_value=0.00107621 -0.00196072 -0.0047722 0.0183471 0.0425668 -0.0101054 0.000780045 -0.0260788 -0.0163171 -0.00193076 -0.00705418 0.00113958 -0.0172255 0.0230759 0.00627181 -0.0248188 -0.00216171
internal_weight=2026.91 1924.75 1806.43 338.143 212.466 1468.29 873.784 594.508 519.454 408.085 774.627 656.391 357.395 298.996 247.768 277.481 169.816
internal_count=6654 6356 5962 940 680 5022 2648 2374 2131 1718 2287 1939 1026 913 725 1239 690
is_linear=0
shrinkage=0.05


Tree=107
num_leaves=18
num_cat=0
split_feature=5 6 43 76 4 31 79 6 31 28 60 19 56 79 52 13 64
split_gain=93.4778 174.002 151.465 148.721 159.184 94.3207 87.775 80.3958 237.31 145.859 126.718 123.455 115.749 146.669 96.1545 83.6608 88.3048
threshold=20.056666666666668 7.0534405720469318 64.26969696969698 1.0006128776592638 18.022148434706555 0.96514705882352947 1.9263961863477532 7.9979928727430663 0.98594117647058821 17.916343750000003 3.7500000000000004 1.3798076923076925 4.2649570948886959 2.8535063465508554 247.05555555555557 0.092726675523110549 48.500000000000007
decision_type=10 8 10 8 10 10 8 8 10 10 2 10 2 8 10 10 10
left_child=3 -2 -3 -1 6 -6 -5 8 11 10 15 -8 14 -14 -13 16 -9
right_child=1 2 -4 4 5 -7 7 9 -10 -11 -12 12 13 -15 -16 -17 -18
leaf_value=0.051940207629495742 -0.01526086081423937 0.089977692378965607 0.009436036220919243 0.03103973305950667 -0.017295307618583708 -0.095162668706190778 0.034721415098049276 0.047617877400200917 0.079155266516808639 -0.080036686395362461 -0.062991723248661993 0.031524658856132114 -0.079695923411607167 0.00022582220019838151 -0.035781584433483067 -0.035957279341716469 -0.011969510053971833
leaf_weight=108.42870798707008 175.02035716548562 118.46719609200954 114.65588155016303 165.98340564966202 78.707423619925976 76.938425920903683 130.90975558385253 128.0673008672893 89.371318340301514 89.683144591748714 89.167870473116636 136.66883929073811 130.48945569992065 101.87494819238782 85.363587386906147 95.30173109844327 119.34064329788089
leaf_count=215 582 357 438 449 296 306 461 407 346 309 325 386 249 439 415 283 446
internal_value=0.00101116 0.0223748 0.0505747 -0.00436081 -0.00841422 -0.0561483 -0.00292299 -0.00765746 0.00374032 -0.0223803 -0.0102502 -0.00789026 -0.0202158 -0.0448052 0.00560339 0.00361568 0.0189426
internal_weight=2034.44 408.143 233.123 1626.3 1517.87 155.646 1362.22 1196.24 674.678 521.561 431.878 585.307 454.397 232.364 222.032 342.71 247.408
internal_count=6709 1377 795 5332 5117 602 4515 4066 2296 1770 1461 1950 1489 688 801 1136 853
is_linear=0
shrinkage=0.05


Tree=108
num_leaves=17
num_cat=0
split_feature=25 41 24 54 64 51 24 43 36 76 52 61 39 46 16 76
split_gain=95.4454 101.634 99.1475 97.3387 140.945 143.299 123.456 135.362 195.482 154.122 115.853 139.439 125.589 110.871 91.2324 58.9344
threshold=0.072403846153846166 42.500000000000007 2.6807575757575752 23.679487179487186 77.500000000000014 4.6410483573274286 -1.7610511363636367 64.809090909090926 0.5145181880586549 1.1229640717319023 222.08012820512823 41.250000000000007 27.570157426420263 65.514705882352956 31.519230769230774 1.0876675873904453
decision_type=10 8 10 8 10 10 8 8 10 8 10 2 2 2 8 10
left_child=2 -2 3 4 5 10 -5 9 -9 -8 12 -12 -1 15 -11 -13
right_child=1 -3 -4 6 -6 -7 7 8 -10 14 11 13 -14 -15 -16 -17
leaf_value=-0.069454329810469048 0.066241312866879606 -0.0049971920860426462 -0.043320857624445527 -0.029909624196792103 -0.066729186452582967 0.039938940688755385 0.095031913641551113 -0.04653912981854972 0.034084051519947617 -0.0024609030204155477 0.063794164452856184 -0.0076060794468567235 -0.0041295681497545613 0.040753517316671262 0.058660309334603457 -0.06147121899871838
leaf_weight=148.04967917874455 107.52218913286924 92.704890970140696 138.97824194282293 136.18940361589193 98.984631512314081 151.14858286827803 101.19603584706783 136.2053539454937 165.32995499297976 151.59628615528345 77.9985730946064 122.93552955240011 145.56816522777081 74.398526538163424 101.13377023860812 85.915505424141884
leaf_count=366 327 320 489 484 324 468 231 453 582 469 273 571 393 371 381 210
internal_value=0.000706363 0.0333971 -0.00287572 0.00046084 -0.0107348 -0.00378409 0.0132569 0.0222577 -0.00236739 0.0431852 -0.0139212 0.00504333 -0.0371919 -0.0113024 0.0221325 -0.029952
internal_weight=2035.86 200.227 1835.63 1696.65 904.999 806.015 791.651 655.461 301.535 353.926 654.866 361.248 293.618 283.25 252.73 208.851
internal_count=6712 647 6065 5576 2976 2652 2600 2116 1035 1081 2184 1425 759 1152 850 781
is_linear=0
shrinkage=0.05


Tree=109
num_leaves=15
num_cat=0
split_feature=28 59 5 27 23 5 62 16 57 53 76 60 39 50
split_gain=93.582 110.001 162.209 139.64 184.508 156.093 136.989 178.367 110.638 107.191 146.235 78.7645 41.7546 41.5391
threshold=21.008178308823531 0.75000000000000011 22.283333333333335 19.058395721925137 7.9049562584681272 17.330000000000002 18.625000000000004 23.950000000000003 234.15073529411768 1.8062500000000001 1.0691177322370033 -3.7499999999999996 29.169062286105412 20.790333333333336
decision_type=10 2 10 8 8 8 2 10 2 10 10 2 2 8
left_child=1 2 6 4 9 -5 7 -1 -6 -3 12 -8 -11 -13
right_child=-2 3 -4 5 8 -7 11 -9 -10 10 -12 13 -14 -15
leaf_value=0.0026096249121774656 0.044072458796412847 0.056023780057826038 -0.07367069904204214 0.0011329640002411742 -0.080541033428792708 0.073233725754160442 0.039365259145536874 -0.083341264004702001 -0.010641730414787104 0.06504777371200697 -0.030688095739951651 0.0026096249121774656 0.0093659323471961212 0.03783803690514162
leaf_weight=93.35000304877758 105.18235626071692 113.04867941141129 107.1434939801693 154.6005012281239 99.091212559491396 144.97437246888876 144.75975377112627 120.89961881563067 131.14148313179612 69.481185495853424 175.35521420836449 384.39853658899665 65.208551164716482 127.79414996132255
leaf_count=260 297 391 382 507 277 507 515 406 446 317 383 1267 302 380
internal_value=-0.00162936 -0.00413996 -0.0159091 0.00794742 -0.00502117 0.0361525 -0.00872902 -0.0433473 -0.0409443 0.0145774 -0.000666324 0.00260962 0.0383577 0.00260962
internal_weight=2036.43 1931.25 978.346 952.901 653.326 299.575 871.202 214.25 230.233 423.094 310.045 656.952 134.69 512.193
internal_count=6637 6340 3210 3130 2116 1014 2828 666 723 1393 1002 2162 619 1647
is_linear=0
shrinkage=0.05


Tree=110
num_leaves=16
num_cat=0
split_feature=12 60 25 53 26 8 25 9 27 45 36 0 1 56 5
split_gain=76.0625 230.844 83.4883 108.758 87.1356 151.728 170.077 123.727 133.034 121.949 85.0816 84.5709 111.23 77.4067 1.02122
threshold=0.19180566670653962 1.7500000000000002 0.040357142857142932 2.4641025641025647 9.5000000000000018 16.696670732661648 -0.010277777777777828 15.979666666666668 10.693333333333335 26.483333333333338 0.76063017012036693 2.5000000000000004 3.5000000000000004 4.2167377315639483 9.7233333333333345
decision_type=10 2 10 10 2 10 10 10 10 10 10 2 8 2 10
left_child=2 -2 4 -4 7 9 -7 8 11 10 14 12 -1 -8 -6
right_child=1 -3 3 -5 5 6 13 -9 -10 -11 -12 -13 -14 -15 -16
leaf_value=-0.044232410600811345 -0.070671240158320464 0.015828539005218974 0.059885650978295395 -0.0078388241863409144 0.0032985361208488157 0.072061900815936178 0.046852153223882129 -0.055521024856367118 -0.046596055581972259 -0.062133503919700045 -0.037948319338360056 0.047584103686922785 0.021155830808716747 0.0032985361208488157 -0.026542713132281723
leaf_weight=105.53525717183948 146.76986020058393 160.73217972740531 128.34300743415952 109.056176610291 106.39248749241233 151.63849452883005 101.02216827869415 153.85362156108022 137.22501715272665 93.654615834355354 124.40858821570873 109.25775730609894 165.99691395461559 118.08120170980692 113.8851254247129
leaf_count=350 432 445 428 352 305 553 446 509 399 297 459 382 530 436 355
internal_value=-0.00269296 -0.0255528 0.00141034 0.0288721 -0.00300834 0.00803991 0.0315419 -0.0163051 -0.00457323 -0.0118643 0.00193463 0.0106529 -0.00432739 0.00329854 0.00329854
internal_weight=2025.85 307.502 1718.35 237.399 1480.95 809.083 370.742 671.869 518.015 438.341 344.686 380.79 271.532 219.103 220.278
internal_count=6678 877 5801 780 5021 2851 1435 2170 1661 1416 1119 1262 880 882 660
is_linear=0
shrinkage=0.05


Tree=111
num_leaves=17
num_cat=0
split_feature=20 52 50 46 43 30 61 36 14 44 19 56 30 43 77 4
split_gain=92.6163 93.3484 202.141 171.404 139.98 111.845 124.439 95.0685 82.1867 130.104 108.839 94.9839 83.8538 133.956 124.643 82.7949
threshold=10.759615384615387 223.08333333333334 15.905333333333335 60.363970588235297 63.759615384615394 0.20386367857241419 41.250000000000007 0.54557507313372533 0.99258333333333348 0.61011367543407269 3.3693181818181821 4.7060160036770862 0.062444465359640482 62.303846153846159 0.88807964493115199 16.834627587425313
decision_type=10 8 10 2 8 10 2 10 10 10 10 2 10 10 10 8
left_child=1 2 7 -3 -4 6 -5 -1 10 15 11 12 14 -14 -8 -10
right_child=-2 3 4 5 -6 -7 8 -9 9 -11 -12 -13 13 -15 -16 -17
leaf_value=-0.01547848641396048 -0.043013265399116707 0.053411225115036376 0.037246247077216153 0.043634020233486198 -0.023826499083425254 0.049851622712328028 -0.0061099770525882193 -0.074008083010194126 0.081082862966493474 -0.032143002569089925 -0.065311080966502941 0.038543641170208906 0.033699586973699035 -0.046611414597359874 -0.088044389691199557 0.0073678066723114055
leaf_weight=141.37935816496611 113.70250077918172 200.8156258277595 221.77102291584015 126.39251564443111 161.19714587926865 113.66937793791294 100.48208445310593 136.51258392632008 73.267176795750856 90.671444267034531 105.30572928860784 84.251307059079409 129.43233753368258 85.261094275861979 85.52567221224308 78.654401659965515
leaf_count=330 371 562 500 477 464 341 570 373 281 466 396 250 416 400 203 333
internal_value=0.00064128 0.00322791 -0.0120087 0.0111365 0.0115447 0.00318158 -0.00239492 -0.044393 -0.00942417 0.0150336 -0.0194846 -0.00941963 -0.0195752 0.00173749 -0.0440525 0.0432161
internal_weight=2048.29 1934.59 660.86 1273.73 382.968 1072.91 959.244 277.892 832.851 242.593 590.258 484.952 400.701 214.693 186.008 151.922
internal_count=6733 6362 1667 4695 964 4133 3792 703 3315 1080 2235 1839 1589 816 773 614
is_linear=0
shrinkage=0.05


Tree=112
num_leaves=17
num_cat=0
split_feature=32 43 32 3 15 61 25 45 79 64 9 36 27 43 36 26
split_gain=85.2464 98.2044 118.789 126.765 112.423 81.9497 94.5898 118.756 128.239 91.1165 135.433 105.208 168.257 163.138 98.5837 79.5571
threshold=38.790441176470594 57.261363636363647 35.424632352941181 20.37846153846154 0.98729714179744432 38.250000000000007 0.0024038461538460902 22.720779220779225 2.5589937034817125 53.500000000000007 9.5116666666666685 0.57355040636500154 18.127757352941181 64.51666666666668 0.39054154665312396 15.500000000000002
decision_type=10 8 10 10 8 2 10 10 8 8 10 10 8 10 8 2
left_child=1 -1 3 5 -4 -3 9 8 -8 10 -7 13 -13 14 -11 -5
right_child=-2 2 4 15 -6 6 7 -9 -10 11 -12 12 -14 -15 -16 -17
leaf_value=-0.032216754912951326 -0.045783699999461046 -0.033702812650181942 0.082774255421048368 -0.064410868971475466 0.0079145921588743475 0.014602984272581344 0.094889195604076271 -0.0052972434641569352 0.016780648126692728 0.035847495916692861 -0.07620675439100226 0.065720296181384488 -0.013832735307035006 -0.050351910534897432 -0.023588744321602812 -0.004242613041625088
leaf_weight=188.26595819741488 97.056018829345703 113.26127072423697 90.410968009382486 108.40001621842384 111.6430579982698 80.100364912301302 104.90503287315369 125.85110423341393 105.33814062550664 197.49629474431276 82.655815672129393 164.69678492844105 110.48904328048229 138.06897839531302 106.72623508051038 110.66523917019367
leaf_count=446 498 255 360 336 534 289 214 412 465 571 318 515 329 522 306 344
internal_value=-0.000299325 0.00199984 0.00569568 0.000980327 0.0416539 0.00679359 0.0105891 0.0331115 0.0560192 0.00196167 -0.0316985 0.00963082 0.0338448 -0.00547703 0.0149873 -0.0341731
internal_weight=2036.03 1938.97 1750.71 1548.65 202.054 1329.59 1216.33 336.094 210.243 880.234 162.756 717.477 275.186 442.292 304.223 219.065
internal_count=6714 6216 5770 4876 894 4196 3941 1091 679 2850 607 2243 844 1399 877 680
is_linear=0
shrinkage=0.05


Tree=113
num_leaves=16
num_cat=0
split_feature=39 55 43 36 36 51 16 23 16 15 48 51 65 79 79
split_gain=87.9227 159.9 147.986 145.088 162.581 193.259 186.369 158.78 211.702 187.412 126.131 114.559 108.264 128.743 98.3922
threshold=25.652292950034226 16.299705882352946 63.516666666666673 0.5163171209259485 0.31535597987961628 4.2124539145521585 29.773504273504276 7.0613896033977399 31.345238095238098 0.9936938944443704 22.843750000000004 4.4155590680452717 24.500000000000004 2.1107800691097292 2.5391758704409004
decision_type=2 2 8 10 8 8 8 10 10 10 2 8 8 10 8
left_child=1 2 -1 4 5 -2 -6 8 -5 10 -9 -8 13 -3 -11
right_child=3 12 -4 7 6 -7 11 9 -10 14 -12 -13 -14 -15 -16
leaf_value=-0.012405124729691071 -0.033352850282247527 -0.027521304936686908 -0.09466411834468913 0.0082012801723464826 0.01340077804064968 0.049044760349201133 -0.030073197173906122 -0.017304541341516284 0.09136238323859977 -0.071968400833246321 0.052772442627610883 -0.10873105627588751 -0.030672076133805865 0.043166812163130529 -0.0006564108057417774
leaf_weight=118.19635727629066 122.56978423520923 95.564679689705372 101.30282556638122 158.2206641510129 108.96210014820099 166.95580555126071 95.64475604891777 98.057990457862616 147.61636941507459 93.735765501856804 182.85642599314451 90.683181650936604 167.24281957373023 193.1605117470026 98.868636451661587
leaf_count=357 436 506 364 442 309 466 360 290 553 241 591 283 479 490 551
internal_value=-0.000929505 -0.0156692 -0.0506263 0.00637497 -0.0124368 0.0141672 -0.0384814 0.0204889 0.048507 0.00232839 0.0283363 -0.0687309 0.00123279 0.0197556 -0.0355546
internal_weight=2039.64 675.467 219.499 1364.17 584.816 289.526 295.29 779.356 305.837 473.519 280.914 186.328 455.968 288.725 192.604
internal_count=6718 2196 721 4522 1854 902 952 2668 995 1673 881 643 1475 996 792
is_linear=0
shrinkage=0.05


Tree=114
num_leaves=17
num_cat=0
split_feature=5 62 76 76 51 43 45 16 76 33 52 53 56 39 32 6
split_gain=85.4303 192.459 159.2 121.937 114.863 78.1608 94.792 91.3371 184.675 127.511 127.504 109.949 74.8124 67.6984 48.6168 41.4391
threshold=21.551666666666669 26.125000000000004 1.0999320218303932 1.1395083404458008 4.2692858717214026 56.788888888888899 14.767857142857144 27.033333333333335 1.2209857393425774 6.6125000000000007 251.03125000000003 3.0871212121212124 4.2429188563284947 29.582477754962358 29.713636363636365 5.9171492133400792
decision_type=10 2 8 8 8 8 10 8 10 8 10 8 2 2 10 8
left_child=2 -2 4 -4 -1 -5 -7 8 13 11 -11 12 -9 15 -14 -8
right_child=1 -3 3 5 -6 6 7 9 -10 10 -12 -13 14 -15 -16 -17
leaf_value=0.064574351688422599 -0.059015383758618506 0.023890654545578094 -0.057190426013371667 -0.037740242476156177 0.0060162914584533387 0.039837760657434468 -0.0011664064601065156 -0.016197984821100044 0.064366154940013215 -0.016602927517748022 0.052476869653630513 0.018703523593994971 -0.094473181091421332 0.02848338458713098 -0.040777949902006283 -0.052254831279478144
leaf_weight=157.38457176089287 177.18228083476424 114.57363683730364 101.54763829708099 126.53475403413177 178.17828820645809 154.49265875294805 76.462103828787804 121.8420799896121 134.03101573884487 156.76391397044063 114.94988416135311 82.465870942920446 84.67816411331296 79.879320774227381 88.295892458409071 81.643906705081463
leaf_count=341 591 408 254 313 382 526 287 591 280 579 574 316 245 303 371 313
internal_value=-0.00149856 -0.0264875 0.00270633 -0.00469614 0.0335913 -0.000561304 0.00346942 -0.00206718 0.0176567 -0.0133831 0.0127069 -0.0321566 -0.0463984 -0.00880882 -0.067456 -0.0277104
internal_weight=2030.91 291.756 1739.15 1403.59 335.563 1302.04 1175.5 1021.01 372.016 648.996 271.714 377.282 294.816 237.985 172.974 158.106
internal_count=6674 999 5675 4952 723 4698 4385 3859 1183 2676 1153 1523 1207 903 616 600
is_linear=0
shrinkage=0.05


Tree=115
num_leaves=18
num_cat=0
split_feature=65 36 50 33 36 12 26 28 61 3 76 41 46 69 61 76 78
split_gain=77.6853 160.031 178.334 184.609 156.998 124.131 113.984 131.566 125.436 156.957 138.315 120.559 119.966 105.134 101.977 93.1133 81.4237
threshold=6.5000000000000009 0.90818952339880898 17.582539682539686 2.7638888888888888 0.49828808946258624 0.18752777127050385 8.5000000000000018 14.592930069930071 42.250000000000007 14.121250000000002 1.1676726314946089 21.000000000000004 62.090073529411775 0.020252407616538053 44.250000000000007 1.0737342604165832 1.5000000000000002
decision_type=8 10 10 10 10 10 2 10 2 8 10 10 2 2 2 10 8
left_child=1 2 3 -1 -4 6 11 -8 -9 -10 12 16 -11 -14 -13 -7 -2
right_child=5 -3 4 -5 -6 15 7 8 9 10 -12 14 13 -15 -16 -17 -18
leaf_value=0.037303220067882378 -0.06147022450208374 0.081443878619134324 -0.0056163887736298814 -0.053617318079388514 0.084729113610802528 -0.067224411793441685 0.068164014258810315 -0.037690663556882747 0.078914893882481726 0.074645311355506713 -0.042358646343473916 0.035428369430936663 -0.033295524568718642 0.03806495114172577 -0.023573301187692047 -0.0045563250383997582 -0.0053893221081594157
leaf_weight=86.165370929986238 150.34629260003567 87.286323428153992 88.584128722548485 154.71744243055582 103.87870092689991 116.12181041017175 106.49357455596328 118.9829641059041 89.217503417283297 81.933906897902489 107.41641417145729 162.46189606562257 99.588824223726988 105.0183239467442 131.7512880563736 120.32246670126915 113.44778597354889
leaf_count=304 350 343 332 515 371 391 252 390 265 236 274 511 469 520 468 257 418
internal_value=0.00345751 0.020083 0.00756434 -0.0210747 0.043332 -0.0023106 0.00390551 0.0172044 0.00809398 0.0194231 0.00578462 -0.0129842 0.0239168 0.00333853 0.00901654 -0.0354872 -0.0374634
internal_weight=2023.74 520.632 433.346 240.883 192.463 1503.1 1266.66 708.652 602.158 483.175 393.957 558.007 286.541 204.607 294.213 236.444 263.794
internal_count=6666 1865 1522 819 703 4801 4153 2406 2154 1764 1499 1747 1225 989 979 648 768
is_linear=0
shrinkage=0.05


Tree=116
num_leaves=16
num_cat=0
split_feature=18 79 64 58 9 43 64 27 1 79 55 43 62 48 25
split_gain=83.6359 86.3975 137.646 107.45 155.252 119.639 98.0067 108.143 94.2666 93.2212 87.2964 90.8482 66.2411 61.6607 55.0083
threshold=0.06458333333333334 3.7020842990588569 46.500000000000007 27.665441176470591 19.492333333333338 65.639610389610411 52.500000000000007 17.138901960784317 2.5000000000000004 2.3565519800895314 15.756875000000003 61.12916666666667 20.625000000000004 23.031250000000004 0.014083333333333338
decision_type=10 8 8 2 10 10 10 8 8 10 2 10 2 2 8
left_child=1 2 -1 4 5 6 7 -4 10 -8 -3 -12 -13 -14 -15
right_child=-2 8 3 -5 -6 -7 9 -9 -10 -11 11 12 13 14 -16
leaf_value=-0.04580163159255754 0.035345420545867444 -0.028705972706042044 -0.0067702744013392741 0.029413897853181183 0.029384108308972798 -0.061525332533312133 -0.019043170662669095 -0.059307599548727025 -0.031854846935796106 0.029051252963368152 0.099184577475490032 -0.024236897703805507 0.088343811193650409 0.057714159298712098 -0.023575725532054385
leaf_weight=229.35137808322906 136.23603573441505 50.595780316740274 237.25617687404156 203.50436241924763 205.28873504698277 137.02756084501743 190.06937515735626 166.17764662206173 76.598069999366999 212.23373349010944 54.584767237305641 47.842884890735149 48.261211596429348 40.627413779497147 40.794185228645802
leaf_count=545 474 486 487 435 494 361 391 369 559 475 352 344 445 300 306
internal_value=-0.00237863 -0.00504434 -0.0100749 -0.00398292 -0.0099233 -0.0185046 -0.0111211 -0.028504 0.0170563 0.00633801 0.0303741 0.0433204 0.0256842 0.0441457 0.0171941
internal_weight=2076.45 1940.21 1580.91 1351.56 1148.05 942.764 805.737 403.434 359.304 402.303 282.706 232.11 177.526 129.683 81.4216
internal_count=6823 6349 3557 3012 2577 2083 1722 856 2792 866 2233 1747 1395 1051 606
is_linear=0
shrinkage=0.05


Tree=117
num_leaves=19
num_cat=0
split_feature=28 12 14 21 65 51 33 30 79 33 61 51 28 57 12 55 48 44
split_gain=83.3785 148.077 204.237 88.4898 216.461 127.227 125.522 111.06 173.587 177.917 110.209 129.107 182.358 204.464 104.539 72.277 110.495 52.661
threshold=21.008178308823531 0.19180566670653962 0.99436507936507945 4.5735930735930745 11.500000000000002 4.1340531141935744 4.9687500000000009 0.071013111542776258 1.9619347891840795 3.7032967032967035 40.750000000000007 4.773697214734951 2.9710000000000005 257.52941176470591 0.12989340405861657 18.047500000000003 22.468750000000004 0.58087510151989796
decision_type=10 10 10 10 8 10 10 10 8 10 2 8 10 2 10 2 2 10
left_child=1 3 -3 7 5 -5 -6 10 -9 -10 -1 12 17 -14 15 16 -11 -12
right_child=-2 2 -4 4 6 -7 -8 8 9 14 11 -13 13 -15 -16 -17 -18 -19
leaf_value=0.052448115801917078 0.041820112857298718 -0.084840183892428908 0.0082474600456211005 0.012402922860436217 -0.056954376108243346 0.093318932653396122 0.024669050713693699 -0.082567397233745607 -0.063536655615618373 -0.063959620128964639 -0.052868893835302716 -0.041544851898405316 0.077212971076893969 -0.02071913414027703 0.054830043994926483 0.023332253851945869 0.008654240540162712 0.0028034536308414008
leaf_weight=121.36866861581802 105.39442209154367 123.2892093360424 111.73234793916345 85.165787607431412 92.89101617410779 113.16640286147594 93.669805984944105 92.555667698383331 115.30299070477486 94.964527398347855 84.456116557121277 138.54944141209126 150.90778301283717 81.558716010302305 86.898685839027166 126.60014368221164 114.91973028704524 84.266125861555338
leaf_count=344 309 349 324 317 307 377 304 245 379 307 305 431 525 391 303 417 418 328
internal_value=-0.0012617 -0.00365677 -0.0407377 0.00156033 0.0225723 0.0588093 -0.0160593 -0.00471018 -0.0196952 -0.00875967 0.00960603 -0.000106864 0.0142713 0.0429128 0.00627271 -0.00639277 -0.0243482 -0.0252114
internal_weight=2017.66 1912.26 235.022 1677.24 384.893 198.332 186.561 1292.35 631.242 538.686 661.107 539.738 401.189 232.466 423.383 336.484 209.884 168.722
internal_count=6680 6371 673 5698 1305 694 611 4393 2069 1824 2324 1980 1549 916 1445 1142 725 633
is_linear=0
shrinkage=0.05


Tree=118
num_leaves=18
num_cat=0
split_feature=20 44 79 15 48 66 76 65 51 30 32 76 64 57 49 52 30
split_gain=93.3142 117.647 110.294 212.639 154.222 145.249 147.052 209.095 231.841 145.151 124.488 108.726 98.5073 42.7559 67.8963 43.4329 43.038
threshold=10.759615384615387 0.51252945185996224 2.3959058086409009 0.99462301030811584 22.878676470588239 7.5000000000000009 3.6210879005690333 11.500000000000002 4.3364208118925101 0.12825387749753117 32.809090909090919 1.2827217186441511 76.500000000000014 232.51470588235296 8.5000000000000018 220.21111111111114 0.077674796354098866
decision_type=10 8 8 10 2 2 8 8 8 10 8 8 8 2 2 10 8
left_child=1 12 3 4 10 6 7 -4 -9 13 -3 -7 -1 15 16 -8 -15
right_child=-2 2 5 -5 -6 11 9 8 -10 -11 -12 -13 -14 14 -16 -17 -18
leaf_value=0.063161936437102814 -0.042313659120945958 -0.054317121948051821 0.068602557143942478 -0.064725440448751601 0.038981795142906929 -0.075871381623882142 -0.002614067282386565 0.054098669749860599 -0.032869068828732022 -0.090174174652523351 0.012248160176800625 0.0011670144417682364 0.0011265961568002157 -0.01488818458943268 -0.042567061314382044 0.061141197176524914 0.053229920518695455
leaf_weight=142.93681122735143 113.03427731618285 142.70937630534172 238.6142160743475 170.58451171219349 165.09530602395535 76.964285954833031 52.493353359401226 138.3346085101366 169.31609731912613 45.941493235528469 136.7950431406498 110.93961992114782 115.28314426913857 45.448363535106182 83.886697221547365 53.228050146251917 45.627251073718071
leaf_count=419 361 318 570 409 370 184 259 332 396 363 307 592 278 320 580 351 335
internal_value=0.00164087 0.0042301 -0.000617924 -0.017445 0.000800156 0.00914781 0.0177342 0.0335812 0.0062844 -0.0087909 -0.0218112 -0.030622 0.0355772 0.00480251 -0.0103599 0.0297572 0.0194452
internal_weight=2047.23 1934.2 1675.98 615.184 444.6 1060.79 872.89 546.265 307.651 326.625 279.504 187.904 258.22 280.684 174.962 105.721 91.0756
internal_count=6744 6383 5686 1404 995 4282 3506 1298 728 2208 625 776 697 1845 1235 610 655
is_linear=0
shrinkage=0.05


Tree=119
num_leaves=18
num_cat=0
split_feature=23 65 2 48 12 55 21 14 46 65 57 66 79 41 48 47 32
split_gain=90.1897 96.9223 109.876 81.0223 76.2541 183.538 139.086 169.147 230.224 138.948 147.459 116.336 172.801 164.418 90.7122 85.679 75.0472
threshold=6.422687358720224 5.5000000000000009 1.5000000000000002 21.181985294117649 0.19180566670653962 17.341176470588241 3.5857843137254908 0.99620192307692312 61.909926470588239 6.5000000000000009 255.06250000000003 7.5000000000000009 2.3042156567508116 6.5000000000000009 22.66727941176471 0.57224873333988102 27.958333333333339
decision_type=8 10 2 2 10 2 8 8 2 8 2 2 8 8 2 2 10
left_child=1 2 -1 -3 6 -6 11 8 -8 -9 16 12 -2 -14 -15 -10 -11
right_child=4 3 -4 -5 5 -7 7 9 15 10 -12 -13 13 14 -16 -17 -18
leaf_value=0.073260993006271077 -0.055511316240452607 -0.03622933488557753 0.0077255454591412757 0.024729746448314098 -0.07255092666116357 0.012819334488528001 0.091798067748939158 0.039829626458208492 -0.03174908486877949 -0.017433034200360031 0.021996456023704578 -0.063904237388710719 0.062810900620617061 -0.053190410493712939 0.016727694904784773 0.030887170983986217 -0.077324056095355753
leaf_weight=123.1966746635735 132.42983245849609 108.65973415225744 132.40663956850767 107.42095189169049 129.60388750955462 121.05870190262794 125.01380154863 106.85930366814137 85.450698271393776 97.364158805459738 106.53005090355873 120.68947958946228 105.19772958010435 84.19812698289752 101.06984151154757 147.28584421426058 113.91127165406942
leaf_count=321 340 315 371 312 364 356 337 378 302 273 418 444 440 337 493 572 351
internal_value=-0.000461598 0.0186969 0.039475 -0.00595021 -0.00620139 -0.0314338 -0.00141144 0.0120808 0.0373609 -0.00925356 -0.0258305 -0.0208182 -0.00840023 0.0131955 -0.0151627 0.00785243 -0.049936
internal_weight=2048.35 471.684 255.603 216.081 1576.66 250.663 1326 782.415 357.75 424.665 317.805 543.585 422.896 290.466 185.268 232.737 211.275
internal_count=6724 1319 692 627 5405 720 4685 2631 1211 1420 1042 2054 1610 1270 830 874 624
is_linear=0
shrinkage=0.05


Tree=120
num_leaves=15
num_cat=0
split_feature=43 24 16 32 51 23 53 60 8 64 32 15 56 57
split_gain=75.5145 120.544 105.03 173.025 93.6664 102.172 114.629 133.685 160.899 109.199 114.321 182.235 128.726 83.6561
threshold=65.677083333333357 -0.26308333333333239 37.279220779220786 31.566964285714288 5.0174524853801179 9.064318416777434 2.1380952380952385 -5.7499999999999991 16.675586057915819 67.500000000000014 33.656862745098046 0.85217657985058659 4.3205336084905666 233.5477941176471
decision_type=8 10 10 10 10 8 10 2 10 10 10 8 2 2
left_child=4 2 3 13 5 6 7 -1 -9 10 11 -8 -13 -2
right_child=1 -3 -4 -5 -6 -7 9 8 -10 -11 -12 12 -14 -15
leaf_value=-0.010212894858836698 -0.024626760546748536 -0.062061678958545891 0.040857478260621416 -0.064793849927243241 -0.031311075430531937 -0.024643722487608655 0.028181983424703523 0.016635942159029991 0.086902671599556572 0.047901643767397001 0.030000342632557242 -0.016391591311660913 -0.085507709465106024 0.036514471320423389
leaf_weight=121.92136981338263 102.27412276342511 115.88844552263618 96.668963998556137 124.47863077372313 160.20794326066971 191.08214143291116 131.01197298616171 167.1596618257463 159.02338708564639 106.98575966432691 152.31810211390257 176.92397201806307 108.41301071643829 121.171900190413
leaf_count=409 335 539 424 448 402 592 347 523 487 359 549 510 330 440
internal_value=-0.00127099 -0.0168773 -0.00498661 -0.0178047 0.00466645 0.00907063 0.0148202 0.0343986 0.0510538 0.00180379 -0.00693766 -0.0204907 -0.042859 0.0085443
internal_weight=2035.53 560.482 444.594 347.925 1475.05 1314.84 1123.76 448.104 326.183 675.653 568.667 416.349 285.337 223.446
internal_count=6694 2186 1647 1223 4508 4106 3514 1419 1010 2095 1736 1187 840 775
is_linear=0
shrinkage=0.05


Tree=121
num_leaves=16
num_cat=0
split_feature=20 20 5 4 65 55 43 5 24 56 51 29 41 27 5
split_gain=76.8657 91.8806 75.9027 144.72 138.615 104.675 139.807 108.841 103.139 87.6208 157.331 111.324 145.467 89.9033 49.8835
threshold=10.759615384615387 9.2111111111111121 22.643333333333334 16.834627587425313 8.5000000000000018 18.421875000000004 62.303846153846159 15.088333333333336 -1.1712597402597387 4.3677176672970326 4.1340531141935744 0.0021862336570074169 86.500000000000014 15.784727272727272 12.836666666666668
decision_type=10 10 10 10 10 2 10 10 10 2 10 8 8 10 8
left_child=1 2 3 5 8 7 -7 9 -5 11 -11 12 13 -1 -8
right_child=-2 -3 -4 4 -6 6 14 -9 -10 10 -12 -13 -14 -15 -16
leaf_value=0.034064863219587224 -0.042526125819631645 0.044326261547784129 0.041415414715671284 -0.075566976892750062 0.020205352527297868 0.054199113103695518 0.020103822674812769 0.032698161449833028 -0.018572557590853706 -0.075339812973710174 -3.7479742252977897e-05 0.038718786588102558 -0.058636580154824182 -0.027738361006214796 -0.032905196429052881
leaf_weight=138.69369529932737 107.90943695232272 112.33839435130358 94.120204597711563 153.45790006220341 103.65605006366968 201.93850462511182 86.93215187638998 156.03769667074084 165.09411105141044 129.76674935594201 147.72698109224439 132.4641701541841 122.99980542808771 100.71885218843818 88.672666784375906
leaf_count=420 347 357 317 553 394 587 320 534 580 357 447 465 430 330 317
internal_value=-0.00165548 0.000645004 -0.00207066 -0.00446161 -0.0298721 0.00377005 0.0259314 -0.00526022 -0.0461794 -0.0129611 -0.0353958 -0.000335207 -0.014677 0.00805753 -0.00669814
internal_weight=2042.53 1934.62 1822.28 1728.16 422.208 1305.95 377.543 928.408 318.552 772.37 277.494 494.877 362.412 239.413 175.605
internal_count=6755 6408 6051 5734 1527 4207 1224 2983 1133 2449 804 1645 1180 750 637
is_linear=0
shrinkage=0.05


Tree=122
num_leaves=19
num_cat=0
split_feature=76 36 69 71 79 53 57 45 50 69 48 79 32 52 9 41 64 27
split_gain=99.4318 130.302 148.211 108.164 100.009 120.513 166.975 97.6196 95.5957 76.9428 112.958 103.77 106.576 94.9208 103.512 89.3466 80.7325 74.9321
threshold=1.1820983476085325 0.95569282332160033 0.052239527344862688 0.31365465851354224 2.6611331762815311 2.8062500000000004 236.08823529411768 14.767857142857144 16.551047619047619 0.0092205587128356015 20.363970588235297 2.3126041545561491 30.612500000000004 254.52272727272728 12.116000000000001 34.000000000000007 46.500000000000007 17.654375000000005
decision_type=8 8 2 2 10 10 2 8 10 2 2 10 10 10 8 8 10 8
left_child=4 3 -3 7 5 6 -1 -2 -6 13 15 12 -12 14 -9 -11 -16 -15
right_child=1 2 -4 -5 8 -7 -8 9 -10 10 11 -13 -14 17 16 -17 -18 -19
leaf_value=-0.020521428246259701 0.046381484968963917 0.00012709032922087379 -0.11211692667889867 0.050652004463738104 0.013859228093787871 -0.036010040961585582 0.048728228837063542 3.4239232042798376e-05 0.073041542559553183 0.068136326851066215 -0.017619259315578766 -0.039785543255262679 0.064041501961939251 -0.028412365405840009 -0.095783089700708424 0.0016506592915186864 -0.032487971783395485 0.048199873941755574
leaf_weight=157.47767785191536 78.686630740761757 57.042074758559465 59.7072514295578 87.324349500238895 162.21233542263508 148.53623425960541 192.4431888461113 97.743429329246283 117.52818588912487 88.400494821369648 104.83203269168735 201.33843356370926 63.256801348179579 63.995997853577137 95.727992534637451 116.34206004813313 108.45181170850992 61.766258228570223
leaf_count=317 256 295 319 252 372 310 445 250 338 338 511 491 490 343 315 380 364 319
internal_value=0.00093328 -0.0076092 -0.0577407 -0.00255254 0.0150265 0.00158002 0.0175936 -0.00689514 0.0388953 -0.0111216 0.000843905 -0.0156569 0.0133091 -0.0271499 -0.0423123 0.0305484 -0.0624856 0.009298
internal_weight=2062.81 1284.62 116.749 1167.87 778.198 498.457 349.921 1080.54 279.741 1001.86 574.17 369.427 168.089 427.685 301.923 204.743 204.18 125.762
internal_count=6705 4923 614 4309 1782 1072 762 4057 710 3801 2210 1492 1001 1591 929 718 679 662
is_linear=0
shrinkage=0.05


Tree=123
num_leaves=17
num_cat=0
split_feature=3 20 58 9 56 24 43 43 32 76 9 52 76 3 64 75
split_gain=151.407 124.342 89.8632 277.215 152.303 176.237 208.95 159.039 124.984 177.283 145.521 148.444 118.362 101.583 93.1034 62.0031
threshold=23.835555555555562 9.2111111111111121 22.468750000000004 19.001666666666669 4.2954239293678613 -1.1712597402597387 64.809090909090926 63.607692307692311 34.710084033613448 1.1536178204371448 15.911333333333333 225.29670329670333 2.1440054290453934 13.415897435897438 41.500000000000007 19.535000000000004
decision_type=10 10 2 10 2 8 10 8 10 8 10 10 8 10 10 8
left_child=1 2 3 8 7 -6 12 15 9 -1 11 -11 -7 -9 -13 -4
right_child=-2 -3 4 -5 5 6 -8 13 -10 10 -12 14 -14 -15 -16 -17
leaf_value=0.056759627538822979 -0.051738518869060779 0.056603593831109481 -0.097268851416955002 0.070588932419751754 -0.052809708862435925 0.065900401323822397 -0.0332701021883271 0.040855014858441049 -0.046717973667157658 -0.018698692767750266 -0.052588136862360482 0.07682929654447733 0.00041537004360556499 -0.038828166546554119 0.0060067971075752225 -0.039053734160033965
leaf_weight=149.48634518682957 120.59180452674627 112.31004851683974 84.684551551938057 171.52077539265156 96.348874896764755 202.52200645208359 122.72082166001201 81.584243942052126 117.57605338469148 212.60901102423668 121.24295777827501 94.53994869068265 104.41808647289872 76.56509393453598 90.588276091963053 103.12573624774814
leaf_count=298 400 335 190 562 331 438 438 318 488 543 415 288 435 397 373 478
internal_value=0.00238949 0.00577584 0.00262644 0.0131944 -0.00898069 0.00796721 0.0216871 -0.0346976 0.00059666 0.00897615 -0.00487003 0.00977137 0.0436967 0.00227629 0.0423924 -0.0656793
internal_weight=2062.43 1941.84 1829.53 957.563 871.969 526.01 429.661 345.96 786.043 668.467 518.98 397.737 306.94 158.149 185.128 187.81
internal_count=6727 6327 5992 2967 3025 1642 1311 1383 2405 1917 1619 1204 873 715 661 668
is_linear=0
shrinkage=0.05


Tree=124
num_leaves=17
num_cat=0
split_feature=6 56 0 6 55 20 79 9 79 12 25 57 32 28 14 14
split_gain=73.1122 156.424 137.238 133.097 97.7353 145.548 126.094 90.5255 119.16 130.549 137.151 99.5825 99.7848 98.0327 90.0474 47.9342
threshold=7.9979928727430663 4.0229645644378831 5.5000000000000009 7.2847195586428279 19.255625000000006 0.81666666666666687 1.589793741327014 19.500333333333337 2.2560997072896662 0.10998084226984485 -0.077386363636363628 225.77573529411768 33.539393939393946 13.1119 0.99118055555555562 0.9772077922077923
decision_type=10 2 2 10 2 10 8 10 8 10 10 2 8 10 10 8
left_child=3 -2 -3 4 6 -6 -1 8 -8 11 -11 -10 13 -13 -7 -14
right_child=1 2 -4 -5 5 14 7 -9 9 10 -12 12 15 -15 -16 -17
leaf_value=0.0615866135866628 0.038160296691062905 -0.076953116544305325 -0.0075498786241132085 0.051971117910010793 0.022440500670792011 -0.084395891559458869 -0.03443429868246918 0.036312248912099443 0.050886385361597952 -0.079646362737959525 0.0073047386741216446 0.017982956820579293 0.06125527709078861 -0.055549196385509703 -0.015634857930098871 0.0078260669382242323
leaf_weight=99.500260472297668 92.939058322459459 119.66392992064357 174.46143646165729 142.82929565384984 107.4221226349473 94.824218682944775 227.67177301645279 172.0226030126214 172.18965667486191 76.602007176727057 108.76179526373744 84.248696278780699 75.837348010390997 96.172266311943531 95.745978243649006 93.282164718955755
leaf_count=314 360 368 564 488 309 295 453 562 575 280 431 330 286 323 317 458
internal_value=0.00142236 -0.0181038 -0.0359514 0.00601913 0.00162443 -0.0239696 0.0079616 0.00308947 -0.0030567 0.00708069 -0.0288626 0.0198816 0.00450657 -0.021303 -0.050111 0.0320043
internal_weight=2034.17 387.064 294.125 1647.11 1504.28 297.992 1206.29 1106.79 934.766 707.094 185.364 521.73 349.54 180.421 190.57 169.12
internal_count=6713 1292 932 5421 4933 921 4012 3698 3136 2683 711 1972 1397 653 612 744
is_linear=0
shrinkage=0.05


Tree=125
num_leaves=17
num_cat=0
split_feature=20 43 25 64 71 20 32 9 0 36 9 32 25 43 57 46
split_gain=108.024 87.5684 120.8 151.495 111.383 89.2338 93.7452 204.968 111.629 91.7639 149.219 120.424 126.652 72.51 95.1142 88.4919
threshold=10.80909090909091 57.261363636363647 0.031909090909090894 47.500000000000007 0.31554739521424957 9.2111111111111121 34.710084033613448 14.435666666666668 8.5000000000000018 0.93269656020182368 15.979666666666668 31.289915966386555 -0.13464285714285715 63.174242424242429 233.5477941176471 62.424632352941181
decision_type=10 8 10 10 2 10 10 10 2 8 10 10 10 8 2 2
left_child=1 -1 4 -4 5 6 9 -8 -9 10 13 12 -12 15 -15 -3
right_child=-2 2 3 -5 -6 -7 7 8 -10 -11 11 -13 -14 14 -16 -17
leaf_value=-0.031311368342893296 -0.053118825526876606 0.057266224650267566 0.0047694696515380684 0.080059344872849131 0.050582989209608353 0.040446000643180158 -0.10727606797118294 0.028450091694444925 -0.051025120974246788 0.035605844422990286 -0.09736142576043505 0.0081967394558709189 -0.0213357357069692 -0.039424276898326463 0.016943003329564704 -0.0040642790732138964
leaf_weight=188.62231099233031 96.047623280435801 127.2246948108077 169.02885197475553 109.6348040252924 95.546836744993925 99.109007075428963 70.915844913572073 97.871825125068426 78.903936553746462 139.89328962191939 98.418877903372049 111.81666265800595 123.65557270497084 132.28775030001998 169.76651438325644 108.42367542907596
leaf_count=445 323 329 536 385 343 312 274 464 373 444 273 398 406 390 597 348
internal_value=-0.0016508 0.000948675 0.00447696 0.0345712 -0.00131114 -0.00499609 -0.00860206 -0.0361051 -0.00711118 -0.00183814 -0.00788192 -0.0340841 -0.0553142 0.0084216 -0.00779225 0.0291496
internal_weight=2017.17 1921.12 1732.5 278.664 1453.83 1358.29 1259.18 247.692 176.776 1011.49 871.594 333.891 222.074 537.703 302.054 235.648
internal_count=6640 6317 5872 921 4951 4608 4296 1111 837 3185 2741 1077 679 1664 987 677
is_linear=0
shrinkage=0.05


Tree=126
num_leaves=18
num_cat=0
split_feature=24 69 79 59 61 25 5 63 76 42 25 39 40 3 36 25 41
split_gain=95.9856 146.717 141.635 125.337 190.004 141.777 148.173 163.681 151.518 125.417 182.666 151.137 104.83 95.4848 204.327 91.2954 80.3099
threshold=1.5410730769230769 0.030243468964028575 2.6246911017624925 0.75000000000000011 40.750000000000007 -0.050000000000000017 17.563333333333336 1.0000000180025095e-35 1.2945114678887621 7.5000000000000009 -0.036180555555555542 29.31416837782341 4.5000000000000009 14.698484848484851 0.31914147627856132 0.040000000000000029 6.5000000000000009
decision_type=10 2 8 2 2 8 10 2 10 2 10 2 2 10 8 10 10
left_child=3 2 -2 5 -5 -1 7 8 13 11 -11 16 -8 14 -7 -3 -6
right_child=1 15 -4 4 9 6 12 -9 -10 10 -12 -13 -14 -15 -16 -17 -18
leaf_value=0.048784439902678105 -0.096963693055038519 -0.027480991174065758 -0.011377518616636391 0.071652850290655656 -0.026973696989556713 0.025250870317251525 -0.010583925715496425 0.03964008310367173 -0.074911683147643515 -0.059313576641095871 0.020806510289531243 0.065868976915192584 -0.081443577768962605 0.042177265216969295 -0.077923633550280036 0.04075847082879383 0.030346005894145191
leaf_weight=91.328156773000956 96.654333651065826 96.315434638410807 96.31931235268712 135.77218603342772 122.84724947437644 105.35349533706903 90.005067758262157 158.79695378616452 95.157914772629738 137.81733673810959 145.13961748033762 143.86071430519223 124.36436224728823 83.902465235441923 86.582633204758167 97.791575357317924 119.63100225478411
leaf_count=295 215 335 441 373 339 341 309 474 211 473 549 502 412 335 351 309 422
internal_value=-0.00140558 -0.023768 -0.0545238 0.00388197 0.01795 -0.00967901 -0.0169098 -0.00268894 -0.0208648 0.00696525 -0.0182883 0.0254606 -0.0518798 -0.00201664 -0.0214539 0.00693091 0.00131449
internal_weight=2027.64 387.081 192.974 1640.56 805.068 835.491 744.163 529.793 370.997 669.296 282.957 386.339 214.369 275.839 191.936 194.107 242.478
internal_count=6686 1300 656 5386 2658 2728 2433 1712 1238 2285 1022 1263 721 1027 692 644 761
is_linear=0
shrinkage=0.05


Tree=127
num_leaves=18
num_cat=0
split_feature=56 43 79 32 76 26 20 76 47 45 69 73 64 23 4 70 73
split_gain=95.1668 138.938 136.591 134.872 144.319 98.6848 158.299 162.322 130.108 113.461 93.389 102.976 84.3688 71.0078 138.024 90.9324 71.459
threshold=3.9897505004891518 65.839743589743605 2.4109359374267991 33.343137254901968 0.96131300994183622 15.500000000000002 7.5166666666666684 1.1067795434959902 0.59458320242957396 23.033333333333335 0.077187459055106128 7.5000000000000009 69.500000000000014 7.1626453488372102 12.402981844354716 0.025418375973491565 7.5000000000000009
decision_type=2 10 10 8 10 2 10 8 2 10 2 2 8 10 10 2 2
left_child=2 5 3 12 -5 6 7 -2 9 -7 11 -3 -1 14 15 16 -9
right_child=1 10 -4 4 -6 8 -8 13 -10 -11 -12 -13 -14 -15 -16 -17 -18
leaf_value=-0.011535669785445159 0.055138716170031847 -0.095695289284630169 0.052596791483564199 0.0097079060476175406 -0.095865540767345631 0.077186755660761663 -0.066060481340659685 -0.020289892873560769 -0.023323641973154063 0.01172410677355051 -0.0027598748940896589 -0.021313956587870019 0.06477284272402109 0.018613748121009247 -0.063064031270867321 -0.042789736314915672 0.031763252765904561
leaf_weight=67.230482652783394 107.30904233455658 95.872002515941858 176.37355746328831 67.297829795628786 61.077147245407104 114.64118927717209 107.79815730452538 108.6792830824852 116.72628341987729 155.80385287478566 116.35286600515246 90.953750871121883 76.88373901695013 156.52914367243648 134.65396746993065 108.76765752583742 164.58820863068104
leaf_count=318 224 301 399 591 174 314 301 306 437 395 485 409 325 545 399 303 460
internal_value=-0.00184227 -0.00761931 0.0184477 -0.00376747 -0.0408737 -0.000377641 -0.00955849 -0.00168049 0.0206572 0.0396557 -0.0379842 -0.05979 0.0293401 -0.0108057 -0.0197369 -0.00434083 0.0110631
internal_weight=2027.54 1578.68 448.863 272.489 128.375 1275.5 888.325 780.527 387.171 270.445 303.179 186.826 144.114 673.218 516.689 382.035 273.267
internal_count=6686 4879 1807 1408 765 3684 2538 2237 1146 709 1195 710 643 2013 1468 1069 766
is_linear=0
shrinkage=0.05


Tree=128
num_leaves=17
num_cat=0
split_feature=32 40 47 69 79 56 79 3 39 45 79 15 76 38 28 44
split_gain=81.1969 86.9279 87.9028 190.012 112.224 91.9237 80.4746 159.098 128.166 112.323 67.1254 74.2005 100.037 168.768 92.3372 46.5366
threshold=38.790441176470594 2.5000000000000004 0.5796978326857648 0.0092205587128356015 2.6611331762815311 4.2816555962742413 2.5841681594858845 16.244722222222226 26.094455852156063 26.118055555555561 2.8037061893563644 0.98467988375829141 0.92643605253206951 1.5000000000000002 16.981159722222227 0.58916615635844061
decision_type=10 2 2 2 8 2 8 8 2 10 8 10 10 10 10 10
left_child=1 2 4 -4 -1 -6 7 -3 -8 -9 -10 12 13 -12 -13 -5
right_child=-2 6 3 15 5 -7 8 9 10 -11 11 14 -14 -15 -16 -17
leaf_value=-0.052505001676441336 -0.041427958020166376 0.055145858938507833 -0.035335896535487819 0.070436675357133702 -0.033916454333590654 0.046359750348079876 0.061400039084059811 -0.020298873325898137 -0.036347639905582811 0.034405701682538231 0.079056217808085666 -0.00066068638523549645 -0.045174363060707198 -0.027582760348206753 0.071740672610923026 0.017886018000187607
leaf_weight=189.94763031601906 95.735452674329281 264.2329693287611 130.78765100985765 85.35714665427804 70.259175911545753 70.409683901816607 76.793986678123474 205.4813484698534 144.84307909011841 171.02038875222206 59.638342890888453 115.13497402891517 132.49359753727913 94.699864249676466 70.296263199299574 84.035343572497368
leaf_count=396 471 546 445 291 338 268 251 451 242 396 506 580 348 465 401 310
internal_value=0.00329662 0.0054951 -0.00978987 0.00978424 -0.0275379 0.00630821 0.0127212 0.0254835 0.000917108 0.00457519 -0.00669667 0.00245486 -0.0134673 0.0138676 0.027024 0.0446243
internal_weight=2061.17 1965.43 630.797 300.18 330.616 140.669 1334.63 640.735 693.9 376.502 617.106 472.263 286.832 154.338 185.431 169.392
internal_count=6705 6234 2048 1046 1002 606 4186 1393 2793 847 2542 2300 1319 971 981 601
is_linear=0
shrinkage=0.05


Tree=129
num_leaves=17
num_cat=0
split_feature=28 58 9 19 6 64 30 39 30 48 41 28 6 51 40 30
split_gain=103.523 99.3529 165.928 160.31 128.433 143.737 140.713 162.187 102.227 100.152 167.77 110.581 139.847 102.068 131.719 90.7402
threshold=21.008178308823531 22.468750000000004 19.41866666666667 5.0357142857142865 6.5902721624343128 47.500000000000007 0.071013111542776258 27.242984257357978 0.025619035909150146 25.393382352941178 6.5000000000000009 17.689352941176473 3.9415911160624284 4.5309188244291496 4.5000000000000009 0.091170356526982604
decision_type=10 2 10 10 10 10 10 2 10 2 10 10 10 10 2 8
left_child=1 2 4 9 6 -6 8 -8 -1 11 -11 12 15 14 -14 -3
right_child=-2 3 -4 -5 5 -7 7 -9 -10 10 -12 -13 13 -15 -16 -17
leaf_value=0.0058859998231160886 0.04679453372968792 -0.013298728195357877 0.052562446469236204 -0.073114673118025983 -0.065886174372195433 0.010110088659121164 0.024777456988909416 -0.049725693735184921 0.064950206180127382 -0.082760500665268424 0.00088891019325996849 0.047630187573946561 -0.051088472709578094 -0.073075505513255298 0.037448973718848887 0.054077251527392657
leaf_weight=148.24293175339699 104.89354213327169 90.467148911207914 165.16426633670926 106.81005186215043 138.54622546955943 111.86009388044477 139.92888874933124 150.80436090752482 144.25384983047843 103.97462340071797 139.6792705245316 111.64240844920278 85.353074040263891 94.050265312194824 80.834078773856163 109.75517407059669
leaf_count=476 297 326 527 321 416 379 408 458 482 326 560 449 318 268 309 340
internal_value=-0.00133573 -0.00398629 0.00693824 -0.0158083 -0.00215321 -0.0320324 0.0107081 -0.0139056 0.0351374 -0.00822458 -0.0349992 0.00321972 -0.00762786 -0.0317447 -0.0080571 0.0237197
internal_weight=2026.26 1921.37 998.801 922.566 833.636 250.406 583.23 290.733 292.497 815.756 243.654 572.102 460.46 260.237 166.187 200.222
internal_count=6660 6363 3146 3217 2619 795 1824 866 958 2896 886 2010 1561 895 627 666
is_linear=0
shrinkage=0.05


Tree=130
num_leaves=18
num_cat=0
split_feature=61 47 45 76 76 36 38 79 9 9 9 41 51 60 54 69 76
split_gain=85.6588 73.1628 77.7263 80.9744 97.2954 220.731 294.778 214.168 154.09 148.221 123.676 124.089 95.8549 93.3832 89.724 85.2655 79.0895
threshold=51.250000000000007 0.64109554409479952 14.767857142857144 0.96131300994183622 1.0611709412413586 0.30976200260385095 1.5000000000000002 2.1016868634018753 18.649666666666672 14.155333333333333 15.280333333333335 6.5000000000000009 3.8678455394177553 2.7500000000000004 23.679487179487186 0.033094412630416695 1.0560175255613764
decision_type=2 2 8 8 10 8 10 8 8 8 10 10 10 2 10 2 8
left_child=1 2 -1 -4 5 13 7 -7 12 -6 -11 -12 -9 -5 -14 -13 -10
right_child=-2 -3 3 4 9 6 -8 8 16 10 11 15 14 -15 -16 -17 -18
leaf_value=0.04320636659387584 0.035087280960485794 -0.040128902321305844 0.030595819993274622 0.038943726354947625 -0.034239062174825384 -0.10902097863164067 -0.13238945329808235 0.088074938283083631 -0.082401051482238905 0.0567054349126907 -0.02436157189457655 -0.0019562653869184452 -0.035487092437375203 -0.019366902162243977 0.056249147159563667 0.054744096115351373 -0.0018948768931593418
leaf_weight=94.309626612812281 156.05632213875651 125.14720868319273 158.87638488411903 157.86160131543875 184.77612566947937 59.209734797477722 75.588617101311684 45.820681039243937 67.53081351518631 146.17810130119324 210.31680881977081 129.73609699308872 63.590460985898972 120.10009221360087 44.38376197218895 134.46867537498474 55.069985523819923
leaf_count=289 591 480 336 508 400 169 247 341 149 321 495 300 401 375 334 301 587
internal_value=-0.00038215 -0.00335463 -0.000700074 -0.00322893 -0.00684248 -0.0206202 -0.0438447 -0.0235676 -0.00493468 0.00495656 0.016661 0.00423187 0.0283239 0.0137701 0.00239204 0.0269993 -0.0465471
internal_weight=2029.02 1872.96 1747.82 1653.51 1494.63 689.156 411.194 335.605 276.396 805.476 620.7 474.522 153.795 277.962 107.974 264.205 122.601
internal_count=6624 6033 5553 5264 4928 3111 2228 1981 1812 1817 1417 1096 1076 883 735 601 736
is_linear=0
shrinkage=0.05


Tree=131
num_leaves=17
num_cat=0
split_feature=76 47 32 54 36 33 41 9 32 50 56 56 79 27 79 76
split_gain=100.639 65.8603 75.4168 132.346 130.375 158.153 105.853 70.211 126.861 104.963 210.898 185.528 162.658 119.855 88.2286 69.6681
threshold=0.89826642159979364 0.64109554409479952 32.211111111111116 23.105555555555558 0.57698076047378655 3.0000000000000009 34.000000000000007 14.155333333333333 33.925824175824182 18.177032967032972 4.1861080288499659 4.1114966407355036 2.4402424979228541 19.981000000000005 2.6282613697338952 2.3243854832670179
decision_type=8 2 8 8 8 10 8 10 10 10 2 2 8 8 8 8
left_child=-1 2 3 6 5 -5 -2 8 14 11 -11 -9 -13 -14 -4 -8
right_child=1 -3 7 4 -6 -7 15 9 -10 10 -12 12 13 -15 -16 -17
leaf_value=0.047034161863274693 -0.056482371073022244 -0.039193424656662125 -0.019783221674185884 0.024126445900317414 0.037568952221174734 -0.05819036320715161 0.025023499449394457 -0.022760787269756447 -0.056893207596406127 0.044755019268504351 -0.050972445821719552 0.10542161071700568 0.064443832657006914 -0.019616547795294766 0.044832584714213176 -0.030528426148417134
leaf_weight=98.755952641367912 216.5734731554985 126.52895488590002 110.31338700652122 113.73244202882051 194.21964690089226 117.9306085370481 94.422709375619888 102.77101042494178 101.38204096630216 102.44975121691823 128.67657209932804 102.16739405691624 90.419979393482208 78.409574821591377 99.652845460921526 137.26628978177905
leaf_count=220 538 514 245 383 575 334 227 443 369 424 497 212 390 299 407 573
internal_value=-0.00193071 -0.0044765 -0.0020025 -0.0125015 0.00745326 -0.0178478 -0.0314344 0.00801684 -0.0112517 0.0179369 -0.00853 0.0342822 0.055919 0.025518 0.0109515 -0.00787851
internal_weight=2015.67 1916.92 1790.39 874.145 425.883 231.663 448.262 916.243 311.348 604.894 231.126 373.768 270.997 168.83 209.966 231.689
internal_count=6650 6430 5916 2630 1292 717 1338 3286 1021 2265 921 1344 901 689 652 800
is_linear=0
shrinkage=0.05


Tree=132
num_leaves=18
num_cat=0
split_feature=36 36 4 79 41 3 79 41 48 56 76 14 79 56 52 41 64
split_gain=112.649 126.135 199.108 122.926 89.2944 99.4841 131.687 137.254 216.23 146.67 130.773 114.902 98.826 79.0809 69.2443 68.8086 35.6005
threshold=0.98941666120792804 0.91331959127937778 23.971020755841128 2.6492602467743294 187.50000000000003 12.506060606060608 2.3980601357163969 13.500000000000002 21.757352941176475 4.1619899560577531 3.6210879005690333 0.9603846153846155 2.0464071325619226 4.348710543648985 241.17424242424246 39.500000000000007 36.500000000000007
decision_type=8 10 10 8 10 8 8 8 2 2 8 8 10 2 8 10 10
left_child=1 2 4 -2 5 10 12 8 -8 -10 -1 -9 -7 16 -3 -12 -13
right_child=3 14 -4 -5 -6 6 7 11 9 -11 15 13 -14 -15 -16 -17 -18
leaf_value=0.049030008534080363 -0.089257815934410373 0.012171504251632267 -0.068575112231206312 0.00015944357393200831 0.049811348774165945 -0.0045317233748108435 0.073525147610231462 -0.071711104832083414 0.04348328982945051 -0.046470681927811244 0.020043741634904549 -0.050924871953392264 -0.054841196080947986 0.033226325434636397 0.071385658917187525 -0.031770156597074516 0.00075021803370717874
leaf_weight=213.79568411409855 68.533234044909477 98.207873098552227 98.565130081027746 85.936210051178932 99.974345505237579 190.66397041082382 147.96699447184801 73.329157758504152 78.86302974075079 103.78996462002397 137.93742216750979 66.768248554319143 199.43759955465794 99.487055692821741 99.299420893192291 117.93692365288734 65.530666768550873
leaf_count=454 186 261 325 502 395 474 548 289 313 376 471 236 381 369 341 426 369
internal_value=0.00108303 0.00444348 2.48176e-05 -0.0398311 0.00430306 0.00122959 -0.00749635 0.00653848 0.0288157 -0.00760649 0.0202639 -0.0176162 -0.0303267 -0.000267891 0.0421518 -0.00386889 -0.0255154
internal_weight=2046.02 1891.55 1694.05 154.469 1595.48 1495.51 1025.84 635.735 330.62 182.653 469.67 305.115 390.102 231.786 197.507 255.874 132.299
internal_count=6716 6028 5426 688 5101 4706 3355 2500 1237 689 1351 1263 855 974 602 897 605
is_linear=0
shrinkage=0.05


Tree=133
num_leaves=12
num_cat=0
split_feature=26 77 3 31 23 62 40 20 44 42 6
split_gain=86.7119 130.841 107.955 101.202 85.5183 152.911 145.346 150.008 179.445 99.0995 70.774
threshold=6.5000000000000009 0.88807964493115199 15.437461538461539 0.25166666666666676 9.5741758241758266 22.875000000000004 7.5000000000000009 5.3333333333333348 0.59188655152295733 4.5000000000000009 10.72718285342979
decision_type=2 10 8 10 8 2 2 10 10 2 8
left_child=1 3 -3 10 5 6 7 8 -2 -7 -1
right_child=4 2 -4 -5 -6 9 -8 -9 -10 -11 -12
leaf_value=-0.0031619740088891374 0.027526543830853289 -0.014514800619474119 -0.0691934632547581 -0.025588432202867158 -0.025260041172602506 0.064524448053719652 0.027526543830853289 -0.065156352248211563 -0.051299516428326135 0.027526543830853289 0.057173502486879649
leaf_weight=85.940884422510862 105.6002261005342 247.21713051199913 141.85147561132908 131.48508500307798 182.86761494353414 180.54471128433943 176.86724906787276 149.02154441922903 94.027828343212605 473.26823163405061 110.57420825585723
leaf_count=490 317 550 372 466 552 575 588 497 328 1603 451
internal_value=-0.000941488 -0.0150029 -0.0345765 0.00824953 0.0064661 0.0114028 -0.00867145 -0.0273778 0.00100788 0.0275265 0.0309049
internal_weight=2079.27 717.069 389.069 328 1362.2 1179.33 525.517 348.65 199.628 653.813 196.515
internal_count=6789 2329 922 1407 4460 3908 1730 1142 645 2178 941
is_linear=0
shrinkage=0.05


Tree=134
num_leaves=19
num_cat=0
split_feature=15 5 19 33 46 65 55 76 51 76 12 32 21 13 50 5 49 20
split_gain=78.2856 174.503 169.354 136.117 166.335 115.686 172.947 155.326 112.375 120.909 99.0946 151.302 124.718 106.869 89.5134 78.7675 69.7706 36.6238
threshold=0.97726540919660998 20.203333333333337 1.7071428571428573 4.322916666666667 61.514705882352949 8.5000000000000018 17.834375000000005 1.1167572121779739 4.1928317375918382 1.3510229077788873 0.10998084226984485 30.193750000000005 4.3662601626016269 0.062390791598620356 17.22066666666667 20.783333333333335 6.5000000000000009 3.1909090909090918
decision_type=8 10 8 10 2 8 2 8 8 8 10 8 8 10 10 8 2 10
left_child=1 10 16 8 -5 7 15 -6 17 -10 12 -12 13 14 -1 -7 -2 -4
right_child=2 -3 3 4 5 6 -8 -9 9 -11 11 -13 -14 -15 -16 -17 -18 -19
leaf_value=-0.059668951466692481 -0.093674487010043661 0.065828847751472103 0.013559492260383294 -0.06453409973415046 0.083551208561596049 -0.017248897180081508 0.028036092353406983 -0.015549882547641808 0.082424505869510875 0.012908604459422674 -0.066873040592465835 0.013896805545270598 0.053364881352275934 0.02810642239539074 0.0069939788333515697 -0.081843253191054621 -0.021736287889305535 -0.031549001068780017
leaf_weight=95.460956979542971 69.562394596636295 131.6898815818131 89.396113060414791 132.22504959255457 77.502468317747116 98.392135448753834 119.53054145351052 79.130258038640022 108.64385490119457 146.68491368740797 106.97334850206971 124.62204787135124 153.92922057583928 179.18411799892783 104.9683622457087 90.927009329199791 66.024749662727118 88.752592384815216
leaf_count=267 324 407 299 346 190 328 410 432 247 498 295 378 516 534 374 309 319 305
internal_value=0.00179468 0.0128951 -0.0067413 0.0001884 -0.0152719 -0.00117013 -0.0189085 0.0337047 0.0214922 0.0426942 0.00371051 -0.0235377 0.0155601 0.000130703 -0.024895 -0.0485396 -0.0590595 -0.00896395
internal_weight=2063.6 896.828 1166.77 1031.18 597.707 465.482 308.85 156.633 433.477 255.329 765.138 231.595 533.543 379.613 200.429 189.319 135.587 178.149
internal_count=6778 2771 4007 3364 2015 1669 1047 622 1349 745 2364 673 1691 1175 641 637 643 604
is_linear=0
shrinkage=0.05


Tree=135
num_leaves=19
num_cat=0
split_feature=45 6 6 62 51 51 9 20 36 30 6 25 9 15 32 20 25 13
split_gain=96.563 118.934 156.02 105.686 85.7492 154.295 99.8008 90.9214 159.708 189.19 149.043 127.039 136.074 134.871 118.855 78.844 58.2782 43.409
threshold=31.630681818181824 10.419131400562573 9.1970604786094317 16.125000000000004 3.4241027789414891 3.8325094362595888 17.174666666666671 6.3333333333333348 0.94902479037885523 0.15672156442066237 7.0534405720469318 0.050416666666666672 15.985000000000001 0.82724880649324117 21.788888888888895 7.8397435897435903 0.017386363636363592 0.079676516168946568
decision_type=10 10 10 2 8 8 8 10 8 10 8 10 10 10 10 10 8 8
left_child=1 2 3 -1 -5 6 -6 8 9 11 15 12 13 14 17 -9 -14 -7
right_child=-2 -3 -4 4 5 7 -8 10 -10 -11 -12 -13 16 -15 -16 -17 -18 -19
leaf_value=-0.050886495343126614 -0.051313451139788913 0.054548639868946563 -0.065762785203527171 0.044222080305794581 -0.050886495343126614 0.0012432208987278705 0.0051424788796343556 -0.0059304571026695873 -0.046178645603896257 0.076190747139127143 0.021888397052585811 0.064605163011120112 -0.0035438554856119606 0.062714991822496471 -0.035012048503025736 -0.050886495343126614 -0.050886495343126614 0.047078755456185117
leaf_weight=94.576443705707788 96.574757024645805 92.927410379052162 93.345111764967442 117.22448735684156 116.11793941631913 99.035149946808815 86.225630860775709 107.29317104816437 97.047735095024109 131.38872496783733 160.39848455041647 95.825549062341452 88.049628015607595 120.38006897270679 134.84507285058498 109.77692750096321 89.520147614181042 107.09916413202882
leaf_count=256 343 305 320 486 409 311 350 323 394 354 521 293 332 381 402 322 281 334
internal_value=-0.00277827 -0.000338314 -0.00312611 0.000241344 0.00318277 3.83229e-05 -0.0405487 0.00618972 0.0143376 0.0211636 -0.0145843 0.0112335 0.00314045 0.0174533 0.00133729 -0.0415116 -0.0339364 0.0251699
internal_weight=2037.65 1941.08 1848.15 1754.8 1660.23 1543 202.344 1340.66 963.191 866.144 377.469 734.755 638.929 461.359 340.979 217.07 177.57 206.134
internal_count=6717 6374 6069 5749 5493 5007 759 4248 3082 2688 1166 2334 2041 1428 1047 645 613 645
is_linear=0
shrinkage=0.05


Tree=136
num_leaves=17
num_cat=0
split_feature=13 76 13 36 36 44 76 50 58 65 56 16 32 36 60 53
split_gain=100.869 102.033 111.344 103.33 86.0292 157.533 141.018 301.01 118.123 117.282 158.671 133.731 99.5013 99.0373 69.4837 70.396
threshold=0.24097743351083775 1.0802755824220227 0.13472908544129988 0.98581216363239166 0.50709988263025119 0.64664244175947883 1.1167572121779739 18.177032967032972 27.757352941176475 1.5000000000000002 4.0806115254075257 33.138095238095246 32.138461538461549 0.38436240719076836 4.7500000000000009 2.4330357142857149
decision_type=10 8 8 10 10 8 10 8 2 10 2 8 10 8 2 8
left_child=1 2 -1 4 6 8 13 -8 9 11 -11 -6 -12 14 15 -3
right_child=-2 3 -4 -5 5 -7 7 -9 -10 10 12 -13 -14 -15 -16 -17
leaf_value=0.052335922071895816 -0.036749360798582598 0.0041520865071992055 -0.0012384682543179898 -0.050124244769108088 0.064453490633677002 0.066435704429485945 0.008841285095081617 -0.092524317226500924 0.056177252712054163 0.02335140850086076 -0.10160106449502465 -0.021502767608954382 -0.021524041853424904 -0.0447157826013381 -0.020532944105144727 0.053808462552067074
leaf_weight=191.56615191698074 178.0914405323565 142.13614632189274 195.29237745702267 108.81188103184104 89.728382579982281 115.63768963143229 157.96595460176468 135.29182659089565 82.653766490519047 84.349783066660166 76.878115404397249 89.523743145167828 78.658327497541904 77.735788151621819 92.64201533421874 142.73161995410919
leaf_count=466 472 530 418 491 259 477 347 325 264 426 274 347 368 464 327 480
internal_value=-0.00090909 0.00253748 0.0253572 -0.00346178 0.000289358 0.0140931 -0.0111007 -0.0380783 0.00192258 -0.00888465 -0.0316914 0.0216433 -0.0615005 0.00632294 0.0169231 0.0291334
internal_weight=2039.7 1861.6 386.859 1474.75 1365.93 617.43 748.503 293.258 501.792 419.138 239.886 179.252 155.536 455.246 377.51 284.868
internal_count=6735 6263 884 5379 4888 2415 2473 672 1938 1674 1068 606 642 1801 1337 1010
is_linear=0
shrinkage=0.05


Tree=137
num_leaves=17
num_cat=0
split_feature=20 31 61 55 12 12 56 40 76 21 48 57 60 56 79 27
split_gain=78.2971 98.5556 99.4937 150.731 78.6008 84.0628 62.0348 102.565 177.096 123.171 127.554 117.994 89.2651 78.9987 95.2935 67.1245
threshold=9.839743589743593 0.99656862745098052 40.750000000000007 17.687536764705886 0.24838381055364503 0.19180566670653962 4.7391443618906584 8.5000000000000018 1.3510229077788873 3.3380952380952387 22.150735294117649 228.2352941176471 3.2500000000000004 4.313188751307564 2.1016868634018753 16.549080882352946
decision_type=10 10 2 2 10 10 2 2 10 10 2 2 2 2 10 10
left_child=1 2 3 -1 5 6 7 8 9 10 -4 -9 -12 14 -11 -13
right_child=-2 -3 4 -5 -6 -7 -8 11 -10 13 12 15 -14 -15 -16 -17
leaf_value=0.051275803666109759 -0.033978345532707357 0.044280845458916231 -0.063030487745586866 -0.019835423498516538 0.036045461487123669 -0.053948397700789824 0.017931335660642821 0.064013493708395361 -0.076574013521220397 -0.0054648953910229146 0.021984527787648058 -0.031257015427626419 -0.042557785696917948 -0.021819310842087308 0.068902932964103089 0.025399988224089877
leaf_weight=191.66879730671644 171.05108674615622 123.3344749584794 159.3300208710134 120.81581574678421 96.993777420371771 101.17236681655049 210.58917684108019 81.785210598260164 121.04784113168716 78.633137866854668 130.34812760725617 118.17622248828411 89.483354456722736 92.774762522429228 93.89405469596386 92.169757585972548
leaf_count=540 548 499 590 301 240 318 598 286 304 443 478 382 321 281 207 421
internal_value=-0.00167754 0.00124334 -0.00176376 0.0238065 -0.00722522 -0.0103141 -0.00679345 -0.0117287 -0.02134 -0.0108629 -0.0291161 0.0134438 -0.00436145 0.0152353 0.035172 -0.00642824
internal_weight=2073.27 1902.22 1778.88 312.485 1466.4 1369.4 1268.23 1057.64 765.511 644.463 379.162 292.131 219.831 265.302 172.527 210.346
internal_count=6757 6209 5710 841 4869 4629 4311 3713 2624 2320 1389 1089 799 931 650 803
is_linear=0
shrinkage=0.05


Tree=138
num_leaves=18
num_cat=0
split_feature=69 53 12 6 79 79 39 50 21 50 10 6 8 3 59 64 73
split_gain=80.8268 100.956 141.579 141.454 127.036 162.248 119.49 106.479 135.934 92.6834 161.582 163.901 99.1342 78.2403 102.11 66.677 58.6517
threshold=0.099322032644401079 2.3229166666666674 0.09918423174789899 4.9142669781476025 2.004643255124845 2.4388504949275465 28.245037645448328 15.873875000000002 5.4127789046653154 16.75509523809524 0.0013148800884649943 6.2538209349739606 17.181497383100886 12.791333333333336 0.75000000000000011 44.500000000000007 10.500000000000002
decision_type=2 10 8 8 10 10 2 10 8 8 8 8 10 10 2 10 2
left_child=1 4 3 -3 13 -6 -7 -4 -9 12 11 -11 -2 -1 -15 -13 -5
right_child=9 2 7 16 5 6 -8 8 -10 10 -12 15 -14 14 -16 -17 -18
leaf_value=0.063311764813283725 -0.063356203264736274 0.044533169985919198 0.002871692972312035 -0.056615028965980557 -0.061859932393750032 0.02328082231638566 -0.035151981083120919 0.092035855247746962 0.015751492503592587 0.022238417131109276 0.055855048103158368 -0.08236443711332353 -0.0012678120135662125 -0.04636419947838942 0.049815366225426483 -0.019583959936448344 -0.00093825754749040854
leaf_weight=84.973120860755444 155.96552622318268 92.015038780868053 120.72061362490058 100.69063777849078 157.42578680813313 208.86932855844498 149.03879998624325 140.21520239114761 100.40589778497815 140.47874139994383 97.445613637566566 82.963407516479492 108.95864093676209 56.896479211747646 51.728590950369835 86.875539857894182 88.502203889191151
leaf_count=433 486 305 330 314 327 491 330 433 320 512 356 269 361 372 330 338 351
internal_value=-0.00080682 0.00624171 0.0205808 -0.00602017 -0.00676538 -0.0197323 -0.0010817 0.041242 0.060401 -0.0149561 2.05447e-05 -0.0176356 -0.0379211 0.0276749 -0.000525699 -0.0505538 -0.030712
internal_weight=2024.17 1351.48 642.55 281.208 708.932 515.334 357.908 361.342 240.621 672.687 407.763 310.318 264.924 193.598 108.625 169.839 189.193
internal_count=6658 4336 2053 970 2283 1148 821 1083 753 2322 1475 1119 847 1135 702 607 665
is_linear=0
shrinkage=0.05


Tree=139
num_leaves=18
num_cat=0
split_feature=52 47 58 50 47 42 0 57 64 25 30 57 76 61 32 1 32
split_gain=83.8242 72.2047 149.854 129.976 139.391 125.341 174.444 127.637 96.7847 92.8389 117.151 120.8 132.035 120.258 145.966 101.324 89.4722
threshold=191.89010989010993 0.55832022448025176 26.588235294117652 15.207166666666668 0.57177042047298043 3.5000000000000004 7.5000000000000009 237.96875000000003 45.500000000000007 0.034999999999999969 0.099582347358807846 223.43750000000003 1.0131459495520772 43.250000000000007 35.289915966386566 1.5000000000000002 33.483333333333341
decision_type=8 2 2 8 2 2 2 2 10 10 8 2 10 2 10 8 8
left_child=-1 2 5 8 -5 -2 7 -7 -3 10 11 -6 15 -12 16 -13 -15
right_child=1 3 -4 4 9 6 -8 -9 -10 -11 13 12 -14 14 -16 -17 -18
leaf_value=0.030144619408638773 -0.046794011740298042 0.046811504216705338 0.057105064283664325 -0.058718752019879528 0.026497214176538005 0.073605074616182362 -0.033026652629153573 -0.0027122424284905041 -0.012651265275080656 -0.049099094338436816 0.062343462650177574 0.036576434122293909 -0.093268266157949919 0.01140447300492215 0.05155791224881804 -0.061450084076133699 -0.057133705442390839
leaf_weight=197.1492208018899 120.97994917631149 146.64978945627809 131.21076730638742 184.16252356395125 72.972859807312489 120.59547910094261 133.28183136880398 99.588019020855427 126.90949149057269 127.93330851197243 98.921341937035322 54.323191039264202 88.429194524884224 86.562881134450436 87.380030699074268 49.394784536212683 104.07531865313649
leaf_count=481 333 440 391 501 277 357 457 344 461 446 326 433 247 242 312 221 425
internal_value=-0.000750546 -0.00408744 0.0100293 -0.011054 -0.0197619 -0.00308255 0.0119683 0.0392309 0.01928 -0.0103804 -0.00260111 -0.0280102 -0.0487408 0.0152972 -0.00160579 -0.0102488 -0.0261155
internal_weight=2030.52 1833.37 605.656 1227.71 954.155 474.445 353.465 220.183 273.559 769.993 642.06 265.12 192.147 376.94 278.018 103.718 190.638
internal_count=6694 6213 1882 4331 3430 1491 1158 701 901 2929 2483 1178 901 1305 979 654 667
is_linear=0
shrinkage=0.05


Tree=140
num_leaves=16
num_cat=0
split_feature=41 21 31 20 76 50 36 21 64 5 45 5 46 14 46
split_gain=75.633 93.0025 129.385 191.89 129.901 119.452 102.287 146.329 125.243 200.818 158.322 155.494 103.21 91.9313 87.7713
threshold=1.0000000180025095e-35 1.2071428571428573 0.97911538461538472 5.654761904761906 1.0217512132975457 12.37514285714286 0.84229967265189787 4.0651528013582352 71.500000000000014 17.563333333333336 25.483333333333338 9.8700000000000028 62.121323529411775 0.97925824175824194 63.093750000000007
decision_type=10 8 10 8 10 10 8 8 8 10 8 10 2 10 2
left_child=-1 13 5 -4 -5 -3 8 -8 10 14 11 -7 -13 -2 -10
right_child=1 2 3 4 -6 6 7 -9 9 -11 -12 12 -14 -15 -16
leaf_value=-0.034472815512364662 0.0038790173726433782 0.041276948713648814 0.019307616403355678 -0.013299483966491433 -0.085978581131896936 0.040404802899974473 -0.018576862206660442 0.056371973244573284 0.018760056442099247 -0.083838471560876787 0.067755302852560081 -0.073243109199086762 0.00013013611713377633 0.066065535715746124 -0.037223615010356044
leaf_weight=159.03726160153747 140.98097928240895 189.94806018844247 136.83457148075104 109.82770145684481 139.89882157742977 105.76935618370771 111.32498983666301 154.60905975848436 151.6436949595809 121.00445985794067 88.768760871142149 90.625153794884682 100.48816487193108 101.91064168512821 128.38246287032962
leaf_count=540 491 539 491 491 386 333 349 504 399 348 295 269 448 400 424
internal_value=-0.00148114 0.00133857 -0.00297058 -0.0281942 -0.0541954 0.00489283 -0.00170575 0.0250449 -0.010769 -0.0302991 0.00956572 -0.00800217 -0.0348633 0.0301347 -0.00694768
internal_weight=2031.05 1872.02 1629.13 386.561 249.727 1242.56 1052.62 265.934 786.682 401.031 385.651 296.883 191.113 242.892 280.026
internal_count=6707 6167 5276 1368 877 3908 3369 853 2516 1171 1345 1050 717 891 823
is_linear=0
shrinkage=0.05


Tree=141
num_leaves=17
num_cat=0
split_feature=3 44 44 62 9 66 55 16 27 21 44 31 13 31 51 9
split_gain=96.2292 179.033 100.886 154.951 208.361 97.5386 118.012 127.832 149.047 122.887 109.427 95.262 94.5771 56.5097 50.2132 3.51171
threshold=22.279090909090915 0.56977414768917156 0.56977414768917156 24.375000000000004 14.151333333333334 7.5000000000000009 18.533235294117649 29.26136363636364 12.966031746031748 2.5071428571428576 0.62465749311232732 0.95287581699346424 0.17680610928530777 0.98845098039215695 4.1868835494615668 16.187333333333338
decision_type=10 10 8 2 10 2 2 10 8 10 10 8 10 8 10 10
left_child=2 -2 3 12 -5 6 7 8 -4 -9 -8 -11 15 -13 -7 -1
right_child=1 -3 5 4 -6 14 10 9 -10 11 -12 13 -14 -15 -16 -17
leaf_value=0.00053498355776929402 -0.079644601766549472 0.015744043730828692 0.0067991041979858355 0.00053498355776929402 0.088046827128120564 -0.068833397261335069 0.052074841298123786 0.052851913855394117 -0.064287250315941208 0.028874203119769432 -0.016185189945085471 -0.065379108994988638 -0.043514555309882984 -0.0050890350612885805 -0.015652564492556423 0.029300015263858305
leaf_weight=277.67574235796928 101.67389544099569 93.898487623780966 124.35209941118956 114.39907405897975 143.84149966388941 82.967417322099209 167.76600911840796 108.77000327035785 179.53777723386884 94.084997341036797 89.44015184789896 75.329123131930828 120.85507448762655 79.56184184551239 95.804872892796993 101.24543591961265
leaf_count=809 280 393 384 326 441 317 549 437 552 260 316 243 333 395 341 330
internal_value=-0.000733043 -0.0339994 0.00278945 0.0168067 0.048174 -0.0068974 -0.000307202 -0.0114803 -0.0352717 0.00877152 0.0283675 -0.0106203 0.000534984 -0.0346416 -0.0405792 0.000534984
internal_weight=2051.2 195.572 1855.63 758.017 258.241 1097.61 918.842 661.636 303.89 357.746 257.206 248.976 499.776 154.891 178.772 378.921
internal_count=6706 673 6033 2239 767 3794 3136 2271 936 1335 865 898 1472 638 658 1139
is_linear=0
shrinkage=0.05


Tree=142
num_leaves=18
num_cat=0
split_feature=43 39 69 32 69 52 45 52 59 23 45 33 47 51 79 45 53
split_gain=89.0254 106.082 108.073 95.367 107.613 140.267 125.188 102.084 119.85 84.3139 137.147 126.013 110.021 88.1694 179.421 118.09 124.754
threshold=55.033333333333339 23.787816563997264 0.075057353665135093 38.790441176470594 0.11737700833445515 191.89010989010993 26.118055555555561 214.5277777777778 0.75000000000000011 7.9364161043885586 26.933035714285719 7.4330357142857144 0.55879795260529219 4.7341098841906826 2.6020758854227286 18.930952380952384 2.7416666666666671
decision_type=8 2 2 10 2 8 8 8 2 8 10 10 2 10 10 10 8
left_child=-1 2 -2 4 5 -3 7 -6 -9 11 12 13 -11 14 15 -7 -17
right_child=1 3 -4 -5 6 9 -8 8 -10 10 -12 -13 -14 -15 -16 16 -18
leaf_value=0.044361381261986493 -0.000996758774913453 0.05876865222078969 0.062958777744511488 -0.059132403875141293 -0.085155665909427802 -0.021579012208009316 0.015828411671297088 0.011576041326578615 -0.058050528674057002 0.038993309781449249 -0.068447265381680458 0.055841138532721171 -0.028637997934866457 -0.04334900664637327 -0.034602708362135914 0.084256176889239642 0.00029073478553260816
leaf_weight=95.712106868624687 170.49238267913461 97.723816070705652 106.80100007355213 90.771595645695925 98.052781119942665 71.814964335411787 126.33716541901231 117.6326702684164 128.58139168471098 97.718410037457943 112.63083374127746 109.42740393429995 152.85946023091674 106.33968210965395 157.39676196873188 119.47787244990468 69.917387310415506
leaf_count=223 571 249 383 477 246 255 432 424 462 263 368 337 517 291 374 560 281
internal_value=-0.00245663 -0.00479538 0.0237738 -0.0095887 -0.00668088 0.00191551 -0.0266502 -0.0422394 -0.0248731 -0.00370713 -0.0228841 0.00729132 -0.00221351 -0.00291603 0.00743408 0.0327994 0.0534237
internal_weight=2029.69 1933.98 277.293 1656.68 1565.91 1095.31 470.604 344.267 246.214 997.583 363.209 634.374 250.578 524.947 418.607 261.21 189.395
internal_count=6713 6490 954 5536 5059 3495 1564 1132 886 3246 1148 2098 780 1761 1470 1096 841
is_linear=0
shrinkage=0.05


Tree=143
num_leaves=17
num_cat=0
split_feature=30 19 57 6 76 6 64 27 51 54 62 36 52 50 6 5
split_gain=69.6803 124.387 126.003 105.978 186.279 162.688 114.159 152.791 118.153 170.893 96.2083 93.4727 90.6122 82.7565 74.5013 74.2807
threshold=0.10831295604793049 3.0871212121212124 223.43750000000003 10.342510362755373 2.4153322551995657 8.7107449054622261 51.500000000000007 17.117500000000003 4.044778613199667 21.839743589743595 18.875000000000004 0.092133455300444977 275.04545454545456 18.254500000000004 3.8380235022611795 17.15666666666667
decision_type=8 8 2 8 8 10 10 10 10 10 2 8 10 8 10 10
left_child=1 2 -1 5 -5 6 8 -8 -2 -10 -4 -6 14 -3 -12 -16
right_child=3 13 10 4 11 -7 7 -9 9 -11 12 -13 -14 -15 15 -17
leaf_value=0.038069672636700101 0.030342237697355192 -0.0077148363679509779 -0.064002696790511779 0.061306473075127127 0.030013913911441162 -0.059717707693263899 0.0011379711253419861 0.074796051418184892 0.021859359453733448 -0.056484646444835064 -0.026178719622634246 -0.04597191944753011 -0.048347727657965169 -0.065926970321929054 0.058671962117150658 -0.0059325018274174269
leaf_weight=173.55795123800635 129.03538677096367 111.08773835748434 73.561161652207375 213.04898822307587 76.175189036875963 103.17554904520512 172.2369297966361 118.11541318148375 111.30828458815813 182.88514500111341 83.207234282046556 84.176653910428286 77.815036021173 135.36582313850522 101.93436127156019 78.069281738251448
leaf_count=585 442 337 238 438 247 324 538 382 304 541 315 360 467 452 387 315
internal_value=0.000985344 -0.0100842 0.00242481 0.00874983 0.0307777 -0.00134607 0.00716555 0.031256 -0.00939619 -0.0268695 -0.0125528 -0.00991253 -0.00130014 -0.0398253 0.0127392 0.0307744
internal_weight=2024.76 834.599 588.145 1190.16 373.401 816.757 713.581 290.352 423.229 294.193 414.587 160.352 341.026 246.454 263.211 180.004
internal_count=6672 3096 2307 3576 1045 2531 2207 920 1287 845 1722 607 1484 789 1017 702
is_linear=0
shrinkage=0.05


Tree=144
num_leaves=19
num_cat=0
split_feature=76 44 58 31 52 61 30 69 5 21 60 39 12 52 75 51 50 24
split_gain=90.7328 106.796 81.2814 157.274 92.6511 127.885 124.102 117.909 134.603 122.239 84.6368 136.729 94.5463 123.188 169.816 93.2763 67.3018 75.5062
threshold=0.8859880441725515 0.66471463892477367 27.330882352941178 0.95422222222222242 223.08333333333334 40.750000000000007 0.18174414277383891 0.011075710004281434 12.023333333333335 2.1647286821705429 -4.7499999999999991 35.200547570157433 0.097874431686101535 245.04166666666671 22.350000000000005 4.330781724522355 16.701875000000005 -2.5717833333333338
decision_type=8 10 2 8 10 2 10 2 10 10 2 2 10 10 8 10 10 10
left_child=-1 2 4 -4 6 -6 7 9 -9 -2 15 12 13 -12 -15 -7 -14 -18
right_child=1 -3 3 -5 5 10 -8 8 -10 -11 11 -13 16 14 -16 -17 17 -19
leaf_value=0.046046630583098908 0.0025693187496385185 -0.054065636629664619 0.065226388924210288 -0.0081984501444569736 0.056880400140500567 -0.068678386203936528 -0.066991946908298197 -0.018340091018272608 0.04889768208958134 -0.067561181307167595 0.029099462721701039 0.069645863312040632 0.04648616574893695 -0.10695983964000084 -0.0024302658510440937 0.0054234826665135712 0.036427197236310709 -0.027426160866282245
leaf_weight=99.103571340441704 117.54398637264967 95.417389437556267 128.57770759612322 166.38190428167582 106.96096828952432 85.7327726110816 110.40713623166084 163.78629858791828 134.86025655642152 130.64328256994486 69.205917704850435 76.293126937001944 115.41152532026172 71.224142700433731 84.198550134897232 82.942711159586906 76.440102811902761 114.12788377702236
leaf_count=212 332 413 352 541 354 328 250 475 408 322 254 303 364 202 527 294 274 466
internal_value=-0.000368026 -0.00277379 -7.8308e-05 0.0239209 -0.00468813 0.00589489 -0.0188863 -0.00906907 0.0120844 -0.0344697 -0.00120079 0.00751586 -0.00153167 -0.0261012 -0.0507096 -0.0324231 0.0165318 -0.00175703
internal_weight=2029.26 1930.16 1834.74 294.96 1539.78 882.538 657.241 546.834 298.647 248.187 775.577 606.901 530.608 224.629 155.423 168.675 305.98 190.568
internal_count=6671 6459 6046 893 5153 3366 1787 1537 883 654 3012 2390 2087 983 729 622 1104 740
is_linear=0
shrinkage=0.05


Tree=145
num_leaves=18
num_cat=0
split_feature=36 21 4 20 52 6 76 3 36 79 24 64 57 61 43 30 20
split_gain=63.0979 181.949 241.812 148.259 116.675 128.082 125.195 143.721 137.429 119.46 115.668 106.574 97.9288 86.4584 76.8135 61.0336 42.9647
threshold=0.76481974585991275 4.0651528013582352 22.369948774567423 9.839743589743593 245.38095238095241 4.5907405165895234 3.6210879005690333 17.242380952380959 0.30976200260385095 2.8535063465508554 0.29281666666666523 54.500000000000007 250.08088235294119 42.250000000000007 62.345238095238102 0.10831295604793049 0.68333333333333302
decision_type=8 10 10 8 10 10 8 10 10 8 8 10 2 2 10 10 8
left_child=4 3 12 10 6 11 7 13 16 -7 -2 -6 -3 -1 -12 -11 -8
right_child=1 2 -4 -5 5 9 8 -9 -10 15 14 -13 -14 -15 -16 -17 -18
leaf_value=0.023593751133119342 0.022531782303777448 -0.040916496456712644 0.080071402321537671 -0.092436150684025595 0.038819483751243729 -0.069014887868752955 -0.0086355837110824226 -0.0089959128896688768 -0.059623349111997397 -0.034225163210658063 -0.080813107632500686 -0.028422693609458118 0.024764274585471979 0.073367182006613837 -0.015540419110118782 0.039115740140494022 0.034869523600672518
leaf_weight=172.00803060829639 103.23019153252244 138.26336705684662 94.941208284348249 92.003970250487328 143.80203291773796 144.45539255440235 116.01251713559031 152.11762075126171 92.078907132148743 60.379803635179996 77.777463685721159 98.443155135959387 94.916341878473759 179.00345367193222 106.77468989416957 51.742691557854414 109.50773645192385
leaf_count=332 423 414 287 354 521 403 288 327 513 396 236 403 371 365 474 265 333
internal_value=-0.00197579 -0.0140079 0.0132452 -0.0375264 0.00448485 -0.0145683 0.0160686 0.031561 -0.00849593 -0.0391192 -0.0197125 0.0114892 -0.0141894 0.0491128 -0.0433361 -0.000332952 0.0125502
internal_weight=2027.46 707.907 328.121 379.786 1319.55 498.823 820.728 503.129 317.599 256.578 287.782 242.245 233.18 351.011 184.552 112.122 225.52
internal_count=6705 2559 1072 1487 4146 1988 2158 1024 1134 1064 1133 924 785 697 710 661 621
is_linear=0
shrinkage=0.05


Tree=146
num_leaves=19
num_cat=0
split_feature=76 56 61 23 31 53 53 50 76 76 30 44 30 53 60 36 45 60
split_gain=56.3589 60.9909 111.052 148.954 88.1854 95.5293 83.2676 166.11 126.086 125.987 114.301 201.335 169.943 87.0771 83.5331 81.8258 81.0764 49.0629
threshold=0.89826642159979364 4.0520567314878049 47.250000000000007 6.5938446969696978 0.66422222222222238 2.3603896103896109 2.0954545454545461 20.342000000000002 1.0538569473735033 0.90908393768045581 0.24061101089121889 0.57970083081852397 0.11284326379324111 1.6306818181818186 3.2500000000000004 0.29087338298430854 24.966666666666672 -2.7499999999999996
decision_type=8 2 2 8 10 10 8 10 8 10 8 10 10 10 2 10 10 2
left_child=-1 2 3 -2 -5 -6 7 9 -8 15 11 12 -10 -11 17 -3 -4 -13
right_child=1 6 16 4 5 -7 8 -9 10 13 -12 14 -14 -15 -16 -17 -18 -19
leaf_value=0.036443647099203974 0.044585549585340299 0.022049377501676983 0.08786464647319972 0.019467196605015089 -0.080987824863035726 -0.0071878564600563848 -0.058376886314256263 -0.049317183104965009 -0.0033631573755266309 0.010833251391920569 -0.044984791946495926 -0.024824407832702938 0.069697138778332557 0.065021437693974907 0.0095926456190567576 -0.060284650253660699 0.012556230402577579 -0.079333023526485719
leaf_weight=99.491109639406204 118.35562480613589 57.169447802007198 70.386063907295465 82.639886502176523 84.220129549503326 90.768094174563885 149.58982703089714 99.088163334876299 182.62798975408077 139.5981879234314 162.7360718511045 86.068595100194216 139.96104121953249 158.25517497956753 83.392145238816738 61.984939750283957 72.352560840547085 80.779464468359947
leaf_count=220 397 213 314 374 361 297 320 312 580 304 487 329 407 357 337 423 299 308
internal_value=-5.8239e-05 -0.00196772 0.0126639 -0.00162245 -0.022941 -0.0429654 -0.00738929 0.00856252 -0.0166893 0.0224008 -0.00814363 0.00238279 0.0284528 0.0397457 -0.031204 -0.0209266 0.0500446 -0.0515302
internal_weight=2019.46 1919.97 518.722 375.984 257.628 174.988 1401.25 516.096 885.155 417.008 735.565 572.829 322.589 297.853 250.24 119.154 142.739 166.848
internal_count=6639 6419 2042 1429 1032 658 4377 1609 2768 1297 2448 1961 987 661 974 636 613 637
is_linear=0
shrinkage=0.05


Tree=147
num_leaves=19
num_cat=0
split_feature=58 73 58 48 60 56 40 51 51 57 25 32 79 64 33 48 41 79
split_gain=70.3497 94.3614 89.655 82.9386 99.2412 115.76 100.619 92.7424 172.089 100.914 102.536 148.986 163.451 149.853 139.802 110.397 99.5895 71.195
threshold=28.593750000000004 9.5000000000000018 27.330882352941178 17.093750000000004 -6.2499999999999991 4.2745512840828672 14.500000000000002 3.8325094362595888 3.956584568987183 200.34375000000003 -0.034999999999999858 24.954545454545457 2.4109359374267991 68.500000000000014 5.1846590909090908 25.281250000000004 37.500000000000007 2.5841681594858845
decision_type=2 2 2 2 2 2 2 8 8 2 8 10 8 8 10 2 10 8
left_child=2 -2 3 -1 5 -5 7 16 -9 -10 -11 13 -13 -12 -14 -16 17 -6
right_child=1 -3 -4 4 6 -7 -8 8 9 10 11 12 14 -15 15 -17 -18 -19
leaf_value=0.033565841135311046 -0.062836299276722268 0.0052475109772694081 0.041938946869537391 -0.081822334119370482 -0.084749718316631861 -0.0041077714718390033 0.049362933989858707 0.066455442293020001 0.044563913632960285 0.038932832844711829 0.059585061280016297 -0.070550574489404619 -0.061048721520277155 -0.018639914525336171 0.046301498728718832 -0.026697350231805889 0.01645979346926189 -0.023421096078571083
leaf_weight=143.10730719938874 106.91484605520964 96.040782406926155 119.25720638036728 87.269036304205656 82.934397116303444 105.06487300992012 90.333742659538984 93.075816836208105 92.798633810132742 93.142992727458477 105.93197843804955 178.62952360510826 92.052579805254936 142.4220521338284 111.43797519430518 95.127933088690042 78.903176072984934 111.01787997037172
leaf_count=427 344 322 302 321 180 340 321 309 236 296 361 420 355 415 484 355 344 536
internal_value=-0.00290224 -0.0307505 0.000214125 -0.00273024 -0.00607894 -0.0396106 -0.0013384 -0.00495944 0.00206966 -0.00457026 -0.0101868 -0.016537 -0.0328575 0.014831 -0.0101498 0.0127173 -0.0307527 -0.0499455
internal_weight=2025.46 202.956 1822.51 1703.25 1560.14 192.334 1367.81 1277.47 1004.62 911.544 818.745 725.602 477.248 248.354 298.618 206.566 272.855 193.952
internal_count=6668 666 6002 5700 5273 661 4612 4291 3231 2922 2686 2390 1614 776 1194 839 1060 716
is_linear=0
shrinkage=0.05


Tree=148
num_leaves=16
num_cat=0
split_feature=7 61 36 23 36 36 36 36 36 36 36 36 36 36 36
split_gain=85.0782 184.593 122.495 94.8139 90.0108 37.2342 27.6993 88.1926 40.8246 5.94345 31.7511 15.057 8.16191 9.79661 3.69814
threshold=23.176216666666672 37.750000000000007 0.53004982434593118 9.5741758241758266 0.99913865910700073 0.24482797625529965 0.90508356132302581 0.76481974585991275 0.83956536027413253 0.68612670603609749 0.35107554142840841 0.60812000988384052 0.53922512973456838 0.48897598839097212 0.40987842956355114
decision_type=8 2 10 8 8 8 10 8 10 10 8 8 10 8 10
left_child=1 -1 5 4 6 -2 7 9 -9 10 -3 12 13 14 -12
right_child=2 3 -4 -5 -6 -7 -8 8 -10 -11 11 -13 -14 -15 -16
leaf_value=-0.067906553414241941 0.033236586196151142 0.025441923654716439 0.064093422665366662 -0.044944603559621592 -0.04289590780185807 0.0029171420293202439 0.029234737587373202 -0.038667992278965439 -0.00030002695468787016 0.038679550850903965 -0.011032101326575129 -0.012896608193857359 0.019708585112195511 -0.0088149477430651997 0.0029171420293202439
leaf_weight=96.533781871199608 100.42318642884493 265.27026525884867 130.37347197905183 102.47860319912434 113.89989364147186 102.25670759007335 206.06330546736717 125.95056924968958 152.7864879257977 104.68694232031703 103.27268886566162 102.89076953008771 116.34819932281971 100.50299990922213 127.12750567868352
leaf_count=204 317 856 391 348 553 283 631 441 539 359 303 331 341 358 438
internal_value=0.00338911 -0.00110004 0.0264771 0.00291714 0.00291714 0.00291714 0.00291714 0.00291714 -0.0177133 0.0143454 0.00291714 0.00291714 0.00823437 0.00291714 0.00982299
internal_weight=2050.87 1717.81 333.053 1621.28 1518.8 202.68 1404.9 1198.84 278.737 920.099 815.412 550.142 447.251 330.903 230.4
internal_count=6693 5702 991 5498 5150 600 4597 3966 980 2986 2627 1771 1440 1099 741
is_linear=0
shrinkage=0.05


Tree=149
num_leaves=16
num_cat=0
split_feature=56 79 76 57 39 33 76 31 52 57 9 60 27 31 37
split_gain=62.6143 70.9417 76.4635 73.9177 72.546 84.7055 75.7538 83.0492 122.011 97.6953 45.6304 58.4403 57.7815 51.5537 39.0052
threshold=4.8614102369232333 4.0258413625958598 1.0241561892053541 201.43014705882356 23.787816563997264 2.9583333333333326 1.8588316527010533 0.93716666666666681 216.56439393939397 249.50000000000003 15.831000000000001 1.7500000000000002 17.423583333333337 0.66761904761904767 1.5000000000000002
decision_type=2 8 10 2 2 8 8 10 8 2 8 2 8 10 10
left_child=1 3 10 -1 -5 -6 7 -7 -9 -10 14 13 -13 -12 -3
right_child=-2 2 -4 4 5 6 -8 8 9 -11 11 12 -14 -15 -16
leaf_value=-0.038364171914055112 0.025098917871927914 0.074377393521295396 0.083435185869280781 0.02373038670530081 0.017730363347980189 0.015082945476988333 -0.041717818209623503 0.023165759773741704 -0.060748664566912372 -0.009755051983431821 0.017227156053369424 -0.030856640651812258 0.063839708574255624 -0.069512506754755662 -0.0015509590487430319
leaf_weight=173.99755501747131 207.12093376368284 38.461831133812666 40.028032064437866 202.3436520844698 244.25387527048588 260.01266506314278 209.42280495166779 124.11951303482056 177.22199176251888 199.55199524760246 26.241806373000145 26.034381199628115 39.325445793569088 46.585893869400024 29.532643020153046
leaf_count=336 538 435 107 545 559 543 533 255 407 542 346 304 453 491 323
internal_value=-0.000894658 -0.00383727 0.0210855 -0.00770512 -0.00391581 -0.00853727 -0.0151609 -0.00780649 -0.0196947 -0.0338381 0.00863671 -0.00789109 0.0262233 -0.0384478 0.0418543
internal_weight=2044.26 1837.13 246.21 1590.92 1416.93 1214.58 970.329 760.906 500.894 376.774 206.182 138.188 65.3598 72.8277 67.9945
internal_count=6717 6179 2459 3720 3384 2839 2280 1747 1204 949 2352 1594 757 837 758
is_linear=0
shrinkage=0.05


Tree=150
num_leaves=17
num_cat=0
split_feature=76 15 52 42 31 43 15 28 36 16 76 36 43 36 36 35
split_gain=82.5868 83.4892 105.252 152.494 99.0501 95.2365 109.336 125.205 104.797 98.0101 117.633 90.0687 82.8744 97.5388 118.802 57.9087
threshold=0.8859880441725515 0.97907277340198495 200.57777777777781 4.5000000000000009 0.97088888888888902 57.050000000000004 0.96864487735387639 18.860187500000006 0.84996501054206786 29.26136363636364 2.2498991448729906 0.21978062190591496 61.809090909090919 0.88900427754666589 0.59169258826419491 2.5000000000000004
decision_type=8 10 8 2 8 8 10 10 8 10 8 10 10 8 10 10
left_child=-1 5 -3 4 -4 -2 7 8 9 10 -7 15 -5 14 -14 -12
right_child=1 2 3 12 -6 6 -8 -9 -10 -11 11 -13 13 -15 -16 -17
leaf_value=0.047009454937488211 -0.038908150148045544 -0.054766540038843729 -0.0067087930072851441 0.0076761664392465253 0.063438752347376601 0.047695712821491272 0.060397643866521612 -0.045984378662615871 0.057980106562380729 -0.028026191379006728 0.041861231928920689 -0.033878640899380717 -0.063258248974288264 -0.073986155602179665 0.017808685544038031 -0.0045760637396179138
leaf_weight=92.504624724388123 100.58129850775003 129.16762443631887 94.19820848852396 158.14026854932308 106.61639948189259 190.63894525170326 103.28845532983541 100.7357468046248 110.17554412037134 164.68398438766599 122.16980260983109 130.56340783089399 74.54854829236865 110.84208333492279 111.68432174995542 147.18375002592802
leaf_count=199 220 350 319 477 446 385 324 314 409 574 400 516 333 460 486 464
internal_value=0.00110383 -0.00109096 -0.0136937 -0.00553567 0.0306637 0.00737115 0.011756 0.00649881 0.012654 0.00597379 0.0154865 5.17612e-05 -0.021537 -0.0370614 -0.0148067 0.0165633
internal_weight=2047.72 1955.22 785.197 656.03 200.815 1170.02 1069.44 966.151 865.415 755.24 590.556 399.917 455.215 297.075 186.233 269.354
internal_count=6676 6477 2871 2521 765 3606 3386 3062 2748 2339 1765 1380 1756 1279 819 864
is_linear=0
shrinkage=0.05


Tree=151
num_leaves=17
num_cat=0
split_feature=44 44 16 24 50 64 24 5 5 60 6 70 58 76 64 54
split_gain=73.2242 96.4248 116.447 81.6427 89.6309 80.3959 87.3668 156.421 150.747 134.229 141.693 178.044 136.191 133.984 118.818 78.0109
threshold=0.66471463892477367 0.63976514475991098 34.966666666666676 -5.2031893939393932 18.433095238095241 37.500000000000007 1.5410730769230769 17.431666666666668 12.836666666666668 3.2500000000000004 10.224699343534605 0.0032362798491830757 20.878676470588239 1.0573743971505689 45.500000000000007 18.930952380952384
decision_type=10 10 10 10 10 8 8 10 10 2 8 2 2 10 10 10
left_child=1 2 5 -4 -5 -1 7 8 -7 10 11 14 -11 15 -8 -12
right_child=-2 -3 3 4 -6 6 9 -9 -10 12 13 -13 -14 -15 -16 -17
leaf_value=0.042273431914900912 -0.040079413012045817 0.039833915245428869 0.0088216648195219433 -0.021130161273291106 -0.089869625853495894 0.033570416625821296 -0.0803461398020755 0.057827207631338397 -0.040452474898557682 -0.065086303867557135 0.039912784709296129 0.034140722459746774 0.0051975490065829123 0.071922029391232919 -0.0066690487580140711 -0.02343538277437282
leaf_weight=130.31717555224895 105.34305768832564 158.06498515605927 95.151036508381367 126.29857860133052 75.77739354968071 135.90412069112062 109.07338466122746 165.61595887690783 137.22755621746182 165.68069675937295 84.997360397130251 109.6570942774415 117.28633844479918 115.24309810996056 109.21267892420292 110.77548746392131
leaf_count=395 425 544 350 576 338 416 296 500 436 455 284 335 372 236 322 403
internal_value=0.000322175 0.00252838 -0.000789568 -0.0293118 -0.0472227 0.00491214 0.00130549 0.0196459 -0.00363226 -0.00743458 0.00526949 -0.0176355 -0.0360388 0.0294002 -0.0436826 0.00413112
internal_weight=2051.63 1946.28 1788.22 297.227 202.076 1490.99 1360.67 438.748 273.132 921.926 638.959 327.943 282.967 311.016 218.286 195.773
internal_count=6683 6258 5714 1264 914 4450 4055 1352 852 2703 1876 953 827 923 618 687
is_linear=0
shrinkage=0.05


Tree=152
num_leaves=17
num_cat=0
split_feature=28 45 4 13 45 36 6 30 47 52 9 3 31 76 57 23
split_gain=66.0757 81.6557 109.131 156.923 167.619 99.8633 87.3781 227.769 111.17 190.673 105.699 100.072 92.6385 133.404 90.1052 83.4302
threshold=21.008178308823531 21.806250000000002 10.573731607032155 0.084655203615865315 19.345238095238098 0.53922512973456838 7.0280406633399464 0.14866997165651999 0.55908431678482062 270.17142857142863 16.336000000000002 16.201666666666672 0.87988095238095243 1.1197489648859602 236.08823529411768 5.5914545454545461
decision_type=10 8 10 10 10 10 10 10 2 10 10 10 8 8 2 8
left_child=1 2 15 -4 5 -5 8 10 11 12 -8 -3 -10 -14 -15 -1
right_child=-2 6 3 4 -6 -7 7 -9 9 -11 -12 -13 13 14 -16 -17
leaf_value=0.00039817275063962351 0.03800086274655385 0.027495783550323855 -0.048734321979035544 -0.050361111643269424 0.051684234513045463 0.017399326958947744 -0.002064636418877061 -0.052027837912534736 -0.01195787751298124 0.031793161933559792 0.066550001647148721 -0.032727336197517436 -0.11167498859630182 -0.073240462230509173 -0.0026830806173519903 0.055952173309971091
leaf_weight=106.77873003855348 113.897944111377 186.60911767184734 135.46270433813334 103.60416972264647 164.13181572407484 112.45153624564409 94.340645123273134 97.401950150728226 122.21325401961803 90.453534871339798 137.35685036331415 108.11196193471551 96.095822602510452 91.196790188550949 89.013987239450216 183.17498096823692
leaf_count=278 323 508 563 307 527 347 324 257 351 431 540 317 221 356 435 586
internal_value=0.00117056 -0.00103476 0.0110813 -0.00272855 0.0137484 -0.0151758 -0.0098082 0.0117879 -0.0188806 -0.0334773 0.0387233 0.00536829 -0.0483345 -0.0643231 -0.0385962 0.0355655
internal_weight=2032.3 1918.4 805.604 515.65 380.188 216.056 1112.79 329.099 783.694 488.973 231.697 294.721 398.52 276.307 180.211 289.954
internal_count=6671 6348 2608 1744 1181 654 3740 1121 2619 1794 864 825 1363 1012 791 864
is_linear=0
shrinkage=0.05


Tree=153
num_leaves=16
num_cat=0
split_feature=58 13 2 9 19 36 12 12 8 4 51 69 27 21 47
split_gain=84.0348 189.761 88.3598 172.175 120.198 109.971 105.05 79.584 75.4118 127.657 82.8546 139.933 72.5572 32.6664 28.5791
threshold=17.911764705882359 0.095428013406846604 1.5000000000000002 15.269 2.1483516483516487 0.25380573344634427 0.22723103358156196 0.19049835017090908 16.511305518573948 16.898560737055771 4.8649982219061174 0.16599058797039745 14.934714285714289 3.7161172161172167 0.54834736150274577
decision_type=2 8 2 10 10 10 10 10 8 10 10 2 8 10 2
left_child=1 -1 6 4 5 12 7 8 9 13 11 14 -4 -2 -10
right_child=2 -3 3 -5 -6 -7 -8 -9 10 -11 -12 -13 -14 -15 -16
leaf_value=0.031509622400192283 -0.010865769267452773 -0.056596310304138281 -0.013092849884053495 -0.054194869329458745 0.050615992853805795 -0.047251836513184743 0.051934774805842132 -0.038170673300978036 0.048855362899611093 -0.054143996675319161 0.06829997895781019 0.074191848882408776 0.045607969238528216 0.011988166258790827 0.011988166258790827
leaf_weight=93.038577269762754 155.63307195529342 174.25363750755787 122.60072552785277 167.90346344932914 108.44031604379416 122.53957366198301 144.84171964600682 89.709535609930754 91.193255309015512 101.73860976099968 82.400600526481867 90.089644443243742 90.821313135325909 95.376317486166954 299.2972371801734
leaf_count=335 502 535 428 568 327 366 396 277 256 340 256 378 291 290 1165
internal_value=0.00014489 -0.0259254 0.00411085 -0.0112216 0.00509979 -0.00969836 0.0122751 0.00651588 0.0109305 -0.00718463 0.0222735 0.0142563 0.0119834 0.0119882 0.0119882
internal_weight=2029.88 267.292 1762.59 612.305 444.402 335.962 1150.28 1005.44 915.729 352.748 562.981 480.58 213.422 251.009 390.49
internal_count=6710 870 5840 1980 1412 1085 3860 3464 3187 1132 2055 1799 719 792 1421
is_linear=0
shrinkage=0.05


Tree=154
num_leaves=17
num_cat=0
split_feature=66 79 20 76 62 6 5 41 5 45 43 9 60 6 55 51
split_gain=74.3371 66.809 82.4937 192.154 131.544 129.348 89.131 154.287 103.331 192.418 97.0916 57.1524 73.2628 68.206 57.976 20.3408
threshold=4.5000000000000009 4.0607734800808268 7.8090909090909095 1.1712985832499119 21.375000000000004 6.9996487648700585 9.3900000000000023 86.500000000000014 16.72333333333334 22.630681818181824 62.67948717948719 17.800333333333334 2.2500000000000004 8.628332978763094 17.834375000000005 4.0736650748860432
decision_type=2 8 10 8 2 8 8 8 8 8 10 8 2 8 2 10
left_child=-1 2 3 4 -2 -4 7 -5 10 -10 -8 13 -13 14 15 -3
right_child=1 11 5 6 -6 -7 8 -9 9 -11 -12 12 -14 -15 -16 -17
leaf_value=0.040911633141409082 -0.0035824951974563314 0.020709930746144814 -0.063738611603244552 0.046330458978690509 0.056098104587679415 0.00043351937089506579 -0.06167930284229596 -0.022124507873023325 0.045401996059585344 -0.035841505824176889 -0.0094254227719321061 -0.037885905981780391 0.041733787577346922 0.10306065028211575 0.075391906941964126 -0.040125484478191767
leaf_weight=113.19546594843268 157.2390494197607 26.842944022268057 135.83099856972694 157.61711767315865 222.27421745657921 184.24775165319443 203.40169921517372 170.20841234922409 132.47353601455688 159.53865478932858 158.05471602082253 61.690279595553875 52.591851104050875 37.576476510614157 31.154561601579189 26.221689399331808
leaf_count=393 336 309 336 333 496 458 469 383 314 368 387 596 528 363 312 295
internal_value=0.00172087 -0.000613446 -0.00411581 0.00126213 0.0314269 -0.0269127 -0.0104242 0.0108292 -0.0210866 0.00104439 -0.0389192 0.0242358 -0.00120129 0.0479191 0.0223956 -0.00953781
internal_weight=2030.16 1916.96 1680.89 1360.81 379.513 320.079 981.294 327.826 653.469 292.012 361.456 236.078 114.282 121.796 84.2192 53.0646
internal_count=6676 6283 3880 3086 832 794 2254 716 1538 682 856 2403 1124 1279 916 604
is_linear=0
shrinkage=0.05


Tree=155
num_leaves=17
num_cat=0
split_feature=56 76 79 50 13 32 21 12 56 55 13 56 36 40 15 5
split_gain=87.9723 141.305 185.121 110.448 98.4003 95.4092 132.314 99.1998 94.8575 90.4693 124.039 128.445 77.6873 77.457 58.2443 56.4767
threshold=4.0520567314878049 1.4909591381045344 2.3565519800895314 22.004807692307697 0.031658977619753774 33.280392156862753 3.5064102564102568 0.20409415459227492 4.1861080288499659 15.396838235294119 0.11716710050325571 4.5892843150058775 0.7542458207933681 8.5000000000000018 0.93612341750720063 12.37666666666667
decision_type=2 8 8 10 8 10 10 10 2 2 8 2 10 2 10 10
left_child=1 2 -1 4 -2 7 12 8 -6 -10 15 -12 -7 14 -3 -11
right_child=3 13 -4 -5 5 6 -8 -9 9 10 11 -13 -14 -15 -16 -17
leaf_value=-0.0031232103737684298 0.04685835783403703 -0.0063604171937391213 0.07623222555859871 -0.054776823180842198 0.027354462356551736 0.024661432989577348 0.050785184518678153 -0.053121119079609536 -0.052822042934126824 -0.0090056124270691453 -0.012688611066596979 0.057573465933593686 -0.035866022369607287 0.037845774937725257 -0.066409292927799859 -0.057541061362430791
leaf_weight=129.52658715844154 98.580243013799191 128.63565151393414 168.65282125771046 101.66599624976516 162.66550232097507 93.887749399989843 160.20164532214403 132.89033166319132 127.42950309440494 129.0346590615809 148.82474778220057 114.1515101864934 119.24721024557948 64.607931639999151 58.024339705705643 111.65185335278511
leaf_count=332 342 548 373 331 449 318 553 339 340 345 441 291 498 391 475 330
internal_value=0.00154902 0.0186467 0.0418657 -0.00472112 -0.00104588 -0.00471177 0.0165999 -0.0133066 -0.00658247 -0.0153592 -0.00579505 0.017913 -0.00921251 -0.00896396 -0.0252814 -0.0316656
internal_weight=2049.68 549.447 298.179 1500.23 1398.56 1299.98 373.337 926.648 793.758 631.092 503.663 262.976 213.135 251.268 186.66 240.687
internal_count=6696 2119 705 4577 4246 3904 1369 2535 2196 1747 1407 732 816 1414 1023 675
is_linear=0
shrinkage=0.05


Tree=156
num_leaves=18
num_cat=0
split_feature=57 14 52 4 52 62 14 44 25 31 50 44 50 61 77 44 43
split_gain=93.3939 201.061 73.2609 84.831 175.37 169.057 118.002 158.434 97.0687 108.871 78.4982 98.2561 193.624 99.0574 170.227 70.5078 65.6079
threshold=203.28125000000003 0.91591666666666682 195.04545454545459 16.834627587425313 232.13333333333335 25.375000000000004 0.9903333333333334 0.59949438327855564 0.0039230769230769189 0.96204861111111117 14.682840909090912 0.56317774595071435 18.034065934065939 47.250000000000007 0.84807798062870032 0.57315482679489682 61.968750000000007
decision_type=2 10 8 10 8 2 10 10 10 10 8 8 10 2 10 10 10
left_child=1 -1 -2 6 -5 8 10 -8 9 -6 -4 12 -12 14 16 -7 -13
right_child=2 -3 3 4 5 15 7 -9 -10 -11 11 13 -14 -15 -16 -17 -18
leaf_value=0.022585209560239641 0.03668979528550028 -0.065895825823889143 0.041672284972830258 -0.052648266120504106 0.00048470718661502028 0.083205385597766496 0.081797563303964621 -0.0063707876798674446 0.023713483773621619 -0.082172118566105901 -0.023012409911832059 0.051030347509638155 0.06666296719821295 0.019831967026530409 -0.060228653278859789 0.023713483773621619 -0.019088699291525766
leaf_weight=114.56796886771917 167.96467441692948 143.92401190474629 107.79403322190046 188.62732302770019 76.078716244548559 72.895366076380014 118.82560478895903 88.410868111997843 82.810333162546158 82.602599449455738 119.166803304106 59.387081764638424 119.85122279822826 128.9170845746994 203.4713918864727 77.411467742174864 73.690031126141548
leaf_count=291 445 387 311 546 306 254 440 368 307 327 332 298 377 481 480 359 366
internal_value=0.00126901 -0.0267436 0.00537765 0.00206958 -0.0131754 0.005914 0.0107532 0.0443334 -0.0199801 -0.042788 0.00214193 -0.00395716 0.0220441 -0.0173275 -0.0315783 0.0473741 0.0123499
internal_weight=2026.4 258.492 1767.9 1599.94 580.426 391.798 1019.51 207.236 241.492 158.681 812.278 704.484 239.018 465.466 336.549 150.307 133.077
internal_count=6675 678 5997 5552 2099 1553 3453 808 940 633 2645 2334 709 1625 1144 613 664
is_linear=0
shrinkage=0.05


Tree=157
num_leaves=17
num_cat=0
split_feature=65 52 79 24 16 0 65 76 39 77 14 21 41 31 27 76
split_gain=53.1454 178.165 138.653 133.384 96.4786 93.4242 108.819 102.755 90.1856 134.692 129.497 151.386 78.7213 79.2734 103.561 73.7302
threshold=6.5000000000000009 217.03125000000003 2.1621824872985544 0.52300000000000157 22.527777777777782 7.5000000000000009 9.5000000000000018 1.1283014602865029 25.471594798083508 0.99620165745856359 0.95031250000000012 3.4295634920634925 10.500000000000002 0.84583333333333344 6.0083333333333337 1.0783950517975915
decision_type=8 8 8 8 10 2 10 10 2 10 10 10 8 10 8 8
left_child=1 -1 -3 -4 -5 8 7 15 9 -2 12 -12 -10 14 -14 -7
right_child=5 2 3 4 -6 6 -8 -9 10 -11 11 -13 13 -15 -16 -17
leaf_value=0.060001315111864101 0.031464507356257304 -0.048329303344104783 0.068912083343889693 0.03226725463786332 -0.041731693743255416 -0.0021194182516892719 -0.060808297654903504 0.023762158346100886 0.030152158753206332 -0.038795750427656268 0.071375640900112711 0.0028455032994058188 -0.038145566581530906 -0.053142847622562078 0.032419641181404349 -0.068915185066690324
leaf_weight=151.57190169766545 96.117754973471165 119.43434810638428 81.884144354611635 80.044949691742659 95.543768215924501 87.163271799683571 133.61229193583131 144.52007927000523 117.91378499940038 228.92122884094715 161.78737280890346 159.76077311858535 94.609862834215164 103.63171464204788 112.97766593471169 77.65044916048646
leaf_count=402 454 312 396 296 476 198 491 336 301 562 565 513 318 298 372 458
internal_value=0.000772673 0.014414 -0.0040291 0.016628 -0.00800638 -0.0039807 -0.0232793 -0.00692543 0.00398005 -0.0179862 0.0135025 0.0374409 -0.00447977 -0.0176556 0.000230228 -0.0338154
internal_weight=2047.15 528.479 376.907 257.473 175.589 1518.67 442.946 309.334 1075.72 325.039 750.681 321.548 429.133 311.219 207.588 164.814
internal_count=6748 1882 1480 1168 772 4866 1483 992 3383 1016 2367 1078 1289 988 690 656
is_linear=0
shrinkage=0.05


Tree=158
num_leaves=18
num_cat=0
split_feature=61 47 28 15 56 64 15 61 76 3 62 64 76 77 32 36 54
split_gain=90.0238 73.4809 69.0913 311.383 68.4265 114.472 145.735 76.5938 90.2304 79.5337 184.495 188.738 158.436 104.915 94.1303 86.0883 69.9589
threshold=52.250000000000007 0.64041452114548258 19.177968750000002 0.98911588402358352 4.5827540238965154 75.500000000000014 0.96676231691314263 49.250000000000007 0.97979517720205167 13.785555555555558 21.375000000000004 58.500000000000007 1.5963708980836084 0.99620165745856359 32.334821428571438 0.33214007581229288 21.577380952380956
decision_type=2 2 10 10 2 8 8 2 8 10 2 10 8 10 8 10 8
left_child=1 2 4 -4 7 6 -6 8 -1 12 -11 14 -10 15 -12 16 -14
right_child=-2 -3 3 -5 5 -7 -8 -9 9 10 11 -13 13 -15 -16 -17 -18
leaf_value=0.046271842600551484 0.045503053028802552 -0.035969730517192343 -0.068552763238862349 0.040599067635143482 0.041073925609416417 0.053781127363084658 -0.045391464305653662 -0.041704520699051312 0.053035272161683689 -0.06992320307209815 -0.062190291733476503 0.064018360707195868 0.0011724173905950531 -0.041205392336429378 0.009588806632672392 -0.033514117649853591 0.061734052730699499
leaf_weight=109.35597898066044 106.90210002660751 141.58335960656404 152.57556714862585 112.84710516035557 96.387892164289951 172.19234160333872 96.545696645975113 101.89815549179912 156.87544670701027 120.57881398126483 86.692460503429174 87.843807134777308 99.850827250629663 138.13086806237698 94.843954518437386 72.711538217961788 90.345610585063696
leaf_count=232 431 519 419 338 272 432 332 398 331 513 268 379 337 306 388 432 342
internal_value=0.00105731 -0.00142519 0.00132623 -0.0221676 0.00542912 0.0242726 -0.00220508 -0.000522406 0.00348248 -0.00149769 -0.0187952 0.00426453 0.0106045 -0.00608385 -0.0248421 0.0124551 0.0301123
internal_weight=2038.16 1931.26 1789.68 265.423 1524.25 365.126 192.934 1159.13 1057.23 947.873 389.959 269.38 557.914 401.039 181.536 262.908 190.196
internal_count=6669 6238 5719 757 4962 1036 604 3926 3528 3296 1548 1035 1748 1417 656 1111 679
is_linear=0
shrinkage=0.05


Tree=159
num_leaves=18
num_cat=0
split_feature=43 12 6 19 27 49 69 69 41 58 23 60 69 65 69 60 21
split_gain=121.311 135.955 110.151 101.335 103.66 119.599 107.504 105.641 98.4275 97.6991 118.835 102.461 112.273 150.47 217.7 107.63 73.9775
threshold=63.759615384615394 0.18884571276912673 9.1970604786094317 3.7416666666666671 17.018750000000004 9.5000000000000018 0.036239534663904414 0.0046403962101636527 7.5000000000000009 27.330882352941178 6.5038310814762834 -4.7499999999999991 0.012371328517161852 7.5000000000000009 0.13057399615256568 1.2500000000000002 3.8672955974842771
decision_type=10 10 10 8 10 2 2 2 10 2 8 2 2 10 2 2 8
left_child=2 3 9 4 5 6 -2 -6 -5 10 16 -12 15 14 -14 -13 -1
right_child=1 -3 -4 8 7 -7 -8 -9 -10 -11 11 12 13 -15 -16 -17 -18
leaf_value=0.062167922941320765 -0.1073273617882422 -0.063186028426554922 -0.038876036477599046 0.058672738333290425 0.05813178384874014 -0.003826820932398535 -0.025710621284720066 -0.024682905850799085 -0.01180508880398934 0.044296627377997402 -0.0510112453849964 0.020340803222362463 0.088424938607333303 -0.028649152282232263 -0.0087569664411447871 -0.043451376960200822 0.0076996644801648213
leaf_weight=124.80105397477746 81.587004844099283 134.67779768630862 116.27715055271983 93.379958983510733 68.238177429884672 137.22281262278557 80.500894669443369 85.873721115291119 103.6898972094059 193.61968063190579 102.12968567758799 103.36465333774686 126.81295987218618 99.427505381405354 104.64212961122394 180.18470045179129 124.21016618609428
leaf_count=306 282 452 341 283 321 530 338 412 394 515 369 325 371 335 338 516 332
internal_value=-0.00220375 -0.0176538 0.00731356 -0.00814428 -0.0211424 -0.0382545 -0.0671986 0.0121244 0.0217179 0.0119763 0.0054562 -0.00489303 0.00284308 0.0225971 0.0446398 -0.0202069 0.0351379
internal_weight=2060.64 785.17 1275.47 650.492 453.423 299.311 162.088 154.112 197.07 1159.19 965.573 716.562 614.432 330.883 231.455 283.549 249.011
internal_count=6760 3012 3748 2560 1883 1150 620 733 677 3407 2892 2254 1885 1044 709 841 638
is_linear=0
shrinkage=0.05


Tree=160
num_leaves=15
num_cat=0
split_feature=29 52 54 45 47 40 31 24 36 58 41 19 47 64
split_gain=86.3313 74.4815 85.1103 139.075 143.999 140.23 128.743 199.815 125.225 104.962 108.531 130.279 106.248 103.078
threshold=0.0022197585612219761 196.7416666666667 27.919871794871799 29.607692307692314 0.5560511811023624 5.5000000000000009 0.96719607843137267 1.3909730769230786 0.58123208017998074 25.187500000000004 41.000000000000007 1.3205128205128207 0.59309707489553209 73.500000000000014
decision_type=10 8 10 10 2 2 10 8 10 2 8 10 2 8
left_child=1 -1 3 4 5 13 9 -8 -4 10 12 -12 -6 -3
right_child=-2 2 8 -5 6 -7 7 -9 -10 -11 11 -13 -14 -15
leaf_value=0.022747596623346175 0.03766054971984166 0.023230693018246814 -0.016283865107142997 -0.064928223079729758 -0.0029281914456754593 0.053668146017742349 -0.0057637385396399569 -0.08846331188737816 0.049910210594789818 -0.040837780067980778 0.020075402040922136 -0.059483235825360241 0.062082624902255273 -0.045578030757501227
leaf_weight=238.01915759965777 136.41758427768946 120.05482294410467 138.15427451953292 113.68733546510339 128.22512896731496 160.73898813128471 152.01700274646282 139.85641374439001 146.15085145458579 153.20851957425475 101.23018511757255 102.86299173906446 122.10266748443246 97.931651506572962
leaf_count=577 438 412 445 417 356 487 576 513 472 539 341 399 437 303
internal_value=-0.000621061 -0.00336742 -0.00708704 -0.0121794 -0.00744078 0.0183904 -0.0183251 -0.0455575 0.0177998 -0.00519066 0.00689109 -0.0201167 0.0289031 -0.00774898
internal_weight=2050.66 1914.24 1676.22 1391.92 1278.23 378.725 899.503 291.873 284.305 607.629 454.421 204.093 250.328 217.986
internal_count=6712 6274 5697 4780 4363 1202 3161 1089 917 2072 1533 740 793 715
is_linear=0
shrinkage=0.05


Tree=161
num_leaves=16
num_cat=0
split_feature=27 5 4 76 43 63 32 32 51 51 51 12 9 76 75
split_gain=49.9294 83.9854 81.2472 81.1983 69.5452 58.1477 54.5925 54.0535 119.668 103.537 191.54 113.409 102.612 211.499 101.317
threshold=22.298125000000002 24.79666666666667 21.627055240679951 1.0030786653134982 65.677083333333357 1.0000000180025095e-35 35.424632352941181 35.156250000000007 3.9788172827042088 4.1482790210705414 4.3904853956953263 0.090595419181590517 17.950333333333337 1.1081358401556189 25.245000000000001
decision_type=10 10 10 8 10 2 8 8 8 10 10 8 8 10 8
left_child=1 2 3 -1 7 6 -6 9 -9 12 -11 -12 13 -5 -10
right_child=-2 -3 -4 4 5 -7 -8 8 14 10 11 -13 -14 -15 -16
leaf_value=0.035531081943938024 -0.033968827305236683 0.040678746778611295 -0.04641902456902014 0.016293197583358808 -0.062245229519892233 0.0061035752393951261 -0.0063160191566619048 0.029287496513317746 -0.055204209608380378 0.071737491097016756 0.037181166635713039 -0.021902418948236163 0.015664777441335303 -0.080172557790119156 0.0059247575234497776
leaf_weight=130.3253872692585 133.05753331631422 105.82625099271536 109.8537845723331 107.60580310970545 126.78519497066736 86.497664954513311 66.624743230640888 106.58678209409118 181.24976590275764 137.77296828106046 134.97242227196693 200.69714432582259 184.81966378539801 118.72297225892544 107.64059150218964
leaf_count=255 382 378 374 450 557 329 342 460 444 417 355 508 557 255 597
internal_value=-0.00447354 -0.00239772 -0.00495125 -0.00223038 -0.00540584 -0.0279348 -0.0431106 -0.000461562 -0.015805 0.0064082 0.0223276 0.00189491 -0.0119329 -0.0344389 -0.0324857
internal_weight=2039.04 1905.98 1800.15 1690.3 1559.98 279.908 193.41 1280.07 395.477 884.591 473.443 335.67 411.148 226.329 288.89
internal_count=6660 6278 5900 5526 5271 1228 899 4043 1501 2542 1280 863 1262 705 1041
is_linear=0
shrinkage=0.05


Tree=162
num_leaves=18
num_cat=0
split_feature=23 20 50 55 33 9 60 56 25 36 31 52 60 47 23 12 47
split_gain=106.711 122.512 83.6421 61.6324 134.81 109.192 75.8419 129.592 103.444 134.372 125.513 70.9845 129.563 62.5158 59.2024 56.9785 52.2106
threshold=7.9809090909090914 7.6770833333333348 17.004500000000004 15.396838235294119 6.1180555555555562 16.12166666666667 -3.7499999999999996 4.4788739728595397 0.0013068181818181592 0.58123208017998074 0.97911538461538472 264.0384615384616 2.2500000000000004 0.57224873333988102 6.422687358720224 0.13052509662083397 0.57046962588251959
decision_type=10 10 10 2 10 10 2 2 8 8 10 8 2 2 10 10 2
left_child=3 2 -2 4 5 -1 7 13 9 -8 11 12 -10 -5 -14 -11 -13
right_child=1 -3 -4 6 -6 -7 8 -9 10 15 -12 16 14 -15 -16 -17 -18
leaf_value=0.028423517211584662 -0.032614276554294531 -0.059140832995174357 0.034051856788580241 0.026187480865653524 0.066428501902260587 -0.036899104948293036 -0.027638107332078887 0.056243271434894854 -0.051055121311197098 0.016397980758416496 -0.056548111421231284 0.04954137617464266 -0.017712523729129983 -0.026595697216818887 0.033913290676759897 0.07657902125906639 -0.0064615700206193828
leaf_weight=159.69604353606701 91.713916763663292 152.1331733725965 94.527084704488516 95.524198155850172 118.38070906698704 105.29090589657426 93.433814965188503 141.37551775574684 166.72295477613807 76.537031803280115 158.98570050299168 80.944295510649681 114.13514010980725 132.97820640355349 106.34479738771915 81.433670043945312 84.153507899492979
leaf_count=478 286 529 341 304 340 339 338 395 454 336 518 291 320 493 325 270 353
internal_value=-0.00039155 -0.0260107 0.00122344 0.00467262 0.0223114 0.00242684 -0.000414827 0.018799 -0.00780888 0.0197071 -0.0175484 -0.00624005 -0.017934 -0.00451201 0.00722901 0.0477078 0.0211286
internal_weight=2054.31 338.374 186.241 1715.94 383.368 264.987 1332.57 369.878 962.691 251.405 711.286 552.301 387.203 228.502 220.48 157.971 165.098
internal_count=6710 1156 627 5554 1157 817 4397 1192 3205 944 2261 1743 1099 797 645 606 644
is_linear=0
shrinkage=0.05


Tree=163
num_leaves=17
num_cat=0
split_feature=23 19 52 76 53 2 30 36 56 27 76 52 12 79 39 33
split_gain=90.2248 72.6339 163.369 154.314 125.797 104.19 153.242 109.602 103.001 96.723 108.854 70.6222 65.0828 76.9158 65.3989 40.3489
threshold=9.064318416777434 3.035714285714286 244.67142857142861 3.6210879005690333 2.3603896103896109 1.5000000000000002 0.21639668175152638 0.86023194624149524 4.2429188563284947 18.536561085972853 1.1167572121779739 224.3484848484849 0.095192951644529081 3.6366367858944075 27.488021902806299 1.2249999999999999
decision_type=10 10 8 8 10 2 8 10 2 10 8 10 8 8 2 10
left_child=1 2 3 4 -1 6 7 8 -3 10 -4 15 13 -12 -14 -5
right_child=-2 5 9 11 -6 -7 -8 -9 -10 -11 12 -13 14 -15 -16 -17
leaf_value=0.088873618434513232 -0.047799239598558328 -0.0021441154058296804 0.056153568019643156 0.0069118173384007733 0.024432185591077668 -0.047058035975840663 0.038553190091253089 0.014075142340159889 -0.066661024813560801 -0.049601977059467214 -0.046875157503601321 0.037594587976181204 0.040184844352139593 0.015165017408156515 -0.016419442394213394 -0.041412179139117489
leaf_weight=138.94938105344772 91.290005084127188 112.29249881953001 77.326386734843254 86.128408621996641 167.38749171793461 146.39725096896291 178.55194776132703 171.8918390981853 136.94237167015672 109.92367941141129 150.4314728975296 88.197587121278048 103.45514864847064 73.958480086177588 98.953714419156313 85.166709549725056
leaf_count=296 300 341 206 253 362 422 542 548 350 451 443 403 397 594 374 369
internal_value=0.000495448 0.00280823 0.0105261 0.0298839 0.0538558 -0.00939495 -0.000137369 -0.0165941 -0.0377177 -0.00733117 0.00196587 0.00148646 -0.00796005 -0.0264503 0.0125674 -0.0172154
internal_weight=2017.24 1925.95 1179.88 565.83 306.337 746.076 599.679 421.127 249.235 614.049 504.125 259.493 426.799 224.39 202.409 171.295
internal_count=6651 6351 4148 1683 658 2203 1781 1239 691 2465 2014 1025 1808 1037 771 622
is_linear=0
shrinkage=0.05


Tree=164
num_leaves=18
num_cat=0
split_feature=15 27 24 9 48 19 35 43 21 36 56 45 69 53 44 55 53
split_gain=85.387 186.569 119.088 118.977 115.314 104.838 152.835 154.238 120.501 104.578 88.5288 132.87 121.734 120.675 118.087 77.7582 60.7236
threshold=0.97726540919660998 17.073076923076925 -1.6509444444444445 17.036666666666669 28.424632352941178 3.8619047619047624 2.5000000000000004 63.759615384615394 3.6963109354413706 0.48897598839097212 4.0641983051204766 22.148351648351653 0.06443293120912795 2.1742424242424243 0.54026282559316841 17.373750000000005 2.3452380952380958
decision_type=8 10 10 8 2 10 10 8 8 8 2 10 2 10 10 2 10
left_child=1 5 -3 9 10 6 7 8 -1 -2 11 -5 14 -14 -12 -11 -16
right_child=3 2 -4 4 -6 -7 -8 -9 -10 15 12 -13 13 -15 16 -17 -18
leaf_value=0.01768327627191443 0.010562397896455486 0.016573585587480972 0.091196244097949575 0.074219838571143934 -0.051744938175734168 -0.043723336983467517 -0.040409127998950078 -0.016428140148134603 0.086923601234741521 -0.02357451068758494 -0.061096517716537582 -0.0064159731650837203 0.057817554315632208 -0.016164257666185573 -0.026069750034922731 -0.083307446272261332 0.028945050028605885
leaf_weight=155.37096933275461 86.906054988503456 113.44405500590801 101.0552467033267 104.51008131355047 92.548185516148806 119.63683846220374 125.62511734291911 159.46056754142046 105.27869297936559 108.07608339190483 123.78156417608261 98.757497165352106 123.32041937485337 98.393305554986 101.10454779118299 111.16442472860217 97.589392267167568
leaf_count=447 285 334 318 415 306 344 399 595 303 414 311 425 390 358 320 387 323
internal_value=-0.000151867 0.0115562 0.05199 -0.00914212 0.000594116 -0.00153705 0.00777414 0.0222441 0.0458754 -0.0357714 0.00713508 0.0352033 -0.00339442 0.0250603 -0.0229751 -0.0541024 0.000960644
internal_weight=2026.02 879.871 214.499 1146.15 840.005 665.372 545.735 420.11 260.65 306.147 747.457 203.268 544.189 221.714 322.476 219.241 198.694
internal_count=6674 2740 652 3934 2848 2088 1744 1345 750 1086 2542 840 1702 748 954 801 643
is_linear=0
shrinkage=0.05


Tree=165
num_leaves=17
num_cat=0
split_feature=29 50 27 21 66 60 24 31 30 53 54 56 27 54 58 48
split_gain=114.992 71.3595 125.165 108.15 92.4009 109.15 112.767 202.123 115.269 134.431 100.601 89.1423 88.9448 81.0651 91.5335 60.1339
threshold=0.0020222632990904931 14.727333333333336 18.240242424242428 3.6043478260869573 5.5000000000000009 -4.7499999999999991 -0.032979166666665442 0.94031250000000022 0.14012353268162037 2.3452380952380958 22.258333333333336 4.2954239293678613 12.835538461538462 23.881944444444446 19.909926470588239 23.57536764705883
decision_type=10 8 8 8 2 2 8 10 8 10 8 2 10 8 2 2
left_child=1 2 3 -1 -3 11 8 12 9 -7 -9 -6 13 14 -8 -12
right_child=-2 4 -4 -5 5 6 7 10 -10 -11 15 -13 -14 -15 -16 -17
leaf_value=0.0032054597460809161 0.039016305787596607 0.038832666777240572 -0.019793427969727089 0.07465217776537092 -0.069986470600040332 -0.05134049279044435 0.011534922214655269 -0.013175984304025445 0.057147154815126493 0.034755449253390552 -0.03839810530637891 -0.015160140133539833 0.039547895408827229 0.025946465772704097 -0.052260872304401199 -0.092675321844175818
leaf_weight=104.50178563222289 157.57133915647864 90.243920184671879 152.84485253319144 106.59952353313565 134.33133349567652 83.98613928258419 97.571872301399708 158.20525067299604 123.17770821601152 96.206616897135973 102.96767989546061 165.56285139918327 138.42457283660769 117.01238662377 130.71676163002849 105.08137116581202
leaf_count=287 506 309 480 331 520 317 294 503 399 380 305 516 469 374 427 354
internal_value=-0.00189775 -0.00529629 0.0145928 0.0394657 -0.00999246 -0.013049 -0.00604669 -0.0153842 0.0200796 -0.00543493 -0.0433514 -0.0398694 0.00583699 -0.00775224 -0.0250628 -0.0661246
internal_weight=2065.01 1907.43 363.946 211.101 1543.49 1453.24 1153.35 849.98 303.37 180.193 366.254 299.894 483.726 345.301 228.289 208.049
internal_count=6771 6265 1098 618 5167 4858 3822 2726 1096 697 1162 1036 1564 1095 721 659
is_linear=0
shrinkage=0.05


Tree=166
num_leaves=18
num_cat=0
split_feature=4 76 5 55 58 20 62 54 46 76 9 6 0 16 50 79 50
split_gain=68.1347 158.569 131.56 126.562 106.088 170.848 151.104 64.4019 109.612 106.758 97.148 95.2601 107.132 126.031 70.511 62.5989 31.6154
threshold=16.834627587425313 1.162633640471223 17.203333333333337 18.987647058823534 21.69852941176471 7.6547619047619051 22.875000000000004 24.516666666666669 61.617647058823536 1.1689826549435809 18.020000000000003 6.3726869556717505 2.5000000000000004 28.483333333333338 16.091714285714293 2.1016868634018753 16.636161616161619
decision_type=10 8 10 2 2 10 2 8 2 10 10 10 2 10 10 10 10
left_child=1 -1 -2 4 5 -4 -6 10 -9 15 11 12 14 -14 -3 16 -10
right_child=2 7 3 -5 6 -7 -8 8 9 -11 -12 -13 13 -15 -16 -17 -18
leaf_value=0.051590108985375228 -0.060255476590671569 -0.035664044826258012 0.08663633456322388 -0.039453189751115364 -0.05605385018425995 -0.0015581549218390764 0.022005872320659852 0.027453011031300906 0.066323460032267523 -0.057522298354610271 0.059204072184366144 -0.028465540568557369 0.08608144296024689 0.0036592669562290126 0.017760779648475455 -0.030018264375234711 0.0020568074324091939
leaf_weight=205.0302160680294 101.53323373943567 101.91689706221223 100.12528923153877 147.81581702083349 100.44317593052983 120.08446453139186 158.5033853314817 127.05831368267536 36.880003735423088 149.88821052014828 97.79511297494173 151.38290280476213 95.059426542371511 89.857960429042578 153.46871243417263 75.882132261991501 38.808793839067221
leaf_count=435 358 282 333 481 359 392 598 364 296 362 337 506 283 352 503 178 306
internal_value=0.0045233 0.0112818 -0.00774944 0.00083591 0.0133211 0.0387526 -0.00837199 0.0038502 -0.0113558 -0.0277495 0.0133036 0.00562996 0.0173905 0.0462647 -0.00361544 0.00187679 0.0338278
internal_weight=2051.53 1323.03 728.505 626.972 479.156 220.21 258.947 1118 428.517 301.459 689.481 591.686 440.303 184.917 255.386 151.571 75.6888
internal_count=6725 4204 2521 2163 1682 725 957 3769 1506 1142 2263 1926 1420 635 785 780 602
is_linear=0
shrinkage=0.05


Tree=167
num_leaves=17
num_cat=0
split_feature=43 76 54 76 51 76 36 28 76 54 6 6 24 76 27 57
split_gain=67.0631 85.6178 164.827 117.459 93.186 127.584 102.662 147.21 100.037 107.814 115.834 111.757 67.455 133.637 115.355 66.2501
threshold=65.677083333333357 1.0999320218303932 23.75961538461539 1.7217343999298997 4.2754764350108418 1.2184510737327094 0.2031384207020453 15.110239583333334 1.1820983476085325 21.62019230769231 4.9647986411391374 4.479227263897986 -2.5717833333333338 1.14435062010995 17.117500000000003 231.42095588235296
decision_type=10 8 8 10 10 10 10 10 10 10 10 10 10 8 8 2
left_child=1 2 -1 4 8 6 -6 -8 9 10 15 -11 14 -14 -2 -3
right_child=12 3 -4 -5 5 -7 7 -9 -10 11 -12 -13 13 -15 -16 -17
leaf_value=-0.0034676907025763763 -0.030896984837584421 -0.038920037575334292 0.059472241033947083 0.04520503817846417 0.030739030603400261 0.04585012281542096 -0.077421976734836917 0.0074659059228664414 -0.045571079232581663 0.0077926215537561924 0.072216142226892793 -0.081047484011885607 -0.093561572193626097 -0.0030153312822103089 0.036345069682603287 0.025636124510161715
leaf_weight=217.21013000607491 133.21549038216472 74.829672813415527 198.42867794632912 129.13613498210907 112.20605985820293 169.85196822881699 87.363928090780973 120.64416897296906 215.35643547773361 69.996495760977268 68.878960765898228 70.290701512247324 67.515312999486923 100.72795149311423 120.53983012586832 82.53655231744051
leaf_count=460 497 252 441 278 303 371 306 558 492 312 365 436 204 585 501 371
internal_value=0.00248692 0.00712064 0.0266509 0.000345631 -0.00509558 0.0109564 -0.00763753 -0.0283871 -0.0186101 -0.00268829 0.0186435 -0.0369792 -0.0152403 -0.0396893 0.00106188 -0.00511309
internal_weight=2038.73 1616.73 415.639 1201.09 1071.95 490.066 320.214 208.008 581.889 366.532 226.245 140.287 421.999 168.243 253.755 157.366
internal_count=6732 4945 901 4044 3766 1538 1167 864 2228 1736 988 748 1787 789 998 623
is_linear=0
shrinkage=0.05


Tree=168
num_leaves=18
num_cat=0
split_feature=45 43 31 61 14 31 16 55 6 14 6 44 43 55 6 26 79
split_gain=60.996 147.897 114.938 119.94 116.407 112.395 107.481 145.789 98.2009 95.2118 77.9006 114.779 135.583 81.9178 115.879 91.199 74.3554
threshold=23.809090909090912 59.320512820512825 0.90557692307692317 45.750000000000007 0.93226495726495739 0.98757352941176479 26.679487179487186 17.704779411764708 0.28564340725590531 0.10928571428571431 3.4763612700683715 0.56253031037827361 61.12916666666667 18.010000000000005 5.7159495898993002 11.500000000000002 2.6020758854227286
decision_type=8 8 8 2 10 10 10 2 10 10 8 10 8 2 8 2 8
left_child=5 -2 8 4 -4 9 -5 -8 -3 -1 -11 12 -12 14 -13 -16 -15
right_child=1 2 3 6 -6 -7 7 -9 -10 10 11 13 -14 16 15 -17 -18
leaf_value=0.037344093573166197 -0.065060835820289778 -0.007404407339003008 -0.0012715974426856626 -0.041592804676932445 -0.074126048759141555 0.048120557582261581 -0.016714362329791978 0.056923787766551284 0.061187737128011246 -0.047259459146726301 -0.0099201178177901368 0.015720105520649542 0.06793248227914532 -0.020596160361944477 -0.077888615346198287 -0.011462586572143302 0.039866598553369159
leaf_weight=142.5032961666584 112.95837006345391 101.44618414342403 93.471576031297445 100.5554660782218 131.74281501397491 135.72097700834274 138.79441165179014 128.69876643642783 106.02804124355316 102.88161076232791 111.75401743128896 94.511179734021425 110.49862273782492 97.55285681784153 125.10902607440948 88.211372137069702 104.17987043038011
leaf_count=438 251 294 317 333 488 535 532 468 315 320 254 324 411 193 422 307 432
internal_value=-0.0021982 -0.011765 -0.00417492 -0.0153761 -0.0440283 0.00565954 0.00222842 0.0187952 0.0277744 -0.000280918 -0.00674142 -0.000988523 0.0289172 -0.0140634 -0.0302547 -0.050602 0.010671
internal_weight=2026.62 913.696 800.737 593.263 225.214 1112.92 368.049 267.493 207.474 977.202 834.699 731.817 222.253 509.564 307.832 213.32 201.733
internal_count=6634 2998 2747 2138 805 3636 1333 1000 609 3101 2663 2343 665 1678 1053 729 625
is_linear=0
shrinkage=0.05


Tree=169
num_leaves=17
num_cat=0
split_feature=56 79 61 0 50 79 15 9 28 6 13 56 43 6 44 65
split_gain=101.352 132.925 128.511 111.871 99.6683 139.707 168.305 190.051 126.831 109.705 100.86 113.959 101.777 89.4113 84.894 72.8743
threshold=3.9897505004891518 2.3042156567508116 38.250000000000007 8.5000000000000018 20.456904761904763 2.1621824872985544 0.99358941291339276 16.051666666666669 18.830189102564102 0.84852813742395694 0.15312779184944672 4.6287731571447086 62.184659090909101 2.6809323840586865 0.56977414768917156 9.5000000000000018
decision_type=2 10 2 2 10 10 8 10 8 10 8 2 10 10 10 8
left_child=1 3 -2 13 5 6 7 -4 9 -8 11 14 -12 -1 -7 -6
right_child=2 -3 4 -5 15 10 8 -9 -10 -11 12 -13 -14 -15 -16 -17
leaf_value=-0.023124129719233315 -0.058565135367260823 0.05040398423448348 0.016161124280934049 -0.062865401583647978 -0.064594675206946381 0.018615037878964735 0.015721382434100546 0.10860904021548307 0.053068495497082424 -0.06795747866410301 -0.058281732452611069 0.038522488709439161 -0.0009286614480898313 0.0488309663624788 -0.032436857891583758 -0.0069140344910542497
leaf_weight=78.795112397521734 106.03997289016843 207.64063043892384 128.88421327248216 59.872708488255739 98.234510790556669 136.07801367342472 72.085724413394928 97.323794011026621 65.193418927490711 83.974041890352964 162.6173854470253 168.2375860363245 146.77625189721584 93.299268644303083 199.91888552904129 122.78539564833045
leaf_count=411 240 463 562 334 304 284 278 436 335 430 335 397 342 580 502 410
internal_value=0.0002269 0.0214455 -0.00565632 -0.00458114 -0.00183394 0.00360192 0.0260114 0.0562389 -0.00500703 -0.0294513 -0.00873914 0.00505505 -0.0311641 0.0159424 -0.0117671 -0.0327262
internal_weight=2027.76 439.608 1588.15 231.967 1482.11 1261.09 447.461 226.208 221.253 156.06 813.628 504.234 309.394 172.094 335.997 221.02
internal_count=6643 1788 4855 1325 4615 3901 2041 998 1043 708 1860 1183 677 991 786 714
is_linear=0
shrinkage=0.05


Tree=170
num_leaves=16
num_cat=0
split_feature=30 19 50 19 19 50 63 56 40 56 40 79 27 16 42
split_gain=48.5442 58.7262 70.3254 146.414 109.233 91.7294 94.7612 176.303 86.74 182.185 103.368 86.058 67.5443 67.4385 47.4805
threshold=0.24061101089121889 5.8090909090909095 18.301666666666669 3.577380952380953 2.577380952380953 17.614500000000003 1.0000000180025095e-35 4.1392549563609053 6.5000000000000009 4.4348815310184619 3.5000000000000004 3.048507758056723 11.13952380952381 34.12916666666667 8.5000000000000018
decision_type=10 10 10 10 8 10 2 2 2 2 2 8 10 8 2
left_child=1 2 5 4 11 6 8 -8 10 -10 12 -4 -1 -6 -13
right_child=-2 -3 3 -5 13 -7 7 -9 9 -11 -12 14 -14 -15 -16
leaf_value=0.010808648396640514 -0.02706271674447926 0.034324509112894946 -0.036845153299048201 -0.058498339855276672 0.062039480512385947 0.047150169631347771 -0.021075915597084622 0.055572051616016194 0.0045399594483351039 -0.081260751169181272 0.036728088482076336 0.05276313121050067 -0.040120742121623081 0.0019771979418952141 -0.015701650986265706
leaf_weight=137.32748116925359 136.5078924074769 143.64824705943465 202.29967151582241 133.57961735874414 87.690372742712498 134.74794868379831 121.51783524826169 193.30076747387648 153.19542520865798 102.66929120570421 170.80533492565155 51.330747034400702 122.2207193300128 98.939151138067245 48.376855220645666
leaf_count=445 324 430 537 441 290 489 366 545 564 315 530 303 442 355 319
internal_value=0.00162785 0.00370052 0.00118011 -0.0123192 0.000398525 0.00857978 0.00334601 0.0260134 -0.00707591 -0.0300711 0.00663379 -0.0181671 -0.0132358 0.0303785 0.0197188
internal_weight=2038.16 1901.65 1758 622.216 488.637 1135.78 1001.04 314.819 686.218 255.865 430.354 302.007 259.548 186.63 99.7076
internal_count=6695 6371 5941 2245 1804 3696 3207 911 2296 879 1417 1159 887 645 622
is_linear=0
shrinkage=0.05


Tree=171
num_leaves=18
num_cat=0
split_feature=76 24 20 54 69 39 28 52 9 5 76 54 50 26 54 47 42
split_gain=70.5124 52.6041 122.232 88.2681 127.321 104.823 80.4908 132.189 101.256 91.2705 89.5423 58.1059 112.109 74.9244 71.0473 70.2805 49.0949
threshold=0.8859880441725515 -0.032979166666665442 8.8090909090909104 24.630681818181824 0.045245970288163413 27.242984257357978 17.916343750000003 233.11805555555557 19.700000000000003 17.996666666666673 1.165087176904424 20.968750000000004 19.648285714285716 6.5000000000000009 18.75961538461539 0.56609220409520944 9.5000000000000018
decision_type=8 8 10 10 2 2 10 10 10 10 8 10 10 2 10 2 2
left_child=-1 3 6 4 5 -2 8 -8 9 10 -3 14 13 -13 15 -12 -5
right_child=1 2 -4 16 -6 -7 7 -9 -10 -11 11 12 -14 -15 -16 -17 -18
leaf_value=0.041886283842655886 0.088876567759386405 0.049137752856538743 -0.055637111642638432 -0.044077022049896497 -0.011585116716327037 0.01740671392598667 -0.062224500138322897 0.0097314179091952703 0.04723149398360945 -0.04783157200843452 -0.035956222849250104 0.0079895907913710255 -0.029635772557208846 0.062367530198694066 -0.054340630609184565 0.018403105258610455 0.0092246764729318354
leaf_weight=93.765748098492622 95.317204982042313 93.16974101960659 118.61716637760401 86.608389083296061 135.37430414557457 111.09358131513 132.85200595855713 121.55392675101757 115.88782169297338 96.824429150670767 98.530155695974827 170.28548143804073 119.72092705965042 100.20177309960127 94.514892004430294 146.71942725405097 84.662494171410799
leaf_count=199 304 193 422 304 518 388 393 475 376 330 300 596 382 346 326 485 314
internal_value=-0.000218555 -0.00229345 -0.00728464 0.0114001 0.026056 0.0506797 -0.00279982 -0.0279408 0.0033958 -0.00217145 0.00325097 -0.00266498 0.0104869 0.0282894 -0.0177559 -0.00349334 -0.0178284
internal_weight=2015.7 1921.93 1408.88 513.056 341.785 206.411 1290.26 254.406 1035.85 919.967 823.142 729.973 390.208 270.487 339.764 245.25 171.271
internal_count=6651 6452 4624 1828 1210 692 4202 868 3334 2958 2628 2435 1324 942 1111 785 618
is_linear=0
shrinkage=0.05


Tree=172
num_leaves=16
num_cat=0
split_feature=44 44 44 55 36 57 79 43 33 6 79 58 33 24 21
split_gain=95.5177 70.3335 98.8804 91.5189 145.139 115.067 103.737 78.6994 116.172 118.764 107.466 100.515 78.2987 53.7885 52.2235
threshold=0.66326082323107116 0.64057393790849682 0.58270022250147002 17.714007352941181 0.45368099636161668 243.65625000000003 3.0259029127009689 62.440972222222229 8.8437500000000018 6.3726869556717505 2.8273326124282536 21.303308823529417 4.7573529411764719 -2.9995138888888877 3.2554347826086958
decision_type=10 10 10 2 10 2 8 8 8 10 8 2 10 10 10
left_child=1 2 7 4 -4 -5 -6 8 9 -1 12 -12 -9 -13 -7
right_child=-2 -3 3 5 6 14 -8 10 -10 -11 11 13 -14 -15 -16
leaf_value=0.03364261117601787 -0.041805998711705039 0.040349836927103318 0.011472272906172537 0.047532633757542166 -0.080975374619332532 -0.047247686545784429 -0.0091510972752322905 0.065166827389672083 -0.042246113169623144 -0.024654084539486379 -0.039057752919756578 0.048828497268745455 0.020383565489479803 -0.01411581001152851 0.01002189203987669
leaf_weight=232.38329193368554 108.44059089943767 138.95210860297084 133.86260965839028 113.0946757234633 136.41546006500721 77.677283242344856 79.71671137958765 171.59076155722141 134.40474819764495 138.74176404997706 105.08388451114297 88.807224474847317 227.84611797332764 53.969245884567499 79.989981487393379
leaf_count=595 449 499 474 344 323 319 506 379 310 339 545 476 483 345 312
internal_value=0.00362735 0.00622392 0.00352908 -0.012547 -0.0293985 0.00926389 -0.0546483 0.0121888 -0.00259394 0.0118412 0.0237202 -0.00214651 0.0397363 0.025103 -0.0183128
internal_weight=2020.98 1912.54 1773.58 620.757 349.995 270.762 216.132 1152.83 505.53 371.125 647.297 247.86 399.437 142.776 157.667
internal_count=6698 6249 5750 2278 1303 975 829 3472 1244 934 2228 1366 862 821 631
is_linear=0
shrinkage=0.05


Tree=173
num_leaves=19
num_cat=0
split_feature=43 26 9 6 48 61 45 51 79 79 61 76 19 65 19 54 69 30
split_gain=94.5294 94.7471 113.276 123.691 110.723 101.304 114.457 146.567 82.5132 128.879 105.354 81.4877 78.5598 77.0303 114.39 73.5218 70.9296 52.1237
threshold=55.033333333333339 9.5000000000000018 16.336000000000002 6.9156879383342753 20.029411764705888 46.250000000000007 23.809090909090912 4.1389710716633799 2.0318405053240047 1.5391525291865282 48.750000000000007 1.0445160842746601 2.6547619047619051 6.5000000000000009 1.3798076923076925 25.919871794871799 0.030619123174982124 0.017879948914431676
decision_type=8 2 10 10 2 2 8 10 10 10 2 10 10 8 10 8 2 10
left_child=-1 2 12 -4 11 6 7 -6 9 15 -10 -3 13 -2 17 -7 -8 -15
right_child=1 4 3 -5 5 8 16 -9 10 -11 -12 -13 -14 14 -16 -17 -18 -19
leaf_value=0.04712307310487264 0.021702053638132365 0.0028094408215409627 -0.075794496298895717 -0.0053198857189891528 -0.039430086078123976 -0.03761620408747135 -0.073369578766232166 0.040785542591974928 0.030088531804165902 0.1033180230011253 -0.030821036426855988 0.061933897945985472 0.032576286585081944 0.021355957823917551 -0.067107226605024661 0.058132379120253902 -0.014606871564271234 -0.024780117130937761
leaf_weight=95.663765694946051 118.61139297857881 102.76444650813937 137.90319722890854 113.12978618219495 101.17567067965865 43.724345233291388 109.46777395531535 127.66249137371778 142.03540576994419 57.546684801578522 139.95576940476894 133.91873170435429 115.9517464376986 102.46671444922686 109.12102083489299 35.349114824086428 97.109480146318674 149.0350230820477
leaf_count=222 413 470 465 338 402 368 338 425 327 136 352 296 356 333 339 308 320 462
internal_value=-0.00113367 -0.00354013 -0.0160853 -0.0441817 0.00619875 -0.00219914 -0.0190627 0.00530275 0.015345 0.0470834 -0.000143741 0.0363827 -0.00418075 -0.0131235 -0.0246062 0.00537882 -0.0459494 -0.00597324
internal_weight=2032.59 1936.93 846.219 251.033 1090.71 854.027 435.415 228.838 418.611 136.62 281.991 236.683 595.186 479.234 360.623 79.0735 206.577 251.502
internal_count=6670 6448 2706 803 3742 2976 1485 827 1491 812 679 766 1903 1547 1134 676 658 795
is_linear=0
shrinkage=0.05


Tree=174
num_leaves=17
num_cat=0
split_feature=3 55 9 58 58 60 48 27 50 46 60 55 51 48 23 33
split_gain=57.6379 187.349 159.094 274.649 54.601 86.9946 66.3306 82.0167 89.1456 92.0082 71.643 67.9609 68.8011 93.4238 61.4158 57.8585
threshold=21.594000000000005 17.720000000000002 19.500333333333337 21.757352941176475 27.330882352941178 -6.2499999999999991 22.66727941176471 15.939411764705882 17.89321428571429 61.939338235294123 6.2500000000000009 15.865220588235294 4.4393501488877218 25.593750000000004 6.7306020066889642 5.4641025641025651
decision_type=10 2 10 2 2 2 2 10 10 2 2 2 10 2 8 10
left_child=2 -2 4 -4 5 14 7 8 9 -7 11 -8 13 -13 -1 -6
right_child=1 -3 3 -5 15 6 10 -9 -10 -11 -12 12 -14 -15 -16 -17
leaf_value=-0.010123255856744026 -0.060649453543164013 0.02746434385083886 0.098249651991074605 -0.0070187408810405451 0.037306049133942559 0.042701279544399867 0.057143100977587437 -0.044991364678365481 -0.03091474568614902 -0.014289013639411928 -0.018510186885348858 0.028508005627993452 0.045749780833987064 -0.044668066594723749 -0.066747563707658719 -0.011383538856184114
leaf_weight=95.932546511292458 140.86144353449345 104.16871644183993 109.98836156725883 139.99158696457744 151.37931770086288 142.91301287338138 103.35544708371162 151.7345696426928 171.71694054082036 138.69974382966757 144.04251964390278 84.464118354022503 85.237441450357437 88.141677062958479 95.460891708731651 101.1337356120348
leaf_count=301 494 337 340 477 460 352 344 510 574 438 504 319 299 326 350 290
internal_value=-0.000527728 -0.0232306 0.00256675 0.0395051 -0.00339601 -0.00752556 -0.00214499 -0.0133024 -0.00262013 0.0146812 0.0112168 0.02309 0.0092719 -0.00890163 -0.0385658 0.0178375
internal_weight=2049.22 245.03 1804.19 249.98 1554.21 1301.7 1110.31 605.064 453.33 281.613 505.241 361.199 257.843 172.606 191.393 252.513
internal_count=6715 831 5884 817 5067 4317 3666 1874 1364 790 1792 1288 944 645 651 750
is_linear=0
shrinkage=0.05


Tree=175
num_leaves=16
num_cat=0
split_feature=41 33 6 27 69 69 51 24 0 43 53 26 39 41 51
split_gain=78.9736 168.737 101.259 81.6929 78.9428 109.627 165.298 164.253 160.055 176.336 157.348 133.659 122.388 71.4633 54.8691
threshold=138.00000000000003 2.8750000000000004 3.4763612700683715 16.396102941176476 0.22216825513583888 0.049970587563842796 4.7004672897196267 -0.15008928571428615 7.5000000000000009 63.138095238095246 2.5590277777777781 14.500000000000002 29.169062286105412 5.5000000000000009 4.3364208118925101
decision_type=8 8 10 8 2 2 10 8 2 8 8 2 2 10 10
left_child=1 2 -1 14 5 7 12 10 9 -9 -3 -11 13 -7 -2
right_child=3 4 -4 -5 -6 6 -8 8 -10 11 -12 -13 -14 -15 -16
leaf_value=0.0082654014427458958 -0.017166371655582647 -0.0055839179314561985 0.073520991981920553 0.0068850122445426962 -0.032033758555469215 -0.048810737888626499 0.084352646690913635 0.028344343953869679 -0.065977162582662868 -0.077772369230455052 0.074478072588350056 0.0032564015098591873 0.04685045763009088 0.010202353153219788 -0.069649107034679913
leaf_weight=105.60630682483315 115.05223146826029 152.27079560980201 135.84929743781686 168.14049190655351 168.59607964009047 88.813121363520622 90.601932115852833 196.20170627534389 148.95200715586543 102.65886887907982 101.65644317865372 99.828054443001747 127.79891626536846 118.99458231776953 88.037999406456947
leaf_count=371 466 516 432 583 590 291 274 495 511 314 336 338 471 431 264
internal_value=0.0019077 0.00662892 0.0451317 -0.0188837 -5.63741e-05 0.0043572 0.0248158 -0.0065384 -0.0219403 -0.00536394 0.0266343 -0.0380047 0.00854015 -0.0151317 -0.040147
internal_weight=2009.06 1637.83 241.456 371.231 1396.37 1227.78 426.209 801.568 547.641 398.689 253.927 202.487 335.607 207.808 203.09
internal_count=6683 5370 803 1313 4567 3977 1467 2510 1658 1147 852 652 1193 722 730
is_linear=0
shrinkage=0.05


Tree=176
num_leaves=18
num_cat=0
split_feature=46 56 25 64 24 76 32 28 21 20 30 62 42 16 61 76 77
split_gain=86.943 80.8568 66.1446 65.6774 154.145 196.163 221.85 140.583 122.355 121.43 129.949 110.567 119.974 139.994 92.9998 60.1806 57.9185
threshold=66.696691176470594 4.4688900086538359 0.03916083916083913 52.500000000000007 -3.6158611111111107 1.162633640471223 19.090909090909097 17.502034926470589 1.8429276315789476 3.6666666666666674 0.056914482613432578 19.875000000000004 11.500000000000002 31.408333333333335 43.750000000000007 1.0676367558641104 0.11484525358878372
decision_type=2 2 8 10 10 8 10 8 10 10 10 2 2 10 2 10 10
left_child=3 2 -2 9 5 -5 -7 -6 -8 10 16 -11 13 -13 -12 -15 -1
right_child=1 -3 -4 4 7 6 8 -9 -10 11 14 12 -14 15 -16 -17 -18
leaf_value=0.0014630023151234047 -0.030068762779794769 0.076090129948049423 0.038955159853825479 0.034744431001425699 0.0017700330070312812 0.015953147310316235 -0.10698602968920251 0.069460616995185007 -0.026352358251178556 -0.075720968595862526 0.00032111298009006799 -0.075720968595862526 0.013771365862218905 0.019941725523910565 0.059343607811185542 -0.036484795634020885 -0.051338904335434123
leaf_weight=111.32060381770134 61.340939588844776 63.998550750315189 77.380327291786671 156.23573607206345 159.93294479325414 133.51718661189079 96.964506573975086 146.4887179248035 92.175038278102875 98.153271652758121 134.91506603732705 119.40548168495297 186.69540556892753 88.681889273226261 131.0967417769134 99.014861360192299 96.265393257141113
leaf_count=449 344 292 376 321 581 452 358 491 372 317 331 307 569 426 337 249 213
internal_value=-0.0009402 0.0300636 0.00843682 -0.00435036 0.00661611 -0.0111008 -0.0333385 0.034251 -0.0680354 -0.0124313 0.00643401 -0.0275102 -0.0177935 -0.0369651 0.0295221 -0.00986032 -0.023152
internal_weight=2053.58 202.72 138.721 1850.86 785.314 478.892 322.657 306.422 189.14 1065.55 473.598 591.951 493.798 307.102 266.012 187.697 207.586
internal_count=6785 1012 720 5773 2575 1503 1182 1072 730 3198 1330 1868 1551 982 668 675 662
is_linear=0
shrinkage=0.05


Tree=177
num_leaves=16
num_cat=0
split_feature=29 12 6 6 12 47 24 60 19 31 53 55 12 60 40
split_gain=76.2605 68.8606 57.3756 151.326 120.006 128.472 91.6425 200.787 87.8108 183.085 109.159 98.4988 87.4063 70.8824 99.3169
threshold=0.0022197585612219761 0.21821743833273333 7.2265413575174149 7.7363991009021253 0.073853828893392107 0.56358654557836407 -0.30984090909090861 2.7500000000000004 2.7416666666666671 0.97088888888888902 2.3100961538461542 18.703419117647062 0.10345039721114106 1.7500000000000002 2.5000000000000004
decision_type=10 10 10 10 10 2 10 2 10 10 10 2 10 2 2
left_child=1 2 6 -4 -5 -6 8 12 9 11 -10 13 -8 14 -1
right_child=-2 -3 3 4 5 -7 7 -9 10 -11 -12 -13 -14 -15 -16
leaf_value=-0.030261097908056131 0.031752338913681497 -0.033569999019151801 0.070601425599709014 -0.052807898294037092 -0.030819961153945159 0.040510734055347553 -0.033977026509881762 0.015775806830801233 -0.0088146764881933369 -0.056697420048204772 0.055550858612770641 0.040751007702173249 -0.10709245088071025 -0.034923810015730215 0.033324051803133546
leaf_weight=102.04484395682812 137.10295851528645 211.33037078380585 87.452292136847973 87.952512118965387 99.289019390940666 169.62671485543251 86.732119992375374 118.84558453038335 132.18710809573531 164.52010194957256 129.83432264998555 132.11484085023403 78.715708874166012 157.72974940761924 151.0874190852046
leaf_count=322 439 562 295 352 313 561 338 414 437 570 418 432 297 513 513
internal_value=-0.00413213 -0.00672397 -0.00336523 0.012056 -0.00244807 0.0141574 -0.00883538 -0.0337448 -0.00150391 -0.0106613 0.0231691 0.00336602 -0.0691978 -0.00872508 0.00767285
internal_weight=2046.57 1909.46 1698.13 444.321 356.868 268.916 1253.81 284.293 969.518 707.497 262.021 542.977 165.448 410.862 253.132
internal_count=6776 6337 5775 1521 1226 874 4254 1049 3205 2350 855 1780 635 1348 835
is_linear=0
shrinkage=0.05


Tree=178
num_leaves=18
num_cat=0
split_feature=3 33 0 0 3 9 50 62 69 45 54 20 14 64 63 21 64
split_gain=81.4408 155.906 61.9464 121.852 115.778 114.508 115.771 83.3492 80.9052 130.654 116.533 106.202 115.607 101.404 97.0036 126.249 61.298
threshold=23.835555555555562 9.7196078431372559 7.5000000000000009 5.5000000000000009 19.116666666666671 17.036666666666669 16.91791666666667 22.625000000000004 0.13057399615256568 17.654761904761909 20.607692307692314 7.6076923076923082 0.78100000000000014 51.500000000000007 1.0000000180025095e-35 0.68333333333333346 59.500000000000007
decision_type=10 10 2 2 10 10 10 2 2 8 8 8 8 10 2 10 8
left_child=1 2 3 8 5 6 -4 -5 9 -1 13 12 -10 -11 15 -12 -7
right_child=-2 -3 4 7 -6 16 -8 -9 11 10 14 -13 -14 -15 -16 -17 -18
leaf_value=0.051876461630702586 -0.034824832041661861 0.069694092340480893 -0.060163595812038201 0.016557897301945897 -0.051319400562486642 0.062005876995782805 0.012393517706447784 0.081146565193595699 0.0025663834000833625 -0.063850888137320538 -0.031881952650765176 0.022691783378489431 -0.071040836860585835 0.0066318939659112969 0.052213152876551733 0.033687333711792451 0.0032728648485118293
leaf_weight=157.67912314087152 125.15830451250076 92.301324240863323 102.20986588671803 115.48450650274754 132.21761982142925 87.134136997163296 117.04349797964096 87.920760091394186 95.536999333649874 105.02578004449606 149.35865226387978 104.77028609067202 119.59147975221276 98.052719861268997 127.90466392785311 142.45166736468673 89.812556359916925
leaf_count=436 414 282 311 375 470 317 447 334 304 306 481 361 450 340 373 454 311
internal_value=0.00409693 0.00664495 0.00343241 0.00928387 -0.0109953 0.00255677 -0.0215502 0.0447364 0.00269575 0.0113735 0.00105221 -0.0184452 -0.0384918 -0.0299538 0.01609 0.00013243 0.0323808
internal_weight=2049.65 1924.5 1832.19 1303.78 528.418 396.2 219.253 203.405 1100.37 780.473 622.793 319.899 215.128 203.078 419.715 291.81 176.947
internal_count=6766 6352 6070 4214 1856 1386 758 709 3505 2390 1954 1115 754 646 1308 935 628
is_linear=0
shrinkage=0.05


Tree=179
num_leaves=18
num_cat=0
split_feature=48 13 12 16 49 9 24 40 15 32 52 55 52 8 48 64 58
split_gain=60.7194 137.562 97.691 74.0188 92.5641 89.0143 76.676 87.712 58.4314 141.766 96.126 95.5677 102.204 96.8256 111.374 51.3416 2.45158
threshold=28.483455882352946 0.15517657779326213 0.26311150083645846 34.966666666666676 11.500000000000002 19.142666666666667 0.68591666666666629 4.5000000000000009 0.98729714179744432 31.289915966386555 196.7416666666667 14.948235294117648 214.03571428571431 13.217444304891897 22.029411764705888 64.500000000000014 22.060661764705888
decision_type=2 8 10 10 2 10 10 2 10 10 8 2 8 10 2 10 2
left_child=2 -2 3 5 6 8 7 -5 10 -10 -1 -12 -13 15 -15 16 -14
right_child=1 -3 -4 4 -6 -7 -8 -9 9 -11 11 12 13 14 -16 -17 -18
leaf_value=0.051515131108231221 0.0079084138578137224 -0.070791394554338583 0.048051492325543288 0.014368346171596619 -0.067717273785020293 0.04763616453919934 0.036904962304622417 -0.047889569350568317 -0.051455436300005312 0.019460974566815833 0.044033951517539541 -0.052243450439032439 -0.03131426013849762 0.05917144173721172 -0.012226133894741203 -0.048814457554457805 -0.012226133894741203
leaf_weight=109.84054033085704 136.09980817511678 92.584203477948904 112.61912548169494 98.865129753947258 77.23520141094923 114.87072332948446 74.888648968189955 130.10966428369284 148.96628147736192 132.17933762073517 114.24498309567571 97.753982197493315 123.0783991292119 127.15575316548347 94.684022087603807 95.086229372769594 157.13763201981783
leaf_count=249 497 232 279 360 360 362 332 563 476 432 392 228 384 398 326 335 492
internal_value=9.39502e-05 -0.0241232 0.00316747 0.000160659 -0.0192126 0.00578553 -0.00670209 -0.0210627 0.00174346 -0.0181636 0.00784678 0.00186255 -0.00512399 0.00266406 0.0287799 -0.0128084 -0.0122261
internal_weight=2037.4 228.684 1808.72 1696.1 381.099 1315 303.863 228.975 1200.13 281.146 918.982 809.141 694.896 597.142 221.84 375.302 280.216
internal_count=6697 729 5968 5689 1615 4074 1255 923 3712 908 2804 2555 2163 1935 724 1211 876
is_linear=0
shrinkage=0.05


end of trees

feature_importances:
sl_ratio=152
pos_share=140
sl_bias=101
ppr_sd=83
ypa_cur=66
t_plays=65
o_fpa_prev=63
ppr_l3=62
o_ypc_prev=62
t_prate=61
snp_prev=60
temp=60
csh_prev=59
ppr_cur=58
patt_prev=58
t_pf=57
o_fpa=57
o_ypc=57
o_pyd=57
t_pf_prev=56
total=56
use_l3=55
d_use=55
draft=54
wind=54
implied=50
ppr_prev=49
o_pyd_prev=49
t_prate_prev=47
csh_cur=46
patt_cur=45
bonus_cur=45
bonus_prev=45
ypt_cur=44
d_snp=44
use_prev=42
o_sk=42
vac_tgt=41
sl_share=40
o_pa=38
snp_cur=36
snp_ew=35
car_cur=35
spread=35
o_pa_prev=33
ppr_ew=31
csh_ew=31
t_plays_prev=28
g=25
age=24
home=21
g_prev=17
exp=15
rest=15
wk_since=12
t_g=12
miss=11
use_ew=11
dome=11
dc_depth=8
week=8
o_g=7
use_cur=6
sl_now=6
tsh_prev=5
vac_car=5
dc_eff=4
tsh_cur=2
tm_change=2
depth=2
vac_pos=2
sl_rank=2
tsh_ew=1
rec_cur=1
tgt_cur=1

parameters:
[boosting: gbdt]
[objective: regression]
[metric: l2]
[tree_learner: serial]
[device_type: cpu]
[data_sample_strategy: bagging]
[data: ]
[valid: ]
[num_iterations: 180]
[learning_rate: 0.05]
[num_leaves: 31]
[num_threads: 0]
[seed: 1]
[deterministic: 1]
[force_col_wise: 0]
[force_row_wise: 1]
[histogram_pool_size: -1]
[max_depth: -1]
[min_data_in_leaf: 300]
[min_sum_hessian_in_leaf: 0.001]
[bagging_fraction: 0.8]
[pos_bagging_fraction: 1]
[neg_bagging_fraction: 1]
[bagging_freq: 1]
[bagging_seed: 18467]
[bagging_by_query: 0]
[feature_fraction: 0.8]
[feature_fraction_bynode: 1]
[feature_fraction_seed: 26500]
[extra_trees: 0]
[extra_seed: 15724]
[early_stopping_round: 0]
[early_stopping_min_delta: 0]
[first_metric_only: 0]
[max_delta_step: 0]
[lambda_l1: 0]
[lambda_l2: 1]
[linear_lambda: 0]
[min_gain_to_split: 0]
[drop_rate: 0.1]
[max_drop: 50]
[skip_drop: 0.5]
[xgboost_dart_mode: 0]
[uniform_drop: 0]
[drop_seed: 6334]
[top_rate: 0.2]
[other_rate: 0.1]
[min_data_per_group: 100]
[max_cat_threshold: 32]
[cat_l2: 10]
[cat_smooth: 10]
[max_cat_to_onehot: 4]
[top_k: 20]
[monotone_constraints: 0,0,0,0,0,0,0,1,1,0,0,0,0,0,0,0,0,0,0,0,0,0,0,0,0,0,0,0,0,0,0,0,0,0,0,0,0,0,0,0,0,0,0,0,0,0,0,0,0,0,0,0,0,0,0,0,0,0,0,0,0,0,1,0,0,0,0,0,0,0,0,0,0,0,0,1,0,0,0,0]
[monotone_constraints_method: advanced]
[monotone_penalty: 0]
[feature_contri: ]
[forcedsplits_filename: ]
[refit_decay_rate: 0.9]
[cegb_tradeoff: 1]
[cegb_penalty_split: 0]
[cegb_penalty_feature_lazy: ]
[cegb_penalty_feature_coupled: ]
[path_smooth: 0]
[interaction_constraints: ]
[verbosity: -1]
[saved_feature_importance_type: 0]
[use_quantized_grad: 0]
[num_grad_quant_bins: 4]
[quant_train_renew_leaf: 0]
[stochastic_rounding: 1]
[linear_tree: 0]
[max_bin: 255]
[max_bin_by_feature: ]
[min_data_in_bin: 3]
[bin_construct_sample_cnt: 200000]
[data_random_seed: 41]
[is_enable_sparse: 1]
[enable_bundle: 1]
[use_missing: 1]
[zero_as_missing: 0]
[feature_pre_filter: 1]
[pre_partition: 0]
[two_round: 0]
[header: 0]
[label_column: ]
[weight_column: ]
[group_column: ]
[ignore_column: ]
[categorical_feature: ]
[forcedbins_filename: ]
[precise_float_parser: 0]
[parser_config_file: ]
[objective_seed: 19169]
[num_class: 1]
[is_unbalance: 0]
[scale_pos_weight: 1]
[sigmoid: 1]
[boost_from_average: 1]
[reg_sqrt: 0]
[alpha: 0.9]
[fair_c: 1]
[poisson_max_delta_step: 0.7]
[tweedie_variance_power: 1.5]
[lambdarank_truncation_level: 30]
[lambdarank_norm: 1]
[label_gain: ]
[lambdarank_position_bias_regularization: 0]
[eval_at: ]
[multi_error_top_k: 1]
[auc_mu_weights: ]
[num_machines: 1]
[local_listen_port: 12400]
[time_out: 120]
[machine_list_filename: ]
[machines: ]
[gpu_platform_id: -1]
[gpu_device_id: -1]
[gpu_device_id_list: ]
[gpu_use_dp: 0]
[num_gpu: 1]

end of parameters

pandas_categorical:[]
