tree
version=v4
num_class=1
num_tree_per_iteration=1
label_index=0
max_feature_idx=80
objective=regression
feature_names=g wk_since miss ppr_cur ppr_ew ppr_l3 ppr_sd use_cur use_ew use_l3 tsh_cur tsh_ew csh_cur csh_ew snp_cur snp_ew patt_cur rec_cur tgt_cur car_cur bonus_cur ypt_cur catch_cur ypa_cur d_use d_snp g_prev ppr_prev use_prev tsh_prev csh_prev snp_prev patt_prev bonus_prev tm_change depth pos_share dc_depth dc_eff age exp draft t_g t_plays t_prate t_pf t_plays_prev t_prate_prev t_pf_prev o_g o_fpa o_ypc o_pyd o_sk o_pa o_fpa_prev o_ypc_prev o_pyd_prev o_pa_prev home spread total implied dome temp wind rest new_hc inj vac_tgt vac_car vac_pos qb_out week h sl_now sl_ratio sl_share sl_rank sl_bias pred
feature_infos=[0:16] [1:17] [0:16] [-2.1000000000000001:45.600000000000001] [-2.1000000000000001:45.600000000000001] [-2.1000000000000001:45.600000000000001] [0:34.93107499061545] [-0.36699999999999999:32.165999999999997] [-0.36699999999999994:32.165999999999997] [-0.36699999999999999:32.165999999999997] [0:0.52631578947368418] [0:0.52631578947368418] [0:0.94999999999999996] [0:0.94999999999999996] [0.01:1] [0.010000000000000002:1] [0:1] [0:13] [0:14] [0:31] [-4:20] [-7:56] [0:1] none [-22.447500000000002:23.462666666666671] [-0.63500000000000001:0.7168181818181818] [0:17] [-0.84999999999999998:30.133333333333336] [-0.36699999999999999:26.08775] [0:0.23413939371772127] [0:0.84536895642839383] [0.01:0.96083333333333332] [0:0.35714285714285715] [-2:12] [0:1] [1:12] [0:1] [1:5] [1:6] [20.616016427104721:37.303216974674882] [0:15] [2:260] [0:16] [43:94] [0.22448979591836735:0.83606557377049184] [0:59] [54.875:70.9375] [0.4380664652567976:0.67543859649122806] [13.882352941176471:35.3125] [0:16] [0.90000000000000002:56.899999999999999] [1.45:8.882352941176471] [82:466] [0:10] [0:59] [15.200000000000001:33.556249999999999] [3.1710526315789473:5.756317689530686] [152.8235294117647:334.875] [13.882352941176471:35.3125] [0:1] [-22:22] [28.5:63.5] [9.75:36.25] [0:1] [1:97] [0:71] [4:17] [0:1] [0:3] [0:0.92093392964683618] [0:1] [0:0.93761041087442576] [0:1] [1:18] none [-0.080000000000000002:28.77] [-0.0061776061776061776:13.550694444444444] [-0.0039820806371329018:1] [1:10] [-1.2276917421252225:1.1319999999999999] [0:32.857190601699379]
tree_sizes=1678 1727 1728 1717 1731 1733 1734 1731 1743 1726 1725 1731 1736 1734 1746 1731 1740 1732 1747 1737 1733 1737 1738 1743 1738 1743 1738 1736 1738 1747 1742 1746 1748 1755 1744 1753 1750 1743 1744 1749 1748 1741 1749 1739 1755 1744 1750 1758 1743 1758 1749 1755 1750 1752 1759 1740 1765 1742 1762 1756 1768 1748 1773 1763 1764 1759 1753 1776 1766 1763 1771 1765 1763 1766 1760 1750 1754 1761 1771 1759 1760 1771 1767 1759 1769 1752 1765 1769 1757 1769 1767 1764 1752 1749 1746 1781 1752 1771 1766 1761 1758 1770 1762 1770 1757 1761 1763 1765 1759 1756 1770 1776 1769 1771 1768 1760 1757 1760 1758 1758 1788 1752 1774 1756 1767 1764 1767 1763 1781 1761 1768 1758 1760 1766 1768 1758 1766 1772 1763 1774 1774 1765 1761 1765 1769 1757 1760 1762 1765 1770 1768 1772 1757 1771 1757 1774 1771 1771 1765 1768 1783 1755 1767 1765 1777 1770 1777 1765 1748 1773 1772 1770 1770 1765 1773 1766 1771 1767 1763 1754 1761 1775 1748 1777 1764 1768 1758 1765 1757 1785 1757 1763 1775 1751 1778 1750 1760 1770 1755 1782 1775 1768 1752 1779 1766 1779 1771 1774 1771 1767 1767 1768 1769 1763 1752 1768 1762 1771 1763 1766 1761 1759 1774 1758 1771 1772 1769 1772 1764 1770 1768 1781 1771 1764 1761 1771 1772 1773 1780 1779 1767 1776 1769 1769 1777 1779 1769 1757 1758 1776 1767 1774 1776 1771 1768 1763 1762 1765 1765 1764 1767 1771 1771 1772 1767 1759 1754 1759 1760 1750 1769 1762 1774 1759 1769 1761 1775 1769 1778 1775 1769 1786 1780 1765 1772 1753 1766 1754 1767 1775 1779 1777 1764 1769 1757 1777 1764 1774 1770 1779

Tree=0
num_leaves=15
num_cat=0
split_feature=36 77 77 77 77 3 36 62 8 33 77 79 29 79
split_gain=14215.6 1934.52 1632.01 447.038 404.16 366.807 303.975 176.05 139.561 125.443 110.424 108.655 105.465 173.953
threshold=0.18315080298836214 0.083193038186729892 0.54625503206922688 0.34731690212808453 0.14119312415494067 17.623611111111114 0.024896905790889039 21.875000000000004 1.5384918611914615 4.2426470588235299 0.035043180469622452 0.41413204081438365 0.094650793764662317 0.22805898358779161
decision_type=8 8 10 8 10 10 10 2 8 10 10 10 10 8
left_child=1 6 3 11 8 12 10 -5 -3 -7 -1 -2 13 -4
right_child=2 4 5 7 -6 9 -8 -9 -10 -11 -12 -13 -14 -15
leaf_value=3.7425023103145292 3.8936942549979556 3.7865723295383864 3.9889552611188468 3.934755161717812 3.8806372185575064 4.032128776228685 3.7981520938373077 3.9809016158860273 3.8410923892106186 4.1027863575466741 3.7897440385963752 3.946137101196014 3.9806575465540774 4.0523959003833063
leaf_weight=764.45776879787445 500.47381301224232 184.81906446069479 259.95419888198376 383.1757291033864 650.05130816996098 143.83265189826488 539.30629819631577 458.22296787053347 328.59105686843395 131.71036592125893 158.55003608763218 122.15737302601337 404.81354872882366 195.87260019779205
leaf_count=1858 1292 915 698 1331 1484 335 1361 1705 1330 304 346 243 857 383
internal_value=3.88832 3.80627 3.97117 3.93622 3.85442 4.01612 3.768 3.95997 3.82131 4.06656 3.7505 3.90406 3.99978 4.01652
internal_weight=5225.99 2625.78 2600.21 1464.03 1163.46 1136.18 1462.31 841.399 513.41 275.543 923.008 622.631 860.64 455.827
internal_count=14442 7294 7148 4571 3729 2577 3565 3036 2245 639 2204 1535 1938 1081
is_linear=0
shrinkage=1


Tree=1
num_leaves=15
num_cat=0
split_feature=80 80 80 80 80 75 80 80 64 51 33 33 14 12
split_gain=13851.4 1787.51 1512.64 506.56 344.735 168.781 111.133 104.836 115.028 113.357 92.4609 78.9741 74.4928 74.4679
threshold=4.7220782015102385 8.5389104374321203 2.2685563898601471 15.456292607583027 0.99232404377872618 19.990000000000006 6.7060624080483011 11.254323443015732 52.500000000000007 4.7195713017953453 0.46153846153846156 1.6363636363636365 0.60038461538461563 0.29086559928181344
decision_type=2 2 2 2 2 8 2 2 8 10 8 8 10 10
left_child=2 6 4 7 -1 12 -2 8 -3 -9 -4 -10 -5 -8
right_child=1 3 10 5 -6 -7 13 9 11 -11 -12 -13 -14 -15
leaf_value=-0.14366288495172849 0.0056473834910368758 0.11153698953514563 -0.06138247440792885 0.099951782656138966 -0.094647126362970679 0.20083344881676324 0.057402312282790149 0.088861822359788845 0.086468516712373711 0.13412199078094733 -0.027668954846447814 0.0406751405281017 0.14798701985365659 0.013082971604480973
leaf_weight=772.90991228073835 567.5856054648757 130.88469920307398 304.68101699650288 139.51906083524227 688.98891569674015 116.40397267043591 242.15141551196575 613.5380627438426 149.27093840390444 185.65930148214102 618.62930409610271 262.67269033938646 234.89095889031887 156.53213589638472
leaf_count=2068 1566 410 813 330 1977 435 707 1697 449 458 1673 764 535 453
internal_value=-0.000493851 0.0749381 -0.0890096 0.103938 -0.120642 0.14748 0.0198802 0.0879155 0.0706632 0.0995306 -0.0388484 0.0574379 0.130401 0.0400778
internal_weight=5184.32 2799.11 2385.21 1832.84 1461.9 490.814 966.269 1342.03 542.828 799.197 923.31 411.944 374.41 398.684
internal_count=14335 7804 6531 5078 4045 1300 2726 3778 1623 2155 2486 1213 865 1160
is_linear=0
shrinkage=0.05


Tree=2
num_leaves=15
num_cat=0
split_feature=36 77 75 3 75 8 51 75 75 8 29 25 18 75
split_gain=11461.5 1735.82 1574.32 457.097 370.029 226.114 219.831 172.595 154.037 130.521 123.903 113.904 99.3436 89.1679
threshold=0.19328302877746109 0.083193038186729892 9.7350000000000012 17.623611111111114 4.6250000000000009 0.44154249622939551 4.2730983302411882 7.245000000000001 13.615 1.5384918611914615 0.078383022580602174 -0.16833333333333333 1.9198717948717952 2.5750000000000006
decision_type=8 8 8 10 10 8 10 10 10 8 10 10 8 10
left_child=1 5 7 8 9 -1 -5 -2 -4 13 -10 -12 -9 -3
right_child=2 4 3 6 -6 -7 -8 12 10 -11 11 -13 -14 -15
leaf_value=-0.12938281772140128 0.0028135913953359691 -0.096331976975743694 0.079478341904005614 0.12158241371804038 0.016648094736823545 -0.089433226214365211 0.20668064918128126 0.081739095206103479 0.14917244739691152 -0.032492476902366979 0.064025008330275565 0.12317441820932509 0.027326038207630712 -0.030537658086634719
leaf_weight=668.34149493277073 491.31629405915737 164.54329174011946 837.41375697404146 179.10997987538576 345.57385091483593 784.92697060108185 140.9882772937417 137.25164590775967 174.93121485412121 646.53732922673225 154.22202119231224 182.24048641324043 217.51098607480526 76.554217204451561
leaf_count=1588 1086 888 2947 497 819 1960 364 316 431 2074 324 417 514 163
internal_value=0.000925459 -0.070875 0.0776196 0.105774 -0.0272124 -0.107882 0.159591 0.0220248 0.0928936 -0.0442876 0.114663 0.0963326 0.0485481 -0.0756531
internal_weight=5201.46 2686.48 2514.98 1668.91 1233.21 1453.27 320.098 846.079 1348.81 887.635 511.394 336.463 354.763 241.098
internal_count=14388 7492 6896 4980 3944 3548 861 1916 4119 3125 1172 741 830 1051
is_linear=0
shrinkage=0.05


Tree=3
num_leaves=15
num_cat=0
split_feature=80 80 80 80 77 80 80 48 9 56 9 43 36 80
split_gain=11084.7 2038.98 1078.6 309.4 201.771 201.717 140.274 129.491 136.617 109.558 70.2754 70.0141 79.4203 88.3627
threshold=6.3148756641591648 2.4513505405738458 13.356787819536494 1.0509793155211844 0.85459832695306981 8.5389104374321203 4.2252310415421332 27.634191176470591 14.903666666666668 4.3998369535179362 18.195833333333336 66.51666666666668 0.48796837211955707 11.254323443015732
decision_type=2 2 2 2 8 2 2 2 8 2 8 8 8 2
left_child=1 3 5 -1 7 -2 -3 8 -4 -10 -6 12 13 -7
right_child=2 6 4 -5 10 11 -8 -9 9 -11 -12 -13 -14 -15
leaf_value=-0.1269482016969472 0.027390916674031759 -0.03666493040687361 0.069626474454401566 -0.08203936381889633 0.22114444878918549 0.069319738323249863 -0.0042852779661397737 0.15738967832732087 0.14138498869860069 0.087948402078968424 0.14139982033046181 0.041847906421263674 0.047789793407139319 0.11288335586760818
leaf_weight=793.52264606952667 491.35147918760777 683.16881376504898 208.28679436445236 761.12781377136707 63.019250176846981 342.55349772423506 655.00177819281816 139.74826762080193 246.72681628167629 169.35776400566101 66.174309991300106 220.14184617996216 207.91458743065596 183.83241470903158
leaf_count=2131 1449 1860 483 2146 300 1004 1735 314 535 363 317 691 538 539
internal_value=-0.000667377 -0.0661008 0.0802491 -0.105029 0.123433 0.0535002 -0.0208309 0.113357 0.103266 0.119898 0.181698 0.0668987 0.0743418 0.0847189
internal_weight=5231.93 2892.82 2339.11 1554.65 893.313 1445.79 1338.17 764.12 624.371 416.085 129.194 954.442 734.3 526.386
internal_count=14405 7872 6533 4277 2312 4221 3595 1695 1381 898 617 2772 2081 1543
is_linear=0
shrinkage=0.05


Tree=4
num_leaves=15
num_cat=0
split_feature=80 80 80 75 80 80 9 21 41 44 33 64 13 76
split_gain=10361.9 1900.42 793.573 319.132 307.053 195.341 110.597 129.077 110.022 115.828 115.154 96.5261 87.7708 82.4511
threshold=4.2252310415421332 11.254323443015732 1.2215507245793253 19.405000000000005 6.7060624080483011 2.4513505405738458 16.500666666666671 4.6573385518591008 53.500000000000007 0.59496970312447117 2.0588235294117649 79.500000000000014 0.61054047200296868 1.0083646061443126
decision_type=2 2 2 10 2 2 10 10 10 10 10 8 10 10
left_child=2 4 -1 6 -2 -4 8 -8 13 10 -10 -6 -9 -3
right_child=1 3 5 -5 11 -7 7 12 9 -11 -12 -13 -14 -15
leaf_value=-0.11866221263269863 0.0011338712425818418 0.082483374902449488 -0.076833768069113753 0.18256886198809597 0.058469667474387012 -0.038643527248918154 0.080751956062106944 0.17699380584028765 0.086825094911286302 0.10627785351360926 0.021374541294921837 0.026221784858266258 0.11121342137057239 0.12879877302961304
leaf_weight=895.24437128007412 742.15004276484251 201.13379288464785 675.58605582267046 123.0553771853447 522.42244949191809 670.93140538781881 129.48081596940756 110.47103340178728 117.92968416213989 137.00487717241049 156.5880426093936 421.92565127462149 109.68749722838402 202.11904485523701
leaf_count=2428 2015 547 1880 307 1617 1838 398 274 319 424 383 1179 329 470
internal_value=-0.00102433 0.0601543 -0.0821758 0.105878 0.025207 -0.0578475 0.0976233 0.121424 0.0872734 0.0687509 0.0497044 0.0441046 0.144872 0.105959
internal_weight=5215.73 2973.97 2241.76 1287.47 1686.5 1346.52 1164.41 349.639 814.775 411.523 274.518 944.348 220.159 403.253
internal_count=14408 8262 6146 3451 4811 3718 3144 1001 2143 1126 702 2796 603 1017
is_linear=0
shrinkage=0.05


Tree=5
num_leaves=15
num_cat=0
split_feature=80 80 80 80 80 75 75 33 50 17 25 53 21 25
split_gain=9629.34 1660.86 887.395 287.281 151.019 141.84 140.577 109.842 96.4213 84.9714 84.3037 65.5948 96.6528 66.6073
threshold=6.3148756641591648 2.4513505405738458 13.356787819536494 0.836288277549462 8.5389104374321203 4.6250000000000009 19.990000000000006 4.2761904761904761 26.187307692307694 0.88194444444444453 -0.075871212121212159 2.1180555555555558 4.3237365368682692 0.067000000000000046
decision_type=2 2 2 2 2 8 8 10 8 10 10 10 8 10
left_child=1 3 4 -1 9 -3 8 -8 10 -2 -4 -6 -13 -14
right_child=2 5 6 -5 11 -7 7 -9 -10 -11 -12 12 13 -15
leaf_value=-0.121075074875926 0.059129937164060856 -0.033797688413476544 0.068259366932090657 -0.077401144920237946 0.048241385432146566 -0.00057992068567426806 0.11399416788892139 0.20623615731457876 0.13427328767643393 0.014803575489144547 0.10984819360631887 0.10928483038123067 0.046383300107464255 0.092806795071626758
leaf_weight=669.38286375254393 157.63573849201202 776.5578271150589 205.7630168646574 883.71948286145926 427.48035568743944 547.81267111003399 69.482357122004032 69.765548303723335 217.84007096290588 342.69488315284252 327.86233910918236 147.77458081394434 253.22676478326321 113.58710504323244
leaf_count=1747 452 1755 424 2524 1245 1848 357 247 545 1021 739 437 718 335
internal_value=-3.21213e-05 -0.0612279 0.0754357 -0.0962903 0.0511457 -0.0200683 0.114669 0.16135 0.105816 0.0288593 0.0939694 0.0629388 0.0750311 0.060972
internal_weight=5210.59 2877.47 2333.11 1553.1 1442.4 1324.37 890.713 139.248 751.465 500.331 533.625 942.069 514.588 366.814
internal_count=14394 7874 6520 4271 4208 3603 2312 604 1708 1473 1163 2735 1490 1053
is_linear=0
shrinkage=0.05


Tree=6
num_leaves=15
num_cat=0
split_feature=80 80 80 80 80 56 79 11 27 29 62 48 64 30
split_gain=8447.75 1141.36 913.948 382.817 178.388 116.217 107.922 95.7753 95.0239 87.592 85.2091 92.5981 81.8687 84.1483
threshold=4.7220782015102385 8.3674728254164101 1.5345817739505319 15.201864209371923 2.5410396781306348 4.3986952588278543 -0.073754526860365821 0.010520363287235225 16.087948717948723 0.025487639718964721 21.375000000000004 19.244485294117649 57.500000000000007 0.51757568722389513
decision_type=2 2 2 2 2 2 8 10 10 10 2 2 8 8
left_child=2 7 9 8 -4 6 -5 -2 10 -1 12 -12 -3 -14
right_child=1 3 4 5 -6 -7 -8 -9 -10 -11 11 -13 13 -15
leaf_value=-0.10883037647176624 0.046778464414332491 0.07517634781352675 -0.062967052900644943 0.099481130507257987 -0.025670287204959893 0.086278115622562962 0.15768085400690912 0.0063841107116095466 0.10946515067552541 -0.069436007911464051 0.11647984760081764 0.06570059064716198 0.055686769634216475 0.0050420640879086341
leaf_weight=904.02896753698587 180.8827842399478 163.10984136909246 535.38475676625967 143.16007007658482 803.29101820290089 212.49662347137928 205.84467903524637 761.7978146597743 119.33611719310284 175.7413571625948 107.59394497424364 595.83283811807632 172.49686066061258 155.97257880866528
leaf_count=2520 479 465 1472 326 2164 539 587 2179 338 432 280 1800 450 413
internal_value=0.000265547 0.0590804 -0.0682751 0.0816268 -0.0406225 0.116225 0.13416 0.0141764 0.0667689 -0.102489 0.0624172 0.073622 0.0462669 0.0317266
internal_weight=5236.97 2818.52 2418.45 1875.84 1338.68 561.501 349.005 942.681 1314.34 1079.77 1195.01 703.427 491.579 328.469
internal_count=14444 7856 6588 5198 3636 1452 913 2658 3746 2952 3408 2080 1328 863
is_linear=0
shrinkage=0.05


Tree=7
num_leaves=15
num_cat=0
split_feature=80 80 80 80 47 80 80 77 64 20 24 41 21 36
split_gain=7602.88 1474.4 702.57 199.371 192.412 162.591 120.581 100.649 83.0598 78.0991 111.819 66.5669 65.1046 84.9503
threshold=6.3905013539942157 2.3583393543467941 13.356787819536494 1.1211886291039659 0.54607692307692324 8.4608999641626905 3.3799017578155399 0.80150581548770761 37.500000000000007 4.4142857142857155 -1.7295000000000005 52.500000000000007 4.816730279898219 0.39679579915637336
decision_type=2 2 2 2 2 2 2 8 10 10 10 8 8 8
left_child=1 3 5 -1 8 -2 -3 9 -4 10 -6 -9 13 -7
right_child=2 6 4 -5 7 12 -8 11 -10 -11 -12 -13 -14 -15
leaf_value=-0.10480930459993792 0.021568583583911095 -0.038722691083600429 0.16655906863397268 -0.067717078955364746 0.057254243188715415 0.095500385359883824 -0.0068391977930913469 0.15312553789121408 0.10911106165358445 0.044446857286031843 0.11794336552146621 0.086252029842290412 0.044733886538974282 0.052411493239738698
leaf_weight=824.77538398653269 460.09183081239462 428.41637123376131 134.33735317736864 662.64001443982124 149.19758252799511 203.34148643910885 960.21064399927855 82.401805259287357 138.36682473123074 148.06836961209774 161.4664252102375 77.688728958368301 487.64947780221701 273.23713871091604
leaf_count=2223 1361 1146 300 1885 348 606 2631 304 313 355 379 315 1447 758
internal_value=0.000518868 -0.0537673 0.0679308 -0.0883414 0.102734 0.0460894 -0.0166966 0.0870328 0.137916 0.0747977 0.0890744 0.12141 0.0577553 0.0709577
internal_weight=5191.89 2876.04 2315.85 1487.42 891.527 1424.32 1388.63 618.823 272.704 458.732 310.664 160.091 964.228 476.579
internal_count=14371 7885 6486 4108 2314 4172 3777 1701 613 1082 727 619 2811 1364
is_linear=0
shrinkage=0.05


Tree=8
num_leaves=15
num_cat=0
split_feature=80 80 80 80 47 25 80 47 27 22 11 79 64 27
split_gain=6522.88 867.469 688.998 233.143 128.975 124.44 113.634 110.894 92.2289 76.8014 73.598 84.2141 73.4883 71.7932
threshold=4.7220782015102385 8.3674728254164101 1.5345817739505319 13.356787819536494 0.54607692307692324 -0.045999999999999951 2.9653386460784046 0.58389680385949061 4.9406250000000016 0.80982519590114543 0.010520363287235225 0.49109087286096298 44.500000000000007 3.2071428571428577
decision_type=2 2 2 2 2 10 2 2 8 10 10 8 8 10
left_child=2 10 13 8 -5 7 -4 -6 -3 -7 -2 -12 -10 -1
right_child=1 3 6 4 5 9 -8 -9 12 -11 11 -13 -14 -15
leaf_value=-0.097127589904552239 0.039732215145614376 0.096619536089550997 -0.052188282870107773 0.11928782338174047 0.014982403428027403 0.11454895958484167 -0.02298250262868641 0.077744036886924481 0.083673763954258629 0.064218340423257234 -0.0050377040460724744 0.035716302093659134 0.041824154444921512 -0.054061307253238669
leaf_weight=932.77237579971552 174.88531445711851 108.64214338362217 704.10772227495909 248.95076958835125 119.93846422433853 220.9193672016263 636.40049811452627 171.33846481889486 122.38266044855118 122.83928844332695 585.71520939469337 160.70884799957275 761.48365674167871 112.73314639180899
leaf_count=2591 476 316 1916 573 275 654 1712 486 395 314 1451 693 2179 297
internal_value=-0.00140321 0.0503843 -0.0621241 0.0698843 0.0885886 0.0763851 -0.0383504 0.0520405 0.0531527 0.0968022 0.0106345 0.00377288 0.0477068 -0.09254
internal_weight=5183.82 2797.8 2386.01 1876.49 883.986 635.036 1340.51 291.277 992.508 343.759 921.309 746.424 883.866 1045.51
internal_count=14328 7812 6516 5192 2302 1729 3628 761 2890 968 2620 2144 2574 2888
is_linear=0
shrinkage=0.05


Tree=9
num_leaves=15
num_cat=0
split_feature=80 80 80 4 80 79 29 75 39 51 8 18 75 29
split_gain=6221.27 974.889 708.732 259.555 169.532 125.175 126.451 119.81 103.427 104.498 101.042 70.868 80.6836 82.9404
threshold=4.9237666159409068 9.9227531719250113 1.2215507245793253 21.771300563860702 3.2754164921974636 -0.2156801869301356 0.093721448986966632 13.365 26.774811772758387 4.753981867189415 13.302589826863219 0.83974358974358987 7.3450000000000006 0.034684267903513047
decision_type=2 2 2 10 2 8 8 10 2 8 8 10 8 10
left_child=2 11 -1 5 -4 -3 7 -7 9 10 -8 -2 13 -13
right_child=1 3 4 -5 -6 6 8 -9 -10 -11 -12 12 -14 -15
leaf_value=-0.093553437637120582 0.037381980157438828 0.048331701415127548 -0.050259969623699101 0.13971077855351771 -0.016158420803629957 0.078801158880893479 0.024642352777752723 0.13653900569634167 0.025500958964415222 0.11543311377128494 0.082642984033350686 0.020850901323796012 0.024029665471715846 -0.024661724667407982
leaf_weight=900.69771651178598 303.48183622211218 448.01555654406548 1011.8892747685313 149.65909560769796 571.32537004351616 223.11186534911394 119.60125186294317 158.04039871692657 127.06930341571569 126.63154698163271 206.04029024392366 165.43886679410934 446.97887454926968 250.28455708920956
leaf_count=2441 823 956 2752 411 1574 814 369 374 349 335 609 375 1613 590
internal_value=-0.000937824 0.0512327 -0.058156 0.0770968 -0.0379719 0.0703495 0.0805586 0.103036 0.0656184 0.0768085 0.0614812 0.0166385 0.00930653 -0.00654321
internal_weight=5208.27 2724.35 2483.91 1558.17 1583.21 1408.51 960.495 381.152 579.342 452.273 325.642 1166.18 862.702 415.723
internal_count=14385 7618 6767 4217 4326 3806 2850 1188 1662 1313 978 3401 2578 965
is_linear=0
shrinkage=0.05


Tree=10
num_leaves=15
num_cat=0
split_feature=80 80 80 80 48 64 27 46 27 39 45 54 41 36
split_gain=5634.65 914.944 606.106 144.833 135.021 127.956 117.295 119.222 99.1799 84.0308 110.847 142.754 111.601 75.1621
threshold=4.7220782015102385 11.254323443015732 1.5345817739505319 7.471608314887491 20.63786764705883 58.500000000000007 17.300833333333337 63.242647058823536 2.4100490196078437 27.555099247091039 25.033333333333335 22.781746031746035 70.500000000000014 0.19328302877746109
decision_type=2 2 2 2 2 8 10 2 8 2 8 10 8 10
left_child=2 3 -1 -2 5 -3 9 -8 -4 10 11 -6 -12 -10
right_child=1 4 8 -5 6 -7 7 -9 13 -11 12 -13 -14 -15
leaf_value=-0.083749067524065343 0.0057852420986736191 0.09907752853100904 -0.055032240979248873 0.036713351249857404 0.12669058949084666 0.038060243359292187 0.15817364736286874 0.084014118646738814 -0.030019938962216532 0.11627062867255185 0.075920884294081281 0.05561693111353077 0.0081512212947274058 0.012370966893386437
leaf_weight=1075.5010868012905 735.23852048069239 119.95402110368013 378.4353046938777 780.19147408753633 142.66771940886974 305.6937212869525 111.95654518157244 113.50317544490099 845.89828521758318 124.72133795917034 132.84665048122406 144.51209705322981 111.72347661107779 118.74125915020704
leaf_count=2930 2076 332 970 2301 378 741 326 298 2375 346 325 384 344 299
internal_value=0.000208997 0.0481852 -0.0557865 0.0217217 0.0788152 0.0554478 0.0900175 0.121375 -0.0333491 0.0790796 0.0701546 0.0912426 0.0451219 -0.0247945
internal_weight=5241.58 2823.01 2418.58 1515.43 1307.58 425.648 881.931 225.46 1343.07 656.471 531.75 287.18 244.57 964.64
internal_count=14425 7851 6574 4377 3474 1073 2401 624 3644 1777 1431 762 669 2674
is_linear=0
shrinkage=0.05


Tree=11
num_leaves=15
num_cat=0
split_feature=80 80 80 75 80 48 76 8 80 27 19 64 80 46
split_gain=5236.2 908.821 516.004 240.177 161.32 108.105 105.098 103.615 91.9541 85.5325 86.6417 76.2076 72.5768 67.0168
threshold=6.3148756641591648 2.5410396781306348 13.356787819536494 19.405000000000005 1.0509793155211844 17.593750000000004 1.3849921011058453 13.302589826863219 14.819821026549834 4.7472222222222227 10.14835164835165 65.500000000000014 4.2832947719439831 62.211397058823536
decision_type=2 2 2 10 2 2 8 10 2 8 8 8 2 2
left_child=1 4 5 6 -1 -2 7 -4 -9 -7 13 -12 -3 -11
right_child=2 12 3 -5 -6 9 -8 8 -10 10 11 -13 -14 -15
leaf_value=-0.086497207455950076 0.073751959975685774 -0.025411790187851065 0.026509816735643506 0.14969323346823663 -0.054366487048284819 0.065204781670651732 0.11460530882256977 0.1103001475248076 0.062356428566718969 -0.011681051211859424 0.063957126524849015 0.025942488863803737 -0.0015731354169817272 0.025455119873205506
leaf_weight=797.01638333499432 176.75738471001387 660.51378951966763 132.43105068802834 125.89434143900871 783.01880392432213 167.46815630793571 138.01447283476591 144.17983549833298 348.3314925134182 187.71178516000509 213.75614805519581 348.1512763351202 617.42360886186361 340.89476674050093
leaf_count=2135 523 1781 323 302 2204 492 603 321 774 447 626 960 1681 1154
internal_value=4.12091e-05 -0.0452728 0.0557721 0.0857005 -0.0706186 0.037184 0.074959 0.0660343 0.0765867 0.0319914 0.0268358 0.0404916 -0.0139046 0.0122707
internal_weight=5181.56 2857.97 2323.59 888.851 1580.04 1434.74 762.957 624.942 492.511 1257.98 1090.51 561.907 1277.94 528.607
internal_count=14326 7801 6525 2323 4339 4202 2021 1418 1095 3679 3187 1586 3462 1601
is_linear=0
shrinkage=0.05


Tree=12
num_leaves=15
num_cat=0
split_feature=80 80 80 75 80 43 58 27 51 75 39 75 20 54
split_gain=4335.24 775.657 360.336 259.502 103.698 99.483 93.3562 80.249 93.0192 67.8301 73.3141 64.4579 63.9958 54.7681
threshold=4.2252310415421332 9.8320359332818388 1.0509793155211844 19.405000000000005 2.5410396781306348 58.303846153846159 21.79411764705883 14.97916666666667 4.782517736947427 6.4450000000000012 24.767967145790561 8.7150000000000016 3.1180555555555558 24.148351648351653
decision_type=2 2 2 10 2 10 2 10 10 8 2 8 8 10
left_child=2 9 -1 5 -4 6 -3 8 -7 -2 11 -11 -9 -12
right_child=1 3 4 -5 -6 7 -8 12 -10 10 13 -13 -14 -15
leaf_value=-0.079963583010662975 -0.00064508425747449505 0.062739437819776006 -0.050143041703122948 0.13285189286709317 -0.023204122520536972 0.047326060949636345 0.0081038990565640723 0.11300366206539861 0.089171498346375944 0.060579168846239907 0.021408095915690456 0.013813784380928368 0.065658851736455817 -0.01410748509490245
leaf_weight=798.09538790583611 608.06104549765587 139.09708248078823 800.10900908708572 122.56253273785114 650.27342075109482 661.6956877335906 177.71309404820204 129.64448177069426 167.88679863512516 174.24814504384995 322.13085881620646 128.41922991722822 173.3386547639966 162.62398824840784
leaf_count=2123 1360 305 2268 306 1746 2034 384 373 462 415 1050 594 425 547
internal_value=-0.000627576 0.0390466 -0.0529815 0.0631215 -0.0380894 0.0571374 0.0322138 0.0640747 0.0558917 0.0119017 0.0215791 0.0408478 0.0862225 0.00948893
internal_weight=5215.9 2967.42 2248.48 1571.94 1450.38 1449.38 316.81 1132.57 829.582 1395.48 787.422 302.667 302.983 484.755
internal_count=14392 8255 6137 4289 4014 3983 689 3294 2496 3966 2606 1009 798 1597
is_linear=0
shrinkage=0.05


Tree=13
num_leaves=15
num_cat=0
split_feature=36 77 75 19 77 28 0 41 31 76 41 5 77 43
split_gain=3861.66 524.711 478.61 230.216 143.777 107.372 115.532 124.444 108.24 85.3795 104.96 83.2384 80.9411 68.173
threshold=0.18315080298836214 0.13864372140994916 7.3450000000000006 17.851648351648354 0.031841677230772462 18.045317948717951 11.500000000000002 64.000000000000014 0.60598214285714291 1.0048561999057051 55.500000000000007 7.4166666666666687 0.26549215150762789 60.345238095238102
decision_type=8 8 8 10 10 10 2 8 10 10 8 8 10 10
left_child=1 4 -2 5 -1 6 8 -8 9 -4 -11 -12 -3 -10
right_child=2 12 3 -5 -6 -7 7 -9 13 10 11 -13 -14 -15
leaf_value=-0.070582431711234392 0.0023710298985266456 -0.018196621565595688 0.032585328022268108 0.10200134051415484 -0.041884815134246085 0.096730674334115974 0.11361953545396718 0.048550207134332606 -0.016506005306961877 0.096715856098090636 0.079508210276271987 0.02993225178290064 0.019078739888113913 0.032968423123682165
leaf_weight=993.95090739428997 551.67578983306885 641.75553576648235 551.77589400112629 229.92690635472536 789.54624955356121 109.57042180746794 117.27070492506027 201.94854088872671 121.85734854638577 146.96866248548031 128.05701458454132 252.82332947850227 187.41404142975807 160.0044886469841
leaf_count=2524 1228 2550 2040 647 1743 322 295 574 221 335 296 626 475 464
internal_value=0.000168687 -0.0426371 0.043653 0.0549195 -0.0579087 0.0488192 0.04564 0.0727347 0.0392386 0.0464378 0.0608293 0.0467649 -0.00975858 0.0115964
internal_weight=5184.55 2612.67 2571.88 2020.2 1783.5 1790.28 1680.71 319.219 1361.49 1079.62 527.849 380.88 829.17 281.862
internal_count=14340 7292 7048 5820 4267 5173 4851 869 3982 3297 1257 922 3025 685
is_linear=0
shrinkage=0.05


Tree=14
num_leaves=15
num_cat=0
split_feature=80 80 80 75 80 36 44 80 29 29 48 5 54 29
split_gain=3632.76 554.796 389.943 173.703 112.566 93.3544 86.1633 86.1558 85.8801 137.902 102.441 75.8464 69.865 62.0022
threshold=4.7220782015102385 11.254323443015732 1.2565678753551912 19.405000000000005 7.471608314887491 0.43911046096389156 0.64296703296703306 2.4969686628843992 0.15936684007287347 0.090743811477775563 22.323529411764707 11.483333333333336 22.607692307692314 0.030489239987595253
decision_type=2 2 2 10 2 8 10 2 8 10 2 10 10 10
left_child=2 4 -1 6 13 11 8 -4 9 10 -3 -6 -10 -2
right_child=1 3 7 -5 5 -7 -8 -9 12 -11 -12 -13 -14 -15
leaf_value=-0.072056838101861059 0.019953032667810705 0.035055286787315947 -0.043536201715436734 0.116959324612704 0.030454474294620077 -0.0041837040316533005 0.096483716729665325 -0.019353995963960546 0.05236353167126008 0.024702482113392352 0.087456451459804463 0.074201251874252555 0.10701439854951816 -0.0091957559146548986
leaf_weight=882.45861437171698 320.4104688167572 163.55351864546537 664.84588192403316 128.07515804469585 488.25872112810612 152.94672521948814 116.90367917716503 831.11759859323502 132.50200378894806 453.3967460244894 222.76227045804262 124.51805705577135 109.57010746002197 420.98839432746172
leaf_count=2431 860 474 1845 316 1459 429 360 2217 375 1095 578 392 317 1220
internal_value=-0.000151913 0.0380828 -0.0457054 0.0616512 0.0173078 0.0307407 0.0556492 -0.0301231 0.0511513 0.0434901 0.0654193 0.0394504 0.0774389 0.00341139
internal_weight=5212.31 2833.89 2378.42 1326.76 1507.12 765.724 1198.69 1495.96 1081.78 839.713 386.316 612.777 242.072 741.399
internal_count=14368 7875 6493 3515 4360 2280 3199 4062 2839 2147 1052 1851 692 2080
is_linear=0
shrinkage=0.05


Tree=15
num_leaves=15
num_cat=0
split_feature=80 80 80 80 3 51 28 80 76 29 79 48 76 50
split_gain=3238.68 578.09 345.558 217.329 119.683 82.0906 80.3195 78.0077 76.2972 69.1498 138.716 61.9658 63.2172 61.139
threshold=4.6632876413941053 8.6240439949791341 1.7314708797872891 15.201864209371923 17.873863636363641 4.2398979591836747 3.41027840909091 2.9653386460784046 1.1491896080697701 0.093885672950846141 0.22805898358779161 17.764705882352946 0.89879313832584862 19.776785714285719
decision_type=2 2 2 2 10 10 10 2 8 8 10 2 10 8
left_child=2 -2 6 9 8 -6 -1 -4 -5 10 13 -11 -13 -3
right_child=1 3 7 4 5 -7 -8 -9 -10 11 -12 12 -14 -15
leaf_value=-0.068129955684221061 0.0043039428579462816 -0.0020432873358494077 -0.038678752578908411 0.035062743130193641 0.074125210836082117 0.13343098801565742 -0.024587873360953579 -0.013140987701895264 0.086259334672487101 0.063178529096951083 0.083970909363232579 0.046002426325618948 0.010703890138465443 0.045270481920237575
leaf_weight=1058.65401288867 1010.8325058817863 90.089961282908916 583.28987908363342 177.0017936527729 122.68502829968929 120.97561337798834 119.32190598547459 615.70850359648466 125.61633326858282 111.39616452902555 220.61030334234238 189.48881532996893 382.26727932691574 279.93524462729692
leaf_count=2909 2842 267 1570 405 343 318 335 1683 371 309 465 671 860 1019
internal_value=-0.0014951 0.03463 -0.0445154 0.0514609 0.0778517 0.103995 -0.063744 -0.0255865 0.0565285 0.0400907 0.0526351 0.0291842 0.0224623 0.0337765
internal_weight=5207.87 2830.9 2376.97 1820.07 546.279 243.661 1177.98 1199 302.618 1273.79 590.636 683.152 571.756 370.025
internal_count=14367 7870 6497 5028 1437 661 3244 3253 776 3591 1751 1840 1531 1286
is_linear=0
shrinkage=0.05


Tree=16
num_leaves=15
num_cat=0
split_feature=80 80 80 80 77 21 80 52 79 43 77 79 55 44
split_gain=3127.81 543.763 268.207 185.478 140.287 133.912 112.33 110.341 87.8955 70.8893 69.0757 62.164 58.8407 58.2043
threshold=4.2252310415421332 13.356787819536494 1.3254821956011613 7.471608314887491 0.85459832695306981 5.1824583866837397 15.621207144826466 247.91428571428574 0.68338558502738056 67.440972222222243 0.1796023814392573 0.81367826780573094 26.633272058823533 0.50369460369460384
decision_type=2 2 2 2 8 8 2 8 10 10 10 8 2 10
left_child=2 3 -1 11 5 -3 -7 -6 9 -5 12 13 -4 -2
right_child=1 4 10 8 7 6 -8 -9 -10 -11 -12 -13 -14 -15
leaf_value=-0.06433615541287134 0.025335841352315522 0.039311723055895531 -0.037265216712184294 0.033152886892762655 0.16378604969413035 0.11811319265621861 0.058987326180768199 0.068550179714738133 0.076075659169141385 -0.01032271935127743 0.006313327300178433 0.038005939430845508 -0.0037171968348134847 -0.0080493657839150207
leaf_weight=942.26252884417772 162.14486664533615 416.17916569113731 1026.0395750552416 965.41023768484592 61.078364200890064 130.91917969286442 217.27536150813103 64.537529103457928 108.59509395062923 103.38017255067825 123.18299137055874 113.20765554904938 150.03143180906773 652.55428941547871
leaf_count=2600 349 881 2751 2800 256 322 490 364 269 386 288 682 504 1512
internal_value=0.000628804 0.0340521 -0.0440292 0.0201836 0.0667989 0.0586078 0.0814929 0.115785 0.0333501 0.0289419 -0.0292637 0.00345921 -0.0329923 -0.00138199
internal_weight=5236.8 2995.28 2241.52 2105.29 889.99 764.374 348.195 125.616 1177.39 1068.79 1299.25 927.907 1176.07 814.699
internal_count=14454 8311 6143 5998 2313 1693 812 620 3455 3186 3543 2543 3255 1861
is_linear=0
shrinkage=0.05


Tree=17
num_leaves=15
num_cat=0
split_feature=80 80 80 21 51 59 54 80 53 9 64 64 9 19
split_gain=2957.86 607.982 260.731 120.103 176.992 118.16 117.316 115.878 95.1317 92.4168 91.5937 79.1863 68.71 64.8913
threshold=6.7060624080483011 2.4513505405738458 11.254323443015732 4.5008960573476715 4.5007462686567168 1.0000000180025095e-35 24.577380952380956 1.1211886291039659 2.1937500000000005 14.030666666666669 85.500000000000014 86.500000000000014 6.2575000000000012 9.4494949494949516
decision_type=2 2 2 8 10 2 10 2 10 10 8 8 10 10
left_child=1 7 10 8 5 9 -6 -1 -4 -5 13 -7 -12 -2
right_child=2 -3 3 4 6 11 -8 -9 -10 -11 12 -13 -14 -15
leaf_value=-0.065639055877370775 0.023420452404601083 -0.0077285681370539844 0.0027698859478071155 0.044074837962242729 0.12854083632846333 0.013422643811477933 0.067198772558106953 -0.0380354856452986 0.057397434345602939 0.099767595221569721 0.037094182496637276 0.059826380300228035 -0.0098474553680781285 0.058206613157146016
leaf_weight=834.82887813448906 349.86068888008595 1427.7315456047654 148.39780800789595 133.90705381333828 160.12709018588066 209.5669509768486 159.86687744408846 708.94648490846157 171.41675058752298 174.83212304115295 112.01058101654053 163.86660535633564 250.41215705126524 218.92383013665676
leaf_count=2252 1084 3874 398 373 390 576 389 2001 481 481 287 423 716 685
internal_value=0.00149952 -0.0312558 0.044692 0.058965 0.0674859 0.052956 0.0981996 -0.0529955 0.0321372 0.0758327 0.0243879 0.0338905 0.0047225 0.0368882
internal_weight=5224.7 2971.51 2253.19 1321.98 1002.17 682.173 319.994 1543.78 319.815 308.739 931.207 373.434 362.423 568.785
internal_count=14410 8127 6283 3511 2632 1853 779 4253 879 854 2772 999 1003 1769
is_linear=0
shrinkage=0.05


Tree=18
num_leaves=15
num_cat=0
split_feature=80 80 80 4 46 46 77 75 24 25 59 25 29 77
split_gain=2366.09 478.602 169.505 117.651 120.136 79.8288 80.5862 74.2628 59.5387 78.7835 64.2293 63.4646 59.1322 55.3779
threshold=3.7307918213946638 9.8320359332818388 0.75236499549485092 21.771300563860702 60.454044117647065 61.468750000000007 0.85459832695306981 13.135000000000003 3.118638888888889 0.036055555555555584 1.0000000180025095e-35 -0.1379285714285714 0.099977954113094333 0.41499719106759497
decision_type=2 2 2 10 2 2 8 10 10 10 2 10 10 8
left_child=2 13 -1 4 -3 -6 8 -8 9 10 12 -12 -7 -2
right_child=1 3 -4 -5 5 6 7 -9 -10 -11 11 -13 -14 -15
leaf_value=-0.064483878416065191 0.0022179923224303383 0.072333627151113342 -0.033057571275270328 0.090521721808950267 -0.0026393611501748602 0.07866180385352417 0.044064521683080858 0.12357376403249561 0.058819118839739996 -0.004238512501770062 0.00061212326293394665 0.04588667586148458 0.030988291290900694 0.024956913423348211
leaf_weight=608.97796573489904 1255.2006150484085 261.6396701335907 1466.6069469004869 135.07319346815348 126.7466032281518 127.28076450526714 72.963591657578945 50.340040326118469 194.01928263902664 153.27574881911278 175.0461712628603 137.80343650281429 136.36060370504856 339.44078047573566
leaf_count=1567 2933 569 4060 383 338 313 603 174 487 371 401 335 306 1574
internal_value=-0.000828691 0.0263741 -0.0423047 0.0459565 0.0417029 0.0348198 0.0393523 0.077258 0.0342147 0.0276018 0.0360601 0.0206372 0.0542144 0.00707088
internal_weight=5240.78 3165.19 2075.58 1570.55 1435.48 1173.84 1047.09 123.304 923.786 729.767 576.491 312.85 263.641 1594.64
internal_count=14414 8787 5627 4280 3897 3328 2990 777 2213 1726 1355 736 619 4507
is_linear=0
shrinkage=0.05


Tree=19
num_leaves=15
num_cat=0
split_feature=80 80 80 3 61 79 36 22 50 41 56 27 52 22
split_gain=2254.75 421.667 213.25 110.086 132.732 81.747 106.789 96.3092 79.4802 93.0761 79.3305 65.2602 59.3718 56.4325
threshold=4.2252310415421332 9.9227531719250113 1.0509793155211844 17.623611111111114 46.750000000000007 0.15928404245544162 0.39679579915637336 0.80576285240464351 24.734848484848488 96.500000000000014 4.2984898010424475 2.1104761904761911 190.68333333333337 0.79502625888168066
decision_type=2 2 2 10 2 8 10 8 8 8 2 8 8 10
left_child=2 12 -1 5 -5 7 -7 10 9 -8 -3 -4 -2 -14
right_child=1 3 11 4 -6 6 8 -9 -10 -11 -12 -13 13 -15
leaf_value=-0.058830268403556957 0.04114645661693539 0.068841675648638578 -0.042557652663985868 0.044672090504422696 0.11032499260424262 0.084669160971933 0.04671308673186169 0.0064675821412979034 0.068948119918646106 -0.010456474336948849 0.019219826333123382 -0.019640176792531036 -0.0036625513414552426 0.017763713188533037
leaf_weight=796.46805748343468 123.87183859199286 170.98486842215061 448.48537696152925 187.04972787946463 132.84291796386242 179.27585844695568 175.58775082230568 307.94563393294811 145.06596373766661 118.76945599168539 153.48289333283901 1018.9399971961975 758.51847729831934 515.30440834909678
leaf_count=2117 293 482 1199 467 378 580 453 729 434 290 409 2839 2308 1399
internal_value=-0.000428617 0.0282294 -0.0380045 0.0459955 0.0721948 0.0392444 0.0521727 0.026534 0.0387527 0.0236886 0.0455002 -0.0266686 0.00824179 0.00501223
internal_weight=5232.59 2968.7 2263.89 1571.01 319.893 1251.11 618.699 632.413 439.423 294.357 324.468 1467.43 1397.69 1273.82
internal_count=14377 8222 6155 4222 845 3377 1757 1620 1177 743 891 4038 4000 3707
is_linear=0
shrinkage=0.05


Tree=20
num_leaves=15
num_cat=0
split_feature=80 80 80 48 14 26 69 4 47 47 79 50 36 55
split_gain=2133.23 301.838 219.011 125.381 80.7461 74.6311 71.6796 67.5951 66.5322 88.9898 57.4622 85.9556 79.2339 52.9883
threshold=4.7220782015102385 11.254323443015732 1.5638308441009461 27.634191176470591 0.56763888888888903 14.500000000000002 0.12518493326298422 13.971165163954458 0.54722876875815929 0.58276453715384158 0.41413204081438365 26.707142857142863 0.27419693904620229 26.313419117647062
decision_type=2 2 2 2 10 2 2 10 2 2 8 8 10 2
left_child=2 4 -1 5 10 8 7 -7 -3 -10 -2 12 -12 -4
right_child=1 3 13 -5 -6 6 -8 -9 9 -11 11 -13 -14 -15
leaf_value=-0.0514789817338136 0.00532908017038582 0.087226285729305506 -0.025155565489480253 0.081902453721076449 0.05702977025953293 0.039073288598934504 0.058500483246199858 -0.0026825062180652879 0.015650680757858804 0.062522978694204784 -0.0068428615104610419 0.0758041032936701 0.045522279244676084 0.0030170970689414539
leaf_weight=1062.2664666250348 1032.5878139585257 114.81915821880102 1139.5196660831571 220.28945506364107 103.19199877232313 174.312490478158 132.51425838470459 216.4887313619256 167.73024302721024 257.85100554674864 165.38067495822906 74.838075689971447 126.95841782540083 195.27943780273199
leaf_count=2950 2588 355 2980 564 288 446 318 534 394 849 649 352 480 633
internal_value=3.47286e-05 0.0297759 -0.034542 0.0475708 0.0145519 0.0403907 0.0268489 0.0159944 0.0534306 0.0441296 0.0113819 0.0283431 0.0159762 -0.0210348
internal_weight=5184.03 2786.96 2397.07 1284.01 1502.96 1063.72 523.315 390.801 540.4 425.581 1399.76 367.177 292.339 1334.8
internal_count=14380 7817 6563 3460 4357 2896 1298 980 1598 1243 4069 1481 1129 3613
is_linear=0
shrinkage=0.05


Tree=21
num_leaves=15
num_cat=0
split_feature=80 80 27 69 19 27 80 53 43 43 60 15 14 9
split_gain=1973.66 425.175 189.962 145.138 102.245 84.8398 81.9935 73.6626 68.8687 66.7123 93.8926 62.4806 62.2095 61.0971
threshold=7.1317279713039587 2.4513505405738458 17.300833333333337 0.02808154025151589 17.851648351648354 4.5031250000000007 0.56451680048443353 3.6201923076923079 62.174242424242429 57.968750000000007 -6.2499999999999991 0.13696377638880389 0.4275961538461539 10.77766666666667
decision_type=2 2 10 2 10 10 2 10 8 8 2 8 10 10
left_child=1 6 4 -4 5 8 -1 9 -2 -7 -11 -3 -10 -12
right_child=2 11 3 -5 -6 7 -8 -9 12 10 13 -13 -14 -15
leaf_value=-0.062389143496137771 0.06802252381414936 0.01642166731419295 0.041078832757832473 0.11448148820903792 0.070548825480200403 -0.0066602379771312954 -0.037139036267345882 -0.017815969927417949 0.010714887182914733 -0.0088711537169175268 0.019455920914097622 -0.011754358220468768 0.05859677341578489 0.046588089750574317
leaf_weight=462.80637657642365 192.95530487596989 231.65968635678291 147.98868843913078 125.40369693189859 146.07585726678371 152.87547242641449 1081.0197732821107 114.9174216017127 176.3352513089776 141.62149177491665 364.26044006645679 1276.8722103536129 109.83612394332886 488.373361364007
leaf_count=1168 469 655 402 322 419 320 3050 298 578 403 1065 3506 335 1378
internal_value=-0.000425023 -0.026306 0.0361325 0.0750428 0.0304591 0.0270572 -0.044744 0.020229 0.0449633 0.0240525 0.0287768 -0.00741946 0.0292326 0.0350331
internal_weight=5213 3052.36 2160.64 273.392 1887.25 1741.17 1543.83 1262.05 479.127 1147.13 994.255 1508.53 286.171 852.634
internal_count=14368 8379 5989 724 5265 4846 4218 3464 1382 3166 2846 4161 913 2443
is_linear=0
shrinkage=0.05


Tree=22
num_leaves=15
num_cat=0
split_feature=80 77 36 48 77 51 80 39 65 64 18 50 3 55
split_gain=1864.43 304.829 185.617 112.937 114.522 103.179 95.2014 94.9809 86.7987 70.0317 90.7402 59.8885 63.5941 58.5998
threshold=4.7220782015102385 0.53211308187681838 0.05735907404261429 28.352941176470591 0.85459832695306981 4.7195713017953453 0.56451680048443353 23.208761122518826 4.5000000000000009 66.500000000000014 3.7817460317460321 26.579166666666669 6.9045454545454561 23.972977941176474
decision_type=2 8 10 2 10 8 2 2 10 10 8 10 10 2
left_child=2 11 6 4 5 7 -1 -3 -7 10 13 -2 -13 -9
right_child=1 3 -4 -5 -6 8 -8 9 -10 -11 -12 12 -14 -15
leaf_value=-0.063272014138022234 0.0069162315221608347 0.062980834051873227 -0.015358480986204896 0.084286439460696486 0.090584331722827122 0.034346251367798161 -0.035027273087066949 -0.0046854517124408591 0.086900505118356841 -0.013174883449225414 0.053297087002257965 0.0080339692185687674 0.058876969848695337 0.038675521954560386
leaf_weight=433.1644936054945 1177.8307054638863 138.22558948397636 976.06545685976744 158.00838356465101 99.678504541516304 171.14086325466633 977.54800149798393 223.33664172887802 147.82695966959 144.85672167688608 192.61215403676033 120.88750825822353 124.97365859150887 118.5181667432189
leaf_count=1111 2774 541 2554 446 346 463 2885 672 421 513 576 317 372 415
internal_value=0.00036528 0.0279025 -0.0321439 0.0445131 0.0393653 0.0347975 -0.0437386 0.0253341 0.0588982 0.0175925 0.0259405 0.011616 0.0340118 0.0104164
internal_weight=5204.67 2817.9 2386.78 1394.2 1236.2 1136.52 1410.71 817.549 318.968 679.324 534.467 1423.69 245.861 341.855
internal_count=14406 7856 6550 4393 3947 3601 3996 2717 884 2176 1663 3463 689 1087
is_linear=0
shrinkage=0.05


Tree=23
num_leaves=15
num_cat=0
split_feature=80 80 80 47 56 48 17 25 44 53 80 61 22 55
split_gain=1513.61 333.395 175.353 151.908 88.3905 80.6716 102.461 80.1579 95.8354 80.2843 73.9219 55.6833 59.9432 113.211
threshold=6.7060624080483011 2.4513505405738458 13.356787819536494 0.54607692307692324 4.2044461914744939 17.593750000000004 0.70714285714285718 -0.045999999999999951 0.59301303854875298 2.379807692307693 0.56451680048443353 48.750000000000007 0.79610733182161764 20.754411764705885
decision_type=2 2 2 2 2 2 8 10 8 10 2 2 10 2
left_child=1 10 5 4 -4 -2 -7 8 -5 -9 -1 12 13 -8
right_child=2 -3 3 7 -6 6 11 9 -10 -11 -12 -13 -14 -15
leaf_value=-0.055785496485520149 0.052008847529629004 -0.0057232608488123008 0.049194078357444909 -0.01412995758816203 0.10649000702066878 0.052793202235963455 0.054092565264533571 0.026924961103326008 0.042701737010921142 0.07569231423630482 -0.032034043860304902 0.034472031857086589 -0.010738996568027813 0.00043914383661888243
leaf_weight=470.01820710301399 165.84697279334068 1416.6316626369953 134.30128192156553 143.66551952809095 140.62978706508875 154.17935200035572 136.39636243879795 175.09237749129534 151.54282727092505 165.09445668011904 1104.6772664561868 179.92330498993397 384.56018388271332 345.74030005186796
leaf_count=1186 500 3871 308 358 315 454 349 490 418 480 3140 602 993 1097
internal_value=4.99257e-05 -0.0233293 0.0307606 0.047756 0.0787812 0.0194133 0.0148719 0.0342289 0.0150898 0.0507445 -0.0391543 0.00924062 0.00396897 0.0156982
internal_weight=5268.3 2991.33 2276.97 910.326 274.931 1366.65 1200.8 635.395 295.208 340.187 1574.7 1046.62 866.697 482.137
internal_count=14561 8197 6364 2369 623 3995 3495 1746 776 970 4326 3041 2439 1446
is_linear=0
shrinkage=0.05


Tree=24
num_leaves=15
num_cat=0
split_feature=80 80 80 51 54 54 62 43 11 52 60 65 39 26
split_gain=1456.49 315.424 155.462 133.663 112.265 103.74 82.0929 88.8915 76.5279 76.4628 92.7865 73.5562 66.42 78.2308
threshold=6.7060624080483011 2.2685563898601471 12.730861575085596 4.7080540661304742 16.966666666666672 18.612500000000004 21.875000000000004 62.174242424242429 0.057146376748350776 220.6396103896104 1.0000000180025095e-35 6.5000000000000009 24.997946611909654 15.500000000000002
decision_type=2 2 2 10 8 10 2 10 10 10 2 8 2 2
left_child=1 -1 6 4 -4 -6 12 8 -8 -7 -11 -9 -2 -14
right_child=2 -3 3 -5 5 9 7 11 -10 10 -12 -13 13 -15
leaf_value=-0.039285384560401475 0.024792735111323357 -0.006553796596932302 -0.0061524684725301343 0.078592452436129834 0.081948708727385633 -0.0031471453800655138 0.02839113786111877 0.052269313026425374 0.08254068291654322 0.019160951374958938 0.068273307676665812 0.0010422400768699987 0.015690454785098836 -0.031586993651444947
leaf_weight=1456.572463311255 261.72037643194199 1487.8506272509694 134.68141343444586 232.41191013157368 140.16986602544785 111.94363921135664 142.80488389730453 95.633734092116356 121.74645006656647 193.56747490912676 192.28578571975231 255.11459171026945 170.3243068754673 177.97249307483435
leaf_count=4002 765 4032 332 550 351 225 364 355 311 560 591 857 511 421
internal_value=0.000330209 -0.0227536 0.0308007 0.0453723 0.035291 0.0440361 0.0188212 0.0316928 0.0535277 0.0332177 0.0437488 0.0151185 0.00580755 -0.00848862
internal_weight=5174.8 2944.42 2230.38 1005.06 772.648 637.967 1225.32 615.3 264.551 497.797 385.853 350.748 610.017 348.297
internal_count=14227 8034 6193 2609 2059 1727 3584 1887 675 1376 1151 1212 1697 932
is_linear=0
shrinkage=0.05


Tree=25
num_leaves=15
num_cat=0
split_feature=36 19 77 76 27 7 69 53 54 62 47 36 46 33
split_gain=1285.07 207.617 164.172 126.428 105.432 115.136 129.344 83.908 80.0636 69.6664 66.303 64.5662 62.6884 55.0459
threshold=0.19328302877746109 17.851648351648354 0.13864372140994916 1.4960916030534352 14.97916666666667 13.919361111111114 0.016137061862868316 3.759615384615385 22.881944444444446 21.625000000000004 0.58868785543936897 0.02408467600650532 64.150735294117666 0.72077922077922085
decision_type=8 10 8 10 10 10 2 10 8 2 2 10 2 8
left_child=2 3 11 4 7 -6 -7 9 -3 10 -2 -1 -11 -4
right_child=1 8 13 -5 5 6 -8 -9 -10 12 -12 -13 -14 -15
leaf_value=-0.040814742971623796 -0.009284013512144881 0.10237669404106726 -0.021788306648873865 0.055351142137460098 0.0059931219008923751 0.024683570635415059 0.09637713636778622 -0.029246336076318432 0.041798987312233978 0.036832134992560578 0.022344132188044145 -0.021709646521886259 0.0090730212000191841 0.0039234948362243827
leaf_weight=955.5572521686554 408.15647466480732 111.92181959748268 330.54368512332439 253.19174443185329 149.60620078444481 124.27913689613342 128.34563198685646 112.4573252722621 110.00285313278437 478.82540494948626 277.51661640405655 831.181311622262 354.47453796118498 558.70428691804409
leaf_count=2289 980 320 1268 566 376 308 293 302 317 1359 894 2002 1180 1913
internal_value=0.000887025 0.0265903 -0.0232111 0.0220885 0.0179222 0.0408225 0.0613438 0.0122545 0.0726719 0.0153442 0.00353093 -0.0319443 0.0250488 -0.00564762
internal_weight=5184.76 2508.78 2675.99 2286.85 2033.66 402.231 252.625 1631.43 221.925 1518.97 685.673 1786.74 833.3 889.248
internal_count=14367 6895 7472 6258 5692 977 601 4715 637 4413 1874 4291 2539 3181
is_linear=0
shrinkage=0.05


Tree=26
num_leaves=15
num_cat=0
split_feature=80 80 80 4 79 51 18 36 22 58 55 27 46 51
split_gain=1183.03 273.845 119.706 105.194 97.5565 215.828 77.9298 85.9283 67.3589 70.167 69.3742 64.5905 64.2674 79.5131
threshold=4.2252310415421332 9.8320359332818388 0.75236499549485092 21.771300563860702 0.25393651194431599 4.7080540661304742 1.3452380952380956 0.23858324586525551 0.8128434065934067 19.909926470588239 22.306801470588237 3.3113445378151263 62.281250000000007 3.949601767420917
decision_type=2 2 2 10 8 8 8 10 8 2 2 8 2 10
left_child=2 6 -1 4 8 12 7 -2 9 -3 -10 -4 -6 -14
right_child=1 3 11 -5 5 -7 -8 -9 10 -11 -12 -13 13 -15
leaf_value=-0.046020846626401539 0.0060975608233254826 0.061469993795725868 -0.030652265286528969 0.076214546844758979 0.0048300444158764673 0.090845505344958916 -0.0038707281256275465 0.04914805272737377 -0.018679268885534239 0.018854131317558614 0.025591414134918396 -0.010666473817721947 0.012029257293145142 0.069751488390411051
leaf_weight=608.05726507306099 348.46382263302803 142.28565092384815 758.72376758605242 143.49102688580751 190.11150436848402 187.5995237454772 892.06653907895088 172.93850094825029 176.93480837345123 300.96409052610397 175.0670705139637 867.62347760796547 109.38260591030121 131.57314014434814
leaf_count=1565 861 393 2064 401 434 446 2668 472 374 856 482 2476 404 469
internal_value=0.000378009 0.0210472 -0.027101 0.0355022 0.0313196 0.0462047 0.00510637 0.0204433 0.0196962 0.0326416 0.00334874 -0.0200034 0.0266118 0.0437063
internal_weight=5205.28 2970.88 2234.4 1557.41 1413.92 618.667 1413.47 521.402 795.252 443.25 352.002 1626.35 431.067 240.956
internal_count=14365 8260 6105 4259 3858 1753 4001 1333 2105 1249 856 4540 1307 873
is_linear=0
shrinkage=0.05


Tree=27
num_leaves=15
num_cat=0
split_feature=80 80 80 75 69 59 20 36 6 48 22 25 39 50
split_gain=1030.19 193.159 138.961 102.39 76.9235 71.9993 86.6837 79.6005 71.807 71.0777 81.5768 69.708 59.8076 86.6418
threshold=4.7220782015102385 9.9227531719250113 1.0509793155211844 19.405000000000005 0.23809277248289348 1.0000000180025095e-35 2.6201923076923079 0.44631576124381639 9.039098558811995 22.181985294117649 0.80576285240464351 -0.041833333333333368 24.880219028062974 26.30714285714286
decision_type=2 2 2 10 2 2 8 10 8 2 10 10 2 8
left_child=2 12 -1 4 5 9 7 -7 -8 10 -3 -11 -2 -14
right_child=1 3 -4 -5 -6 6 8 -9 -10 11 -12 -13 13 -15
leaf_value=-0.040859207238022686 0.018668144170973625 0.039158191635371743 -0.015419035767340772 0.076079781232606808 0.063425945623184696 0.062477299936482392 0.016271141513384439 0.0099242318175545574 -0.027290085179615821 0.07828441796452712 -0.0129169874624747 0.030127881706006016 -0.013298841763220291 0.027568523941511172
leaf_weight=809.39228721708059 521.11755142360926 208.42041506618261 1596.648817025125 122.15618361532688 141.51135253161192 131.56435704231262 221.26528234779835 158.85470681637526 163.71702022105455 150.64309566468 116.7197827026248 153.01361187547445 544.88244099915028 169.11996223777533
leaf_count=2138 1497 574 4406 301 360 430 601 420 428 398 272 466 1528 544
internal_value=4.05788e-06 0.0206019 -0.0239905 0.0322462 0.0284925 0.0246563 0.013291 0.0338643 -0.00227635 0.0368235 0.0204818 0.0541967 0.00580633 -0.0035939
internal_weight=5209.03 2802.99 2406.04 1567.87 1445.71 1304.2 675.401 290.419 384.982 628.797 325.14 303.657 1235.12 714.002
internal_count=14363 7819 6544 4250 3949 3589 1879 850 1029 1710 846 864 3569 2072
is_linear=0
shrinkage=0.05


Tree=28
num_leaves=15
num_cat=0
split_feature=80 80 50 43 77 48 27 42 5 15 15 79 14 76
split_gain=944.959 242.444 136.022 115.827 119.319 94.4696 82.4572 80.258 72.4902 69.0426 76.1102 73.9404 91.0302 106.604
threshold=3.2754164921974636 13.356787819536494 25.743055555555557 64.031250000000014 0.67980312942495924 24.93933823529412 13.997450980392157 8.5000000000000018 2.0833333333333339 0.60641183267072774 0.12576569020720227 0.41302472370054893 0.4767948717948719 0.576938737158607
decision_type=2 2 10 8 8 2 10 2 10 10 8 8 10 10
left_child=8 9 3 4 -3 -5 -4 -6 -1 10 -2 -12 13 -13
right_child=1 2 6 5 7 -7 -8 -9 -10 -11 11 12 -14 -15
leaf_value=-0.032470704582991734 0.045411693249021105 -0.027440871276146025 0.042284920724172961 0.027345379687420603 0.0017237364442402557 0.087455417927631424 0.10456997089767017 0.05570495139377693 -0.0072070003030214966 0.037731929019836671 -0.0021188815170198163 -0.0022412184129001786 -0.02293422604013997 0.047106088462259207
leaf_weight=1549.9789680838585 113.57853456586599 135.67324066162109 110.37912468612194 155.1552601531148 132.96270126849413 113.73277568072081 105.75352353602648 141.96079919487238 348.38910819590092 181.31588286906481 1542.6751071065664 175.84727607667446 104.98819576203823 288.4332737326622
leaf_count=4226 325 285 351 414 316 315 296 352 944 502 3880 1261 367 511
internal_value=0.000261468 0.016419 0.038613 0.0275513 0.0107972 0.0530002 0.0731022 0.0296986 -0.0278405 0.00814774 0.00572161 0.00356663 0.0189506 0.028451
internal_weight=5200.82 3302.46 895.617 679.485 410.597 268.888 216.133 274.924 1898.37 2406.84 2225.52 2111.94 569.269 464.281
internal_count=14345 9175 2329 1682 953 729 647 668 5170 6846 6344 6019 2139 1772
is_linear=0
shrinkage=0.05


Tree=29
num_leaves=15
num_cat=0
split_feature=36 77 77 58 52 5 48 48 52 33 45 58 45 62
split_gain=837.019 196.2 79.1615 64.6983 64.5598 61.3553 60.9552 67.0875 76.8745 141.128 133.651 112.39 72.1053 57.4339
threshold=0.25991685160502453 0.13864372140994916 0.84320362869636722 16.941176470588239 176.12500000000003 0.14166666666666669 17.468750000000004 28.352941176470591 244.54195804195805 3.2613636363636362 27.211111111111112 24.125000000000004 26.12916666666667 26.125000000000004
decision_type=10 8 10 2 10 8 2 2 8 10 10 2 10 2
left_child=1 5 3 -2 -3 -1 -5 8 10 12 -8 -11 -10 -6
right_child=2 4 -4 6 13 -7 7 -9 9 11 -12 -13 -14 -15
leaf_value=-0.039533462003445013 0.054754276244811731 0.028633918229053326 0.063811987634496747 0.048133856769311562 -0.0099016930769384708 -0.019855508239055616 0.011707949539398514 0.041213359238872246 -0.0020180911422957603 0.08708774243233075 -0.044174838087220045 0.01750515352871853 0.045075531204563243 0.020960953737503056
leaf_weight=577.28635609149933 145.82259845733643 164.87463779747486 124.51515430212021 175.57669372111559 916.5434882864356 1274.2998741865158 564.07915272563696 245.87362300604582 360.84693229198456 129.65266560763121 130.98390690237284 105.51678246259689 103.88175662606955 179.41451696306467
leaf_count=1316 358 457 388 482 3176 3125 1333 623 1152 345 296 322 342 650
internal_value=0.000771278 -0.015654 0.0252655 0.0227883 -0.000438991 -0.0260087 0.0201933 0.0171761 0.0129128 0.0245973 0.00112856 0.0560735 0.00858302 -0.0048348
internal_weight=5199.17 3112.42 2086.75 1962.23 1260.83 1851.59 1816.41 1640.83 1394.96 699.898 695.063 235.169 464.729 1095.96
internal_count=14365 8724 5641 5253 4283 4441 4895 4413 3790 2161 1629 667 1494 3826
is_linear=0
shrinkage=0.05


Tree=30
num_leaves=15
num_cat=0
split_feature=80 80 80 51 29 66 27 17 52 57 43 42 57 79
split_gain=857.318 178.531 93.4758 85.4391 63.8269 60.0036 72.3117 98.2041 69.7347 63.7362 84.2821 69.1951 64.4833 59.8477
threshold=7.471608314887491 1.9872111988418342 18.084480443822436 4.2398979591836747 0.038096205592607436 7.5000000000000009 16.43058823529412 3.759615384615385 245.04166666666671 237.42463235294119 60.894444444444453 9.5000000000000018 260.27389705882359 0.81367826780573094
decision_type=2 2 2 10 10 2 10 10 10 2 10 2 2 8
left_child=1 4 5 -4 -1 6 7 9 -7 10 -2 -12 -11 -3
right_child=2 13 3 -5 -6 8 -8 -9 -10 12 11 -13 -14 -15
leaf_value=-0.035312904364101172 0.059089893870812371 -0.010593307003636023 0.023624233737362291 0.085871899763003287 -0.0020727986939906499 -0.017621533220969026 0.053859945205230408 -0.02140390552466228 0.028146521777328078 -0.0029013795042463061 0.0016471959770669134 0.046138675712468526 0.030001109952855966 0.017438019375362972
leaf_weight=1185.8554651662707 241.51061530411243 1605.9276016950607 112.47979260981083 109.12689410150051 164.57154627889395 200.79440946131945 183.21116498112679 126.46297214180231 140.64939700812101 304.29688884317875 203.47475728392601 152.28012778609991 290.31993647664785 215.09761370718479
leaf_count=3239 494 3704 317 284 431 492 469 446 484 844 518 400 1028 1288
internal_value=-0.00117504 -0.0174972 0.0238938 0.0545252 -0.0312666 0.020183 0.0244826 0.0203622 0.00125863 0.024808 0.0363365 0.0207676 0.0131866 -0.00727452
internal_weight=5236.06 3171.45 2064.61 221.607 1350.43 1843 1501.56 1318.35 341.444 1191.88 597.266 355.755 594.617 1821.03
internal_count=14438 8662 5776 601 3670 5175 4199 3730 976 3284 1412 918 1872 4992
is_linear=0
shrinkage=0.05


Tree=31
num_leaves=15
num_cat=0
split_feature=77 75 64 21 27 51 46 27 52 47 35 42 75 13
split_gain=689.543 161.938 95.027 120.792 104.106 101.087 89.758 87.3656 77.8116 85.9987 69.8025 83.1288 75.4605 66.1483
threshold=0.14367921589987495 9.7350000000000012 66.500000000000014 5.1824583866837397 14.97916666666667 4.6809254898374464 60.500000000000007 3.248333333333334 237.11688311688314 0.58389680385949061 1.5000000000000002 7.5000000000000009 8.9250000000000025 0.019542658477013104
decision_type=8 10 10 10 10 8 2 10 10 2 10 2 10 8
left_child=7 10 3 6 -5 -4 -3 -1 9 -8 11 -2 13 -12
right_child=1 2 5 4 -6 -7 8 -9 -10 -11 12 -13 -14 -15
leaf_value=-0.027882143690984702 0.060227711581095723 0.058326142677863652 -0.018545501334635481 0.035679515686583001 0.089415688550103317 0.036269857333125412 -0.025290444480785053 -0.0020615041316718206 0.033601409836469101 0.024792252108475313 -0.031590331890161104 0.00045160591942558238 -0.041634648799483392 0.0073198844996600195
leaf_weight=1511.9670672267675 116.93143793940544 145.39308770000935 200.71794003248215 225.66796024143696 151.80378453433514 143.27163945138454 178.65847791731358 418.35592436790466 295.59551432728767 162.92483939230442 117.80364177376032 114.78811061382294 94.666930139064789 1355.8609306588769
leaf_count=3559 566 293 479 616 359 288 373 1126 740 342 703 570 226 4207
internal_value=0.00144572 0.0153153 0.0274195 0.0342584 0.0574692 0.00432405 0.0230036 -0.02229 0.0148649 -0.00139988 0.00519196 0.0307453 0.0013993 0.00419012
internal_weight=5234.41 3304.08 1504.03 1160.04 377.472 343.99 782.572 1930.32 637.179 341.583 1800.05 231.72 1568.33 1473.66
internal_count=14447 9762 3490 2723 975 767 1748 4685 1455 715 6272 1136 5136 4910
is_linear=0
shrinkage=0.05


Tree=32
num_leaves=15
num_cat=0
split_feature=80 80 80 69 15 41 50 0 36 44 65 28 42 11
split_gain=667.057 121.392 76.6594 69.0652 100.015 82.7236 136.307 124.956 123.606 91.3255 84.0214 79.2123 74.8222 66.2834
threshold=4.2252310415421332 8.4608999641626905 0.53472968435501333 0.14784352634554701 0.61007539692662272 69.500000000000014 22.554700854700858 11.500000000000002 0.44281761190105212 0.63685522302242414 7.5000000000000009 17.466886274509807 9.5000000000000018 0.011506627631550389
decision_type=2 2 2 2 10 8 10 2 10 8 8 8 2 8
left_child=2 13 -1 5 -5 7 8 9 -7 10 -3 -12 -8 -2
right_child=1 3 -4 4 -6 6 12 -9 -10 -11 11 -13 -14 -15
leaf_value=-0.039275879934325186 0.038300645329599925 -0.021704935889943162 -0.015986415144345064 0.022987566780633684 0.074901524719691484 0.012668209974059883 0.047823657430986294 0.071852504027614603 -0.043756656226932124 0.058762654893482161 0.0017740991961545669 0.055341570446915338 0.0024764397773102964 -0.001682642506234185
leaf_weight=441.18616492301226 114.7814673781395 145.86648952960968 1777.0448068678379 259.26472284644842 144.73051262646914 206.56266266852617 213.11873360723257 145.63748861849308 181.51951672881842 116.68302201479673 159.53414218127728 120.72039054334164 158.35024570673704 988.99028464406729
leaf_count=1111 307 369 4988 712 376 602 676 366 434 328 405 343 538 2778
internal_value=8.4572e-05 0.0156352 -0.0206341 0.0234544 0.0417247 0.0183317 0.00693913 0.0308727 -0.0137683 0.0197656 0.00897468 0.0249632 0.0285515 0.00250613
internal_weight=5173.99 2955.76 2218.23 1851.99 403.995 1447.99 759.551 688.442 388.082 542.804 426.121 280.255 371.469 1103.77
internal_count=14333 8234 6099 5149 1088 4061 2250 1811 1036 1445 1117 748 1214 3085
is_linear=0
shrinkage=0.05


Tree=33
num_leaves=15
num_cat=0
split_feature=80 4 80 29 61 79 61 64 41 15 27 44 43 59
split_gain=572.405 167.705 97.4987 92.2813 125.392 110.32 82.998 70.2893 69.2983 64.1915 53.7744 53.4814 53.3638 56.9635
threshold=3.4426839286363071 22.178703324454585 8.5389104374321203 0.093885672950846141 47.750000000000007 0.40197172262494074 44.250000000000007 43.500000000000007 53.500000000000007 0.13696377638880389 3.2759090909090918 0.64775976154589643 59.88194444444445 1.0000000180025095e-35
decision_type=2 10 2 10 2 10 2 8 8 8 8 10 8 2
left_child=10 2 9 5 6 7 8 -4 -5 -2 -1 -11 -9 -14
right_child=1 -3 3 4 -6 -7 -8 12 -10 11 -12 -13 13 -15
leaf_value=-0.029073444438190089 0.035290973892589929 0.068978731453463199 0.053242478614492529 0.033346615174572158 0.041630066276087729 0.061476817423276313 -0.030267345357435266 0.042488333213873679 -0.01207180973806634 0.00069342824664791818 -0.012306305221501021 -0.033179151612421867 0.023762374456490088 -0.0093418421903410636
leaf_weight=1089.2847143560648 120.64132778346539 125.73787958920002 129.83733542263508 155.72236435860395 175.85993944108486 199.64766086637974 222.72892118990421 122.98811799287796 180.13667119294405 1161.9603038653731 856.08768209069967 128.51734621822834 240.73911313712597 280.15486736595631
leaf_count=2909 334 353 413 364 532 375 550 309 448 3198 2400 409 782 920
internal_value=-0.000266624 0.0125896 0.010295 0.0183271 0.00493648 0.0284155 -0.00666949 0.0198161 0.0090231 0.000567937 -0.0217049 -0.00270299 0.0130037 0.00597399
internal_weight=5190.04 3244.67 3118.93 1707.81 734.448 973.367 558.588 773.719 335.859 1411.12 1945.37 1290.48 643.882 520.894
internal_count=14296 8987 8634 4693 1894 2799 1362 2424 812 3941 5309 3607 2011 1702
is_linear=0
shrinkage=0.05


Tree=34
num_leaves=15
num_cat=0
split_feature=80 75 62 46 64 77 21 56 39 21 80 77 53 12
split_gain=514.31 113.574 70.0565 162.941 134.96 88.1727 80.3905 104.829 64.2354 77.8064 64.1981 63.4033 60.8526 53.7981
threshold=3.3799017578155399 7.245000000000001 20.875000000000004 60.500000000000007 57.500000000000007 0.82647077698720073 5.8583959899749383 4.333752589923777 25.804243668720058 4.6360626128838058 0.53472968435501333 0.75350123834959859 2.4580419580419588 0.43192706041810908
decision_type=2 8 2 2 8 10 10 2 2 8 2 8 10 10
left_child=10 8 4 -4 12 6 -5 -8 -2 -10 -1 13 -3 -6
right_child=1 2 3 5 11 -7 7 -9 9 -11 -12 -13 -14 -15
leaf_value=-0.036095815626636045 0.0098284573770006829 0.014726304839218517 0.065601564714794669 0.0084902227665637608 -0.001285529695740366 0.064204077860120168 0.068790941308446263 -0.0023248565814046368 -0.038386166753847546 0.0032488772570114575 -0.014724153359078535 0.020549430606973784 0.064475442437315109 -0.0395434036994649
leaf_weight=463.3140946701169 596.73540942370892 141.70672533661127 213.23069947212934 968.75681830942631 197.09830988943577 96.476546689867973 136.29480783641338 83.132032364606857 199.62060503661633 254.31121952831745 1458.5269189700484 137.4656071215868 108.64061080664396 171.2596134096384
leaf_count=1145 1356 457 472 3034 442 293 509 289 421 567 4117 636 305 356
internal_value=0.000669061 0.0126289 0.0189549 0.0252151 0.00653705 0.0184659 0.0147013 0.0419597 -0.000947794 -0.0151046 -0.0198925 -0.00832835 0.036486 -0.0191316
internal_weight=5226.57 3304.73 2254.06 1497.89 756.171 1284.66 1188.18 219.427 1050.67 453.932 1921.84 505.824 250.347 368.358
internal_count=14399 9137 6793 4597 2196 4125 3832 798 2344 988 5262 1434 762 798
is_linear=0
shrinkage=0.05


Tree=35
num_leaves=15
num_cat=0
split_feature=36 77 69 41 56 14 15 40 52 12 65 79 50 20
split_gain=544.716 77.7882 87.0958 107.358 99.9753 87.815 84.2766 85.2145 73.8755 73.1133 57.9171 55.2709 51.0709 49.2157
threshold=0.20142521907006897 0.54273471997912581 0.12518493326298422 73.500000000000014 4.2267423408937042 0.70038461538461549 0.47850016583255267 2.5000000000000004 199.35897435897439 0.019612954949199655 8.5000000000000018 0.41302472370054893 27.010476190476194 2.9282051282051285
decision_type=8 8 2 10 2 8 10 2 8 8 8 8 10 10
left_child=9 8 3 6 -4 13 -3 -8 -2 -1 -9 -10 -11 -5
right_child=1 2 4 5 -6 -7 7 10 11 12 -12 -13 -14 -15
leaf_value=-0.027021964712472757 0.039105046922349278 0.06830121516819275 0.077188544551847191 0.028387893304793129 0.022899600704266998 -0.045439930946021286 0.048431421204217645 -0.020229804885437287 -0.0037298998985056935 -0.013036516700540577 0.022378420640378656 0.024808097455671928 0.011731320293419525 -0.016812861017731939
leaf_weight=929.63256344199181 156.58553014695644 114.00575102120638 149.41790448874235 151.36636208742857 197.28352631628513 96.140328928828239 180.63021358847618 129.39380157738924 801.32359175384045 1584.9715815410018 204.49489109963179 214.17431357502937 238.77747748047113 98.727968364953995
leaf_count=2660 329 481 472 558 547 239 562 306 2062 4238 510 432 761 293
internal_value=-0.000286606 0.0166387 0.0249521 0.0172656 0.0464512 -0.00508418 0.0295659 0.0208672 0.00725257 -0.0156152 0.00585511 0.00230741 -0.00978909 0.0105484
internal_weight=5246.93 2493.54 1321.46 974.759 346.701 346.235 628.525 514.519 1172.08 2753.38 333.889 1015.5 1823.75 250.094
internal_count=14450 6791 3968 2949 1019 1090 1859 1378 2823 7659 816 2494 4999 851
is_linear=0
shrinkage=0.05


Tree=36
num_leaves=15
num_cat=0
split_feature=80 19 27 69 52 13 80 6 62 43 24 15 29 51
split_gain=406.348 113.53 76.5468 124.129 70.4186 62.159 71.8233 88.3631 78.044 119.682 108.053 68.3965 62.9659 52.9081
threshold=2.9653386460784046 18.211111111111112 16.173333333333336 0.0033882783882783888 173.87500000000003 0.61054047200296868 7.471608314887491 1.6123961760595404 22.125000000000004 62.345238095238102 4.8801250000000005 0.13696377638880389 0.026009048816073948 3.3930049392604462
decision_type=2 10 10 2 8 10 2 10 2 10 8 10 10 10
left_child=-1 2 4 -4 -2 6 12 11 -9 -10 -11 -8 -6 -14
right_child=1 -3 3 -5 5 -7 7 8 9 10 -12 -13 13 -15
leaf_value=-0.020042010204931612 0.038985855188920879 0.047446158698263824 -0.0064480783433928483 0.05759225487447283 0.0090069292888018994 -0.025402315142108275 0.011754691758311182 0.0049614151395124834 0.063191079183310461 -0.0033116240575599871 0.055389727431200159 -0.039736421355983258 0.01948570072968767 -0.018847472685350145
leaf_weight=1772.1832686290145 141.89749366044998 185.05614687502384 129.6204444617033 180.16988499462605 568.21266993880272 179.25705072283745 133.24933020025492 487.43769567459822 200.5551939830184 249.9328161329031 113.15165513753891 123.35554205626249 104.60951966792345 614.08857199549675
leaf_count=4854 297 549 351 441 1540 511 341 1344 499 836 390 326 314 1766
internal_value=-0.000626298 0.00946524 0.00727217 0.0308624 0.00475605 0.00299159 0.00496232 0.0132105 0.0196294 0.0322831 0.015084 -0.0130564 -0.0034227 -0.0132486
internal_weight=5182.78 3410.59 3225.54 309.79 2915.75 2773.85 2594.59 1307.68 1051.08 563.64 363.084 256.605 1286.91 718.698
internal_count=14359 9505 8956 792 8164 7867 7356 3736 3069 1725 1226 667 3620 2080
is_linear=0
shrinkage=0.05


Tree=37
num_leaves=15
num_cat=0
split_feature=36 21 21 79 50 75 45 76 21 13 27 55 13 47
split_gain=330.333 76.9063 126.12 80.6859 104.831 72.036 70.7226 103.147 63.8159 55.8846 55.8699 50.5971 48.6532 48.8823
threshold=0.15866884230546119 6.5561868686868694 5.9268924712238666 0.40197172262494074 25.864102564102566 9.7350000000000012 26.292857142857148 1.4960916030534352 5.4072751322751333 0.66125816016951722 2.1104761904761911 22.193750000000005 0.2064019554509933 0.51375724317894023
decision_type=8 10 10 8 8 10 10 8 10 10 8 2 8 2
left_child=10 2 3 8 6 -6 7 -5 9 12 -1 -9 -2 -14
right_child=1 -3 -4 4 5 -7 -8 11 -10 -11 -12 -13 13 -15
leaf_value=-0.023426187463160802 0.024687489345967848 -0.019971204993400011 0.053373408708625926 -0.019280711889284714 0.027042737257345274 0.090339179225329247 0.047713372593727571 0.068710041971036681 0.030371461750643765 0.032538188419262905 -0.007920600105277651 0.0078372446767929326 0.024364430239455646 -0.0085183522072447768
leaf_weight=945.89292088896036 153.0891015380621 181.73053652048111 184.08860636502504 218.49636232852936 94.589452005922794 86.840636551380157 110.19994724541903 62.455530397593975 212.83318318426609 128.77193604409695 1507.6506841406226 74.517901405692101 125.05134199559689 1094.4945969581604
leaf_count=2564 387 572 576 390 453 178 331 354 595 349 4210 448 260 2672
internal_value=-0.000597416 0.0113761 0.0136211 0.0105008 0.02553 0.0576684 0.0129118 0.00201935 0.00481589 0.00117543 -0.0139054 0.0358901 -0.00178837 -0.00512938
internal_weight=5180.7 2727.16 2545.43 2361.34 647.1 181.43 465.67 355.47 1714.24 1501.41 2453.54 136.973 1372.64 1219.55
internal_count=14339 7565 6993 6417 2154 631 1523 1192 4263 3668 6774 802 3319 2932
is_linear=0
shrinkage=0.05


Tree=38
num_leaves=15
num_cat=0
split_feature=80 80 4 29 46 11 76 6 79 45 33 55 14 45
split_gain=340.027 106.926 94.5645 78.8278 95.7032 109.828 80.9576 77.7175 75.4685 64.9845 98.5076 43.9649 55.9757 55.5419
threshold=9.9227531719250113 2.5410396781306348 21.771300563860702 0.10963595324446611 63.30330882352942 0.13654821688866192 1.044187385868802 7.0047398554740861 0.18179797263758327 19.516666666666669 1.8397435897435896 23.72058823529412 0.12031250000000003 25.483333333333338
decision_type=2 2 10 10 2 8 8 8 10 8 10 2 10 10
left_child=1 -1 3 6 5 -5 8 -6 -2 -8 -11 13 -13 -3
right_child=2 11 -4 4 7 -7 9 -9 -10 10 -12 12 -14 -15
leaf_value=-0.0192911109321823 0.0223771520250673 -0.013945108947142846 0.05631953445634269 -0.0097266542128086539 0.0029511511544996565 0.053600618633205754 -0.018221760883591481 -0.05287379304195855 0.066925524036453604 0.04381720757759202 -0.0093470179371716172 0.033314683142114075 0.00042903758606409608 0.0096525195953133074
leaf_weight=1582.692324437201 241.85171954333782 937.85906422883272 147.27784576267004 149.28243066370487 131.39396093785763 125.06889536976814 145.23550563305616 117.46588595956564 157.41953076422215 205.19463435560465 150.37639771401882 163.40571118146181 607.80734721571207 338.7350944802165
leaf_count=4360 595 2428 404 339 322 323 432 349 323 684 499 507 1907 904
internal_value=-0.00112659 -0.00953492 0.0183037 0.0143331 -0.00110147 0.0192323 0.0232965 -0.0235053 0.0400644 0.00987489 0.0213701 -0.0019889 0.00743101 -0.00768099
internal_weight=5201.07 3630.5 1570.57 1423.29 523.211 274.351 900.078 248.86 399.271 500.807 355.571 2047.81 771.213 1276.59
internal_count=14376 10106 4270 3866 1333 662 2533 671 918 1615 1183 5746 2414 3332
is_linear=0
shrinkage=0.05


Tree=39
num_leaves=15
num_cat=0
split_feature=80 28 77 6 19 51 27 36 43 15 22 47 39 77
split_gain=309.401 92.0357 82.912 93.267 87.1158 79.2346 54.6214 63.634 81.5709 62.3472 60.6538 57.6084 54.2827 49.546
threshold=7.1317279713039587 3.0986527777777781 0.84320362869636722 11.571331909017124 18.211111111111112 3.4841229838709684 17.647254901960789 0.45432592897306751 64.408333333333346 0.59401291276859558 0.87939393939393951 0.61893880038304183 25.279945242984262 0.53211308187681838
decision_type=2 8 10 8 10 10 10 10 10 8 8 2 2 10
left_child=1 -1 3 4 6 -5 7 9 12 10 11 13 -9 -2
right_child=2 -3 -4 5 -6 -7 -8 8 -10 -11 -12 -13 -14 -15
leaf_value=-0.020390731959878897 0.0065119102797496584 -0.0028532640228688573 0.054467490698962062 0.011280445003734745 0.058726220680299479 -0.033147675023181715 0.047760141858226288 0.0036435664929347455 0.026971678836108862 0.056467003901311499 -0.010175118278897244 0.054738721174196869 -0.034877931148605587 0.046308669646587759
leaf_weight=1282.9146784767509 367.94647513329983 1793.5526371374726 121.81233914196491 214.71570330858231 117.73327510803938 186.81314002722502 111.35986769944429 185.28726679831743 164.45417736470699 101.60800302028656 182.70591891556978 112.78338355571032 179.25412711501122 98.47465805709362
leaf_count=3407 1172 5031 393 546 355 477 304 478 448 292 460 439 373 243
internal_value=-9.09873e-06 -0.0101708 0.0145636 0.0121353 0.0174754 -0.00942094 0.0142091 0.0114937 -0.00216146 0.0198517 0.0149011 0.0228151 -0.015342 0.0149952
internal_weight=5221.42 3076.47 2144.95 2023.14 1621.61 401.529 1503.87 1392.51 528.996 863.518 761.91 579.205 364.541 466.421
internal_count=14418 8438 5980 5587 4564 1023 4209 3905 1299 2606 2314 1854 851 1415
is_linear=0
shrinkage=0.05


Tree=40
num_leaves=15
num_cat=0
split_feature=80 77 50 61 41 47 43 28 53 11 6 54 31 36
split_gain=391.52 89.4669 85.2165 84.4393 137.789 88.7215 83.5649 82.9364 79.2354 85.6451 95.6065 73.8978 69.8666 65.0041
threshold=7.471608314887491 0.84320362869636722 22.554700854700858 47.250000000000007 64.000000000000014 0.58832618561317174 64.379807692307708 3.0986527777777781 2.3603896103896109 0.13654821688866192 8.0001448971579379 16.031250000000004 0.49191919191919198 0.45001871451307524
decision_type=2 10 10 2 10 2 10 8 10 8 8 10 10 10
left_child=7 2 3 5 -5 6 -2 -1 9 10 13 -10 -13 -4
right_child=1 -3 8 4 -6 -7 -8 -9 11 -11 -12 12 -14 -15
leaf_value=-0.020030498797289759 -0.031461945751453176 0.059925468456701249 0.037020836709062289 0.060587513284242125 -0.00861349948539499 0.017446130444010999 0.016152945081601582 -0.0034652279701156957 0.0037221793625926156 0.052421778498633421 -0.039138734572774503 0.030796570536969988 0.075803994081422701 -0.014644640806536595
leaf_weight=1277.5120232626796 316.12074591219425 117.96682845056057 155.96687009930611 153.33316111564636 134.31841187179089 301.04697275161743 129.16062697023153 1848.6742778196931 101.94152816385031 100.13060272485018 106.74896435439587 185.04779084771872 164.41966440528631 98.743673540651798
leaf_count=3435 704 373 509 381 368 842 342 5198 268 299 328 619 452 284
internal_value=0.000920075 0.0178107 0.0152295 0.0053913 0.0283563 -0.00348603 -0.0176453 -0.0102388 0.0263533 0.0117482 0.000367424 0.0412288 0.0521278 0.0170127
internal_weight=5191.13 2064.95 1946.98 1033.98 287.652 746.328 445.281 3126.19 912.999 461.59 361.46 451.409 349.467 254.711
internal_count=14402 5769 5396 2637 749 1888 1046 8633 2759 1420 1121 1339 1071 793
is_linear=0
shrinkage=0.05


Tree=41
num_leaves=15
num_cat=0
split_feature=80 61 22 58 21 6 4 80 59 51 53 69 25 22
split_gain=340.647 88.436 119.584 112.192 133.334 71.1047 102.571 62.4962 51.5343 49.1473 106.959 58.7825 51.1118 66.1332
threshold=7.471608314887491 47.250000000000007 0.82807881773399028 27.441176470588236 5.6926105390672328 9.123613319527097 14.374600051796557 1.5345817739505319 1.0000000180025095e-35 4.7195713017953453 2.0312500000000004 0.031718563277658304 0.12300000000000003 0.7685439560439562
decision_type=2 2 10 2 8 8 10 2 2 10 10 2 8 8
left_child=7 5 3 4 8 9 -7 -1 -3 10 11 -2 13 -12
right_child=1 2 -4 -5 -6 6 -8 -9 -10 -11 12 -13 -14 -15
leaf_value=-0.0192992205971937 0.0066855965591278961 0.032341863743492391 0.062039379750156914 -0.029545228351422589 0.075041871567507148 0.012588756805691667 -0.038092787568605145 -0.0043523002388727713 -0.017010405673493167 0.038364805556755192 0.036146683479185975 -0.044210986286665366 0.043010736258138109 -0.0060163967250362171
leaf_weight=1062.3115128129721 117.11500535160303 103.39545369148254 218.98271499574184 100.00962691009045 110.63750029355288 249.23000766336918 165.15990141779184 2045.5156484916806 106.31718567758799 210.49797528237104 159.88343871384859 108.61354202777147 200.02418863773346 219.86229193210602
leaf_count=2905 352 331 593 279 366 641 444 5679 335 520 487 294 564 566
internal_value=0.000999207 0.0167103 0.0321571 0.0164799 0.0308957 0.00978843 -0.00765404 -0.00946599 0.00735995 0.0169031 0.011254 -0.0178912 0.0226128 0.0117837
internal_weight=5177.56 2069.73 639.342 420.36 320.35 1430.39 414.39 3107.83 209.713 1016 805.498 225.729 579.77 379.746
internal_count=14356 5772 1904 1311 1032 3868 1085 8584 666 2783 2263 646 1617 1053
is_linear=0
shrinkage=0.05


Tree=42
num_leaves=15
num_cat=0
split_feature=80 51 24 62 54 55 50 12 9 43 33 79 64 75
split_gain=251.778 85.0677 80.0617 61.5911 60.6568 47.8153 62.2005 66.3952 78.7523 91.3988 62.0799 60.8137 52.4992 72.0533
threshold=3.3799017578155399 4.7195713017953453 2.5925833333333332 20.875000000000004 25.75961538461539 19.182352941176472 26.187307692307694 0.54994819994819999 14.529083333333334 62.218253968253975 2.5798319327731094 0.22257973955958285 65.500000000000014 7.3450000000000006
decision_type=2 10 10 2 10 2 8 8 10 10 8 10 8 8
left_child=-1 5 3 -3 -5 10 7 12 -9 -10 -2 -8 13 -7
right_child=1 2 -4 4 -6 6 11 8 9 -11 -12 -13 -14 -15
leaf_value=-0.013983816283373288 0.0424148461461821 -0.0075697816216297488 0.059501354487148876 0.043810279154822468 0.0045360654594275461 -0.019181568724879115 0.0032075140144278156 0.050227830026861646 -0.032028038018151204 0.028568513664891205 -9.7867132775045573e-05 0.035177913378986812 -0.018357224191551041 0.017502582254151976
leaf_weight=1946.3169456869364 176.10852269083261 187.71060061454773 128.64614306390285 229.93849541246891 171.629299916327 226.47475363314152 406.87796037644148 110.68957641720772 118.03702414035797 129.39118435233831 166.68707623332739 233.66719973087311 678.59156966209412 324.26648093760014
leaf_count=5331 439 489 347 587 435 515 1465 312 281 397 371 517 1857 1135
internal_value=0.000265656 0.00870042 0.0239054 0.0160467 0.0270775 0.00444661 0.00176767 -0.00354008 0.0153779 -0.000351973 0.0218025 0.0149068 -0.00905912 0.00240997
internal_weight=5235.03 3288.72 717.925 589.278 401.568 2570.79 2228 1587.45 358.118 247.428 342.796 640.545 1229.33 550.741
internal_count=14478 9147 1858 1511 1022 7289 6479 4497 990 678 810 1982 3507 1650
is_linear=0
shrinkage=0.05


Tree=43
num_leaves=15
num_cat=0
split_feature=80 41 21 57 33 51 64 27 9 48 60 25 79 44
split_gain=274.996 83.339 119.698 107.124 122.56 69.4574 83.3271 84.4282 83.9576 80.5115 80.2515 78.7672 56.1413 48.473
threshold=3.2754164921974636 49.000000000000007 4.9312035158891154 253.42830882352942 3.2613636363636362 4.782517736947427 66.500000000000014 5.0058823529411773 14.173833333333336 21.60661764705883 3.2500000000000004 -0.11577380952380954 0.81367826780573094 0.6096744459300677
decision_type=2 8 8 2 10 10 8 8 10 2 2 10 8 10
left_child=-1 2 -2 4 -4 6 8 9 -3 -8 11 -7 13 -9
right_child=1 5 3 -5 -6 10 7 12 -10 -11 -12 -13 -14 -15
leaf_value=-0.014239294818873691 0.0037315463227700855 0.0067232471381927549 0.025948632098966796 0.0063485978454157462 0.093677080895748333 -0.014650578297915119 0.051014119067981492 -0.025061604285381064 0.0512312038281919 -0.0046825946876331466 0.056526904600501041 0.03224615165277455 0.016279655787689456 0.0036252092733903719
leaf_weight=1897.4634080305696 380.42803508043289 664.64554858207703 130.45078983902931 134.67271059006453 138.18542782962322 168.92765641212463 107.99170586466789 649.10548439621925 125.15088301151991 159.95935052633286 125.15685401856899 188.46553050726652 133.2295603454113 190.0801535397768
leaf_count=5173 1035 2013 357 448 290 401 314 1383 400 425 330 495 767 499
internal_value=0.000920588 0.00964841 0.0238731 0.0428157 0.0610061 0.00520388 0.00114703 -0.00693459 0.0138318 0.0178709 0.022234 0.0101006 -0.0137811 -0.0185673
internal_weight=5193.91 3296.45 783.737 403.309 268.636 2512.71 2030.16 1240.37 789.796 267.951 482.55 357.393 972.415 839.186
internal_count=14330 9157 2130 1095 647 7027 5801 3388 2413 739 1226 896 2649 1882
is_linear=0
shrinkage=0.05


Tree=44
num_leaves=15
num_cat=0
split_feature=77 64 79 77 77 77 13 45 69 61 77 55 77 21
split_gain=212.865 76.8636 97.6598 133.052 77.7076 149.833 74.2766 74.2061 63.8396 38.9359 47.9598 41.7591 64.0541 45.5692
threshold=0.55034357158456315 66.500000000000014 0.40197172262494074 0.61576440184677417 0.67980312942495924 0.7204765605227702 0.02620810465737998 26.414285714285715 0.011985563456151692 39.750000000000007 0.86634309153467748 23.93327205882353 0.79363339270787348 5.0251661918328594
decision_type=8 10 10 8 8 8 8 10 2 2 10 2 8 8
left_child=6 2 3 -2 -5 -6 -1 8 -3 -7 11 12 -11 -13
right_child=1 7 -4 4 5 9 -8 -9 -10 10 -12 13 -14 -15
leaf_value=-0.01939715786844759 0.05753265269238135 -0.019349601609522222 0.055093560870177208 -0.024579453285829909 0.071282184599331569 0.04176255979052531 -0.0032848323650193998 -0.043446068923180592 0.02990500668520334 -0.055551830565041739 0.041750457084397688 -0.015632669526656037 -0.002391074491770122 0.039332299009876386
leaf_weight=961.47873103618622 152.45028676092625 116.42581806331873 179.58194586634636 158.32958978414536 97.142256170511246 59.739588677883148 2787.1793571263552 92.742212042212486 148.74155878275633 80.259514182806015 57.282292827963829 68.414132758975029 187.52393613010645 81.882830210030079
leaf_count=2315 380 506 327 359 230 295 6538 360 595 175 227 390 1296 436
internal_value=-0.00108182 0.0149643 0.0213925 0.0149232 0.00664431 0.01449 -0.00742149 -0.00520145 0.00828757 0.00406622 -0.000748869 -0.00665754 -0.0184717 0.0143747
internal_weight=5229.17 1480.52 1122.61 943.024 790.574 632.245 3748.66 357.91 265.167 535.102 475.363 418.08 267.783 150.297
internal_count=14429 5576 4115 3788 3408 3049 8853 1461 1101 2819 2524 2297 1471 826
is_linear=0
shrinkage=0.05


Tree=45
num_leaves=15
num_cat=0
split_feature=36 66 33 79 13 13 73 10 79 46 6 6 56 65
split_gain=196.874 83.0424 105.904 103.079 76.4551 85.0278 61.8191 79.2048 79.1902 68.2989 80.7272 65.8024 57.5155 58.4608
threshold=0.19063889586056529 8.5000000000000018 4.6018099547511309 0.1737820925674762 0.61054047200296868 0.67456187749477214 3.5000000000000004 0.074960939987667216 0.19559218019085486 60.500000000000007 4.0305086527633236 4.5254833995939032 4.0380725695546396 12.500000000000002
decision_type=8 2 10 10 10 10 2 10 10 2 8 10 2 8
left_child=-1 2 4 -4 6 -6 7 8 -2 -8 -11 -12 13 -13
right_child=1 -3 3 -5 5 -7 9 -9 -10 10 11 12 -14 -15
leaf_value=-0.010520766599191472 -0.014141882687349264 -0.014675251955230376 0.010093788283954594 0.074365617704200623 -0.043001349971287905 0.013731722194554666 0.0407557611307897 -0.037489795606206605 0.04014189902542592 0.039983939653291778 -0.031839278157491428 0.059247647036107243 0.0021288055340650388 0.0042193779441023161
leaf_weight=2674.9673125892878 148.31554955244064 325.01473202556372 122.40682343393564 126.99260476231575 140.54338981211185 123.11261364072561 254.52617528289557 126.33421390503645 121.26289550960064 205.47973684966564 104.54276476800442 103.20780694484711 554.84333948791027 90.212442070245743
leaf_count=7451 430 890 384 243 362 404 571 320 241 585 285 390 1595 278
internal_value=-0.00104956 0.00889853 0.0123521 0.0429869 0.00845863 -0.0165584 0.0123262 -0.00498213 0.0103344 0.0175458 0.0119304 0.00513208 0.0103331 0.0337358
internal_weight=5221.76 2546.8 2221.78 249.399 1972.38 263.656 1708.72 395.913 269.578 1312.81 1058.29 852.806 748.264 193.42
internal_count=14429 6978 6088 627 5461 766 4695 991 671 3704 3133 2548 2263 668
is_linear=0
shrinkage=0.05


Tree=46
num_leaves=15
num_cat=0
split_feature=80 14 14 54 44 51 54 13 53 77 29 39 46 41
split_gain=192.963 88.2078 125.348 83.5849 72.4506 65.0802 58.0272 49.9635 56.7238 56.4781 62.3004 47.643 47.2189 45.8833
threshold=4.2832947719439831 0.59033333333333349 0.62516666666666676 22.519230769230774 0.5936233997731325 4.7195713017953453 30.138095238095243 0.5606089731390439 2.2182539682539688 0.54625503206922688 0.026009048816073948 23.839835728952774 60.759191176470594 55.500000000000007
decision_type=2 8 8 10 10 10 8 10 10 10 10 2 2 10
left_child=-1 6 -3 4 13 -5 7 8 -2 10 11 -10 -12 -4
right_child=1 2 3 5 -6 -7 -8 -9 9 -11 12 -13 -14 -15
leaf_value=-0.010268045674708775 -0.0081602117992711169 0.066273742894822102 0.03193949143047841 -0.022211819024270496 0.058577183307822106 0.024597119916398989 0.03109240683985048 -0.027411844527427072 0.0037929649307318586 0.037356681596495259 -0.033088342734581118 0.044657017016596398 0.0030125699690604487 -0.001393670293198263
leaf_weight=2224.8411367535591 678.43549876660109 133.20109439641237 213.8258198723197 210.37876923382282 130.79508047550917 113.5038764923811 167.50373433530331 147.13137114048004 145.08744328469038 163.80471602082253 116.15693798661232 139.68967935442924 398.64311097562313 198.59831481426954
leaf_count=6157 1937 340 543 595 348 279 477 451 423 415 243 363 1259 501
internal_value=0.000852648 0.00922117 0.0212911 0.0143126 0.0262825 -0.00578252 0.0030423 0.000399998 0.00290752 0.0107021 0.00520163 0.0239238 -0.00518142 0.0159237
internal_weight=5181.6 2956.76 1000.3 867.102 543.219 323.883 1956.45 1788.95 1641.82 963.382 799.577 284.777 514.8 412.424
internal_count=14331 8174 2606 2266 1392 874 5568 5091 4640 2703 2288 786 1502 1044
is_linear=0
shrinkage=0.05


Tree=47
num_leaves=15
num_cat=0
split_feature=80 80 29 79 4 48 5 15 77 21 79 54 44 47
split_gain=206.847 65.2399 51.0781 134.396 87.2481 61.0068 69.7831 68.4029 95.8274 71.4056 57.854 48.804 46.0395 49.3711
threshold=8.5389104374321203 0.67588097288987681 0.093885672950846141 0.22805898358779161 21.351945583381113 17.514705882352946 9.1166666666666689 0.53799891524665389 0.61934701598118547 4.8290868765552313 -0.96360357762183535 21.408333333333335 0.64775976154589643 0.59458320242957396
decision_type=2 2 8 10 10 2 8 10 10 10 10 8 10 2
left_child=1 -1 3 10 5 -4 -7 -8 -9 -10 -2 -12 13 -3
right_child=2 12 4 -5 -6 6 7 8 9 -11 11 -13 -14 -15
leaf_value=-0.022744936367583013 -0.0246667346427899 -0.0064820154747205153 0.035757691542219396 0.050197238413523505 0.048360531520486055 0.027443210320357438 -0.030090446045923674 0.037112119884753651 -0.03784137947732711 0.011017323068846396 0.039646143344800162 0.0021220739141700048 -0.023251440003284319 0.0084741430035765054
leaf_weight=547.11869547516108 108.81096775084734 1765.6791103109717 115.96279320120811 294.10143560171127 112.04784295707941 154.88106475770473 255.06330850720406 136.0012139081955 148.36576093733311 149.05790375173092 140.98003101348877 222.66906635463238 276.48070809990168 801.43558698892593
leaf_count=1406 547 4351 334 594 321 433 708 447 320 332 394 653 888 2701
internal_value=0.000371992 -0.00694942 0.0138753 0.0237221 0.0068144 0.0019166 -0.00277337 -0.00960078 0.00249856 -0.0134003 0.00717046 0.0167383 -0.00390337 -0.00181132
internal_weight=5228.66 3390.71 1837.94 766.562 1071.38 959.332 843.369 688.488 433.425 297.424 472.46 363.649 2843.6 2567.11
internal_count=14429 9346 5083 2188 2895 2574 2240 1807 1099 652 1594 1047 7940 7052
is_linear=0
shrinkage=0.05


Tree=48
num_leaves=15
num_cat=0
split_feature=80 14 54 54 61 54 5 14 20 75 9 14 43 22
split_gain=173.185 62.8952 131.743 193.922 102.166 71.1526 69.3893 65.5332 51.7042 76.2461 44.8998 52.813 78.9937 71.7866
threshold=3.5602645793506165 0.59033333333333349 22.148351648351653 17.035714285714288 47.250000000000007 31.550505050505055 15.516666666666667 0.1335416666666667 4.8166666666666673 13.615 4.2170000000000014 0.49105555555555563 57.809090909090919 0.87596153846153857
decision_type=2 10 8 10 2 10 10 8 10 10 8 10 8 10
left_child=-1 5 3 -3 -4 7 -5 -2 9 10 -9 12 -12 -14
right_child=1 2 4 6 -6 -7 -8 8 -10 -11 11 -13 13 -15
leaf_value=-0.011201553651419414 0.036364133600118996 -0.0094553129865856816 -0.023185476765043664 0.040328841017290139 0.028464132392108678 0.041364591749527779 0.094193304129390365 -0.018485656323694075 -0.028501438106060331 0.030214664323589491 0.04459851526833767 -0.017416848183950579 0.0087609894436718426 -0.022418053157908933
leaf_weight=1975.8195690512657 128.68067687749863 123.00925923883915 213.81463338434696 122.10681664943695 171.73026260733604 118.53934969753027 121.30175745487213 317.39335485547781 149.4803594648838 211.62926252186298 121.93050772696733 280.9557748734951 903.51535753905773 230.96180108934641
leaf_count=5424 344 293 567 302 487 345 306 825 412 499 276 794 2836 623
internal_value=0.000445155 0.00760394 0.020251 0.0416752 -0.000165473 0.00373623 0.0674476 0.00181693 -0.000204812 0.00185493 -0.00139547 0.00214257 0.00652679 0.00239927
internal_weight=5190.87 3215.05 751.963 366.418 385.545 2463.09 243.409 2344.55 2215.87 2066.39 1854.76 1537.36 1256.41 1134.48
internal_count=14333 8909 1955 901 1054 6954 608 6609 6265 5853 5354 4529 3735 3459
is_linear=0
shrinkage=0.05


Tree=49
num_leaves=15
num_cat=0
split_feature=19 44 80 50 39 57 43 55 77 39 50 70 58 79
split_gain=113.964 96.119 76.1741 70.3446 67.0841 65.6762 61.5785 90.8507 78.5102 59.7455 57.2261 54.0129 94.1366 65.4153
threshold=17.851648351648354 0.52997990586461152 1.3254821956011613 18.90333333333334 24.814510609171801 224.20588235294119 63.095454545454551 23.567647058823532 0.20838478863783996 23.609856262833677 23.762142857142859 0.0036700336700336701 24.281250000000004 0.2792234074057745
decision_type=10 10 2 8 2 2 10 2 10 2 8 2 2 10
left_child=2 -2 -1 5 6 -4 7 9 -9 10 -5 -6 13 -13
right_child=1 -3 3 4 11 -7 -8 8 -10 -11 -12 12 -14 -15
leaf_value=-0.015759926215296642 0.0009303241820588122 0.065841425880355478 -0.03611213425799896 0.046410637509403767 -0.0090735004384316087 -0.0042027415309658532 -0.00096846481795098455 0.011716740513381146 0.060115422776869071 -0.014011710650962595 -0.00082572036951413571 0.0097288030785826988 -0.017216377148649983 0.052428971150757911
leaf_weight=944.26888837665319 114.9316616281867 112.26246964931488 225.92443189769983 123.53827301412821 1228.035147562623 558.33250352740288 568.58110939711332 144.67958730459213 200.03292334079742 206.07527326047421 132.09034913778305 301.88640590757132 228.24109060317278 126.98679001629353
leaf_count=2586 282 356 472 307 3438 1349 1847 520 523 515 354 939 640 250
internal_value=-0.00140123 0.0331525 -0.00298121 5.46464e-06 0.00324044 -0.0134293 0.0116345 0.0205106 0.0398946 0.00598337 0.0220942 -0.00288493 0.00867666 0.0224646
internal_weight=5215.87 227.194 4988.67 4044.4 3260.15 784.257 1375 806.416 344.713 461.704 255.629 1885.15 657.114 428.873
internal_count=14378 638 13740 11154 9333 1821 4066 2219 1043 1176 661 5267 1829 1189
is_linear=0
shrinkage=0.05


Tree=50
num_leaves=15
num_cat=0
split_feature=4 76 27 6 9 76 77 64 31 30 57 55 20 22
split_gain=149.137 85.0848 68.3636 203.328 107.732 81.5672 72.8121 78.2847 89.2594 72.1411 86.098 63.9547 59.9807 51.3038
threshold=6.1580990231345725 2.3985023904897278 14.97916666666667 5.8309059168286606 17.654166666666672 1.4960916030534352 0.62324007214637966 65.500000000000014 0.56687500000000013 0.38640936695769285 244.31250000000003 23.834117647058829 3.5192307692307696 0.85640648011782039
decision_type=10 10 10 8 10 10 10 8 8 10 2 2 10 8
left_child=1 11 5 -4 -5 6 7 8 13 -9 -11 -1 -8 -2
right_child=2 -3 3 4 -6 -7 12 9 -10 10 -12 -13 -14 -15
leaf_value=-0.014078357348855278 0.021963881156267309 0.032252659241574749 0.082867300192763116 -0.011477851914687628 0.04365295603243359 0.047992191947705654 -0.035814668199208116 0.0096354960723539877 0.05308938299493339 -0.054724387065768647 0.0083540326671698185 0.0010561252926047668 0.0048557914493777771 -0.020982967191720395
leaf_weight=1909.7035048305988 211.97628317028284 132.46216140687466 120.46116376668215 243.19039383530617 138.14238482713699 103.42077538371086 195.96909393370152 388.77275589108467 167.55979111045599 118.84675706923008 98.181458793580532 1099.6308451667428 167.56494961678982 102.3266538977623
leaf_count=4915 787 295 281 597 368 236 482 1229 539 295 358 3365 383 278
internal_value=3.14118e-05 -0.00681961 0.0104967 0.0265245 0.00855588 0.00530954 0.00223677 0.00871169 0.0237302 -0.00325366 -0.0262809 -0.0085496 -0.0171064 0.0079596
internal_weight=5198.21 3141.8 2056.41 501.794 381.333 1554.62 1451.2 1087.66 481.863 605.801 217.028 3009.33 363.534 314.303
internal_count=14408 8575 5833 1246 965 4587 4351 3486 1604 1882 653 8280 865 1065
is_linear=0
shrinkage=0.05


Tree=51
num_leaves=15
num_cat=0
split_feature=20 43 43 11 55 80 76 29 14 18 44 52 52 60
split_gain=128.48 94.2227 75.738 79.1416 100.278 56.1561 69.2071 54.8313 83.9651 52.2844 50.5637 48.0778 77.2269 69.067
threshold=1.5192307692307694 58.303846153846159 59.839743589743598 0.14284692856528877 22.731764705882359 1.1496264882259728 2.3985023904897278 0.10113323729472556 0.60038461538461563 2.6770833333333335 0.56677707220595397 194.03571428571431 241.52272727272728 -4.2499999999999991
decision_type=10 10 10 10 2 2 8 10 10 10 10 8 8 2
left_child=5 -2 -3 7 -5 -1 11 8 9 -4 -9 -7 -13 -14
right_child=1 2 3 4 -6 6 -8 10 -10 -11 -12 12 13 -15
leaf_value=-0.01752258905929769 -0.018879680970022458 0.052083880337102512 -0.0038632574517996621 0.072449046335324355 0.003804468049535931 0.016051707959336969 0.0084658281945350407 0.010764950935387589 0.045412911739094279 0.028533907739135268 -0.033156677122424059 -0.023567391401388832 0.01895889652925933 -0.010505063974361883
leaf_weight=852.46252765506506 231.83894272148609 127.43335046619177 472.78739970177412 110.10096511989832 102.31467631459236 180.28870622813702 906.30446828901768 117.72126870602369 156.55100308358669 167.98278795927763 145.72126992046833 707.80896253883839 281.85559044778347 669.12214185297489
leaf_count=2281 477 298 1421 315 326 358 3417 288 429 523 411 1460 701 1686
internal_value=-0.00104191 0.010588 0.0154757 0.0117736 0.0395576 -0.00632026 -0.00283673 0.0061779 0.0127095 0.00466113 -0.0135635 -0.00840826 -0.0110748 -0.00176164
internal_weight=5230.29 1632.45 1400.61 1273.18 212.416 3597.84 2745.38 1060.76 797.321 640.77 263.443 1839.08 1658.79 950.978
internal_count=14391 4488 4011 3713 641 9903 7622 3072 2373 1944 699 4205 3847 2387
is_linear=0
shrinkage=0.05


Tree=52
num_leaves=15
num_cat=0
split_feature=5 48 76 54 48 76 58 12 55 27 36 64 47 61
split_gain=128.536 67.2804 65.1028 62.8757 73.6478 53.7282 49.0633 60.7387 48.3972 69.3165 69.7249 58.1065 74.2904 51.1044
threshold=5.7166666666666677 30.297794117647062 1.4960916030534352 30.267857142857146 17.424632352941178 2.3985023904897278 18.818014705882359 0.54994819994819999 21.815625000000001 12.422478991596641 0.5082357594107495 72.500000000000014 0.5870331450588907 46.750000000000007
decision_type=10 2 10 8 2 10 2 10 2 8 10 8 2 2
left_child=5 2 3 4 -2 -1 7 -6 9 -8 -11 12 -10 -13
right_child=1 -3 -4 -5 6 -7 8 -9 11 10 -12 13 -14 -15
leaf_value=-0.0071795782115013978 0.034264472977408464 0.048328890556104447 0.04081068722364023 0.036818731340160581 0.00088429479376874896 0.026092981827007051 -0.013950946221147157 0.046674948939829271 -0.017518505546126464 0.044471939279700418 -0.0034487084178564126 -0.046433632559935573 0.031459848106970764 -0.0080500723911370326
leaf_weight=2953.5732468143106 167.62119025737047 108.82133055478334 140.49305275082588 147.52461455762386 206.54138291627169 125.55940629541874 242.13491553068161 110.55405419319868 202.65336908400059 159.797990642488 143.52716556936502 182.26965031027794 123.90880576521158 165.55817152559757
leaf_count=8039 473 298 321 432 619 278 662 287 621 428 315 521 452 531
internal_value=0.000690922 0.0102218 0.00811743 0.00561675 0.00289631 -0.00581477 -0.000544792 0.0169456 -0.0051015 0.00596677 0.0218601 -0.0140493 0.00110486 -0.0282394
internal_weight=5180.54 2101.41 1992.58 1852.09 1704.57 3079.13 1536.95 317.095 1219.85 545.46 303.325 674.39 326.562 347.828
internal_count=14277 5960 5662 5341 4909 8317 4436 906 3530 1405 743 2125 1073 1052
is_linear=0
shrinkage=0.05


Tree=53
num_leaves=15
num_cat=0
split_feature=80 39 14 14 8 13 77 22 43 56 29 64 4 44
split_gain=115.386 63.9803 68.5996 138.059 82.0168 75.6929 69.3682 87.7435 68.917 60.132 51.6199 51.3538 48.0709 44.8015
threshold=2.9057976056101507 28.335386721423685 0.60038461538461563 0.63516666666666677 15.872621839759296 0.56792807585988381 0.53211308187681838 0.86192879170171022 57.968750000000007 4.3998369535179362 0.12164029263361675 79.500000000000014 9.2831774954716888 0.64775976154589643
decision_type=2 2 10 10 10 10 10 8 8 2 10 8 8 10
left_child=-1 2 5 -4 -5 6 8 -8 -2 -6 11 12 -3 -10
right_child=1 10 3 4 9 -7 7 -9 13 -11 -12 -13 -14 -15
leaf_value=-0.0097042793296512244 0.028689480004888263 0.00077692284003332891 0.069682358052361934 -0.016813718439246408 0.043067863372782442 -0.035502298545888274 0.04506677371393783 -0.002834376376658951 0.001774236379260024 0.0003703580065727347 -0.039676925375228503 0.015860936002010387 -0.043166989285908022 -0.027617355195998484
leaf_weight=1728.0766590684652 223.51396908611059 154.36910006403923 128.71357633173466 166.81881754100323 203.64260176569223 108.47995069622993 238.47019262611866 158.94080078601837 1381.3418502360582 138.13939379155636 109.78482912480831 220.77668146044016 103.23069035261869 142.07463903725147
leaf_count=4717 466 474 319 415 582 346 590 374 4057 361 279 596 318 441
internal_value=0.000852741 0.00609893 0.00915786 0.0236281 0.0118591 0.00505562 0.007123 0.0259501 0.0028276 0.0258621 -0.00892223 -0.00179614 -0.016932 -0.000983158
internal_weight=5206.37 3478.3 2890.14 637.314 508.601 2252.82 2144.34 397.411 1746.93 341.782 588.161 478.376 257.6 1523.42
internal_count=14335 9618 7951 1677 1358 6274 5928 964 4964 943 1667 1388 792 4498
is_linear=0
shrinkage=0.05


Tree=54
num_leaves=15
num_cat=0
split_feature=30 43 43 22 6 64 77 80 54 36 19 27 75 76
split_gain=122.469 72.8667 54.8159 68.111 68.174 95.0014 92.3711 50.0154 48.9616 42.1167 66.5961 56.5505 35.8013 34.5611
threshold=0.33350640385192581 56.759615384615394 68.519230769230788 0.91547619047619055 9.2225479935448345 45.500000000000007 0.63601507761089293 0.25190953553741074 21.781746031746035 0.40263690844409356 9.8944444444444475 3.6911764705882359 9.7350000000000012 1.0083646061443126
decision_type=10 8 10 10 10 8 10 2 8 10 10 10 10 10
left_child=7 -2 3 4 5 -3 8 -1 -7 10 12 -11 -9 -8
right_child=1 2 -4 -5 -6 6 13 9 -10 11 -12 -13 -14 -15
leaf_value=-0.028653286854314106 -0.02536888705300501 0.053735549608039702 -0.018950839330659122 0.050837319067395782 -0.018313284427053982 0.018634636413482605 0.050055505861110766 -0.0050384316634311801 -0.012954603839577692 0.00089496613461147059 0.028885451943808857 -0.039992943936683373 0.021433828607890448 0.016357403318290508
leaf_weight=216.55890564620495 121.80543847382069 158.51908162981272 109.67222587764263 137.84490831941366 144.27275960892439 194.34386349469423 153.31374427676201 2791.2193017229438 328.69845934957266 160.40342423319817 163.31026664376259 177.75624187290668 132.86454270780087 152.94041408598423
leaf_count=522 268 448 324 330 429 596 323 7793 974 495 493 518 378 342
internal_value=-0.000451507 0.0115604 0.0148369 0.0177675 0.0136995 0.0183889 0.0115758 -0.00540508 -0.00120401 -0.00392743 -0.00208944 -0.0206526 -0.00382867 0.033335
internal_weight=5143.52 1501.41 1379.61 1269.93 1132.09 987.816 829.296 3642.11 523.042 3425.55 3087.39 338.16 2924.08 306.254
internal_count=14233 4034 3766 3442 3112 2683 2235 10199 1570 9677 8664 1013 8171 665
is_linear=0
shrinkage=0.05


Tree=55
num_leaves=15
num_cat=0
split_feature=36 6 61 48 55 33 57 25 77 65 75 13 33 51
split_gain=88.1864 61.7942 74.0064 68.0287 102.144 53.3827 51.8493 50.6002 98.8087 61.9217 55.3279 62.565 43.2707 80.9659
threshold=0.19063889586056529 4.1012193308819782 45.750000000000007 17.593750000000004 27.445955882352944 1.7573529411764708 240.21875000000003 -0.21749999999999997 0.35058398238308991 5.5000000000000009 13.615 0.54676281987781306 1.3981900452488687 4.334142394822007
decision_type=8 8 2 2 2 8 2 10 10 10 10 10 10 10
left_child=-1 2 5 6 7 -2 -3 8 -5 -10 12 -12 13 -9
right_child=1 3 -4 4 -6 -7 -8 10 9 -11 11 -13 -14 -15
leaf_value=-0.0070549413733476578 -0.017065923321779596 0.051184827061194108 0.049625200145877658 0.013699727699499627 0.036817169385019596 0.026387533642628153 0.0030061661005438313 -0.014591308153054329 -0.015389112716931934 -0.056383260773709566 0.043762288739354727 0.0023187752910142963 -0.017778465958197605 0.035820649989309138
leaf_weight=2704.393049120903 124.85635400563478 116.76946894079447 162.16684252023697 185.62987042218447 163.3474740460515 160.36497288197279 106.4539794549346 185.89109673351049 253.39651316404343 144.75877884030342 137.81894990801811 265.08625076711178 390.06092840433121 137.85855206102133
leaf_count=7470 302 290 488 633 532 411 369 596 532 299 342 589 1152 405
internal_value=-0.00077619 0.00592369 0.0227646 0.00230448 -0.000825333 0.00737251 0.0283246 -0.00446073 -0.0163761 -0.0303974 0.00177736 0.0165683 -0.00658279 0.00691923
internal_weight=5238.85 2534.46 447.388 2087.07 1863.85 285.221 223.223 1700.5 583.785 398.155 1116.72 402.905 713.811 323.75
internal_count=14410 6940 1201 5739 5080 713 659 4548 1464 831 3084 931 2153 1001
is_linear=0
shrinkage=0.05


Tree=56
num_leaves=15
num_cat=0
split_feature=20 79 58 25 51 77 69 25 12 52 52 30 79 80
split_gain=98.9978 68.7034 106.94 86.4945 98.6452 65.0167 64.4594 61.5535 59.2262 45.8506 41.7817 63.1975 61.0204 61.7767
threshold=1.5634920634920637 0.15928404245544162 18.352941176470591 -0.17699999999999994 4.5680579773321712 0.4325346677712259 0.0044949494949494953 0.12100000000000002 0.59853659690357963 176.12500000000003 240.38750000000002 0.090502120882599513 -0.28942931766636104 11.945152560614039
decision_type=10 8 2 10 10 10 2 10 10 8 8 8 8 2
left_child=9 7 -3 5 6 -4 -5 8 -2 -1 -11 -12 -13 -14
right_child=1 2 3 4 -6 -7 -8 -9 -10 10 11 12 13 -15
leaf_value=0.020758741456718459 -0.0014794098547240683 0.064789677616939698 0.018835924119491983 0.034980812188738782 0.061750416763441576 -0.032983452993939746 -0.011648614719805828 -0.03223445541873983 0.033379073341153191 -0.011073840302158286 -0.013123711599334032 -0.011451350448208676 0.0080482114205930651 0.046442737414264218
leaf_weight=182.52033050358295 514.15144504606724 121.14743109792471 108.26761399209499 141.83467770367861 139.52849525213242 134.89649784564972 153.28046602755785 117.95468664169312 158.67103281617165 1520.6350867673755 616.32836290448904 350.69824695587158 820.72232731431723 119.22649701684713
leaf_count=405 1336 332 407 478 327 289 481 325 419 3587 1931 772 2873 389
internal_value=0.000985822 0.0113783 0.0217096 0.0139256 0.0272631 -0.00992848 0.0108043 0.000925906 0.00677857 -0.00359242 -0.0048948 3.56312e-05 0.00632497 0.0129625
internal_weight=5199.86 1589.73 798.955 677.808 434.644 243.164 295.115 790.777 672.822 3610.13 3427.61 1906.98 1290.65 939.949
internal_count=14351 4394 2314 1982 1286 696 959 2080 1755 9957 9552 5965 4034 3262
is_linear=0
shrinkage=0.05


Tree=57
num_leaves=15
num_cat=0
split_feature=36 6 50 44 43 0 41 44 47 58 43 9 50 46
split_gain=97.0228 85.9301 87.6181 57.28 69.8392 84.004 107.116 79.3286 66.4951 68.4651 78.6056 60.9424 58.2244 69.1219
threshold=0.25991685160502453 4.0305086527633236 20.829166666666669 0.57564994126880187 65.925824175824189 9.5000000000000018 64.000000000000014 0.51879173086800223 0.59686711955123262 24.97058823529412 63.654761904761912 13.760333333333337 23.257777777777779 62.939338235294123
decision_type=8 8 10 10 10 2 8 8 2 2 10 8 10 2
left_child=-1 2 -2 4 5 7 -7 -3 12 10 -10 -9 13 -5
right_child=1 3 -4 8 -6 6 -8 11 9 -11 -12 -13 -14 -15
leaf_value=-0.0037162922947256596 0.067672400637244653 -0.022302504457834875 0.012857023466603532 -0.055501095332450845 -0.016146905109327203 0.074368158794355307 0.012688656421396613 0.049510896063700405 0.063238636736277595 -0.018438171143508778 -0.00056925586004763853 0.0070633585242960983 0.0045648793175853469 -0.0051341521754050727
leaf_weight=3120.9064747467637 120.6291424408555 151.88673430681229 183.47844140231609 138.53491120785475 160.95849510282278 132.87918408960104 149.48848195374012 121.00801832973957 97.328910201787949 102.95370061695576 94.766352288424969 276.86085736751556 200.65318035334349 133.52938326448202
leaf_count=8690 282 337 516 317 469 301 361 314 335 352 361 698 609 372
internal_value=0.00184652 0.0102517 0.034751 0.00600322 0.0139267 0.0197563 0.0418744 0.00834054 -0.00425039 0.0143454 0.0319204 0.0200651 -0.0158629 -0.0308903
internal_weight=5185.86 2064.96 304.108 1760.85 993.082 832.123 282.368 549.756 767.766 295.049 192.095 397.869 472.717 272.064
internal_count=14314 5624 798 4826 2480 2011 662 1349 2346 1048 696 1012 1298 689
is_linear=0
shrinkage=0.05


Tree=58
num_leaves=15
num_cat=0
split_feature=77 60 51 46 48 51 75 44 11 18 77 56 50 76
split_gain=88.9348 75.6526 79.0869 81.6956 80.3455 103.074 49.4094 64.029 55.5045 46.0925 39.4617 37.8461 54.0261 64.9942
threshold=0.13864372140994916 12.250000000000002 4.7195713017953453 64.577205882352956 20.363970588235297 4.978259727984037 15.635000000000003 0.54050836550836567 0.14455653507582775 4.0312500000000009 0.67475519848294974 4.4532482935566646 26.823076923076929 1.0899073339794993
decision_type=8 2 10 2 2 10 10 10 10 10 10 2 10 10
left_child=-1 2 6 4 -4 -6 8 -8 9 10 11 12 13 -2
right_child=1 -3 3 -5 5 -7 7 -9 -10 -11 -12 -13 -14 -15
leaf_value=-0.0083442168016124637 0.0097510066428605404 0.045732402323110932 0.0056330320496970204 -0.0078798541709059061 0.082121235068434689 0.021250463332027725 -0.044902399584290487 -0.00023200427287883475 0.034251055251191626 -0.03177924526742433 0.025821149110118281 -0.011195728612367124 0.030482534579258133 -0.015974026152196074
leaf_weight=1884.2087062001228 686.88947950303555 110.62907318770885 201.28748738765717 202.06257870048285 119.51807481050491 166.77187779545784 133.21792775392532 199.41558811068535 128.17211619019508 104.20158956944942 161.05804225802422 525.38621511310339 174.80724131315947 380.80956497788429
leaf_count=4583 2544 313 489 622 334 398 269 499 463 371 401 1542 646 791
internal_value=0.000317199 0.00527232 0.00385243 0.0188256 0.0298864 0.0468597 -0.000293902 -0.0182032 0.00246953 0.000450138 0.00220673 4.20331e-05 0.00479903 0.000569458
internal_weight=5178.44 3294.23 3183.6 689.64 487.577 286.29 2493.96 332.634 2161.32 2033.15 1928.95 1767.89 1242.51 1067.7
internal_count=14265 9682 9369 1843 1221 732 7526 768 6758 6295 5924 5523 3981 3335
is_linear=0
shrinkage=0.05


Tree=59
num_leaves=15
num_cat=0
split_feature=36 21 21 48 33 8 79 41 75 36 26 12 57 45
split_gain=115.669 53.7544 121.285 43.1195 47.8948 44.2649 50.3762 46.9587 55.6792 59.2608 55.9017 52.5092 81.0032 74.2347
threshold=0.19328302877746109 6.5561868686868694 6.0030864197530871 17.593750000000004 1.6363636363636365 7.4486424155724125 0.2792234074057745 73.500000000000014 9.0850000000000026 0.35145869832643456 13.500000000000002 0.65789230925833175 215.42647058823533 28.033333333333335
decision_type=8 10 10 2 10 8 8 10 10 10 2 10 2 10
left_child=-1 2 3 4 -2 6 -5 11 9 -9 -10 12 -7 -14
right_child=1 -3 -4 5 -6 7 -8 8 10 -11 -12 -13 13 -15
leaf_value=-0.0072416077142194351 0.0068509563846769527 -0.022008511627572735 0.054860016060264076 0.0039132615159453085 0.050693476727180165 -0.024739334711654983 0.046159445716153602 -0.0088523803380956018 -0.00020737391201721431 0.039438157159045625 -0.036532869402285638 0.037289843291546124 0.0044260847647186246 0.049612874567164338
leaf_weight=2678.8243204653263 142.62408018112183 142.53157828003168 137.80313194543123 162.44524541497231 110.10704094916582 194.30351676046848 124.03907079994678 173.02511885017157 193.52193543314934 99.14122174680233 232.97636525332928 132.3290388584137 547.14257779717445 108.05925003439188
leaf_count=7474 376 456 413 412 328 482 316 528 482 388 484 418 1534 287
internal_value=-2.41353e-05 0.00770925 0.00951451 0.00667596 0.0260763 0.00417129 0.0223015 0.0010691 -0.00883183 0.00881825 -0.0200894 0.00811633 0.00353342 0.0119428
internal_weight=5178.87 2500.05 2357.52 2219.71 252.731 1966.98 286.484 1680.5 698.665 272.166 426.498 981.834 849.505 655.202
internal_count=14378 6904 6448 6035 704 5331 728 4603 1882 916 966 2721 2303 1821
is_linear=0
shrinkage=0.05


Tree=60
num_leaves=15
num_cat=0
split_feature=75 55 25 77 58 24 11 42 20 54 54 14 36 20
split_gain=77.4233 43.5581 90.8214 82.5898 79.5265 70.3345 66.115 59.1392 46.3757 46.2534 61.8899 86.4418 70.6782 63.4072
threshold=19.675000000000004 23.72058823529412 0.08077380952380947 0.28703803028726965 19.121323529411768 -3.6172261904761904 0.063838636218868691 4.5000000000000009 -3.6346587115704524e-17 30.369318181818183 21.781746031746035 0.5851923076923079 0.43911046096389156 3.1547619047619055
decision_type=10 2 8 10 2 8 10 2 10 10 8 10 10 8
left_child=1 5 8 -4 -5 6 -1 -6 -3 10 11 -7 -12 -14
right_child=-2 2 3 4 7 9 -8 -9 -10 -11 12 -13 13 -15
leaf_value=-0.0052851554733790197 0.039806935675749035 0.019432120289292643 0.0031008750362595829 0.065291866853350908 -0.0029867726087567424 -0.0061184109227720614 0.048530796069005851 0.04248312480599218 -0.012163174713734459 0.015017046615334205 -0.010121232852057599 0.030664948283970001 -0.012443245613416545 -0.05826837790706163
leaf_weight=113.21914294362068 115.59660877287388 136.65770153701305 623.82887698709965 123.84588997066021 159.19716031849384 1011.0779981985688 113.71929123997688 128.64774185419083 744.1893415749073 218.90834743529558 1230.6882727816701 188.65018135309219 141.63168858736753 162.31680146604776
leaf_count=312 285 443 2092 299 408 2567 305 362 2304 562 3247 435 363 373
internal_value=-0.00047898 -0.00140034 0.00455282 0.0145856 0.0319387 -0.00498797 0.0217767 0.017412 -0.00724489 -0.00705132 -0.00882292 -0.000313723 -0.0154706 -0.0370259
internal_weight=5212.18 5096.58 1916.37 1035.52 411.691 3180.21 226.938 287.845 880.847 2953.27 2734.36 1199.73 1534.64 303.948
internal_count=14357 14072 5908 3161 1069 8164 617 770 2747 7547 6985 3002 3983 736
is_linear=0
shrinkage=0.05


Tree=61
num_leaves=15
num_cat=0
split_feature=36 53 11 21 51 51 77 39 57 44 52 6 62 59
split_gain=72.3845 70.1071 90.1058 77.3015 76.9146 69.3759 72.299 67.1148 74.0956 88.032 75.718 63.7464 58.3306 51.6929
threshold=0.25991685160502453 2.1846590909090913 0.039785041135690889 4.5008960573476715 4.3627384827075231 4.7444600831396686 0.6970180877311033 26.147843942505137 245.51470588235296 0.61284259034683497 223.95454545454547 6.959373847843664 22.875000000000004 1.0000000180025095e-35
decision_type=8 8 8 10 10 10 10 2 2 8 10 10 2 2
left_child=11 3 -3 4 -2 6 -5 8 9 12 -10 -1 -4 -9
right_child=1 2 7 5 -6 -7 -8 13 10 -11 -12 -13 -14 -15
leaf_value=-0.005941399616131251 0.001271921179857062 0.056654913802834987 -0.0051950452854745751 0.012003360930928453 -0.047259123424275865 0.039248558804269446 -0.03400867356658329 0.013134575578436714 -0.034885793030023551 0.066467131413956423 0.021520233704730794 0.032851202947010466 0.040902518387810678 -0.020046461054500364
leaf_weight=3030.2423394992948 164.88450250774622 116.545420601964 139.72954441606998 272.92265294492245 160.61224104464054 133.20644959807396 123.03796845674515 228.51037999987602 97.218251951038837 137.14271206408739 149.91207381337881 108.74913350492716 133.47875453531742 239.30802565813065
leaf_count=8391 483 326 315 832 400 330 280 579 270 375 552 369 335 573
internal_value=0.000216801 0.00740865 0.0149893 -0.00361079 -0.0227465 0.00818051 -0.00234374 0.0106276 0.0209157 0.033916 -0.000720422 -0.00458741 0.0173934 -0.00384542
internal_weight=5235.5 2096.51 1241.85 854.664 325.497 529.167 395.961 1125.3 657.481 410.351 247.13 3138.99 273.208 467.818
internal_count=14410 5650 3325 2325 883 1442 1112 2999 1847 1025 822 8760 650 1152
is_linear=0
shrinkage=0.05


Tree=62
num_leaves=15
num_cat=0
split_feature=79 80 50 33 53 13 29 36 30 61 25 22 53 9
split_gain=48.2607 64.4443 63.077 62.5522 81.4818 62.9197 53.9934 47.6668 52.2883 81.1923 46.8605 54.0977 49.7682 67.9997
threshold=-0.14663200985703045 17.785607600983397 26.579166666666669 2.759615384615385 3.2071428571428577 0.27389714771227169 0.039712157181760722 0.57004966759698805 0.47009033382038606 43.250000000000007 0.092500000000000027 0.67607313195548502 2.1180555555555558 5.7946666666666671
decision_type=8 2 8 10 10 10 10 10 10 2 8 10 10 10
left_child=-1 2 7 4 5 6 -4 8 10 -10 -2 -12 -13 -14
right_child=1 -3 3 -5 -6 -7 -8 -9 9 -11 11 12 13 -15
leaf_value=-0.0074603136140370986 -0.011383769466793588 0.034461585326682115 -0.0035801078782955586 0.047335012158517736 0.050162394593186291 -0.035946159621301467 0.033442904047602945 -0.025837831214652652 -0.014485432395578566 0.041007257077137663 -0.0059724624262561046 -0.00016978723881303965 0.0026052726092232852 0.055183543220342107
leaf_weight=1733.239364027977 949.83116891980171 152.22049652040005 309.74861990660429 117.20110114663839 95.379389360547066 97.291290380060673 143.26786218583584 200.42422529309988 105.97647123783827 171.59354477375746 626.08695643395185 236.62399736791849 110.72903209924698 137.59208820015192
leaf_count=3863 2912 428 987 359 296 336 480 501 318 584 1781 712 327 440
internal_value=-0.000654558 0.00276182 0.00129037 0.0138878 0.00775282 0.000324734 0.00817641 -0.00249893 -0.000488395 0.0198442 -0.00323521 0.00373504 0.0162544 0.0318428
internal_weight=5187.21 3453.97 3301.75 762.888 645.687 550.308 453.016 2538.86 2338.43 277.57 2060.86 1111.03 484.945 248.321
internal_count=14324 10461 10033 2458 2099 1803 1467 7575 7074 902 6172 3260 1479 767
is_linear=0
shrinkage=0.05


Tree=63
num_leaves=15
num_cat=0
split_feature=41 6 65 33 50 25 31 36 77 53 33 76 36 78
split_gain=69.0852 70.1735 120.541 193.994 48.6845 67.5107 94.4136 57.6355 101.778 81.0041 48.2082 43.7402 38.909 115.682
threshold=49.000000000000007 11.322125282615032 7.5000000000000009 4.1291666666666673 23.414358974358979 -0.013333333333333348 0.56687500000000013 0.36286167569707678 0.037891019884476733 2.1937500000000005 -5.859510407743881e-18 1.0858859666046781 0.44281761190105212 1.5000000000000002
decision_type=8 8 8 10 10 8 10 10 10 10 10 8 8 8
left_child=1 2 -1 11 12 -6 7 8 -7 -10 -11 -4 13 -2
right_child=4 -3 3 -5 5 6 -8 -9 9 10 -12 -13 -14 -15
leaf_value=-0.0098477711684443574 0.029305850831756158 -0.012741423583727677 -0.00013569930073458538 0.08890208370147766 -0.011915091833788626 -0.0079635135894018678 0.055761948546974839 -0.020125938720746431 0.0023213331851523328 0.018262910039669188 0.058642657376300644 0.03797891874359012 -0.021597685773056041 -0.0075805407067672101
leaf_weight=208.35744290798903 234.85638707876205 195.35816846042871 187.35732525587082 124.24890124052763 446.54332236945629 388.22115347534418 105.6293213814497 170.92824777215719 216.60223235189915 126.18891215324402 181.80831307172775 124.8154998794198 358.03058367222548 2151.7335595339537
leaf_count=598 574 489 469 294 1443 1524 286 532 551 307 433 430 881 5593
internal_value=0.00033798 0.0134628 0.0214097 0.0363212 -0.00218171 0.00464401 0.0108658 0.00644255 0.0114342 0.0257769 0.0422114 0.0151762 -0.00625037 -0.00393992
internal_weight=5220.68 840.137 644.779 436.422 4380.54 1635.92 1189.38 1083.75 912.821 524.599 307.997 312.173 2744.62 2386.59
internal_count=14404 2280 1791 1193 12124 5076 3633 3347 2815 1291 740 899 7048 6167
is_linear=0
shrinkage=0.05


Tree=64
num_leaves=15
num_cat=0
split_feature=4 79 13 20 30 5 80 21 55 24 60 41 40 47
split_gain=77.2234 56.9418 71.1043 54.2041 45.3333 44.3041 43.4533 122.445 93.7071 91.6656 59.5041 45.9291 42.6077 46.2569
threshold=21.771300563860702 -0.14663200985703045 0.054505298328474568 3.5857142857142863 0.61976447444526184 10.316666666666668 8.5389104374321203 4.3531172948221206 22.173529411764708 4.9700909090909109 5.7500000000000009 149.50000000000003 5.5000000000000009 0.58977894438278067
decision_type=10 8 8 10 10 10 2 10 2 10 2 8 2 2
left_child=1 3 -3 5 6 -1 12 8 -8 10 11 -9 13 -4
right_child=-2 2 4 -5 -6 -7 7 9 -10 -11 -12 -13 -14 -15
leaf_value=-0.009853943688178983 0.03431059705190679 -0.0096446596934040198 -0.0017277519519572214 -0.034679577075327025 -0.018135256719170333 0.014823941002940847 0.072792257992119566 -0.023035607953265577 0.017115411714546894 0.048120739512743545 0.025610792838285608 0.014492396014841103 -0.017054216690514001 0.019755981577878015
leaf_weight=1265.4099841564894 149.91003195941448 977.0027336999774 651.42525332421064 189.20675183832645 174.63786911964417 211.46179938316345 137.74715780466795 308.68229202181101 167.78556872159243 98.549965620040894 128.42493315041065 109.89115553349257 232.78049478679895 406.00376971811056
leaf_count=2836 421 2939 1735 399 561 486 352 920 527 314 393 336 670 1480
internal_value=-0.000935185 -0.00198617 0.00173128 -0.00955318 0.00633381 -0.00631287 0.00824763 0.0163505 0.0423725 0.00398803 -0.00403645 -0.013172 0.00226655 0.00653188
internal_weight=5208.92 5059.01 3392.93 1666.08 2415.93 1476.87 2241.29 951.081 305.533 645.548 546.998 418.573 1290.21 1057.43
internal_count=14369 13948 10227 3721 7288 3322 6727 2842 879 1963 1649 1256 3885 3215
is_linear=0
shrinkage=0.05


Tree=65
num_leaves=15
num_cat=0
split_feature=80 43 54 41 6 52 52 64 36 77 5 15 4 55
split_gain=57.9375 45.3496 55.2011 71.813 54.842 54.0802 48.8295 72.6765 68.5217 57.0818 53.663 46.3875 94.1383 35.7136
threshold=0.80645599937106116 69.961538461538467 30.267857142857146 92.000000000000014 6.443954324325265 173.87500000000003 221.87500000000003 83.500000000000014 0.52967359993042329 0.81109939042318768 13.241666666666669 0.71397117789396281 16.505646458039148 20.199816176470595
decision_type=2 10 10 8 8 8 8 10 10 10 8 10 10 2
left_child=-1 2 5 -4 -3 -2 8 9 10 11 -7 12 13 -8
right_child=1 4 3 -5 -6 6 7 -9 -10 -11 -12 -13 -14 -15
leaf_value=-0.013517930177110827 0.027749376750181021 0.0076394025129913907 0.056769923956704771 0.0053107746847481383 -0.043736503967295955 -0.0070386503199665667 -0.012402161844456285 0.042164999252861282 -0.034867233824237766 0.037044840747623889 0.026473675989518459 -0.030908219949127475 0.043646396639782904 0.0033485641928745822
leaf_weight=646.65582133829594 193.90132236480713 95.164693474769592 107.71776845306158 180.75434345006943 112.69645009189844 856.53612320870161 452.68231426179409 121.26504826545715 192.907237008214 114.48526546359062 137.79556397348642 107.38102000951767 130.50718005001545 1739.8823726773262
leaf_count=1692 386 313 292 540 342 1974 1107 362 377 365 349 314 386 5540
internal_value=0.000473147 0.00246689 0.00356235 0.0246558 -0.0202912 0.00205321 0.000753346 0.00450892 -0.00767731 0.00269877 -0.00237254 0.00106634 0.00255699 9.2459e-05
internal_weight=5190.33 4543.68 4335.82 288.472 207.861 4047.34 3853.44 2666.2 1187.24 2544.94 994.332 2430.45 2323.07 2192.56
internal_count=14339 12647 11992 832 655 11160 10774 8074 2700 7712 2323 7347 7033 6647
is_linear=0
shrinkage=0.05


Tree=66
num_leaves=15
num_cat=0
split_feature=4 42 4 64 52 52 11 64 62 30 58 13 33 31
split_gain=63.7367 75.2906 60.1781 56.0104 70.1709 62.9892 62.2966 68.4102 53.4695 125.609 51.8011 66.0885 51.4829 49.4626
threshold=6.1580990231345725 1.5000000000000002 22.178703324454585 69.500000000000014 224.41428571428574 266.80909090909097 0.040798364380412996 60.500000000000007 20.875000000000004 0.45562812982708684 21.849264705882359 0.51546367630047019 3.5714285714285716 0.46500000000000002
decision_type=10 2 10 8 10 10 10 10 2 8 2 10 8 10
left_child=-1 -2 3 6 -5 8 -3 10 -6 -10 13 -12 -7 -8
right_child=1 2 -4 4 5 12 7 -9 9 -11 11 -13 -14 -15
leaf_value=-0.004129848869842908 -0.027710412372484262 0.053149918350165463 0.045360916929876288 -0.020451328830323634 -0.0048182340787625896 -0.028906831626201491 -0.0024603372260575038 0.039059495405101632 -0.00095064352972797778 0.069860784932728723 0.0064272913373825073 -0.041101031075714431 0.018009793715833465 0.039681927903637004
leaf_weight=3149.547473475337 142.96741853654385 102.13898629695177 110.97260641306639 308.07717411220074 127.55132235586643 151.86557403206825 133.53492902219296 176.17298267781734 123.59775288403034 125.89514238387346 212.15704335272312 110.44875600934029 93.83638010174036 144.23693162202835
leaf_count=8611 374 313 302 692 314 526 435 524 319 344 667 334 305 352
internal_value=0.000344745 0.00717322 0.00978315 0.00757741 -0.000970955 0.00868347 0.0166238 0.0117573 0.0214979 0.0349173 0.00369426 -0.00992144 -0.0109885 0.0194865
internal_weight=5213 2063.45 1920.49 1809.51 930.823 622.746 878.69 776.551 377.044 249.493 600.378 322.606 245.702 277.772
internal_count=14412 5801 5427 5125 2500 1808 2625 2312 977 663 1788 1001 831 787
is_linear=0
shrinkage=0.05


Tree=67
num_leaves=15
num_cat=0
split_feature=43 52 15 44 17 17 58 48 64 52 24 29 76 22
split_gain=48.5689 56.6936 45.3106 44.2209 57.7313 74.9585 64.0241 47.4115 47.2816 47.2442 72.7297 55.8885 39.7882 37.9212
threshold=69.422222222222231 171.13333333333335 0.39751320308588989 0.66035498389445368 3.3452380952380958 3.7207792207792214 22.968750000000004 15.343750000000002 84.500000000000014 252.3666666666667 -2.099499999999999 0.096795263570397402 0.86787285295349825 0.79502625888168066
decision_type=10 8 8 10 10 10 2 2 10 10 8 10 8 10
left_child=1 -1 -2 4 7 -6 -7 -3 9 11 12 13 -11 -9
right_child=2 3 -4 -5 5 6 -8 8 -10 10 -12 -13 -14 -15
leaf_value=0.027095356848930077 -0.0022695210482616209 0.02823470710067328 -0.043950953029536478 -0.020656197745768611 0.053716786880974254 -0.017855602770212524 0.032768627606573453 -0.0086497642832259313 0.025823518465108858 0.058163819812163689 -9.2390053451908455e-05 -0.02470173129377946 0.011818205015665592 0.0051612684962917613
leaf_weight=193.57831944525242 142.10884743928909 133.46827705949545 119.65813232213259 254.95500153303146 111.55696004629135 139.97708162665367 111.15670268237591 1434.1661239787936 146.61532279849052 86.784403875470161 1102.4871073067188 376.38234852254391 99.394875220954418 759.50925666093826
leaf_count=403 464 302 352 868 327 431 364 3564 398 239 3587 866 401 1790
internal_value=-0.000470026 0.000641822 -0.0214176 -0.000440255 0.000709066 0.0198086 0.00459276 -0.000969036 -0.00194898 -0.00301064 0.00480001 -0.00692736 0.0336168 -0.00386784
internal_weight=5211.8 4950.03 261.767 4756.45 4501.5 362.691 251.134 4138.81 4005.34 3858.72 1288.67 2570.06 186.179 2193.68
internal_count=14356 13540 816 13137 12269 1122 795 11147 10845 10447 4227 6220 640 5354
is_linear=0
shrinkage=0.05


Tree=68
num_leaves=15
num_cat=0
split_feature=28 39 46 48 50 22 51 25 19 28 36 51 6 12
split_gain=38.5742 36.6364 43.7856 55.8568 59.9464 55.1864 51.9331 48.2642 44.9233 71.6626 74.8995 51.1295 43.7886 70.0434
threshold=0.8331205357142859 28.335386721423685 65.093750000000014 28.352941176470591 20.034615384615389 0.86715686274509818 4.1384260446039489 -0.058333333333333307 15.269696969696971 14.777264102564105 0.46673465143720955 4.309591450216451 5.8309059168286606 0.24513746315845145
decision_type=8 2 2 2 8 8 10 10 10 10 10 10 10 10
left_child=-1 2 3 4 12 -5 -4 -8 9 10 -6 -10 13 -2
right_child=1 -3 6 5 8 -7 7 -9 11 -11 -12 -13 -14 -15
leaf_value=-0.010654958952364563 -0.012635871025101714 -0.0081846511498536861 0.0074718672106998708 0.049640919299455667 0.0062101345439691796 0.0070803192004056954 -8.6313422872602073e-05 -0.032032500120972994 0.0060845958467343579 -0.025091201368113894 0.043560059936602252 0.054940595068294164 -0.026521509809415856 0.025598462642912042
leaf_weight=696.60991784185171 354.4826836809516 740.27639153599739 397.09010525047779 143.09174448251724 1326.7996773719788 162.39953672885895 223.05896693468094 250.58672022074461 105.97016812860966 160.49564729630947 148.41022682934999 107.84363859146833 212.94109056890011 179.65997863560915
leaf_count=1991 813 2029 1393 348 3682 340 721 771 314 380 402 288 498 391
internal_value=0.000287373 0.00197834 0.00397408 0.0069241 0.0045394 0.0271126 -0.00585477 -0.0170196 0.00936646 0.00653875 0.0099946 0.0308677 -0.00740727 0.000248129
internal_weight=5209.72 4513.11 3772.83 2902.09 2596.6 305.491 870.736 473.646 1849.52 1635.71 1475.21 213.814 747.084 534.143
internal_count=14361 12370 10341 7456 6768 688 2885 1492 5066 4464 4084 602 1702 1204
is_linear=0
shrinkage=0.05


Tree=69
num_leaves=15
num_cat=0
split_feature=80 14 58 75 5 3 76 49 25 22 79 58 31 69
split_gain=55.1449 60.7385 64.6888 45.0229 132.898 65.3224 56.6413 59.1375 67.2118 66.9512 56.6948 61.6994 77.3806 54.489
threshold=2.3111517848111314 0.1335416666666667 21.424632352941178 22.075000000000003 20.183333333333337 20.020833333333339 1.044187385868802 9.5000000000000018 -0.023333333333333321 0.7363455809334658 -0.14663200985703045 20.514705882352946 0.57382352941176473 0.063788887367423969
decision_type=2 8 2 8 10 10 8 2 10 10 10 2 10 2
left_child=-1 2 -2 5 -5 6 10 9 -9 13 -3 -12 -13 -8
right_child=1 3 -4 4 -6 -7 7 8 -10 -11 11 12 -14 -15
leaf_value=-0.0072806187533358399 0.055042919407804196 -0.002482853148385178 0.0052416004010185828 0.0073079540203526061 0.09626505593863767 -0.032618970780849722 -0.025285194913863104 0.0095619399880595892 -0.030951714579762476 0.016915587683721905 0.037378243282263489 -0.0014258562408678338 0.040088682688279309 0.0079087538019347869
leaf_weight=1484.7503642737865 115.63971616327763 662.61877194046974 148.40657828003168 331.80846866220236 47.103769861161709 142.27145254611969 270.45700964331627 143.74808071553707 351.31242729723454 419.84764738380909 258.09181173145771 477.60848997533321 145.70480909943581 226.34721727669239
leaf_count=4102 322 1397 418 2300 206 320 597 339 800 919 635 1238 333 504
internal_value=0.000869305 0.00410501 0.0271776 0.0023455 0.0185908 0.000353213 0.00195079 -0.00528595 -0.0191924 0.00223731 0.00856654 0.0168666 0.00832719 -0.0101763
internal_weight=5225.72 3740.97 264.046 3476.92 378.912 3098.01 2955.74 1411.71 495.061 916.652 1544.02 881.405 623.313 496.804
internal_count=14430 10328 740 9588 2506 7082 6762 3159 1139 2020 3603 2206 1571 1101
is_linear=0
shrinkage=0.05


Tree=70
num_leaves=15
num_cat=0
split_feature=60 77 52 20 27 36 8 21 18 63 53 19 49 17
split_gain=54.2881 44.7406 48.0503 64.1528 44.1406 60.612 48.1357 37.0314 54.2872 36.1384 51.745 79.3296 54.7699 35.0025
threshold=12.250000000000002 0.85459832695306981 238.75961538461542 5.7238095238095239 15.071794871794873 0.52967359993042329 13.535199650476196 6.4010869565217403 3.6547619047619051 1.0000000180025095e-35 2.226495726495727 6.4415584415584428 8.5000000000000018 1.8397435897435901
decision_type=2 10 10 10 10 10 10 10 10 2 8 10 2 8
left_child=1 2 3 7 5 6 -4 8 9 10 12 -12 -1 -11
right_child=-2 -3 4 -5 -6 -7 -8 -9 -10 13 11 -13 -14 -15
leaf_value=0.00041038635949026335 0.026137943372733008 0.029538753011566377 0.0009233344784562547 -0.040902611508391105 0.025141167732327115 -0.028442588059704805 0.032237167790656406 0.013482028088782969 -0.029807045971826891 -0.02445198020710224 -0.0020934655264693209 0.030784159524420252 -0.034418693636095253 0.00047408854373225172
leaf_weight=270.67845176160336 178.02353598922491 109.81221352517605 1787.2146159857512 132.89332610368729 199.35094486922026 164.72595654428005 130.77990719676018 234.98534997552633 239.29275248199701 370.35718978196383 729.62846885621548 244.05986771732569 192.58461093902588 226.83371015638113
leaf_count=640 468 394 5822 294 573 483 462 600 587 777 1746 584 449 507
internal_value=-0.0009193 -0.00188131 -0.00258797 -0.00717813 0.00272559 0.000569009 0.00307418 -0.00537586 -0.0073301 -0.00467261 -0.000373462 0.0061706 -0.0141115 -0.0149992
internal_weight=5211.22 5033.2 4923.39 2641.31 2282.07 2082.72 1917.99 2508.42 2273.44 2034.14 1436.95 973.688 463.263 597.191
internal_count=14386 13918 13524 6184 7340 6767 6284 5890 5290 4703 3419 2330 1089 1284
is_linear=0
shrinkage=0.05


Tree=71
num_leaves=15
num_cat=0
split_feature=6 52 11 13 30 24 48 75 57 40 41 29 13 56
split_gain=48.399 71.1589 58.3614 49.5203 43.8583 49.8943 76.2036 93.6003 88.2487 59.257 97.8031 55.4921 55.292 68.3035
threshold=0.95967658101980136 176.12500000000003 0.076126756145224406 0.69561951180893156 0.63812037107892305 -3.8449999999999993 25.454044117647062 5.3150000000000004 217.53676470588238 2.5000000000000004 73.500000000000014 0.14081196014875133 0.54047167133237484 4.0380725695546396
decision_type=10 10 10 10 10 10 2 10 2 2 8 8 10 2
left_child=2 -2 -1 4 5 6 8 -8 -3 10 11 -7 13 -11
right_child=1 3 -4 -5 -6 9 7 -9 -10 12 -12 -13 -14 -15
leaf_value=-0.0055417477816572455 0.040968020933547344 -0.033478537132978305 -0.037378797159275716 0.029215216313671667 -0.03167180424499047 0.058648287327906459 -0.00079444405749604173 0.061582919998303488 0.011829448074333107 0.016043832612754803 -0.0026182681775411445 0.0081360120002511825 -0.035057090752182732 -0.013846323678428583
leaf_weight=1588.6221134290099 111.04619576781988 140.12611893564463 157.36374486237764 142.395986802876 110.17757001519203 114.63212551176548 107.03825708478689 136.18667852878571 449.69982836395502 254.40476564317942 851.17811404168606 103.33238163590431 199.93090172111988 759.17460826039314
leaf_count=4246 260 335 409 458 361 322 371 317 1283 841 2370 306 470 2081
internal_value=-0.00164048 0.00176853 -0.00843094 0.000464417 -0.000813353 0.000287676 0.010754 0.0342411 0.00102709 -0.00353502 0.00504535 0.034848 -0.0110925 -0.00633558
internal_weight=5225.31 3479.32 1745.99 3368.28 3225.88 3115.7 833.051 243.225 589.826 2282.65 1069.14 217.965 1213.51 1013.58
internal_count=14430 9775 4655 9515 9057 8696 2306 688 1618 6390 2998 628 3392 2922
is_linear=0
shrinkage=0.05


Tree=72
num_leaves=15
num_cat=0
split_feature=43 4 15 52 52 27 31 50 76 76 75 53 47 18
split_gain=38.7838 62.9459 60.4156 57.6381 46.115 67.213 60.8124 47.1331 58.3604 44.8654 41.3065 50.9153 41.0169 47.314
threshold=69.422222222222231 20.407291927014388 0.4200128366332514 173.87500000000003 239.69047619047623 16.087948717948723 0.66585784313725505 23.575961538461545 1.0347149572649574 0.83751122082585294 5.4350000000000014 2.4833333333333338 0.51285907624678206 2.3693181818181821
decision_type=10 10 8 8 10 10 10 10 10 10 8 10 2 8
left_child=1 3 -2 -1 6 7 12 8 9 -6 11 -9 -5 -14
right_child=2 -3 -4 4 5 -7 -8 10 -10 -11 -12 -13 13 -15
leaf_value=0.025741412455025897 0.0029199534051348856 0.030073785953668698 -0.04495110709251339 0.015248756329160527 -0.0034743200786104219 0.039765151483393144 -0.036434415179188627 0.0098513735469264521 -0.02203349364205133 0.024252241128989275 0.0024104304896534982 0.053276476273361711 -0.012494912716215613 0.0030606514037574781
leaf_weight=201.47393675893545 144.45316872000694 175.16183662414551 120.03918547183275 243.11168950796127 691.32544659078121 122.03101756423712 154.59992029517889 178.62914979457855 339.07872444391251 183.8703538030386 482.82372535020113 108.07961921393871 1252.957823805511 800.59658540040255
leaf_count=411 480 491 357 472 2349 345 346 520 767 428 2032 322 2963 2034
internal_value=-0.000277581 0.000724034 -0.0188937 -0.000362413 -0.00152188 0.00390376 -0.00618264 0.00167887 -0.00445575 0.0023718 0.0113521 0.0263495 -0.00413127 -0.0064319
internal_weight=5198.23 4933.74 264.492 4758.58 4557.1 2105.84 2451.27 1983.81 1214.27 875.196 769.532 286.709 2296.67 2053.55
internal_count=14317 13480 837 12989 12578 6763 5815 6418 3544 2777 2874 842 5469 4997
is_linear=0
shrinkage=0.05


Tree=73
num_leaves=15
num_cat=0
split_feature=8 4 12 48 52 76 52 13 36 6 19 47 9 69
split_gain=69.2005 116.865 46.3163 36.1713 32.761 96.1885 40.1517 52.7047 49.3991 41.127 39.5716 100.286 64.0876 41.038
threshold=20.333688252552154 20.407291927014388 0.66415343223863565 15.181985294117649 180.63333333333335 0.7045355261467301 221.87500000000003 0.52271424529471211 0.59313440327753064 9.3342638668734086 9.8944444444444475 0.55788124954610074 9.7571666666666683 0.091047110783952903
decision_type=10 10 10 2 8 10 8 10 8 10 10 2 10 2
left_child=1 2 3 -1 5 -5 7 -6 9 10 12 -12 -8 -13
right_child=-2 -3 -4 4 6 -7 8 -9 -10 -11 11 13 -14 -15
leaf_value=0.025713316625794954 -0.038464228141123401 0.05030852767357949 0.03041240325719699 -0.013117601014842932 -0.0060585737385389672 0.045926617480200521 -0.00010773265433872977 -0.038963121451831555 0.025323426963170428 -0.031467495073552808 0.048632389227887672 0.009977453630802784 -0.034572448260236567 -0.028424416787321473
leaf_weight=128.93259919434786 108.86386926472187 119.44930876046419 124.84331135451794 140.71530073881149 1113.2977152392268 133.65746313333511 2284.0300722569227 135.72527021169662 193.54257232695818 103.66035305708647 142.04799921810627 232.3447495624423 142.35143207758665 98.125593788921833
leaf_count=303 358 315 368 363 2531 257 6892 292 452 333 406 723 506 312
internal_value=0.000797173 0.00164382 0.000465106 -0.000312126 -0.00102842 0.0157074 -0.00206473 -0.00966246 0.00090653 -0.000675271 0.000436285 0.0136581 -0.00214313 -0.00147645
internal_weight=5201.59 5092.72 4973.27 4848.43 4719.5 274.373 4445.13 1249.02 3196.1 3002.56 2898.9 472.518 2426.38 330.47
internal_count=14411 14053 13738 13370 13067 620 12447 2823 9624 9172 8839 1441 7398 1035
is_linear=0
shrinkage=0.05


Tree=74
num_leaves=15
num_cat=0
split_feature=41 56 0 53 13 57 76 6 10 75 31 50 75 57
split_gain=42.1817 64.6798 79.5915 106.579 77.5095 69.4611 50.2486 45.9802 68.2794 41.6831 63.1728 40.613 25.7213 51.6003
threshold=54.500000000000007 3.9106773599330906 7.5000000000000009 1.4226190476190479 0.51546367630047019 245.51470588235296 2.3985023904897278 7.9004033100630187 0.066009410131892252 14.125000000000002 0.57614583333333347 22.703846153846158 8.9250000000000025 233.03125000000003
decision_type=8 2 2 10 10 2 10 10 10 10 10 10 10 2
left_child=1 -1 3 -3 -5 -4 7 9 -9 10 12 -10 -2 -14
right_child=6 2 5 4 -6 -7 -8 8 11 -11 -12 -13 13 -15
leaf_value=-0.021766306594082546 -0.0035380455426481058 0.039994373664961669 0.053010846911164602 -0.035828075072299202 0.011671919257345613 0.0063145210555641306 0.028268329253995618 0.047296713641832619 -0.020656702010238601 -0.028471424914075512 0.024031730315203389 0.019736888122900392 -0.039591520432231166 -0.0019714825311391571
leaf_weight=138.81604101508856 3021.1216168031096 131.73147348314524 194.18066824227571 175.78469493240118 166.29767502099276 135.03589905798435 131.43300729990005 107.21064658463001 122.67311687022448 174.01209522783756 196.23498291522264 124.24581340700388 153.49427098035812 222.57966639101505
leaf_count=453 8626 332 459 487 431 395 290 301 348 371 541 415 337 583
internal_value=7.23486e-05 0.00964076 0.0150903 0.00195306 -0.01277 0.0339344 -0.00204839 -0.00302178 0.0141787 -0.00464192 -0.00348037 -0.000333642 -0.00507618 -0.0173903
internal_weight=5194.85 941.846 803.03 473.814 342.082 329.217 4253.01 4121.57 354.13 3767.44 3593.43 246.919 3397.2 376.074
internal_count=14369 2557 2104 1250 918 854 11812 11522 1064 10458 10087 763 9546 920
is_linear=0
shrinkage=0.05


Tree=75
num_leaves=15
num_cat=0
split_feature=41 57 56 19 43 60 57 17 55 47 7 71 19 75
split_gain=46.649 56.1216 80.3275 94.261 63.6405 74.7078 59.7856 92.8027 52.0089 51.7471 64.7781 60.6494 52.0785 51.0424
threshold=121.00000000000001 256.43750000000006 4.7944892385485272 17.31666666666667 59.516666666666673 1.2500000000000002 213.63602941176472 1.8619047619047622 21.985294117647065 0.57181704377997167 11.563606060606064 0.15896882751311139 5.7596153846153859 15.885000000000003
decision_type=8 2 2 10 10 2 2 10 2 2 10 2 8 10
left_child=1 2 3 4 5 -1 -6 -8 -9 10 -2 -11 -13 -3
right_child=9 13 -4 -5 6 -7 7 8 -10 11 -12 12 -14 -15
leaf_value=0.0060045661132293159 -0.0069396737729508079 0.00023623945902224069 -0.014957900910940868 0.054563101421799737 -0.019771617937266932 0.053345571451006962 -0.0089415460821647801 0.054644388159659246 0.010718005934741846 -0.0013202331287414807 -0.044152957980367474 0.0084393302594292386 0.056068252248407613 -0.038227784406617393
leaf_weight=165.62031519412994 1301.7548793777823 521.27964609861374 233.93972404301167 145.84706776589155 199.15004898607731 167.32043098658323 261.25206872075796 134.89313427358866 134.87188516557217 1454.7371881008148 127.56735786795616 163.54391191899776 87.794513680040836 102.34801086783409
leaf_count=364 3120 1722 546 346 492 333 647 300 385 4660 294 557 302 288
internal_value=0.00056858 0.00639912 0.0118137 0.0170022 0.0118028 0.0298844 0.00352839 0.0122875 0.0328036 -0.00327511 -0.0102895 0.00260403 0.0252328 -0.00612746
internal_weight=5201.92 2066.52 1442.89 1208.95 1063.11 332.941 730.167 531.017 269.765 3135.4 1429.32 1706.08 251.338 623.628
internal_count=14356 5423 3413 2867 2521 697 1824 1332 685 8933 3414 5519 859 2010
is_linear=0
shrinkage=0.05


Tree=76
num_leaves=15
num_cat=0
split_feature=60 47 20 58 54 62 44 77 20 27 43 60 47 61
split_gain=50.5711 47.2611 52.2391 52.5002 47.0844 60.5616 75.5196 113.884 53.1386 68.3258 44.262 77.3685 42.9583 39.969
threshold=12.250000000000002 0.58832618561317174 5.8090909090909095 23.60661764705883 27.460606060606064 25.125000000000004 0.59572180279112341 0.16402853981263679 4.4142857142857155 16.087948717948723 59.839743589743598 1.7500000000000002 0.61354615269382384 39.750000000000007
decision_type=2 2 8 2 10 2 10 10 10 10 8 2 2 2
left_child=1 4 3 13 8 6 7 -6 9 10 11 -1 -4 -3
right_child=-2 2 12 -5 5 -7 -8 -9 -10 -11 -12 -13 -14 -15
leaf_value=-0.010747255065265646 0.027516186778413401 -0.012876623958002383 0.042167800963685553 -0.008038546960312809 -0.0027482959230718828 -0.019178332632808711 -0.012229912666799011 0.060444509079075205 -0.030296112746224124 0.032037331791370548 -0.010751048106557935 0.029679939527950307 0.0056791194512905881 0.013870484018107605
leaf_weight=276.08322963863611 173.1194431707263 165.29338671267033 164.54788953065872 705.01127517223358 126.26428106427193 141.6087052822113 135.65078128874302 162.52207759022713 220.73799784481525 119.26360573619604 1590.2219566255808 205.66080524027348 158.01106390357018 876.55208277702332
leaf_count=596 464 419 468 2290 348 377 391 333 525 295 4210 421 525 2794
internal_value=0.00102308 0.000109133 0.00591152 0.00249189 -0.00392357 0.00904341 0.0184822 0.032901 -0.00696917 -0.00460654 -0.00673022 0.0065372 0.024366 0.00961866
internal_weight=5220.55 5047.43 2069.42 1746.86 2978.01 566.046 424.437 288.786 2411.97 2191.23 2071.97 481.744 322.559 1041.85
internal_count=14456 13992 6496 5503 7496 1449 1072 681 6047 5522 5227 1017 993 3213
is_linear=0
shrinkage=0.05


Tree=77
num_leaves=15
num_cat=0
split_feature=77 3 7 64 45 57 57 76 76 20 11 3 4 48
split_gain=56.7895 42.4721 68.5709 41.6528 73.6209 51.2124 72.6767 113.273 50.3274 54.1342 46.5594 53.0102 79.0062 58.239
threshold=0.81109939042318768 20.735000000000003 17.770933333333335 26.500000000000004 31.258333333333336 224.20588235294119 237.76470588235296 0.89879313832584862 1.0591718581722331 1.8708333333333333 0.12750841017774162 6.4041666666666686 8.0012100268353965 20.211397058823533
decision_type=10 10 10 10 10 2 2 10 10 10 10 10 10 2
left_child=1 2 3 -1 5 8 7 -7 9 -5 11 -8 -13 -14
right_child=-2 -3 -4 4 -6 6 10 -9 -10 -11 -12 12 13 -15
leaf_value=-0.0056757810757518158 0.027504273139003912 -0.029632721576122702 0.039750319490550468 -0.0047312561944699433 -0.028829010669383894 0.0067191955237232391 0.00022023616558239698 0.053901428745039205 -0.02218638684809256 0.028886075527413659 -0.028369664916674267 0.062677338632839516 0.040686607018556586 -0.0074499324835755098
leaf_weight=1878.8006723225117 198.84900911152363 114.58518576622009 110.74376054853201 478.81219934672117 161.60257308930159 306.86396113038063 862.44338733702898 216.68021842837334 266.03802232444286 158.60251976549625 99.669176653027534 92.198832012712955 95.508821099996567 179.3976076617837
leaf_count=4853 582 315 333 1212 474 885 2837 410 538 413 340 304 271 637
internal_value=0.00136585 0.000325608 0.00103102 0.000128973 0.00386735 0.00579417 0.0105516 0.0263121 -0.0039631 0.0036656 0.00432886 0.00700036 0.0228851 0.00936066
internal_weight=5220.8 5021.95 4907.36 4796.62 2917.82 2756.21 1852.76 523.544 903.453 637.415 1329.22 1229.55 367.105 274.906
internal_count=14404 13822 13507 13174 8321 7847 5684 1295 2163 1625 4389 4049 1212 908
is_linear=0
shrinkage=0.05


Tree=78
num_leaves=15
num_cat=0
split_feature=19 54 27 19 33 28 13 77 41 51 56 79 64 70
split_gain=57.5564 66.5589 36.6866 72.5953 59.9424 40.9175 39.1771 43.9249 91.0086 65.6372 40.2705 47.5858 40.9209 42.0991
threshold=17.851648351648354 22.881944444444446 17.958413461538466 15.839743589743593 4.4660633484162897 0.10620913461538466 0.60168110326782254 0.55510072514347775 73.500000000000014 4.4164922206506381 4.4328090421038677 0.81367826780573094 53.500000000000007 0.0036700336700336701
decision_type=10 8 10 10 10 8 10 10 10 8 2 10 8 2
left_child=2 -2 3 4 5 -1 7 10 9 -9 11 12 -7 -14
right_child=1 -3 -4 -5 -6 6 -8 8 -10 -11 -12 -13 13 -15
leaf_value=-0.015839065824133532 0.052517511295036748 -0.001859885361691778 0.024537299688901924 -0.033229836724653593 -0.034868760417939244 0.015526994929346397 -0.02419639139234591 0.0135359248920645 -0.0055667726995858114 0.062353533394388289 -0.0063063045010674675 0.035327285211351089 -0.0061555028073398896 0.010789007606929996
leaf_weight=344.49691264331341 110.91617090255022 113.05488085746765 139.25509648770094 171.76932003349066 120.60537417978048 510.96216564625502 136.42754058539867 150.40599001944065 248.39591328799725 127.12603989243507 1242.4477390646935 120.42559990286827 1123.9527855664492 542.75261227786541
leaf_count=975 315 324 374 454 277 1561 358 382 598 306 3362 354 3135 1606
internal_value=0.000445312 0.0251829 -0.000672292 -0.00140257 -0.000224548 0.000701745 0.00206098 0.00294763 0.0164163 0.0360409 0.00094287 0.00486312 0.003163 -0.000634464
internal_weight=5202.99 223.971 4979.02 4839.77 4668 4547.39 4202.9 4066.47 525.928 277.532 3540.54 2298.09 2177.67 1666.71
internal_count=14381 639 13742 13368 12914 12637 11662 11304 1286 688 10018 6656 6302 4741
is_linear=0
shrinkage=0.05


Tree=79
num_leaves=15
num_cat=0
split_feature=76 77 6 24 24 76 76 75 80 6 12 69 65 48
split_gain=44.7027 52.51 118.101 80.5554 62.8023 39.4599 87.7456 79.5082 78.874 69.2386 65.6006 59.735 57.0537 43.3044
threshold=2.3985023904897278 0.67980312942495924 5.8309059168286606 2.4584375000000009 -0.2591874999999994 1.1309216597574945 0.99292932109719645 12.485000000000001 10.316231837730513 4.0305086527633236 0.54384758593310678 1.0000000180025095e-35 9.5000000000000018 21.878676470588239
decision_type=10 10 10 10 8 10 10 10 2 8 10 2 8 2
left_child=1 5 -3 4 -4 6 7 10 -8 12 -1 -12 -7 -11
right_child=-2 2 3 -5 -6 9 8 -9 -10 13 11 -13 -14 -15
leaf_value=-0.0027936596974325531 0.026992914076587923 0.041880473888667884 0.0061736022404190799 0.028637343939712429 -0.042042037979876865 -0.019715743017481482 0.0035465470334224074 -0.032857434435507184 0.049998802830686702 -0.0086327224428537561 0.066382604633451359 -0.00093410560938556172 0.018193509367518124 -0.040248045854670171
leaf_weight=2890.5220654532313 145.67063322663307 220.68674224615097 128.03990548849106 129.54076279699802 141.39510194957256 170.05271770060062 229.71558687090874 211.58798253536224 150.93182092905045 194.35526260733604 65.99528394639492 64.805874183773994 235.46361736953259 245.60486544668674
leaf_count=8784 328 523 300 315 314 360 507 501 359 435 333 288 504 561
internal_value=-0.000220625 -0.00100634 0.01262 -0.00362922 -0.0191911 -0.00290237 -0.000625946 -0.00330163 0.0220482 -0.0126195 -0.0012216 0.0332763 0.00228692 -0.026333
internal_weight=5224.37 5078.7 619.663 398.976 269.435 4459.04 3613.56 3232.91 380.647 845.476 3021.32 130.801 405.516 439.96
internal_count=14412 14084 1452 929 614 12632 10772 9906 866 1860 9405 621 864 996
is_linear=0
shrinkage=0.05


Tree=80
num_leaves=15
num_cat=0
split_feature=47 43 60 30 48 6 49 8 13 19 79 76 25 55
split_gain=37.1024 70.023 61.2093 54.2818 47.5281 90.5812 109.486 88.6416 58.5025 74.4411 54.9457 62.2957 50.9597 42.1169
threshold=0.58832618561317174 69.961538461538467 11.250000000000002 0.61178115870003935 25.485294117647062 10.040788078490559 7.5000000000000009 4.4242576581758888 0.46910010006200059 9.5166666666666675 0.30867668275744919 0.86451178451178468 0.022999999999999982 23.414705882352944
decision_type=2 10 2 10 2 8 2 8 10 10 10 10 8 2
left_child=1 2 3 4 8 6 7 -6 9 -1 11 -8 -10 -2
right_child=13 -3 -4 -5 5 -7 10 -9 12 -11 -12 -13 -14 -15
leaf_value=-0.008205911511266064 -0.00020905177456286299 -0.035607817307409417 0.033194934947655713 0.026588027111277609 0.010977720427914207 -0.021932715479618718 -0.0092196338242238138 0.070396899155118972 -0.0045078400665828676 0.030938497050067931 -0.029759598965945308 0.040208607901591017 -0.045687328302826083 0.014115609270056001
leaf_weight=1378.4914757460356 1229.6667529195547 153.76846947520971 123.58562390506268 149.64652483910322 126.1470150873065 222.21622359007597 155.04952327907085 124.79253742843866 128.66753250360489 132.19776329398155 119.35880202054977 106.90945841372013 180.36380736529827 879.56044726073742
leaf_count=3454 3671 452 288 391 296 505 510 306 323 369 192 268 451 2952
internal_value=0.000653681 -0.00282567 -0.00110391 -0.00261622 -0.0042598 0.0054634 0.0151116 0.0406891 -0.00882595 -0.00476225 -0.00178297 0.011029 -0.0286118 0.00576828
internal_weight=5210.42 3101.19 2947.43 2823.84 2674.19 854.474 632.257 250.94 1819.72 1510.69 381.318 261.959 309.031 2109.23
internal_count=14428 7805 7353 7065 6674 2077 1572 602 4597 3823 970 778 774 6623
is_linear=0
shrinkage=0.05


Tree=81
num_leaves=15
num_cat=0
split_feature=14 29 15 19 19 76 4 21 45 62 19 30 42 51
split_gain=42.5458 61.3244 38.264 41.2366 61.9149 48.9902 65.5527 35.3721 36.1323 39.1071 60.7875 46.4932 34.5015 53.4974
threshold=0.78522727272727288 0.15936684007287347 0.72097779766998238 17.31666666666667 13.483333333333336 0.95488189489460151 14.725904762319578 3.3506756756756761 22.095454545454547 17.875000000000004 4.9642857142857153 0.54228245726050139 13.500000000000002 4.3958617332035059
decision_type=10 10 10 10 10 10 10 10 10 2 10 8 2 10
left_child=1 2 3 4 7 6 -6 -1 9 10 -9 -11 -10 -14
right_child=-2 -3 -4 -5 5 -7 -8 8 12 11 -12 -13 13 -15
leaf_value=-0.0067320048115286843 -0.028154948877260277 0.0322281177485075 0.024287749119170397 0.026940479463809199 -0.010795443383981092 -0.00042708844503747709 -0.064483904802592029 -0.0078807268060189541 0.004462951802329895 -0.0015052909311195359 0.03607949217208712 -0.025942779821206515 0.0050444246126389973 0.049518024463681962
leaf_weight=1497.3030679374933 135.03809407353401 143.99773450940847 146.85648448765278 122.82037158310413 120.75595385581255 164.08985888957977 107.26803133636713 174.27320571243763 1207.839804187417 696.54179586470127 141.87235887348652 269.18208255618811 158.74110227823257 117.13020927459002
leaf_count=3947 385 445 362 362 386 384 283 458 3563 1976 351 748 458 283
internal_value=-0.000560787 0.000179778 -0.00076367 -0.0015386 -0.00229564 -0.0212825 -0.0362231 -0.000544576 0.00280656 -0.00334079 0.0118983 -0.00833669 0.00811631 0.0240378
internal_weight=5203.71 5068.67 4924.67 4777.82 4655 392.114 228.024 4262.88 2765.58 1281.87 316.146 965.724 1483.71 275.871
internal_count=14391 14006 13561 13199 12837 1053 669 11784 7837 3533 809 2724 4304 741
is_linear=0
shrinkage=0.05


Tree=82
num_leaves=15
num_cat=0
split_feature=79 20 22 20 75 11 56 51 46 69 28 20 79 75
split_gain=38.3096 56.17 123.555 85.7695 136.755 76.6466 72.7303 87.1638 77.0947 74.1405 60.0438 70.9977 53.3789 52.2574
threshold=-0.14663200985703045 1.5192307692307694 0.91547619047619055 2.6201923076923079 11.395000000000001 0.12868690769719629 4.7278127910894439 4.6621066498296821 64.788602941176478 0.031377635877635889 3.1382083333333335 0.67948717948717963 0.32729704850979224 12.415000000000001
decision_type=8 10 10 10 10 10 2 10 2 2 10 8 10 8
left_child=-1 5 3 4 -3 10 7 8 9 -5 -2 12 -12 -13
right_child=1 2 -4 6 -6 -7 -8 -9 -10 -11 11 13 -14 -15
leaf_value=-0.0052950304210325682 -0.0049777105787444965 0.0046607981827989199 0.054974700664154587 0.0012414156300008762 0.073974983024262461 -0.041967407860941747 -0.038757114200434754 0.042609148825820446 0.027514978010393432 -0.051605318060536476 0.0078824368365700004 -0.016860633251846585 0.04066535034553885 0.021709800567688675
leaf_weight=1731.7765793949366 1409.4763111770153 218.93045063316822 151.36361122131348 151.82533692568541 104.53449082374573 105.34961634874344 123.08059898018837 112.09767743200064 110.96998918801546 116.84790787100792 251.01054970175028 266.36734920740128 245.88639837503433 129.79421216249466
leaf_count=3855 4124 758 408 465 244 380 315 304 432 321 1088 624 499 584
internal_value=0.000784951 0.00379606 0.0132096 0.00642077 0.0272201 -0.000467622 -0.00454842 0.00407514 -0.00738489 -0.0218481 0.00144854 0.0115851 0.024154 -0.00420098
internal_weight=5229.31 3497.53 1089.65 938.286 323.465 2407.88 614.822 491.741 379.643 268.673 2302.53 893.059 496.897 396.162
internal_count=14401 10546 3247 2839 1002 7299 1837 1522 1218 786 6919 2795 1587 1208
is_linear=0
shrinkage=0.05


Tree=83
num_leaves=15
num_cat=0
split_feature=48 80 48 12 80 61 48 59 6 7 76 17 14 55
split_gain=35.6458 88.524 43.8262 52.4298 41.332 37.746 51.0474 35.6341 33.5987 62.6097 32.5471 32.15 128.265 60.5514
threshold=28.352941176470591 13.356787819536494 27.090073529411768 0.18072931697931699 0.25190953553741074 39.750000000000007 15.181985294117649 1.0000000180025095e-35 4.3402660160319675 1.7727307692307692 1.3521934096740476 2.3923076923076927 0.60038461538461563 22.243860294117649
decision_type=2 2 2 10 2 2 2 2 8 10 8 10 10 2
left_child=2 8 4 -4 -1 7 -7 -6 9 -2 -9 12 -8 -13
right_child=1 -3 3 -5 5 6 11 10 -10 -11 -12 13 -14 -15
leaf_value=-0.023200823317118351 -0.0089510367951470965 0.047543666180549449 -0.0022610249228528739 -0.043438468231199144 0.0013401374778811669 0.035347703940961116 0.0010213945229535235 -0.03923519046802583 -0.010118408472324338 0.040602383739330061 -0.0045397295301456437 0.0076306284622125985 0.049315241486683599 -0.021753869971214011
leaf_weight=194.31574071198702 133.00953929126263 127.68502154946327 178.97224360704422 135.23754438757896 258.42893404513597 111.70912014693022 2532.4744810387492 158.00866295397282 291.78953167051077 120.88875713199377 118.08094403147697 321.73546336591244 144.38349507749081 383.20616400241852
leaf_count=495 331 330 398 320 645 289 7349 334 754 304 346 875 364 1242
internal_value=-0.000486855 0.0102392 -0.00208086 -0.0200656 -0.000738073 0.00035104 0.00224524 -0.0120102 0.00143937 0.0147096 -0.0244662 0.00114166 0.0036437 -0.00835097
internal_weight=5209.93 673.373 4536.55 314.21 4222.34 4028.03 3493.51 534.519 545.688 253.898 276.09 3381.8 2676.86 704.942
internal_count=14376 1719 12657 718 11939 11444 10119 1325 1389 635 680 9830 7713 2117
is_linear=0
shrinkage=0.05


Tree=84
num_leaves=15
num_cat=0
split_feature=19 31 9 50 36 36 36 43 58 64 52 6 21 75
split_gain=49.994 45.9138 47.9766 36.5513 50.0139 45.8387 58.8522 32.8793 29.4412 52.0938 52.1012 44.734 43.0458 44.1472
threshold=18.211111111111112 0.74666666666666681 18.461833333333335 19.092121212121214 0.58105054770647013 0.46673465143720955 0.32213254294819993 54.396103896103902 21.424632352941178 53.500000000000007 221.07692307692312 6.1632960219819983 5.3535539215686283 8.1650000000000009
decision_type=10 10 10 8 8 10 10 8 2 10 10 8 8 10
left_child=1 2 3 5 7 6 -1 -5 9 12 -11 -12 13 -9
right_child=-2 -3 -4 4 -6 -7 -8 8 -10 10 11 -13 -14 -15
leaf_value=-0.0094612123275132284 0.026333955878087567 0.031194792070377609 -0.03012650921323003 0.028633017886192907 0.025419366176861604 -0.033878108291628163 0.024950257571938254 0.012934413285316719 -0.0038434481876663006 -0.019452714856047121 -0.0037000134161072305 0.039909634777317085 2.4951626426759798e-06 0.044770323774413291
leaf_weight=750.35146319121122 188.24033015221357 115.38167752325535 132.65339054912329 104.14286711066961 223.85827753692865 146.24091105908155 147.88522130995989 372.68099547177553 1920.4938183650374 323.60037314146757 182.93314519524574 85.560408860445023 367.39175114035606 153.65585455298424
leaf_count=1788 560 283 374 242 527 302 344 1072 5692 777 649 331 1069 378
internal_value=0.00110511 0.000155309 -0.000580085 0.000246218 0.00255911 -0.00801759 -0.00377428 0.00109451 0.000244408 0.00552718 -0.00596924 0.0102935 0.0131417 0.0222957
internal_weight=5215.07 5026.83 4911.45 4778.8 3734.32 1044.48 898.237 3510.46 3406.32 1485.82 592.094 268.494 893.729 526.337
internal_count=14388 13828 13545 13171 10737 2434 2132 10210 9968 4276 1757 980 2519 1450
is_linear=0
shrinkage=0.05


Tree=85
num_leaves=15
num_cat=0
split_feature=55 13 10 77 43 43 35 49 21 76 5 51 5 5
split_gain=36.8075 61.514 45.4488 33.9343 31.4342 57.678 106.81 131.15 87.5188 49.668 35.3434 105.98 74.7456 45.5716
threshold=27.445955882352944 0.57204782517191632 0.063747227478934812 0.088082085856991135 69.422222222222231 64.408333333333346 1.5000000000000002 6.5000000000000009 4.8692653673163431 1.1859608484418269 14.683333333333334 4.3958617332035059 13.04166666666667 10.71666666666667
decision_type=2 8 10 10 10 10 10 2 10 8 10 8 10 10
left_child=4 2 3 -2 5 10 7 -7 -9 -6 12 -12 13 -1
right_child=1 -3 -4 -5 9 6 -8 8 -10 -11 11 -13 -14 -15
leaf_value=-0.0032888785016696657 -0.0035985096362366382 0.046389021346805677 -0.024595163203263149 0.033310459041184882 -0.042702230498258047 0.068226108214264128 -0.0022056684606144906 -0.022968660103481135 0.03939436170195465 0.0052245859819922517 -0.038497074020952551 0.014553115100976259 0.034668415217412575 -0.028134680986934543
leaf_weight=2597.2512513920665 129.83654432743788 100.58895075321198 108.38829017430544 118.36836898326874 119.97614406049252 138.32564646750689 858.522241063416 118.58314701169729 105.27628929167986 97.371953204274178 256.65303327143192 147.66979002207518 122.66150020807981 197.71562243998051
leaf_count=6555 487 335 360 332 312 398 2684 372 312 371 657 369 303 519
internal_value=-0.00147155 0.0120642 0.00227906 0.0140663 -0.00277387 -0.00188272 0.00740754 0.030138 0.0064041 -0.0213054 -0.00529778 -0.0191336 -0.00337453 -0.0050559
internal_weight=5217.19 457.182 356.593 248.205 4760.01 4542.66 1220.71 362.185 223.859 217.348 3321.95 404.323 2917.63 2794.97
internal_count=14366 1514 1179 819 12852 12169 3766 1082 684 683 8403 1026 7377 7074
is_linear=0
shrinkage=0.05


Tree=86
num_leaves=15
num_cat=0
split_feature=47 58 76 33 44 12 12 33 80 64 36 19 49 76
split_gain=35.9431 45.2591 53.0505 44.9748 40.4473 36.0719 65.8169 51.9636 41.3993 45.7853 55.7433 44.5439 103.777 55.718
threshold=0.59391060025079923 24.718750000000004 1.3322632175615792 3.1269841269841274 0.62451487385465054 0.61891952441151543 0.57352753264517975 4.4660633484162897 13.452650195797601 38.500000000000007 0.45432592897306751 9.2792207792207808 7.5000000000000009 1.3610336520913937
decision_type=2 2 10 10 10 10 10 10 2 8 10 10 2 10
left_child=5 2 3 -2 -3 6 7 8 9 -1 11 13 -13 -11
right_child=1 4 -4 -5 -6 -7 -8 -9 -10 10 -12 12 -14 -15
leaf_value=0.018439123890657185 0.0030999870550113278 0.0028761617896625128 0.038410907779803112 0.033787237483835546 -0.02579576209811528 -0.022593755069929319 0.030622518240807417 -0.031255225277973357 0.019542746087952631 -0.0022738360291861067 -0.032566062386061016 0.052714844786009879 -0.013709248792619722 -0.025841656431283506
leaf_weight=219.85158584266901 872.98555759340525 427.67642461508512 157.70202095806599 137.36479886621237 171.5681906118989 218.25039149820805 149.75523626804352 155.80528652667999 211.52023984491825 1779.1799228712916 173.52720417827368 109.34432370960712 125.19656099379063 290.98065167665482
leaf_count=568 3020 1409 400 401 576 593 321 352 528 4616 381 303 348 570
internal_value=1.1331e-05 0.0058031 0.0115309 0.00730143 -0.00536212 -0.00297072 -0.00163206 -0.00321728 -0.00170566 -0.00337809 -0.00532022 -0.00325557 0.0173504 -0.00559739
internal_weight=5200.71 1767.3 1168.05 1010.35 599.245 3433.41 3215.16 3065.41 2909.6 2698.08 2478.23 2304.7 234.541 2070.16
internal_count=14386 5806 3821 3421 1985 8580 7987 7666 7314 6786 6218 5837 651 5186
is_linear=0
shrinkage=0.05


Tree=87
num_leaves=15
num_cat=0
split_feature=28 52 6 17 13 24 24 26 22 13 3 4 14 25
split_gain=33.2496 89.3484 99.115 45.8078 31.2485 45.1705 24.2609 41.2132 36.5569 34.4433 68.944 47.4867 42.8581 33.4003
threshold=15.930735294117648 232.81666666666669 7.3727336723987023 4.3452380952380958 0.61054047200296868 6.1053636363636388 2.2398392857142855 11.500000000000002 0.79610733182161764 0.51139606316761055 13.456349206349207 9.9988509359271358 0.50031250000000005 0.09894444444444446
decision_type=10 10 8 10 10 10 10 2 8 10 10 10 10 10
left_child=3 -2 -3 4 5 6 9 -8 -9 10 11 12 13 -1
right_child=1 2 -4 -5 -6 -7 7 8 -10 -11 -12 -13 -14 -15
leaf_value=-0.0010452467601233719 -0.010304685689801089 0.068567063995881417 0.0043975726165104562 -0.031903434040097753 -0.020504544730979585 0.02531914598504837 0.0045327443985085638 -0.0068072648202096159 -0.04699479923387416 0.019331164250607207 -0.037863039541412749 0.024957955577814286 -0.028286140656139654 0.024347457661321077
leaf_weight=3061.5003186762333 229.01545022428036 108.12651232630014 134.48007448762655 122.322653606534 196.16939170658588 166.36749634891748 190.28897035121918 113.23639541119337 112.91397588700056 218.13426166772842 122.08217515051365 182.68046850711107 138.47700258344412 134.21845782548189
leaf_count=8404 545 307 441 418 563 501 548 331 270 569 298 523 331 381
internal_value=-0.000571506 0.0120774 0.0331611 -0.00182746 -0.00102719 -0.000162197 -0.00115987 -0.0126101 -0.0269909 7.93229e-05 -0.00107971 0.000207563 -0.00115559 2.85158e-05
internal_weight=5230.01 471.622 242.607 4758.39 4636.07 4439.9 4273.53 416.439 226.15 3857.09 3638.96 3516.88 3334.2 3195.72
internal_count=14430 1293 748 13137 12719 12156 11655 1149 601 10506 9937 9639 9116 8785
is_linear=0
shrinkage=0.05


Tree=88
num_leaves=15
num_cat=0
split_feature=9 76 13 8 60 8 3 29 52 27 28 43 19 6
split_gain=37.9643 77.6416 90.5187 45.9456 67.322 56.4064 38.535 45.7114 42.9024 33.8554 52.7439 25.32 53.2436 49.8565
threshold=16.500666666666671 1.0115919528402288 0.61054047200296868 13.906938099755706 2.7500000000000004 13.18019310450063 13.136666666666668 0.12751331869327007 176.12500000000003 13.140476190476191 12.258590073529414 59.759615384615394 6.4415584415584428 4.7030899249545621
decision_type=10 10 10 10 2 10 10 10 8 10 10 8 10 8
left_child=3 2 -2 5 -5 6 7 8 -1 10 11 12 13 -10
right_child=1 -3 -4 4 -6 -7 -8 -9 9 -11 -12 -13 -14 -15
leaf_value=0.022723713200595026 0.058901204010375387 -0.013506672946814208 0.0054504987955557894 -0.032122763218985322 0.010232443411646098 0.036530487829613233 -0.026210096815539798 0.028116223514043127 0.010040632921218682 -0.02421282067588295 0.028491997645042996 -0.0037005678302557024 0.034986530068386673 -0.018902083604070571
leaf_weight=199.92292442917824 139.41603853553534 163.44963228702545 182.23438668996096 250.98970443755388 148.84224756062031 109.86379022151232 130.80369941145182 151.50713961571455 458.68859335780144 149.66378223150969 154.20384216308594 2617.9731618091464 134.69962614774704 219.00643485784531
leaf_count=427 398 399 581 618 391 319 377 491 1009 390 445 7732 296 511
internal_value=0.00119389 0.0144995 0.0287289 -0.0001746 -0.0163693 0.00132553 0.000399785 0.00125791 0.000216698 -0.00099404 -1.81218e-05 -0.00130765 0.00639867 0.000673328
internal_weight=5211.27 485.1 321.65 4726.16 399.832 4326.33 4216.47 4085.67 3934.16 3734.24 3584.57 3430.37 812.395 677.695
internal_count=14384 1378 979 13006 1009 11997 11678 11301 10810 10383 9993 9548 1816 1520
is_linear=0
shrinkage=0.05


Tree=89
num_leaves=15
num_cat=0
split_feature=64 50 36 75 66 43 12 21 77 43 39 75 20 64
split_gain=33.8677 38.029 54.2458 56.6205 47.0642 71.8744 39.3297 39.7208 49.3903 44.0811 45.8566 38.179 51.7325 38.2845
threshold=84.500000000000014 25.655384615384619 0.65058936896392738 17.035000000000004 6.5000000000000009 59.585714285714296 0.65789230925833175 5.4072751322751333 0.28412045067396857 59.031250000000007 27.390828199863112 14.965000000000002 4.5857142857142863 38.500000000000007
decision_type=10 10 10 10 2 10 8 10 10 10 2 10 10 8
left_child=1 2 3 4 5 -1 7 9 -9 -3 -11 12 13 -6
right_child=-2 6 -4 -5 11 -7 -8 8 -10 10 -12 -13 -14 -15
leaf_value=0.043264758975959994 0.019588361041345807 -0.028503441276306524 -0.024516794067286962 0.033013464008066117 0.013745539077290531 0.0010110671409367525 0.037555982485443937 0.0021330643469551183 0.045662374537171001 -0.0038750495460184338 0.028867363962198446 -0.032973543269743708 0.029987815691305927 -0.0065094303877592215
leaf_weight=133.3991634696722 223.93789797276258 121.74883381277323 259.89897534251213 117.93133439123631 255.63208379596472 400.91120603680611 102.16609368473291 146.83260836452246 116.31231032311916 412.73572687804699 143.24313489347696 112.00537538528442 110.92361508309841 2570.553180500865
leaf_count=272 598 296 576 287 716 1153 328 550 337 1324 470 261 342 6936
internal_value=0.000608897 -0.000244161 -0.00248106 -0.000927572 -0.00205348 0.0116215 0.00824539 0.00502616 0.0214734 -0.00138213 0.00459743 -0.00445283 -0.00335435 -0.00467313
internal_weight=5228.23 5004.29 3961.25 3701.36 3583.42 534.31 1043.04 940.873 263.145 677.728 555.979 3049.11 2937.11 2826.19
internal_count=14446 13848 10543 9967 9680 1425 3305 2977 887 2090 1794 8255 7994 7652
is_linear=0
shrinkage=0.05


Tree=90
num_leaves=15
num_cat=0
split_feature=3 19 45 45 9 51 51 11 8 60 53 15 53 44
split_gain=41.169 43.1022 41.3185 46.2967 42.1828 31.3207 47.8494 48.459 62.6285 38.255 69.1647 51.7211 91.3006 91.7019
threshold=20.735000000000003 18.211111111111112 30.267857142857146 29.464102564102564 9.2989166666666687 5.4389542483660138 5.1844315912690222 0.14845894943598972 16.26381798744168 6.7500000000000009 2.8516483516483522 0.50851192883278762 2.1380952380952385 0.59301303854875298
decision_type=10 10 10 10 8 10 10 10 10 2 10 10 8 10
left_child=1 2 3 5 -4 6 7 8 9 11 -11 -1 -13 -14
right_child=-2 -3 4 -5 -6 -7 -8 -9 -10 10 -12 12 13 -15
leaf_value=0.0010662263391502055 -0.025298185053970763 0.031562555525054652 -0.0044019147208798721 0.032919795262234264 -0.041448861653456778 -0.023400344575796209 0.028883516868005828 0.024649333032644799 -0.03430348095985377 -0.0022054851215567279 0.036587654857342534 -0.043427043587043218 -0.024875210980381555 0.033764598194251108
leaf_weight=2913.6433132961392 152.00773766636848 111.98464345932007 244.82819996774197 114.07698909938335 111.17012096941471 128.82304517179728 153.12111607939005 197.10155094414949 132.89775960892439 278.60546787083149 194.41425405442715 189.78387927263975 145.24458046257496 121.53306920826435
leaf_count=8140 425 349 669 308 309 333 357 608 354 814 532 490 344 319
internal_value=0.000252531 0.00102844 0.000327923 0.00160754 -0.0160545 0.000798569 0.00152437 0.000513844 -0.00068848 0.000482539 0.0137823 -0.00138766 -0.0170158 0.00186504
internal_weight=5189.24 5037.23 4925.24 4569.25 355.998 4455.17 4326.34 4173.22 3976.12 3843.22 473.02 3370.2 456.562 266.778
internal_count=14351 13926 13577 12599 978 12291 11958 11601 10993 10639 1346 9293 1153 663
is_linear=0
shrinkage=0.05


Tree=91
num_leaves=15
num_cat=0
split_feature=14 29 6 13 54 33 75 25 52 29 80 28 58 33
split_gain=35.2748 94.5214 88.0331 79.913 71.1446 68.5494 46.8705 33.3118 55.1884 58.2378 37.6813 32.9672 38.0195 31.0358
threshold=0.60038461538461563 0.080930864373690473 5.7593371168997409 0.56792807585988381 23.345238095238098 3.3541666666666665 13.965000000000002 0.017500000000000047 242.60416666666671 0.04983619923816409 5.2476307377233304 3.3219088235294127 22.150735294117649 3.1596638655462184
decision_type=10 8 8 10 8 10 10 8 10 8 2 8 2 10
left_child=3 -2 -3 6 5 -4 7 8 9 -1 -11 -10 -13 -9
right_child=1 2 4 -5 -6 -7 -8 13 11 10 -12 12 -14 -15
leaf_value=-0.0027479972823142768 0.043345032124495635 0.031828953163214706 -0.02083457393258753 -0.03753583290405571 -0.036426718902610032 0.032368573251293956 0.022657295371424552 -0.00038553420240752811 -0.013814626793452512 -0.014812138755485565 -0.045927336158338827 0.028975169058587227 -0.001703350660804386 0.022437247046425239
leaf_weight=336.71619476377964 159.75429195165634 155.94320532679558 121.46473819762468 154.87191088497639 173.5910207554698 118.78246009349823 197.18288107216358 2624.9975188821554 214.83722512423992 187.76662188023329 204.10268520563841 163.79260789602995 260.57425604015589 156.9184590652585
leaf_count=807 439 379 306 475 453 316 485 7203 689 460 518 537 911 448
internal_value=-0.00070653 0.00948502 -6.78954e-05 -0.00235987 -0.0121351 0.00549514 -0.00109827 -0.00223225 -0.00861803 -0.0180156 -0.0310939 0.002105 0.0101779 0.000909421
internal_weight=5231.3 729.536 569.781 4501.76 413.838 240.247 4346.89 4149.71 1367.79 728.586 391.869 639.204 424.367 2781.92
internal_count=14426 1893 1454 12533 1075 622 12058 11573 3922 1785 978 2137 1448 7651
is_linear=0
shrinkage=0.05


Tree=92
num_leaves=15
num_cat=0
split_feature=21 48 50 56 78 2 43 53 19 21 53 52 53 52
split_gain=47.6911 47.996 43.267 71.7563 96.1433 57.7711 54.9369 68.5164 95.6375 55.9785 48.5698 48.5001 47.028 32.637
threshold=4.4698535521395941 30.297794117647062 23.575961538461545 4.3946815064030433 2.5000000000000004 1.0000000180025095e-35 64.408333333333346 2.3038461538461541 12.516666666666667 5.0861263736263744 1.6961538461538463 221.87500000000003 2.3923076923076927 180.63333333333335
decision_type=10 2 10 2 8 2 10 10 10 10 8 10 10 8
left_child=13 2 6 4 5 12 7 9 -9 -2 -11 -5 -4 -1
right_child=1 -3 3 11 -6 -7 -8 8 -10 10 -12 -13 -14 -15
leaf_value=0.016555927428353469 0.026450556654729996 0.033827148188851817 0.00042569194891719001 -0.03072051516916402 -0.0039753776626207183 0.066739906439187063 0.012420264877562695 -0.0080516852884592264 -0.057760529781377072 -0.028134076577905804 0.01140183594708811 0.0082032750537734157 0.044617938944207319 -0.0055944295106340339
leaf_weight=177.39336282759905 186.45618176460266 140.33913698792458 110.98870138823986 122.5202054977417 206.51695221662521 121.51912212371826 476.66307375580072 360.29638205468655 131.50059500336647 152.68746962398291 156.25335377454758 226.4600043296814 130.61050690710545 2459.2886972129345
leaf_count=386 410 363 306 256 893 344 1423 910 281 368 434 808 341 6736
internal_value=0.000602962 0.00551627 0.00383513 0.0123346 0.023258 0.0387148 -0.00150336 -0.0082321 -0.0214335 0.00489012 -0.00816568 -0.00551085 0.0244018 -0.00409846
internal_weight=5159.49 2522.81 2382.47 918.615 569.635 363.118 1463.86 987.194 491.797 495.397 308.941 348.98 241.599 2636.68
internal_count=14259 7137 6774 2948 1884 991 3826 2403 1191 1212 802 1064 647 7122
is_linear=0
shrinkage=0.05


Tree=93
num_leaves=15
num_cat=0
split_feature=9 9 73 18 39 31 51 13 53 51 46 21 46 21
split_gain=36.8041 74.2466 56.3328 53.4057 49.5939 31.7438 71.4491 32.9913 38.1805 87.7434 43.1031 39.5597 32.0048 26.221
threshold=16.500666666666671 17.447166666666671 12.500000000000002 4.9045454545454552 25.622176591375773 0.62372549019607859 4.2398979591836747 0.01115837158918735 2.9258241758241761 4.5767390504232619 60.970588235294123 5.1387875101378766 64.97058823529413 3.3506756756756761
decision_type=10 10 2 10 2 10 8 8 10 10 2 10 2 8
left_child=3 -2 4 5 -3 7 -7 -1 13 10 -10 12 -12 -9
right_child=1 2 -4 -5 -6 6 -8 8 9 -11 11 -13 -14 -15
leaf_value=-0.0075079996910614819 0.048666153191176759 -0.0034252471707235201 -0.025035142096386204 -0.03209290681509349 0.041314538893107433 0.01294160632862236 -0.034962206854695442 -0.011896487801715202 -0.018582258044923881 0.041284389569872626 0.013328024206201447 0.032901239094910939 -0.019094240180513096 0.0027712858883966458
leaf_weight=794.55926028639078 116.73565885424614 138.36887145042419 119.56193468719721 127.86751781404018 110.93705908954144 134.31226861476898 182.78030976653099 350.55296765267849 159.69645130634308 206.37069508433342 211.52335832268 146.31179435551167 117.59254111349583 2285.0032013878226
leaf_count=2226 313 454 335 494 264 358 435 956 329 582 544 447 365 6288
internal_value=0.00100295 0.0140951 0.00305236 -0.000347676 0.0165687 0.000543728 -0.0146945 0.00167807 0.00377879 0.0130445 0.003818 0.0113655 0.00172086 0.000816566
internal_weight=5202.17 485.604 368.868 4716.57 249.306 4588.7 317.093 4271.61 3477.05 841.495 635.124 475.428 329.116 2635.56
internal_count=14390 1366 1053 13024 718 12530 793 11737 9511 2267 1685 1356 909 7244
is_linear=0
shrinkage=0.05


Tree=94
num_leaves=15
num_cat=0
split_feature=41 20 0 5 46 46 43 57 7 33 18 64 9 11
split_gain=33.4059 52.4352 74.8533 96.5656 113.385 54.1634 64.424 59.3815 85.1189 70.5247 45.4966 53.6042 43.371 43.0048
threshold=131.50000000000003 0.67948717948717963 9.5000000000000018 17.31666666666667 63.30330882352942 61.181985294117659 66.759615384615401 237.42463235294119 16.68726666666667 1.9411764705882355 1.9045454545454548 63.500000000000007 1.9496666666666671 0.11018870789443211
decision_type=8 8 2 10 2 2 10 2 8 10 10 10 10 8
left_child=1 10 5 4 -4 13 7 8 -7 -9 12 -12 -1 -3
right_child=-2 2 3 -5 -6 6 -8 9 -10 -11 11 -13 -14 -15
leaf_value=0.022827672889035162 -0.0041168083575347948 -0.045333092723500105 0.026924392736241833 0.052127565529800503 -0.026292276657390385 -0.00043587859378782469 -0.031679297903174503 0.014923022432112538 0.051682871688031609 -0.029043897134791441 0.048766324272827115 0.0032184447452354849 -0.0074431888962630593 -0.0072973156099369581
leaf_weight=206.74976766854525 2783.0819503292441 149.85969179868698 215.96105650812387 127.96705086529255 184.82142497599125 198.9637626260519 147.24580544233322 165.58508039265871 128.19814689457417 200.78050591051579 166.34509212523699 105.44829215109348 274.09338917583227 147.36233972758055
leaf_count=517 8026 310 522 333 547 489 446 521 293 583 469 304 671 324
internal_value=-0.000381845 0.00391451 -0.00103353 0.0144948 0.00237909 -0.00825488 -0.00175901 0.00462996 0.0200821 -0.00918578 0.014859 0.0311716 0.00559284 -0.0265627
internal_weight=5202.46 2419.38 1666.74 528.75 400.782 1138 840.773 693.527 327.162 366.366 752.637 271.793 480.843 297.222
internal_count=14355 6329 4368 1402 1069 2966 2332 1886 782 1104 1961 773 1188 634
is_linear=0
shrinkage=0.05


Tree=95
num_leaves=15
num_cat=0
split_feature=36 25 75 36 75 76 18 14 76 50 28 39 39 18
split_gain=54.7084 97.8062 67.4999 49.0378 53.22 45.0555 37.0321 49.0866 33.946 28.2811 48.8965 35.9071 39.6502 44.2187
threshold=0.65058936896392738 0.095000000000000015 17.035000000000004 0.58707889119536205 15.195000000000002 2.3985023904897278 4.9045454545454552 0.6412916666666667 1.8739643957548788 26.823076923076929 0.39538888888888896 23.585215605749493 22.026009582477759 1.1937500000000003
decision_type=10 8 10 8 10 10 10 10 10 10 10 2 2 8
left_child=2 -2 3 4 5 6 7 8 9 11 -11 12 -1 -14
right_child=1 -3 -4 -5 -6 -7 -8 -9 -10 10 -12 -13 13 -15
leaf_value=-0.013663979306390739 0.0099025688115833375 -0.043682709550020932 0.034060699844076413 0.029544366033147081 -0.034421160992324173 0.029247960702870713 -0.028350408883449748 0.032073627939018579 -0.025287432375463815 -0.0076880697246833832 0.021723689718393654 -0.0040174714532440351 -0.00031194896478571816 0.029008184368968543
leaf_weight=149.65422207862139 157.10762367397547 184.15148537606001 154.27736043930054 140.51107861846685 110.75507879257202 131.36621561646461 114.07551288604736 117.86059756577015 132.83466979861259 229.67152360826731 364.60176848620176 2706.6212810650468 238.50574973970652 277.98331918567419
leaf_count=356 369 437 395 335 268 292 481 342 290 751 1172 7326 710 853
internal_value=0.000266407 -0.0190565 0.00162442 0.000555968 -0.000340819 0.000512417 -0.000365565 0.000397872 -0.000520322 0.000315158 0.010363 -0.00145779 0.00893294 0.0154942
internal_weight=5209.98 341.259 4868.72 4714.44 4573.93 4463.17 4331.81 4217.73 4099.87 3967.04 594.273 3372.76 666.143 516.489
internal_count=14377 806 13571 13176 12841 12573 12281 11800 11458 11168 1923 9245 1919 1563
is_linear=0
shrinkage=0.05


Tree=96
num_leaves=15
num_cat=0
split_feature=55 45 60 30 48 79 30 20 20 77 61 79 9 53
split_gain=36.6476 70.0059 62.9331 51.1864 32.839 28.7718 54.4267 46.9555 41.0129 65.3664 58.3233 79.9724 53.5846 84.5573
threshold=27.395955882352947 24.408333333333335 -2.2499999999999996 0.26195139944198736 15.343750000000002 -0.14663200985703045 0.61976447444526184 1.5192307692307694 2.6201923076923079 0.44040023607560286 45.750000000000007 0.37282244491538702 15.761166666666666 1.5166666666666668
decision_type=2 8 2 8 2 8 10 8 8 10 2 10 8 10
left_child=4 2 -2 -3 -1 -6 7 -7 9 -9 11 -10 -12 -14
right_child=1 3 -4 -5 5 6 -8 8 10 -11 12 -13 13 -15
leaf_value=0.020675779821023522 0.029480621038702172 0.0086495655361781432 -0.020685854731925302 0.060984650988312621 -0.0084874306130812358 -0.003727076834538226 -0.028994422345173743 0.0044061983933930803 0.011050474118089987 0.052901970659096034 0.039043829772309864 -0.030398265395030773 0.032396270436266111 -0.029831339770590621
leaf_weight=150.91296784579754 94.121885776519775 89.760086514055729 181.42144700139761 97.312239855527878 1551.7073107659817 1736.507639862597 153.80019417405128 157.2458311021328 252.301792293787 123.78274373710155 170.87820420414209 214.4083975404501 109.42648232728243 106.96990704536438
leaf_count=372 309 306 572 341 3427 5236 500 567 899 286 537 344 323 302
internal_value=-0.000880965 0.0125347 -0.00350502 0.036053 -0.00219602 -0.0029545 -0.000114755 0.00144161 0.00934574 0.0258786 0.0038812 -0.00801551 0.0182018 0.00163995
internal_weight=5190.56 462.616 275.543 187.072 4727.94 4577.03 3025.32 2871.52 1135.01 281.029 853.985 466.71 387.275 216.396
internal_count=14321 1528 881 647 12793 12421 8994 8494 3258 853 2405 1243 1162 625
is_linear=0
shrinkage=0.05


Tree=97
num_leaves=15
num_cat=0
split_feature=17 14 14 5 50 64 13 8 8 25 19 17 75 36
split_gain=29.1774 66.1684 103.591 69.7857 79.1928 58.3703 49.5618 38.4524 65.8815 33.6828 78.5052 51.5009 59.7936 43.8762
threshold=3.9615384615384621 0.59033333333333349 0.63516666666666677 17.716666666666672 23.023214285714289 83.500000000000014 0.56792807585988381 13.302589826863219 11.818084139046958 0.036055555555555584 9.7071428571428573 2.4083333333333337 3.6150000000000007 0.075805908776504727
decision_type=10 10 10 10 10 8 10 10 10 8 10 10 10 10
left_child=1 6 -3 4 -4 -2 7 8 9 11 -11 12 13 -1
right_child=5 2 3 -5 -6 -7 -8 -9 -10 10 -12 -13 -14 -15
leaf_value=-0.0083540798812117532 -0.03582353012038153 0.051583301181403675 0.013135792605310377 0.036189607947991864 -0.039905666721999314 0.0085315236222823065 -0.0297081024096655 0.023123292884441652 -0.033020101007628665 0.0020557769691217881 0.043233740588058546 0.024335493554950582 -0.023657711972033358 0.0166485213043896
leaf_weight=581.43512070178986 154.71390970796347 159.05865806341171 165.74284134060144 118.35766599327326 120.84826702624559 141.04447136074305 141.0396107211709 176.11281464993954 150.56292740255594 2367.2803896442056 120.70522522926331 129.13542906939983 436.5571468770504 250.12595166265965
leaf_count=1692 528 390 392 318 328 395 434 495 424 6364 325 395 1029 866
internal_value=0.000511984 0.00143061 0.0175285 0.00405807 -0.00929144 -0.0147135 -0.000658715 0.00032085 -0.000679676 0.000581772 0.0040701 -0.00562811 -0.00869614 -0.000822563
internal_weight=5212.72 4916.96 564.007 404.949 286.591 295.758 4352.95 4211.92 4035.8 3885.24 2487.99 1397.25 1268.12 831.561
internal_count=14375 13452 1428 1038 720 923 12024 11590 11095 10671 6689 3982 3587 2558
is_linear=0
shrinkage=0.05


Tree=98
num_leaves=15
num_cat=0
split_feature=14 80 18 3 5 20 22 11 11 13 20 33 79 62
split_gain=51.0797 79.2403 64.2039 89.7154 61.68 53.3484 35.6271 37.2717 46.1567 38.5939 35.4046 64.5284 73.0705 47.9773
threshold=0.60038461538461563 16.079144486790891 4.7596153846153859 17.005000000000003 13.641666666666669 3.4142857142857146 0.72638146167557938 0.10041646592596506 0.07483539579162829 0.15545739830361305 1.5192307692307694 1.0627450980392157 0.17099129337083566 24.875000000000004
decision_type=10 2 10 10 10 10 10 10 10 10 10 10 10 2
left_child=1 6 3 4 -2 -4 7 8 9 -1 -8 12 -12 -13
right_child=2 -3 5 -5 -6 -7 10 -9 -10 -11 11 13 -14 -15
leaf_value=-0.0020519055060004886 0.026805334487359458 -0.043301582303495144 0.015425170704660854 0.05710897374623012 -0.014180608284496255 -0.033403317104800039 -0.00042942056435169365 -0.033273300355086473 0.026443564569067563 -0.018755976570534585 0.0093658862062992506 0.014527464981363864 0.064816393588618931 -0.022830182249941211
leaf_weight=1660.9028521552682 214.9322425276041 112.52456798404455 105.9968404173851 133.0595221221447 158.82999727874994 116.41565676033497 1472.2529945075512 111.85687976330519 118.29846186190844 435.81751649081707 134.45203877240419 230.9747971072793 106.02327065169811 135.52631318569183
leaf_count=4458 534 299 326 342 383 343 4089 363 367 1243 473 637 236 398
internal_value=-7.37856e-05 -0.00205621 0.0121961 0.022011 0.00939702 -0.0101679 -0.000993287 -0.00524231 -0.00381239 -0.00553125 0.00376205 0.0139127 0.0339807 0.000688665
internal_weight=5247.86 4518.63 729.234 506.822 373.762 222.412 4406.11 2326.88 2215.02 2096.72 2079.23 606.976 240.475 366.501
internal_count=14491 12563 1928 1259 917 669 12264 6431 6068 5701 5833 1744 709 1035
is_linear=0
shrinkage=0.05


Tree=99
num_leaves=15
num_cat=0
split_feature=47 24 79 8 8 7 26 15 9 55 4 79 48 58
split_gain=36.7348 30.3687 113.24 31.077 45.002 67.587 55.2757 37.2591 41.4526 87.399 57.4374 75.8876 40.8878 40.1903
threshold=0.48334899417542526 5.4473500000000001 0.17099129337083566 19.563951390950539 15.872621839759296 14.443064285714287 14.500000000000002 0.60164556928835122 9.2989166666666687 21.882352941176475 6.5357915105875355 0.15928404245544162 22.150735294117649 23.66727941176471
decision_type=2 10 10 10 10 10 2 10 10 2 10 10 2 2
left_child=-1 3 -3 4 5 7 -6 8 10 13 -2 12 -12 -10
right_child=1 2 -4 -5 6 -7 -8 -9 9 -11 11 -13 -14 -15
leaf_value=-0.022996218756444742 -0.00096700096377819612 -0.010122180269530996 0.05916475039734076 -0.026128609554911114 0.040403784114399911 -0.02789022537438153 -0.00068911478681719181 0.026173360637095605 0.029659038763514417 -0.029740883129741349 -0.02022724270599284 0.043430993509743498 0.024129437043969613 -0.011081814447035137
leaf_weight=174.74229224026203 3043.5685688182712 147.99269492924213 96.772800043225288 115.49542366713285 147.76635964214802 226.10224031656981 181.82054681330919 131.87557414919138 122.85593179613352 332.62231223285198 118.48451297730207 177.37242618203163 90.924699731171131 117.62319715321064
leaf_count=360 8292 541 222 358 443 552 418 351 314 1088 379 392 374 309
internal_value=-0.000524082 0.00025771 0.017401 -0.00061873 1.47724e-05 -0.00133307 0.0178009 0.000125354 -0.000739001 -0.0131742 0.00134176 0.0194649 -0.000944593 0.00976849
internal_weight=5226.02 5051.28 244.765 4806.51 4691.02 4361.43 329.587 4135.33 4003.45 573.101 3430.35 386.782 209.409 240.479
internal_count=14393 14033 763 13270 12912 12051 861 11499 11148 1711 9437 1145 753 623
is_linear=0
shrinkage=0.05


Tree=100
num_leaves=15
num_cat=0
split_feature=60 47 48 58 44 75 50 9 50 10 54 77 61 17
split_gain=40.1651 26.5662 45.0354 34.0013 58.9611 97.63 46.9854 43.4003 43.1919 44.1095 39.1863 38.2489 32.7577 128.535
threshold=13.250000000000002 0.58868785543936897 15.029411764705884 21.454044117647062 0.59871580813390235 4.7950000000000008 22.312142857142859 9.0972500000000007 24.188311688311693 0.11708457978204471 29.408333333333335 0.33463160732792313 48.250000000000007 2.2792207792207795
decision_type=2 2 2 2 10 10 10 8 8 8 10 10 2 8
left_child=1 12 -3 4 6 -6 -4 -8 10 -10 11 -5 -1 -14
right_child=-2 2 3 8 5 -7 7 -9 9 -11 -12 -13 13 -15
leaf_value=-0.0056468340658888793 0.030181054931897985 0.036678630689323637 0.015608097766604174 -0.0053635815591965659 0.0021805495513629526 0.055524892034578027 0.00022048499345850487 -0.043287132531220213 -0.0018657268357121029 0.03229106871947203 0.018084358807059775 -0.031116333495842918 -0.0081209918280886074 0.039457412640557993
leaf_weight=2353.8403669968247 112.40039154887199 102.16859453171492 220.51953265815973 385.87068401277065 190.6578608378768 155.04104650020599 151.83984788507223 91.069707930088043 271.58886677771807 143.88957273215055 103.7686600908637 229.70454071462154 445.96090941876173 207.06401940435171
leaf_count=5841 326 272 608 1301 744 414 516 296 951 457 311 554 1179 553
internal_value=0.000752562 9.21021e-05 0.0044858 0.00277585 0.0106006 0.0261959 -0.00106418 -0.0162016 -0.00280762 0.0100127 -0.010216 -0.0150082 -0.00289823 0.00700264
internal_weight=5165.38 5052.98 2046.12 1943.95 809.128 345.699 463.429 242.91 1134.82 415.478 719.344 615.575 3006.87 653.025
internal_count=14323 13997 6424 6152 2578 1158 1420 812 3574 1408 2166 1855 7573 1732
is_linear=0
shrinkage=0.05


Tree=101
num_leaves=15
num_cat=0
split_feature=29 44 77 45 41 22 5 20 50 69 13 5 26 21
split_gain=34.7292 41.9625 67.9521 49.2908 84.6799 105.676 50.1456 38.0126 41.9758 42.5236 32.9995 60.2738 55.189 32.3544
threshold=0.16387320990369239 0.49581140350877201 0.32579048200065058 27.75961538461539 128.50000000000003 0.77718676122931452 19.416666666666671 4.3693181818181825 29.09615384615385 0.031377635877635889 0.56792807585988381 12.933333333333335 14.500000000000002 4.5276684164479448
decision_type=10 8 10 10 8 10 10 10 10 2 10 10 2 10
left_child=1 2 13 6 5 -5 7 8 10 -10 11 -3 -12 -1
right_child=-2 3 -4 4 -6 -7 -8 -9 9 -11 12 -13 -14 -15
leaf_value=-0.014386717279114988 0.022280985272187942 -0.0033335821715806883 -0.041999643533796011 -0.0037263495253876105 -0.002773355009781851 0.056414393947865071 -0.031031107036530392 0.023179795800689434 -0.0039741406942422923 0.036181754489422888 0.0052846665972093119 0.02772956689883245 -0.041650182420269882 0.018105037982339131
leaf_weight=196.90485818684101 166.09007339924574 2908.1730267852545 155.54979409277439 120.85656541585922 380.84580416977406 183.17528859525919 138.49523797631264 161.15280532836914 122.50708690285683 141.29894353449345 113.84520181268454 164.02434672415257 137.68541494011879 124.02484986186028
leaf_count=447 524 7924 337 368 1183 426 388 449 432 460 376 463 298 325
internal_value=-0.00014613 -0.000888218 -0.0149926 0.000584633 0.0129426 0.0325738 -0.00159548 -0.000499991 -0.00156985 0.0175894 -0.00309537 -0.00166664 -0.0204702 -0.00181289
internal_weight=5214.63 5048.54 476.48 4572.06 684.878 304.032 3887.18 3748.69 3587.53 263.806 3323.73 3072.2 251.531 320.93
internal_count=14400 13876 1109 12767 1977 794 10790 10402 9953 892 9061 8387 674 772
is_linear=0
shrinkage=0.05


Tree=102
num_leaves=15
num_cat=0
split_feature=13 60 39 21 12 33 60 13 56 21 9 76 15 36
split_gain=73.6644 55.1682 46.0736 42.2423 39.8518 41.7841 52.8745 73.6617 59.8101 67.5297 55.725 74.294 66.6782 48.7066
threshold=0.61054047200296868 2.7500000000000004 24.626967830253253 3.6602540500736382 0.58169687657756752 4.4660633484162897 2.7500000000000004 0.50007440345208287 3.9939843376511033 4.9312035158891154 10.043250000000002 0.7824371134020619 0.29949877517145679 0.4627552158315808
decision_type=10 2 2 10 10 10 2 10 2 10 10 10 10 10
left_child=3 2 -2 -1 5 6 8 10 9 -5 11 -8 -13 -10
right_child=1 -3 -4 4 -6 -7 7 -9 13 -11 -12 12 -14 -15
leaf_value=-0.0055579174345086312 0.015696856593233041 -0.045524503454514309 -0.026271255376825026 0.041468987518004458 0.032833532999738652 -0.022964909764001364 -0.001002737048290915 0.052240406179572964 -0.0019639104464252602 -0.0026577129336334314 -0.014245539071239294 0.013235029114103784 0.05460053813661301 -0.029265352219996956
leaf_weight=1710.4001982063055 117.81710170954466 148.58483402431011 144.60760774463415 158.15759184956551 116.19536848366261 145.17092799395323 384.74245098233223 106.81876975297928 1183.9201580807567 190.2073001563549 208.21259097009897 247.64415331184864 160.56375096738338 188.54807272553444
leaf_count=4484 377 438 358 520 277 357 1326 301 3262 674 607 556 372 435
internal_value=-0.000996703 -0.021286 -0.00744137 0.000744465 0.00423347 0.00310539 0.00445093 0.0129647 -0.00103514 0.0174372 0.00872626 0.0147685 0.0295993 -0.00573313
internal_weight=5211.59 411.01 262.425 4800.58 3090.18 2973.99 2828.81 1107.98 1720.83 348.365 1001.16 792.95 408.208 1372.47
internal_count=14344 1173 735 13171 8687 8410 8053 3162 4891 1194 2861 2254 928 3697
is_linear=0
shrinkage=0.05


Tree=103
num_leaves=15
num_cat=0
split_feature=77 9 14 76 51 7 51 28 71 79 76 0 65 51
split_gain=42.7576 45.0121 88.4609 38.8833 46.8021 38.2759 56.5825 47.5781 30.3201 37.1091 51.5847 58.3084 52.1057 59.2169
threshold=0.85459832695306981 19.237416666666672 0.73055555555555574 1.1102546907326818 4.773697214734951 7.0620353535353537 4.1477766798418978 3.41027840909091 0.14985120904541172 -0.52621754854150438 0.99551488334674187 6.5000000000000009 5.5000000000000009 3.7243444146190381
decision_type=10 10 10 10 10 8 10 10 2 8 10 2 8 10
left_child=1 2 3 8 5 7 -7 -5 9 -1 12 -12 13 -11
right_child=-2 -3 -4 4 -6 6 -8 -9 -10 10 11 -13 -14 -15
leaf_value=-0.012111352725227162 0.028983005160210351 0.023295407807468936 -0.044244225480695495 -0.018599059744460241 0.0098961117036818428 -0.010933210949153336 -0.049284089030803953 0.012351186438448658 0.012873986064866458 0.046165280701475749 -0.0026329891921061891 0.04355113608796634 -0.0046132531904477005 0.0043406818623619734
leaf_weight=604.82837575674057 112.90286357700825 169.12219276279211 124.85822360962629 301.07317747175694 238.22540129721165 237.34098336100578 161.59134489297867 209.9418835490942 450.40710098296404 108.51369152963161 127.32770480215549 146.2535412311554 1845.5777377784252 373.57287468016148
leaf_count=1101 399 493 267 614 520 534 364 483 1411 375 299 353 5911 1264
internal_value=-0.0013154 -0.00199188 -0.00286398 -0.00177966 -0.00980226 -0.0149645 -0.026552 -0.00588439 0.000741516 -0.000966403 0.00162862 0.0221252 -0.000788907 0.0138311
internal_weight=5211.54 5098.63 4929.51 4804.65 1148.17 909.947 398.932 511.015 3656.48 3206.07 2601.25 273.581 2327.66 482.087
internal_count=14388 13989 13496 13229 2515 1995 898 1097 10714 9303 8202 652 7550 1639
is_linear=0
shrinkage=0.05


Tree=104
num_leaves=15
num_cat=0
split_feature=17 9 18 61 64 3 31 45 20 7 80 30 53 28
split_gain=31.272 29.8725 29.8637 78.4678 57.6615 42.4765 33.8251 84.2212 40.8073 32.602 38.3594 42.7735 34.1606 29.3
threshold=4.4083333333333341 17.654166666666672 3.759615384615385 47.750000000000007 76.500000000000014 15.585454545454548 0.53303571428571439 23.925824175824179 0.67948717948717963 12.368916666666669 11.043502773203736 0.42443609243197633 4.154761904761906 9.7610062500000012
decision_type=10 10 10 2 8 10 10 10 10 10 2 8 10 10
left_child=2 -2 5 4 -4 6 9 8 -8 10 12 -12 13 -1
right_child=1 -3 3 -5 -6 -7 7 -9 -10 -11 11 -13 -14 -15
leaf_value=-0.0006886376185291903 -0.038893747176417068 -0.00031900853023644933 0.019389646047112526 0.04893222790866629 -0.021325141316287814 -0.021742471657482124 0.019698118967364991 0.044838246959413269 -0.014111960837808794 -0.021242883704052518 0.042141394080307232 -0.0018327996419830715 0.024438165444841849 -0.0180029126349474
leaf_weight=3051.3972810506821 97.386499613523483 102.48413114249706 193.92226387560368 113.40730383247137 156.00791660696268 219.31335514038801 152.03412807732821 145.6708942502737 213.10637418925762 185.42520341277122 110.7164773195982 109.34409940987825 125.1081029176712 264.62097696214914
leaf_count=8295 342 280 597 390 439 516 376 403 506 530 317 284 307 830
internal_value=0.000132134 -0.0192145 0.00090301 0.0129851 0.0012289 -0.000322719 0.000760099 0.0128358 -1.90536e-05 -0.00084641 0.000192113 0.020382 -0.00110458 -0.00207534
internal_weight=5239.95 199.871 5040.07 463.337 349.93 4576.74 4357.42 510.811 365.141 3846.61 3661.19 220.061 3441.13 3316.02
internal_count=14412 622 13790 1426 1036 12364 11848 1285 882 10563 10033 601 9432 9125
is_linear=0
shrinkage=0.05


Tree=105
num_leaves=15
num_cat=0
split_feature=48 30 52 19 19 75 75 21 79 22 51 52 18 6
split_gain=27.226 33.0981 48.4284 38.7243 65.56 34.2957 29.8422 30.5376 40.146 53.8418 53.1408 51.4506 43.9595 40.6661
threshold=15.250000000000002 0.63812037107892305 232.81666666666669 17.851648351648354 16.240384615384617 17.175000000000004 15.415000000000001 5.0630921105007571 0.053930656943420467 0.67769272826681248 4.6809254898374464 221.87500000000003 1.7817460317460319 5.8309059168286606
decision_type=2 10 10 10 10 10 10 8 10 10 10 10 10 8
left_child=-1 3 -3 4 5 6 7 8 13 -10 11 -11 -13 -2
right_child=1 2 -4 -5 -6 -7 -8 -9 9 10 -12 12 -14 -15
leaf_value=0.02023887260920576 0.0037068870666379693 -0.045210007517475781 0.0034134030093518884 0.025662792449526385 -0.038211906041202462 0.02691066028636907 -0.024731376989496741 -0.0038012842250092233 -0.002548226053344229 -0.011692265250010228 0.042911333159804159 0.0073278581049152887 0.043548568089391552 -0.017921031819233605
leaf_weight=162.37783780694008 779.21039124578238 98.466785527765751 105.28295338153839 145.32520954310894 111.2339650914073 118.42135202884674 120.00784431397915 2148.4150411263108 437.75857636332512 162.17142608761787 182.70564366877079 202.27332147955894 142.59187678992748 300.28678767383099
leaf_count=382 2442 268 365 405 275 289 267 6094 976 299 407 503 367 991
internal_value=0.0001499 -0.000499386 -0.020191 0.000331787 -0.000455896 0.000466435 -0.000239145 0.000441229 0.00457098 0.0111652 0.0198598 0.0114853 0.0223867 -0.00232043
internal_weight=5216.53 5054.15 203.75 4850.4 4705.08 4593.84 4475.42 4355.41 2207 1127.5 689.742 507.037 344.865 1079.5
internal_count=14330 13948 633 13315 12910 12635 12346 12079 5985 2552 1576 1169 870 3433
is_linear=0
shrinkage=0.05


Tree=106
num_leaves=15
num_cat=0
split_feature=69 44 36 41 48 39 43 50 76 13 60 52 43 44
split_gain=30.8535 54.1658 62.5827 71.153 42.7083 35.4795 47.4621 41.7156 31.9817 64.5172 43.7451 46.3332 38.4142 32.8979
threshold=0.14784352634554701 0.62723143155277028 0.55532825785493334 86.500000000000014 15.250000000000002 25.237508555783716 60.577380952380956 24.252272727272729 1.0899073339794993 0.59406107806336539 4.7500000000000009 266.80909090909097 69.816666666666677 0.50248250241169112
decision_type=2 10 10 8 2 2 10 10 10 8 2 10 10 8
left_child=4 2 3 -2 -1 6 -5 -7 12 10 11 -10 13 -6
right_child=1 -3 -4 5 8 7 -8 -9 9 -11 -12 -13 -14 -15
leaf_value=0.025532638264093417 -0.025467846756626635 -0.016975104591685299 0.043900853467975509 0.0517847520029312 0.013364907094112611 -0.0083014389000657558 0.0097121599594664973 0.027184472228734546 0.0075204309050751128 -0.043438650382741945 -0.027321388028230538 -0.024939228051142917 -0.026356355791118398 -0.0030149448853672143
leaf_weight=118.08818294107914 150.27355562895536 220.68799415975809 121.07307581603527 108.1994668468833 348.62685000896454 268.03876015543938 175.15314849466085 118.66185808926821 448.40525272488594 145.15751153230667 201.83892375230789 144.54073397815228 156.64008687436581 2486.673085719347
leaf_count=297 415 699 276 263 816 655 516 345 888 320 458 404 497 7510
internal_value=-0.00190939 0.00526921 0.0104963 0.00551865 -0.00396999 0.0124956 0.0259034 0.0026297 -0.00486233 -0.0129027 -0.00727809 -0.000420834 -0.00233292 -0.000996886
internal_weight=5212.06 1162.09 941.4 820.327 4049.97 670.053 283.353 386.701 3931.88 939.942 794.785 592.946 2991.94 2835.3
internal_count=14359 3169 2470 2194 11190 1779 779 1000 10893 2070 1750 1292 8823 8326
is_linear=0
shrinkage=0.05


Tree=107
num_leaves=15
num_cat=0
split_feature=20 55 76 51 77 5 28 28 11 56 52 33 71 36
split_gain=30.5807 104.062 82.2525 48.8894 79.6759 46.6219 68.557 45.3064 35.1567 32.037 29.4868 50.5806 35.1806 32.3691
threshold=2.8166666666666669 19.690625000000001 1.0479653905419852 4.2348155467720696 0.63601507761089293 12.933333333333335 13.552041666666668 14.965441176470589 0.12360633716608348 5.1488815886608608 242.03846153846158 3.3541666666666665 0.1947516561513826 0.39679579915637336
decision_type=10 2 10 8 8 10 10 10 10 2 8 10 2 10
left_child=5 -2 3 7 -5 8 -7 -3 9 10 12 13 -1 -12
right_child=1 2 -4 4 -6 6 -8 -9 -10 -11 11 -13 -14 -15
leaf_value=-0.0057226348264515017 0.022818071894687098 -0.0088560980876740223 -0.048904191097461677 -0.018905467374437213 0.031488489280838278 -0.0026493158128159744 0.050539679332222531 -0.048321230712346258 -0.02258508419075865 -0.021691596531405011 0.0057856945258265707 0.036263888395972464 0.01549108122445432 -0.018043924668564221
leaf_weight=1571.3380232825875 204.96643931418657 209.62780898809433 160.67576102912426 163.46995793282986 148.9794794768095 130.02086118608713 112.28534326702356 110.83857511729002 170.51045478880405 154.27298384904861 1593.3074243366718 126.64788401126862 222.20634112507105 155.52389879524708
leaf_count=3744 449 680 372 447 454 410 304 305 536 309 5105 351 521 447
internal_value=-0.00100042 -0.00886706 -0.017069 -0.00892275 0.00514675 0.000855597 0.022105 -0.0226136 -0.000438826 0.000554494 0.00149554 0.00587743 -0.00308725 0.00365742
internal_weight=5234.67 998.558 793.592 632.916 312.449 4236.11 242.306 320.466 3993.81 3823.3 3669.02 1875.48 1793.54 1748.83
internal_count=14434 2707 2258 1886 901 11727 714 985 11013 10477 10168 5903 4265 5552
is_linear=0
shrinkage=0.05


Tree=108
num_leaves=15
num_cat=0
split_feature=44 17 4 18 24 76 17 11 15 7 8 80 27 52
split_gain=48.1415 73.1221 58.9652 45.6893 40.9151 53.7855 35.4774 81.7815 42.8027 45.2677 46.593 64.7303 99.5474 73.5933
threshold=0.53084533263039979 1.6306818181818186 20.407291927014388 2.8062500000000004 -2.779999999999998 1.2453281583417812 4.4083333333333341 0.14845894943598972 0.67045130477601556 15.019464285714287 11.060676046501614 8.7991032134817875 14.88154761904762 232.81666666666669
decision_type=8 8 10 8 10 8 10 10 10 10 10 2 8 10
left_child=1 4 6 -3 5 -1 7 8 9 10 11 -2 13 -13
right_child=2 3 -4 -5 -6 -7 -8 -9 -10 -11 -12 12 -14 -15
leaf_value=0.035987363600518886 0.00035859867833870152 -0.052218294666168001 0.036641576773917946 -0.014876887650697218 -0.010610667329279106 -0.003370527781706858 -0.0271688554982993 0.045050787117251523 -0.021215272430472356 0.032097315869533988 -0.014536932333685113 0.060956269111389676 -0.012704500729598018 0.0078845562612814054
leaf_weight=139.70911218225956 2551.0624685063958 123.46657229214907 121.06080346554518 243.32917310297489 464.76034192740917 226.19061509519815 105.09115190804005 106.91678184270859 205.69548369944096 121.19138290733099 415.67587988823652 159.83577834069729 138.09864570200443 110.55590421706438
leaf_count=296 7275 282 369 596 1128 521 346 312 520 358 1265 414 371 378
internal_value=-0.000193981 -0.00899351 0.00241889 -0.0275541 -0.000774391 0.0117144 0.00135132 0.00214512 0.000894174 0.00220057 0.00111791 0.00332083 0.0217742 0.0393657
internal_weight=5232.64 1197.46 4035.18 366.796 830.66 365.9 3914.12 3809.03 3702.12 3496.42 3375.23 2959.55 408.49 270.392
internal_count=14431 2823 11608 878 1945 817 11239 10893 10581 10061 9703 8438 1163 792
is_linear=0
shrinkage=0.05


Tree=109
num_leaves=15
num_cat=0
split_feature=43 5 21 5 6 48 5 29 28 14 47 36 53 52
split_gain=30.0759 40.4797 87.6865 67.7137 72.1122 56.372 55.1989 46.0063 49.6083 37.8342 32.2919 47.9615 37.032 31.3297
threshold=69.816666666666677 16.541666666666671 5.839522905936569 19.416666666666671 6.203903334661919 27.029411764705888 14.916666666666668 0.048334961756011277 15.056290849673205 0.33881944444444451 0.51277108893242562 0.20454844220344739 4.1125000000000007 243.3484848484849
decision_type=10 8 10 10 10 2 10 8 8 8 2 10 10 10
left_child=1 6 3 4 5 7 10 -3 -9 -2 11 -1 13 -12
right_child=9 2 -4 -5 -6 -7 -8 8 -10 -11 12 -13 -14 -15
leaf_value=-0.0021979727161376725 0.0022361185825510981 -0.0086489488304730706 0.049315077825954012 -0.024091742241048181 0.046357228693590741 -0.025109310204116247 -0.032563195319074083 0.046813521880888588 0.0054312575315883498 -0.037893471861333933 -0.0080612332742103603 0.034548123580248315 0.022919248458698936 0.0017354046693327239
leaf_weight=213.33311083167791 115.04142092168331 174.78314150124788 118.0621136277914 175.83257589489222 116.04406204074621 133.34181738644838 143.2348640486598 128.78485180437565 164.53491430729628 118.77808477729559 1796.4581263959408 150.98309002816677 135.98921243101358 1494.2191726863384
leaf_count=487 359 452 339 477 321 295 392 340 459 363 4339 330 340 4986
internal_value=-0.000739959 9.0168e-05 0.00900683 0.00363048 0.0104483 0.00345456 -0.00220378 0.0116273 0.0236979 -0.0182239 -0.00104842 0.0130835 -0.00255428 -0.00361363
internal_weight=5179.42 4945.6 1011.38 893.321 717.489 601.445 3934.22 468.103 293.32 233.82 3790.98 364.316 3426.67 3290.68
internal_count=14279 13557 2683 2344 1867 1546 10874 1251 799 722 10482 817 9665 9325
is_linear=0
shrinkage=0.05


Tree=110
num_leaves=15
num_cat=0
split_feature=47 4 17 11 11 18 25 13 77 21 58 21 39 17
split_gain=42.7278 24.288 43.2626 32.4652 38.7966 48.1622 53.0432 55.695 45.8083 38.3986 113.187 59.8615 54.7113 34.7143
threshold=0.48334899417542526 21.771300563860702 4.4083333333333341 0.14845894943598972 0.12109992424283121 3.7817460317460321 0.10600000000000001 0.55399869151987924 0.61576440184677417 4.4802912621359239 20.029411764705888 3.954884667571235 24.335386721423685 2.4365079365079372
decision_type=2 10 10 10 10 10 8 10 8 10 2 10 2 10
left_child=-1 2 3 4 5 6 13 9 -6 11 -11 -8 -12 -2
right_child=1 -3 -4 -5 8 -7 7 -9 -10 10 12 -13 -14 -15
leaf_value=-0.024515442959421541 -0.0037921750187309283 0.020578553717297776 -0.029035171551365532 0.02408102988756386 0.002310198458772077 0.030395149716335987 0.0025665857538320165 0.03646358262478358 -0.041766741111108341 0.048458077902567454 -0.023808920788362425 -0.028403791809433605 0.01240790608652878 -0.02659372097154138
leaf_weight=176.28040042519569 1823.1424849629402 144.67177423834801 125.19503638148308 142.0955835878849 117.00507879257202 133.70529265701771 1290.2610937207937 133.76494654268026 117.59334692358971 169.19395787268877 151.11076975613832 176.47081706672907 330.62674087285995 182.81837082654238
leaf_count=349 5153 395 410 420 289 431 3368 405 360 476 467 491 873 493
internal_value=-0.000389451 0.000459477 -0.000139471 0.000625217 -0.000100366 0.00095997 2.86238e-05 0.00529552 -0.019867 0.00331046 0.013407 -0.00117645 0.00102167 -0.00588247
internal_weight=5213.94 5037.66 4892.98 4767.79 4625.69 4391.09 4257.39 2251.43 234.598 2117.66 650.931 1466.73 481.738 2005.96
internal_count=14380 14031 13636 13226 12806 12157 11726 6080 649 5675 1816 3859 1340 5646
is_linear=0
shrinkage=0.05


Tree=111
num_leaves=15
num_cat=0
split_feature=3 19 27 19 31 43 14 13 75 29 54 22 17 13
split_gain=29.8214 32.3452 28.9205 38.1955 23.7277 38.6581 29.8813 47.6929 40.3141 34.956 81.5468 39.0372 41.2797 28.0931
threshold=20.735000000000003 18.033333333333335 17.958413461538466 15.839743589743593 0.61679487179487191 60.261363636363647 0.65035714285714297 0.56792807585988381 13.965000000000002 0.08043983794225501 27.591666666666672 0.86240703177822864 2.3923076923076927 0.48066396358042379
decision_type=10 10 10 10 10 10 10 10 10 10 8 8 10 10
left_child=1 2 3 4 6 -6 7 8 9 13 11 12 -11 -1
right_child=-2 -3 -4 -5 5 -7 -8 -9 -10 10 -12 -13 -14 -15
leaf_value=-0.0004034107278655069 -0.021198366115397323 0.026576556249802083 0.02449448669628897 -0.023863618985057424 -0.034458960764409949 0.0028909998206849744 0.026455224165056714 -0.031836578918128376 0.027927480357788893 0.027182263673836235 0.045072927329907225 -0.021348046456597634 -0.012991904801385123 -0.02617294106460959
leaf_weight=3376.9059054479003 157.25107357650995 118.23642423003912 118.76434411853552 166.1388196349144 123.20760222524405 156.33671651780605 114.53244233876467 108.83676187694073 138.91061535477638 165.87369469553232 140.46473023295403 131.28075161576271 102.88860269635916 108.18195025622845
leaf_count=9320 426 365 323 452 222 455 284 334 336 492 402 314 377 332
internal_value=0.000175816 0.000842733 0.000223098 -0.000378212 0.000462694 -0.0136349 0.00136373 0.000685208 0.00154258 0.000625415 0.0124441 0.00090354 0.0118115 -0.00121061
internal_weight=5227.81 5070.56 4952.32 4833.56 4667.42 279.544 4387.88 4273.34 4164.51 4025.6 540.508 400.043 268.762 3485.09
internal_count=14434 14008 13643 13320 12868 677 12191 11907 11573 11237 1585 1183 869 9652
is_linear=0
shrinkage=0.05


Tree=112
num_leaves=15
num_cat=0
split_feature=51 31 8 25 76 18 13 55 80 52 17 69 55 70
split_gain=52.7235 84.3247 58.7206 69.3534 39.9536 35.2567 71.8557 35.7428 32.7663 58.4211 25.4587 33.2353 25.1283 23.855
threshold=4.7080540661304742 0.56687500000000013 16.782107348996963 0.040000000000000029 1.2102662116421594 3.759615384615385 0.50007440345208287 22.230330882352941 12.455001238339396 218.63392857142858 1.5166666666666668 0.069678975802767995 22.062500000000004 1.0000000180025095e-35
decision_type=10 10 10 10 10 10 10 2 2 10 10 2 2 2
left_child=2 4 5 -4 10 8 7 -7 13 -10 11 -2 -12 -1
right_child=1 -3 3 -5 -6 6 -8 -9 9 -11 12 -13 -14 -15
leaf_value=-0.0047166654909580191 -0.0060709547890099181 0.039623297392053086 -0.04249934321068214 0.0078035319278947878 0.022734516790560599 0.022551221398163238 0.050568333798977821 -0.019646960784596545 -0.035733184451397955 0.0025379779108081592 0.00031070356160116424 0.019404923873114072 -0.034658035012788219 0.0045945222116228635
leaf_weight=1972.1464564353228 357.16911772638559 183.3086611032486 193.59402158111334 105.34020576626062 196.26745833456516 85.125930815935135 94.029335476458073 119.25066304206848 199.67164801061153 197.96269883215427 100.55012498050928 198.26789343357086 104.00651639699936 1055.0841592103243
leaf_count=5527 925 434 560 314 443 274 241 459 433 540 275 530 334 3016
internal_value=-0.000833465 0.00865557 -0.00352338 -0.0248064 0.00268408 -0.0018084 0.0146462 -0.00204656 -0.00324594 -0.0167213 -0.002517 0.0030414 -0.0175512 -0.00147098
internal_weight=5161.77 1139.57 4022.21 298.934 956.261 3723.27 298.406 204.377 3424.86 397.634 759.994 555.437 204.557 3027.23
internal_count=14305 2941 11364 874 2507 10490 974 733 9516 973 2064 1455 609 8543
is_linear=0
shrinkage=0.05


Tree=113
num_leaves=15
num_cat=0
split_feature=55 30 44 75 75 25 42 10 24 80 26 13 10 31
split_gain=36.7482 74.1321 53.6047 74.6172 48.4529 37.3504 41.8454 79.6872 73.2879 86.2614 78.6999 47.9579 120.456 67.8675
threshold=27.466544117647061 0.32012279765815282 0.53084533263039979 15.635000000000003 4.9350000000000014 -0.1482575757575757 2.5000000000000004 0.070623304429278888 -2.3747083333333339 8.1914135685790406 15.500000000000002 0.58273919858638634 0.12922011652196855 0.58524886877828075
decision_type=2 10 10 10 8 8 2 10 10 2 2 10 10 10
left_child=2 4 3 -1 -2 -4 7 -7 9 -8 -11 12 -10 -13
right_child=1 -3 5 -5 -6 6 8 -9 11 10 -12 13 -14 -15
leaf_value=-0.0060598396076319682 0.021952004066102898 0.044212228216691213 -0.018495587661925238 -0.044047409091525817 -0.017805843931588329 0.0038911137442388653 0.0067926527433427924 -0.040891716947179774 -0.0010189498460924254 0.018574225643727051 0.073653800780570655 -0.049920849844758836 0.054211806624214924 0.0052201514315897693
leaf_weight=1283.5079048275948 136.29443767666817 133.70810840278864 213.33923140913248 142.81832790374756 172.44105567038059 296.4723134636879 609.52830097079277 148.27573471516371 1457.4219602420926 163.06762503087521 107.7404858097434 109.40536984056234 104.89071070402861 112.48422921448946
leaf_count=3058 379 441 607 288 655 795 1773 402 4246 506 268 336 339 309
internal_value=-0.000502525 0.0132629 -0.00178753 -0.00989174 -0.000240128 0.00169335 0.00308408 -0.0110974 0.00545444 0.0172507 0.0406779 -0.000372315 0.00272144 -0.0220698
internal_weight=5191.4 442.444 4748.95 1426.33 308.735 3322.63 3109.29 444.748 2664.54 880.336 270.808 1784.2 1562.31 221.89
internal_count=14402 1475 12927 3346 1034 9581 8974 1197 7777 2547 774 5230 4585 645
is_linear=0
shrinkage=0.05


Tree=114
num_leaves=15
num_cat=0
split_feature=13 18 58 52 30 44 9 13 11 58 6 6 3 8
split_gain=37.0644 35.8073 60.0278 35.7568 57.7619 92.1793 55.6821 51.438 37.5959 31.7797 89.9144 84.578 30.5225 41.4667
threshold=0.70277739116062476 4.9045454545454552 20.63786764705883 253.86742424242428 0.51033013991425757 0.52812945086247831 14.903666666666668 0.51859859130222496 0.11756936159911936 21.558823529411772 7.4813442057097204 5.0980143145447245 12.003846153846156 9.8251969707661022
decision_type=10 10 2 10 10 10 10 10 10 2 10 10 10 10
left_child=1 3 -3 4 8 -6 9 -7 12 11 -11 -5 13 -1
right_child=-2 2 -4 6 5 7 -8 -9 -10 10 -12 -13 -14 -15
leaf_value=-0.002482724037069681 0.024414446134330008 -0.049933600143497105 -0.0011619199249903486 0.0019715346956471012 -0.04857417754964951 -0.025414818754683894 0.037842782810473249 0.020277120316333289 0.023904723321498296 0.0030545275356476864 -0.049249162059663974 0.054172565202079151 -0.022860474341177224 0.02185456048804181
leaf_weight=2368.4726059064269 143.05089832097292 98.284656934440136 173.19211581349373 321.84935470670462 171.74928915500641 113.8137883618474 125.27832622081041 131.88620606064796 146.28326407819986 874.29191716015339 89.682561196386814 101.28128047287464 164.20969369262457 187.98340680450201
leaf_count=5745 463 295 573 1052 378 317 404 333 347 2926 308 337 350 505
internal_value=-0.000595256 -0.00130583 -0.0189375 -0.000304213 -0.00323345 -0.0205869 0.00605506 -0.000905643 -0.000700362 0.00315892 -0.0018575 0.0145647 -0.00203161 -0.000685289
internal_weight=5211.31 5068.26 271.477 4796.78 3284.4 417.449 1512.38 245.7 2866.95 1387.11 963.974 423.131 2720.67 2556.46
internal_count=14333 13870 868 13002 7975 1028 5027 650 6947 4623 3234 1389 6600 6250
is_linear=0
shrinkage=0.05


Tree=115
num_leaves=15
num_cat=0
split_feature=53 66 6 5 35 48 22 45 61 60 9 53 45 79
split_gain=37.857 33.0714 116.764 50.8796 34.8965 32.7741 56.1055 48.2963 46.0857 48.8169 42.3415 43.2721 33.5383 47.4465
threshold=4.4083333333333341 8.5000000000000018 6.0375932671201964 7.4166666666666687 3.5000000000000004 28.352941176470591 0.80982519590114543 27.881944444444446 40.750000000000007 -3.2499999999999996 14.173833333333336 2.6306818181818188 14.732142857142859 0.1737820925674762
decision_type=10 2 10 8 10 2 10 8 2 2 8 10 10 8
left_child=1 5 3 4 -3 8 7 -7 9 -1 11 -11 13 -10
right_child=-2 2 -4 -5 -6 6 -8 -9 12 10 -12 -13 -14 -15
leaf_value=0.0080531095057067882 0.026566929063198491 -0.025010748554390085 -0.045512936140578469 0.030214838436619901 0.0066036769678480371 0.017093869904753322 0.035202509558679429 -0.019511363116687233 -0.00030738566080020175 -0.031311177232874597 -0.046521968309275893 0.0025530597838584411 -0.00030796822450615985 0.032804387498382236
leaf_weight=206.80251115560532 128.93913645297289 158.25516701489687 179.18900834023952 117.29162375628948 192.44453938305378 204.03034289926291 178.03311517089605 159.76456415653229 240.13760079443455 169.16123729944229 120.33120997995138 211.3786760866642 2736.6517091542482 195.86614143848419
leaf_count=526 318 404 502 334 562 553 423 424 565 449 287 497 7905 561
internal_value=-8.19136e-05 -0.000764836 -0.0113123 0.00185188 -0.00769306 0.000780989 0.0122883 0.00100886 -0.000828583 -0.0123567 -0.0207828 -0.0125432 0.00174589 0.0146085
internal_weight=5198.28 5069.34 647.18 467.991 350.7 4422.16 541.828 363.795 3880.33 707.674 500.871 380.54 3172.66 436.004
internal_count=14310 13992 1802 1300 966 12190 1400 977 10790 1759 1233 946 9031 1126
is_linear=0
shrinkage=0.05


Tree=116
num_leaves=15
num_cat=0
split_feature=27 6 7 56 36 43 39 56 22 15 27 21 58 43
split_gain=35.475 112.692 85.8851 78.1776 26.8514 70.1755 71.2807 62.9603 51.351 35.8069 33.8678 28.4338 25.9163 26.476
threshold=14.97916666666667 5.8309059168286606 13.919361111111114 4.3241067675493907 0.45853361337881465 64.51666666666668 25.780971937029438 4.2861179473156517 0.79674258474576287 0.59824054569822704 13.275294117647062 3.3506756756756761 24.031250000000004 57.809090909090919
decision_type=10 8 10 2 8 8 2 2 8 10 10 10 2 10
left_child=4 -2 -3 -4 9 6 8 -7 -6 10 11 -1 13 -13
right_child=1 2 3 -5 5 7 -8 -9 -10 -11 -12 12 -14 -15
leaf_value=-0.0052379590590778576 0.054338279160007531 -0.033302345607094941 0.036867821282352713 -0.013129457574743051 0.019953711344463637 -0.015921340398481802 -0.049785683946899494 0.036313653475133087 -0.028521857125886813 0.026419703160967978 -0.027935617430528904 0.025132367444442211 -0.003460260679609892 0.0050674054575765839
leaf_weight=1412.844056867063 123.22101558744907 131.46005339920521 174.86914967745543 140.04479367285967 102.89167277514935 111.50961712002754 156.42651357501745 117.57489580661058 114.27861302345991 127.72534129023552 107.42599700391293 185.25154539942741 834.11692320555449 1410.6246119067073
leaf_count=3758 292 329 441 345 358 319 338 310 269 403 339 400 2547 4044
internal_value=0.000446299 0.0122167 0.000493637 0.0146624 -0.000988357 -0.0108301 -0.024166 0.010929 -0.00556875 0.000468443 -0.000377122 0.000400339 0.00367936 0.00741085
internal_weight=5250.26 569.595 446.374 314.914 4680.67 602.681 373.597 229.085 217.17 4077.99 3950.26 3842.84 2429.99 1595.88
internal_count=14492 1407 1115 786 13085 1594 965 629 627 11491 11088 10749 6991 4444
is_linear=0
shrinkage=0.05


Tree=117
num_leaves=15
num_cat=0
split_feature=55 20 27 25 13 28 75 46 75 77 5 11 15 49
split_gain=31.8452 47.4561 62.6359 37.9263 53.0129 94.3027 38.5401 50.294 40.7156 35.5892 60.2157 59.7586 54.69 65.8299
threshold=23.72058823529412 -5.3528610115855756e-17 12.044117647058824 -0.14472222222222217 0.54047167133237484 14.429059659090912 8.7150000000000016 60.500000000000007 21.465000000000003 0.81109939042318768 14.813333333333338 0.10041646592596506 0.43904264288510697 12.500000000000002
decision_type=2 10 8 8 10 10 8 2 8 10 10 10 10 2
left_child=9 2 -2 -3 6 -6 -5 -8 -9 10 12 -12 -1 -14
right_child=1 3 -4 4 5 -7 7 8 -10 -11 11 -13 13 -15
leaf_value=-0.004875281856946927 0.0053116595168543855 -0.027924173856583842 0.042477202003404893 0.0071114517187564653 0.058010010695928788 -0.0025715633779740134 0.024968502393999333 -0.031665344896091289 -0.0019521049198079289 0.023009269236233698 -0.05144746785074792 -0.0077438024534900651 0.0032386668716053585 0.044423675686841892
leaf_weight=2202.238446675241 313.31675853580236 105.14621110260487 176.94549841433764 604.32085737586021 111.24959614872932 149.99049006402493 80.72254391014576 242.63934107124805 219.1234398111701 127.73220334947109 122.52229879051447 214.46009936183691 416.78760193288326 125.53824236989021
leaf_count=5692 944 322 543 1496 361 399 229 679 1139 336 301 559 1045 318
internal_value=0.000337497 0.00528224 0.0187846 0.000898066 0.00306866 0.02335 -0.00156771 -0.0112315 -0.0176 -0.00275004 -0.0038249 -0.0237391 -0.00137205 0.0128364
internal_weight=5212.73 2003.45 490.262 1513.19 1408.05 261.24 1146.81 542.485 461.763 3209.28 3081.55 336.982 2744.56 542.326
internal_count=14363 6112 1487 4625 4303 760 3543 2047 1818 8251 7915 860 7055 1363
is_linear=0
shrinkage=0.05


Tree=118
num_leaves=15
num_cat=0
split_feature=79 30 9 58 50 25 69 6 12 69 5 60 30 28
split_gain=23.1646 53.99 71.8578 66.5075 77.0125 74.9121 101.266 52.9439 59.4755 48.4538 67.1252 48.1008 45.4918 43.6914
threshold=0.15928404245544162 0.14132217679344697 3.2557500000000004 18.029411764705888 19.704166666666669 0.0040000000000000183 0.011985563456151692 7.3392159490662623 0.56213585983186487 0.0060121149275561047 3.3583333333333338 2.2500000000000004 0.47009033382038606 13.18649147727273
decision_type=8 10 10 2 8 10 2 8 10 2 8 2 10 10
left_child=7 9 -3 -4 12 -6 -7 8 -1 10 -2 -12 -5 -9
right_child=1 2 3 4 5 6 -8 13 -10 -11 11 -13 -14 -15
leaf_value=-0.0012538152501255747 -0.0066870460468564184 0.033891942747728686 0.041216467130987137 0.0029523755003231858 -0.02160955218304338 -0.021763150476417858 0.044872289636404765 -0.0065750373756263266 0.032918161576227054 -0.011541169799332056 0.0057650011813916557 0.052533859045199194 0.045657290866682076 -0.03105899483055552
leaf_weight=1533.6625624150038 328.22169255465269 258.30648505687714 108.2007836997509 129.99699971824884 422.333357013762 105.70200192928314 121.64183207601309 652.55675238370895 137.85528534650803 825.12688022106886 111.21340900659561 108.2603585422039 119.12405622750521 252.22579115629196
leaf_count=4050 1001 772 344 335 1240 369 364 1618 358 2360 394 344 299 575
internal_value=-0.000320409 0.00297233 0.0104189 0.00437021 -0.000106363 -0.00917044 0.013931 -0.00369201 0.00158245 -0.00389367 0.00762765 0.0289684 0.0234738 -0.0134272
internal_weight=5214.43 2638.13 1265.31 1007 898.798 649.677 227.344 2576.3 1671.52 1372.82 547.695 219.474 249.121 904.783
internal_count=14423 7822 3723 2951 2607 1973 733 6601 4408 4099 1739 738 634 2193
is_linear=0
shrinkage=0.05


Tree=119
num_leaves=15
num_cat=0
split_feature=3 7 18 76 79 61 36 77 36 39 15 44 25 20
split_gain=44.6728 55.9374 31.4692 71.9037 58.3908 35.3198 41.4524 80.4468 32.2296 66.3741 54.3662 65.062 37.7389 37.3564
threshold=19.120000000000005 18.888392857142858 4.1742424242424248 0.98936178976748768 0.011098538543798633 38.250000000000007 0.58105054770647013 0.70677776736118536 0.45432592897306751 25.307323750855584 0.47850016583255267 0.54840464740777151 -0.024807692307692305 3.0839160839160837
decision_type=10 10 10 8 10 2 10 8 8 2 10 10 10 10
left_child=2 -2 5 -4 -5 -1 8 -8 10 -10 13 -12 -13 -7
right_child=1 -3 3 4 -6 6 7 -9 9 -11 11 12 -14 -15
leaf_value=-0.014228308724693573 0.047158710208975933 -0.0014089169578269034 -0.03964260105765785 0.033040792244582867 -0.021083791005987649 0.0026213973421009423 0.049531285853521796 -0.0030249286471152256 0.012469828116910543 -0.03347647788623162 0.051422334123675487 0.026408132236690765 -0.014686667728726014 -0.023335167730133093
leaf_weight=301.20726884156466 120.33394303172827 115.82070861011744 147.30685649812222 100.1523806899786 97.267017766833305 3265.9659938290715 136.16196285188198 154.9665735065937 140.35209938138723 176.47861851751804 122.54812483489513 111.97677889466286 109.60457506030798 143.76079978048801
leaf_count=683 283 350 414 466 273 9107 281 394 422 423 302 294 320 429
internal_value=0.00222884 0.0234335 0.00122439 -0.0133312 0.00640216 0.00230308 0.00344766 0.0216412 0.0021415 -0.0131476 0.00343508 0.0223459 0.00610605 0.0015205
internal_weight=5243.9 236.155 5007.75 344.726 197.419 4663.02 4361.82 291.129 4070.69 316.831 3753.86 344.129 221.581 3409.73
internal_count=14441 633 13808 1153 739 12655 11972 675 11297 845 10452 916 614 9536
is_linear=0
shrinkage=0.05


Tree=120
num_leaves=15
num_cat=0
split_feature=14 11 54 41 10 14 17 13 80 36 43 53 31 30
split_gain=57.5662 44.4543 52.6665 35.7943 42.1385 22.4335 104.849 60.7684 23.7541 30.942 24.3707 18.6825 32.9857 59.9484
threshold=0.78522727272727288 0.14658786964175588 24.258333333333336 14.000000000000002 0.12584453449733221 0.60038461538461563 2.3923076923076927 0.58273919858638634 13.356787819536494 0.48796837211955707 54.396103896103902 2.9687500000000004 0.34927083333333336 0.14223339914916003
decision_type=10 10 10 8 10 10 10 10 2 8 8 10 10 10
left_child=1 3 -3 -1 5 7 -7 8 9 10 -5 -12 13 -13
right_child=-2 2 -4 4 -6 6 -8 -9 -10 -11 11 12 -14 -15
leaf_value=0.026412295623122126 -0.03195109023222583 0.0034866287469299249 0.047840397423251434 0.020149340708457766 -0.026263030725716285 0.045905673638862554 -0.013717003137779316 -0.036738192562337499 0.016551528412113905 -0.023976418643932879 -0.0028035493738894409 0.0040176518923282067 -0.012452310811489458 0.043452369928143102
leaf_weight=121.80002021789551 135.89818181842566 179.64937736839056 105.83338724076748 143.43861738592386 157.64149997383356 133.48633229732513 162.47748912125826 114.55853123217821 205.53696041554213 138.44276232272387 2762.0569705292583 556.41807046532631 195.06338147073984 115.63016580045223
leaf_count=379 377 521 315 307 448 362 406 341 523 344 7780 1483 543 331
internal_value=4.48862e-05 0.000904913 0.0200389 -0.000235475 -0.000933786 -4.61738e-05 0.0132382 -0.000978309 2.55167e-05 -0.000846982 7.92424e-06 -0.000793473 0.00560519 0.0108571
internal_weight=5227.93 5092.03 285.483 4806.55 4684.75 4527.11 295.964 4231.15 4116.59 3911.05 3772.61 3629.17 867.112 672.048
internal_count=14460 14083 836 13247 12868 12420 768 11652 11311 10788 10444 10137 2357 1814
is_linear=0
shrinkage=0.05


Tree=121
num_leaves=15
num_cat=0
split_feature=60 19 31 13 64 6 19 21 39 2 75 50 64 55
split_gain=30.4908 48.1695 40.643 63.2026 31.3906 33.9152 51.3949 57.1727 63.0389 43.627 54.6649 57.991 87.0888 76.4878
threshold=12.250000000000002 19.174242424242429 0.68147058823529416 0.57204782517191632 85.500000000000014 1.0842815381723148 13.483333333333336 4.4802912621359239 25.345653661875431 1.0000000180025095e-35 6.3450000000000006 22.751000000000005 34.500000000000007 21.479411764705883
decision_type=2 10 10 8 10 10 10 10 2 2 10 10 10 2
left_child=1 2 4 -4 5 -1 9 -8 -9 10 -7 13 -13 -12
right_child=-2 -3 3 -5 -6 6 7 8 -10 -11 11 12 -14 -15
leaf_value=-0.0055495943585435921 0.022068198347264079 -0.030606473628362437 -0.0055497381809165754 0.044017545622599026 0.024010202418411352 0.0035630338049104614 0.01456092527915342 0.00079127782705779395 -0.043129537604598332 -0.0014833528113409422 0.033646032446314693 0.0082442836111305245 0.06372261934304678 -0.014701816504668267
leaf_weight=1612.6548486575484 182.51024824380875 114.44923154264688 118.17828699201345 139.56636022776365 142.69387944042683 821.96622283756733 144.16253335773945 150.00183591246605 178.32021775096655 1029.9462784081697 158.02217438817024 125.56843759119511 162.00122004747391 167.6086568236351
leaf_count=4283 484 348 312 344 405 2501 458 434 387 3055 329 316 415 376
internal_value=0.0020465 0.00132085 0.00206497 0.0213569 0.0010011 0.00027443 0.00347245 -0.0116177 -0.0231218 0.0063683 0.0120001 0.0232855 0.0396103 0.00879161
internal_weight=5247.65 5065.14 4950.69 257.745 4692.95 4550.25 2937.6 472.485 328.322 2465.11 1435.17 613.2 287.57 325.631
internal_count=14447 13963 13615 656 12959 12554 8271 1279 821 6992 3937 1436 731 705
is_linear=0
shrinkage=0.05


Tree=122
num_leaves=15
num_cat=0
split_feature=33 68 31 4 53 77 56 56 56 46 22 29 21 79
split_gain=34.9985 26.1222 29.0939 31.7862 36.1097 67.4399 51.0488 41.0023 30.0884 56.0793 54.7357 39.9234 42.718 50.6591
threshold=5.9411764705882364 1.0000000180025095e-35 0.75343137254901971 20.813603896932111 3.2792207792207795 0.58206963011564017 4.1360704900603809 4.4045989220661719 4.1608656174334149 61.735294117647065 0.75490951097420111 0.1016802242036411 4.4152394775036301 0.24748576759178767
decision_type=10 2 10 10 10 10 2 2 2 2 10 10 10 10
left_child=1 2 3 4 8 6 -6 -8 9 10 -1 12 -11 -14
right_child=-2 -3 -4 -5 5 -7 7 -9 -10 11 -12 -13 13 -15
leaf_value=0.0039837918803594611 0.026319415631711092 -0.018612643613967989 0.024272469172658212 -0.026785060389559214 -0.012762895071589881 0.045063966690049452 0.040269660957906767 0.0027445235345468061 -0.0054780022439887832 -0.0088033324613873958 0.040260451217446959 -0.02756394560046271 0.0001769392864532862 0.036718764601208723
leaf_weight=257.14835826307535 118.32251510024071 202.83618400990963 116.15394202619791 115.14688150584698 266.52021832019091 114.80526445806026 116.8473067805171 190.83864862471819 2501.8363702967763 496.91323870420456 173.85680624842644 139.14458294212818 273.06402681767941 144.32890953123569
leaf_count=652 297 569 273 349 688 263 324 555 6722 1507 469 413 1034 308
internal_value=-0.000449072 -0.001074 -0.000345313 -0.000947161 -0.000305214 0.0102556 0.00322988 0.0170794 -0.00213272 0.00350517 0.0186762 -0.00271368 0.00109416 0.0128702
internal_weight=5227.76 5109.44 4906.6 4790.45 4675.3 689.011 574.206 307.686 3986.29 1484.46 431.005 1053.45 914.306 417.393
internal_count=14423 14126 13557 13284 12935 1830 1567 879 11105 4383 1121 3262 2849 1342
is_linear=0
shrinkage=0.05


Tree=123
num_leaves=15
num_cat=0
split_feature=17 6 10 77 77 25 77 41 21 59 31 25 30 52
split_gain=26.2639 67.3897 51.2105 32.8321 27.4294 75.2122 29.942 23.2713 57.5006 42.3488 36.5736 27.002 32.4362 46.944
threshold=3.8944444444444448 7.2903134104915317 0.13295376121463079 0.81109939042318768 0.62324007214637966 0.02 0.54273471997912581 53.500000000000007 3.9892742121002995 0.75000000000000011 0.57614583333333347 0.036055555555555584 0.19801839054149953 217.03125000000003
decision_type=10 8 10 10 10 10 10 8 10 2 10 8 10 10
left_child=2 -2 3 4 6 -6 7 8 -1 -10 11 -9 -13 -14
right_child=1 -3 -4 -5 5 -7 -8 10 9 -11 -12 12 13 -15
leaf_value=-0.038052612332116285 0.016939324124899915 -0.032196683307085118 0.027756337278434524 0.025140836782796345 0.0054264847131435222 -0.035032987183677512 0.018002766657064542 -0.0056154319696852988 0.027371692848692803 -0.01911973568821931 0.026770621168179909 0.0004054276369987918 0.033406967517623669 0.0012933369892498857
leaf_weight=132.10823649913073 110.74312875419855 185.38043910264969 177.72150522470474 130.3934903293848 271.75519029796124 197.67628927528858 245.16462111473083 1266.8512008041143 98.909639179706573 95.129796914756298 133.47524935752153 1729.8420327529311 200.95081373304129 260.9035829231143
leaf_count=413 377 567 487 365 537 448 549 3610 328 325 444 4641 482 865
internal_value=0.000612184 -0.0138258 0.00148012 0.000494095 -0.000204886 -0.0116491 0.00108798 2.52815e-05 -0.0127416 0.00459763 0.00118771 0.000192942 0.00355135 0.0153078
internal_weight=5237.01 296.124 4940.88 4763.16 4632.77 469.431 4163.34 3918.17 326.148 194.039 3592.02 3458.55 2191.7 461.854
internal_count=14438 944 13494 13007 12642 985 11657 11108 1066 653 10042 9598 5988 1347
is_linear=0
shrinkage=0.05


Tree=124
num_leaves=15
num_cat=0
split_feature=64 20 3 55 31 24 54 36 75 54 31 29 75 10
split_gain=39.3176 47.923 29.7211 23.967 59.7334 75.8024 62.4906 43.3122 43.2665 40.5935 31.7551 64.251 64.6246 53.053
threshold=85.500000000000014 7.0384615384615392 19.120000000000005 25.246875000000006 0.22679487179487182 0.76900000000000113 23.679487179487186 0.22558414342050112 15.635000000000003 21.12916666666667 0.55941176470588239 0.092513863655430253 11.915000000000001 0.031756546630060611
decision_type=10 10 10 2 10 8 10 10 10 8 8 8 10 8
left_child=1 2 3 8 7 -6 9 -5 10 -7 -1 -12 13 -13
right_child=-2 -3 -4 4 5 6 -8 -9 -10 -11 11 12 -14 -15
leaf_value=-0.0046461412388228299 0.024329893817886607 -0.033430868472813097 0.023258709888094604 0.0011727482484122709 -0.0057295518775501864 0.027659261865924368 0.0026536543386093967 -0.033673316947072922 -0.024999834657795508 0.070792575631704727 0.035075999903446911 -0.0065776975514262176 -0.024208626946836131 0.019114714289932441
leaf_weight=2318.9701499268413 160.85953377187252 108.44246451556683 132.86162396520376 442.6374573558569 217.86545576900244 121.31617028266191 118.90524914860725 110.65344569832087 202.12284170091152 101.46143342554569 157.32892917096615 374.26078931242228 204.5749092400074 431.87001299858093
leaf_count=6076 465 289 361 1442 757 395 392 369 443 304 427 1009 423 1223
internal_value=7.29795e-05 -0.000705386 2.03814e-05 -0.000627289 0.00580102 0.017306 0.031968 -0.00584434 -0.00256746 0.0475324 -0.00126038 0.0054598 0.000819555 0.00719318
internal_weight=5204.13 5043.27 4934.83 4801.97 1112.84 559.548 341.683 553.291 3689.13 222.778 3487 1168.03 1010.71 806.131
internal_count=14375 13910 13621 13260 3659 1848 1091 1811 9601 699 9158 3082 2655 2232
is_linear=0
shrinkage=0.05


Tree=125
num_leaves=15
num_cat=0
split_feature=51 15 56 4 76 8 48 11 20 56 47 77 61 76
split_gain=29.8425 82.9325 37.4131 73.6932 43.6083 47.9756 37.0586 100.455 59.8325 46.703 42.9265 37.5486 44.3535 37.7413
threshold=4.753981867189415 0.61007539692662272 4.3715833071039247 16.897313665793988 1.1227135967435073 15.043499096958266 25.424632352941178 0.10041646592596506 3.7416666666666671 4.1608656174334149 0.61614049030107154 0.15267387457959822 42.250000000000007 1.1143262219821768
decision_type=8 10 2 10 10 8 2 10 10 2 2 10 2 10
left_child=2 -2 6 4 5 -4 8 -8 9 11 -11 -1 -13 -14
right_child=1 -3 3 -5 -6 -7 7 -9 -10 10 -12 12 13 -15
leaf_value=-0.0025855326330803683 0.0015025799718117866 0.039731219538986187 -0.0046584204774986889 -0.047662504958570134 -0.021855021557070874 0.029716087863846743 0.0012205440753363583 0.048406529628109658 -0.027785687266007105 -0.019702143455982424 0.016212465460675035 -0.00065670627535039273 0.046342671710707606 0.0093695036603504336
leaf_weight=532.71812382340431 1270.2029974609613 158.71959208697081 790.81907648593187 114.21999897807837 313.74946919083595 115.43061923980713 566.34764992445707 139.86199291050434 211.9055524840951 390.21509540081024 104.85570324212313 212.50646677613258 152.20496669411659 126.74818736314774
leaf_count=1923 3251 400 2264 300 692 313 1646 417 586 1078 352 412 381 323
internal_value=-0.000377363 0.0057737 -0.0027087 -0.00943612 -0.00582115 -0.000252151 0.000976269 0.0106208 -0.00296198 0.000516438 -0.0120781 0.00661028 0.0165631 0.0296366
internal_weight=5200.51 1428.92 3771.58 1334.22 1220 906.25 2437.36 706.21 1731.15 1519.25 495.071 1024.18 491.46 278.953
internal_count=14338 3651 10687 3569 3269 2577 7118 2063 5055 4469 1430 3039 1116 704
is_linear=0
shrinkage=0.05


Tree=126
num_leaves=15
num_cat=0
split_feature=10 33 36 29 43 59 9 9 15 39 20 41 76 75
split_gain=31.1032 53.1119 42.1016 80.1702 80.7359 97.1515 43.593 34.3831 44.5052 56.2573 31.2417 32.2969 58.0933 46.799
threshold=0.19021535617734595 5.9411764705882364 0.46673465143720955 0.14510077284422135 64.345238095238116 0.75000000000000011 15.19916666666667 12.764500000000004 0.47850016583255267 26.511978097193708 3.1547619047619055 145.50000000000003 1.2102662116421594 8.5150000000000023
decision_type=10 10 10 8 10 2 10 10 10 2 10 8 10 10
left_child=1 2 6 4 5 -4 7 8 10 -10 11 12 13 -1
right_child=-2 -3 3 -5 -6 -7 -8 -9 9 -11 -12 -13 -14 -15
leaf_value=0.0062843631491224881 -0.025328700716581987 0.034816309287919282 -0.0068293878130882271 0.023510836838380206 0.010083222483286939 -0.052295686989313854 0.031212076538071849 -0.019681196611195453 0.0005847999384220729 0.047790314024262551 -0.021628572994804009 -0.0018543106729768236 0.027875490442866691 -0.028292876844904686
leaf_weight=830.34826748818159 115.31057795137167 111.3567780405283 243.1920778080821 141.75677559524775 185.14382857084274 226.94360917061567 123.45950557291508 187.53373590111732 136.49612775444984 116.44069474935532 148.3471774533391 2232.2161269634962 287.28523722290993 109.91868026554585
leaf_count=2420 337 263 571 398 524 534 424 549 386 301 441 6295 661 269
internal_value=0.000236514 0.000821637 5.29673e-05 -0.0104693 -0.0178449 -0.0288413 0.00206519 0.00116889 0.00218642 0.0224187 0.000762274 0.00172832 0.00823927 0.00221647
internal_weight=5195.75 5080.44 4969.08 797.036 655.28 470.136 4172.05 4048.59 3861.05 252.937 3608.12 3459.77 1227.55 940.267
internal_count=14373 14036 13773 2027 1629 1105 11746 11322 10773 687 10086 9645 3350 2689
is_linear=0
shrinkage=0.05


Tree=127
num_leaves=15
num_cat=0
split_feature=51 76 22 76 9 14 76 41 4 4 41 15 15 27
split_gain=31.8277 72.5761 58.2712 45.3269 57.3184 60.7401 55.575 44.1457 38.665 35.9954 35.7292 39.1832 41.0637 38.1874
threshold=4.7195713017953453 1.2041905137190692 0.7062745098039217 1.044187385868802 8.9195000000000011 0.27292857142857146 0.99292932109719645 73.500000000000014 15.154762937826154 3.1679812265646854 24.500000000000004 0.69840099465995109 0.6200333437101615 10.729411764705885
decision_type=8 10 10 10 8 10 10 10 10 10 8 10 10 10
left_child=3 8 -3 6 5 9 10 -6 -2 -5 -1 12 13 -12
right_child=1 2 -4 4 7 -7 -8 -9 -10 -11 11 -13 -14 -15
leaf_value=-0.025726137105485256 -0.001748300068757244 0.006893505241993711 0.052660568084614889 -0.00059638796627494882 -0.01128501575603554 0.019413377986942443 0.030051994916862508 -0.043433166168226831 0.02709346507890616 -0.032135566569398283 -0.0014171515986678661 0.031633933886273766 -0.03130814532534356 0.018841752318453517
leaf_weight=131.35813660174608 1101.6794063225389 141.04397010803223 136.87290360033512 225.74775469303131 259.45144613087177 227.98883612453938 157.90261842310429 181.67930664122105 128.89283768087626 150.00647407770157 1878.6325584799051 98.779926836490631 101.47579906880856 264.46505618840456
leaf_count=425 2912 302 302 476 637 491 377 407 324 340 5900 304 300 815
internal_value=0.000399378 0.00651285 0.0295416 -0.00210943 -0.0109153 -0.000897011 0.00138839 -0.0245935 0.0012922 -0.0132392 -0.000451933 0.000975197 -0.000387529 0.00109048
internal_weight=5185.98 1508.49 277.917 3677.49 1044.87 603.743 2632.61 441.131 1230.57 375.754 2474.71 2343.35 2244.57 2143.1
internal_count=14312 3840 604 10472 2351 1307 8121 1044 3236 816 7744 7319 7015 6715
is_linear=0
shrinkage=0.05


Tree=128
num_leaves=15
num_cat=0
split_feature=17 51 12 13 9 20 28 43 43 78 15 19 25 20
split_gain=50.8101 60.5371 39.6744 72.4053 30.5876 42.6471 64.0305 48.4157 31.814 55.0605 25.0414 38.7519 31.5617 22.6496
threshold=4.3452380952380958 4.2448336871903765 0.66415343223863565 0.61054047200296868 16.500666666666671 3.0333333333333337 13.922928571428574 62.928205128205128 56.031250000000007 2.5000000000000004 0.61007539692662272 12.966666666666669 -0.17699999999999994 1.5634920634920637
decision_type=10 10 10 10 10 10 10 10 8 8 10 10 8 10
left_child=2 -2 3 4 5 8 7 -7 9 -1 11 12 -10 -14
right_child=1 -3 -4 -5 -6 6 -8 -9 10 -11 -12 -13 13 -15
leaf_value=0.038903281272017386 -0.053979300968634215 0.0023064898266950454 0.023032954678730108 -0.031832265466616702 0.022224928877069335 -0.024131306705808785 -0.043459069831473393 0.018050786566664308 0.025259277480537409 -0.0031020798843868127 0.022105657473032465 -0.02999770612242289 -0.0027079886338642264 0.0099143680673006614
leaf_weight=141.88871359825134 97.74029890447855 92.391869470477104 172.03091091662645 186.08949121832848 147.41406903415918 128.2366062104702 140.32642777264118 142.63236081600189 115.12303110212088 171.52822443842888 116.96791978925467 112.97252919524908 3057.5470764413476 401.14120270311832
leaf_count=272 336 281 504 478 396 308 334 446 344 402 296 332 8445 1200
internal_value=-0.00145527 -0.0267591 -0.000494414 -0.00133147 -0.000111029 -0.000842889 -0.0161765 -0.00193465 0.000692088 0.0159776 -0.000571261 -0.00129651 -0.000381097 -0.0012416
internal_weight=5224.03 190.132 5033.9 4861.87 4675.78 4528.36 411.195 270.869 4117.17 313.417 3803.75 3686.78 3573.81 3458.69
internal_count=14374 617 13757 13253 12775 12379 1088 754 11291 674 10617 10321 9989 9645
is_linear=0
shrinkage=0.05


Tree=129
num_leaves=15
num_cat=0
split_feature=54 21 8 77 75 80 14 8 10 19 33 44 41 33
split_gain=30.8635 63.9849 42.3282 80.0019 55.3872 40.5455 30.9479 30.9119 44.3125 33.1319 24.6425 24.2403 33.7562 48.8728
threshold=30.369318181818183 4.7506218905472641 16.782107348996963 0.78153181689767071 14.785000000000002 13.99126308248457 0.5851923076923079 11.717776591990857 0.077684255372346675 9.8944444444444475 2.5798319327731094 0.64775976154589643 143.50000000000003 2.1483516483516487
decision_type=10 10 10 8 10 2 10 10 10 10 8 10 8 10
left_child=2 -2 4 -4 5 6 7 9 -9 11 -11 12 13 -1
right_child=1 -3 3 -5 -6 -7 -8 8 -10 10 -12 -13 -14 -15
leaf_value=0.01379675801128514 -0.0020930417132507015 0.039658184946109766 -0.035360699185821985 0.012211801560198469 0.023708699774947464 -0.024814317551208057 0.019893817708442552 -0.038336873277507233 0.0010679236653855166 0.037378130357776727 0.0034386074765223686 -0.01287784663282966 -0.0024623771724661507 -0.013364135818172999
leaf_weight=863.13517951220274 225.62578312307596 153.56469041854143 218.73508402705193 147.15616403520107 261.3612666875124 157.05570387095213 204.71304868906736 122.90819665044546 168.06363331526518 105.57606746256351 107.80629268288612 326.11852152645588 1948.914156280458 204.04573123902082
leaf_count=2259 616 453 492 523 586 462 518 430 482 323 297 1008 5393 521
internal_value=0.00115828 0.0148752 7.97948e-05 -0.0162466 0.00141961 3.00339e-05 0.000999059 -1.1423e-05 -0.0156512 0.0012725 0.020327 5.02507e-05 0.00145192 0.00859593
internal_weight=5214.78 379.19 4835.59 365.891 4469.7 4208.34 4051.28 3846.57 290.972 3555.6 213.382 3342.21 3016.1 1067.18
internal_count=14363 1069 13294 1015 12279 11693 11231 10713 912 9801 620 9181 8173 2780
is_linear=0
shrinkage=0.05


Tree=130
num_leaves=15
num_cat=0
split_feature=31 20 55 7 21 12 43 27 52 79 44 56 65 28
split_gain=42.0906 55.7573 32.5343 61.3039 43.4162 35.9424 68.4383 38.754 35.1004 32.2888 27.6677 26.4549 32.7877 28.3638
threshold=0.6975128205128206 3.9375000000000009 19.335294117647063 4.1282500000000004 5.0527580971659924 0.58169687657756752 60.480769230769234 16.173333333333336 173.87500000000003 -0.054234944197662102 0.64063917876588039 4.9489862057503755 3.5000000000000004 13.160833333333334
decision_type=10 8 2 10 10 10 10 10 8 10 10 2 10 10
left_child=2 -2 3 -1 -5 7 -7 8 -4 -8 11 13 -13 -10
right_child=1 -3 5 4 -6 6 9 -9 10 -11 -12 12 -14 -15
leaf_value=-0.004701110023541291 0.00087210551245956119 -0.043111378791309815 0.019568382851632569 0.037758647557397433 0.0021907474705482669 -0.049978768491260817 -0.020932293454352234 0.027934840654818372 -0.0012751553555525796 0.01954103991706747 -0.015206117330827735 0.02981897494716795 -0.0030711325404769768 -0.019102344956147498
leaf_weight=387.73463426530361 150.73624832928181 136.97259169816971 182.09337203204632 219.57525550574064 140.62714843451977 110.36893456429243 98.295706190168858 111.9969078451395 2623.2713172361255 96.829219624400139 402.706413410604 144.84083257615566 157.36924216151237 242.88246928155422
leaf_count=866 362 351 405 485 334 275 365 309 7742 254 1319 303 352 626
internal_value=-0.00158996 -0.0201444 -0.000500757 0.00909477 0.023917 -0.00222332 -0.0187047 -0.000916166 -0.00178431 -0.000850489 -0.00287829 -0.00130709 0.0127385 -0.002792
internal_weight=5206.3 287.709 4918.59 747.937 360.202 4170.65 305.494 3865.16 3753.16 195.125 3571.07 3168.36 302.21 2866.15
internal_count=14348 713 13635 1685 819 11950 894 11056 10747 619 10342 9023 655 8368
is_linear=0
shrinkage=0.05


Tree=131
num_leaves=15
num_cat=0
split_feature=20 54 22 3 66 6 36 58 36 41 11 5 79 36
split_gain=26.8924 76.3767 75.3055 50.4472 60.8154 70.6467 65.7041 71.4674 66.1583 41.8528 53.323 34.6114 66.7767 41.0761
threshold=1.6515151515151516 15.258333333333335 0.91547619047619055 20.735000000000003 7.5000000000000009 6.08759634828212 0.55532825785493334 21.393382352941178 0.46673465143720955 36.500000000000007 0.066449495475930667 7.9166666666666687 0.019908910188620354 0.27167075491933018
decision_type=8 8 10 10 2 10 10 2 8 10 10 10 10 10
left_child=11 -2 3 4 6 -6 8 -8 9 -3 -11 13 -13 -1
right_child=1 2 -4 -5 5 -7 7 -9 -10 10 -12 12 -14 -15
leaf_value=-0.0018129088900683281 -0.031263338265938266 -0.0032584312277629426 0.038023068246989478 -0.027245686639591388 0.017347057545308405 -0.034892180693020698 0.061174724497274548 0.010857391605977276 -0.022981017044336319 0.0088047695882675896 0.041010139477978623 0.0053944668307661422 -0.034438718242630444 0.019797151875282661
leaf_weight=2396.7295004352927 132.3277722299099 342.75277402251959 186.11077589541674 114.75486124306917 104.60251855105162 166.70781119912863 122.12890713661909 166.58500621467829 171.01866738498211 425.36128322035074 183.67429587990046 202.45890387147665 217.52237041294575 241.09904279559851
leaf_count=6608 326 1052 470 328 301 460 286 398 470 1095 575 734 538 650
internal_value=0.00104288 0.00537491 0.00783348 0.00468844 0.00688097 -0.0147618 0.0110485 0.0322798 0.00556526 0.0107132 0.0185686 -0.00195569 -0.0152693 0.000169017
internal_weight=5173.83 2116.02 1983.7 1797.59 1682.83 271.31 1411.52 288.714 1122.81 951.788 609.036 3057.81 419.981 2637.83
internal_count=14291 5761 5435 4965 4637 761 3876 684 3192 2722 1670 8530 1272 7258
is_linear=0
shrinkage=0.05


Tree=132
num_leaves=15
num_cat=0
split_feature=8 4 51 39 46 75 13 48 55 76 80 13 76 51
split_gain=28.0339 58.2127 36.2815 26.4073 48.6842 53.2062 41.9555 41.9439 38.6437 57.8364 53.113 50.589 49.3493 47.5261
threshold=20.333688252552154 20.407291927014388 5.4389542483660138 25.804243668720058 66.24264705882355 2.6350000000000002 0.16892155709387938 16.424632352941178 23.215625000000003 0.8833450374531836 8.6240439949791341 0.25958979928091624 1.0515782987866535 4.3236539306104529
decision_type=10 10 10 2 2 8 8 2 2 10 2 8 10 8
left_child=1 2 3 7 5 -5 -6 -1 10 -10 11 -7 -12 -11
right_child=-2 -3 -4 4 6 8 -8 -9 9 13 12 -13 -14 -15
leaf_value=0.030818835368636867 -0.024636074526800607 0.034313976167204475 -0.023183943902419648 0.009169388307928272 -0.0072949894322738244 -0.0039613631224491245 0.036741880475004825 0.0023382142387885327 -0.0055941892461833153 -0.016642784239028138 0.027570326416335951 -0.03678618723028023 -0.011091001940581017 -0.056796768512387269
leaf_weight=135.43187060207129 112.75978317111731 122.9006477072835 167.54845328629017 445.19397002458572 91.609729252755642 425.7509356662631 130.05953501164913 2469.4736048206687 331.04485312849283 154.55792333185673 200.94885037094355 161.21355365216732 138.86165460944176 141.94274450838566
leaf_count=305 352 321 409 936 401 1098 511 7036 1210 357 492 380 264 312
internal_value=-8.65489e-05 0.000459189 -0.000380729 0.000415574 -0.00358888 -0.00605591 0.0185916 0.00383021 -0.0104199 -0.0199908 -0.0039246 -0.0130241 0.0117854 -0.0359919
internal_weight=5229.3 5116.54 4993.64 4826.09 2221.18 1999.51 221.669 2604.91 1554.32 627.546 926.775 586.964 339.811 296.501
internal_count=14384 14032 13711 13302 5961 5049 912 7341 4113 1879 2234 1478 756 669
is_linear=0
shrinkage=0.05


Tree=133
num_leaves=15
num_cat=0
split_feature=48 5 7 75 12 58 33 43 69 44 6 14 75 76
split_gain=41.0172 93.6726 40.0917 36.617 29.3998 24.2417 51.9686 99.6465 51.2836 42.4768 55.2714 33.4333 85.7953 40.7988
threshold=28.352941176470591 13.141666666666667 8.4930222222222245 18.255000000000006 0.056547434886913057 24.488970588235297 2.9999999999999996 61.759615384615394 0.013782051282051283 0.59871580813390235 4.9701968904298761 0.1335416666666667 1.8950000000000002 1.6732284178592629
decision_type=2 10 8 10 10 2 10 10 2 10 10 8 10 10
left_child=3 2 4 5 -2 6 11 -8 -9 -7 -11 12 -1 -13
right_child=1 -3 -4 -5 -6 9 7 8 -10 10 -12 13 -14 -15
leaf_value=-0.0015493744724191054 -0.0038074023649741456 0.050443968810483145 -0.018464764404524759 -0.025596439777139338 0.02379349252818512 -0.000305817535583436 0.041962927145455325 -0.03038726284387909 0.018318429545690715 -0.0073737233782980851 -0.0432382585804236 -0.0022203058080977468 0.045012366273609682 -0.028184210029683517
leaf_weight=410.50692138820887 179.37388287484646 122.41366457939148 163.30639689415693 159.49992763996124 207.17045981436968 946.07388938218355 209.1049335449934 108.94836626946926 105.36321971565485 357.03748793154955 153.00010658055544 1878.0748777464032 129.32252798974514 163.58550132811069
leaf_count=1242 452 313 437 379 500 2605 448 335 293 1136 483 5330 266 336
internal_value=-0.00045279 0.0110773 0.00223739 -0.0021324 0.0110087 -0.00128791 0.00127805 0.0174922 -0.00646794 -0.00658041 -0.0181959 -0.00138714 0.00966764 -0.00431341
internal_weight=5292.78 672.264 549.851 4620.52 386.544 4461.02 3004.91 423.417 214.312 1456.11 510.038 2581.49 539.829 2041.66
internal_count=14555 1702 1389 12853 952 12474 8250 1076 628 4224 1619 7174 1508 5666
is_linear=0
shrinkage=0.05


Tree=134
num_leaves=15
num_cat=0
split_feature=45 5 5 75 61 44 43 58 76 29 12 20 5 48
split_gain=28.1879 95.9441 56.9387 48.3251 47.9063 38.3748 35.9305 29.4579 37.9377 35.327 42.4899 75.9127 71.9387 55.2181
threshold=27.825757575757578 16.541666666666671 11.741666666666669 18.255000000000006 45.250000000000007 0.55887122416534185 64.031250000000014 17.393382352941178 0.9167282370242843 0.14776596401753142 0.66415343223863565 2.8166666666666669 13.04166666666667 21.242647058823533
decision_type=10 10 8 10 2 10 10 2 10 10 10 10 10 2
left_child=3 2 4 7 -2 -6 -7 8 -1 10 11 12 -9 -13
right_child=1 -3 -4 -5 5 6 -8 9 -10 -11 -12 13 -14 -15
leaf_value=-0.0013591081210263701 0.030778379884512957 0.045580860364622985 -0.027133615984960609 -0.030833387700466727 -0.016036123161873313 0.037973263409472963 -0.0041213403733133692 3.4750664833152721e-05 -0.033406102648670784 0.026887907602022927 0.0281294678914559 -0.040757574504658924 0.035453237297207479 -0.0054124785702594404
leaf_weight=243.49427833408117 164.02500119805336 143.96540063619614 143.02584257721901 134.22136671841145 210.20624615252018 89.118095070123672 115.47808109223843 2992.4761642664671 147.86413642764091 125.0968214571476 128.39037854224443 188.27157141268253 149.57888873666525 266.38195325434208
leaf_count=720 440 373 391 331 498 285 423 8196 314 413 375 507 424 763
internal_value=0.000223298 0.00846084 0.00100486 -0.00140819 0.00799256 -0.00106997 0.0143098 -0.000470004 -0.0135215 0.000859797 -2.12642e-05 -0.00103369 0.00173161 -0.0201062
internal_weight=5241.59 865.819 721.853 4375.78 578.827 414.802 204.596 4241.55 391.358 3850.2 3725.1 3596.71 3142.06 454.654
internal_count=14453 2410 2037 12043 1646 1206 708 11712 1034 10678 10265 9890 8620 1270
is_linear=0
shrinkage=0.05


Tree=135
num_leaves=15
num_cat=0
split_feature=24 8 55 54 8 29 61 6 3 12 14 54 14 76
split_gain=25.4386 29.4335 91.3746 63.7671 57.3264 28.592 61.441 36.5728 86.5124 57.413 52.0411 27.1339 43.3408 30.0289
threshold=-1.0167909090909089 13.302589826863219 20.746875000000003 24.738636363636367 11.818084139046958 0.10963595324446611 46.750000000000007 8.6446708051446617 12.486190476190478 0.38800939191194939 0.39677083333333335 31.472222222222225 0.4767948717948719 1.2041905137190692
decision_type=10 10 2 10 10 10 2 10 10 10 10 10 10 10
left_child=1 4 -3 -4 11 7 -7 8 9 10 -2 12 13 -1
right_child=5 2 3 -5 -6 6 -8 -9 -10 -11 -12 -13 -14 -15
leaf_value=0.00054369625186061188 -0.0038411388871929042 0.047514307573651694 0.015867431216492096 -0.030710364765941307 -0.032711558471565809 -0.0347880965534366 0.01111584524918705 -0.024477079119272341 0.034643178206643262 -0.036076694322382009 0.026704453933628542 0.023785841710186738 -0.022291542737677403 0.016648354635966856
leaf_weight=1778.8985197618604 1290.6687786579132 143.30856801569462 209.75551322102547 111.8159754127264 120.5930503308773 199.50161282718182 113.92030294984579 162.06932365894318 164.76397589594126 122.38588374853134 155.3158460855484 139.62425912171602 180.49297005683184 344.7196472287178
leaf_count=5007 3683 316 555 334 348 525 328 440 463 416 396 396 473 734
internal_value=-7.70705e-05 0.0028979 0.0144592 -0.000373471 0.000797168 -0.00415682 -0.018121 -0.00183913 0.000290685 -0.00333797 -0.000543993 0.00246345 0.00116161 0.00316452
internal_weight=5237.83 3029.21 464.88 321.571 2564.33 2208.63 313.422 1895.2 1733.13 1568.37 1445.98 2443.74 2304.11 2123.62
internal_count=14414 8163 1205 889 6958 6251 853 5398 4958 4495 4079 6610 6214 5741
is_linear=0
shrinkage=0.05


Tree=136
num_leaves=15
num_cat=0
split_feature=56 54 14 14 65 44 15 79 22 71 33 43 15 75
split_gain=31.003 53.2688 44.3044 62.3782 49.1401 40.5552 36.4174 94.1544 47.6886 37.7852 32.1985 50.2278 30.8023 73.0146
threshold=4.3998369535179362 30.369318181818183 0.67519230769230776 0.59033333333333349 12.500000000000002 0.46888827433628327 0.60641183267072774 0.24748576759178767 0.77442071785552036 0.32635055966632437 1.1882352941176473 57.690476190476197 0.13488615745254715 1.8950000000000002
decision_type=2 10 10 10 10 8 10 10 8 2 10 10 8 10
left_child=1 5 3 4 10 -1 9 8 -8 12 -2 -12 13 -7
right_child=2 -3 -4 -5 -6 6 7 -9 -10 -11 11 -13 -14 -15
leaf_value=-0.025536915239143577 -0.0033484715336073115 0.031037295215607524 -0.029548058805392137 0.031021377541074271 0.019386685951345912 -0.0005804014212362228 0.022175224741920619 0.04765584443930905 -0.021713494970137234 0.021135860832459621 0.010232816770347765 -0.028434634290153415 -0.0042718404244457657 0.044980005730836513
leaf_weight=132.43751315772533 1008.7207401916385 158.74360556155443 168.13553869724274 125.88483770936728 177.95292970538139 391.89653705060482 110.14629324525595 151.0568208694458 138.68813826143742 202.4858206436038 109.53712768852711 352.93858850002289 1869.9225945100188 112.36941623687744
leaf_count=289 2619 549 412 317 531 1221 389 298 408 581 240 1024 5317 226
internal_value=-9.5536e-05 0.00287825 -0.00509534 -0.00276379 -0.00535995 0.00143096 0.00263902 0.0166578 -0.0022752 0.000457732 -0.00836439 -0.019274 -0.00131399 0.0096411
internal_weight=5210.92 3267.75 1943.17 1775.03 1649.15 3109 2976.57 399.891 248.834 2576.67 1471.2 462.476 2374.19 504.266
internal_count=14421 9278 5143 4731 4414 8729 8440 1095 797 7345 3883 1264 6764 1447
is_linear=0
shrinkage=0.05


Tree=137
num_leaves=15
num_cat=0
split_feature=14 14 14 14 75 75 58 75 31 75 75 75 5 79
split_gain=62.5281 30.883 32.4103 50.1884 64.6928 62.0681 43.7075 26.6021 35.2605 21.6818 46.0148 36.4907 35.1282 20.1409
threshold=0.78522727272727288 0.72563492063492074 0.65833333333333344 0.60038461538461563 15.995000000000003 13.525 22.60477941176471 12.345000000000001 0.57614583333333347 10.965000000000002 8.7950000000000017 7.9850000000000012 9.6166666666666689 -1.1385443093090097
decision_type=10 10 10 10 10 10 2 10 10 10 10 10 8 8
left_child=1 2 3 4 5 7 -4 8 9 10 11 13 -12 -1
right_child=-2 -3 6 -5 -6 -7 -8 -9 -10 -11 12 -13 -14 -15
leaf_value=0.018718621403788278 -0.033470210082185779 0.022470104400125878 -0.041771423975313804 0.022909416690581358 -0.038427786897278597 0.027422708617173348 0.0035821121307447004 -0.021226699792808841 0.022148125786258795 0.017269621482760796 -0.038136633909073257 0.026190114989693633 -0.003289557738976997 -0.0019356646431289292
leaf_weight=121.58238363265991 137.41220612078905 155.3117992207408 105.76700001209974 241.52211862802505 108.35618181526661 203.20680376887321 105.43597444146872 152.64124381542206 170.61683269590139 154.66363210976124 145.42213515937328 125.53687584400177 143.31176553666592 3180.8014515787363
leaf_count=193 385 341 287 597 242 490 316 367 540 372 355 300 356 9324
internal_value=-0.000309637 0.00058772 -0.000102029 0.000752316 -0.00044009 0.000504405 -0.01922 -0.000805881 -2.96414e-05 -0.00101253 -0.00177776 -0.000160491 -0.0209115 -0.00116981
internal_weight=5251.59 5114.18 4958.86 4747.66 4506.14 4397.78 211.203 4194.58 4041.94 3871.32 3716.65 3427.92 288.734 3302.38
internal_count=14465 14080 13739 13136 12539 12297 603 11807 11440 10900 10528 9817 711 9517
is_linear=0
shrinkage=0.05


Tree=138
num_leaves=15
num_cat=0
split_feature=56 13 41 15 31 28 3 65 41 30 7 55 71 10
split_gain=28.7744 51.3564 67.2913 53.3712 42.4378 38.6308 53.062 25.9073 52.5034 63.9818 69.8073 69.6342 48.9993 36.032
threshold=4.3605422573208426 0.70277739116062476 90.500000000000014 0.67991041034472077 0.56932126696832586 8.6348437500000017 10.805555555555557 13.500000000000002 83.500000000000014 0.096898479730717954 12.936508333333334 21.815625000000001 0.23672055972919567 0.13044395150564364
decision_type=2 8 8 10 10 10 10 8 10 10 8 2 2 10
left_child=7 3 -3 4 5 -2 -7 8 -1 -10 11 -11 13 -9
right_child=1 2 -4 -5 -6 6 -8 12 9 10 -12 -13 -14 -15
leaf_value=-0.0011863046298171286 -0.004081505025407473 0.044067266268895004 -0.0054510070130423275 -0.038132199331922731 0.017252408427229526 -0.040402211607782852 0.0036391645779493237 -0.0080169230324347619 0.0018830640130101319 0.070551937289745556 -0.0010305251401034566 0.020947343169589031 0.02492147222980012 0.020119721447861109
leaf_weight=894.13060147315264 1181.441309005022 116.70091424137354 164.02462124824524 132.77296609431505 184.48772940784693 186.1846219599247 107.52243912220001 1142.1660401970148 388.83696530759335 130.53087236732244 124.94314902275801 155.77200833708048 149.88002364337444 125.40451563149691
leaf_count=2761 3169 312 409 307 429 531 296 3097 1100 314 322 494 433 356
internal_value=-6.99608e-05 -0.00463211 0.0152177 -0.00774772 -0.00529542 -0.00812512 -0.0243216 0.00297007 0.00714135 0.0164378 0.0301614 0.0437299 -0.0020172 -0.00521962
internal_weight=5184.8 2073.13 280.726 1792.41 1659.64 1475.15 293.707 3111.66 1694.21 800.083 411.246 286.303 1417.45 1267.57
internal_count=14330 5453 721 4732 4425 3996 827 8877 4991 2230 1130 808 3886 3453
is_linear=0
shrinkage=0.05


Tree=139
num_leaves=15
num_cat=0
split_feature=77 11 11 76 76 6 77 79 29 53 36 15 56 61
split_gain=30.0789 36.0699 64.674 51.8976 42.2052 68.6681 96.603 54.7476 49.4338 43.257 40.6068 48.5221 49.3504 38.8856
threshold=0.85459832695306981 0.040798364380412996 0.037040766890893868 1.044187385868802 1.0020522946769488 5.8309059168286606 0.58618638590443728 0.3677614278625852 0.12376115659569691 2.0312500000000004 0.62449765892407805 0.56220613617073678 4.2984898010424475 45.750000000000007
decision_type=10 10 10 10 10 10 10 10 8 10 10 10 2 2
left_child=1 2 -1 4 5 6 8 10 9 -3 11 -7 -13 -5
right_child=-2 3 -4 13 -6 7 -8 -9 -10 -11 -12 12 -14 -15
leaf_value=0.0010226093309276608 0.02467906247716925 0.012808174807340911 0.038056721192246803 -0.024185491419468717 0.026813909438156661 0.0013479953238253707 0.054482919503667009 -0.040901203203537149 0.028769985263194867 -0.019742232986499464 0.024014768736304537 -0.0062567874364047957 -0.057305429176812972 -0.0020710003553199813
leaf_weight=2680.8714391514659 114.17528434097767 164.90677314996719 122.31287286430597 516.7917492389679 131.41166625916958 262.96696938574314 97.538842305541039 145.50348298251629 121.37500060349703 264.58315375447273 90.235459119081497 94.965476639568806 93.959847524762154 322.97143286466599
leaf_count=7280 415 581 346 1070 300 978 188 251 477 853 254 336 292 792
internal_value=-0.000589799 -0.00115907 0.00265153 -0.00578797 -0.000112943 -0.00277953 0.00888687 -0.0137773 0.000729319 -0.00724347 -0.00643555 -0.0125556 -0.0318133 -0.0156929
internal_weight=5224.57 5110.39 2803.18 2307.21 1467.45 1336.04 648.404 687.631 550.865 429.49 542.128 451.892 188.925 839.763
internal_count=14413 13998 7626 6372 4510 4210 2099 2111 1911 1434 1860 1606 628 1862
is_linear=0
shrinkage=0.05


Tree=140
num_leaves=15
num_cat=0
split_feature=18 25 76 76 13 50 10 52 11 19 4 8 41 39
split_gain=35.0815 61.3638 37.6795 66.0568 60.0692 48.174 47.1542 45.887 37.7439 33.4907 70.3885 57.2449 32.2971 30.5762
threshold=5.3452380952380958 -0.043000000000000017 1.044187385868802 0.99826412252071306 0.57898662233793674 26.370000000000008 0.081994662281173455 255.6396103896104 0.048978350717803355 12.966666666666669 9.2831774954716888 6.8267701671884042 42.000000000000007 23.65913757700206
decision_type=10 10 10 10 10 10 10 10 10 10 10 10 8 2
left_child=2 -2 3 7 5 6 8 12 13 10 11 -9 -1 -4
right_child=1 -3 4 -5 -6 -7 -8 9 -10 -11 -12 -13 -14 -15
leaf_value=-0.021102388951694459 -0.0045266560428553326 0.049314336643393492 0.012467105918817459 0.032270360104236666 -0.037436255865499445 0.016613813067520605 0.012049615177745185 0.0058916728110938524 -0.030146233747418955 0.030527214450143388 -0.031682838956993788 0.048894531390051676 -0.0015116304508399844 -0.013764903550101879
leaf_weight=232.44752549380064 116.35433179140091 95.838247880339622 148.78136377036572 169.91271351277828 150.49558600783348 228.69602173566818 217.01243960857391 697.91946641355753 253.12422105669975 154.57668575644493 111.12920372933149 86.10347144305706 2131.0643021836877 430.06292672455311
leaf_count=601 377 344 322 397 319 583 473 2510 568 558 430 373 5648 882
internal_value=4.37417e-05 0.0199083 -0.000801177 0.00193621 -0.00766557 -0.00413239 -0.00866694 0.000417149 -0.0140787 0.00911124 0.00538314 0.0106706 -0.00344646 -0.00701257
internal_weight=5223.52 212.193 5011.33 3583.15 1428.17 1277.68 1048.98 3413.24 831.969 1049.73 895.152 784.023 2363.51 578.844
internal_count=14385 721 13664 10517 3147 2828 2245 10120 1772 3871 3313 2883 6249 1204
is_linear=0
shrinkage=0.05


Tree=141
num_leaves=15
num_cat=0
split_feature=20 19 51 51 21 20 76 29 27 14 77 48 4 45
split_gain=30.4722 46.4886 26.4713 28.0367 58.2954 38.1763 103.634 60.2578 48.9451 49.123 43.1865 58.3027 41.9104 40.0415
threshold=7.0384615384615392 18.033333333333335 5.4389542483660138 5.02554045036237 4.5008960573476715 2.6794871794871793 1.044187385868802 0.12537467065258481 12.478125000000002 0.60408333333333342 0.67980312942495924 22.514705882352946 14.374600051796557 22.148351648351653
decision_type=10 10 10 10 10 10 10 10 10 8 8 2 10 8
left_child=1 2 3 5 -5 7 10 8 -1 -10 12 -12 -7 -9
right_child=-2 -3 -4 4 -6 6 -8 13 9 -11 11 -13 -14 -15
leaf_value=0.0018209730459535691 -0.02539202265845826 0.028097282480807756 -0.019432064759353211 -0.0051499559915788723 0.034826604888504704 0.0037014144633576284 -0.046962848825347327 0.051062077749448133 0.0017203680345620209 -0.044746289186220915 -0.0096189278691959021 0.049819151894984509 -0.029562840670541726 0.0066035158657423354
leaf_weight=3256.7687299028039 110.60329067707062 152.72069941461086 165.33340438455343 188.22532596439123 175.49335669726133 233.49391248822212 154.30655005574226 97.899273216724396 110.54557564854622 116.00164286792278 80.331480853259563 83.232199035584927 158.06782482564449 104.50271955132484
leaf_count=9084 302 471 411 460 441 578 346 305 343 273 291 341 378 313
internal_value=0.000452277 0.0010202 0.000174886 0.000860014 0.0141812 -0.000245353 -0.0108584 0.00179984 0.000255091 -0.0221646 -0.000756093 0.0207461 -0.00976799 0.0282529
internal_weight=5187.53 5076.92 4924.2 4758.87 363.719 4395.15 709.432 3685.72 3483.32 226.547 555.125 163.564 391.562 202.402
internal_count=14337 14035 13564 13153 901 12252 1934 10318 9700 616 1588 632 956 618
is_linear=0
shrinkage=0.05


Tree=142
num_leaves=15
num_cat=0
split_feature=36 43 79 79 53 51 29 40 28 27 65 69 43 58
split_gain=35.2541 82.4086 60.3718 26.5985 32.7376 29.9762 28.4516 27.28 30.161 52.6337 39.8801 31.0617 65.6643 57.3823
threshold=0.58707889119536205 64.379807692307708 0.3677614278625852 -0.14663200985703045 1.2403846153846156 4.3509466077400871 0.10963595324446611 8.5000000000000018 3.1382083333333335 4.978021978021979 16.500000000000004 0.010639501980758349 58.519230769230781 23.60661764705883
decision_type=8 8 10 8 8 10 10 2 10 10 8 2 10 2
left_child=3 2 -2 6 5 -5 -1 8 -6 10 -10 12 -11 -13
right_child=1 -3 -4 4 7 -7 -8 -9 9 11 -12 13 -14 -15
leaf_value=-0.0042220509381430699 0.014768513052350319 0.039432088582054541 -0.028073284523249739 0.00044851347543303338 -0.00090649740037734817 -0.031501856645280407 -0.025740562143807707 -0.018843805862735083 0.012336833868604164 -0.039412634652536693 0.052872254138488062 0.027033188382713003 0.0049182880724161146 -0.0063902599436257814
leaf_weight=1369.8783955276012 208.11433871090412 182.47740211337805 134.53148014843464 156.91106693446636 1433.353007979691 136.90866719931364 172.11619858443737 135.13982761651278 137.59155630320311 103.39018549770117 108.71297883242369 310.24110458791256 417.26894907653332 218.06729104369879
leaf_count=3056 568 471 214 501 4321 373 410 413 427 256 309 970 1441 684
internal_value=0.000115305 0.0123895 -0.00208501 -0.00125853 0.00137029 -0.0144955 -0.00663906 0.0030026 0.00409109 0.00961787 0.0303697 0.00472092 -0.00394343 0.0132511
internal_weight=5224.7 525.123 342.646 4699.58 3157.58 293.82 1541.99 2863.76 2728.63 1295.27 246.305 1048.97 520.659 528.308
internal_count=14414 1253 782 13161 9695 874 3466 8821 8408 4087 736 3351 1697 1654
is_linear=0
shrinkage=0.05


Tree=143
num_leaves=15
num_cat=0
split_feature=17 17 41 50 6 36 33 65 11 20 11 11 33 69
split_gain=36.908 56.6437 33.4446 77.5483 72.4234 70.408 55.4442 49.7173 38.0342 56.7374 49.9368 55.9917 49.247 38.6994
threshold=3.8660714285714293 4.7207792207792219 49.000000000000007 26.003333333333337 7.0935443313001736 0.44281761190105212 3.5339366515837107 9.5000000000000018 0.059329079871141478 1.5192307692307694 0.041666982550504029 0.034399743443636457 1.7416666666666669 0.12653451710517652
decision_type=10 10 8 8 10 8 8 8 10 10 10 10 10 2
left_child=2 -2 3 4 6 8 -1 -7 10 13 11 -4 -11 -10
right_child=1 -3 5 -5 -6 7 -8 -9 9 12 -12 -13 -14 -15
leaf_value=-0.0019879739918465329 -0.036529062291204027 0.0060082010645780152 -0.0010607903304711843 0.037246365644385153 -0.023489231917961966 6.6581903970618526e-05 0.041630421768929886 -0.032901848094853046 0.0092945406042765442 0.047479002275575971 -0.01794831228853494 0.024957137928616566 0.0062717619747925668 -0.023304604888529531
leaf_weight=181.22355011850595 169.93703762441874 143.90034618973732 2373.7948790192604 196.66929673403502 194.72737450897694 194.79088962823153 120.73669200390577 275.91240955889225 325.62334848195314 156.52963449805975 390.5483030974865 225.5103849247098 134.98030000180006 125.22174727916718
leaf_count=491 511 464 6455 582 502 534 303 710 964 503 1045 606 392 348
internal_value=-0.000473621 -0.0170678 0.000593288 0.0107591 0.000217422 -0.00108594 0.0155324 -0.0192873 0.00121416 0.0113357 -0.00130188 0.0012052 0.0284851 0.000208625
internal_weight=5210.11 313.837 4896.27 693.357 496.688 4202.91 301.96 470.703 3732.21 742.355 2989.85 2599.31 291.51 450.845
internal_count=14410 975 13435 1878 1296 11557 794 1244 10313 2207 8106 7061 895 1312
is_linear=0
shrinkage=0.05


Tree=144
num_leaves=15
num_cat=0
split_feature=30 52 19 36 50 47 48 51 27 75 15 65 44 45
split_gain=32.9241 64.5004 27.8624 27.4673 73.856 81.7052 75.7379 72.7464 34.8883 48.4025 47.1796 31.8076 38.1003 47.5798
threshold=0.63812037107892305 232.81666666666669 18.211111111111112 0.46673465143720955 18.90333333333334 0.54722876875815929 19.665441176470591 4.0824608742579604 2.1104761904761911 7.1550000000000011 0.59824054569822704 5.5000000000000009 0.60098850006258275 24.320512820512821
decision_type=10 10 10 10 8 2 2 10 10 10 10 8 8 10
left_child=2 -2 3 8 -5 -6 -7 -8 9 -1 11 12 13 -10
right_child=1 -3 -4 4 5 6 7 -9 10 -11 -12 -13 -14 -15
leaf_value=-0.0005564068341641328 -0.048868536128123662 0.0061512904172311943 0.024199532878401313 -0.039212759870908193 0.030853452501946883 0.02097175490441101 0.0037748457561322998 -0.045704355652863932 0.047459149207733184 -0.024684506333644187 0.037669979355917205 0.00092292970506069262 -0.0040039414425949368 0.0048462766994576472
leaf_weight=1770.1939275339246 99.387494154274464 113.06586572527885 118.59064573049545 158.72096718847752 149.87112282961607 123.70363750308752 126.34601072221994 178.7934682443738 141.3548471480608 234.51656855642796 109.05850551277399 1628.6415615156293 145.57841995358467 121.80912259221077
leaf_count=4961 271 390 354 332 354 302 324 430 381 596 301 4542 484 348
internal_value=-0.000464414 -0.0196958 0.000355339 -0.00022792 -0.0091133 -0.000804679 -0.0119145 -0.0252716 0.00135235 -0.00338988 0.00578095 0.00405633 0.0165087 0.0278282
internal_weight=5219.63 212.453 5007.18 4888.59 737.435 578.714 428.843 305.139 4151.15 2004.71 2146.44 2037.38 408.742 263.164
internal_count=14370 661 13709 13355 1742 1410 1056 754 11613 5557 6056 5755 1213 729
is_linear=0
shrinkage=0.05


Tree=145
num_leaves=15
num_cat=0
split_feature=43 76 13 7 80 48 53 25 36 35 20 61 9 41
split_gain=29.2828 52.1955 45.2107 36.4889 36.2723 91.3503 100.9 48.5197 43.5318 43.8454 56.7045 70.6461 37.9298 35.4556
threshold=68.345238095238116 1.3959721886919996 0.70277739116062476 18.257361111111113 13.356787819536494 23.323529411764707 2.6547619047619051 -0.075871212121212159 0.48796837211955707 1.5000000000000002 2.6794871794871793 44.250000000000007 9.0972500000000007 100.00000000000001
decision_type=10 8 10 10 2 2 8 10 8 10 10 2 10 10
left_child=2 -2 3 4 8 7 -7 -6 9 10 11 -1 -11 -14
right_child=1 -3 -4 -5 5 6 -8 -9 -10 12 -12 -13 13 -15
leaf_value=0.057498685533275209 -0.027487074970054412 0.010011228992509027 0.030199841089073198 -0.027032534349850996 -0.029948821864305832 0.0071238801477275255 0.067196429448085238 0.0100578940628488 -0.020730193288819743 0.00064477945949956877 -0.011504020150291673 0.001679952906178196 -0.0044047792517613454 -0.042087723504595942
leaf_weight=123.89368885010481 237.97217866778374 151.03464039415121 130.67347779124975 116.38994836807251 125.09808012098074 161.74748753011227 122.46002767980099 189.08439344912767 248.95957050472498 3120.0399551168084 109.54842325299978 103.90659482032061 160.10902759432793 101.59116966277361
leaf_count=350 655 617 424 337 277 404 302 459 620 8491 330 331 488 309
internal_value=0.000237591 -0.0129398 0.00130499 0.000492414 0.00119974 0.0126643 0.0331529 -0.00591607 -0.00053189 0.000825414 0.0179865 0.0321567 -0.000891318 -0.0191377
internal_weight=5202.51 389.007 4813.5 4682.83 4566.44 598.39 284.208 314.182 3968.05 3719.09 337.349 227.8 3381.74 261.7
internal_count=14394 1272 13122 12698 12361 1442 706 736 10919 10299 1011 681 9288 797
is_linear=0
shrinkage=0.05


Tree=146
num_leaves=15
num_cat=0
split_feature=19 64 6 27 6 27 57 77 56 69 45 73 55 25
split_gain=49.009 40.5441 48.8011 32.8412 56.967 34.9155 67.5442 31.2484 23.6715 47.2039 33.9158 42.5042 31.3161 45.6731
threshold=19.174242424242429 85.500000000000014 1.0000000180025095e-35 14.97916666666667 7.14471470489719 12.422478991596641 251.03125000000003 0.35058398238308991 3.7003273364276859 0.052339097108347832 17.035714285714288 8.5000000000000018 23.796875000000004 0.090000000000000052
decision_type=10 10 10 10 10 10 2 10 2 2 10 2 2 8
left_child=1 2 7 5 -5 8 -7 -1 9 -4 11 -10 -12 -14
right_child=-2 -3 3 4 -6 6 -8 -9 10 -11 12 -13 13 -15
leaf_value=-0.0033578089838428847 -0.030770949777395685 0.027179844688959006 0.040572446221798952 0.037767824521644962 -8.9614788276050418e-05 -0.033435787865315252 0.015899326284423792 -0.023245076008212573 0.0070317755825833085 -0.0085339626164075318 0.00053320098474606849 -0.027686888051175248 0.0031888651020431829 0.025735828047747152
leaf_weight=988.84966216236353 115.28609271347523 154.69112984836102 119.2737572491169 186.40942709892988 211.52481854707003 175.47037527710199 113.54102570563555 245.97664591670036 164.08202010393143 82.00924026966095 1505.4851388856769 188.68622992932796 564.18508701771498 372.53647563606501
leaf_count=2684 346 440 441 435 547 445 387 524 408 316 3956 508 1764 1131
internal_value=0.0013235 0.00205882 0.0012633 0.00414715 0.0176946 0.00250129 -0.014066 -0.00733494 0.00410349 0.0206216 0.00290697 -0.0115641 0.00500114 0.0121737
internal_weight=5188.01 5072.72 4918.03 3683.2 397.934 3285.27 289.011 1234.83 2996.26 201.283 2794.97 352.768 2442.21 936.722
internal_count=14332 13986 13546 10338 982 9356 832 3208 8524 757 7767 916 6851 2895
is_linear=0
shrinkage=0.05


Tree=147
num_leaves=15
num_cat=0
split_feature=14 9 43 28 31 77 19 39 61 65 19 4 3 31
split_gain=35.4574 53.6678 25.5483 48.2992 64.201 44.6877 51.8188 41.9807 36.9585 44.4308 30.0526 56.9319 26.2465 37.1973
threshold=0.78522727272727288 19.39916666666667 59.88194444444445 3.0986527777777781 0.62372549019607859 0.59542443123374489 1.6833333333333336 27.418206707734431 44.750000000000007 10.500000000000002 15.839743589743593 16.70041320302494 13.456349206349207 0.57382352941176473
decision_type=10 10 10 8 10 10 8 2 2 8 10 10 10 10
left_child=1 2 3 -1 5 6 -5 8 9 -8 11 12 13 -4
right_child=-2 -3 10 4 -6 -7 7 -9 -10 -11 -12 -13 -14 -15
leaf_value=-0.0086090038394639797 -0.025474811011238042 0.033483290623531524 -0.0036281107201046412 0.037171013006040574 -0.018490439562232088 0.040905783207779017 -0.019952230719930557 -0.021550058081894034 0.026860758213076513 0.018756687443003548 -0.02216347688950103 0.028147011631450759 -0.022532915140731462 0.019396599681812558
leaf_weight=465.90214215219021 135.62421558797359 118.25125926733017 2677.8687668964267 150.13860391080379 160.4824612736702 146.78212124109268 146.69030622392893 122.86003684997559 210.75318097323179 147.84041346609592 190.12794749438763 150.66790448874235 165.6752487719059 186.71403039991856
leaf_count=976 387 340 8093 371 326 305 354 330 522 356 531 414 493 552
internal_value=-0.000341326 0.000339823 -0.000463008 0.00484482 0.0106216 0.0156866 0.0108839 0.00455168 0.0109284 -0.000524473 -0.00290653 -0.00174891 -0.00324416 -0.00212111
internal_weight=5176.38 5040.75 4922.5 1551.45 1085.55 925.065 778.283 628.144 505.284 294.531 3371.05 3180.93 3030.26 2864.58
internal_count=14350 13963 13623 3540 2564 2238 1933 1562 1232 710 10083 9552 9138 8645
is_linear=0
shrinkage=0.05


Tree=148
num_leaves=15
num_cat=0
split_feature=12 12 36 3 13 33 12 7 75 39 18 7 8 8
split_gain=35.7475 78.3677 61.7755 54.0971 39.6572 30.4723 44.0624 33.5355 40.828 27.0207 24.4596 25.5827 71.1794 32.917
threshold=0.71429417177499033 0.65789230925833175 0.65058936896392738 18.850833333333338 0.60608970839749765 4.4660633484162897 0.55579382720327419 14.443064285714287 13.615 22.067077344284741 4.0312500000000009 12.120277777777781 11.34765425717095 9.6133330262505812
decision_type=10 10 10 10 10 10 10 10 10 2 10 10 10 10
left_child=1 2 3 4 5 6 7 8 9 -1 11 12 13 -11
right_child=-2 -3 -4 -5 -6 -7 -8 -9 -10 10 -12 -13 -14 -15
leaf_value=-0.017370741491763056 -0.028247621620125958 0.040441574434088856 -0.026918449319085443 0.033310942588898773 -0.030696806028577085 -0.022171270268789275 0.030871762844923763 -0.027486470481082676 0.027409984256785366 0.00055594358688500439 -0.022666721707466607 0.022768959850857622 -0.038364230273877878 0.023916263815449201
leaf_weight=224.4548354819417 117.37547121196985 113.52128522098064 225.27537926286459 116.59476184844971 108.9660826548934 153.03066278249025 114.91950692981482 110.05595754086971 133.91625608503819 3313.410995863378 110.1873636469245 130.78007817268372 113.99680794775486 156.99384877085686
leaf_count=545 387 310 477 303 320 386 317 303 343 9074 470 373 340 464
internal_value=-0.00108291 -0.000455514 -0.0013896 -0.000182926 -0.00102598 -0.000310666 0.000452992 -0.000368137 0.000351625 -0.000549664 0.0004416 0.00113288 0.000337336 0.0016193
internal_weight=5243.48 5126.1 5012.58 4787.31 4670.71 4561.75 4408.72 4293.8 4183.74 4049.82 3825.37 3715.18 3584.4 3470.4
internal_count=14412 14025 13715 13238 12935 12615 12229 11912 11609 11266 10721 10251 9878 9538
is_linear=0
shrinkage=0.05


Tree=149
num_leaves=15
num_cat=0
split_feature=60 76 24 76 43 14 9 51 6 52 62 45 14 27
split_gain=25.9901 27.5623 22.1642 48.5389 41.1975 30.6152 48.5218 27.0653 26.629 60.052 49.5311 92.7575 47.345 37.6115
threshold=12.250000000000002 2.5275249124697012 -2.3747083333333339 1.0020522946769488 60.480769230769234 0.77788888888888896 19.237416666666672 4.2678205318674793 5.6084536664233315 220.04545454545459 19.125000000000004 20.861904761904764 0.60851648351648369 10.997058823529413
decision_type=2 10 8 10 10 10 10 10 10 10 2 10 10 10
left_child=1 2 3 4 -1 6 8 -6 12 -10 -11 -12 -4 -13
right_child=-2 -3 5 -5 7 -7 -8 -9 9 10 11 13 -14 -15
leaf_value=-0.029165600745222588 0.017937881256320176 0.021062868912979805 -0.0027406645143356993 0.033137295064131919 -0.0070237685571363714 -0.028093440639138986 0.029638550736441241 0.021166303131950018 -0.031399882956842651 -0.031923602712907541 0.047976404452542178 0.0058975064777949046 0.028933975029400223 -0.025816279365435651
leaf_weight=99.718520939350128 174.48156967014074 129.31349973380566 3142.6938812807202 134.6699144244194 167.61461013555527 121.49696420878172 111.66844496130943 171.26906204968691 261.12444474548101 116.0817786604166 96.289873629808426 236.99555785208941 121.57783351838589 153.091199696064
leaf_count=243 466 286 8621 330 553 342 314 531 572 311 324 792 299 442
internal_value=-0.000979873 -0.00163515 -0.00223415 0.00700053 -0.00108172 -0.00344941 -0.0027367 0.00724362 -0.00361949 -0.0114219 -0.00272518 0.0042947 -0.00155244 -0.00658289
internal_weight=5238.09 5063.61 4934.29 573.272 438.602 4361.02 4239.52 338.884 4127.85 863.583 602.458 486.377 3264.27 390.087
internal_count=14426 13960 13674 1657 1327 12017 11675 1084 11361 2441 1869 1558 8920 1234
is_linear=0
shrinkage=0.05


Tree=150
num_leaves=15
num_cat=0
split_feature=24 25 20 3 51 62 15 62 27 36 36 14 59 43
split_gain=25.968 50.6985 39.1572 53.451 40.3517 28.9315 48.7236 25.7659 40.6862 54.0036 30.0119 33.1068 54.1177 41.5556
threshold=-2.8390357142857146 -0.07166666666666667 6.5857142857142863 18.850833333333338 5.4389542483660138 21.625000000000004 0.36488042811161764 21.625000000000004 16.60588235294118 0.59313440327753064 0.47589066242083761 0.44118055555555563 1.0000000180025095e-35 57.809090909090919
decision_type=8 10 10 10 10 2 10 2 10 8 10 10 2 8
left_child=1 5 3 4 7 -1 -7 -2 9 10 11 13 -13 -9
right_child=2 -3 -4 -5 -6 6 -8 8 -10 -11 -12 12 -14 -15
leaf_value=0.017705996431854498 -0.0045652053827102725 0.037799232804571127 -0.029625267663514112 0.033730150458247003 -0.025654991606262445 0.013010090599173796 -0.035066419651000304 0.023713645549131503 -0.024840324023601482 0.038703494667761296 -0.019924534293581934 0.047154230592377111 0.0023263643441678856 -0.00047279918307622441
leaf_weight=159.10673085600138 1784.8683888092637 131.20625472813845 113.48942201584578 113.37647189199924 157.58384927362204 107.05797361582518 102.05217662453651 197.66863429546356 121.32888259738684 110.49528826028109 132.70655928552151 112.4822229295969 165.80357987433672 1673.7433987185359
leaf_count=424 4749 384 312 312 380 344 284 400 338 278 365 310 458 4930
internal_value=0.000412855 0.0112391 -0.000743741 -2.01939e-05 -0.000886166 0.00169825 -0.0105079 2.74934e-05 0.0032884 0.00472441 0.00306319 0.00449089 0.0205496 0.0020932
internal_weight=5182.97 499.423 4683.55 4570.06 4456.68 368.217 209.11 4299.1 2514.23 2392.9 2282.4 2149.7 278.286 1871.41
internal_count=14268 1436 12832 12520 12208 1052 628 11828 7079 6741 6463 6098 768 5330
is_linear=0
shrinkage=0.05


Tree=151
num_leaves=15
num_cat=0
split_feature=60 44 75 65 76 76 29 73 65 60 56 20 13 56
split_gain=21.5721 72.2246 68.7324 75.4476 34.2161 28.3492 28.1622 79.4014 59.3798 72.9213 36.8682 82.2574 74.0672 63.1797
threshold=-4.2499999999999991 0.59871580813390235 5.705000000000001 4.5000000000000009 1.0778573819814332 0.82265833799490351 0.11704512976318251 12.500000000000002 7.5000000000000009 2.2500000000000004 4.0234430333374052 3.1547619047619055 0.51139606316761055 4.4865360926336546
decision_type=2 10 10 10 10 10 10 2 8 2 2 10 10 2
left_child=1 2 -1 -4 5 -3 10 8 -8 -10 11 -2 -12 -14
right_child=6 4 3 -5 -6 -7 7 -9 9 -11 12 -13 13 -15
leaf_value=0.0025331541706506127 -0.003244273195905758 -0.0079135822159164902 0.0091933771558959029 0.059882203452288091 -0.027991102282772157 0.023943954448636999 -0.030785676823933877 -0.045601840771164345 -0.015531451521620769 0.041538722423802667 -0.00047071848995790906 -0.047835735621769349 0.041606372856396609 -0.0049179158375232445
leaf_weight=381.90088725835085 823.29617123305798 278.49067757278681 146.57199913263321 146.93894097208977 153.04898518323898 92.092028796672821 106.15396780520678 135.01718813180923 105.78859228640795 116.90863174945116 2268.7981929257512 117.31078571081161 206.26345190405846 112.32502142339945
leaf_count=1132 2601 973 322 320 357 236 311 392 292 343 5877 360 549 303
internal_value=-0.000136269 0.00574209 0.0165366 0.0346866 -0.00818628 4.63392e-05 -0.00190296 -0.013471 -0.000180734 0.0144803 -0.000378579 -0.00885054 0.00270351 0.0252392
internal_weight=5190.91 1199.04 675.412 293.511 523.632 370.583 3991.86 463.868 328.851 222.697 3527.99 940.607 2587.39 318.588
internal_count=14368 3340 1774 642 1566 1209 11028 1338 946 635 9690 2961 6729 852
is_linear=0
shrinkage=0.05


Tree=152
num_leaves=15
num_cat=0
split_feature=10 64 61 64 4 59 25 22 53 76 39 4 55 36
split_gain=29.2891 82.0686 69.6249 58.2506 46.7244 46.5278 88.5493 38.0228 27.0972 55.0332 30.3029 35.0786 27.025 24.8138
threshold=0.13140676981233371 68.500000000000014 46.750000000000007 37.500000000000007 13.484477228701126 0.75000000000000011 0.092500000000000027 0.81509971509971513 2.9687500000000004 1.484192641388175 27.957563312799454 7.6109848553866088 23.939522058823531 0.063225062223291176
decision_type=10 10 2 10 10 2 8 10 8 10 2 10 2 10
left_child=4 2 3 -2 8 6 -6 -7 -1 10 11 12 -10 -14
right_child=1 -3 -4 -5 5 7 -8 -9 9 -11 -12 -13 13 -15
leaf_value=-0.0016504275410121211 -0.012309835526410457 -0.024830317849712229 0.057500839600836219 0.03662026185053513 0.025407858078968532 -0.011723739965632529 -0.032223133641983981 -0.050604971168197482 -0.0033024975824500198 0.033633159281442442 -0.011118607053489278 0.029920321536678032 0.0010742384858106848 0.031265869565203955
leaf_weight=2826.0720898732543 136.01114477217197 110.72841629385948 108.42139738798141 108.50939160585403 149.21582588553429 134.67423520237207 118.81465363502502 118.27283378690481 523.35764202475548 167.81148487329483 283.77924353629351 146.16664765030146 136.73557488620281 134.6357532069087
leaf_count=7951 363 323 350 342 360 377 317 273 1332 347 744 428 432 409
internal_value=0.000591147 0.0125707 0.0243416 0.00946429 -0.000583225 -0.0146952 -0.000164075 -0.0300315 0.00116262 0.00686884 0.003177 0.00749586 0.00333913 0.016113
internal_weight=5203.21 463.67 352.942 244.521 4739.54 520.978 268.03 252.947 4218.56 1392.49 1224.67 940.896 794.729 271.371
internal_count=14348 1378 1055 705 12970 1327 677 650 11643 3692 3345 2601 2173 841
is_linear=0
shrinkage=0.05


Tree=153
num_leaves=15
num_cat=0
split_feature=50 17 33 50 17 15 44 77 17 15 51 80 15 15
split_gain=29.8251 26.8258 46.5324 35.9674 28.3803 23.7055 60.0919 55.0977 49.7179 50.658 43.6703 41.2336 36.2226 24.6919
threshold=12.646666666666668 3.8660714285714293 4.0588235294117654 22.860769230769233 3.379807692307693 0.52608107314285746 0.57836009537751087 0.60690158917434034 2.4365079365079372 0.60164556928835122 4.4849984998499854 12.455001238339396 0.47850016583255267 0.33631327137859662
decision_type=8 10 10 8 10 10 10 10 10 10 10 2 10 10
left_child=-1 4 3 -3 5 7 8 11 9 -7 -8 12 13 -2
right_child=1 2 -4 -5 -6 6 10 -9 -10 -11 -12 -13 -14 -15
leaf_value=0.023794093039527727 0.00050358355339804705 0.019441807803323264 -0.043525266629419399 -0.022969986458985837 0.020597717831038889 -0.0056426295623531342 -0.011482079171308154 0.025573578250651399 -0.018926310387273309 0.039223367096543421 -0.04908898616839278 -0.030563487123298747 0.02598593747354272 -0.010833889342979743
leaf_weight=115.63473659753799 2883.2204322740436 97.60475892573595 101.94565711170435 100.40054477006197 148.19304602593184 124.92293792963028 207.0102770626545 198.79007585346699 156.72902662307024 125.30164776742458 122.92143107205629 116.22861116379499 124.25613766163588 575.20538080483675
leaf_count=261 8022 309 278 355 460 291 593 514 356 320 317 349 348 1624
internal_value=-0.00120529 -0.0017786 -0.016258 -0.00207087 -0.000867325 -0.00155797 -0.00977572 -2.24926e-06 0.0030842 0.016891 -0.0255991 -0.00138331 -0.000428387 -0.00138465
internal_weight=5198.36 5082.73 299.951 198.005 4782.78 4634.59 736.885 3897.7 406.954 250.225 329.932 3698.91 3582.68 3458.43
internal_count=14397 14136 942 664 13194 12734 1877 10857 967 611 910 10343 9994 9646
is_linear=0
shrinkage=0.05


Tree=154
num_leaves=15
num_cat=0
split_feature=19 3 48 64 54 33 48 39 28 80 75 59 9 21
split_gain=27.0078 50.6519 27.5588 19.0138 41.6592 56.2944 24.366 36.1732 38.7839 38.3043 25.3924 58.402 45.0261 31.0857
threshold=19.031250000000004 19.120000000000005 15.181985294117649 38.500000000000007 24.966666666666672 2.3875000000000006 19.000000000000004 24.626967830253253 4.8462716346153849 6.7060624080483011 13.615 0.75000000000000011 12.389666666666669 4.5008960573476715
decision_type=10 10 2 8 10 8 2 2 10 2 10 2 10 10
left_child=1 2 -1 4 5 -4 7 8 -5 -9 12 -12 -8 -14
right_child=-2 -3 3 6 -6 -7 10 9 -10 -11 11 -13 13 -15
leaf_value=0.021771567547732722 -0.023194445542669136 0.027433947175618964 0.016669591274880387 -0.010315282262963247 0.031471571006446035 -0.028244843085350902 0.00021611010786002448 -0.0075916096749609648 0.024549200210065483 -0.037202399590388555 0.032079071083676719 -0.0066867451459602951 -3.0402772834983348e-05 -0.033600318831346364
leaf_weight=135.69606095552444 121.47479163855314 168.55965077877045 168.36334958672523 215.99129891395569 138.64731471985579 117.63572256267071 2854.1410073786974 286.15273850411177 125.14818370342255 176.31808463484049 185.13196371495724 202.65288558602333 113.23599588125944 175.37499999254942
leaf_count=312 377 434 487 598 396 347 7958 772 347 441 430 471 413 550
internal_value=6.30521e-06 0.000567418 -0.000363245 -0.000998856 0.00908569 -0.00183844 -0.00198878 -0.00984091 0.00250924 -0.0189367 -0.000199216 0.0118553 -0.00168992 -0.0204748
internal_weight=5184.52 5063.05 4894.49 4758.79 424.646 285.999 4334.15 803.61 341.139 462.471 3530.54 387.785 3142.75 288.611
internal_count=14333 13956 13522 13210 1230 834 11980 2158 945 1213 9822 901 8921 963
is_linear=0
shrinkage=0.05


Tree=155
num_leaves=15
num_cat=0
split_feature=4 19 13 61 77 79 30 75 69 50 75 10 77 48
split_gain=24.7788 35.1057 36.2084 66.3565 33.891 114.928 63.5176 57.3693 46.2767 40.9635 32.3043 30.5781 25.2976 15.1713
threshold=21.771300563860702 18.211111111111112 0.56792807585988381 44.250000000000007 0.54625503206922688 0.22805898358779161 0.55125885500825877 8.7950000000000017 0.10390806192428149 22.367948717948725 7.4150000000000009 0.096787770174866963 0.33773317013099374 19.000000000000004
decision_type=10 10 10 2 10 8 8 10 2 8 10 10 10 2
left_child=1 2 4 -4 7 6 11 10 9 -9 12 -6 13 -1
right_child=-2 -3 3 -5 5 -7 -8 8 -10 -11 -12 -13 -14 -15
leaf_value=-0.007819154784949987 0.019300022030580951 0.025672790664937703 0.0051957754679295958 -0.035921505871754973 0.024064439484973166 0.035005193085777438 -0.037781072920531983 -0.029953461265002562 -0.044312606127804618 0.0060029325519254965 0.018455392676901407 -0.01162128947593607 -0.023971333373289851 0.00098269220500120358
leaf_weight=605.28042551875114 147.42734389007092 115.76209401339293 184.63185585290194 207.88599094003439 121.46987463533878 263.88647559285164 120.72782620787621 135.18666563928127 129.97341039776802 188.69586730003357 213.47621081769466 116.86998680233955 120.41390973329544 2542.3343586474657
leaf_count=1734 402 367 472 574 330 540 312 311 326 489 507 286 264 7472
internal_value=-0.00083677 -0.0014264 -0.0020651 -0.0166168 -0.000808682 0.010018 -0.00839187 -0.00252462 -0.0192243 -0.00905106 -0.000342712 0.00659049 -0.00157592 -0.000711832
internal_weight=5214.02 5066.59 4950.83 392.518 4558.32 622.954 359.068 3935.36 453.856 323.883 3481.5 238.34 3268.03 3147.61
internal_count=14386 13984 13617 1046 12571 1468 928 11103 1126 800 9977 616 9470 9206
is_linear=0
shrinkage=0.05


Tree=156
num_leaves=15
num_cat=0
split_feature=54 76 64 4 61 36 14 14 28 41 47 54 76 66
split_gain=28.0884 54.8513 56.9925 42.5359 108.846 38.0846 40.6116 43.5234 34.8643 32.8675 24.9962 34.0549 49.0508 43.3252
threshold=16.792857142857148 1.2283250133713677 82.500000000000014 16.505646458039148 46.750000000000007 0.69030841707859081 0.63190909090909109 0.5851923076923079 -0.079423809523809494 85.000000000000014 0.58832618561317174 20.207142857142859 0.89879313832584862 8.5000000000000018
decision_type=8 8 8 10 2 10 10 10 10 10 2 8 10 2
left_child=1 2 -1 5 -5 6 7 10 -3 -10 -2 12 -12 -13
right_child=3 8 -4 4 -6 -7 -8 -9 9 -11 11 13 -14 -15
leaf_value=-0.0056917492451210305 -0.0034620738309002873 -0.019676541808783313 -0.048437238170001978 -0.0071447087603239137 0.045595453033953383 0.028699501735489019 -0.02152090289251472 0.031637907119699403 -0.0022889794909954457 0.033072574955376272 0.0040181212852460043 0.004484514079140486 0.044780308644426045 -0.025017953933194351
leaf_weight=182.69125181436539 2171.3569565415382 106.82533394545317 135.45060293376446 206.62147517502308 184.40504509210587 115.76639886200428 211.87816808372736 110.92167130112648 141.87237845361233 121.21574745327234 193.64877439290285 1085.2900523543358 118.47281417250633 139.54286770522594
leaf_count=406 5500 299 300 543 535 267 573 297 427 341 706 3424 300 470
internal_value=0.00060957 -0.00879681 -0.0239856 0.00203743 0.01778 0.000549065 -0.000266283 0.000918176 0.00429569 0.0140671 -8.98287e-06 0.00486851 0.0195839 0.00110569
internal_weight=5225.96 688.055 318.142 4537.9 391.027 4146.88 4031.11 3819.23 369.913 263.088 3708.31 1536.95 312.122 1224.83
internal_count=14388 1773 706 12615 1078 11537 11270 10697 1067 768 10400 4900 1006 3894
is_linear=0
shrinkage=0.05


Tree=157
num_leaves=15
num_cat=0
split_feature=20 27 22 80 3 69 5 14 14 79 6 24 75 19
split_gain=27.9898 33.2162 103.853 55.4058 45.2696 65.2529 44.6784 44.9257 26.6997 47.5456 40.6705 38.9041 29.0233 28.9177
threshold=7.0384615384615392 14.97916666666667 0.80576285240464351 14.819821026549834 14.304166666666669 0.014135452361258814 12.616666666666669 0.45436507936507942 0.4767948717948719 0.39181920657204422 7.0047398554740861 -1.9395833333333348 11.465000000000002 9.8944444444444475
decision_type=10 10 10 2 10 2 10 10 10 8 10 10 10 10
left_child=1 4 3 -3 6 -6 8 -8 10 11 12 -10 13 -1
right_child=-2 2 -4 -5 5 -7 7 -9 9 -11 -12 -13 -14 -15
leaf_value=-0.0026465127177644938 -0.024532374085170307 0.020735723904223669 0.043028729557009336 -0.021268910929801897 0.00056714237160116127 -0.045726500150466004 -0.0055594513640985195 0.035623335913970072 -0.01952279133602234 -0.039312722504638797 0.023721549966469663 0.017483172988928913 0.024099749282691221 0.021655781324022252
leaf_weight=3208.155007712543 115.02926439791918 130.42545525729656 178.33408579230309 194.03433212637901 175.70458303391933 133.27060812711716 107.78470350801945 169.74858993291855 148.57743033766747 120.96966681629419 175.63563494384289 134.24245652556419 111.51101611554623 126.26765752583742
leaf_count=8873 309 359 415 459 495 402 352 447 361 385 545 339 259 419
internal_value=-0.000248661 0.000302171 0.0124923 -0.00437217 -0.00102924 -0.0194838 0.000300137 0.0196668 -0.00103967 -0.0132184 0.000321476 -0.00195794 -0.000877737 -0.00172002
internal_weight=5229.69 5114.66 502.794 324.46 4611.87 308.975 4302.89 277.533 4025.36 403.79 3621.57 282.82 3445.93 3334.42
internal_count=14419 14110 1233 818 12877 897 11980 799 11181 1085 10096 700 9551 9292
is_linear=0
shrinkage=0.05


Tree=158
num_leaves=15
num_cat=0
split_feature=64 29 20 36 8 22 71 36 28 80 17 52 17 15
split_gain=30.7572 70.2026 113.582 25.4983 58.1565 56.5315 45.729 48.5738 65 39.1394 29.3202 45.3481 41.8216 19.3299
threshold=37.500000000000007 0.096795263570397402 0.55844155844155818 0.52967359993042329 15.872621839759296 0.89528508771929838 0.0035962753470418457 0.68155678178093326 16.381523076923081 14.683918271115543 2.6076923076923082 253.51666666666668 2.2403846153846159 0.54514833830195897
decision_type=8 8 8 10 10 8 2 10 8 2 10 8 10 10
left_child=1 2 -1 4 9 6 7 8 -5 10 12 -12 13 -2
right_child=3 -3 -4 5 -6 -7 -8 -9 -10 -11 11 -13 -14 -15
leaf_value=-0.0056976021661005989 -0.00023060794991912542 -0.012865328816205177 0.063485010499509525 -0.04355078171829499 0.031065398804492134 0.018001619185514777 -0.044588906551868868 0.013237779129624575 0.0056669987309007049 -0.027369223804916729 -0.028848936564221384 0.010103359647936339 0.027933045462611522 0.020554365747823322
leaf_weight=112.75898040086031 3250.4181600511074 151.46301992982626 123.84634099900723 152.8979544788599 149.27207941561937 142.76600054651499 118.55597347021103 150.2089074626565 118.55098715424538 131.22830478101969 197.96615433692932 118.99572822451591 143.74390026926994 114.84462334215641
leaf_count=304 8935 465 354 380 460 323 322 354 312 350 571 446 422 302
internal_value=0.000144113 0.013664 0.0306294 -0.000953969 0.000534665 -0.00989219 -0.0172835 -0.00951884 -0.0221138 -0.000624562 0.000299675 -0.0142394 0.00161665 0.000484606
internal_weight=5177.52 388.068 236.605 4789.45 4106.47 682.98 540.214 421.658 271.449 3957.2 3825.97 316.962 3509.01 3365.26
internal_count=14300 1123 658 13177 11486 1691 1368 1046 692 11026 10676 1017 9659 9237
is_linear=0
shrinkage=0.05


Tree=159
num_leaves=15
num_cat=0
split_feature=6 13 48 21 65 12 76 76 76 47 39 79 36 79
split_gain=46.3627 85.3321 44.9749 26.1908 35.2144 56.5193 30.2898 32.8073 51.3296 38.033 56.4716 57.4319 49.2801 34.4064
threshold=9.3342638668734086 0.54426733959159923 15.181985294117649 6.5561868686868694 4.5000000000000009 0.09798715922960903 2.3985023904897278 1.0515782987866535 1.0149976660454689 0.52619518747205574 24.683093771389462 0.33811522096865559 0.43911046096389156 0.76043427288871224
decision_type=10 8 2 8 8 10 10 10 10 2 2 10 10 10
left_child=2 -2 -1 6 -5 -6 7 8 13 -9 11 -11 -12 -4
right_child=1 -3 3 4 5 -7 -8 9 -10 10 12 -13 -14 -15
leaf_value=0.031196376282142183 0.0048035804754612737 -0.050513313799369658 0.0066471370234115305 0.014791252356575416 -0.0035054270041483802 -0.040195794046270293 0.028801878730074296 0.016703460697974785 0.040430705721046123 -0.0085493723668293633 -0.0079290057080748499 0.032483128906638709 -0.041283478187949092 -0.022818000405634406
leaf_weight=134.92289074510336 170.33535120636225 116.84033320844173 2008.5750646442175 216.06569717824459 1067.061063118279 115.44753777980804 121.65077514946461 184.62095671892166 107.72597308456898 228.92154756188393 327.61651037633419 134.6226909160614 166.78161196410656 103.24667558073997
leaf_count=307 495 344 6249 586 2922 352 272 361 254 632 730 260 341 272
internal_value=0.00169294 -0.0177998 0.00283474 0.00202823 -0.00372545 -0.00711842 0.00440673 0.00348844 0.00692401 -0.00382529 -0.00825719 0.00669264 -0.0192415 0.00519647
internal_weight=5204.43 287.176 4917.26 4782.34 1398.57 1182.51 3383.76 3262.11 2219.55 1042.56 857.942 363.544 494.398 2111.82
internal_count=14377 839 13538 13231 3860 3274 9371 9099 6775 2324 1963 892 1071 6521
is_linear=0
shrinkage=0.05


Tree=160
num_leaves=15
num_cat=0
split_feature=12 12 13 24 76 3 14 36 36 14 5 59 77 76
split_gain=34.9377 23.0495 45.5432 22.8075 21.7132 64.4036 25.5654 57.7627 28.6048 48.7198 48.1993 50.366 36.5903 21.1172
threshold=0.71429417177499033 0.65185925273498757 0.60608970839749765 -4.9538749999999983 1.5821040594625502 3.687301587301588 0.65449494949494957 0.55532825785493334 0.48796837211955707 0.44118055555555563 7.2166666666666677 1.0000000180025095e-35 0.45318791816272469 1.1052192250241635
decision_type=10 10 10 8 10 8 10 8 10 10 10 2 10 10
left_child=1 2 3 -1 6 -6 7 8 9 12 -11 -12 13 -5
right_child=-2 -3 -4 4 5 -7 -8 -9 -10 10 11 -13 -14 -15
leaf_value=-0.018246605177252795 -0.029041628179239005 0.020267800452229673 -0.02509323327428889 0.0016429690760936878 0.0052958355722846542 -0.034157389552320144 -0.018394228571932538 0.026628271262320716 -0.021808360994606965 0.044741346850012895 0.026012017328254484 -0.0096919972808925201 -0.024413329110994024 -0.010934062070589626
leaf_weight=181.49777433276176 115.75275323539972 119.09789808094501 202.01944869011641 2591.4816985428333 250.51202043890953 174.92111976444721 164.24263668060303 218.20185119658709 140.75203260779381 109.23398594558239 187.503527790308 206.68949980288744 160.50029841065407 382.06403891742229
leaf_count=549 389 335 501 7752 532 406 445 473 365 282 531 593 430 816
internal_value=-0.00199815 -0.00137741 -0.00190011 -0.000912284 -0.00022244 -0.0109678 0.000878658 0.00167513 0.000227356 0.00108579 0.0155076 0.00731397 -0.00123502 2.38427e-05
internal_weight=5204.47 5088.72 4969.62 4767.6 4586.1 425.433 4160.67 3996.43 3778.23 3637.47 503.427 394.193 3134.05 2973.55
internal_count=14399 14010 13675 13174 12625 938 11687 11242 10769 10404 1406 1124 8998 8568
is_linear=0
shrinkage=0.05


Tree=161
num_leaves=15
num_cat=0
split_feature=36 61 51 8 61 33 22 28 5 8 5 25 69 70
split_gain=46.7571 75.1119 27.4251 30.9688 84.3168 57.215 45.2461 31.0102 34.3278 49.061 38.4626 66.6284 34.0447 43.3991
threshold=0.65058936896392738 44.250000000000007 5.4389542483660138 15.764115929054602 46.750000000000007 4.5166666666666675 0.78979857050032498 15.056290849673205 5.9833333333333334 6.4080364388236264 7.616666666666668 0.040000000000000029 0.19131415582954367 0.016222672760475291
decision_type=10 2 10 10 2 10 8 10 10 10 10 8 2 2
left_child=2 -2 3 5 6 7 -5 8 9 -1 11 -10 13 -12
right_child=1 -3 -4 4 -6 -7 -8 -9 10 -11 12 -13 -14 -15
leaf_value=0.0015544161977252059 0.0094783708592436483 -0.038573748996989454 -0.019445757547815926 0.021718955375337967 0.051056624872846706 -0.032522222704230233 -0.02303565129665076 -0.016895538295498884 -0.0041741344571101912 -0.02381226158193616 0.0029715132002868013 0.045772644236414764 -0.019400293985934899 0.034239273937945604
leaf_weight=2685.5079332366586 140.3762139081955 191.26049643754959 155.99489298462868 107.7540652230382 114.45074636489153 125.1165637075901 116.48153477162123 212.94007030874491 109.8447924926877 204.16851664334536 587.94766575098038 168.65989162772894 123.7735783085227 135.86418975144625
leaf_count=7312 324 457 389 336 357 315 298 583 336 580 1760 477 372 408
internal_value=-0.000132391 -0.0182668 0.00111151 0.0017989 0.0163394 0.000664287 -0.00152835 0.00165365 0.0026412 -0.00024547 0.0100424 0.0261287 0.00473205 0.00887982
internal_weight=5180.14 331.637 4848.5 4692.51 338.686 4353.82 224.236 4228.71 4015.77 2889.68 1126.09 278.505 847.585 723.812
internal_count=14304 781 13523 13134 991 12143 634 11828 11245 7892 3353 813 2540 2168
is_linear=0
shrinkage=0.05


Tree=162
num_leaves=15
num_cat=0
split_feature=28 55 20 28 5 0 50 30 42 13 52 50 11 29
split_gain=30.4981 94.305 97.8261 51.2765 35.6961 27.4565 22.901 118.615 35.7683 30.1949 20.1743 19.6871 29.1704 25.3925
threshold=15.930735294117648 24.984742647058827 3.3541666666666674 15.124864583333336 20.183333333333337 14.500000000000002 14.377500000000003 0.22827219256541278 1.5000000000000002 0.09430357440249941 171.13333333333335 16.430384615384618 0.13950246066259261 0.1016802242036411
decision_type=10 2 8 10 10 2 10 10 2 10 10 10 10 10
left_child=3 2 -2 4 5 6 7 -1 9 -8 -10 -12 13 -13
right_child=1 -3 -4 -5 -6 -7 8 -9 10 -11 11 12 -14 -15
leaf_value=-0.0049007779803525364 0.02934939961310681 0.05047635592029126 -0.024026736451934386 -0.030408202710109869 -0.027762989501010901 -0.018936270407977546 -0.0019173739352301635 0.047713204417269173 0.022493584249475725 -0.037031736637681695 -0.0166711212178089 0.0017170793638143673 0.025653748679823597 -0.015704648756709426
leaf_weight=346.68335410952568 150.38474577665329 119.05975925177336 197.27254144847393 143.7892834842205 113.47500122338533 173.49171625822783 130.05760776996613 153.9186784401536 107.30656969547272 114.86515060812235 156.87617529928684 2980.4094614684582 118.5133753567934 223.93295153975487
leaf_count=848 394 354 510 323 365 406 336 374 249 285 375 8543 422 631
internal_value=8.7365e-05 0.0122711 -0.000920075 -0.00110874 -0.000190367 0.000509994 0.00129288 0.0113392 -2.21642e-05 -0.0184691 0.00124219 0.000580572 0.00139982 0.000495056
internal_weight=5230.04 466.717 347.657 4763.32 4619.53 4506.06 4332.56 500.602 3831.96 244.923 3587.04 3479.73 3322.86 3204.34
internal_count=14415 1258 904 13157 12834 12469 12063 1222 10841 621 10220 9971 9596 9174
is_linear=0
shrinkage=0.05


Tree=163
num_leaves=15
num_cat=0
split_feature=13 29 6 24 8 19 44 51 26 12 76 29 6 47
split_gain=28.461 34.8023 36.419 67.0095 106.547 66.1634 62.1104 57.6271 66.2482 41.7654 41.229 33.4919 26.1649 23.2733
threshold=0.69561951180893156 0.16387320990369239 5.7978204704764496 1.1535000000000009 15.543689661668074 9.8944444444444475 0.57150488400488408 4.4230622347949087 15.500000000000002 0.33172405267092181 0.87129167487223536 0.078982002008305727 7.14471470489719 0.57432945781052158
decision_type=10 10 10 10 10 10 10 10 2 10 10 8 10 2
left_child=1 2 5 4 9 13 -5 8 -7 12 -11 -8 -4 -1
right_child=-2 -3 3 6 -6 7 11 -9 -10 10 -12 -13 -14 -15
leaf_value=-0.0058289198755174399 0.020908475062462375 0.023174267973598138 -0.01031981448604195 0.027933268641488831 -0.062372972954084782 0.012904473005183908 0.0090560749077494423 -0.0025591251625152259 0.062106834130678024 -0.0025634219532540119 -0.036526118592718246 -0.030281921774428119 0.023682069899210918 0.002547262637191296
leaf_weight=1564.8427344709635 159.45935849100351 149.85226056724787 110.17123930156231 187.8978251516819 114.91239977627993 170.67168540507555 103.85209634155035 193.78052056580782 113.96663723140955 169.98029325157404 187.78164382278919 111.1522207185626 114.39203369617462 1762.1168771460652
leaf_count=3702 507 470 344 487 306 495 324 476 277 530 429 336 365 5346
internal_value=0.000177091 -0.000480836 -0.00120802 -0.00921609 -0.0185869 0.00110894 0.00700639 0.0184746 0.0327531 -0.00985437 -0.0204418 -0.0113268 0.00702887 -0.00139306
internal_weight=5214.83 5055.37 4905.52 1100.14 697.238 3805.38 402.902 478.419 284.638 582.325 357.762 215.004 224.563 3326.96
internal_count=14394 13887 13417 3121 1974 10296 1147 1248 772 1668 959 660 709 9048
is_linear=0
shrinkage=0.05


Tree=164
num_leaves=15
num_cat=0
split_feature=12 31 3 7 76 57 31 75 75 4 80 75 2 10
split_gain=37.2518 40.0567 26.4288 45.5587 69.9939 90.1008 48.725 21.7253 62.1003 49.9916 46.4783 34.9864 18.6214 24.0698
threshold=0.71429417177499033 0.75343137254901971 20.409090909090914 14.037886363636366 0.95793287566742957 236.08823529411768 0.64593750000000016 9.7350000000000012 8.7950000000000017 8.0012100268353965 12.354175456236174 7.4150000000000009 6.5000000000000009 0.0086232103246622321
decision_type=10 10 10 10 8 2 10 10 10 10 2 10 2 10
left_child=1 2 3 6 -5 -6 7 8 11 -9 -11 12 -1 -14
right_child=-2 -3 -4 4 5 -7 -8 9 -10 10 -12 -13 13 -15
leaf_value=-0.003348761094350919 -0.028039266184758563 0.028512149313449611 -0.024384615358708981 -0.006223757128480693 0.060985445792868624 0.0046176974044470475 -0.033706483908626808 0.028906181509429599 -0.034229124316736338 0.016219990758204586 -0.016481170268238931 0.018445193222651753 0.020381198492768815 -0.0072108512858042404
leaf_weight=2892.4942312985659 117.16890577971935 122.27628436684608 110.72278535366058 230.20175257325172 131.52283865213394 152.82777836918831 113.06394954770803 195.35424721240997 143.29409572482109 199.8103015422821 235.79048456251621 221.15024568140507 194.39260663092136 132.04664862155914
leaf_count=8383 394 280 301 497 316 522 304 445 337 500 565 534 551 419
internal_value=-0.000287279 0.000358849 -0.000341842 0.000212875 0.0142631 0.0308122 -0.00146068 -0.000587786 -0.00209468 0.00796007 -0.00147834 -0.000746585 -0.00207044 0.00923211
internal_weight=5192.12 5074.95 4952.67 4841.95 514.552 284.351 4327.4 4214.33 3583.38 630.955 435.601 3440.08 3218.93 326.439
internal_count=14348 13954 13674 13373 1335 838 12038 11734 10224 1510 1065 9887 9353 970
is_linear=0
shrinkage=0.05


Tree=165
num_leaves=15
num_cat=0
split_feature=48 75 80 27 33 33 7 80 41 76 55 11 18 76
split_gain=24.0111 23.4613 35.8032 53.9146 37.8806 40.4244 31.507 42.2488 39.784 22.203 25.9813 30.8814 27.8038 33.8256
threshold=15.250000000000002 19.405000000000005 17.537899902033718 17.210588235294122 4.4017857142857144 3.861904761904762 15.361463636363638 14.112954482138852 30.000000000000004 2.5275249124697012 17.59099264705883 0.12109992424283121 3.3100961538461542 1.6994968553459124
decision_type=2 10 2 10 10 10 10 2 8 10 2 10 10 10
left_child=-1 2 3 4 5 6 8 -8 -2 10 -10 12 13 -12
right_child=1 -3 -4 -5 -6 -7 7 -9 9 -11 11 -13 -14 -15
leaf_value=0.020313866065256203 0.027651489463533786 0.021829566407128072 -0.024803837806315128 0.030389716595747535 -0.026468983817373604 0.028153183528064035 0.0031529093451223011 -0.040519456180924 0.01794924205352641 0.020955322592204902 -0.00050988901173637015 -0.020540961225087334 0.020952174627440825 -0.021461940505075296
leaf_weight=151.39667927473783 128.78037294000387 121.0392062664032 144.42742420732975 144.1257788091898 135.89603033661842 124.98471757769585 109.17327988147736 111.107954621315 170.09283709526062 116.41747796535492 3220.3093927502632 210.36678551137447 139.22558765858412 203.89397990703583
leaf_count=374 426 295 401 399 329 323 304 314 347 255 9035 689 493 445
internal_value=0.000758325 0.000171619 -0.000361323 0.000376932 -0.000555583 0.000226715 -0.000571072 -0.0189586 0.000400123 -0.000470802 -0.00110842 -0.00197192 -0.000870238 -0.00176338
internal_weight=5231.24 5079.84 4958.8 4814.37 4670.25 4534.35 4409.37 220.281 4189.09 4060.31 3943.89 3773.8 3563.43 3424.2
internal_count=14429 14055 13760 13359 12960 12631 12308 618 11690 11264 11009 10662 9973 9480
is_linear=0
shrinkage=0.05


Tree=166
num_leaves=15
num_cat=0
split_feature=45 45 52 24 15 8 79 27 20 69 76 31 77 36
split_gain=28.1069 79.1303 47.8981 27.9193 26.3883 34.5747 26.0085 28.6873 23.1799 34.953 30.3303 51.9592 56.6712 48.4637
threshold=30.267857142857146 29.516666666666669 216.63068181818184 -4.7070833333333324 0.13696377638880389 1.5815915496396025 -0.52621754854150438 9.0828571428571454 -3.5209930209540677e-16 0.042844664739178702 1.044187385868802 0.38516666666666671 0.30079029261343126 0.54472898531472314
decision_type=10 10 10 10 10 10 8 10 10 2 10 8 10 10
left_child=1 4 -2 -4 5 6 -1 -8 9 -6 -10 12 -12 -13
right_child=2 -3 3 -5 8 -7 7 -9 10 -11 11 13 -14 -15
leaf_value=-0.013213419164033475 -0.039577420396418476 0.041571195242640885 0.012774803225510951 -0.018094450705837171 -0.00759622165112297 0.024870117762563454 0.0026549170799532174 0.028793773340955255 -0.00017603945027198014 0.033549090367410592 -0.015367500184997177 -0.026782649561765338 0.023177707615094672 0.0037353931886942061
leaf_weight=221.35740441083908 118.01012329757214 115.03718715161085 152.83395099639893 138.83827487379313 100.27199119329453 195.34731717407703 926.78614018112421 117.41742652654648 1965.6629472896457 104.71428412944078 187.51283665001392 504.6932407617569 192.02270263433456 174.84376846253872
leaf_count=374 242 304 439 440 296 554 2742 349 6004 310 387 1133 463 356
internal_value=-0.000289941 0.000782825 -0.012845 -0.00193082 -0.000226153 0.00534778 0.00231712 0.00561889 -0.0027483 0.0134831 -0.00385239 -0.0106692 0.00414377 -0.0189365
internal_weight=5215.35 4805.67 409.682 291.672 4690.63 1460.91 1265.56 1044.2 3229.72 204.986 3024.74 1059.07 379.536 679.537
internal_count=14393 13272 1121 879 12968 4019 3465 3091 8949 606 8343 2339 850 1489
is_linear=0
shrinkage=0.05


Tree=167
num_leaves=15
num_cat=0
split_feature=52 27 20 33 28 14 31 57 64 69 45 20 79 20
split_gain=31.7843 64.3464 63.4291 31.8012 31.2475 74.5531 58.3152 38.1005 34.7705 45.8641 40.8707 66.763 52.5383 42.5961
threshold=221.87500000000003 15.946428571428571 5.6125000000000007 2.9999999999999996 15.930735294117648 0.66118055555555566 0.60424107142857164 257.09375000000006 69.500000000000014 1.0000000180025095e-35 22.966666666666672 0.55844155844155818 0.1737820925674762 1.7238095238095241
decision_type=10 10 10 10 10 10 10 2 10 2 10 8 10 8
left_child=1 3 4 -1 6 -6 7 8 10 -10 11 -2 -13 -12
right_child=2 -3 -4 -5 5 -7 -8 -9 9 -11 13 12 -14 -15
leaf_value=-0.0036881616665090135 -0.0015026307879676118 -0.034325660514826065 0.031399039729594354 0.01681646748329545 0.052057519353919217 -0.0070620107644079888 -0.03512058223754505 -0.0051867507918065582 0.046659415980201874 0.0046171771755106148 0.0027767920416184363 0.013493746674373764 0.057417112342499799 -0.025995758883206318
leaf_weight=1719.1823139190674 370.48886062204838 160.12038134783506 196.78909906744957 211.45510021597147 98.965739488601685 113.85328082740307 108.10842522978783 1046.4400978162885 118.19043372571468 142.87684570252895 463.45533484220505 176.30522037297487 110.79520791769028 176.96742771565914
leaf_count=3966 990 338 598 477 328 319 273 3677 334 415 1346 576 251 514
internal_value=0.000801264 -0.00396897 0.00399481 -0.00143483 0.00214191 0.0205448 0.000691607 0.00219043 0.00714208 0.023756 0.00378484 0.0125317 0.0305847 -0.00520203
internal_weight=5213.99 2090.76 3123.24 1930.64 2926.45 212.819 2713.63 2605.52 1559.08 261.067 1298.01 657.589 287.1 640.423
internal_count=14402 4781 9621 4443 9023 647 8376 8103 4426 749 3677 1817 827 1860
is_linear=0
shrinkage=0.05


Tree=168
num_leaves=15
num_cat=0
split_feature=30 58 53 4 4 39 21 33 53 79 36 76 30 30
split_gain=24.6506 50.7292 74.9367 128.131 88.9412 78.0821 71.7113 69.6119 72.2798 57.5339 30.7448 16.6215 17.28 19.1022
threshold=0.31616701281652476 17.97058823529412 1.7735042735042736 19.628087189204326 12.371387482904526 27.760438056125945 5.1824583866837397 2.2583333333333337 2.6547619047619051 0.37745546655591106 0.52967359993042329 2.3985023904897278 0.2946765528362506 0.19801839054149953
decision_type=10 2 10 10 10 2 8 10 10 8 10 10 10 10
left_child=10 -2 4 5 9 6 7 -4 -9 -3 11 12 13 -1
right_child=1 2 3 -5 -6 -7 -8 8 -10 -11 -12 -13 -14 -15
leaf_value=-0.0017968479694131943 0.029045837000654485 -0.013588941508036507 0.024991903551829158 -0.053597988278323565 0.049103354182267911 -0.025308204116380142 0.04180358881617624 -0.03841471651130917 0.013129690802899222 0.03039776982252437 -0.02690641849690479 0.01845575072293943 -0.020706300176057041 0.010133078111624852
leaf_weight=2866.8756471350789 210.08896242082119 192.5348285138607 181.2503609135747 119.8101153075695 159.7698874399066 199.61894191801548 140.74134919792414 147.9316033795476 124.46223066002131 119.71883711218834 112.15929418802261 111.81143708527088 107.275261066854 379.00476376712322
leaf_count=7989 564 481 467 306 406 573 381 401 332 333 364 239 295 1134
internal_value=0.00104594 0.00621128 0.00273118 -0.0056255 0.018887 0.00167155 0.0107597 0.00105775 -0.0149012 0.00331888 -0.00125965 -0.000421954 -0.00105675 -0.00040116
internal_weight=5173.05 1595.93 1385.84 913.815 472.024 794.004 594.386 453.644 272.394 312.254 3577.13 3464.97 3353.16 3245.88
internal_count=14265 4244 3680 2460 1220 2154 1581 1200 733 814 10021 9657 9418 9123
is_linear=0
shrinkage=0.05


Tree=169
num_leaves=15
num_cat=0
split_feature=80 21 36 31 28 19 80 75 75 80 64 13 44 24
split_gain=36.75 52.9797 47.0874 37.9672 33.9936 33.241 28.7481 46.2739 48.8349 42.3031 53.557 86.3524 68.6079 29.6718
threshold=17.537899902033718 5.2477591036414575 0.70944468243171299 0.66585784313725505 15.930735294117648 15.839743589743593 10.03082290506976 8.7950000000000017 7.9850000000000012 10.777616444400673 72.500000000000014 0.53717700064801832 0.59496970312447117 -2.099499999999999
decision_type=2 10 8 10 10 10 2 10 10 2 8 8 10 10
left_child=2 -2 3 4 5 6 7 8 13 -8 11 -11 -12 -1
right_child=1 -3 -4 -5 -6 -7 9 -9 -10 10 12 -13 -14 -15
leaf_value=0.0023747901744461267 -0.043800857252688424 0.00072759500342554754 0.029090470500714269 -0.021954211345063635 0.027150719445386218 -0.025689640505056646 0.035864697722563767 -0.026287781076194439 0.029479286910190996 0.0075741215320134642 -0.00068053678409869074 -0.04800276038200136 0.045242467959826088 -0.0072515853180879219
leaf_weight=1742.1544105708599 121.42519240826368 146.94779515266418 129.53168979287148 212.53402574360371 108.41897685825825 131.88901019096375 118.06968525052071 187.79494318366051 126.70638217031956 200.96969994902611 211.05826284736395 105.98002791404724 131.28964933007956 1479.4146998673677
leaf_count=4757 309 396 290 571 340 387 349 461 296 591 516 285 358 4332
internal_value=-0.00152796 -0.0195071 -0.000536596 -0.0013494 -0.000380989 -0.00105995 -0.000299327 -0.00220353 -0.000845268 0.00846679 0.0034372 -0.0117084 0.0170113 -0.00204673
internal_weight=5154.18 268.373 4885.81 4756.28 4543.75 4435.33 4303.44 3536.07 3348.28 767.367 649.298 306.95 342.348 3221.57
internal_count=14238 705 13533 13243 12672 12332 11945 9846 9385 2099 1750 876 874 9089
is_linear=0
shrinkage=0.05


Tree=170
num_leaves=15
num_cat=0
split_feature=64 42 52 43 5 5 9 59 7 19 79 30 27 40
split_gain=26.7511 36.4177 40.2763 33.063 73.0569 44.9142 35.4612 81.434 48.3556 34.5085 32.0675 97.0887 33.7419 31.0139
threshold=84.500000000000014 2.5000000000000004 180.63333333333335 64.433035714285737 15.641666666666669 12.84166666666667 15.96816666666667 1.0000000180025095e-35 14.037886363636366 12.345238095238097 0.68338558502738056 0.1801644145496886 4.6503030303030313 5.5000000000000009
decision_type=10 2 10 10 10 10 10 2 10 10 8 10 10 2
left_child=1 -1 -3 6 5 -5 8 -8 9 10 12 -12 -4 -14
right_child=-2 2 3 4 -6 -7 7 -9 -10 -11 11 -13 13 -15
leaf_value=-0.0092936433119283762 0.017166059437100666 0.027241996563660321 0.0013257786874251766 0.0055443823089869771 0.037835552277704479 -0.029933202568124963 0.0084894163923850251 -0.046124703509632319 0.025232552904954617 -0.029038860611749148 -0.0050493170209599189 0.070056479264438656 -0.0058085470530925129 -0.031023248130012577
leaf_weight=982.83289441466331 218.39800901710987 144.75606779754162 1253.0646613687277 1005.9622721597552 166.61697916686535 96.887650415301323 131.29588938504457 140.56323992460966 165.15809614211321 117.08428802341223 142.64739741384983 60.541250556707382 419.50101415812969 171.30714628100395
leaf_count=2431 595 351 2836 3276 499 323 371 381 396 304 837 352 1058 411
internal_value=7.78146e-05 -0.000672144 0.0014399 0.000468152 0.0070799 0.00240331 -0.00276011 -0.0198141 -0.000762052 -0.00275658 -0.00123989 0.0175624 -0.00332024 -0.0131597
internal_weight=5216.62 4998.22 4015.39 3870.63 1269.47 1102.85 2601.16 271.859 2329.3 2164.15 2047.06 203.189 1843.87 590.808
internal_count=14421 13826 11395 11044 4098 3599 6946 752 6194 5798 5494 1189 4305 1469
is_linear=0
shrinkage=0.05


Tree=171
num_leaves=15
num_cat=0
split_feature=19 19 15 14 77 47 31 62 77 6 76 12 33 64
split_gain=30.3015 67.7741 22.163 54.6831 24.2637 25.1017 31.2416 71.6281 35.5759 42.8462 59.5859 41.8793 47.6226 46.4903
threshold=19.174242424242429 17.851648351648354 0.75492191794489949 0.65449494949494957 0.73667545809801305 0.63886841967643337 0.57382352941176473 23.375000000000004 0.62794893122355211 7.5717677364373737 0.78689363748797592 0.18072931697931699 2.4495798319327733 64.500000000000014
decision_type=10 10 10 10 10 2 10 2 10 10 10 10 10 10
left_child=1 2 3 4 5 6 8 -8 9 11 -11 -1 13 -13
right_child=-2 -3 -4 -5 -6 -7 7 -9 -10 10 -12 12 -14 -15
leaf_value=0.0033980745929003686 -0.023758180501881113 0.040337889852716198 0.021680721221941153 -0.023995266139279502 0.020675914376099572 -0.012355584186142909 0.0345077482465284 -0.012746487975582003 -0.024079666469873143 -0.0052940082238567641 0.0445004846746445 0.0040406094782016065 -0.029946301028175415 -0.025863899634562065
leaf_weight=2478.7828083410859 119.42961490899324 109.55587357282639 122.41343906521797 221.37773298472166 156.49899931252003 338.7981203943491 207.41440235078335 129.66586142033339 140.89481824636459 110.22429221123457 130.5552963167429 556.70409642159939 209.61427122354507 168.47147767990828
leaf_count=6803 356 290 298 577 431 1031 496 382 320 431 333 1567 526 526
internal_value=0.00103065 0.00161787 0.000756655 0.000224064 0.00138761 0.000708005 0.00178178 0.0163464 0.000484245 0.00143764 0.0217779 -3.03413e-06 -0.00901575 -0.0029328
internal_weight=5200.4 5080.97 4971.42 4849 4627.62 4471.13 4132.33 337.08 3795.25 3654.35 240.78 3413.57 934.79 725.176
internal_count=14367 14011 13721 13423 12846 12415 11384 878 10506 10186 764 9422 2619 2093
is_linear=0
shrinkage=0.05


Tree=172
num_leaves=15
num_cat=0
split_feature=33 31 28 10 14 53 36 28 41 6 9 13 25 6
split_gain=24.6391 37.8631 48.3389 77.7589 24.3309 22.4662 53.2642 44.4803 30.6594 25.854 34.3028 48.0499 64.4069 25.2818
threshold=5.0384615384615392 0.68147058823529416 14.965441176470589 0.12242335101434056 0.69148351648351658 2.1937500000000005 0.45432592897306751 13.850839285714288 60.500000000000007 8.7171660681677654 12.389666666666669 0.26643964631779127 0.065000000000000058 3.3280920842043371
decision_type=10 10 10 8 10 8 10 10 8 10 10 10 8 8
left_child=1 2 4 -4 5 6 8 9 -1 10 11 -7 -13 -10
right_child=-2 -3 3 -5 -6 7 -8 -9 13 -11 -12 12 -14 -15
leaf_value=0.020448912544260733 -0.015353791985529996 0.02101859918872679 0.0051801983153203111 -0.049602294237693342 0.023874331076875678 0.00030491399496378825 -0.029011170991270548 0.033993005027384574 0.0043806683245375807 0.026030730947021644 -0.020329102687595507 -0.0037694627212573589 0.045578372851572409 -0.0088529166265953335
leaf_weight=157.26885125041008 230.99156425148249 231.46100506931543 137.23404230922461 121.39319556206465 117.97555087506771 1916.8758312165737 180.6670226752758 116.54567985981703 671.20631277561188 110.51843269169331 167.75744107365608 121.77617960423231 143.30520134419203 778.51870402693748
leaf_count=476 558 584 431 299 336 5246 495 260 1878 345 495 358 411 2217
internal_value=0.00057383 0.00131667 0.000350575 -0.0206254 0.00156518 0.000956807 -0.00334901 0.00394414 -0.000447685 0.00250744 0.00139043 0.00306886 0.0229794 -0.00272712
internal_weight=5203.5 4972.5 4741.04 258.627 4482.42 4364.44 1787.66 2576.78 1606.99 2460.23 2349.71 2181.96 265.081 1449.73
internal_count=14389 13831 13247 730 12517 12181 5066 7115 4571 6855 6510 6015 769 4095
is_linear=0
shrinkage=0.05


Tree=173
num_leaves=15
num_cat=0
split_feature=19 8 77 29 8 43 43 47 56 33 9 9 55 55
split_gain=40.8678 52.259 25.7253 50.3181 45.4318 40.6946 66.612 38.7646 74.752 39.8358 31.9958 38.8599 36.4839 22.5357
threshold=19.174242424242429 18.859321532285875 0.75350123834959859 0.089130759221873648 11.717776591990857 59.320512820512825 61.449494949494955 0.56322614650125469 4.5697970237443934 2.5523809523809526 10.881666666666669 9.0972500000000007 21.882352941176475 23.72058823529412
decision_type=10 10 10 10 10 10 10 2 2 8 10 10 2 2
left_child=1 2 4 -4 10 -6 -7 -8 9 -9 11 13 -13 -1
right_child=-2 -3 3 -5 5 6 7 8 -10 -11 -12 12 -14 -15
leaf_value=-0.0016988664723098846 -0.028866483623906369 0.03398143274461457 0.038659600060285487 -0.0059925919388487429 -0.036673144870253103 0.025396698729940333 -0.032176144090402099 0.0058335588237222267 0.033019999803379455 -0.034999402366890413 0.022475580305182135 0.0034707191536011428 -0.035974163361892644 0.0065648509826821957
leaf_weight=2141.9079744666815 120.55275509506464 112.73276279121637 119.24703346192837 132.25539131462574 136.87917612493038 128.54871619492769 196.52449319511652 98.579738691449165 95.470387503504753 149.58555100113153 166.59878724813461 101.23733176290989 137.7334895581007 1340.5639112591743
leaf_count=5538 356 327 327 313 286 336 538 354 277 460 471 259 440 4075
internal_value=-0.000216679 0.000471752 -0.000298874 0.015248 -0.00113501 -0.0119342 -0.00682314 -0.0145237 -0.00436417 -0.0188208 0.00110504 0.000142559 -0.0193189 0.00148319
internal_weight=5178.42 5057.86 4945.13 251.502 4693.63 805.588 668.709 540.16 343.636 248.165 3888.04 3721.44 238.971 3482.47
internal_count=14357 14001 13674 640 13034 2251 1965 1629 1091 814 10783 10312 699 9613
is_linear=0
shrinkage=0.05


Tree=174
num_leaves=15
num_cat=0
split_feature=12 12 53 53 6 13 30 33 33 80 26 55 80 52
split_gain=32.2915 51.3806 20.5089 27.0476 29.9074 60.0207 44.3492 35.2195 32.7975 53.5765 29.0808 27.0494 49.3533 72.9828
threshold=0.65789230925833175 0.71429417177499033 4.4083333333333341 3.7416666666666671 8.303683009020709 0.54426733959159923 0.34973250943226281 4.6018099547511309 4.0588235294117654 15.201864209371923 12.500000000000002 19.335294117647063 4.2252310415421332 235.83766233766235
decision_type=10 10 10 10 10 10 10 10 10 2 2 2 2 10
left_child=2 -2 3 4 7 6 -6 8 9 11 -5 12 -1 -14
right_child=1 -3 -4 10 5 -7 -8 -9 -10 -11 -12 -13 13 -15
leaf_value=-0.0052920535409404623 0.041918661858913804 -0.006202238169518654 0.018886792171350093 -0.00033053064047368412 -0.018469568231148297 -0.044167251468264057 0.024026247977709012 0.023754799102174925 -0.027694805216899817 0.030703191909583941 -0.033076447028477445 -0.0033628938289479468 0.04867794751050275 -0.0021482994500933625
leaf_weight=318.48884779214859 108.32315668463707 112.1579227373004 113.96590067446232 127.20483670383692 150.85427968204021 119.57694374024868 102.06658452749252 144.97267870604992 112.89130510389805 132.1237578690052 144.2333106175065 3247.291914768517 141.01066437363625 140.3531626239419
leaf_count=704 299 388 284 344 430 312 329 354 227 368 347 9385 300 328
internal_value=-0.00116026 0.0175223 -0.00198825 -0.00247943 -0.00157431 -0.0151378 -0.00129324 -0.000378614 -0.00123918 -0.000481869 -0.0177882 -0.00156057 0.00818564 0.0234064
internal_weight=5215.52 220.481 4995.03 4881.07 4609.63 372.498 252.921 4237.13 4092.16 3979.27 271.438 3847.14 599.853 281.364
internal_count=14399 687 13712 13428 12737 1071 759 11666 11312 11085 691 10717 1332 628
is_linear=0
shrinkage=0.05


Tree=175
num_leaves=15
num_cat=0
split_feature=77 29 79 29 62 14 0 12 79 8 8 28 36 36
split_gain=27.6682 64.9116 123.943 57.05 68.9259 36.9224 66.8692 76.0296 54.1625 41.2454 37.0086 29.1544 20.8096 28.9939
threshold=0.62324007214637966 0.090223966986980361 0.15928404245544162 0.11043608902555484 21.875000000000004 0.52045454545454561 10.500000000000002 0.44369348753180621 0.30420240799217041 11.818084139046958 13.06937628208029 13.65591666666667 0.40263690844409356 0.32213254294819993
decision_type=10 8 10 10 2 10 2 10 8 10 10 10 8 10
left_child=5 2 -2 -3 -5 9 7 -7 -9 11 -11 12 13 -1
right_child=1 3 -4 4 -6 6 -8 8 -10 10 -12 -13 -14 -15
leaf_value=-0.00077210152892594685 -0.018860408043390987 -0.040537038347397747 0.046743290872821509 0.018092589249179988 -0.024928284042837309 -0.026892209571323263 0.046454014499549737 0.048904934314188714 -0.003176967143790059 -0.04655396113313251 -0.0034064452139226341 0.025335629460483528 -0.01948860514265156 0.018672106058161188
leaf_weight=3249.5692501589656 161.21982258558273 195.8402486294508 128.52435037493706 156.28701739013195 227.33241902291775 129.95044794678688 118.1652345508337 96.075587064027786 102.52653925120831 89.518969513475895 110.57987227290869 112.67533456534147 136.08902918547392 202.73616436123848
leaf_count=9015 412 428 269 346 538 348 364 266 446 289 381 379 372 527
internal_value=-0.000860327 -0.00899866 0.0103007 -0.0186499 -0.00740006 0.000768335 0.0143678 0.00272196 0.0221369 -0.000792209 -0.022845 0.000405929 -0.000383703 0.000374833
internal_weight=5217.09 869.204 289.744 579.46 383.619 4347.89 446.718 328.553 198.602 3901.17 200.099 3701.07 3588.39 3452.31
internal_count=14380 1993 681 1312 884 12387 1424 1060 712 10963 670 10293 9914 9542
is_linear=0
shrinkage=0.05


Tree=176
num_leaves=15
num_cat=0
split_feature=54 3 11 15 56 6 19 3 33 56 48 48 12 70
split_gain=31.8716 57.8933 33.1775 39.7114 56.9473 58.7101 31.8439 26.8997 48.9433 28.0347 27.0169 29.1995 47.1004 33.9592
threshold=31.472222222222225 5.9035714285714302 0.11344106712777083 0.7642778634415387 4.0613253224762333 4.7619329108213941 12.516666666666667 16.50714285714286 4.4017857142857144 5.1488815886608608 29.93933823529412 25.485294117647062 0.076830313587962371 0.0049594907407407409
decision_type=10 10 10 10 2 10 10 10 10 2 2 2 10 2
left_child=2 -2 7 4 -4 -6 -7 8 9 10 11 -1 -13 -14
right_child=1 -3 3 -5 5 6 -8 -9 -10 -11 -12 12 13 -15
leaf_value=8.8425984313541151e-05 -0.0033885272444617921 0.043684461064085564 0.0065886276424901831 0.013447098108666761 0.0011337631234519235 -0.023320550112486294 -0.05774915541922726 0.022130052735640601 -0.028926707844840627 -0.019939504604534822 -0.015735651215909623 -0.00085705462328754299 0.014074149226401232 0.047316574925681421
leaf_weight=2833.6607949286699 156.16882491111755 111.11310206353664 174.02958919852972 128.93207094818354 121.93313966691494 136.90008516609669 135.29736742377281 134.77046779543161 144.94982594251633 159.18414521217346 215.71788299828768 401.22867487370968 264.92769435048103 108.05352412164211
leaf_count=7806 446 337 534 370 316 443 339 323 361 329 579 1194 753 348
internal_value=-0.000515488 0.0162703 -0.00142321 -0.0115274 -0.0172085 -0.0277062 -0.0405822 0.000231557 -0.000488618 0.000553365 0.00141152 0.00244084 0.0110396 0.0238053
internal_weight=5226.87 267.282 4959.59 697.092 568.16 394.131 272.197 4262.49 4127.72 3982.77 3823.59 3607.87 774.21 372.981
internal_count=14478 783 13695 2002 1632 1098 782 11693 11370 11009 10680 10101 2295 1101
is_linear=0
shrinkage=0.05


Tree=177
num_leaves=15
num_cat=0
split_feature=9 17 10 33 28 50 79 64 36 80 49 36 30 65
split_gain=22.9273 26.7589 42.634 42.3379 28.3419 84.3784 37.6579 34.6878 25.2174 48.7582 68.9233 55.498 40.3956 39.4762
threshold=19.237416666666672 3.9128787878787885 0.13295376121463079 3.4476190476190482 15.056290849673205 21.303333333333338 -0.022519393232916411 85.500000000000014 0.43911046096389156 8.3674728254164101 7.5000000000000009 0.34475812367800412 0.51846571681523412 7.5000000000000009
decision_type=10 10 10 8 10 8 10 10 10 2 2 8 8 8
left_child=1 2 4 -3 7 -6 -7 8 9 -1 11 -11 -12 -10
right_child=-2 3 -4 -5 5 6 -8 -9 13 10 12 -13 -14 -15
leaf_value=-0.0015201917167375974 0.016966130000726005 0.0036965977473118836 0.026034804134212733 -0.041239504590635002 0.01783176706560221 -0.010592836044887248 -0.050456327825570579 0.026025195139118593 -0.032364132748905081 0.013043767344380182 0.011402175141887617 0.058880710353869631 -0.027389048927235329 -0.0011306730286668384
leaf_weight=3151.653746008873 188.86527068912983 107.20011153072119 151.58441181480885 101.29189949482679 132.51401998102665 112.23751380294561 126.07069079577923 126.3815084323287 151.02780046314001 156.113614320755 186.93662641942501 114.42367941141129 103.40172925591469 302.61792712658644
leaf_count=8673 583 392 397 277 321 384 282 346 380 447 590 298 316 750
internal_value=-8.95769e-05 -0.000734064 2.70399e-05 -0.0182274 -0.00082375 -0.0140665 -0.0318043 0.000323264 -0.000462465 0.000898435 0.0144676 0.0325759 -0.00245961 -0.0115772
internal_weight=5212.32 5023.46 4814.96 208.492 4663.38 370.822 238.308 4292.56 4166.18 3712.53 560.876 270.537 290.338 453.646
internal_count=14436 13853 13184 669 12787 987 666 11800 11454 10324 1651 745 906 1130
is_linear=0
shrinkage=0.05


Tree=178
num_leaves=15
num_cat=0
split_feature=47 54 24 15 51 3 53 48 51 36 10 36 57 22
split_gain=21.111 22.191 61.7255 68.915 78.7109 87.7039 43.2562 55.187 45.3616 68.0436 44.9938 51.045 45.7963 44.0508
threshold=0.48334899417542526 26.933035714285719 3.4406666666666679 0.63001296925136729 4.1618568418718125 5.2025000000000015 2.379807692307693 16.454044117647062 4.1323863513425803 0.55532825785493334 0.092852341048627288 0.05735907404261429 237.34375000000003 0.83697199810156631
decision_type=2 10 10 10 10 8 8 2 10 10 8 10 2 10
left_child=-1 6 3 4 5 -3 -2 -8 13 10 11 -10 -13 -9
right_child=1 2 -4 -5 -6 -7 7 8 9 -11 -12 12 -14 -15
leaf_value=-0.016391939163716392 -0.0061754694594011745 0.0073872316619396612 0.043642118620354269 -0.03196195743632637 -0.00090265726762935126 0.068857517334602422 0.035961113364589334 0.00094819229599458175 -0.0063678907470916639 0.04697156522522989 -0.01667822361235732 0.033617045645726061 -7.9021582511155046e-06 -0.022246649180063891
leaf_weight=167.81977219879627 1695.8626267164946 138.58783181011677 108.25682095438242 116.12692170590162 579.81642885506153 99.164412811398506 129.10552369058132 955.70083018392324 255.12735856324434 111.73226153850555 178.07705281674862 284.56852027773857 156.89709844440222 259.46382512897253
leaf_count=336 4794 446 311 311 1586 303 308 2711 685 263 531 696 495 689
internal_value=0.00100243 0.00158148 0.00808144 0.00391609 0.00904501 0.033207 -0.000102107 0.00431779 0.00244667 0.0104074 0.00568827 0.0114217 0.0216937 -0.00401863
internal_weight=5236.31 5068.49 1041.95 933.696 817.569 237.752 4026.54 2330.67 2201.57 986.402 874.67 696.593 441.466 1215.16
internal_count=14465 14129 2957 2646 2335 749 11172 6378 6070 2670 2407 1876 1191 3400
is_linear=0
shrinkage=0.05


Tree=179
num_leaves=15
num_cat=0
split_feature=76 76 30 47 57 78 61 39 11 18 15 5 6 31
split_gain=31.3592 79.1722 52.8121 37.938 56.9077 57.5221 43.3341 52.6439 39.0112 32.0375 65.6917 56.0581 47.4894 48.2552
threshold=1.044187385868802 0.99826412252071306 0.55990799295103633 0.58303084835533392 251.25000000000003 1.5000000000000002 44.750000000000007 24.850102669404521 0.06509146711358918 4.1055555555555561 0.63771493421445868 16.94166666666667 7.5218902722922154 0.57382352941176473
decision_type=10 10 10 2 2 10 2 2 8 10 10 10 10 8
left_child=1 9 3 6 5 -5 8 -8 -2 10 11 -1 13 -11
right_child=2 -3 -4 4 -6 -7 7 -9 -10 12 -12 -13 -14 -15
leaf_value=0.0012399224904135978 -0.008432265843825764 0.033068647798239641 -0.031470972819644998 0.041118921072432188 -0.014622412063161637 0.001442602800937433 0.022779372366984629 -0.01730330875427227 -0.04071771499579533 -0.022214623566487381 0.032835767150855191 -0.03565721862957804 -0.03566273489305307 0.03046000743466248
leaf_weight=2937.3930424228311 217.20164957642555 190.76539568603039 188.51121214032173 154.62188820540905 209.72298757731915 221.37412790954113 160.08477887511253 165.69397562742233 164.28373286128044 90.342307634651661 158.80501078814268 105.67937164008617 147.86052648723125 81.986729398369789
leaf_count=8747 409 443 404 362 599 470 382 359 329 368 438 267 498 275
internal_value=-0.000672207 0.00178201 -0.00681988 -0.00320432 0.00620148 0.0178246 -0.0109915 0.0024024 -0.0224059 7.85333e-05 0.0015882 -5.27287e-05 -0.014976 0.00287685
internal_weight=5194.33 3712.83 1481.49 1292.98 585.719 375.996 707.264 325.779 381.485 3522.07 3201.88 3043.07 320.19 172.329
internal_count=14350 11036 3314 2910 1431 832 1479 741 738 10593 9452 9014 1141 643
is_linear=0
shrinkage=0.05


Tree=180
num_leaves=15
num_cat=0
split_feature=75 13 44 71 76 57 10 8 7 22 77 0 64 46
split_gain=32.76 26.8338 67.0907 55.5403 82.9658 49.8395 41.8675 39.6247 65.6578 36.7548 33.7796 33.0224 18.1248 16.6422
threshold=19.675000000000004 0.46910010006200059 0.64559540075794697 0.020399220203371558 0.89879313832584862 251.84742647058826 0.11823934731861095 12.970807956564789 11.201833333333335 0.77859477124183019 0.64004263489474589 7.5000000000000009 30.500000000000004 59.281250000000007
decision_type=10 10 8 2 10 2 10 10 10 8 10 2 8 2
left_child=1 7 3 4 6 9 11 8 10 -6 12 -3 -1 -14
right_child=-2 2 -4 -5 5 -7 -8 -9 -10 -11 -12 -13 13 -15
leaf_value=0.019199501027948082 0.02636889316588293 -0.020933113891064208 0.027246432094997816 -0.045292723314053936 -0.015913201243986607 0.0024903853720833697 0.03858780991163286 0.027722278273063724 -0.030642728383254589 -0.051476746708586631 0.026663687832566563 0.021047998853864637 -0.011674046034729213 0.00073940826240853055
leaf_weight=122.538285844028 111.07532902061939 99.670957423746586 114.24091598391533 116.76109333336353 146.58206540346146 140.04148159921169 99.817098669707775 131.13551790267229 167.61895973235369 145.61751106381416 125.31435704231262 86.609916158020496 293.14477896690369 3288.4418915212154
leaf_count=322 279 333 348 326 322 369 310 380 509 285 327 330 713 9191
internal_value=-0.000370313 -0.000960333 -0.00853535 -0.013457 -0.00822655 -0.0220308 0.0126332 0.000783304 -0.000107223 -0.0337514 0.001237 -0.00140614 0.000369827 -0.00027958
internal_weight=5188.61 5077.53 949.341 835.1 718.339 432.241 286.098 4128.19 3997.06 292.2 3829.44 186.281 3704.12 3581.59
internal_count=14344 14065 2623 2275 1949 976 973 11442 11062 607 10553 663 10226 9904
is_linear=0
shrinkage=0.05


Tree=181
num_leaves=15
num_cat=0
split_feature=8 19 36 31 27 19 27 54 10 79 33 53 55 36
split_gain=42.8053 48.9586 23.5794 20.7398 35.0945 44.521 27.4028 58.9775 67.0698 69.2466 75.4538 46.0692 58.8287 53.1103
threshold=20.333688252552154 18.345238095238098 0.70944468243171299 0.6975128205128206 16.901666666666671 15.839743589743593 8.2866666666666671 14.732142857142859 0.027906891298473218 0.62395313451998402 3.5147058823529416 2.1180555555555558 24.822058823529414 0.35731034643528664
decision_type=10 10 8 10 10 10 8 8 8 10 10 8 2 10
left_child=1 2 3 4 5 6 -1 -8 -9 10 11 -10 13 -13
right_child=-2 -3 -4 -5 -6 -7 7 8 9 -11 -12 12 -14 -15
leaf_value=-0.0035162441420321616 -0.030609288825454446 0.03342975747623151 0.020727583033847197 -0.018383222404699719 0.026873443151215849 -0.031622998940510648 -0.030058428680592067 -0.0084153986406090946 -0.00043337150386579077 0.045961743662499568 -0.021078006166212943 0.017070404729266981 -0.0023687407556178103 0.050481702625693195
leaf_weight=2431.5522147268057 110.70547342300415 110.61581426113844 131.88290067762136 157.95957604050636 117.25790864229202 112.61262835562229 116.52837644517422 545.3391976505518 376.07592462748289 136.46469466388226 182.43313109129667 302.67987775057554 189.86689702421427 196.74865243583918
leaf_count=6590 345 300 295 405 316 327 312 1573 1129 337 465 855 623 470
internal_value=9.27734e-06 0.000678731 -5.27447e-05 -0.000620152 -2.03441e-05 -0.000713042 7.12225e-05 0.00433407 0.00642551 0.012274 0.00855594 0.0136454 0.0213163 0.0303073
internal_weight=5218.72 5108.02 4997.4 4865.52 4707.56 4590.3 4477.69 2046.14 1929.61 1384.27 1247.8 1065.37 689.295 499.429
internal_count=14342 13997 13697 13402 12997 12681 12354 5764 5452 3879 3542 3077 1948 1325
is_linear=0
shrinkage=0.05


Tree=182
num_leaves=15
num_cat=0
split_feature=8 7 39 79 6 1 26 28 43 7 56 65 64 75
split_gain=31.1791 55.2484 68.5291 22.8641 39.8592 50.3997 50.7881 52.9649 66.8956 49.6548 50.9905 77.5682 29.9487 49.6394
threshold=20.333688252552154 16.853287878787885 25.604380561259415 0.15928404245544162 2.7577164466275375 1.5000000000000002 16.500000000000004 11.149972222222223 65.730303030303048 12.845266666666669 4.3651865001037722 9.5000000000000018 82.500000000000014 5.3850000000000007
decision_type=10 10 2 8 8 10 2 8 10 10 2 8 8 10
left_child=1 3 -3 -1 -5 6 7 12 9 10 11 -9 -6 -14
right_child=-2 2 -4 4 5 -7 -8 8 -10 -11 -12 -13 13 -15
leaf_value=-0.0025009102256123746 -0.0241442466281174 -0.0013113323593565713 0.050439336409236472 -0.0048537024207086481 -0.013265981142543827 -0.016831282305862415 0.034390435159208164 0.085705789232419116 -0.014703157039668298 0.0014443506361898036 0.013425063478686633 0.025350848249511455 -0.0085088496553316663 0.032186614099498967
leaf_weight=2409.6984162628651 114.29669398069382 126.7262549623847 128.0797399058938 793.03427228331566 315.70410317927599 171.36254864186049 211.23144575953484 92.049635343253613 126.06841673702002 150.12390914559364 155.27450171113014 127.35879898071289 177.02992306649685 128.53097403049469
leaf_count=6131 356 381 293 2257 1217 535 286 304 462 397 421 411 621 320
internal_value=0.00156936 0.00214886 0.0247969 0.000955961 0.0043587 0.00877402 0.0117414 0.00795655 0.0179127 0.0257607 0.0354738 0.0509459 -0.00248617 0.00865842
internal_weight=5226.57 5112.27 254.806 4857.47 2447.77 1654.73 1483.37 1272.14 650.875 524.807 374.683 219.408 621.265 305.561
internal_count=14392 14036 674 13362 7231 4974 4439 4153 1995 1533 1136 715 2158 941
is_linear=0
shrinkage=0.05


Tree=183
num_leaves=15
num_cat=0
split_feature=60 19 57 80 14 77 36 28 77 52 77 41 15 33
split_gain=29.4995 42.7302 33.4322 66.9508 44.4077 32.4796 28.0857 61.1588 49.7266 41.72 43.8425 52.1186 49.9432 26.4118
threshold=12.750000000000002 19.031250000000004 209.56985294117649 18.671890309817723 0.51033333333333342 0.39376494773204923 0.65058936896392738 15.691292279411767 0.61128733018133963 171.13333333333335 0.62324007214637966 73.500000000000014 0.58510914700936933 1.3095238095238098
decision_type=2 10 2 2 10 8 10 10 10 8 10 10 10 10
left_child=1 2 4 6 5 -1 7 9 -9 -4 12 -12 13 -11
right_child=-2 -3 3 -5 -6 -7 -8 8 -10 10 11 -13 -14 -15
leaf_value=-0.0096149422110404 0.021578110781267396 -0.031362396850163801 0.02794313118907419 0.039572497932718359 -0.032146434115549065 0.018454193373655579 -0.019736207325309982 0.0032847751719411646 0.0526045131594206 0.0012971206989545589 -0.00033334580363201063 -0.044677344852812606 0.032848904567256136 -0.0093406552133871359
leaf_weight=513.76316885650158 139.43456073105335 117.20948781818151 121.3255643248558 107.9165318235755 178.43463612347841 127.89105387032032 174.1740415468812 105.09535193443298 98.752422958612442 2365.2182949185371 140.29248410463333 124.59543225169182 109.67039178311825 773.50340878218412
leaf_count=1105 413 355 262 282 385 426 409 385 239 6855 327 316 351 2267
internal_value=-0.00102672 -0.00165404 -0.000943043 0.00089259 -0.0101561 -0.00400034 -0.000157277 0.000736047 0.0273175 -0.000761883 -0.00176083 -0.021281 -0.000163014 -0.00132658
internal_weight=5197.28 5057.84 4940.63 4120.54 820.089 641.654 4012.63 3838.45 203.848 3634.61 3513.28 264.888 3248.39 3138.72
internal_count=14377 13964 13609 11693 1916 1531 11411 11002 624 10378 10116 643 9473 9122
is_linear=0
shrinkage=0.05


Tree=184
num_leaves=15
num_cat=0
split_feature=57 28 11 20 76 66 22 79 50 76 66 28 39 30
split_gain=33.6302 54.7734 45.9207 39.5631 37.194 26.407 43.1867 31.568 27.8092 68.2654 49.0209 51.2025 34.84 29.7568
threshold=209.56985294117649 13.18649147727273 0.17722417747589655 1.8708333333333333 0.90745745745745754 5.5000000000000009 0.71525096525096543 -0.9732473977338264 26.464583333333337 1.0185707174332739 6.5000000000000009 3.0006333333333339 24.280629705681044 0.1704882053692667
decision_type=2 10 10 10 10 2 10 8 10 10 2 10 2 8
left_child=1 3 5 4 -1 6 -2 -7 10 12 11 -9 -10 -14
right_child=2 -3 -4 -5 -6 7 -8 8 9 -11 -12 -13 13 -15
leaf_value=-0.00023105070104684992 0.009001611016749813 -0.035725188704503537 0.028784425519272978 0.020369195984278655 -0.026941882506750038 -0.017156546492677432 -0.031183479509985353 -0.0028945141952852163 -0.021588501565051401 0.036094740419438866 -0.0017789223825693278 0.041363651090016815 -0.0051137495775882575 0.026278070405020112
leaf_weight=373.20578046143055 111.51630692929029 164.91329204291105 141.63353551179171 135.77606012672186 199.27617102861404 224.895911693573 164.60870832204819 121.81972872465849 125.118019066751 195.71855583786964 2816.417562276125 139.67008047550917 159.57192987948656 141.81066313385963
leaf_count=940 319 361 430 361 408 357 440 340 496 539 7963 399 545 514
internal_value=-0.00091707 -0.00986482 0.000883845 -0.00380152 -0.00955963 -6.33947e-05 -0.0149803 0.00098956 0.00209683 0.0117286 0.000146532 0.0208127 0.000488806 0.00969521
internal_weight=5215.95 873.171 4342.78 708.258 572.482 4201.15 276.125 3925.02 3700.13 622.219 3077.91 261.49 426.501 301.383
internal_count=14412 2070 12342 1709 1348 11912 759 11153 10796 2094 8702 739 1555 1059
is_linear=0
shrinkage=0.05


Tree=185
num_leaves=15
num_cat=0
split_feature=27 69 21 7 69 31 31 19 6 31 61 13 56 44
split_gain=42.6371 121.841 82.5052 36.1029 68.8722 31.4978 39.1266 22.0393 58.2689 54.5856 52.0223 27.7011 48.8536 25.448
threshold=14.97916666666667 0.036745082402977143 5.204313543599258 14.242750000000001 0.0033882783882783888 0.62372549019607859 0.56687500000000013 9.2792207792207808 5.7978204704764496 0.35080128205128208 43.250000000000007 0.22600403516354703 4.1608656174334149 0.56938497137985644
decision_type=10 2 8 10 2 10 10 10 10 10 2 10 2 8
left_child=3 2 -2 5 -5 6 7 11 9 -9 -10 13 -13 -1
right_child=1 -3 -4 4 -6 -7 -8 8 10 -11 -12 12 -14 -15
leaf_value=-0.0050646862738093767 -0.027900779414359384 0.040084728615225308 0.023476748933347582 0.0045763535470926689 -0.036713427070492341 -0.026256816778260524 0.028929848897753831 0.052336012985669547 -0.034442761913232513 0.0046221797315048434 0.011476394448824836 0.0074804804417405758 -0.024432601816083001 0.0042394871862277408
leaf_weight=1268.9419238194823 190.0934155061841 240.34009175747633 131.24884974211454 206.11450166255236 196.65682768821716 110.0482817068696 118.42847876250744 113.85067345201969 101.60697966068983 125.82423950731754 153.77350230515003 192.94980757683516 314.21072069555521 1743.4101504683495
leaf_count=3151 466 589 330 585 585 281 297 339 291 355 479 587 866 5176
internal_value=0.000236111 0.0132351 -0.00690844 -0.00133799 -0.0156248 2.15467e-05 0.000727436 -0.000111523 0.00975537 0.0274105 -0.00685632 -0.00150178 -0.0123004 0.000319759
internal_weight=5207.5 561.682 321.342 4645.82 402.771 4243.04 4133 4014.57 495.055 239.675 255.38 3519.51 507.161 3012.35
internal_count=14377 1385 796 12992 1170 11822 11541 11244 1464 694 770 9780 1453 8327
is_linear=0
shrinkage=0.05


Tree=186
num_leaves=15
num_cat=0
split_feature=57 20 77 27 58 12 57 53 54 36 31 64 12 65
split_gain=30.9118 48.6973 83.211 77.956 64.5421 41.1902 59.8502 57.7522 56.2643 35.8981 62.1456 41.1508 35.3347 27.7023
threshold=224.20588235294119 3.9375000000000009 0.61128733018133963 9.8417647058823547 19.878676470588239 0.4987126757151083 276.42279411764713 1.7596153846153848 21.516666666666669 0.45853361337881465 0.57614583333333347 84.500000000000014 0.40410450902982292 1.5000000000000002
decision_type=2 10 8 10 2 10 2 8 10 10 8 10 10 10
left_child=1 2 3 13 -4 9 7 -7 -9 11 -11 12 -2 -1
right_child=5 -3 4 -5 -6 6 -8 8 -10 10 -12 -13 -14 -15
leaf_value=0.0083065424651090399 -0.0013815529159295452 -0.029167563995855725 0.051624396062187654 -0.040180258543597198 -0.0034523864122362781 0.053139324662721678 -0.017910500859390253 0.034401973059352504 -0.0040472741907841272 0.0049474741562081093 -0.044568992825993491 0.0310235557955864 0.02384160600700393 -0.008975040050876756
leaf_weight=352.90247188508511 2504.3698643818498 202.43393811583519 112.25808454304934 162.73086558282375 100.07416411489248 110.36879915744066 119.42107994109392 164.0318197235465 224.25520501285791 134.23671103268862 118.71767159551382 110.50386852771044 145.99545552581549 671.89549398422241
leaf_count=776 7432 466 384 365 311 312 434 479 583 346 302 344 438 1479
internal_value=-0.0005255 -0.00630829 -0.00298415 -0.0081431 0.0257717 0.00202674 0.0137738 0.0213823 0.0122423 -0.000386113 -0.0183758 0.00126818 1.63337e-05 -0.00302161
internal_weight=5234.2 1602.3 1399.86 1187.53 212.332 3631.9 618.077 498.656 388.287 3013.82 252.954 2760.87 2650.37 1024.8
internal_count=14451 3781 3315 2620 695 10670 1808 1374 1062 8862 648 8214 7870 2255
is_linear=0
shrinkage=0.05


Tree=187
num_leaves=15
num_cat=0
split_feature=42 76 54 76 57 15 77 79 6 77 80 50 33 77
split_gain=26.4213 36.305 36.0346 33.5118 28.4913 70.4442 67.4271 41.7004 38.3293 55.2903 41.7191 40.5153 31.3491 28.6948
threshold=2.5000000000000004 0.89879313832584862 31.550505050505055 1.1859608484418269 257.09375000000006 0.74821536508061381 0.7204765605227702 0.62395313451998402 7.4813442057097204 0.61934701598118547 12.730861575085596 23.986666666666668 2.4852941176470584 0.6970180877311033
decision_type=2 10 8 10 2 10 10 10 10 10 2 10 8 8
left_child=1 2 -1 -3 5 6 7 13 10 -10 11 -6 -13 -2
right_child=4 3 -4 -5 8 -7 -8 -9 9 -11 -12 12 -14 -15
leaf_value=-0.010134146384465286 0.0017877913486458179 -0.0343682345637467 0.012787162207945119 -0.0057466733340403135 -0.011771304637939075 0.039936280358396414 -0.029580847802394908 0.02949968202966562 -0.00012036823053487945 -0.052524491643626374 0.027974024791828773 -0.00082762599070034274 0.031720145268985735 0.023381209637262954
leaf_weight=373.40605799108744 2230.2651250362396 181.88469737768173 315.34339714050293 233.13538675010204 591.65254538506269 134.81392990797758 148.74412578344345 160.91038674116135 109.67129749059677 92.036576211452484 114.18771477788687 221.57108119875193 110.02859216928482 164.27194273471832
leaf_count=1026 5096 373 855 505 1881 321 373 307 470 258 352 881 447 1176
internal_value=0.000178945 -0.00668019 0.000363681 -0.0183427 0.00203658 0.00479715 0.00303122 0.00494029 -0.00428692 -0.0241728 -0.000400979 -0.00393686 0.010035 0.0032783
internal_weight=5181.92 1103.77 688.749 415.02 4078.15 2839.01 2704.19 2555.45 1239.15 201.708 1037.44 923.252 331.6 2394.54
internal_count=14321 2759 1881 878 11562 7273 6952 6579 4289 728 3561 3209 1328 6272
is_linear=0
shrinkage=0.05


Tree=188
num_leaves=15
num_cat=0
split_feature=55 76 50 20 76 48 75 48 24 27 17 28 11 62
split_gain=24.7716 52.9788 55.1153 53.7434 33.9203 44.0975 44.091 42.2191 32.6572 58.7753 38.5569 31.9368 31.43 79.0958
threshold=23.72058823529412 0.90745745745745754 21.345299145299148 -8.8024825523851693e-17 1.484192641388175 21.878676470588239 6.7750000000000012 25.790441176470591 -2.8780476190476185 16.60588235294118 1.935416666666667 14.564906250000002 0.094865244528341289 21.875000000000004
decision_type=2 8 8 8 8 2 10 2 8 10 8 8 10 2
left_child=8 2 -2 -3 5 11 -6 -7 10 12 -1 -5 -10 -14
right_child=1 3 -4 4 6 7 -8 -9 9 -11 -12 -13 13 -15
leaf_value=-0.0046735485057193297 0.048694279119851344 0.025172006258414249 0.0094616131946224247 0.021012718417999822 -0.0016027421171787475 -0.043448129498731586 0.034458799276235783 -0.0063587191021200881 -0.0048190878418950082 -0.031891200868311119 0.03074417299424741 -0.01522626060085313 -0.0091442894455229899 0.032080515538027182
leaf_weight=154.16706006973982 115.09399464726448 180.97212230414152 394.30068811774254 119.42055296897888 653.71451807767153 160.51567634940147 96.377136155962944 146.91979184746742 2275.041987337172 178.92425417155027 151.75387770682573 121.81181393563747 258.190733961761 210.30144067108631
leaf_count=408 295 579 1096 315 2477 398 251 389 5803 421 422 290 667 567
internal_value=0.000125617 0.00451344 0.018404 -0.000277547 -0.00384038 -0.0132766 0.00307041 -0.0258016 -0.00257845 -0.00420663 0.0129385 0.0027263 -0.00239017 0.00939003
internal_weight=5217.51 1989.13 509.395 1479.73 1298.76 548.668 750.092 307.435 3228.38 2922.46 305.921 241.232 2743.53 468.492
internal_count=14378 6090 1391 4699 4120 1392 2728 787 8288 7458 830 605 7037 1234
is_linear=0
shrinkage=0.05


Tree=189
num_leaves=15
num_cat=0
split_feature=36 36 75 75 36 15 55 15 30 20 80 78 60 79
split_gain=27.9715 30.068 28.9841 55.5421 43.5111 32.5802 28.0013 33.1169 32.2688 28.4617 34.5746 31.0031 20.4765 22.6806
threshold=0.70944468243171299 0.65058936896392738 17.175000000000004 15.635000000000003 0.58707889119536205 0.6478216129920884 17.882352941176475 0.56614550271298669 0.57400869441191682 3.0333333333333337 11.945152560614039 1.5000000000000002 -10.749999999999998 0.50938651993232165
decision_type=8 10 10 10 10 10 2 10 10 10 2 8 2 10
left_child=1 2 3 4 5 6 -1 8 9 10 12 -11 -8 -14
right_child=-2 -3 -4 -5 -6 -7 7 -9 -10 11 -12 -13 13 -15
leaf_value=0.018345020285725693 0.019445800126442689 -0.023610522613624483 0.023009944883048694 -0.033275184784834932 0.032920218739908337 0.023695822537563853 0.018864765909173489 -0.020480198330623017 0.026601613401846899 -0.037338059514386811 0.023666032355795414 -0.0016153634498505638 0.00035825307524879293 -0.011548202797313634
leaf_weight=197.18834596127272 207.00819969922304 122.71561508625746 148.70575651526451 116.5530596524477 106.80922431498766 148.87874412536621 129.59486478567123 204.11893699318171 110.82877169549465 105.90642876923084 152.9706914499402 140.86084879934788 2834.2401813939214 464.67954303324223
leaf_count=437 486 295 372 280 260 460 377 577 397 263 439 471 8238 966
internal_value=0.00148149 0.000731609 0.00135081 0.000662626 0.00153031 0.000776317 -1.51169e-05 -0.000893151 0.000126769 -0.000646431 0.000487228 -0.0170355 -0.000553544 -0.00132186
internal_weight=5191.06 4984.05 4861.34 4712.63 4596.08 4489.27 4340.39 4143.2 3939.08 3828.25 3581.49 246.767 3428.51 3298.92
internal_count=14318 13832 13537 13165 12885 12625 12165 11728 11151 10754 10020 734 9581 9204
is_linear=0
shrinkage=0.05


Tree=190
num_leaves=15
num_cat=0
split_feature=80 9 8 47 9 33 65 33 75 58 76 80 36 25
split_gain=31.1685 41.6323 27.1193 21.3527 48.5901 47.5007 42.839 32.958 31.7864 26.1395 26.7087 24.7584 26.9499 43.1214
threshold=19.452136055996537 19.39916666666667 17.230670652931924 0.52147681586705985 16.500666666666671 4.1291666666666673 7.5000000000000009 1.6125 3.6150000000000007 28.852941176470591 0.60017055144968745 15.201864209371923 0.46673465143720955 0.31577777777777777
decision_type=2 10 10 2 10 10 10 10 10 2 10 2 10 8
left_child=1 2 3 6 5 9 7 -1 -8 11 -11 12 -5 -14
right_child=-2 -3 -4 4 -6 -7 8 -9 -10 10 -12 -13 13 -15
leaf_value=-0.0099596561718142285 -0.02335972352737669 0.029852247788243247 -0.022211200762068017 0.0011818424003347385 0.030968501068587468 -0.025701767373020403 0.0075280299451983461 0.020520039422657836 0.044066674932543189 0.001308491894539408 -0.027254750805614028 0.023512217290396861 0.0018488204956858619 -0.037606274366058665
leaf_weight=297.15257731825113 140.77784576267004 116.28431990742683 136.16092970222235 3074.5689584985375 114.50881927460432 198.58607432246208 121.13383702933788 125.2464053183794 116.97892551124096 151.22004986554384 177.16327057778835 113.04210725426674 162.60252463072538 119.50965755432844
leaf_count=743 405 343 354 8857 315 489 353 272 249 485 410 302 426 267
internal_value=-0.000240067 0.000412269 -0.000291204 0.000338807 -0.00100249 -0.001926 0.00867626 -0.000894938 0.0255878 -0.000676434 -0.0141374 0.00060125 -0.000177089 -0.0149391
internal_weight=5164.94 5024.16 4907.87 4771.71 4111.2 3996.69 660.512 422.399 238.113 3798.11 328.383 3469.72 3356.68 282.112
internal_count=14270 13865 13522 13168 11551 11236 1617 1015 602 10747 895 9852 9550 693
is_linear=0
shrinkage=0.05


Tree=191
num_leaves=15
num_cat=0
split_feature=14 27 21 69 9 80 48 7 7 66 21 76 5 28
split_gain=43.4474 27.7105 64.756 59.0248 46.3844 34.556 21.0989 18.8932 23.0089 17.2617 29.4922 23.3486 48.573 32.3164
threshold=0.78522727272727288 14.97916666666667 5.2669738863287261 0.011985563456151692 17.349000000000004 15.201864209371923 29.93933823529412 14.242750000000001 13.03799090909091 10.500000000000002 4.6025458570524993 1.723300296722394 3.0416666666666674 13.380875000000001
decision_type=10 10 10 2 10 2 2 10 10 2 10 10 10 10
left_child=1 4 3 -3 5 6 7 8 9 11 -11 13 -13 -1
right_child=-2 2 -4 -5 -6 -7 -8 -9 -10 10 -12 12 -14 -15
leaf_value=-7.2882767949163365e-05 -0.028802829045514195 -0.023234510051566029 0.038562478803458144 0.019162032635566224 -0.027694351589081859 0.026010874237276018 -0.014849016813617083 -0.015567633242077909 0.023579265235053947 -0.0035122766305704291 0.031118742417521824 0.0055881077187196933 -0.033885143705958763 0.023940701076890725
leaf_weight=3105.13038828969 126.16343906521797 151.95990017801523 155.98985826969147 176.19770139455795 149.69151958823204 128.01344278454781 233.07144023478031 172.34785582125187 111.56285693496466 125.14633671939373 119.49551863968372 162.3673854470253 148.44328929483891 145.72328295558691
leaf_count=8844 360 374 389 420 460 343 618 471 317 356 359 348 329 391
internal_value=6.4638e-05 0.000786368 0.0121518 -0.000481472 -0.000411965 0.000511521 -0.000249361 0.000585993 0.00130039 0.00064137 0.0134611 -0.000242717 -0.0133125 0.00101059
internal_weight=5211.3 5085.14 484.147 328.158 4600.99 4451.3 4323.29 4090.22 3917.87 3806.31 244.642 3561.66 310.811 3250.85
internal_count=14379 14019 1183 794 12836 12376 12033 11415 10944 10627 715 9912 677 9235
is_linear=0
shrinkage=0.05


Tree=192
num_leaves=15
num_cat=0
split_feature=4 77 14 11 57 21 25 75 59 21 29 54 52 46
split_gain=20.7409 42.1425 28.5386 32.7787 56.3284 49.2254 48.8449 48.4954 35.4031 31.098 44.5369 34.3795 40.3424 30.6114
threshold=22.178703324454585 0.7881386988257536 0.72563492063492074 0.041666982550504029 236.08823529411768 4.6463751515968204 0.0016666666666666915 11.915000000000001 1.0000000180025095e-35 5.0861263736263744 0.11654026844742597 26.516666666666669 237.63186813186817 59.281250000000007
decision_type=10 10 10 10 2 10 8 10 2 8 10 10 10 2
left_child=1 2 3 7 5 -5 -7 13 -8 10 -6 12 -11 -1
right_child=-2 -3 -4 4 9 6 8 -9 -10 11 -12 -13 -14 -15
leaf_value=-0.014936925189944423 0.020783746125309165 -0.021316623832780476 0.024935052977186532 -0.028987716602604331 0.0045839561419016355 0.017881180938673295 0.0019278180929411569 0.036146590952620704 -0.029575924793812026 0.0047385506887317498 0.040436170579652798 0.014563472282395221 -0.029479899199145849 0.0043822596678660605
leaf_weight=222.55817456543446 126.39203369617462 213.79418522119522 123.60102944821119 330.27753992378712 471.76383488625288 167.17699397355318 167.86401385068893 112.52412492036819 188.96768873929977 153.59191849827766 105.19925422221422 144.00948292762041 194.41796699166298 2477.7946713119745
leaf_count=511 351 593 296 790 1499 438 424 250 459 427 321 449 714 6873
internal_value=0.000857362 0.000356959 0.00131463 0.000693066 -0.00433609 -0.0139003 -0.00435369 0.00413201 -0.0147917 0.00331305 0.0111796 -0.00591563 -0.0144075 0.00278507
internal_weight=5199.93 5073.54 4859.75 4736.15 1923.27 854.286 524.009 2812.88 356.832 1068.98 576.963 492.019 348.01 2700.35
internal_count=14395 14044 13451 13155 5521 2111 1321 7634 883 3410 1820 1590 1141 7384
is_linear=0
shrinkage=0.05


Tree=193
num_leaves=15
num_cat=0
split_feature=30 47 20 58 33 21 24 0 22 13 46 50 6 58
split_gain=44.8314 98.8202 35.3421 22.6079 43.2081 53.1424 47.3166 51.6724 52.3731 45.1664 41.9767 56.0622 53.8945 64.4713
threshold=0.58185869728988038 0.54722876875815929 3.6125000000000003 21.424632352941178 3.861904761904762 4.9083673469387756 -2.4785333333333339 10.500000000000002 0.73385416666666681 0.42771343842010506 67.060661764705898 21.806363636363638 5.8309059168286606 25.121323529411768
decision_type=10 2 8 2 10 8 8 2 8 10 2 8 10 2
left_child=3 -2 -3 4 5 6 -1 8 -8 -7 12 -12 -5 -14
right_child=1 2 -4 10 -6 9 7 -9 -10 -11 11 -13 13 -15
leaf_value=-0.017718966707533687 0.055566401552655631 0.015797871683526098 -0.017980604137296404 -0.001674763971376173 0.032939271226818466 -0.0024808374675959182 -0.013207385901961251 0.04314881564781449 0.018894253768559788 -0.035052662125151637 0.050635048535383025 -0.0039768406716786846 -0.037408128860179191 -0.0034509183300567661
leaf_weight=125.3482057377696 114.32563850283623 181.43515203148127 133.55533188581467 1987.0355015322566 113.679811604321 925.90537893027067 182.535196185112 135.79979774355888 412.71639942377806 119.28476297110319 79.109220035374165 113.3580931276083 259.88984049856663 301.59029088169336
leaf_count=330 280 540 395 5285 288 2599 531 358 1079 329 299 487 736 857
internal_value=0.000512454 0.0159672 0.00146429 -0.000885607 0.00313376 0.00133556 0.0105631 0.0154301 0.00904458 -0.00622812 -0.00384085 0.0186158 -0.00554345 -0.0192071
internal_weight=5185.57 429.316 314.99 4756.25 2015.27 1901.59 856.4 731.051 595.252 1045.19 2740.98 192.467 2548.52 561.48
internal_count=14393 1215 935 13178 5514 5226 2298 1968 1610 2928 7664 786 6878 1593
is_linear=0
shrinkage=0.05


Tree=194
num_leaves=15
num_cat=0
split_feature=8 77 11 69 36 20 25 29 15 76 20 56 56 58
split_gain=26.8707 47.2725 27.7517 59.1895 33.2581 40.4013 37.591 48.1008 26.1604 56.1411 25.9537 21.9486 24.3971 26.0484
threshold=20.333688252552154 0.83317384370015968 0.13950246066259261 0.036745082402977143 0.44631576124381639 0.67948717948717963 0.022999999999999982 0.081331012089023033 0.47850016583255267 0.89513865444899943 3.9375000000000009 4.9872965352245062 4.7178247594374545 20.332720588235297
decision_type=10 10 10 2 10 10 8 10 10 10 10 2 2 2
left_child=1 2 4 -4 8 -6 -7 -8 10 -10 11 12 13 -1
right_child=-2 -3 3 -5 5 6 7 -9 9 -11 -12 -13 -14 -15
leaf_value=-0.0055881345452272503 -0.023726778030744657 0.031350794741746242 -0.0032979422788476384 0.041910428204500423 0.011951035817018051 -0.001444433637474945 -0.010710529992233861 -0.050006979885984154 0.035538229559755739 -0.0031076031975587996 -0.024379191891062316 0.01440376113288382 -0.013040238636869404 0.0043026185823426865
leaf_weight=1053.3385975211859 113.62054131925106 122.17601907253265 181.82508514076471 119.16121833026409 146.44374707341194 213.22160141170025 171.78210342675447 142.53085151314735 161.26936046779156 222.94555781781673 109.72308194637299 251.61030644178391 365.817891523242 1804.828254930675
leaf_count=2802 356 383 511 357 361 522 464 336 528 516 323 587 877 5401
internal_value=0.000213139 0.00075457 -7.63353e-06 0.0146797 -0.000962601 -0.0112233 -0.0176669 -0.0286323 0.000781921 0.0131636 -0.000548247 0.000210882 -0.0009009 0.000656836
internal_weight=5180.29 5066.67 4944.5 300.986 4643.51 673.978 527.535 314.313 3969.53 384.215 3585.32 3475.6 3223.98 2858.17
internal_count=14324 13968 13585 868 12717 1683 1322 800 11034 1044 9990 9667 9080 8203
is_linear=0
shrinkage=0.05


Tree=195
num_leaves=15
num_cat=0
split_feature=5 69 21 77 52 11 48 36 77 25 64 27 77 58
split_gain=29.6195 111.211 57.4906 44.4567 31.4399 31.0259 52.9667 36.4967 43.5943 37.369 38.0316 46.6167 33.7219 38.7856
threshold=15.916666666666668 0.14862505840026438 5.0251661918328594 0.64362352880446017 176.12500000000003 0.040297561322866583 16.235294117647062 0.3755591925724871 0.42752877928418398 0.02 87.500000000000014 12.422478991596641 0.25904470902575311 23.272058823529417
decision_type=10 2 10 8 8 10 2 10 10 10 8 10 8 2
left_child=4 2 -2 -4 -1 -6 -7 8 12 10 11 -9 -8 -14
right_child=1 -3 3 -5 5 6 7 9 -10 -11 -12 -13 13 -15
leaf_value=0.015929320733908854 -0.025390355763422467 0.053470390157057728 -0.013210000168292949 0.027011662798798242 0.00013790798113756227 0.02514867492775549 0.00051127153229675799 -0.021601006877482929 0.017860251809192412 -0.033852477309381651 -0.028742477455442669 0.021591546943896145 -0.034042564247358124 -0.0025231725216945432
leaf_weight=223.0006458312273 160.52542340755463 114.75267419219017 109.78809103369713 180.43464098870754 2676.463971696794 109.64487461000681 419.46906936168671 112.07031704485416 178.59887425601482 271.0335593894124 162.05474356561899 138.60204301774502 215.85688219219446 177.79215686768293
leaf_count=503 430 302 281 512 7346 232 1063 338 490 771 407 342 810 676
internal_value=-0.00104534 0.00975373 -0.00146951 0.0118031 -0.00235075 -0.0032678 -0.00837125 -0.0105785 -0.00444319 -0.0194576 -0.0099457 0.00227197 -0.009358 -0.0198493
internal_weight=5250.09 565.501 450.748 290.223 4684.59 4461.59 1785.12 1675.48 991.717 683.761 412.727 250.672 813.118 393.649
internal_count=14503 1525 1223 793 12978 12475 5129 4897 3039 1858 1087 680 2549 1486
is_linear=0
shrinkage=0.05


Tree=196
num_leaves=15
num_cat=0
split_feature=54 24 19 11 79 55 62 33 60 27 14 55 8 24
split_gain=35.8623 43.398 60.078 54.0857 49.8135 48.4103 47.6655 44.191 34.4444 36.9881 33.081 81.7449 53.4646 31.2324
threshold=22.258333333333336 4.1788958333333346 7.3452380952380958 0.047369492634672515 0.2792234074057745 22.062500000000004 24.375000000000004 2.5166666666666671 -6.7499999999999991 15.645000000000001 0.60408333333333342 22.193750000000005 13.06937628208029 0.039291666666667065
decision_type=8 10 10 10 10 2 2 8 2 8 10 2 10 8
left_child=10 3 -3 -2 6 -6 8 -8 -5 -10 12 -12 13 -1
right_child=1 2 -4 4 5 -7 7 -9 9 -11 11 -13 -14 -15
leaf_value=-0.0045004824734098114 -0.00054271455482228796 -0.012166824224837121 0.039081377590258398 -0.0186848372582494 -0.0094022232773058947 -0.045747766592055608 -0.0035461158747605616 -0.053849615694852151 -6.8146053223192842e-05 0.03777748145317783 0.042408742766352286 -0.0065641537645545929 -0.024887766982878964 0.0092082527800373438
leaf_weight=647.08389455080032 1712.7344397157431 101.0730212777853 129.59258276224136 129.7856527492404 165.17175453901291 206.53060568869114 88.863983877003193 85.114124208688736 200.20355480909348 94.287448234856129 174.37734816968441 165.28079636394978 170.92567098140717 1157.3822809457779
leaf_count=1833 4678 287 391 455 282 445 330 306 684 287 412 460 499 3169
internal_value=-0.000405606 -0.00409636 0.0166699 -0.00588745 -0.0153148 -0.0296656 -0.00636387 -0.0283229 0.00268602 0.0121358 0.00423876 0.0186288 0.0017563 0.00429251
internal_weight=5228.41 2913.36 230.666 2682.69 969.957 371.702 598.255 173.978 424.277 294.491 2315.05 339.658 1975.39 1804.47
internal_count=14518 8145 678 7467 2789 727 2062 636 1426 971 6373 872 5501 5002
is_linear=0
shrinkage=0.05


Tree=197
num_leaves=15
num_cat=0
split_feature=13 54 22 3 45 48 11 9 24 69 44 36 29 61
split_gain=42.6982 20.7153 47.8701 30.0176 25.4777 24.4034 23.88 40.4897 77.3079 32.4614 59.9993 48.5501 38.4895 100.488
threshold=0.70277739116062476 30.267857142857146 0.82305502846299816 20.409090909090914 22.031250000000004 15.181985294117649 0.041666982550504029 6.9176666666666673 -2.5849857142857133 0.14575378774374251 0.5998846597462516 0.40541403333958231 0.09811562739517618 48.250000000000007
decision_type=10 10 10 10 10 2 10 10 10 2 10 10 8 2
left_child=1 3 4 5 -3 -1 7 -7 -9 12 11 -11 -8 -14
right_child=-2 2 -4 -5 -6 6 9 8 -10 10 -12 -13 13 -15
leaf_value=0.020526520793645506 0.026110867086668845 0.014476821918483733 0.033232209872347047 -0.027162106165527406 -0.018639517748246476 -0.00063693247332101855 -0.017289502628279271 0.05363533254384302 -0.0060689342806667474 0.0011290923851292294 -0.020281171946249121 0.043954647979018956 -0.010080200010937616 0.039229924311838145
leaf_weight=124.24629994481802 148.84794282913208 105.44540897756815 140.91219329088926 113.4838167950511 126.87639777362347 2373.8462780490518 772.55523002147675 100.96186359971762 115.40669775754213 149.02828086167574 138.46760848164558 118.12211250513792 561.6824716180563 125.55875674635172
leaf_count=286 491 296 365 288 382 6413 2248 292 350 410 433 275 1495 395
internal_value=-0.000193152 -0.00097092 0.0103505 -0.00187325 -0.00361116 -0.00124083 -0.00185229 0.00125411 0.0219088 -0.00616404 0.00633715 0.020158 -0.00963957 -0.00102735
internal_weight=5215.44 5066.59 373.234 4693.36 232.322 4579.88 4455.63 2590.21 216.369 1865.41 405.618 267.15 1459.8 687.241
internal_count=14419 13928 1043 12885 678 12597 12311 7055 642 5256 1118 685 4138 1890
is_linear=0
shrinkage=0.05


Tree=198
num_leaves=15
num_cat=0
split_feature=46 8 6 57 27 53 33 25 8 9 9 80 6 3
split_gain=19.1976 21.6417 51.2807 45.8488 85.7633 66.7213 36.8014 35.4294 21.8442 29.0489 25.9066 32.2953 28.096 24.7767
threshold=58.294117647058833 13.302589826863219 4.8704648788271223 237.42463235294119 17.647254901960789 2.379807692307693 4.1483516483516496 0.068333333333333426 11.717776591990857 10.881666666666669 9.8311666666666699 11.945152560614039 7.04842465954163 8.0033333333333356
decision_type=2 10 10 2 8 10 10 8 10 10 10 2 10 10
left_child=-1 6 -3 5 7 -4 8 -5 9 10 11 12 13 -2
right_child=1 2 3 4 -6 -7 -8 -9 -10 -11 -12 -13 -14 -15
leaf_value=-0.017804624754972617 0.00028117437878715131 0.028621566086322377 -0.011487877129101204 0.02227630573468611 -0.046732622247744125 0.031701864604672968 -0.025738277124320585 -0.016022411773732977 -0.015440428776168176 0.022474808551196448 -0.022734342973194488 0.027326670264536519 0.021606654351579192 -0.019552381023885953
leaf_weight=137.50344200432301 3096.0689597129822 225.61469343304634 152.23141340911388 136.75592935085297 114.92208554595709 214.32244031131268 138.58925469964743 106.58110339194536 205.9239300340414 153.52719621360302 116.70768436789513 112.68983257561922 146.16741302609444 164.90071507543325
leaf_count=354 8444 568 342 403 402 514 351 334 626 464 359 302 441 496
internal_value=0.000562138 0.0010622 0.00786137 0.00136876 -0.0113354 0.0137825 -0.000502275 0.00550463 0.000379183 0.00124255 0.000340235 0.00111156 0.000236745 -0.000727455
internal_weight=5222.51 5085 950.428 724.813 358.259 366.554 4134.57 243.337 3995.99 3790.06 3636.53 3519.83 3407.14 3260.97
internal_count=14400 14046 2563 1995 1139 856 11483 737 11132 10506 10042 9683 9381 8940
is_linear=0
shrinkage=0.05


Tree=199
num_leaves=15
num_cat=0
split_feature=19 12 47 52 47 47 31 53 51 6 76 77 36 79
split_gain=25.5522 47.2574 21.0499 39.102 23.4244 35.8583 41.1509 31.583 29.5737 45.5376 24.5088 44.0671 24.0609 70.1497
threshold=19.031250000000004 0.67170678795298677 0.51277108893242562 244.54195804195805 0.54048390872908691 0.54607692307692324 0.71884615384615402 4.1742424242424248 5.0161432421227206 4.4921381775487017 1.0214782649297289 0.25251751062887823 0.37165207162220032 0.3677614278625852
decision_type=10 10 2 10 2 2 10 10 10 10 10 10 10 10
left_child=1 2 3 -1 10 -6 7 8 12 -10 11 -4 -7 -14
right_child=-2 -3 4 -5 5 6 -8 -9 9 -11 -12 -13 13 -15
leaf_value=0.020774169712209269 -0.023750591598133461 0.03146130554519086 -0.0060020014602856402 -0.008866454612651925 0.019807077421137062 -0.00027798330392618873 -0.0309719516192998 0.024816863817136464 0.00056698868859081147 0.037862658646826829 0.0055409614358102981 -0.039322081031177222 -0.0013082753610051841 -0.036707879515139284
leaf_weight=294.95239713788033 111.34675220400095 118.25190389156342 321.86998053640127 177.57188640534878 215.31818392127752 2321.5375170409679 111.08420898020267 120.82444909214973 268.40540047734976 116.77082075178623 176.75074324011803 142.75681602954865 523.83432916551828 190.00776636600494
leaf_count=569 344 362 991 501 506 6895 256 314 677 303 398 334 1593 323
internal_value=-0.000163614 0.000355915 -0.00038861 0.00964019 -0.00144145 2.70335e-05 -0.00114413 -0.000200029 -0.0010907 0.0119424 -0.0102833 -0.0163021 -0.00274793 -0.010769
internal_weight=5211.28 5099.94 4981.68 472.524 4509.16 3867.78 3652.46 3541.38 3420.56 385.176 641.378 464.627 3035.38 713.842
internal_count=14366 14022 13660 1070 12590 10867 10361 10105 9791 980 1723 1325 8811 1916
is_linear=0
shrinkage=0.05


Tree=200
num_leaves=15
num_cat=0
split_feature=33 13 24 54 39 15 54 25 76 41 13 15 10 10
split_gain=31.3897 44.0757 33.0122 46.5956 69.6892 49.96 29.1689 53.1706 46.5066 42.3137 38.9251 35.2883 50.0139 36.9244
threshold=4.6018099547511309 0.54047167133237484 2.2398392857142855 24.866071428571434 25.345653661875431 0.49972757914122506 22.422619047619051 0.030000000000000086 1.0591718581722331 35.500000000000007 0.24972113797575432 0.6578047146528031 0.10257001814869925 0.070623304429278888
decision_type=10 10 10 10 2 10 10 10 10 10 8 10 10 10
left_child=2 -2 6 5 -5 -4 7 -1 11 -9 -10 12 13 -8
right_child=1 -3 3 4 -6 -7 8 9 10 -11 -12 -13 -14 -15
leaf_value=0.001116423249437665 -0.0083871525225540765 0.030121736825441565 -0.0078824728555085023 0.034044029285291676 -0.022290869548909849 -0.042257151706068433 0.0020384502096988922 0.00085585556926256285 -0.0050860896124534415 0.039874295631346979 -0.034874734427499575 -0.028180767887847732 0.03066672611021138 -0.024188669916037187
leaf_weight=1974.7606781125069 122.13623670488596 187.32895610481501 278.1581145003438 113.89227392524481 104.18866091966629 170.08243738859892 1111.8436426892877 116.72514459490776 243.70530791580677 170.842614620924 198.99412882328033 103.14666395634413 136.12746770679951 151.60475521534681
leaf_count=5245 315 450 825 343 292 485 3302 341 552 460 454 311 449 490
internal_value=-0.000469942 0.0149454 -0.00145156 -0.0117833 0.00715101 -0.0209908 0.000186943 0.00404654 -0.00430115 0.0240944 -0.0185246 -0.000101423 0.00198663 -0.00112526
internal_weight=5183.54 309.465 4874.07 666.321 218.081 448.241 4207.75 2262.33 1945.42 287.568 442.699 1502.72 1399.58 1263.45
internal_count=14314 765 13549 1945 635 1310 11604 6046 5558 801 1006 4552 4241 3792
is_linear=0
shrinkage=0.05


Tree=201
num_leaves=15
num_cat=0
split_feature=6 6 33 8 48 54 13 7 30 27 22 13 56 77
split_gain=35.0193 46.8024 36.2411 45.8058 21.6558 20.8725 61.5339 84.7345 36.0548 32.6128 26.6346 25.8509 64.4703 51.9354
threshold=10.666014866506545 9.3342638668734086 4.6458333333333339 18.441689409365399 15.250000000000002 26.933035714285719 0.46492369113007964 7.7979333333333356 0.27575306919182074 15.849821428571429 0.82167318982387483 0.51139606316761055 4.1406347717323344 0.59542443123374489
decision_type=10 10 10 10 2 10 8 10 8 10 8 8 2 10
left_child=1 2 3 4 -1 9 7 8 10 11 -7 -6 -13 -14
right_child=-2 -3 -4 -5 5 6 -8 -9 -10 -11 -12 12 13 -15
leaf_value=0.019436131476835195 0.023914784873974998 -0.028164626460629144 0.019553306643329174 -0.03257061182736886 -0.0036738151920781303 -0.0025291345297056515 -0.021532519039617462 0.048732447512238888 -0.012201458533765744 -0.028288941455358482 0.024728586531575808 -0.012025767264292872 0.0080246601357470693 0.04516644275159068
leaf_weight=139.36850195378065 149.68139075487852 147.87472297996283 231.63592782616615 108.86153391748667 2658.5866491794586 149.67864608764648 159.74396155774593 131.88384499400854 207.5929786413908 115.01351872831583 221.71916805207729 287.54748999327421 358.43045312166214 126.92945864796638
leaf_count=320 434 440 559 337 7443 461 449 382 602 290 595 795 988 272
internal_value=0.000162602 -0.000546726 0.000292833 -0.000667439 0.000101755 -0.000512541 0.00642005 0.0127228 0.0044506 -0.00221573 0.013766 -0.00133384 0.00670936 0.0178107
internal_weight=5194.55 5044.87 4896.99 4665.36 4556.49 4417.13 870.619 710.875 578.991 3546.51 371.398 3431.49 772.907 485.36
internal_count=14367 13933 13493 12934 12597 12277 2489 2040 1658 9788 1056 9498 2055 1260
is_linear=0
shrinkage=0.05


Tree=202
num_leaves=15
num_cat=0
split_feature=24 20 56 6 17 17 27 22 30 4 8 9 3 79
split_gain=21.9433 34.5615 55.2068 32.486 38.1219 35.0193 29.5285 28.4414 43.0066 26.8025 52.0904 40.5007 23.1033 23.0281
threshold=-2.4257500000000012 4.3693181818181825 4.2947332421340638 8.0622601313794053 2.5590277777777781 1.935416666666667 12.668269230769232 0.71964912280701765 0.39603615391131147 1.4439545113252359 2.7968741715960417 4.6900000000000004 0.64307692307692321 -0.46359003705902818
decision_type=10 10 2 10 10 10 10 8 8 10 10 10 10 8
left_child=1 3 -3 4 5 7 -6 8 -1 12 -11 -12 13 -9
right_child=-2 2 -4 -5 6 -7 -8 9 -10 10 11 -13 -14 -15
leaf_value=0.0022731897803004294 -0.0031347545240113955 -0.0029227817383226788 0.04425642891861277 0.02724846729613338 -0.033602700810785847 0.021993456921262759 0.00041154790376657916 -0.013127915687362221 -0.035458771259367715 0.041334596660096548 -0.019196419802395979 0.017267726679181871 -0.021878794095985414 0.0057071422109047356
leaf_weight=179.84300314635038 2640.069090873003 121.6419981867075 125.22846469283104 115.16610961407423 138.03546888381243 204.94264096021652 117.87808047235012 208.99827259778976 129.0470242574811 120.37827534228563 125.3559465110302 190.68836554139853 119.15665428340435 713.26141727715731
leaf_count=505 7473 330 302 365 437 540 304 337 363 332 320 468 307 2042
internal_value=7.85749e-05 0.00332935 0.0210915 0.00146534 0.000132689 0.00246975 -0.0179945 0.000219281 -0.0135539 0.0031053 0.0134917 0.00278964 -0.00125605 0.00142923
internal_weight=5249.69 2609.62 246.87 2362.75 2247.59 1991.67 255.914 1786.73 308.89 1477.84 436.423 316.044 1041.42 922.26
internal_count=14425 6952 632 6320 5955 5214 741 4674 868 3806 1120 788 2686 2379
is_linear=0
shrinkage=0.05


Tree=203
num_leaves=15
num_cat=0
split_feature=19 19 8 8 10 64 9 8 20 20 76 8 19 55
split_gain=52.3669 56.1958 23.5876 56.4802 35.3195 25.3425 17.7024 61.2512 37.4261 30.1501 27.5367 20.3155 42.7528 76.4088
threshold=19.174242424242429 17.851648351648354 16.951656347044068 15.764115929054602 0.13435007888451533 85.500000000000014 14.825083333333335 13.302589826863219 3.0333333333333337 2.6794871794871793 0.88064509160041504 11.717776591990857 6.9666666666666677 22.034007352941178
decision_type=10 10 10 10 10 10 10 10 10 10 8 10 10 2
left_child=1 2 3 4 5 6 7 8 9 11 -10 12 -1 -14
right_child=-2 -3 -4 -5 -6 -7 -8 -9 10 -11 -12 -13 13 -15
leaf_value=-0.0018447814666722392 -0.032766111322811056 0.035539220145531479 -0.016394651684025104 0.030868851037535505 -0.02273990317300828 0.021440403042602054 -0.017204529139679871 0.028973946111657156 -0.0034630486996470203 0.025414736212347556 -0.036912558344455802 -0.02095686333186567 0.036407419380452263 -0.004306586099946141
leaf_weight=3084.7995109558105 118.45464493334293 112.33442652970552 210.78850278258324 148.85733383148909 168.23662706464529 139.34833810478449 145.95470433682203 179.14248776435852 127.15572589635849 115.7860491797328 118.6301222667098 115.28107088804245 212.52718581259251 249.94072599709034
leaf_count=8430 359 284 582 373 552 385 410 462 308 343 357 324 509 757
internal_value=-3.97243e-05 0.000722366 -6.4223e-05 0.000655333 -0.000316879 0.00052844 -0.000146351 0.00044993 -0.000826761 0.000405323 -0.0196918 -0.000392034 0.000282011 0.0144417
internal_weight=5247.24 5128.78 5016.45 4805.66 4656.8 4488.57 4349.22 4203.26 4024.12 3778.33 245.786 3662.55 3547.27 462.468
internal_count=14435 14076 13792 13210 12837 12285 11900 11490 11028 10363 665 10020 9696 1266
is_linear=0
shrinkage=0.05


Tree=204
num_leaves=15
num_cat=0
split_feature=64 52 52 15 33 21 51 10 10 46 52 60 47 25
split_gain=19.7395 33.7016 91.9212 109.663 40.8232 46.1788 42.0374 36.7043 34.2075 30.8851 44.7031 44.372 39.5256 39.0647
threshold=26.500000000000004 245.04166666666671 266.80909090909097 0.48069417814095744 0.39999999999999986 3.9892742121002995 4.5629522965588549 0.072097230276621127 0.078481395861574058 65.093750000000014 293.56250000000006 -4.2499999999999991 0.50213309787154958 0.080000000000000002
decision_type=10 10 10 8 10 8 10 10 10 2 10 2 2 10
left_child=1 4 3 -3 5 -1 8 -4 -6 10 12 -11 -2 -14
right_child=9 2 7 -5 6 -7 -8 -9 -10 11 -12 -13 13 -15
leaf_value=0.026837158176007417 0.028818916265025165 0.0029225750611859128 -0.00061072023138743041 0.058475000884091403 -0.019138371278460423 -0.0068783347512589438 -0.039556726019990815 -0.029558860358139805 0.0097569015030871328 0.017846413155580814 -0.019595200553341525 -0.012552861818964735 0.0025492225967248317 0.021319307948622357
leaf_weight=132.00867584347725 197.8839797899127 255.24011685699224 333.07837331295013 135.35694226622581 317.81676522642374 428.55961149185896 159.46807233989239 162.16132126748562 150.15969493240118 151.58130622655153 161.9214984998107 562.70900679379702 1770.281100012362 327.74835948646069
leaf_count=287 420 680 1090 343 719 986 372 535 339 519 622 2111 4554 903
internal_value=0.000580543 -0.0032118 0.00416702 0.0222738 -0.00871265 0.001095 -0.0174628 -0.01013 -0.0098657 0.0030601 0.00571946 -0.00608583 0.00751256 0.00549019
internal_weight=5245.97 2073.85 885.837 390.597 1188.01 560.568 627.445 495.24 467.976 3172.13 2457.83 714.29 2295.91 2098.03
internal_count=14480 5351 2648 1023 2703 1273 1430 1625 1058 9129 6499 2630 5877 5457
is_linear=0
shrinkage=0.05


Tree=205
num_leaves=15
num_cat=0
split_feature=17 20 10 14 60 24 13 55 30 22 19 22 41 60
split_gain=30.1193 43.9477 36.9434 42.1099 63.5454 69.3073 39.4411 25.6987 37.6198 25.9588 59.7006 56.4384 27.1142 35.4211
threshold=4.6794871794871806 6.5857142857142863 0.15667872813242872 0.60038461538461563 3.2500000000000004 3.118638888888889 0.57898662233793674 27.466544117647061 0.23463294241859875 0.85329985652797713 2.1380952380952385 0.8239268680445152 49.000000000000007 -1.2499999999999998
decision_type=10 10 10 10 2 8 10 2 10 10 10 10 8 2
left_child=1 2 3 6 5 -5 7 9 -9 11 -11 12 13 -1
right_child=-2 -3 -4 4 -6 -7 -8 8 -10 10 -12 -13 -14 -15
leaf_value=-0.0055488067125094263 0.020425344913013774 -0.032786726769668893 -0.030301597778908281 -0.017500110828074896 0.040439495322130044 0.029516567478651737 -0.030771340220468953 0.0013992334217126886 0.038761588051601854 0.0053873300034269749 -0.019700286875910786 0.029060416140014519 -0.0038429185921162578 0.031386341911872208
leaf_weight=127.80498075485229 146.88883921504021 115.76096771657467 109.76314187794924 200.22871835529804 145.43075713515282 127.39346151053905 120.09042021632195 257.94754020869732 90.230026699602604 387.35208404809237 609.05623015761375 150.9865657761693 2486.7098941355944 130.37200774252415
leaf_count=352 473 291 345 509 374 323 378 851 303 1092 1476 388 6830 377
internal_value=-0.00181724 -0.00246695 -0.00175045 -0.00109597 0.0130572 0.000816163 -0.00263401 -0.00183009 0.0111649 -0.00299511 -0.00995189 -0.000598818 -0.00224026 0.0131515
internal_weight=5206.02 5059.13 4943.37 4833.6 473.053 327.622 4360.55 4240.46 348.178 3892.28 996.408 2895.87 2744.89 258.177
internal_count=14362 13889 13598 13253 1206 832 12047 11669 1154 10515 2568 7947 7559 729
is_linear=0
shrinkage=0.05


Tree=206
num_leaves=15
num_cat=0
split_feature=80 19 17 3 55 7 27 27 75 36 13 6 75 80
split_gain=25.5043 38.4585 31.614 33.0525 52.4799 23.1952 46.8134 30.6039 25.0914 25.5852 33.1353 29.113 39.6944 25.9041
threshold=19.452136055996537 18.211111111111112 4.1291666666666673 13.764583333333334 22.510661764705883 13.237250000000001 13.997450980392157 14.593750000000002 12.955000000000002 0.4627552158315808 0.43683358873449657 7.6228821247136871 8.7950000000000017 8.1914135685790406
decision_type=2 10 10 10 2 10 8 10 10 10 10 10 10 2
left_child=1 2 3 5 -5 7 -7 8 9 10 11 12 13 -1
right_child=-2 -3 -4 4 -6 6 -8 -9 -10 -11 -12 -13 -14 -15
leaf_value=-0.0015176018188594754 -0.02253870694975189 0.025940242005327185 0.020962859845098894 -0.030979236183159106 0.0045964790054787343 -0.0073427525702452799 0.037883052658733936 -0.024842905002809387 0.02184413222136725 -0.021127976826789616 0.02376564501140278 0.020910753620806105 -0.022289879834350285 0.0213779026935359
leaf_weight=3122.5889293029904 128.2024045586586 137.53125596791506 160.89541447162628 228.69721114635468 188.51217244565487 113.87581133842468 113.4549690708518 130.13848808407784 123.0035186111927 150.76818084716797 138.03309492766857 143.14808009564877 224.8557650744915 127.62804003804922
leaf_count=8526 374 393 531 516 532 309 297 338 301 409 462 429 537 473
internal_value=-0.000599954 -4.44945e-05 -0.000769267 -0.00150122 -0.0149321 -0.000220959 0.0152953 -0.00107231 -0.000298736 -0.00100126 -0.000188012 -0.00110814 -0.00202092 -0.000612253
internal_weight=5231.33 5103.13 4965.6 4804.7 417.209 4387.49 227.331 4160.16 4030.03 3907.02 3756.25 3618.22 3475.07 3250.22
internal_count=14427 14053 13660 13129 1048 12081 606 11475 11137 10836 10427 9965 9536 8999
is_linear=0
shrinkage=0.05


Tree=207
num_leaves=15
num_cat=0
split_feature=75 75 36 31 27 6 7 11 12 6 55 4 6 58
split_gain=18.9759 22.617 49.947 33.663 53.5591 21.0388 40.063 37.226 20.558 31.3287 22.0792 27.6637 38.6039 36.0816
threshold=19.675000000000004 17.695000000000004 0.72404881949914179 0.71884615384615402 16.173333333333336 8.7959098565300877 16.302538461538465 0.086389465444398253 0.55892848243862359 7.7792458194313898 17.59099264705883 3.2761645995465281 0.42426406871192868 19.424632352941178
decision_type=10 10 8 10 10 10 10 10 10 10 2 10 10 2
left_child=1 2 3 4 5 6 8 -7 9 10 -1 -12 -13 -14
right_child=-2 -3 -4 -5 -6 7 -8 -9 -10 -11 11 12 13 -15
leaf_value=0.016666178905918441 0.020498301733388548 -0.021777995531872617 0.031896616715939151 -0.0272234142596623 0.032390716967313306 0.035801742910900845 -0.030741103154718175 -0.0048262741370422059 0.016696154272253589 -0.025832792161553209 0.0019214802902132551 -0.030951663886452763 -0.018057230496593319 0.00045731833374548504
leaf_weight=172.06386989355087 109.57028147578239 120.2155360430479 119.37765826284885 115.81378653645515 122.88033002614975 103.70594403147697 114.54510807991028 121.71445322036743 158.73066888749599 128.05088056623936 2272.068930439651 147.8482461720705 349.73745062202215 1053.5451575368643
leaf_count=346 278 285 288 300 364 305 351 362 424 388 6219 409 987 3062
internal_value=5.78803e-06 -0.000438387 8.10043e-05 -0.000706779 -5.39584e-05 -0.000923349 -0.00168844 0.0139404 -0.00090428 -0.00158571 -0.000802303 -0.00159263 -0.00673795 -0.0041666
internal_weight=5209.87 5100.3 4980.08 4860.7 4744.89 4622.01 4396.59 225.42 4282.05 4123.31 3995.26 3823.2 1551.13 1403.28
internal_count=14368 14090 13805 13517 13217 12853 12186 667 11835 11411 11023 10677 4458 4049
is_linear=0
shrinkage=0.05


Tree=208
num_leaves=15
num_cat=0
split_feature=3 3 64 13 8 38 19 47 76 76 77 32 69 30
split_gain=32.8912 38.0538 18.7173 29.4028 89.0255 29.1131 36.0143 66.0752 23.126 53.5447 61.2335 39.8613 39.2808 37.5983
threshold=19.415000000000003 17.224444444444448 53.500000000000007 0.55399869151987924 12.44333058812442 1.5000000000000002 3.4226190476190479 0.58809141985833724 0.89879313832584862 0.84004555808656056 0.41942430539667414 0.07417582417582419 0.02366354119314884 0.1801644145496886
decision_type=10 10 8 10 8 10 10 2 10 10 10 8 2 10
left_child=1 2 3 4 5 -1 -7 -8 9 10 12 -10 -4 -14
right_child=-2 -3 8 -5 -6 6 7 -9 11 -11 -12 -13 13 -15
leaf_value=-0.012460627188084659 -0.019493988687664936 0.026236201739414225 -0.0060552284334118803 -0.0198488564572693 0.046688019168454387 -0.0026861301960740326 0.041042401953596999 -0.0075785758583096193 -0.010743745404574323 0.028216454570584366 -0.034508893738304923 0.010241712187336272 0.0032643901911108735 0.027826226281065028
leaf_weight=244.63760875910521 217.85272563993931 136.63167879730463 954.83799710124731 105.14425139129162 127.70178747922182 364.99120204895735 168.04681102186441 118.65144555270672 1234.3574261516333 167.45342609286308 127.61516471207142 276.19103170931339 768.80141049623489 194.52138450741768
leaf_count=842 584 371 3069 307 368 998 439 371 2726 364 311 599 2253 754
internal_value=-0.000522022 0.000310063 -0.000425125 0.00521105 0.00780098 0.0022148 0.00773446 0.020964 -0.00213514 0.00112027 -0.00111035 -0.00690249 0.00112848 0.00824781
internal_weight=5207.44 4989.58 4852.95 1129.17 1024.03 896.327 651.689 286.698 3723.78 2213.23 2045.78 1510.55 1918.16 963.323
internal_count=14356 13772 13401 3325 3018 2650 1808 810 10076 6751 6387 3325 6076 3007
is_linear=0
shrinkage=0.05


Tree=209
num_leaves=15
num_cat=0
split_feature=47 13 48 20 13 73 21 62 42 4 36 41 4 75
split_gain=40.4058 41.9448 37.0188 64.2366 59.6746 43.4082 32.8734 50.5123 31.7485 30.9705 27.144 28.1842 46.2035 35.0256
threshold=0.58832618561317174 0.66125816016951722 25.454044117647062 2.6201923076923079 0.51139606316761055 9.5000000000000018 6.2867595818815341 26.625000000000004 9.5000000000000018 10.979280696095149 0.3755591925724871 72.000000000000014 6.1580990231345725 4.2750000000000012
decision_type=2 10 2 10 10 2 8 2 2 10 10 10 8 10
left_child=1 2 3 9 6 -5 7 8 -4 10 11 13 -13 -1
right_child=-2 -3 4 5 -6 -7 -8 -9 -10 -11 -12 12 -14 -15
leaf_value=-0.0030975178974202715 0.0048096904226878961 -0.032105689293172278 0.027662818074110741 -0.045326144349933623 0.034403246959194493 -0.0091975682222280933 -0.012782678370242762 -0.017383628027230463 1.4228415301906384e-06 0.020577503217775107 -0.023202814987557448 -0.0036493384047849458 0.024707902240986498 -0.03030860961370184
leaf_weight=443.17484181374311 2109.8685224354267 127.59797529876232 243.69766217470169 163.1075384914875 144.03755725175142 169.81090944260359 327.25937323272228 154.42151138931513 180.06711702793837 128.37210271507502 177.82041323184967 510.60155142098665 198.76446425914764 160.43878957629204
leaf_count=1270 6634 379 557 366 324 411 794 403 440 328 404 1255 491 350
internal_value=-0.000536511 -0.00414161 -0.00294255 -0.00701271 0.00462761 -0.0269809 -0.000141806 0.00702277 0.0159365 -0.00289294 -0.0049264 -0.0024354 0.00431996 -0.0103683
internal_weight=5239.04 3129.17 3001.57 1952.09 1049.48 332.918 905.446 578.186 423.765 1619.17 1490.8 1312.98 709.366 603.614
internal_count=14406 7772 7393 4875 2518 777 2194 1400 997 4098 3770 3366 1746 1620
is_linear=0
shrinkage=0.05


Tree=210
num_leaves=15
num_cat=0
split_feature=55 28 76 44 28 59 22 76 64 56 31 5 36 52
split_gain=24.2922 81.8014 51.043 31.3729 29.0147 28.5847 56.0592 38.4385 31.836 26.0698 39.6146 52.9366 41.0497 28.0663
threshold=24.911213235294124 15.930735294117648 0.87731315064656201 0.58504320274293431 13.160833333333334 1.0000000180025095e-35 0.72456896551724148 1.2041905137190692 77.500000000000014 4.5892843150058775 0.59278846153846165 10.016666666666669 0.19328302877746109 182.04166666666671
decision_type=2 10 8 8 10 2 10 8 8 2 10 8 10 8
left_child=9 2 3 -2 5 6 -4 -7 -9 13 11 12 -11 -1
right_child=1 -3 4 -5 -6 7 -8 8 -10 10 -12 -13 -14 -15
leaf_value=0.017452503333834871 0.006358514975279274 0.043901040253388507 -0.0063956901881030512 0.039956506971428399 -0.02877263275189831 -0.035506164301035141 0.030563739402423341 0.014768746743307895 -0.015253557231721558 -0.0044690674865908477 -0.033720659182009109 0.015904761966431716 -0.035175605435069909 -0.00066443820563101856
leaf_weight=230.96809750795364 160.75368593633175 129.3381639122963 243.20952393114567 121.99605053663254 98.257641479372978 103.68453866243362 176.1111613214016 167.21641907095909 184.87705340236425 396.37402186542749 135.90254303067923 223.90347384661436 149.23162481933832 2724.8198203071952
leaf_count=497 428 395 799 377 277 285 593 646 556 938 296 524 333 7510
internal_value=0.000520231 0.0061975 0.00228342 0.0209445 -0.00315336 -0.000247228 0.00916274 -0.00890561 -0.000993903 -0.00151792 -0.0089361 -0.00452083 -0.0129168 0.000756661
internal_weight=5246.64 1385.44 1256.11 282.75 973.356 875.099 419.321 455.778 352.093 3861.2 905.412 769.509 545.606 2955.79
internal_count=14454 4356 3961 805 3156 2879 1392 1487 1202 10098 2091 1795 1271 8007
is_linear=0
shrinkage=0.05


Tree=211
num_leaves=15
num_cat=0
split_feature=6 13 3 51 33 8 69 62 77 42 31 8 77 29
split_gain=35.2392 75.8661 28.6807 26.9854 49.2467 46.2155 83.3564 42.0836 54.2125 56.806 68.2319 60.1226 46.6896 38.8574
threshold=9.3342638668734086 0.5606089731390439 19.120000000000005 4.3393975012546564 4.4017857142857144 13.302589826863219 1.0000000180025095e-35 18.625000000000004 0.69355602724857512 12.500000000000002 0.23420168067226893 12.244964043021325 0.27630916582141324 0.083771054785745189
decision_type=10 10 10 8 10 10 2 2 10 2 10 10 10 10
left_child=2 -2 3 5 7 -1 -7 12 9 11 -11 13 -5 -9
right_child=1 -3 -4 4 -6 6 -8 8 -10 10 -12 -13 -14 -15
leaf_value=0.00025463132684782876 0.0015075168025674357 -0.051545929468869094 0.021780240534454695 -0.0028973364128940153 -0.03579337748515507 0.043246751988460078 -0.0047605162471849385 -0.0063506391774166213 0.032963826856457192 -0.002565233034232668 0.044555421964642641 -0.040333689931982969 -0.039963410406913487 0.018944743678100073
leaf_weight=2082.1379240751266 185.02401948720217 104.93378921598196 147.00494150072336 199.42895672470331 117.459966391325 182.675177693367 177.73903470486403 1180.3826559111476 117.46687684953213 181.90910478681326 131.86264732480049 116.89604012668133 147.2345368117094 173.22833354026079
leaf_count=6106 533 315 386 550 273 489 493 3029 300 497 337 340 336 480
internal_value=-0.000891972 -0.0178033 0.000100958 -0.00056622 -0.00437121 0.0031196 0.0196242 -0.00271449 0.000209519 -0.0019641 0.0173159 -0.00608696 -0.0187097 -0.00310187
internal_weight=5245.38 289.958 4955.43 4808.42 2365.87 2442.55 360.414 2248.41 1901.75 1784.28 313.772 1470.51 346.663 1353.61
internal_count=14464 848 13616 13230 6142 7088 982 5869 4983 4683 834 3849 886 3509
is_linear=0
shrinkage=0.05


Tree=212
num_leaves=15
num_cat=0
split_feature=8 8 9 79 27 77 18 77 13 31 9 8 44 77
split_gain=24.4758 60.4129 33.1911 24.5332 65.3674 39.6701 42.6115 34.4186 46.9354 35.1878 34.1125 42.2867 31.5327 61.9249
threshold=18.859321532285875 16.782107348996963 16.500666666666671 0.41174756923857697 8.2866666666666671 0.62324007214637966 2.1742424242424243 0.54273471997912581 0.21198353439063697 0.57870833333333349 8.8508333333333358 3.5010186039724727 0.56938497137985644 0.28703803028726965
decision_type=10 10 10 10 10 10 10 10 10 10 8 10 10 10
left_child=1 2 3 5 10 7 -7 8 12 -10 11 -5 -1 -14
right_child=-2 -3 -4 4 -6 6 -8 -9 9 -11 -12 -13 13 -15
leaf_value=-0.0028209463355054216 0.017952058081261487 -0.025902839499135341 0.02808658897038423 -0.0032366205994379844 0.027564603724006667 0.0054238073567157239 -0.030739448416749689 0.020002055017914095 -0.015353631793515794 0.014160696278169292 -0.019043607048491923 0.027343268849281434 0.005152052739945223 0.04663526983933821
leaf_weight=1214.3370320349932 200.24554374814034 211.80397575348616 112.08812043815851 380.06011633574963 290.3196839094162 129.41591109335423 217.61013248562813 210.09796489775181 703.54116899520159 117.07791256159544 183.59800101816654 159.81036648154259 1024.5769184753299 97.666459530591965
leaf_count=3361 580 558 308 737 548 356 510 498 2281 410 325 308 3442 269
internal_value=0.000852156 0.000170951 0.00131704 0.000676614 0.00756654 -0.00120545 -0.0172763 0.00045541 -0.000851256 -0.0111307 -0.000485429 0.00584934 0.00276216 0.00880055
internal_weight=5252.25 5052 4840.2 4728.11 1013.79 3714.32 347.026 3367.3 3157.2 820.619 723.468 539.87 2336.58 1122.24
internal_count=14491 13911 13353 13045 1918 11127 866 10261 9763 2691 1370 1045 7072 3711
is_linear=0
shrinkage=0.05


Tree=213
num_leaves=15
num_cat=0
split_feature=80 6 36 14 7 28 75 75 9 27 75 39 24 75
split_gain=46.277 49.4373 37.5897 27.7716 72.4878 31.9042 46.7508 25.7667 54.8285 45.022 36.0753 31.0976 36.4818 25.6295
threshold=17.537899902033718 9.2225479935448345 0.72404881949914179 0.73055555555555574 16.422977777777785 15.056290849673205 12.805000000000001 9.7350000000000012 11.827666666666669 8.2036931818181831 8.9250000000000025 24.394250513347028 5.5708833333333327 7.3450000000000006
decision_type=2 8 10 10 10 10 10 10 8 10 10 2 8 10
left_child=2 -2 3 4 5 7 -7 10 9 -9 13 -10 -13 -1
right_child=1 -3 -4 -5 -6 6 -8 8 11 -11 -12 12 -14 -15
leaf_value=-0.00075201757646519937 -0.0012416107173297052 -0.044157321555464056 0.030155061211673842 -0.024164960244606189 0.040141185980198023 0.0017965706113372928 -0.040393617933070447 0.0084741494016832425 0.018231049567716606 0.0497707832963145 -0.026407856833550999 -0.024925554069481954 0.0093465170981455303 0.015504825203246765
leaf_weight=3240.2960897982121 154.61956392228603 117.64496040344238 109.02954810112715 109.62119086831808 115.43862231075764 150.57927416265011 115.32029436528683 141.05564130842686 147.34273105859756 123.86472961306572 128.51601830124855 172.02461084723473 140.12104074656963 261.04303435981274
leaf_count=9379 403 325 251 282 355 464 273 371 390 309 306 380 302 624
internal_value=0.000151991 -0.0198791 0.00125661 0.00060023 0.00117848 0.000196492 -0.016584 0.00122479 0.00982772 0.0278971 -0.000494325 -0.000628247 -0.00956023 0.000464095
internal_weight=5226.52 272.265 4954.25 4845.22 4735.6 4620.16 265.9 4354.26 724.409 264.92 3629.86 459.488 312.146 3501.34
internal_count=14414 728 13686 13435 13153 12798 737 12061 1752 680 10309 1072 682 10003
is_linear=0
shrinkage=0.05


Tree=214
num_leaves=15
num_cat=0
split_feature=55 45 49 40 42 75 31 25 36 9 18 7 7 8
split_gain=20.0077 50.2544 51.5554 32.0222 22.7116 43.6143 32.305 26.2788 28.0508 73.4696 43.958 42.6738 46.5955 30.4444
threshold=27.395955882352947 22.483333333333338 7.5000000000000009 2.5000000000000004 2.5000000000000004 13.705000000000002 0.42224789915966393 0.24339743589743598 0.5509845763162261 15.569416666666667 3.7817460317460321 14.690020202020206 16.422977777777785 13.302589826863219
decision_type=2 8 2 2 2 10 10 10 10 10 10 10 10 10
left_child=4 3 -3 -2 5 6 -1 8 11 -10 -11 13 -13 -6
right_child=1 2 -4 -5 7 -7 -8 -9 9 10 -12 12 -14 -15
leaf_value=-0.007847898496870509 -0.02512306768392629 0.047545544348895963 0.0030984260587356388 0.013007406540215111 0.0012345274757391209 -0.03119746194970582 0.014814544748976961 -0.020146743775736067 0.041885157760890718 0.02045431212305171 -0.019775584859458146 -0.042314340517280551 0.0036679190054251494 0.026216399807659163
leaf_weight=664.25418218970299 115.99837791919708 129.1004638671875 131.16868026554585 103.13664973527193 2815.5278592780232 155.15222868323326 204.94998037815094 133.6794341430068 153.75986160337925 124.71088802814484 146.66200942546129 114.95820647478104 104.68381007015705 126.48332350701094
leaf_count=1659 358 446 440 327 7864 330 510 410 353 276 391 310 323 398
internal_value=0.000706046 0.0104296 0.025243 -0.00719927 -0.000278382 -0.00686722 -0.00249343 0.00153708 0.00235063 0.0143931 -0.0012805 0.000727294 -0.0204814 0.00231709
internal_weight=5224.23 479.404 260.269 219.135 4744.82 1024.36 869.204 3720.47 3586.79 425.133 271.373 3161.65 219.642 2942.01
internal_count=14395 1571 886 685 12824 2499 2169 10325 9915 1020 667 8895 633 8262
is_linear=0
shrinkage=0.05


Tree=215
num_leaves=15
num_cat=0
split_feature=47 26 43 52 43 12 61 10 3 52 53 49 29 62
split_gain=17.5612 51.3932 40.0614 32.9296 35.2795 69.1515 50.0305 82.5107 61.2577 50.9145 46.5996 55.6493 46.5306 36.6068
threshold=0.59686711955123262 16.500000000000004 69.961538461538467 306.19642857142861 64.433035714285737 0.10965543709877426 46.750000000000007 0.10345651315755212 15.453571428571431 247.91428571428574 2.3038461538461541 8.5000000000000018 0.055740811372783639 22.875000000000004
decision_type=2 2 10 10 10 10 2 8 10 10 10 2 10 2
left_child=2 -2 3 4 6 -6 8 9 13 -8 11 -7 -12 -1
right_child=1 -3 -4 -5 5 10 7 -9 -10 -11 12 -13 -14 -15
leaf_value=-0.010505278174768299 0.0069379747330930901 -0.022448046797679727 -0.025855257533556782 -0.024763267252284865 -0.0080712744770826995 0.026226101135370314 -0.023328390698282471 0.03279547082839257 -0.040152750350153081 0.010216292850439132 0.010233261309557993 -0.02145884036134077 0.053384434180500186 0.0056235397700392835
leaf_weight=1043.281397357583 1449.2360182702541 164.81867289543152 171.62495524436235 140.66803685575724 364.46122626215219 135.64678957313299 195.48016392439604 225.98063945770264 134.19465582072735 265.69654505699873 108.08610618859529 109.82514704018831 148.91722612082958 529.7501242607832
leaf_count=2368 5182 283 482 566 987 350 387 507 297 710 314 319 406 1200
internal_value=-0.000402005 0.00392519 -0.00235697 -0.00116427 -0.000139116 0.00849757 -0.00326845 0.00811591 -0.00785271 -0.00402209 0.0205076 0.00489116 0.0353466 -0.00507345
internal_weight=5187.67 1614.05 3573.61 3401.99 3261.32 866.936 2394.38 687.157 1707.23 461.177 502.475 245.472 257.003 1573.03
internal_count=14358 5465 8893 8411 7845 2376 5469 1604 3865 1097 1389 669 720 3568
is_linear=0
shrinkage=0.05


Tree=216
num_leaves=15
num_cat=0
split_feature=56 27 21 64 28 17 24 53 14 56 43 78 48 48
split_gain=26.3632 26.3702 82.4754 92.9424 52.6952 32.5933 46.0115 53.1092 41.9366 21.5703 19.8939 30.0444 19.9647 33.9433
threshold=5.1488815886608608 14.97916666666667 4.5847063513154405 79.500000000000014 14.965441176470589 2.9258241758241761 1.3457500000000004 2.0312500000000004 0.61207142857142871 4.9489862057503755 56.519230769230781 2.5000000000000004 21.393382352941178 22.363970588235297
decision_type=2 10 10 8 10 10 8 10 10 2 8 10 2 2
left_child=1 4 -3 -4 5 8 -7 -8 9 10 11 -1 -12 -14
right_child=-2 2 3 -5 -6 6 7 -9 -10 -11 12 -13 13 -15
leaf_value=0.029999753664283025 -0.016544863051230208 -0.01336718005592503 0.0014308232735932951 0.054912597351013698 -0.026908706407914953 0.011283317373661964 0.001947713247949411 -0.047020234304939852 0.032837291957089378 0.019595551513466265 0.0043042271252207529 -0.0018404776760890047 -0.018326938862255927 -0.00065149903438858751
leaf_weight=139.15779833495617 215.51966679096222 199.6139200925827 167.31978940218687 156.99372436851263 173.43366791307926 121.34714376926422 94.36749392002821 132.73154273629189 109.15113120526075 157.69260235130787 1381.4488820657134 156.93986929953098 322.89695683121681 1683.2171871885657
leaf_count=339 427 513 421 382 505 465 307 413 304 378 3887 310 742 5031
internal_value=0.000536163 0.00127613 0.0118779 0.0274095 3.17823e-05 0.00112465 -0.0135124 -0.026753 0.00241878 0.00154612 0.000768343 0.0131742 -0.000319584 -0.00350419
internal_weight=5211.83 4996.31 523.927 324.314 4472.38 4298.95 348.446 227.099 3950.5 3841.35 3683.66 296.098 3387.56 2006.11
internal_count=14424 13997 1316 803 12681 12176 1185 720 10991 10687 10309 649 9660 5773
is_linear=0
shrinkage=0.05


Tree=217
num_leaves=15
num_cat=0
split_feature=60 24 44 24 58 76 62 76 6 21 76 53 27 14
split_gain=31.7172 62.5087 37.3699 55.6306 31.3559 39.1413 29.7634 38.5832 32.1782 27.0757 57.0099 69.3219 50.3702 37.8483
threshold=-4.2499999999999991 3.062527777777778 0.59067433207008879 -0.92991233766233761 22.424632352941178 1.1017221703030087 20.875000000000004 0.71760947190377766 5.6797887236139522 5.9492372706658427 0.77069301060717399 2.3452380952380958 17.097689075630257 0.37720779220779227
decision_type=2 10 10 8 2 8 2 10 8 10 10 10 10 10
left_child=1 2 3 -1 -5 -6 7 -2 -9 12 13 -12 -8 -11
right_child=6 -3 -4 4 5 -7 9 8 -10 10 11 -13 -14 -15
leaf_value=0.039858528808733751 0.00053367501954985387 0.035891847042931219 -0.0076245874121601016 -0.018190568525411174 0.033916441655934236 -0.0036238530858284362 -0.0010447011592731126 -0.0080238935634767885 -0.035153959271845725 0.0056517395898708781 0.0001995922984833136 0.050427703197724327 -0.028429724792710276 -0.034266205108883646
leaf_weight=127.41607714444399 360.04806840419769 154.20490230619907 521.93330503255129 128.94294126331806 114.62493135035038 173.38945811986923 2486.8402801007032 220.27844016253948 217.43822824954987 190.43153047561646 136.90513575077057 136.8889777213335 179.08053404092789 85.144327394664288
leaf_count=334 1110 434 1548 299 257 525 6854 446 452 711 323 338 497 292
internal_value=-0.000810316 0.00624456 0.00192748 0.011083 0.00221527 0.0113822 -0.00295697 -0.0115952 -0.0215503 -0.000810766 0.00928654 0.0254043 -0.00289423 -0.00676096
internal_weight=5233.57 1220.51 1066.31 544.373 416.957 288.014 4013.06 797.765 437.717 3215.29 549.37 273.794 2665.92 275.576
internal_count=14420 3397 2963 1415 1081 782 11023 2008 898 9015 1664 661 7351 1003
is_linear=0
shrinkage=0.05


Tree=218
num_leaves=15
num_cat=0
split_feature=44 75 51 46 24 25 52 77 31 55 60 4 46 3
split_gain=38.1143 59.4383 38.8026 61.9828 43.9235 43.8912 42.6283 42.172 34.7868 29.9199 46.9248 30.4478 28.6481 28.371
threshold=0.52693238951649979 14.785000000000002 4.7004672897196267 61.242647058823536 2.3475833333333354 0.10600000000000001 212.05555555555557 0.29437066614767959 0.68147058823529416 22.243860294117649 -3.2499999999999996 4.7853400594534259 63.181985294117659 5.3414285714285725
decision_type=8 10 10 2 10 10 10 10 10 2 2 8 2 8
left_child=1 -1 4 -4 5 8 -6 -8 -2 12 -11 -12 -5 -14
right_child=2 -3 3 9 6 -7 7 -9 -10 10 11 -13 13 -15
leaf_value=-0.0036505879185862338 -0.00068885658694432523 -0.037899280878384206 0.035604138194899826 -0.0056214525591698422 0.014085033524249722 0.031355913927405769 0.002071127308283073 -0.034032033162265184 0.023118506451743497 0.019281947825012392 -0.00092972785069747946 -0.037982293784791711 0.0074533545595192379 0.042367386015883919
leaf_weight=950.61055582016706 2504.6137818098068 145.21422405540943 204.32341217249632 117.22752955555916 102.10373064130545 121.68702352046967 119.59873946011066 248.18275788426399 162.44768729060888 116.21726227551699 108.76432946324348 112.20779405534267 119.05801526457071 113.78305631875992
leaf_count=2263 7274 284 486 291 252 374 534 630 411 343 332 347 305 318
internal_value=7.0125e-05 -0.0082195 0.00226037 0.0114969 -0.000269533 0.00211475 -0.0143946 -0.0223179 0.000769344 0.00428839 -0.00633304 -0.0198311 0.0145079 0.0246231
internal_weight=5246.04 1095.82 4150.22 891.581 3258.63 2788.75 469.885 367.781 2667.06 687.258 337.189 220.972 350.069 232.841
internal_count=14444 2547 11897 2422 9475 8059 1416 1164 7685 1936 1022 679 914 623
is_linear=0
shrinkage=0.05


Tree=219
num_leaves=15
num_cat=0
split_feature=39 50 42 4 21 43 50 29 10 12 4 33 27 69
split_gain=19.496 52.6115 25.1811 47.5689 47.0159 36.5673 28.3458 26.8816 44.7369 42.5985 47.0207 24.8169 39.1648 21.7121
threshold=22.229979466119101 21.888333333333339 12.500000000000002 15.00331016294569 4.9083673469387756 61.087121212121225 24.188311688311693 0.15936684007287347 0.14747656919026669 0.66415343223863565 15.306415856345781 4.1291666666666673 13.633333333333335 0.034489019107004242
decision_type=2 10 2 8 8 10 10 10 10 10 10 10 10 2
left_child=1 -1 7 4 5 -4 13 8 9 10 11 12 -2 -7
right_child=2 -3 3 -5 -6 6 -8 -9 -10 -11 -12 -13 -14 -15
leaf_value=0.0090525048623254552 -0.00083507677866749607 -0.030710457942936909 0.035600435203649888 0.035890497118306074 -0.0093737315022309146 -0.019028464790496413 0.026327965817038501 0.019038652255152246 -0.027228291698357322 0.028354068145794671 -0.025073869794967292 -0.021621930181768695 0.029619195804853532 0.010975478238088426
leaf_weight=155.24592613428831 2985.5261441171169 177.34103851020336 136.05285310745239 126.48921547085047 403.0723881945014 123.43085271865129 107.10350330173969 151.77444540709257 171.49184862524271 117.24688699096441 209.34462704509497 134.47497361898422 108.43824850022793 116.06526767462492
leaf_count=383 8309 512 290 335 1150 333 339 466 534 318 506 315 310 322
internal_value=-0.000483007 -0.0121783 0.000314676 0.00733349 0.00321942 0.0137338 0.00507269 -0.00151861 -0.00236076 -0.00115385 -0.00216818 -0.000675577 0.00024152 -0.0045027
internal_weight=5223.1 332.587 4890.51 1012.21 885.725 482.652 346.6 3878.3 3726.52 3555.03 3437.78 3228.44 3093.96 239.496
internal_count=14422 895 13527 2769 2434 1284 994 10758 10292 9758 9440 8934 8619 655
is_linear=0
shrinkage=0.05


Tree=220
num_leaves=15
num_cat=0
split_feature=27 14 45 51 41 17 24 15 80 19 14 44 76 54
split_gain=26.3946 68.4128 39.2593 38.707 36.6289 29.3055 39.5707 37.377 27.706 36.6843 32.1915 81.6951 48.0977 30.7879
threshold=17.300833333333337 0.65449494949494957 17.035714285714288 4.1618568418718125 131.50000000000003 3.6770833333333335 3.6766987179487183 0.70962506927617197 12.455001238339396 11.677083333333334 0.44118055555555563 0.58202846380171203 0.84822223525043483 21.781746031746035
decision_type=10 10 8 8 8 10 8 10 2 8 10 8 10 10
left_child=2 -2 3 -1 -5 7 -7 8 10 -10 -4 12 -12 -11
right_child=1 -3 5 4 -6 6 -8 -9 9 13 11 -13 -14 -15
leaf_value=0.0020133351542537077 0.044663719703272702 -0.0058187200327000583 0.00060285955800303307 -0.039514562858504569 -0.0085229937708285516 0.0041208570905972982 -0.040066109026429236 0.028964658233789693 0.011580691727239134 -0.0053763578914800972 0.011118131147018451 -0.010552028399636218 0.053632980863497964 -0.034543141055343431
leaf_weight=275.86034997552633 112.78928044438362 163.11892288923264 2997.1996188685298 173.00824505835772 212.47517766803503 101.96772801876068 99.37759393453598 121.08407357335091 141.0918235257268 204.00518111884594 132.62026065587997 185.38772209733725 133.82593813538551 162.22682181745768
leaf_count=780 304 427 8431 416 560 374 301 300 402 490 363 548 309 401
internal_value=-0.000116825 0.0149049 -0.000958642 -0.0122865 -0.0224985 0.000794694 -0.0177786 0.00171599 0.000874933 -0.0100232 0.0024804 0.014906 0.0325924 -0.018355
internal_weight=5216.04 275.908 4940.13 661.344 385.483 4278.79 201.345 4077.44 3956.36 507.324 3449.03 451.834 266.446 366.232
internal_count=14406 731 13675 1756 976 11919 675 11244 10944 1293 9651 1220 672 891
is_linear=0
shrinkage=0.05


Tree=221
num_leaves=15
num_cat=0
split_feature=36 36 24 24 50 41 4 58 58 11 17 58 7 54
split_gain=22.8467 63.179 47.3625 25.9569 40.6562 31.8808 30.5262 53.0152 73.6288 29.7275 27.4335 54.0547 60.9245 40.4904
threshold=0.65058936896392738 0.58707889119536205 10.093000000000002 2.2398392857142855 22.940833333333337 162.50000000000003 12.718614223780113 25.906250000000004 21.424632352941178 0.12478157635118219 1.8619047619047622 22.726102941176475 8.768773504273506 23.516666666666669
decision_type=10 8 8 10 10 8 10 2 2 10 10 2 10 10
left_child=1 3 -2 6 5 -5 9 8 -8 10 -1 12 -12 -13
right_child=2 -3 -4 4 -6 -7 7 -9 -10 -11 11 13 -14 -15
leaf_value=-0.00086141761605334805 0.0023210928242277159 0.029128454682626023 -0.036325362771581125 -0.0075620284535920963 0.0044872527278522019 -0.038756402977780331 0.023847112310966697 0.043458725294915741 -0.025987032642726244 -0.024853674893783873 0.054581192699081904 -0.027256448730913648 0.0043203930841054393 0.015780557211769457
leaf_weight=3080.8827897906303 209.93587022274733 193.40529018640518 126.2743908688426 186.23410785198212 279.76250515133142 146.08104514330626 179.55295117944479 112.4569269567728 124.74971197545528 115.30585764348507 115.26532217860222 108.86046215891838 125.63308758288622 107.82714536041021
leaf_count=8390 511 466 279 515 902 391 499 316 371 387 343 316 361 330
internal_value=0.000328342 0.00119856 -0.0122585 3.90049e-05 -0.00955238 -0.0213498 0.00148323 0.0142869 0.00339926 1.92996e-05 0.000836612 0.0122462 0.0284955 -0.00586645
internal_weight=5212.23 4876.02 336.21 4682.61 612.078 332.315 4070.53 416.76 304.303 3653.77 3538.47 457.586 240.898 216.688
internal_count=14377 13587 790 13121 1808 906 11313 1186 870 10127 9740 1350 704 646
is_linear=0
shrinkage=0.05


Tree=222
num_leaves=15
num_cat=0
split_feature=24 30 24 54 29 54 17 15 45 9 33 76 47 47
split_gain=36.0196 39.3939 32.3292 29.1277 63.1701 48.8041 107.831 72.0023 47.9056 69.3891 43.1781 40.0562 48.3534 83.6427
threshold=6.1053636363636388 0.48915050902133228 2.2398392857142855 16.792857142857148 0.068745031274127552 22.422619047619051 3.5166666666666671 0.6578047146528031 26.925824175824179 4.3746666666666671 4.2967032967032974 0.88875712145334362 0.59302456614829857 0.62085599585599593
decision_type=10 8 10 8 10 8 8 10 10 10 10 10 2 2
left_child=2 -2 3 4 -1 6 8 10 -5 -10 11 -7 -13 -14
right_child=1 -3 -4 5 -6 7 -8 -9 9 -11 -12 12 13 -15
leaf_value=0.001724732115552475 0.041244102324604084 -0.0022246330325578264 -0.012092465072413135 -0.00055688589021315375 -0.033452277150885723 0.0038500012752154473 0.047777397573728515 -0.031002128539239435 0.00096538133828224636 0.049730019198867242 0.030300495025814202 -0.020299734684154306 0.037011780462095481 -0.022460534140210913
leaf_weight=402.55662416666746 109.38515698164701 98.562803611159325 532.51584050059319 959.17944438755512 185.8065225109458 1446.9016322270036 164.82502081245184 192.95623326301575 165.63381556421518 129.42270262539387 116.16257689148188 454.04422862827778 118.53109356760979 116.04273594915867
leaf_count=1055 358 299 1451 2585 470 4407 503 512 454 345 279 942 375 270
internal_value=0.000391026 0.0207288 -0.000461419 0.000932185 -0.00942216 0.00251097 0.00988321 -0.00177075 0.00486927 0.0224511 0.000746864 -0.00087415 -0.0107916 0.00762061
internal_weight=5192.53 207.948 4984.58 4452.06 588.363 3863.7 1419.06 2444.64 1254.24 295.057 2251.68 2135.52 688.618 234.574
internal_count=14305 657 13648 12197 1525 10672 3887 6785 3384 799 6273 5994 1587 645
is_linear=0
shrinkage=0.05


Tree=223
num_leaves=15
num_cat=0
split_feature=51 55 24 45 28 43 55 48 44 53 20 31 29 79
split_gain=24.1229 19.694 55.3016 57.2479 31.7004 49.506 75.4521 83.2177 29.0255 38.2185 44.1381 29.0359 23.9993 23.916
threshold=5.4389542483660138 27.445955882352944 2.9884423076923086 22.345238095238098 14.189292857142858 56.759615384615394 23.160845588235301 21.79411764705883 0.64063917876588039 2.577380952380953 0.84523809523809545 0.56687500000000013 0.028635348658711014 0.074017389579158599
decision_type=10 2 8 10 10 10 2 2 10 8 10 10 10 10
left_child=1 4 12 -4 8 -6 7 -7 11 10 -10 -1 -3 -8
right_child=-2 2 3 -5 5 6 13 -9 9 -11 -12 -13 -14 -15
leaf_value=0.0029739526649522697 -0.017390551198109699 -0.02410168184939666 0.0072008839712468554 0.059204515879100764 -0.036796026623852923 -0.017887126756088369 -0.0093260398628122448 0.031348362476634056 -0.012076257231590629 -0.026819428587993729 0.030001074418939101 0.027352271740623397 0.0090304322548804116 -0.042166558248707207
leaf_weight=3295.7240501046181 174.26365844905376 99.35276060551405 123.6219887137413 91.958136007189751 131.27154137939215 143.32045859098434 112.54018925130367 211.05845279246569 179.7953991368413 187.20631540566683 94.118968307971954 125.8695050701499 119.19025661051273 109.67865277826786
leaf_count=8932 427 355 396 326 275 341 363 532 563 577 308 335 405 243
internal_value=0.000844282 0.00148003 0.0116464 0.0295546 0.000516281 -0.00920717 -0.0028733 0.0114419 0.00229091 -0.00947208 0.00243836 0.00387848 -0.00607307 -0.0256511
internal_weight=5198.97 5024.71 434.123 215.58 4590.58 707.869 576.598 354.379 3882.71 461.121 273.914 3421.59 218.543 222.219
internal_count=14378 13951 1482 722 12469 1754 1479 873 10715 1448 871 9267 760 606
is_linear=0
shrinkage=0.05


Tree=224
num_leaves=15
num_cat=0
split_feature=80 76 11 8 76 76 29 75 13 75 4 11 4 29
split_gain=23.4878 45.699 32.5327 60.7171 31.0859 43.2885 42.9924 33.0087 64.966 40.5775 32.2037 31.2539 42.2782 26.8237
threshold=17.537899902033718 0.9615988976454094 0.13950246066259261 15.872621839759296 0.84004555808656056 0.87129167487223536 0.12140125218873692 12.955000000000002 0.55399869151987924 11.835000000000003 10.364955783149872 0.071370706854544191 6.8677388204205476 0.08043983794225501
decision_type=2 10 10 10 8 8 10 10 10 10 10 10 10 8
left_child=2 -2 4 -4 11 -6 7 9 -9 13 -8 12 -1 -7
right_child=1 -3 3 -5 5 6 10 8 -10 -11 -12 -13 -14 -15
leaf_value=-0.0096388558392146648 0.0038263132500083938 -0.037461846124457895 -0.0052014162419758867 0.042009890106698207 0.031938933041084361 -0.0024549590876536539 -0.0032147418164288296 0.038025136161741364 -0.0082302843033924943 -0.029154519355877651 -0.040737996910147789 -0.023811014477863851 0.01933499842409335 0.0076962086407460304
leaf_weight=620.45699308812618 144.02801491320133 124.07195073366165 147.32331908494234 125.33540331572294 108.78567050397396 1866.4623693525791 121.97391657531261 167.11624747514725 137.8614677041769 114.42121048271656 106.95256756991148 258.80180773139 156.92071044445038 997.87101232260466
leaf_count=1459 417 299 497 323 245 5440 372 388 315 270 295 617 399 2996
internal_value=-0.000964827 -0.0153493 -0.000179669 0.0165748 -0.00116383 0.0010217 5.53836e-05 0.00151845 0.0171574 -8.79515e-05 -0.0208462 -0.00879586 -0.0037729 0.00108294
internal_weight=5198.38 268.1 4930.28 272.659 4657.62 3621.44 3512.66 3283.73 304.978 2978.75 228.926 1036.18 777.378 2864.33
internal_count=14332 716 13616 820 12796 10321 10076 9409 703 8706 667 2475 1858 8436
is_linear=0
shrinkage=0.05


Tree=225
num_leaves=15
num_cat=0
split_feature=25 22 5 12 41 75 28 45 14 13 44 28 75 31
split_gain=25.9176 37.7673 25.4819 81.1328 70.2557 24.5611 21.5736 46.3674 24.104 23.8374 27.9965 30.0059 28.4679 27.9505
threshold=-0.1379285714285714 0.81872946330777674 16.541666666666671 0.62393610952868461 37.500000000000007 8.4350000000000005 15.182558823529414 24.031250000000004 0.60408333333333342 0.46910010006200059 0.64063917876588039 3.0497020202020209 11.915000000000001 0.46756410256410258
decision_type=8 10 10 8 10 8 10 8 10 10 10 10 10 8
left_child=1 5 6 4 -4 -1 8 -8 9 10 12 -12 -2 -11
right_child=2 -3 3 -5 -6 -7 7 -9 -10 13 11 -13 -14 -15
leaf_value=0.01414428788853153 0.0010659625098692904 -0.037047758362535897 -0.001213447643376982 -0.01839760739903671 0.045436156054168619 -0.019614857324026479 0.0027041681283341439 -0.03525137766826765 0.018335023578211405 0.0031503368616697561 -0.00044108412794331025 -0.027410611281290066 0.023818429507881132 -0.030095399479663606
leaf_weight=114.72959591448307 3096.5169760733843 114.52179753780365 141.34213787317276 154.77210513502359 186.98710198700428 99.814972907304764 194.46122626960278 136.10246522724628 175.83441795408726 113.67377930879593 250.15504320710897 174.52027231454849 142.87393188476562 140.95176479965448
leaf_count=296 8373 277 335 469 497 345 544 350 480 371 809 562 363 373
internal_value=-0.000435985 -0.0139983 0.00047596 0.0113671 0.0254113 -0.00157999 -0.000715365 -0.0129824 0.000277918 -0.000536788 0.000492976 -0.0115626 0.00207651 -0.0152991
internal_weight=5237.26 329.066 4908.19 483.101 328.329 214.545 4425.09 330.564 4094.53 3918.69 3664.07 424.675 3239.39 254.626
internal_count=14444 918 13526 1301 832 641 12225 894 11331 10851 10107 1371 8736 744
is_linear=0
shrinkage=0.05


Tree=226
num_leaves=15
num_cat=0
split_feature=75 18 64 33 79 24 44 55 52 0 51 51 0 41
split_gain=44.7846 37.5213 39.4043 69.1579 34.9855 42.9358 50.3394 48.3654 32.8399 32.5675 32.0411 29.2382 34.2557 23.5825
threshold=19.405000000000005 3.3452380952380958 38.500000000000007 1.0294117647058827 -0.9114230010810136 -0.14799999999999977 0.59022743798679167 21.236397058823531 254.10512820512824 5.5000000000000009 5.4389542483660138 5.2026541373317237 14.500000000000002 49.000000000000007
decision_type=10 10 8 10 10 8 10 2 10 2 10 10 2 8
left_child=1 2 3 -1 9 6 -6 -7 -9 -3 11 12 13 -4
right_child=-2 4 10 -5 5 7 -8 8 -10 -11 -12 -13 -14 -15
leaf_value=0.0011512690917536322 0.029996455383179767 0.034386430590461696 0.012399624851379656 0.045104447663004123 -0.022472908037803767 -0.04920011544122424 0.025883240378820956 0.0026388533669369943 -0.033040440889437889 -0.014694019405519627 -0.024477542818433801 0.023938805484830031 -0.027075502069653014 -0.0010130532686615939
leaf_weight=267.06236357986927 119.71539753675461 72.678335450589657 364.11588162183762 133.64339529722929 105.5531405210495 141.56817346811295 107.75626820325851 147.73103655874729 113.27514031529427 61.645856931805611 134.14127445966005 125.43384192883968 116.51995547860861 3198.4620303288102
leaf_count=753 301 303 1031 355 271 298 331 381 358 365 330 304 256 8770
internal_value=-0.000103372 -0.000817122 0.000968703 0.0158863 -0.0111343 -0.0161735 0.00196168 -0.0257638 -0.0129128 0.0119196 -0.000552606 0.000297156 -0.000515159 0.000360894
internal_weight=5209.3 5089.59 4339.38 400.706 750.208 615.884 213.309 402.574 261.006 134.324 3938.67 3804.53 3679.1 3562.58
internal_count=14407 14106 11799 1108 2307 1639 602 1037 739 668 10691 10361 10057 9801
is_linear=0
shrinkage=0.05


Tree=227
num_leaves=15
num_cat=0
split_feature=31 48 6 10 64 21 21 6 14 11 17 19 77 1
split_gain=20.6669 38.8522 30.7853 56.6377 50.1532 37.3534 92.9837 65.7633 35.7596 48.1226 34.4996 29.3655 43.3229 39.1235
threshold=0.14970588235294122 15.250000000000002 3.9903649721424275 0.10181528728029569 81.500000000000014 6.5561868686868694 5.839522905936569 7.9004033100630187 0.75414285714285734 0.14845894943598972 3.2583333333333337 15.345238095238097 0.29754258292464281 1.5000000000000002
decision_type=8 2 8 10 10 10 10 8 10 10 10 10 10 8
left_child=-1 -2 3 -3 5 6 8 -8 9 10 11 12 -4 -14
right_child=1 2 4 -5 -6 -7 7 -9 -10 -11 -12 -13 13 -15
leaf_value=-0.0078118316512471066 0.0290131961752726 0.0029365607851715527 0.0009679083333682054 0.038712138279075825 0.021124218451399796 -0.025599836447737397 0.00044285202960297755 0.057074777019974599 -0.032016346152473577 0.024157411196744413 -0.032446948682280603 0.013094507599647868 -0.0090329201624661151 -0.034807293138455091
leaf_weight=817.4254864230752 118.07781697809696 1400.5166308358312 792.21911829710007 119.1414552256465 197.2575550749898 201.31238200515509 101.82674400508404 102.26576706767082 126.01364926993847 134.23347180336714 120.94562956690788 199.21556115150452 573.70835092663765 197.60946573317051
leaf_count=2219 306 3883 2469 323 552 631 339 280 329 355 347 572 1321 439
internal_value=-0.000517988 0.000843361 5.70858e-05 0.00576499 -0.00310196 -0.00498402 -0.00320635 0.0289597 -0.00628046 -0.00465827 -0.00672343 -0.00494109 -0.00724597 -0.0156728
internal_weight=5201.77 4384.34 4266.27 1519.66 2746.61 2549.35 2348.04 204.093 2143.95 2017.93 1883.7 1762.75 1563.54 771.318
internal_count=14365 12146 11840 4206 7634 7082 6451 619 5832 5503 5148 4801 4229 1760
is_linear=0
shrinkage=0.05


Tree=228
num_leaves=15
num_cat=0
split_feature=39 41 15 77 22 55 57 77 77 75 52 79 52 60
split_gain=19.8514 36.4543 31.5359 81.2647 34.7647 43.5693 29.4648 44.8337 36.4521 55.1615 35.5489 63.3169 50.0554 52.5177
threshold=26.104038329911024 30.000000000000004 0.52608107314285746 0.54625503206922688 0.77303030303030307 21.954227941176477 251.91176470588238 0.61576440184677417 0.12529900037514716 3.7950000000000004 241.12698412698415 0.25063396281063566 215.04166666666671 3.2500000000000004
decision_type=2 8 10 10 8 2 2 10 8 8 8 10 10 2
left_child=1 -1 3 -2 -4 -6 8 -8 -3 -10 12 -12 13 -11
right_child=2 6 4 -5 5 -7 7 -9 9 10 11 -13 -14 -15
leaf_value=0.024546082762702232 -0.0020953750012627352 -0.003238322098821671 0.0023175309484819761 0.04098695587798426 -0.0044905750087645881 -0.043718872400220335 -0.00014795382796478919 -0.030422769855348999 0.042242911666062102 -0.0062940274117502795 0.0045021402705955338 0.045126928967026018 -0.017673578127479172 0.03231676893301598
leaf_weight=198.2576052993536 1648.8503342419863 649.90842877328396 199.96803987026215 116.23512695729733 136.50750236213207 146.57954625040293 841.30670993775129 142.08741573989391 129.09146443009377 187.51839833706617 273.94508051872253 146.79839868843555 242.41475165635347 164.6150194555521
leaf_count=565 4577 1466 504 269 284 338 2978 394 275 419 1006 291 663 379
internal_value=0.00120884 0.0038872 -0.00233676 0.000763302 -0.0136426 -0.024885 0.00240437 -0.00454872 0.00621554 0.0115826 0.00764655 0.0187496 -0.000229045 0.0117961
internal_weight=5224.08 2975.94 2248.14 1765.09 483.055 283.087 2777.69 983.394 1794.29 1144.38 1015.29 420.743 594.548 352.133
internal_count=14408 8436 5972 4846 1126 622 7871 3372 4499 3033 2758 1297 1461 798
is_linear=0
shrinkage=0.05


Tree=229
num_leaves=15
num_cat=0
split_feature=52 75 36 7 20 30 80 79 19 53 52 52 45 75
split_gain=17.8701 43.2583 49.9229 37.9959 72.6295 31.0234 49.6032 33.3429 29.6022 25.4042 23.7322 26.6289 21.1698 24.5375
threshold=221.43750000000003 16.125000000000004 0.56422846199424248 18.888392857142858 5.6125000000000007 0.51757568722389513 9.8320359332818388 0.37282244491538702 16.345238095238098 1.6770833333333337 228.30303030303034 231.29166666666671 14.930288461538463 8.7950000000000017
decision_type=10 10 8 10 10 10 2 10 10 8 10 10 10 10
left_child=1 2 5 4 8 6 7 9 10 -1 -2 -12 -13 -14
right_child=3 -3 -4 -5 -6 -7 -8 -9 -10 -11 11 12 13 -15
leaf_value=0.023310183029085919 0.017949718317975673 -0.026463866612548403 0.028517050844296971 -0.02371140310684736 0.038597977634335548 -0.025094135103907202 0.020281116432596141 -0.015256616960623956 0.029665276588082087 -0.0018185281283127183 -0.022687667753537869 0.019930613911948496 0.0034922687412204836 -0.0087027371685656964
leaf_weight=113.92024172097445 216.18500804901123 168.53803582489491 140.05147375166416 120.44670132547617 150.15366263687611 137.70886398851871 243.79010461270809 451.85998632013798 99.767913684248924 805.12208864092827 114.86187398433685 150.75467251241207 1769.0330836176872 536.8176151663065
leaf_count=265 589 329 289 415 424 377 587 681 292 2168 279 413 5824 1436
internal_value=0.00135296 -0.00226804 -0.00010037 0.00371607 0.00481108 -0.00240243 -0.000452833 -0.00415209 0.00304131 0.00131826 0.00207817 0.000737375 0.00184143 0.000650647
internal_weight=5219.01 2060.99 1892.45 3158.02 3037.57 1752.4 1614.69 1370.9 2887.42 919.042 2787.65 2571.47 2456.61 2305.85
internal_count=14368 4696 4367 9672 9257 4078 3701 3114 8833 2433 8541 7952 7673 7260
is_linear=0
shrinkage=0.05


Tree=230
num_leaves=15
num_cat=0
split_feature=12 12 12 77 50 80 30 65 76 30 54 58 19 33
split_gain=30.3602 58.7984 31.282 24.4347 28.073 70.3861 54.6984 64.0471 39.398 42.2108 38.9568 43.3653 40.853 34.8028
threshold=0.62393610952868461 0.66415343223863565 0.72399806375536235 0.75350123834959859 23.575961538461545 14.112954482138852 0.46430160941655202 6.5000000000000009 1.0700673930520159 0.53002706384693976 24.408333333333335 20.843750000000004 7.9666666666666677 2.4142857142857146
decision_type=10 10 10 10 8 2 10 10 10 10 10 2 10 10
left_child=3 -2 -3 4 5 8 10 -8 9 13 12 -12 -6 -1
right_child=1 2 -4 -5 6 -7 7 -9 -10 -11 11 -13 -14 -15
leaf_value=0.0027815409658187738 -0.043253507321513646 0.021243348269157462 -0.017943949724529191 0.017335263126463742 0.00075170173425485225 -0.03549548471933181 0.043264605060143069 -0.0052635584332051026 -0.011981325118078555 0.031782218635631819 0.041082353378805954 0.0050109073620770717 -0.024293013747961348 -0.022904704682030437
leaf_weight=1606.4946322739124 114.76713049411774 99.757746241986752 101.97801183909178 220.43520784378052 1103.0653428509831 156.29865308105946 178.70610764622688 109.05281638354063 613.6788677573204 115.30668917298317 111.50804100930691 322.53989751636982 190.01681553572416 142.65808203816414
leaf_count=4430 294 292 345 578 3135 374 521 344 1242 356 373 1143 563 402
internal_value=0.000131421 -0.0148494 0.00144326 0.00110793 0.00033499 -0.00306238 0.00477632 0.0249192 -0.0010033 0.00261456 0.00140781 0.0143509 -0.00294452 0.000674722
internal_weight=5186.26 316.503 201.736 4869.76 4649.33 2634.44 2014.89 287.759 2478.14 1864.46 1727.13 434.048 1293.08 1749.15
internal_count=14392 931 637 13461 12883 6804 6079 865 6430 5188 5214 1516 3698 4832
is_linear=0
shrinkage=0.05


Tree=231
num_leaves=15
num_cat=0
split_feature=79 36 30 36 27 33 5 5 28 28 36 48 62 41
split_gain=17.7634 60.308 38.537 23.82 28.2179 66.6452 25.1495 25.9095 20.7573 48.9168 16.5454 20.7065 21.4547 39.1568
threshold=0.50938651993232165 0.39679579915637336 0.17369573488646869 0.70944468243171299 17.300833333333337 4.4017857142857144 19.416666666666671 17.116666666666671 14.965441176470589 13.552041666666668 0.52967359993042329 19.000000000000004 23.125000000000004 75.000000000000014
decision_type=10 10 10 10 10 10 10 10 10 10 8 2 2 8
left_child=3 2 -2 4 5 6 7 8 9 10 11 -1 13 -13
right_child=1 -3 -4 -5 -6 -7 -8 -9 -10 -11 -12 12 -14 -15
leaf_value=-0.0071612690916825275 -0.0089611828961674456 -0.033159073622508306 0.019716185438872259 0.018407953984769323 0.019269463783986356 -0.036225854495111953 -0.023245301241872025 0.025257911220383508 -0.015840918660516061 0.030424456175205301 -0.018736031385452 0.029265207526034082 -0.0018202178551734783 0.0037423828734465658
leaf_weight=690.88973073661327 348.89011739194393 175.36995421350002 175.11709189414978 181.01536996662617 180.0523064956069 128.32630708068609 109.89161641150713 105.22115105390549 190.05626148730516 135.56525113433599 113.92487374693155 172.11651834845543 1379.3400787040591 1142.4583392292261
leaf_count=1929 733 357 392 434 511 319 335 290 568 320 316 534 4100 3253
internal_value=-0.000458645 -0.0078691 0.000641759 0.000687212 -5.46254e-05 -0.000893866 0.000237254 0.000899698 0.000223091 0.00106729 -7.85816e-05 0.000554734 0.00253553 0.00710378
internal_weight=5228.23 699.377 524.007 4528.86 4347.84 4167.79 4039.46 3929.57 3824.35 3634.29 3498.73 3384.8 2693.91 1314.57
internal_count=14391 1482 1125 12909 12475 11964 11645 11310 11020 10452 10132 9816 7887 3787
is_linear=0
shrinkage=0.05


Tree=232
num_leaves=15
num_cat=0
split_feature=20 33 3 5 75 41 57 62 53 76 13 36 60 55
split_gain=28.1335 25.9305 56.9516 45.1194 44.9797 42.4055 32.9654 20.0116 19.1741 61.7176 27.5402 32.1494 41.0994 22.8341
threshold=7.0384615384615392 3.1596638655462184 17.426785714285717 17.716666666666672 12.955000000000002 47.000000000000007 237.15625000000003 29.625000000000004 2.759615384615385 1.484192641388175 0.5606089731390439 0.42398648796383259 -2.7499999999999996 23.864522058823535
decision_type=10 10 10 10 8 10 2 2 10 10 10 10 2 2
left_child=1 3 4 7 6 -6 -3 8 10 13 11 -1 -13 -10
right_child=-2 2 -4 -5 5 -7 -8 -9 9 -11 -12 12 -14 -15
leaf_value=-0.0016101000094852253 -0.024978779845758463 -0.00055991299963110313 0.03800063773761983 -0.027412403308892466 0.0075546071348164216 -0.02906138548423895 0.034115384745586258 -0.021483684892808247 -0.0044188214135080497 0.0349750663406719 0.020216343421613714 0.00096170612450370725 -0.039989990366910942 0.01129321903775448
leaf_weight=2519.2111369296908 115.87646885216236 137.56668746471405 133.18570970743895 162.23570664227009 155.72763127833605 158.9500692114234 135.54273229837418 110.83189144730568 679.85542249679565 151.78940910100937 129.44578090310097 116.50444699823856 128.11790937930346 349.17050571739674
leaf_count=7070 309 291 322 480 433 490 334 387 1771 302 390 311 321 1122
internal_value=-0.000725658 -0.000166323 0.00860893 -0.00162334 0.00189588 -0.0109743 0.0167109 -0.000617269 -4.44851e-05 0.00532215 -0.00223582 -0.00329431 -0.0205617 0.000918398
internal_weight=5184.01 5068.14 720.973 4347.16 587.787 314.678 273.109 4184.93 4074.09 1180.82 2893.28 2763.83 244.622 1029.03
internal_count=14333 14024 1870 12154 1548 923 625 11674 11287 3195 8092 7702 632 2893
is_linear=0
shrinkage=0.05


Tree=233
num_leaves=15
num_cat=0
split_feature=0 55 75 76 29 57 20 62 45 14 19 30 15 13
split_gain=28.2182 50.0154 58.8701 70.0945 48.1295 38.3692 42.1006 62.0791 79.484 36.1068 58.0139 28.223 36.0824 27.7023
threshold=7.5000000000000009 27.395955882352947 13.705000000000002 1.0778573819814332 0.051772445419170983 244.8713235294118 0.55844155844155818 21.375000000000004 27.825757575757578 0.62516666666666676 10.966666666666669 0.22827219256541278 0.30737925174406283 0.55021181368678096
decision_type=2 2 10 8 10 2 10 2 10 8 10 8 10 10
left_child=1 2 13 -4 -3 6 -2 -8 -9 10 11 12 -7 -1
right_child=5 4 3 -5 -6 9 7 8 -10 -11 -12 -13 -14 -15
leaf_value=-0.0041494802449713293 -0.0033208933923397342 0.00038514234759621705 -0.040977757149434108 0.0028904760010252731 0.040800466228589898 -0.0095880303686779762 0.037108695875701515 -0.0078233649969624893 0.039945783775626929 -0.028494383332978792 0.030126898467870252 -0.019826429716612162 0.024895733839236676 0.019586905445025515
leaf_weight=2540.3576452955604 366.06633073091507 200.55796194076538 233.6464776545763 148.60257795453072 115.44652913510799 208.97491481900215 255.61725240945816 301.98391170054674 121.23449023813009 127.04512218385935 131.80083399266005 234.19964274019003 117.78316910564899 128.18655291199684
leaf_count=6911 869 639 511 341 378 691 592 777 284 389 433 778 379 446
internal_value=-0.000940253 -0.00367276 -0.00563531 -0.0239606 0.0152323 0.00399272 0.0103414 0.017703 0.00592242 -0.00410197 0.000405986 -0.00661833 0.00288002 -0.00300237
internal_weight=5231.5 3366.8 3050.79 382.249 316.004 1864.71 1044.9 678.836 423.218 819.804 692.759 560.958 326.758 2668.54
internal_count=14418 9226 8209 852 1017 5192 2522 1653 1061 2670 2281 1848 1070 7357
is_linear=0
shrinkage=0.05


Tree=234
num_leaves=15
num_cat=0
split_feature=8 14 52 52 6 7 33 19 30 4 58 17 51 53
split_gain=20.0777 33.4768 24.1361 31.6549 52.8953 37.902 35.7953 35.125 30.3313 37.5275 34.192 29.9697 40.3559 24.6262
threshold=18.859321532285875 0.75414285714285734 171.13333333333335 221.87500000000003 5.8309059168286606 10.833166666666669 3.1596638655462184 16.345238095238098 0.56212477608514388 15.00331016294569 16.941176470588239 2.7416666666666671 4.2163555307885217 1.6547619047619049
decision_type=10 10 8 10 10 10 10 10 10 10 2 10 10 8
left_child=1 2 -1 4 6 -6 13 8 9 10 -5 -12 -13 -4
right_child=-2 -3 3 7 5 -7 -8 -9 -10 -11 11 12 -14 -15
leaf_value=0.017600570228082389 0.01634103068643869 -0.026630307698119041 0.016342124250236182 0.029838685577594594 -0.0044547758315059598 -0.03884668665227814 0.021772454893764115 0.031539069869453734 -0.018545007318217014 0.027183411635598276 0.0024566547564938432 0.0059828665047351971 -0.037897594087998275 -0.006243790687995944
leaf_weight=202.47320999205112 197.24819161742926 113.31217181682587 133.86593191325665 104.25319629907608 144.99812911450863 178.81728003919125 151.13041703402996 104.41984213143587 165.74190681427717 155.60977521538734 2178.1601492315531 98.289827056229115 110.64125853031874 1149.6660095006227
leaf_count=416 578 245 276 382 342 414 352 328 528 475 6614 352 361 2693
internal_value=0.000736018 0.000116193 0.000742815 9.19515e-06 -0.00528791 -0.0235078 -0.00116202 0.00320308 0.00214029 0.00344204 0.00194883 0.000718794 -0.0173242 -0.0038773
internal_weight=5188.63 4991.38 4878.07 4675.59 1758.48 323.815 1434.66 2917.12 2812.7 2646.95 2491.34 2387.09 208.931 1283.53
internal_count=14356 13778 13533 13117 4077 756 3321 9040 8712 8184 7709 7327 713 2969
is_linear=0
shrinkage=0.05


Tree=235
num_leaves=15
num_cat=0
split_feature=75 5 5 52 30 8 76 52 47 27 78 43 53 9
split_gain=40.7977 37.0252 28.3526 21.6874 49.8585 29.1735 28.1664 22.954 24.9378 25.5842 28.8583 51.2148 28.6052 33.727
threshold=19.405000000000005 20.183333333333337 17.116666666666671 253.86742424242428 0.5983246471838074 15.165410075728413 1.6994968553459124 249.82857142857145 0.50917546558031268 4.4207792207792211 2.5000000000000004 60.759615384615394 3.5192307692307696 10.77766666666667
decision_type=10 10 10 8 10 10 10 10 2 10 8 10 10 8
left_child=1 2 3 5 6 7 -5 8 -1 10 11 -10 13 -11
right_child=-2 -3 -4 4 -6 -7 -8 -9 9 12 -12 -13 -14 -15
leaf_value=0.014564631834720163 0.028172706184359755 -0.023561085931724721 0.018689131347432202 0.0030320480429905099 0.036952602522784435 -0.022359522265630202 -0.021175620698420317 -0.021768310303288012 0.035043424167764563 -0.013249484261635747 -0.0034973963280650745 -0.00052984260556838568 -0.032446256484931046 0.0091729341813629722
leaf_weight=226.63505641371012 121.72513170540333 174.59172180294991 190.04914758354425 1628.0402012392879 102.53858614712954 194.31464013457298 128.73368935286999 142.64958385378122 154.73108130693436 512.01683814078569 951.23437486588955 288.75001032650471 116.50326737761497 248.3122398480773
leaf_count=446 299 490 505 5329 339 480 339 405 292 1325 2480 656 301 629
internal_value=-0.000312438 -0.00100324 -0.000192276 -0.000960483 0.00323502 -0.0037121 0.00124711 -0.00233207 -0.00121396 -0.00279393 0.00141396 0.0119326 -0.00948111 -0.00592422
internal_weight=5180.83 5059.1 4884.51 4694.46 1859.31 2835.15 1756.77 2640.83 2498.18 2271.55 1394.72 443.481 876.832 760.329
internal_count=14315 14016 13526 13021 6007 7014 5668 6534 6129 5683 3428 948 2255 1954
is_linear=0
shrinkage=0.05


Tree=236
num_leaves=15
num_cat=0
split_feature=13 36 36 36 8 36 79 69 76 69 55 19 46 55
split_gain=26.745 46.7564 25.5714 22.3896 37.2814 25.9512 27.9313 18.3724 33.5232 26.071 31.455 31.1919 38.9412 30.6773
threshold=0.70277739116062476 0.65058936896392738 0.58707889119536205 0.52967359993042329 16.131660202571798 0.45853361337881465 -1.1385443093090097 0.27854062523321105 2.3098235765838013 0.047613371023931379 19.955882352941181 6.9666666666666677 62.281250000000007 19.032352941176473
decision_type=10 10 8 10 10 10 8 2 8 2 2 10 2 2
left_child=1 2 3 4 5 6 -1 9 -9 10 -8 13 -13 -11
right_child=-2 -3 -4 -5 -6 -7 7 8 -10 11 -12 12 -14 -15
leaf_value=0.022878957749274922 0.021715665792505657 -0.020471727953992769 0.020804850522458854 -0.016303088527977221 0.028839476817486207 -0.017301901956508228 -0.013433011302781409 -0.02649283443889941 0.0085325166453921464 0.025342990988385383 0.0011152012971160261 0.043529155682675728 0.0060949006465288039 2.3215365880661205e-05
leaf_weight=143.63100242614746 145.44063163548708 262.32769683003426 159.25886888802052 189.34523184597492 117.81628793478012 195.53728765249252 467.65196941047907 162.09285971522331 116.89512645453215 134.68130867183208 1792.4931938201189 116.82649763673544 170.2367042824626 1011.1837075278163
leaf_count=228 479 558 361 490 369 544 1040 384 387 327 5391 294 580 2930
internal_value=0.000651672 3.96325e-05 0.0011699 0.000488462 0.00120983 0.000448263 0.00129557 0.000509551 -0.0118393 0.00144538 -0.00189961 0.00671904 0.0214278 0.00301872
internal_weight=5185.42 5039.98 4777.65 4618.39 4429.05 4311.23 4115.69 3972.06 278.988 3693.07 2260.15 1432.93 287.063 1145.87
internal_count=14362 13883 13325 12964 12474 12105 11561 11333 771 10562 6431 4131 874 3257
is_linear=0
shrinkage=0.05


Tree=237
num_leaves=15
num_cat=0
split_feature=45 61 77 45 58 80 77 39 77 12 51 30 77 30
split_gain=21.8406 70.5642 44.0619 25.5637 44.1704 28.5596 43.7591 44.0058 26.166 29.9074 36.2428 23.6375 42.9188 40.4349
threshold=30.267857142857146 51.250000000000007 0.18952740889767253 28.919871794871799 21.272058823529417 18.998254354781043 0.67980312942495924 25.427789185489395 0.63249311037546352 0.54384758593310678 4.1477766798418978 0.25168903288570726 0.035043180469622452 0.21514413006684976
decision_type=10 2 8 10 2 2 10 2 10 10 8 10 10 10
left_child=3 2 -2 5 -5 6 8 -8 9 11 -11 13 -13 -1
right_child=1 -3 -4 4 -6 -7 7 -9 -10 10 -12 12 -14 -15
leaf_value=0.00030728825331104728 -0.0022016993067742771 0.022613707365418668 -0.041318120721176785 0.039593715149452369 -0.0013541711640533236 -0.023747215517330215 0.032582077307322231 0.00068532374816415633 -0.020355683229057744 -0.0041964676337838715 0.037583832649686705 0.019303364181380858 -0.012128755887540456 0.029626782308425977
leaf_weight=2573.1602055206895 131.03417161107063 113.59200921654701 159.09547882527113 115.4685258641839 151.41028501838446 116.82535783946514 210.74970461428165 221.06707659363747 157.52782800793648 94.242542318999767 114.04958998411894 125.44146687537432 771.80887182056904 122.22605212777853
leaf_count=7221 296 350 461 288 414 334 545 490 333 342 383 804 1660 399
internal_value=0.000492588 -0.0106597 -0.0237198 0.00143774 0.0164441 0.000545712 0.00119741 0.016292 -0.000452912 0.000377087 0.0187505 -0.000693076 -0.00771774 0.00164732
internal_weight=5177.7 403.722 290.13 4773.98 266.879 4507.1 4390.27 431.817 3958.46 3800.93 208.292 3592.64 897.25 2695.39
internal_count=14320 1107 757 13213 702 12511 12177 1035 11142 10809 725 10084 2464 7620
is_linear=0
shrinkage=0.05


Tree=238
num_leaves=15
num_cat=0
split_feature=75 25 75 31 33 58 36 75 36 12 43 15 36 43
split_gain=25.5697 36.0915 35.1189 23.0482 45.4861 16.2831 22.6003 56.7795 36.067 35.0743 26.7472 18.8276 39.3201 20.7774
threshold=16.915000000000003 -0.03999999999999998 15.995000000000003 0.71884615384615402 4.2967032967032974 15.181985294117649 0.46673465143720955 13.215000000000002 0.43167436584503938 0.43192706041810908 54.396103896103902 0.13696377638880389 0.077778933336185949 58.723809523809528
decision_type=10 10 10 10 10 2 10 10 10 10 8 8 10 8
left_child=2 -2 3 4 5 -1 8 9 10 -8 -7 12 -12 -13
right_child=1 -3 -4 -5 -6 6 7 -9 -10 -11 11 13 -14 -15
leaf_value=-0.016406394023333035 -0.0027291958798143123 0.031651387450976204 -0.027454127283275332 -0.021253306706740766 0.02682098221703998 0.022374125656386745 -0.0014613790385767393 0.012476669858585126 0.029664419483751411 -0.037352010138106607 0.0020146872661391774 -0.012559721513444545 0.030906118713930217 -6.7557173545501175e-05
leaf_weight=143.8444437906146 150.01127038896084 154.11277908086777 114.22443868219852 118.06575603783131 163.8834852874279 140.43153108656406 110.87265729159117 176.18105372786522 112.21137827634811 175.68220762908459 742.41739634424448 384.01246398687363 139.00550896674395 2457.1844108328223
leaf_count=368 357 375 254 307 448 315 295 390 335 534 2125 804 369 7235
internal_value=0.000689543 0.0147396 -0.000171608 0.000474624 0.00101954 9.10244e-05 0.000629314 -0.00981657 0.00184742 -0.0235187 0.00103194 0.000221038 0.00660089 -0.00175981
internal_weight=5282.14 304.124 4978.02 4863.79 4745.73 4581.84 4438 462.736 3975.26 286.555 3863.05 3722.62 881.423 2841.2
internal_count=14511 732 13779 13525 13218 12770 12402 1219 11183 829 10848 10533 2494 8039
is_linear=0
shrinkage=0.05


Tree=239
num_leaves=15
num_cat=0
split_feature=8 75 53 10 77 9 13 28 14 31 79 43 77 28
split_gain=25.0206 38.6109 37.2898 23.3614 74.7953 26.9022 21.9587 30.7394 58.7326 36.7377 63.3982 31.2457 76.936 37.5205
threshold=18.621687943290542 17.695000000000004 2.1846590909090913 0.13999044280945919 0.55510072514347775 16.845500000000005 0.58589612287517945 15.056290849673205 0.60851648351648369 0.52213235294117666 0.24748576759178767 56.519230769230781 0.31664312019374136 9.5249117647058839
decision_type=10 10 8 10 10 10 10 10 8 10 8 10 8 10
left_child=1 3 -2 5 -5 6 7 9 -9 11 -11 12 -1 -13
right_child=2 -3 -4 4 -6 -7 -8 8 -10 10 -12 13 -14 -15
leaf_value=-0.0011181222842759704 0.039076846447386182 -0.029563222373605393 -0.0022517786516054071 -0.014298167168347108 0.048182573765890663 -0.02172664451488068 0.016973356457921803 0.0071151805675870126 -0.044146151967915742 -0.0035541654844498472 0.038644491225742018 -0.0010968794848998187 0.039156891766158525 -0.018573588607954144
leaf_weight=458.45897111296654 100.2617042735219 110.27604906260967 118.16902343183756 93.932248674333096 95.991422161459923 143.32688555121422 186.10090808570385 111.00538517534733 111.03031347692013 194.23432363569736 163.05247923731804 2841.7130218967795 158.91990645974874 343.33913211524487
leaf_count=919 281 259 359 396 232 398 509 323 283 458 376 8027 506 1063
internal_value=0.000284175 -0.000439348 0.0168101 0.000221843 0.0173679 -0.00047291 0.000198584 -0.000517581 -0.0186014 0.000451926 0.0157578 -0.000990025 0.00929565 -0.00298606
internal_weight=5229.81 5011.38 218.431 4901.1 189.924 4711.18 4567.85 4381.75 222.036 4159.72 357.287 3802.43 617.379 3185.05
internal_count=14389 13749 640 13490 628 12862 12464 11955 606 11349 834 10515 1425 9090
is_linear=0
shrinkage=0.05


Tree=240
num_leaves=15
num_cat=0
split_feature=8 64 24 62 47 28 33 76 6 3 15 75 77 39
split_gain=24.6108 39.5944 44.8022 23.078 33.506 75.1685 30.6175 55.1942 48.6598 37.8177 27.4396 29.9106 34.373 44.954
threshold=15.764115929054602 68.500000000000014 2.7209375000000002 21.875000000000004 0.52147681586705985 4.4014583333333341 1.788888888888889 0.77435362245060302 6.8584773755608266 10.505000000000001 0.59401291276859558 11.735000000000001 0.27219570776618401 25.033538672142374
decision_type=10 10 8 2 2 10 10 10 8 10 10 10 10 2
left_child=3 2 -2 10 5 -5 9 -8 -9 -6 11 12 -1 -14
right_child=1 -3 -4 4 6 -7 7 8 -10 -11 -12 -13 13 -15
leaf_value=-0.00098277907220950121 0.00039223502579065927 -0.015792856524470752 0.032110758821662588 -0.001756578424206495 0.00045528630681917066 0.041563154859340784 0.016232556512921992 -0.004706746147884037 -0.038860292752035314 0.028961331885694937 -0.026456038352042646 0.018924950299932835 -0.00074470143325450038 -0.030139600164322128
leaf_weight=1226.8652380034328 219.18128349632025 119.70888666808605 225.30446904152632 266.80154050886631 1522.6655149161816 159.23422732949257 140.16747613996267 235.09079280495644 186.89681960642338 124.97747994214296 143.08452946692705 133.37715208530426 245.84767134487629 275.30370305478573
leaf_count=3629 596 347 597 655 4424 373 595 574 469 385 332 302 553 611
internal_value=-0.000216257 0.00963709 0.016506 -0.00141095 0.00167252 0.0144939 -0.000804803 -0.0108699 -0.0198893 0.00263379 -0.00542443 -0.00381172 -0.0055564 -0.0163008
internal_weight=5224.51 564.195 444.486 4660.31 2635.83 426.036 2209.8 562.155 421.988 1647.64 2024.48 1881.39 1748.02 521.151
internal_count=14442 1540 1193 12902 7475 1028 6447 1638 1043 4809 5427 5095 4793 1164
is_linear=0
shrinkage=0.05


Tree=241
num_leaves=15
num_cat=0
split_feature=75 12 61 12 64 80 65 36 36 36 57 4 19 20
split_gain=32.9018 30.5325 19.7268 66.4897 41.8461 43.9504 31.7531 25.9827 35.8759 27.2285 52.4668 61.765 33.4747 25.362
threshold=19.405000000000005 0.68637419087653539 41.250000000000007 0.50053537544049898 27.500000000000004 3.4426839286363071 16.500000000000004 0.65058936896392738 0.58707889119536205 0.39954015404306631 254.40625000000003 11.907321537636255 11.63068181818182 -4.5260512509576693e-17
decision_type=10 10 2 10 10 2 10 10 8 10 2 10 10 8
left_child=1 2 3 4 5 -1 7 8 9 13 12 -12 -11 -4
right_child=-2 -3 6 -5 -6 -7 -8 -9 -10 10 11 -13 -14 -15
leaf_value=-0.0031873263254293782 0.025435082652018094 -0.023940242268000858 0.0098103252115953957 0.039986041535328309 -0.0063875239850221012 0.036080561509631855 0.024670800385397526 -0.020700056654414212 0.026457806580999499 -0.005384575643154409 -0.022397277170698157 0.033089702113797088 -0.037371451627485203 -0.0021016419225264983
leaf_weight=136.78156721591949 128.20072855055332 130.00947186350822 543.10492739081383 130.43390504270792 546.07303409278393 147.40934070199728 115.61157252639532 172.87112896889448 114.89700712263584 139.69430286437273 90.524413548409939 110.05630867183208 197.65313377976418 2498.7898700758815
leaf_count=330 316 425 1558 329 1477 357 353 379 257 342 318 357 486 7130
internal_value=0.000518567 -0.000115878 0.000515344 0.00694253 0.00170956 0.017236 -0.00103616 -0.00181079 -0.00092162 -0.00180753 -0.012166 0.0080609 -0.0241809 2.76655e-05
internal_weight=5202.11 5073.91 4943.9 960.698 830.264 284.191 3983.2 3867.59 3694.72 3579.82 537.928 200.581 337.347 3041.89
internal_count=14414 14098 13673 2493 2164 687 11180 10827 10448 10191 1503 675 828 8688
is_linear=0
shrinkage=0.05


Tree=242
num_leaves=15
num_cat=0
split_feature=45 60 53 14 3 9 36 56 9 79 35 7 7 77
split_gain=22.5082 47.0135 23.0237 25.1259 37.9934 26.0682 34.2848 31.8087 64.2963 60.1804 51.1627 47.3155 31.2051 30.9333
threshold=30.267857142857146 4.2500000000000009 4.3452380952380958 0.78522727272727288 17.623611111111114 17.349000000000004 0.67104594412700724 4.1608656174334149 4.1381666666666677 0.41413204081438365 3.5000000000000004 14.690020202020206 13.03799090909091 0.16402853981263679
decision_type=10 2 10 10 10 10 10 2 10 10 8 10 10 10
left_child=2 -2 3 4 5 6 7 8 10 -10 13 12 -9 -1
right_child=1 -3 -4 -5 -6 -7 -8 11 9 -11 -12 -13 -14 -15
leaf_value=-0.006587301289417518 0.0050114341640184433 -0.028806625536520254 0.023494244399968812 -0.021924284667649327 0.023778579138748385 -0.020392426535894695 0.026323106061704845 -0.0030392685990951601 0.010208616196341398 0.048335175518391199 0.0057399950340077917 -0.033181211863459709 0.023420563379980459 -0.037961501689506356
leaf_weight=205.51605447381735 216.52956159412861 194.18230260163546 111.80420741438866 119.26586204022169 178.46387231349945 146.00182302296162 128.82701481878757 2257.4258909597993 570.52039244025946 125.68965357542038 607.72545399516821 124.97405198216438 116.21487239003181 126.72065776586533
leaf_count=565 570 540 282 333 468 426 288 6094 1834 250 1806 313 324 270
internal_value=0.000212728 -0.0110087 0.00117116 0.000636086 0.00122719 0.000309313 0.00102283 0.00022838 0.00564585 0.0171512 -0.0028851 -0.00331999 -0.00173446 -0.018632
internal_weight=5229.86 410.712 4819.15 4707.35 4588.08 4409.62 4263.61 4134.79 1636.17 696.21 939.962 2498.61 2373.64 332.237
internal_count=14363 1110 13253 12971 12638 12170 11744 11456 4725 2084 2641 6731 6418 835
is_linear=0
shrinkage=0.05


Tree=243
num_leaves=15
num_cat=0
split_feature=75 75 75 77 41 41 54 14 14 75 77 65 75 75
split_gain=23.1087 34.9548 46.9719 44.4027 65.0478 21.7985 19.6798 40.7296 32.7636 30.0201 30.7994 25.8756 32.9493 57.2
threshold=18.475000000000005 16.915000000000003 15.635000000000003 0.67980312942495924 72.000000000000014 234.50000000000003 22.322916666666668 0.60408333333333342 0.5851923076923079 11.045000000000002 0.41070598749690096 14.500000000000002 11.545000000000002 8.7950000000000017
decision_type=10 10 10 10 8 10 8 10 10 10 10 10 10 10
left_child=1 2 3 5 -5 6 8 11 9 10 -1 12 13 -8
right_child=-2 -3 -4 4 -6 -7 7 -9 -10 -11 -12 -13 -14 -15
leaf_value=0.0022669032429522068 -0.017327496088944107 0.02614328477350087 -0.026631369825913211 0.046456989285573951 -0.0013987316251392228 -0.021444606411016736 -0.0013342989560532598 -0.030518656497973529 0.026215284683530401 -0.018434122809914959 0.027514595693402644 0.018754534121521983 0.018253436105420542 -0.028521743595047413
leaf_weight=1503.223219551146 179.41801229119301 132.34695011377335 156.90052330493927 128.21794064342976 157.50034011900425 115.82782062888145 1781.347742125392 122.55562537908554 154.38042499870062 158.41818022727966 130.37308746576309 152.91101488471031 175.44372743368149 216.05111216008663
leaf_count=4321 438 304 350 286 415 304 5142 419 465 401 289 475 403 508
internal_value=0.00025783 0.000881531 0.000201402 0.00108456 0.020164 -0.000128225 0.000438345 -0.00254455 0.00418981 0.00227877 0.00429746 -0.00105797 -0.00246023 -0.00428786
internal_weight=5264.92 5085.5 4953.15 4796.25 285.718 4510.53 4394.7 2448.31 1946.39 1792.01 1633.6 2325.75 2172.84 1997.4
internal_count=14520 14082 13778 13428 701 12727 12423 6947 5476 5011 4610 6528 6053 5650
is_linear=0
shrinkage=0.05


Tree=244
num_leaves=15
num_cat=0
split_feature=15 36 27 13 11 76 76 24 55 76 15 13 77 71
split_gain=33.5562 32.6586 32.1002 33.7777 20.9267 50.4466 55.8637 23.6669 18.7727 38.8982 31.6604 55.8332 44.2973 30.5562
threshold=0.7642778634415387 0.68155678178093326 17.728846153846156 0.61054047200296868 0.11756936159911936 1.0020522946769488 0.89879313832584862 -4.9538749999999983 23.672058823529415 2.0099200581395356 0.44229699694851216 0.46910010006200059 0.39376494773204923 0.31136769981707529
decision_type=10 10 10 10 10 10 8 8 2 10 10 10 10 2
left_child=1 2 3 4 7 6 -6 -1 9 10 12 -12 13 -9
right_child=-2 -3 -4 -5 5 -7 -8 8 -10 -11 11 -13 -14 -15
leaf_value=-0.020322453243263563 0.020453021917162431 -0.02125309236080726 0.025607148214647005 -0.023675426702288768 0.019494789142005402 0.03732029978415783 -0.029117726343148756 -0.0030223712729380604 0.0044217213221569287 -0.028424865712893623 0.030497030364802804 -0.0084925542936391783 -0.027214508649316904 0.022143693996390868
leaf_weight=145.7099259570241 197.82038380205631 181.52104134112597 121.06991562992334 149.41658143699169 134.7506078928709 126.10421231389046 103.66570211946964 1664.5643242746592 1557.1744401752949 136.53501603007317 196.57974416017532 170.88779627531767 179.08790227770805 129.03670979291201
leaf_count=442 526 408 358 469 344 315 463 4436 4716 271 456 440 390 350
internal_value=0.000308696 -0.00049285 0.00029411 -0.000364159 0.00040739 0.01188 -0.00167573 -0.000595789 0.000121631 -0.00258267 -0.00106342 0.0123914 -0.00357476 -0.00120052
internal_weight=5193.92 4996.1 4814.58 4693.51 4544.1 364.521 238.416 4179.58 4033.87 2476.69 2340.16 367.468 1972.69 1793.6
internal_count=14384 13858 13450 13092 12623 1122 807 11501 11059 6343 6072 896 5176 4786
is_linear=0
shrinkage=0.05


Tree=245
num_leaves=15
num_cat=0
split_feature=12 14 36 36 7 3 57 7 9 21 25 19 3 78
split_gain=26.1534 42.369 35.5989 38.2768 18.7788 49.1163 29.5154 22.3678 27.6156 21.2408 30.956 41.6493 37.9106 26.9537
threshold=0.71429417177499033 0.72035714285714303 0.65058936896392738 0.58105054770647013 15.623988095238099 13.764583333333334 241.56066176470591 13.349107142857145 12.389666666666669 3.3506756756756761 0.01887500000000002 9.4494949494949516 8.4292857142857169 2.5000000000000004
decision_type=10 10 8 10 10 10 2 10 10 10 8 10 10 8
left_child=1 2 3 4 5 7 -7 8 9 -1 -11 12 13 -12
right_child=-2 -3 -4 -5 -6 6 -8 -9 -10 10 11 -13 -14 -15
leaf_value=-0.0045438980506693552 -0.023542707592951545 0.021838247984223957 -0.02249418898033094 0.025194176818572889 0.016822620213867309 -0.042426863262204052 -0.005638661916227041 0.021442499215362325 -0.019472352889076488 -0.0034912531028218133 0.015765848416486348 0.035055561645448131 -0.021011543872496544 0.00024616714588905809
leaf_weight=1477.4746356979012 117.75774441659451 215.47047815471888 180.52438533306122 145.88028959184885 146.27521078288555 110.57020735740662 107.31977535784245 115.92859337478876 186.63069216161966 1025.2092517465353 564.50540345907211 127.84245897084475 123.40292973071337 553.74345220625401
leaf_count=3931 389 474 409 329 465 275 331 357 568 3003 1266 372 388 1829
internal_value=-0.000348154 0.000193955 -0.000768899 7.28898e-05 -0.00073988 -0.00132841 -0.0244157 -0.000117868 -0.00073881 0.000168901 0.00307727 0.00799345 0.00518113 0.00808777
internal_weight=5198.54 5080.78 4865.31 4684.78 4538.9 4392.63 217.89 4174.74 4058.81 3872.18 2394.7 1369.49 1241.65 1118.25
internal_count=14386 13997 13523 13114 12785 12320 606 11714 11357 10789 6858 3855 3483 3095
is_linear=0
shrinkage=0.05


Tree=246
num_leaves=15
num_cat=0
split_feature=24 14 19 24 76 52 76 64 26 61 6 41 52 41
split_gain=33.732 23.0097 42.1269 19.3683 20.0774 45.1566 43.6774 40.7878 50.3862 53.4797 48.4239 38.5971 34.425 33.9878
threshold=-5.6782499999999985 0.78522727272727288 17.690476190476193 -3.8449999999999993 1.0479653905419852 266.80909090909097 0.99292932109719645 77.500000000000014 15.500000000000002 45.250000000000007 5.1645667775152457 112.50000000000001 290.03125000000006 42.000000000000007
decision_type=8 10 10 8 10 10 10 8 2 2 8 10 10 8
left_child=-1 2 3 -2 6 7 13 10 9 -9 11 -6 -7 -5
right_child=1 -3 -4 4 5 12 -8 8 -10 -11 -12 -13 -14 -15
leaf_value=-0.026439213516465967 0.015188930828098607 -0.021103579145897566 0.027301672709589931 -0.017848454093570092 0.015806165199240267 -0.038810677433192525 0.023742346067001055 0.0019019351144569611 -0.013663622230453261 0.041887734369982679 -0.029476013362084292 -0.017612455286912711 -0.0028320883698114332 0.0010345696863687094
leaf_weight=125.73361030966043 186.54142152518034 128.83490510284901 138.55009251087904 259.11800495535135 189.47939550876617 164.46307015419006 195.79125237464905 187.69955810904503 168.63048136234283 149.95243027806282 215.80570502579212 157.12788985669613 111.42531681060791 2839.8107429295778
leaf_count=406 520 360 400 780 382 422 447 372 328 327 476 309 363 8511
internal_value=-0.000958705 -0.000324616 0.000218777 -0.000564269 -0.00120082 -0.00634727 0.000900744 -0.00168334 0.00860306 0.019731 -0.010942 0.000649378 -0.0243424 -0.000549589
internal_weight=5218.96 5093.23 4964.4 4825.85 4639.3 1344.58 3294.72 1068.7 506.282 337.652 562.413 346.607 275.888 3098.93
internal_count=14403 13997 13637 13237 12717 2979 9738 2194 1027 699 1167 691 785 9291
is_linear=0
shrinkage=0.05


Tree=247
num_leaves=15
num_cat=0
split_feature=77 6 64 61 53 3 41 49 57 75 29 30 69 75
split_gain=26.3281 60.4138 86.1665 55.7175 25.0668 48.6814 31.7524 42.2993 46.4581 32.5995 48.5626 28.7911 56.2484 26.2778
threshold=0.67980312942495924 5.8309059168286606 89.500000000000014 44.750000000000007 1.5773809523809526 12.57735042735043 72.000000000000014 10.500000000000002 237.03125000000003 11.315000000000003 0.10869366614528571 0.47994723397736089 0.012702583645788515 8.6350000000000033
decision_type=10 8 8 2 8 8 8 2 2 10 8 10 2 10
left_child=4 -2 3 -3 5 13 7 9 -9 10 -6 -8 -13 -1
right_child=1 2 -4 -5 6 -7 11 8 -10 -11 -12 12 -14 -15
leaf_value=0.0066251480708614087 0.038003253882365327 0.003877934573287424 0.025627057290316758 -0.040655756437690302 -0.02533093411188472 0.036452006363519196 -0.0017230350920691782 0.029886201616832298 -0.017166212312822001 -0.038910623145713433 0.019113416649070628 -0.0081072743568631773 0.041360212451004012 -0.019473171684397581
leaf_weight=545.19984848797321 147.50978438556194 153.43520845472813 212.19413310289383 128.28090301156044 186.10297261923552 120.54143685102463 2886.8546553999186 102.43571828305721 105.51986543089151 163.67689900100231 90.658469349145889 114.22978281974792 114.08725333958864 116.14348109066486
leaf_count=1598 374 342 459 332 589 385 8009 259 360 369 324 316 317 271
internal_value=0.000565868 0.0100406 0.00162942 -0.0164728 -0.000773047 0.00736753 -0.00246577 -0.0125232 0.00604319 -0.0212833 -0.0107559 -0.000369056 0.0166836 0.00201935
internal_weight=5186.87 641.42 493.91 281.716 4545.45 781.885 3763.57 648.394 207.956 440.438 276.761 3115.17 228.317 661.343
internal_count=14304 1507 1133 674 12797 2254 10543 1901 619 1282 913 8642 633 1869
is_linear=0
shrinkage=0.05


Tree=248
num_leaves=15
num_cat=0
split_feature=39 50 13 58 80 39 6 77 46 55 20 15 36 46
split_gain=21.2122 36.1867 18.7025 62.9665 51.5833 49.566 46.7215 43.6222 41.6126 19.5946 49.0808 20.4331 44.0906 29.1749
threshold=22.104038329911024 21.888333333333339 0.50007440345208287 17.97058823529412 14.819821026549834 28.335386721423685 5.7978204704764496 0.77461471706257401 62.090073529411775 18.571507352941179 0.51666666666666683 0.13696377638880389 0.077778933336185949 59.000000000000007
decision_type=2 10 10 2 2 2 8 8 2 2 8 8 10 2
left_child=1 -1 4 -4 9 6 -5 8 -8 10 -2 12 -11 -13
right_child=2 -3 3 5 -6 -7 7 -9 -10 11 -12 13 -14 -15
leaf_value=0.0055432578588882255 -0.0071453160269006281 -0.030269945315109015 0.041776483805340492 0.029437228077529631 -0.029877383567055535 -0.026942623672142302 -0.03365326512088819 0.020479866322284039 0.0036682440333683959 0.0012364584157505611 0.033926075255776608 0.016508681951254583 0.033357376264211841 -0.0041508001452102393
leaf_weight=132.26556544750929 149.80153011530638 149.48420161008835 113.4918909445405 176.2883532717824 146.4816971719265 122.92056397348642 126.0465487241745 158.73951023817062 180.80382624268532 695.83512561023235 139.87902296334505 181.8842206299305 125.23040172457695 2608.4108047857881
leaf_count=324 364 423 310 429 393 319 271 562 470 2022 355 425 341 7349
internal_value=-0.00017941 -0.0134975 0.000584953 0.00719445 -0.000850696 0.00201482 0.00759349 -0.000722662 -0.011722 0.000246616 0.0127355 -0.000758408 0.00617022 -0.00279869
internal_weight=5207.56 281.75 4925.81 878.291 4047.52 764.799 641.878 465.59 306.85 3901.04 289.681 3611.36 821.066 2790.3
internal_count=14357 747 13610 2361 11249 2051 1732 1303 741 10856 719 10137 2363 7774
is_linear=0
shrinkage=0.05


Tree=249
num_leaves=15
num_cat=0
split_feature=4 5 12 27 11 30 77 75 39 53 25 75 75 17
split_gain=24.3543 42.4991 30.7078 44.8862 35.0624 32.2345 16.7009 19.593 67.7565 62.8794 73.6256 45.0123 29.889 19.9635
threshold=21.771300563860702 19.616666666666671 0.62907754052911258 16.60588235294118 0.10152834583326184 0.59413660263475332 0.7204765605227702 9.7350000000000012 27.201916495550993 2.6547619047619051 0.097499999999999976 8.7150000000000016 7.9850000000000012 1.2928571428571431
decision_type=10 10 10 10 10 10 10 10 2 10 8 10 10 10
left_child=1 2 3 5 -4 6 7 11 9 10 -9 12 13 -1
right_child=-2 -3 4 -5 -6 -7 -8 8 -10 -11 -12 -13 -14 -15
leaf_value=0.0002142266512008796 0.019398971349197457 -0.030022792288442453 -0.0022227464296043103 -0.026224983241350704 0.038505814532336674 0.022038714523504005 -0.017463243749251674 0.013779630192276883 0.036640454560422191 0.023816868231402583 -0.033105421321670367 -0.028254312775698405 0.022823657952511817 -0.0098581230074956915
leaf_weight=2727.5474379807711 149.20297506451607 122.32923865318298 104.47156219929457 170.8525405600667 105.7137877419591 156.39836872369051 147.6451920568943 143.09394928812981 152.23425310850143 166.72890897095203 199.36560589075089 153.66293288767338 129.13972899317741 599.18385778367519
leaf_count=7513 409 337 310 431 308 446 424 361 321 406 463 354 297 2087
internal_value=-0.000443354 -0.00103003 -0.000308491 -0.00113841 0.0183472 -0.00019603 -0.000987847 -0.000414345 0.00749027 -0.00127962 -0.0135318 -0.00186449 -0.000683246 -0.00160234
internal_weight=5227.57 5078.37 4956.04 4745.85 210.185 4575 4418.6 4270.96 661.423 509.188 342.46 3609.53 3455.87 3326.73
internal_count=14467 14058 13721 13103 618 12672 12226 11802 1551 1230 824 10251 9897 9600
is_linear=0
shrinkage=0.05


Tree=250
num_leaves=15
num_cat=0
split_feature=51 75 36 51 65 21 75 19 73 33 53 19 22 33
split_gain=18.5807 58.9311 72.8478 39.62 39.6417 75.8038 81.4038 43.8158 92.4969 74.2048 38.2579 44.2164 38.4925 33.3536
threshold=4.6621066498296821 13.795000000000002 0.42079278974386003 4.3760753814676958 3.5000000000000004 6.1274044795783933 2.6850000000000005 9.3452380952380967 7.5000000000000009 3.3541666666666665 3.1602564102564106 5.1483516483516496 0.79674258474576287 4.0588235294117654
decision_type=10 10 10 10 10 10 10 10 2 8 10 10 10 10
left_child=3 2 10 4 7 13 -7 -1 -9 -10 11 -2 -13 -6
right_child=1 -3 -4 -5 5 6 -8 8 9 -11 -12 12 -14 -15
leaf_value=0.0014438414128838922 -0.0061216927072007821 0.031585278710068283 -0.034329092885986255 -0.011696155466091637 0.0019905999425178437 0.00058062283660319561 -0.059870085927826916 0.04836203681044271 -0.029049222352703036 0.027625205708043457 0.030241897227123407 -0.00074605906896971729 0.039923307166199143 -0.025089601081150572
leaf_weight=1085.7611488774419 563.58441903442144 180.07281412184238 129.0956142321229 802.96257057785988 1312.3708212673664 104.43904634565115 118.2653736770153 172.01094807684422 111.95376190543175 117.18921853601933 133.8630615696311 115.22336382418871 116.44946502149105 123.48196494579315
leaf_count=2960 1446 408 337 2119 3914 469 285 443 320 321 397 339 272 310
internal_value=-0.000114404 0.00522698 0.000716095 -0.00179044 0.00074116 -0.00457231 -0.0316454 0.00666708 0.0207655 -7.04669e-05 0.00561708 0.0014393 0.01978 -0.000354112
internal_weight=5186.72 1238.29 1058.22 3948.43 3145.47 1658.56 222.704 1486.92 401.154 229.143 929.12 795.257 231.673 1435.85
internal_count=14340 3199 2791 11141 9022 4978 754 4044 1084 641 2454 2057 611 4224
is_linear=0
shrinkage=0.05


Tree=251
num_leaves=15
num_cat=0
split_feature=27 27 5 5 52 76 47 33 75 9 29 75 46 8
split_gain=36.2081 18.4181 32.4578 25.9718 22.0294 64.1602 25.2022 26.9538 24.339 60.2936 29.996 20.4706 28.9446 24.0873
threshold=20.137500000000003 17.300833333333337 19.416666666666671 17.116666666666671 176.12500000000003 1.1017221703030087 0.54607692307692324 1.0294117647058827 13.455000000000002 14.825083333333335 0.12537467065258481 3.6150000000000007 67.264705882352956 3.9513382852051442
decision_type=10 10 10 10 10 10 2 10 10 10 10 8 2 8
left_child=1 2 3 4 5 6 -1 -8 10 -10 11 13 -13 -6
right_child=-2 -3 -4 -5 8 -7 7 -9 9 -11 -12 12 -14 -15
leaf_value=0.018752959032870387 -0.028594753316533342 0.016719967495573761 -0.021458968462871677 0.021590968507746215 0.0008847513845351995 0.039163679639724391 0.0033054978653872611 -0.02696655506218831 -0.037697771454990266 0.007240693704137941 0.023259710255945157 -0.0053351265328197648 0.017486657814417123 0.019632073743130269
leaf_weight=124.11655756831169 110.01839408278465 163.64813645929098 173.49413374811411 140.59053421765566 1014.1666896939278 133.95025490224361 200.93850708752871 114.80147557705641 148.04021801054478 148.98130068182945 128.74909307062626 2228.0464404225349 147.20277532935143 205.19354976713657
leaf_count=274 302 430 485 359 2278 269 540 299 359 343 441 6754 677 503
internal_value=-0.000347662 0.000270581 -0.000281157 0.000499218 -0.000150786 0.0090051 -0.000247141 -0.00775166 -0.00145947 -0.0152087 -0.000358873 -0.00121106 -0.00391401 0.00405305
internal_weight=5181.94 5071.92 4908.27 4734.78 4594.19 573.807 439.857 315.74 4020.38 297.022 3723.36 3594.61 2375.25 1219.36
internal_count=14313 14011 13581 13096 12737 1382 1113 839 11355 702 10653 10212 7431 2781
is_linear=0
shrinkage=0.05


Tree=252
num_leaves=15
num_cat=0
split_feature=12 33 54 29 12 20 19 5 70 62 76 28 28 57
split_gain=33.3749 30.9738 27.9593 105.374 43.9912 68.025 26.2863 35.1558 21.1808 36.7749 24.6787 18.7976 39.0323 15.8064
threshold=0.71429417177499033 5.854166666666667 27.516666666666669 0.12250803269234074 0.45158384161816667 1.2613636363636365 17.851648351648354 17.716666666666672 0.0096452839099897946 22.125000000000004 0.93233742103307327 15.83472549019608 13.552041666666668 235.82352941176472
decision_type=10 10 8 10 10 10 10 10 2 2 10 10 10 2
left_child=1 2 6 4 5 8 7 11 10 -10 13 12 -1 -4
right_child=-2 -3 3 -5 -6 -7 -8 -9 9 -11 -12 -13 -14 -15
leaf_value=-0.0024045638925145126 -0.027844143953282496 -0.026794806888684203 -0.01303825599611083 0.052589002782285524 -0.027905612755026666 0.03533018635680886 0.02161247196492844 -0.023546020632443515 -0.0080132119869909656 0.027423800640969293 -0.022690985761840737 -0.018626993611615184 0.020631636295073166 0.0078904605197367399
leaf_weight=3084.8524553328753 115.11597234755754 110.50372509658337 138.48912232369184 111.21529769897461 111.44755066931248 155.74157471209764 110.58720494061708 196.39791525900364 140.67492828518152 150.86399305611849 161.01548640429974 158.17777406424284 194.53720064461231 254.40901412814856
leaf_count=8576 393 258 315 306 310 441 303 526 365 411 366 445 482 818
internal_value=-0.0013392 -0.000733094 -0.000148173 0.00640957 0.00175058 0.0050763 -0.00229262 -0.00302584 -0.000531955 0.0103556 -0.00627069 -0.00184696 -0.00103216 0.000499113
internal_weight=5194.03 5078.91 4968.41 1223.86 1112.64 1001.19 3744.55 3633.97 845.453 291.539 553.914 3437.57 3279.39 392.898
internal_count=14315 13922 13664 3332 3026 2716 10332 10029 2275 776 1499 9503 9058 1133
is_linear=0
shrinkage=0.05


Tree=253
num_leaves=15
num_cat=0
split_feature=12 77 25 25 58 58 53 3 51 31 13 62 78 58
split_gain=31.3972 32.1716 60.997 75.6019 77.5244 47.9144 30.9401 29.2499 28.6424 27.0403 25.2189 43.1348 32.9662 29.5569
threshold=0.71429417177499033 0.54625503206922688 0.033333333333333298 -0.086666666666666628 20.93933823529412 20.909926470588239 2.4641025641025647 13.023214285714287 4.2906721262358944 0.57614583333333347 0.20289022947248539 26.625000000000004 1.5000000000000002 21.558823529411772
decision_type=10 10 10 10 2 2 8 10 8 10 10 2 10 2
left_child=1 7 3 4 -3 -4 -6 9 -9 10 -1 12 13 -12
right_child=-2 2 5 -5 6 -7 -8 8 -10 -11 11 -13 -14 -15
leaf_value=0.00095264160465170777 -0.02564736868219214 -0.022340421523425087 0.015094998604082227 0.039724694899613937 0.0040088313666131583 -0.021359838721545104 0.036951634189135336 -0.0038360009798547204 -0.043224317587108235 0.019389825309723926 0.036568176884879226 -0.039132438202752175 -0.010928065880503605 -0.0029107968648096386
leaf_weight=2873.1493216380477 114.73706581443548 163.08030858635902 143.80043567717075 241.84275245666504 140.36058777570724 238.06392072141171 144.38492964208126 109.27389940619469 79.180161520838737 164.17240110784769 78.036828055977821 102.33434931188822 549.87037275731564 118.14369067549706
leaf_count=7927 387 346 323 534 301 574 311 449 286 510 348 328 1321 570
internal_value=0.000106984 0.000686118 0.00839091 0.0172588 0.00506495 -0.0076283 0.0207839 -0.00134186 -0.0205261 -0.000406397 -0.00128466 -0.00885375 -0.00465366 0.012899
internal_weight=5260.43 5145.69 1071.53 689.669 447.826 381.864 284.746 4074.16 188.454 3885.71 3721.53 848.385 746.051 196.181
internal_count=14515 14128 2389 1492 958 897 612 11739 735 11004 10494 2567 2239 918
is_linear=0
shrinkage=0.05


Tree=254
num_leaves=15
num_cat=0
split_feature=44 52 12 28 80 79 27 76 5 77 75 25 7 29
split_gain=26.6257 58.2635 57.0557 43.9757 40.1702 57.5844 37.7465 24.6567 22.6918 67.2401 53.3769 51.62 38.8043 31.0137
threshold=0.52750921866113865 255.6396103896104 0.28616732174655918 13.160833333333334 15.340673859852911 0.39243744134653241 17.380357142857147 1.1261409581736264 16.541666666666671 0.63601507761089293 11.545000000000002 0.038750000000000041 12.671680555555556 0.049198704133694225
decision_type=8 10 10 10 2 8 8 10 8 8 10 8 10 10
left_child=1 3 -3 7 8 6 -6 -1 10 -10 12 -12 13 -2
right_child=4 2 -4 -5 5 -7 -8 -9 9 -11 11 -13 -14 -15
leaf_value=-0.0045132709097839311 0.0019086099730918423 -0.0055371337047835957 0.038564814743579097 -0.040769878340638298 0.019543815982165133 0.046101498698742471 -0.017502019055546728 -0.028369536124971725 -0.00035304949634710684 0.040870669589136162 0.0011613066451955142 -0.036800998452196587 0.026113655617889538 -0.010059576992494592
leaf_weight=478.15723760426044 1818.9459110796452 213.68525624275208 110.49542366713285 141.5647756010294 159.65781067311764 111.42860620468855 119.23908188939095 139.23241287469864 506.01529024541378 121.94791341573 155.86026540398598 209.28145691752434 131.26548822969198 769.48895369470119
leaf_count=1091 5318 638 304 282 411 326 328 255 1138 535 365 506 523 2331
internal_value=-0.00118701 -0.00815598 0.00956717 -0.0157289 0.000654178 0.015891 0.00369936 -0.00993046 -0.000951513 0.00770468 -0.00271553 -0.0206379 -0.000302602 -0.0016518
internal_weight=5186.27 1083.14 324.181 758.954 4103.13 390.325 278.897 617.39 3712.81 627.963 3084.84 365.142 2719.7 2588.43
internal_count=14351 2570 942 1628 11781 1065 739 1346 10716 1673 9043 871 8172 7649
is_linear=0
shrinkage=0.05


Tree=255
num_leaves=15
num_cat=0
split_feature=10 8 8 27 33 75 14 8 65 18 4 54 76 75
split_gain=32.4324 34.3719 33.9929 41.774 54.0381 25.0318 19.2165 20.2927 28.7147 37.473 24.9351 59.923 24.0334 17.6916
threshold=0.1701084563153529 18.621687943290542 16.951656347044068 17.300833333333337 4.4660633484162897 14.965000000000002 0.6412916666666667 11.717776591990857 5.5000000000000009 2.7928571428571431 9.9162064324966348 22.258333333333336 0.93038448464705226 3.7950000000000004
decision_type=10 10 10 10 10 10 10 10 10 10 10 10 10 8
left_child=1 2 3 4 5 6 7 10 9 -9 13 -12 -10 -1
right_child=-2 -3 -4 -5 -6 -7 -8 8 12 -11 11 -13 -14 -15
leaf_value=0.0050351877317018675 -0.019915430299152451 0.027190584218473885 -0.024341575833154216 0.031638346278888167 -0.031694532983747387 0.021882964558669518 0.020854722510288165 -0.042886676409824666 -0.013145111833313353 -0.0029587717377336006 0.044384208249723771 -0.007359681028597998 0.021274409856511262 -0.0021394032300603365
leaf_weight=1425.8291948884726 180.06695462763309 127.11013492196798 128.30163001269102 112.2986181229353 122.70483980327845 149.033781260252 118.85955645143986 108.51190096884966 99.578388094902039 127.15190637111664 108.34872967004776 114.08388666808605 101.36182254552841 2159.0216402336955
leaf_count=3184 579 383 345 308 270 347 306 326 360 337 324 340 242 6674
internal_value=0.000873188 0.00162536 0.000953347 0.00164203 0.000908519 0.00180204 0.0011112 0.000553459 -0.00964388 -0.0214472 0.00172507 0.017931 0.00423676 0.000714808
internal_weight=5182.26 5002.2 4875.09 4746.78 4634.49 4511.78 4362.75 4243.89 436.604 235.664 3807.28 222.433 200.94 3584.85
internal_count=14325 13746 13363 13018 12710 12440 12093 11787 1265 663 10522 664 602 9858
is_linear=0
shrinkage=0.05


Tree=256
num_leaves=15
num_cat=0
split_feature=14 77 22 22 33 45 43 43 43 42 4 9 0 41
split_gain=21.8191 71.7301 20.6103 33.5989 54.9545 27.9711 28.0401 32.4278 33.2069 31.4776 55.0842 43.2891 30.7531 33.382
threshold=0.12763888888888894 0.13864372140994916 0.86512474012474028 0.82807881773399028 2.7963800904977378 14.930288461538463 58.303846153846159 59.88194444444445 64.577380952380963 10.500000000000002 14.102943725152288 12.241666666666669 8.5000000000000018 66.500000000000014
decision_type=8 10 8 10 8 10 10 10 8 2 10 10 2 8
left_child=1 -1 3 5 -5 -2 -7 -8 12 10 -10 -11 13 -9
right_child=2 -3 -4 4 -6 6 7 8 9 11 -12 -13 -14 -15
leaf_value=0.0013792365369416845 0.022987392611732174 0.042876915318736622 -0.005359635372327462 -0.002727998045658599 0.037754535645508798 -0.017491462851802298 0.019512710927234906 -0.038128578271973732 0.0047841006836904752 0.008217652368578127 0.048158071307899633 -0.034838812197340703 0.0010364485159296071 -0.0087673775378815932
leaf_weight=716.38381238281727 116.72065162658691 120.86069746315479 1869.823804102838 178.30590360611677 157.01029360294342 256.76954177767038 191.88702104985714 134.76498515158892 313.42304760962725 158.57558335363865 94.61310388892889 91.128870353102684 453.3474145680666 340.53037287294865
leaf_count=2084 320 267 4691 504 399 525 495 394 1107 558 314 284 1356 1067
internal_value=2.60932e-05 0.00741365 -0.00139491 0.00158678 0.0162837 -0.000709982 -0.00207978 0.000154139 -0.00219827 0.00639167 0.0149346 -0.00757196 -0.00828269 -0.017155
internal_weight=5194.15 837.245 4356.9 2487.08 335.316 2151.76 2035.04 1778.27 1586.38 657.741 408.036 249.704 928.643 475.295
internal_count=14365 2351 12014 7323 903 6420 6100 5575 5080 2263 1421 842 2817 1461
is_linear=0
shrinkage=0.05


Tree=257
num_leaves=15
num_cat=0
split_feature=15 6 33 48 43 15 64 55 19 75 15 80 47 76
split_gain=21.8428 49.638 73.8291 45.8072 38.2253 34.9784 29.9399 21.9567 55.1119 38.7903 39.9384 37.6256 31.4256 21.0251
threshold=0.60164556928835122 9.3342638668734086 4.6018099547511309 20.029411764705888 54.396103896103902 0.55573455273571815 79.500000000000014 27.395955882352947 9.8944444444444475 13.455000000000002 0.48519576268472359 4.4775664756127567 0.57107630620178718 1.3610336520913937
decision_type=10 8 8 2 8 10 8 2 8 10 10 2 2 10
left_child=4 2 3 -2 -1 7 -5 9 11 10 13 -9 -12 -6
right_child=1 -3 -4 6 5 -7 -8 8 -10 -11 12 -13 -14 -15
leaf_value=0.022486205044336065 0.027386775243821573 -0.013184611711190159 0.045027934117020177 -0.024707026202763018 -0.00073615608322414022 -0.021169067251353531 0.0095153993537149158 0.013174449749969955 0.041909690635112948 -0.024407139860378416 -0.002380575804397708 -0.025400648184470451 0.034687238614641146 -0.012174702679089211
leaf_weight=164.05115137994289 138.19472999870777 199.60066299140453 154.68680718541145 131.94469138979912 2793.4947613701224 225.24306806921959 122.29214093834162 167.98382475972176 101.06541962176561 184.62114982306957 98.948645107448101 99.99533848464489 134.05506283789873 468.24095141887665
leaf_count=352 360 533 435 351 8142 574 304 551 328 439 245 350 450 986
internal_value=0.000206869 0.00811269 0.0158923 0.00432248 -0.00112495 -0.00203635 -0.00827269 -0.00096689 0.0106432 -0.00213397 -0.000950672 -0.00126061 0.0190029 -0.00238145
internal_weight=5184.42 746.719 547.118 392.432 4437.7 4273.65 254.237 4048.41 369.045 3679.36 3494.74 267.979 233.004 3261.74
internal_count=14400 1983 1450 1015 12417 12065 655 11491 1229 10262 9823 901 695 9128
is_linear=0
shrinkage=0.05


Tree=258
num_leaves=15
num_cat=0
split_feature=28 56 5 4 79 28 28 60 75 24 52 46 58 53
split_gain=20.2615 42.6649 37.8883 51.5629 49.9337 30.023 17.7246 16.3137 48.0037 24.0138 22.2818 25.8619 32.9949 20.6189
threshold=16.860562500000004 4.3200201955782322 18.050000000000004 15.00331016294569 0.030264013994012278 15.056290849673205 13.988631250000003 -5.2499999999999991 9.6550000000000029 4.3773125000000004 221.43750000000003 63.878676470588239 24.843750000000004 2.8153409090909096
decision_type=10 2 10 10 10 10 10 2 10 10 8 2 2 10
left_child=2 -2 3 5 -4 6 7 8 10 13 -1 12 -12 -9
right_child=1 -3 4 -5 -6 -7 -8 9 -10 -11 11 -13 -14 -15
leaf_value=-0.014836491213631911 0.030334393968603404 -0.0061368760207724873 0.0031523396567097353 0.026826816915990221 -0.040387910369299874 -0.018585413580560463 0.020381308970613438 -0.0026874849979947168 0.038050548963891352 -0.018738299253134555 0.014612782513871776 0.021714436737979369 -0.013633284354994335 0.0061253771073700031
leaf_weight=151.38433153182268 169.73042379319668 150.67185328155756 134.09323054552078 188.80338135361671 128.13453309237957 201.64856663346291 115.07963514328003 2175.0314319804311 105.94509766995907 179.85088054090738 192.42394778877497 191.09291248768568 221.10992959141731 953.96764511615038
leaf_count=352 483 394 415 504 286 526 284 5984 275 537 543 619 638 2571
internal_value=0.00105336 0.0132177 0.00026165 0.00130032 -0.0181957 0.000220613 0.00110956 0.000573057 0.00669563 -0.00102342 0.00225719 0.00655447 -0.000486391 4.7448e-07
internal_weight=5258.97 320.402 4938.57 4676.34 262.228 4487.53 4285.89 4170.81 861.956 3308.85 756.011 604.627 413.534 3129
internal_count=14411 877 13534 12833 701 12329 11803 11519 2427 9092 2152 1800 1181 8555
is_linear=0
shrinkage=0.05


Tree=259
num_leaves=15
num_cat=0
split_feature=18 79 17 76 64 33 17 24 13 75 9 43 14 25
split_gain=42.2613 39.7764 30.9511 29.6345 25.697 59.1992 32.0914 29.4374 35.0265 38.6382 40.8318 47.5557 35.8504 44.4899
threshold=4.9045454545454552 -0.063623252670466743 3.379807692307693 0.97144389944819143 37.500000000000007 1.2613636363636365 0.63068181818181823 -2.099499999999999 0.61054047200296868 13.525 9.0972500000000007 57.809090909090919 0.26639610389610396 0.01639610389610394
decision_type=10 8 10 10 8 10 10 10 10 10 10 8 8 10
left_child=2 -2 4 -3 5 6 -1 -6 9 10 11 -9 -13 -14
right_child=1 3 -4 -5 7 -7 -8 8 -10 -11 -12 12 13 -15
leaf_value=0.015679787502099807 0.0075316011658316728 -0.013991219596426647 0.022332068739229841 -0.052094404884462354 0.0029831607353536377 0.040608562627000057 -0.020694947219453974 0.025495988029403824 -0.0288584229134018 0.022469099008645143 -0.020191350549948944 -0.010161007962036771 -0.0090166989222954484 0.025762634771578391
leaf_weight=126.60213799029589 101.98941715061665 119.54640225321054 162.76469652354717 89.416791632771492 2330.2383645921946 125.55636011064053 114.54633427411318 145.35875179618597 144.88123877346516 132.88302446901798 367.44815114140511 870.53059028089046 182.2450167760253 183.80395185947418
leaf_count=377 306 500 459 231 6104 331 321 310 410 309 1076 2549 507 493
internal_value=-0.000176401 -0.0180192 0.000962395 -0.0304663 0.00022155 0.0129148 -0.00161244 -0.000849391 -0.00525426 -0.00342305 -0.00540153 -0.00145726 -0.00464363 0.00846964
internal_weight=5197.81 310.953 4886.86 208.963 4724.09 366.705 241.148 4357.39 2027.15 1882.27 1749.39 1381.94 1236.58 366.049
internal_count=14283 1037 13246 731 12787 1029 698 11758 5654 5244 4935 3859 3549 1000
is_linear=0
shrinkage=0.05


Tree=260
num_leaves=15
num_cat=0
split_feature=14 52 24 54 24 77 11 75 75 28 79 9 26 50
split_gain=37.1093 33.4311 25.8307 39.0673 23.9605 45.9514 48.2509 31.7022 31.9577 33.6876 55.5527 49.5967 28.104 28.247
threshold=0.73055555555555574 240.03333333333336 6.1053636363636388 22.881944444444446 2.2398392857142855 0.75350123834959859 0.15426653068291402 15.295000000000002 13.705000000000002 12.564366071428573 0.2708444108521208 10.713833333333335 14.500000000000002 22.940833333333337
decision_type=10 10 10 10 10 10 10 10 10 10 10 10 2 10
left_child=2 -2 4 -4 5 6 7 8 9 -1 11 -11 13 -6
right_child=1 -3 3 -5 12 -7 -8 -9 -10 10 -12 -13 -14 -15
leaf_value=0.00014486107687683268 -0.0017818437360814206 -0.037507066919836046 -0.0038094284111438986 0.040912770629591207 -0.014079538115938532 0.030094278503355193 -0.031506217915949868 0.026005467062916583 -0.024051326603896053 -0.018561904930033582 0.041355570604555296 0.024338674879364995 -0.025212875466375958 0.017102487821017653
leaf_weight=3358.4120093733072 145.8972534313798 117.9690608009696 94.667835846543312 99.514695309102535 163.6402443498373 138.12418007850647 110.90492191165686 129.65733751654625 122.60535332560539 138.4543434754014 135.68790648877621 129.34357553720474 184.28029018640518 128.95537966489792
leaf_count=9280 313 354 304 312 446 376 369 296 261 432 243 434 481 418
internal_value=0.000397452 -0.0178351 0.00137588 0.019202 0.000641719 0.00183139 0.000877964 0.00178031 0.000965237 0.00178674 0.0154187 0.00217208 -0.00997528 -0.000325272
internal_weight=5198.11 263.866 4934.25 194.183 4740.07 4263.19 4125.07 4014.16 3884.5 3761.9 403.486 267.798 476.876 292.596
internal_count=14319 667 13652 616 13036 11691 11315 10946 10650 10389 1109 866 1345 864
is_linear=0
shrinkage=0.05


Tree=261
num_leaves=15
num_cat=0
split_feature=4 30 44 65 30 58 65 25 46 42 44 42 13 75
split_gain=22.2892 24.7137 22.7624 28.1368 26.1285 40.0044 61.6376 28.5484 25.5696 21.9293 38.8418 28.4277 81.1654 47.9642
threshold=21.771300563860702 0.63812037107892305 0.52693238951649979 4.5000000000000009 0.49864249756866408 23.97058823529412 12.500000000000002 -0.14472222222222217 65.27389705882355 14.500000000000002 0.58939271422943762 2.5000000000000004 0.09430357440249941 6.4450000000000012
decision_type=10 10 8 10 10 2 8 8 2 2 10 2 10 10
left_child=1 2 3 -1 7 6 -6 -4 -5 11 -11 12 -9 -13
right_child=-2 -3 4 8 5 -7 -8 9 -10 10 -12 13 -14 -15
leaf_value=-0.015429232232510991 0.019175801752670096 -0.018612407693856452 -0.018500731447795817 0.0078721371064034984 0.04234907734555144 -0.0073088727567932514 -0.0012373210360479506 0.0045277286764759611 -0.017224415173140838 0.0049522519620456805 -0.029448500096919857 0.0007132460243160758 -0.033888426496321108 0.016806004625131928
leaf_weight=467.51382144540548 147.94255273789167 179.58711604773998 187.76154065132141 392.41715132445097 180.06586511433125 165.20776462554932 146.8327389061451 508.79558414965868 135.78485794365406 180.18910823762417 149.29374094307423 1471.242842875421 187.31470324844122 674.71406461298466
leaf_count=1095 413 556 541 841 482 496 375 1316 379 413 418 4803 508 1656
internal_value=0.000113836 -0.000450883 0.000225704 -0.00650919 0.00196813 0.0127158 0.0228273 0.000390379 0.00140021 0.00151425 -0.0106772 0.00293087 -0.00584337 0.00577847
internal_weight=5174.66 5026.72 4847.13 995.716 3851.42 492.106 326.899 3359.31 528.202 3171.55 329.483 2842.07 696.11 2145.96
internal_count=14292 13879 13323 2315 11008 1353 857 9655 1220 9114 831 8283 1824 6459
is_linear=0
shrinkage=0.05


Tree=262
num_leaves=15
num_cat=0
split_feature=19 3 76 53 36 80 36 7 19 11 24 9 13 53
split_gain=25.677 44.0163 23.182 58.5755 35.1569 26.0594 69.4091 52.9534 33.332 47.0875 43.0647 50.0214 37.7243 32.2449
threshold=19.174242424242429 19.120000000000005 1.4960916030534352 2.9687500000000004 0.18315080298836214 14.819821026549834 0.62449765892407805 14.327041666666668 9.8944444444444475 0.096484109118185307 -1.6412142857142864 12.389666666666669 0.35816881204764439 2.3229166666666674
decision_type=10 10 10 10 10 2 10 10 10 10 8 10 10 8
left_child=1 2 5 4 -4 6 7 8 12 10 -10 -12 -1 -7
right_child=-2 -3 3 -5 -6 13 -8 -9 9 -11 11 -13 -14 -15
leaf_value=-0.00036925150403210915 -0.023031547741847774 0.026531922644580083 -0.014932186843339981 0.037214220103722627 0.01471870603263622 -0.032521533254275085 0.037382753415311117 -0.025856541767835306 -0.019417318184017415 0.042636438336323142 0.035305878140113246 -0.0083399699619745703 -0.029007968983718619 -0.0014723083426314391
leaf_weight=3127.7353120520711 111.24792324006557 164.20521172881126 195.92030720412731 144.28795556724072 202.05928310751915 139.62224918603897 120.86612064391375 201.14414595812559 125.65999517589808 101.81380125135183 147.39191111922264 117.15915075689554 118.37838320434093 206.52297654747963
leaf_count=8894 336 427 422 289 456 368 274 556 383 276 450 354 360 519
internal_value=0.000624474 0.0011436 0.000295969 0.0100413 0.000121107 -0.000905359 0.000218807 -0.000930665 0.000417119 0.0125306 0.00458644 0.0160182 -0.00142225 -0.014054
internal_weight=5224.01 5112.77 4948.56 542.268 397.98 4406.29 4060.15 3939.28 3738.14 492.025 390.211 264.551 3246.11 346.145
internal_count=14364 14028 13601 1167 878 12434 11547 11273 10717 1463 1187 804 9254 887
is_linear=0
shrinkage=0.05


Tree=263
num_leaves=15
num_cat=0
split_feature=6 54 46 46 19 8 56 29 54 14 75 15 75 79
split_gain=24.1913 49.3 54.9952 53.4737 49.2778 40.9532 36.1197 19.9833 54.2435 26.6261 35.2158 22.4505 35.6559 18.8243
threshold=7.7792458194313898 18.433035714285719 62.849264705882355 65.485294117647072 14.966666666666669 15.411371466622183 4.1437127301011154 0.12293258066747806 23.75961538461539 0.53522727272727277 12.805000000000001 0.47850016583255267 8.7950000000000017 0.074017389579158599
decision_type=10 10 2 2 10 10 2 10 8 10 10 10 10 10
left_child=4 -2 -3 -4 5 7 -6 9 -9 10 11 12 13 -1
right_child=1 2 3 -5 6 -7 -8 8 -10 -11 -12 -13 -14 -15
leaf_value=-0.0030946270590633735 0.017674014166691621 -0.034111251704201435 0.016367785524607863 -0.030672992874197974 -0.0012317123158217598 -0.029743061124241712 0.031725975272332257 -0.010715188938343015 0.039998728784877702 -0.016521610182224807 0.028056582179098667 0.018430429327886595 -0.018743302355511089 0.004645387245996088
leaf_weight=1659.8193380013108 133.34288731962442 232.49456507712603 165.87635058909655 93.695217147469521 133.84507254511118 113.3083057180047 218.09689003974199 101.07285522669554 108.47085938602686 234.16745588928461 114.06824764609337 156.1464414820075 257.69721418619156 1489.6110888719559
leaf_count=5606 359 592 507 326 371 297 567 305 323 576 271 432 592 3253
internal_value=1.56958e-05 -0.00920102 -0.0165048 -0.000664652 0.00127426 -0.000221835 0.019224 0.000596869 0.0156023 -0.000210769 0.000832089 -4.70543e-05 -0.000899025 0.000566541
internal_weight=5211.71 625.409 492.066 259.572 4586.3 4234.36 351.942 4121.05 209.544 3911.51 3677.34 3563.27 3407.13 3149.43
internal_count=14377 1784 1425 833 12593 11655 938 11358 628 10730 10154 9883 9451 8859
is_linear=0
shrinkage=0.05


Tree=264
num_leaves=15
num_cat=0
split_feature=14 20 3 77 79 45 25 77 46 54 54 55 27 28
split_gain=24.779 22.4983 52.7268 31.235 74.5504 72.1225 50.3661 18.7918 22.0538 27.4017 32.1512 26.563 40.1288 39.2948
threshold=0.78522727272727288 6.2111111111111121 17.873863636363641 0.62324007214637966 0.39243744134653241 25.267857142857146 0.022999999999999982 0.55034357158456315 58.816176470588239 22.095454545454547 24.345238095238098 22.230330882352941 3.525384615384616 7.1157932692307702
decision_type=10 10 10 10 8 8 10 10 2 10 10 2 10 10
left_child=1 2 3 7 5 6 -5 8 -1 -10 -11 12 -12 -13
right_child=-2 -3 -4 4 -6 -7 -8 -9 9 10 11 13 -14 -15
leaf_value=-0.012357571152112265 -0.019790730665095867 -0.020116171842154251 0.033029453129198458 0.015939458076959536 0.021386683844369155 -0.050887513991356825 -0.025681535901800001 0.016358178155915108 0.0073664760952029638 -0.010462773427054865 0.00052309689692889955 0.0040914150539131788 0.027968736435506264 -0.023182856017488068
leaf_weight=242.65326304733753 133.53189262747765 111.93319116532803 136.10425396263599 135.99813896417618 144.78721098601818 130.09766587615013 153.93769027292728 248.79394006729126 1908.1756945103407 618.53595589101315 328.94229602068663 497.88651109486818 222.83781465888023 178.62555146962404
leaf_count=596 381 298 340 319 269 318 395 558 5410 1755 855 1617 616 626
internal_value=0.00138867 0.00195147 0.0024547 0.0015831 -0.00945298 -0.0201091 -0.00617099 0.00305289 0.00222096 0.00316608 -0.00117548 0.00350606 0.0116376 -0.00313364
internal_weight=5192.84 5059.31 4947.38 4811.27 564.821 420.033 289.936 4246.45 3997.66 3755 1846.83 1228.29 551.78 676.512
internal_count=14353 13972 13674 13334 1301 1032 714 12033 11475 10879 5469 3714 1471 2243
is_linear=0
shrinkage=0.05


Tree=265
num_leaves=15
num_cat=0
split_feature=51 60 24 24 36 19 13 51 12 65 31 8 9 55
split_gain=21.2791 56.4509 28.864 35.2961 36.7246 29.1001 40.9429 25.3616 62.9793 40.1865 42.3146 28.5692 71.2495 45.8183
threshold=4.6371504388650751 5.7500000000000009 2.5925833333333332 -2.3747083333333339 0.37834242487199515 5.0333333333333341 0.10761606957433013 4.3760753814676958 0.38800939191194939 11.500000000000002 0.37254166666666672 13.535199650476196 14.74116666666667 24.978125000000002
decision_type=10 2 10 8 10 10 8 10 8 8 8 10 10 2
left_child=7 2 3 -2 5 6 -5 11 9 10 -9 -1 -13 -14
right_child=1 -3 -4 4 -6 -7 -8 8 -10 -11 -12 12 13 -15
leaf_value=-0.0017705455233049867 0.022486318549610734 0.029663613717582443 0.0223236290843188 0.003376833359701003 -0.024435860897735306 0.02180554225644982 -0.028106776176733645 -0.0062877451734585175 -0.032213908840077791 -0.013123961396440263 0.035858727637645395 0.044476594435932104 -0.0083169375000690417 0.029266453898128583
leaf_weight=2611.2617498487234 129.74373111873865 207.6760281920433 142.13433949649334 393.76593182981014 194.565932482481 125.46794860810041 138.88906655460596 118.59487950056791 220.14155080169439 280.12523584067822 118.11212527751923 120.98880797624588 320.7366981357336 107.42305436730385
leaf_count=7525 364 527 396 999 456 339 348 338 589 703 337 322 887 348
internal_value=0.000326757 0.00577945 0.00134628 -0.00170825 -0.00541168 0.000241124 -0.00486976 -0.00153814 -0.00988393 -0.000328774 0.0148049 0.000410517 0.0107661 0.00115876
internal_weight=5229.63 1332.24 1124.57 982.433 852.689 658.123 532.655 3897.38 736.974 516.832 236.707 3160.41 549.149 428.16
internal_count=14478 3429 2902 2506 2142 1686 1347 11049 1967 1378 675 9082 1557 1235
is_linear=0
shrinkage=0.05


Tree=266
num_leaves=15
num_cat=0
split_feature=51 3 36 3 4 76 79 5 0 51 9 41 42 46
split_gain=23.2639 79.8486 69.0722 47.6461 45.1778 38.5497 33.9417 53.8797 29.6945 38.7633 34.1262 61.7482 51.8612 43.5704
threshold=4.0733767843859594 17.426785714285717 0.47164277876159871 18.850833333333338 15.306415856345781 1.0632427918424756 0.70929658049679167 7.5166666666666684 7.5000000000000009 4.1618568418718125 15.96816666666667 54.500000000000007 9.5000000000000018 60.323529411764717
decision_type=10 10 8 10 8 10 8 10 2 10 10 8 2 2
left_child=1 2 5 8 -4 6 -1 -8 9 -2 11 -10 -13 -14
right_child=3 -3 4 -5 -6 -7 7 -9 10 -11 -12 12 13 -15
leaf_value=-0.0049867938225528615 0.020263894554271491 -0.040662176063441864 0.039213585728914979 0.030546834059078067 -0.001034059572767495 -0.018114023631994117 0.0027251821404332731 0.054892394828921678 0.040444128136926577 -0.0049744907216384936 -0.017796499832615765 0.031557757035102073 0.02727192749328396 -0.0048368800175285411
leaf_weight=1003.7538242936134 167.4330361187458 136.10429932177067 158.7443935573101 148.80425027757883 123.63974370807409 421.14531268179417 216.13083735853434 63.242715120315552 147.26007118821144 1572.6282186806202 117.63081352412701 159.75740860402584 125.0469838231802 652.0207703858614
leaf_count=2372 485 385 431 397 319 944 1245 356 405 4202 330 443 284 1804
internal_value=0.000272232 -0.00375691 -0.00120938 0.00303996 0.02165 -0.00500746 -0.000694902 0.0146881 0.00163867 -0.00253575 0.00768023 0.0104585 0.00570693 0.000358531
internal_weight=5213.34 2122.76 1986.66 3090.58 282.384 1704.27 1283.13 279.374 2941.78 1740.06 1201.72 1084.09 936.825 777.068
internal_count=14402 6052 5667 8350 750 4917 3973 1601 7953 4687 3266 2936 2531 2088
is_linear=0
shrinkage=0.05


Tree=267
num_leaves=15
num_cat=0
split_feature=6 58 19 24 31 79 65 21 70 22 5 58 6 3
split_gain=28.233 68.0195 54.8781 49.4273 62.9252 59.6801 43.4473 37.2179 38.8963 28.2223 32.8494 23.5479 19.0649 32.7888
threshold=5.8309059168286606 18.090073529411768 14.607692307692309 -3.5193000000000008 0.50966911764705902 0.32729704850979224 5.5000000000000009 4.5008960573476715 0.011593640066218937 0.82952776336274014 11.933333333333335 15.181985294117649 0.95967658101980136 3.4320512820512827
decision_type=10 2 10 8 10 10 10 10 2 10 10 2 10 10
left_child=2 -2 11 -3 7 6 -6 -5 9 10 -9 -1 13 -13
right_child=1 3 -4 4 5 -7 -8 8 -10 -11 -12 12 -14 -15
leaf_value=-0.020894448932917923 0.022650719308606244 0.012759052431284546 0.0275373253953725 -0.028487120759534225 -0.034746459990002795 -0.059961698072397485 0.00754108705790499 -0.01600504930579728 0.030498833922517267 -0.02486542755187934 0.025234199805594396 0.00062117890370713864 0.0053056080715647635 -0.021304216360917505
leaf_weight=114.61352731287479 178.52720727771521 186.96513097733259 209.8885824456811 121.81105652451515 144.5132944881916 120.76783944666386 103.74321089684963 89.264971047639847 96.320238001644611 117.96092359721661 102.94002130627632 1427.840854421258 1991.0841847136617 192.63641685992479
leaf_count=282 520 543 552 364 429 208 321 285 300 319 378 3819 5565 539
internal_value=0.000636548 -0.00586571 0.00272364 -0.0105775 -0.0154486 -0.0312617 -0.0171157 -0.00436474 0.00291614 -0.00571999 0.00609792 0.00131892 0.00202945 -0.00199676
internal_weight=5198.88 1262.81 3936.06 1084.29 897.322 369.024 248.257 528.297 406.486 310.166 192.205 3726.17 3611.56 1620.48
internal_count=14424 3667 10757 3147 2604 958 750 1646 1282 982 663 10205 9923 4358
is_linear=0
shrinkage=0.05


Tree=268
num_leaves=15
num_cat=0
split_feature=79 77 51 36 69 47 31 30 7 60 52 54 75 9
split_gain=15.8775 39.3879 103.585 41.0501 41.0014 31.3327 33.3977 27.8938 39.9341 50.4965 27.6387 30.6143 22.0646 41.5476
threshold=0.15928404245544162 0.55510072514347775 4.7080540661304742 0.4627552158315808 0.07656020217801969 0.64233512329514675 0.51689903846153851 0.40427144503372253 12.671680555555556 -1.2499999999999998 222.72380952380954 20.607692307692314 8.7150000000000016 5.8536666666666681
decision_type=8 10 8 10 2 2 10 10 10 2 10 10 8 8
left_child=7 3 4 5 -3 6 10 -1 -9 -10 11 -2 13 -12
right_child=1 2 -4 -5 -6 -7 -8 8 9 -11 12 -13 -14 -15
leaf_value=0.0002369563579397539 0.0018988665038773126 0.014208690276457152 0.049938540888767022 -0.028626722634230856 -0.019276517748357494 -0.021590588029841387 0.025680469556164168 -0.027443987098052319 0.01911052512147975 -0.017943157208265309 0.0048891658167022432 -0.019915867237279349 -0.0029297361245783911 0.034745127838543423
leaf_weight=1955.383698195219 406.29300785064697 231.99946919083595 150.5611949712038 119.10550831258297 149.4490102827549 136.22697370499372 150.33702101558447 247.59614679217339 164.04280282557011 206.61643692851067 489.20101515948772 265.03718757629395 400.74719263613224 152.14204287528992
leaf_count=5069 1029 482 315 592 322 507 467 598 389 500 1065 575 2093 383
internal_value=0.000105267 0.00282049 0.0149701 -0.000235366 0.00107331 0.00146889 0.00316504 -0.00269169 -0.0119397 -0.001537 0.00117569 -0.00673027 0.00627041 0.0120148
internal_weight=5224.74 2651.1 532.01 2119.09 381.448 1999.98 1863.76 2573.64 618.255 370.659 1713.42 671.33 1042.09 641.343
internal_count=14386 7830 1119 6711 804 6119 5612 6556 1487 889 5145 1604 3541 1448
is_linear=0
shrinkage=0.05


Tree=269
num_leaves=15
num_cat=0
split_feature=6 28 58 45 55 46 54 24 24 77 13 41 55 41
split_gain=19.2589 53.3389 36.2782 43.3975 27.5903 33.1769 50.4625 45.0188 38.859 35.8503 24.2608 43.729 22.0232 18.8806
threshold=4.8704648788271223 15.930735294117648 18.060661764705888 22.81534090909091 18.968419117647063 60.454044117647065 28.222527472527478 -3.5193000000000008 6.1053636363636388 0.25904470902575311 0.43683358873449657 45.500000000000007 17.59099264705883 72.000000000000014
decision_type=10 10 2 10 2 2 10 8 10 10 10 8 2 8
left_child=1 12 3 -2 -4 -6 7 -7 9 -9 -11 -12 -1 -14
right_child=2 -3 4 -5 5 6 -8 8 -10 10 11 -13 13 -15
leaf_value=0.02096749603206444 -0.0073293144088621325 0.031942136836662575 0.013042109888224516 0.035674422890794054 0.0089810008322752585 0.0093663330623215846 0.01461109685320656 -0.00499774473872352 0.0075992637153714411 -0.046048521006294828 -0.042990456731757477 -0.0057746730447786653 -0.0083886983181658391 0.002691686082570849
leaf_weight=145.84744650125504 112.07526779174805 154.88269905745983 165.65799934417009 121.45595509558916 221.47217374294996 139.84123216569424 149.25241438299417 159.41818022727966 100.01424245536327 195.36229862272739 149.86973179876804 166.29752799868584 444.68158190697432 2798.1728460267186
leaf_count=282 315 394 420 348 519 437 467 748 325 493 347 406 1189 7680
internal_value=0.00125383 0.00334427 -0.00315299 0.015093 -0.00610572 -0.00858913 -0.012265 -0.0166803 -0.0214108 -0.0257401 -0.032182 -0.0234956 0.00202815 0.00117015
internal_weight=5224.3 3543.58 1680.72 233.531 1447.19 1281.53 1060.06 910.803 770.962 670.948 511.53 316.167 3388.7 3242.85
internal_count=14370 9545 4825 663 4162 3742 3223 2756 2319 1994 1246 753 9151 8869
is_linear=0
shrinkage=0.05


Tree=270
num_leaves=15
num_cat=0
split_feature=33 17 14 24 12 12 79 51 27 12 26 48 39 53
split_gain=20.893 39.3327 51.3356 37.2812 37.1584 33.3348 45.0296 43.4936 54.0265 53.9605 31.5623 28.7134 24.3964 20.4892
threshold=4.6018099547511309 2.3923076923076927 0.59516666666666673 1.3088920454545454 0.45158384161816667 0.58169687657756752 -0.073754526860365821 4.1431417188389306 14.205882352941179 0.28350862293936302 14.500000000000002 21.60661764705883 21.860369609856267 2.4494949494949503
decision_type=10 10 10 8 10 10 10 10 8 10 2 2 2 10
left_child=1 2 4 -2 12 7 -7 8 13 -9 -11 -6 -1 -3
right_child=3 5 -4 -5 11 6 -8 9 -10 10 -12 -13 -14 -15
leaf_value=-0.019176283177047102 -0.0080850293745668017 0.010092092862026626 0.029561877602633308 0.027568310471480614 -0.0020938804035389052 -0.0020808940016309087 -0.044749520315935827 0.01121008998091075 0.037852352066797761 -0.010708579073436071 -0.046781920829852719 -0.036056782542717047 0.0024686581233583312 -0.022382811456890452
leaf_weight=134.27693209052086 124.00212940573692 97.028381370007992 155.63164322823286 177.11027154326439 130.69195341318846 112.57189625501633 136.46187454462051 123.21943461149931 109.08341788500547 118.69400505721569 124.62434922903776 118.03157214075327 3460.1499386355281 95.403637528419495
leaf_count=326 312 321 417 437 406 355 314 437 311 351 315 367 9504 281
internal_value=0.000145093 -0.000639118 0.00150332 0.0129076 0.000359675 -0.00997229 -0.0255473 -0.00413681 0.0099117 -0.0156887 -0.0293007 -0.0182908 0.00165496 -0.00604074
internal_weight=5216.98 4915.87 3998.78 301.112 3843.15 917.087 249.034 668.053 301.515 366.538 243.318 248.724 3594.43 192.432
internal_count=14454 13705 11020 749 10603 2685 669 2016 913 1103 666 773 9830 602
is_linear=0
shrinkage=0.05


Tree=271
num_leaves=15
num_cat=0
split_feature=52 65 76 76 19 58 77 58 58 31 14 5 6 77
split_gain=24.0259 31.7573 41.3871 43.7231 34.1855 59.0162 37.0462 31.7497 29.9518 44.7116 44.8667 30.5563 34.665 27.3523
threshold=222.21538461538464 13.500000000000002 1.2154272256593337 1.5821040594625502 15.345238095238097 20.117647058823533 0.18546849198185525 16.941176470588239 20.57536764705883 0.49527777777777782 0.3303571428571429 19.883333333333336 9.2225479935448345 0.36291598289377031
decision_type=10 10 10 10 8 2 10 2 2 10 10 10 10 10
left_child=1 2 4 -4 6 -6 -1 -2 9 10 -9 12 -10 -7
right_child=7 -3 3 -5 5 13 -8 8 11 -11 -12 -13 -14 -15
leaf_value=-0.0043645530734900354 0.024936465461660826 -0.02640629876477097 0.029225910929120281 -0.0059053376429262878 0.027432613318240151 0.0040766809795393854 -0.023605678265267702 -0.010733562737756823 0.0036224196138718197 -0.031439068903439941 0.020794539924130911 0.030226010366214036 -0.025764436944489252 -0.023766469388565418
leaf_weight=620.7255385145545 140.00599367916584 161.55642261356115 180.15266986191273 172.73386640846729 172.14990926533937 200.78664357960224 418.70283715426922 383.0113488137722 2058.1368914097548 160.63208015263081 158.8022875264287 100.7834754884243 104.49892574548721 155.97389389574528
leaf_count=1611 512 405 356 313 397 555 841 1155 6293 447 501 321 336 311
internal_value=-0.00103088 -0.00518441 -0.00338705 0.0120615 -0.00686854 0.00347579 -0.0121305 0.00175523 0.000652908 -0.00835936 -0.00147158 0.0034523 0.00219119 -0.00812861
internal_weight=5188.65 2082.78 1921.23 352.887 1568.34 528.91 1039.43 3105.87 2965.87 702.446 541.814 2263.42 2162.64 356.761
internal_count=14354 4789 4384 669 3715 1263 2452 9565 9053 2103 1656 6950 6629 866
is_linear=0
shrinkage=0.05


Tree=272
num_leaves=15
num_cat=0
split_feature=48 30 13 19 30 25 19 75 75 51 64 59 52 19
split_gain=16.5194 29.3903 22.243 39.7731 28.1659 47.7511 34.4573 35.816 40.5817 33.479 30.6849 44.4117 24.8473 27.3166
threshold=30.516544117647062 0.20816747307651831 0.72128833905655032 18.345238095238098 0.56212477608514388 0.049999999999999989 15.839743589743593 9.8150000000000031 8.7150000000000016 4.7902432575356961 63.500000000000007 1.0000000180025095e-35 222.72380952380954 9.8944444444444475
decision_type=2 10 10 10 10 8 10 10 10 8 8 2 8 10
left_child=2 -2 3 4 6 -6 7 8 12 10 -9 -12 -1 -14
right_child=1 -3 -4 -5 5 -7 -8 9 -10 -11 11 -13 13 -15
leaf_value=-0.0071492157630707077 -0.0062565637940632029 0.031647964398592077 -0.023184209920467755 0.028052277525325797 0.0030788736648208266 -0.031112180191295809 -0.026043291712276997 0.018314574891387183 -0.027204165512743392 0.026727578842042379 0.012603310857321984 -0.0226683163201255 0.00067132268830345646 0.025282455558918955
leaf_weight=1116.436637878418 101.98278851062059 101.02682422846556 118.22333317995071 111.56886965036392 197.55717996507883 210.01463031023741 130.63917137682438 212.52692168951035 154.43860267102718 208.36694973707199 171.60822792351246 183.89886632561684 2102.9632917046547 118.13804994523525
leaf_count=2566 319 293 376 309 524 564 309 540 369 496 409 446 6480 472
internal_value=-0.00127967 0.0126691 -0.00184433 -0.00132675 -0.00201438 -0.0145722 -0.000847845 -7.07871e-05 -0.002231 0.00963546 0.00332976 -0.00565462 -0.00106761 0.00199115
internal_weight=5239.39 203.01 5036.38 4918.16 4806.59 407.572 4399.02 4268.38 3491.98 776.401 568.034 355.507 3337.54 2221.1
internal_count=14472 612 13860 13484 13175 1088 12087 11778 9887 1891 1395 855 9518 6952
is_linear=0
shrinkage=0.05


Tree=273
num_leaves=15
num_cat=0
split_feature=75 42 42 75 77 7 65 6 80 21 13 48 13 75
split_gain=28.3495 56.4295 100.229 51.9197 20.0989 27.6171 18.3039 41.8717 50.6953 23.8627 32.8107 22.9784 22.5339 19.5754
threshold=15.635000000000003 10.500000000000002 5.5000000000000009 14.875000000000002 0.67980312942495924 15.738300000000004 5.5000000000000009 8.8778526669332845 3.673804074453177 4.8290868765552313 0.17561963487723381 20.878676470588239 0.14117934401573753 13.215000000000002
decision_type=10 2 2 10 10 10 8 8 2 10 10 2 10 10
left_child=3 2 -2 4 5 6 7 9 -9 11 -11 -1 -13 -8
right_child=1 -3 -4 -5 -6 -7 13 8 -10 10 -12 12 -14 -15
leaf_value=0.024658980675011682 -0.022977331959043907 -0.03923085689541457 0.033175069153456346 0.035217593792536278 0.015419769564998296 -0.02386719812040879 -0.0018986361516123613 0.0015472909566459048 0.048971481859033397 0.0025709235008788116 -0.033460661918116731 0.014130891094025343 -0.016424134690640007 0.01919264309307727
leaf_weight=138.3101153075695 198.35025057196617 131.52885933220387 131.14871188998222 109.17741192877293 214.05821262300014 119.24202635139227 3346.1069194748998 111.91113314777613 112.64532314985991 168.00969555228949 100.13677352666855 121.87918104976416 117.56437972187996 112.75579759478569
leaf_count=365 448 306 320 251 553 500 9242 310 320 536 299 346 342 275
internal_value=0.00014787 -0.0116783 -0.000594538 0.00129267 0.000490919 -0.00023074 0.000425638 0.00690202 0.0254486 0.000424684 -0.0109591 0.00851297 -0.000877233 -0.00120573
internal_weight=5232.82 461.028 329.499 4771.8 4662.62 4448.56 4329.32 870.457 224.556 645.9 268.146 377.754 239.444 3458.86
internal_count=14413 1074 768 13339 13088 12535 12035 2518 630 1888 835 1053 688 9517
is_linear=0
shrinkage=0.05


Tree=274
num_leaves=15
num_cat=0
split_feature=29 55 24 13 13 13 46 13 13 33 28 9 77 22
split_gain=39.3137 70.64 46.6462 37.5888 22.6208 61.7919 75.9007 36.6642 33.728 29.8228 25.8664 28.6341 29.0611 25.7025
threshold=0.13161312150945512 24.95808823529412 3.3599722222222215 0.70277739116062476 0.60608970839749765 0.51139606316761055 63.093750000000007 0.46910010006200059 0.41888842921953567 3.5339366515837107 12.258590073529414 9.0972500000000007 0.47376799753588589 0.61200716845878145
decision_type=10 2 8 10 10 10 2 10 10 10 10 10 8 10
left_child=3 2 -2 4 5 7 -7 8 9 10 11 13 -13 -1
right_child=1 -3 -4 -5 -6 6 -8 -9 -10 -11 -12 12 -14 -15
leaf_value=-0.0033396589493331292 -0.0090847424366928744 0.019889734075313355 -0.049349025568034006 0.029745033378083909 -0.014941095465641863 0.00036480187158947734 0.047176437644635888 -0.024099620900050897 0.02295053178862598 -0.021038282095157609 0.019762254472025221 -0.029612332786316864 0.0029002900657593704 0.005552445074469118
leaf_weight=1559.5826013237238 158.219801671803 107.02114184945822 131.75981198996305 115.1919356584549 212.61167971789837 187.93988340348005 159.60166738182306 150.80034866929054 165.72226263582706 160.6866993829608 172.23873014748096 156.12171418964863 121.8807767406106 1694.7367646619678
leaf_count=4096 445 359 350 361 572 444 492 417 461 424 440 396 455 4734
internal_value=0.000410626 -0.0146973 -0.0274866 0.00164826 0.000959594 0.00170913 0.0219358 2.32698e-05 0.000931471 -1.82869e-05 0.000898895 -2.623e-05 -0.015399 0.00129132
internal_weight=5254.12 397.001 289.98 4857.12 4741.92 4529.31 347.542 4181.77 4030.97 3865.25 3704.56 3532.32 278.002 3254.32
internal_count=14446 1154 795 13292 12931 12359 936 11423 11006 10545 10121 9681 851 8830
is_linear=0
shrinkage=0.05


Tree=275
num_leaves=15
num_cat=0
split_feature=4 48 48 51 57 65 29 4 79 79 8 29 53 4
split_gain=18.3018 45.3766 53.5047 42.2484 40.8869 53.7668 36.9931 35.8752 20.0832 19.1873 35.4278 28.3644 24.855 38.7564
threshold=12.718614223780113 27.516544117647062 25.562500000000004 3.8129264330471111 244.31250000000003 2.5000000000000004 0.10963595324446611 11.592832924056655 -1.1385443093090097 -0.22863481046831577 6.9322389880356212 0.12537467065258481 2.1483516483516487 10.461738872646555
decision_type=10 2 2 8 2 10 8 10 8 8 10 10 10 8
left_child=7 2 3 -2 6 -6 -5 8 -1 10 -10 12 -11 -14
right_child=1 -3 -4 4 5 -7 -8 -9 9 11 -12 -13 13 -15
leaf_value=0.018244320083600812 -0.016790185122817242 0.030608401402087589 -0.026800945400168336 0.046231117449657487 0.024647706351082353 -0.025417426286305268 0.01009355272235779 -0.024941370190454601 -0.0026727980321071248 -0.0049595774929910488 -0.026470179018916053 0.02539662932671571 0.0018554860379205668 0.030386755504794347
leaf_weight=136.07147598266602 140.24493524432182 157.77717353403568 138.38192389160395 129.12944699823856 98.449697285890579 115.39771613478661 156.97899105399847 155.80100618302822 853.38089853525162 1368.8045413717628 190.57022893428802 112.17782307416201 1315.9142282530665 129.88178228586912
leaf_count=216 415 407 363 329 284 389 347 457 1808 4108 448 392 3980 397
internal_value=-7.83034e-05 0.00624744 0.00127784 0.00737951 0.0141794 -0.00236132 0.0265078 -0.00146901 -0.000572676 -0.00122194 -0.00703811 0.000854324 -0.000132499 0.0044378
internal_weight=5198.96 936.36 778.583 640.201 499.956 213.847 286.108 4262.6 4106.8 3970.73 1043.95 2926.78 2814.6 1445.8
internal_count=14340 2534 2127 1764 1349 673 676 11806 11349 11133 2256 8877 8485 4377
is_linear=0
shrinkage=0.05


Tree=276
num_leaves=15
num_cat=0
split_feature=13 12 3 77 3 75 24 75 75 43 79 19 55 43
split_gain=23.7481 30.8748 21.6263 37.1551 23.2641 51.3648 23.8464 70.7873 48.6396 32.7133 46.5078 31.3952 37.3197 37.2934
threshold=0.70277739116062476 0.64083602644554161 19.120000000000005 0.76273449124816362 15.701428571428574 14.875000000000002 0.30529166666666635 12.175000000000002 12.415000000000001 63.174242424242429 0.31691772411315916 9.8944444444444475 21.479411764705883 63.207142857142863
decision_type=10 10 10 10 10 10 10 10 10 8 10 10 2 10
left_child=1 2 3 4 5 6 7 11 9 -8 -11 -1 -13 -14
right_child=-2 -3 -4 -5 -6 -7 8 -9 -10 10 -12 12 13 -15
leaf_value=-0.0014422613219324714 0.020048839934975322 -0.024211364422182649 0.01952613523077204 -0.023493724382664512 -0.01768889510129348 0.035065326418410807 0.011735568615238784 -0.031200842387751306 0.038161031233104194 0.0021203009483932978 -0.036809385806797691 0.036783765767601312 -0.021410117164425577 0.022032294432143201
leaf_weight=2741.4804613366723 149.16235259175301 128.66840939223766 144.04639063775539 162.51678185164928 163.75223361700773 109.77350291609764 529.41023593395948 188.57924783229828 111.40955521166325 336.08506014198065 98.375737100839615 121.55195907503366 92.262885719537735 104.05093754082918
leaf_count=7537 490 359 343 444 419 245 1424 427 265 1271 167 308 265 375
internal_value=0.000455042 -0.000129644 0.000507097 -7.25259e-05 0.000760457 0.0014458 0.000584235 -0.00155274 0.0070345 0.0034009 -0.0067589 0.000284377 0.0151338 0.00161035
internal_weight=5181.13 5031.96 4903.29 4759.25 4596.73 4432.98 4323.21 3247.93 1075.28 963.871 434.461 3059.35 317.866 196.314
internal_count=14339 13849 13490 13147 12703 12284 12039 8912 3127 2862 1438 8485 948 640
is_linear=0
shrinkage=0.05


Tree=277
num_leaves=15
num_cat=0
split_feature=29 53 31 76 46 76 49 25 76 30 29 15 20 52
split_gain=23.106 44.2537 31.7707 19.4227 57.1701 52.987 108.004 49.1541 41.6899 41.1997 35.1701 39.76 38.9204 27.9388
threshold=0.14274805894903936 2.5419580419580421 0.73259803921568634 1.044187385868802 64.332720588235318 0.94879178846127032 9.5000000000000018 0.020192307692307693 0.9167282370242843 0.20008119277206729 0.04983619923816409 0.29949877517145679 0.79999999999999971 173.87500000000003
decision_type=10 10 10 10 2 10 2 10 10 10 10 10 10 8
left_child=2 -2 3 5 10 8 -7 9 13 -6 11 -5 -12 -1
right_child=1 -3 -4 4 7 6 -8 -9 -10 -11 12 -13 -14 -15
leaf_value=-0.02145050279849375 0.029376862474199458 -0.011245783642504985 -0.025962760591827363 -0.016112038747638391 0.0028794522906557085 -0.0055579483891533147 0.053192660157071373 -0.010213905914314722 -0.02777556449364121 0.043432757020693491 -0.0090762078023234622 0.012477752967058725 -0.040254624746048663 0.0018606287136794337
leaf_weight=133.58052796125412 171.99159556627274 108.76728681474924 123.90242355316877 281.2972564548254 122.01640500128269 172.09245039522648 142.16125997900963 184.62294834852219 132.18319420516491 128.01015515625477 214.35367360711098 212.69613811373711 188.04308640956879 2861.0026712939143
leaf_count=315 518 332 269 554 302 416 324 458 306 318 461 438 412 8944
internal_value=-0.000268065 0.0136554 -0.00106913 -0.000417486 -0.00554401 0.00156657 0.0211039 0.00932298 -0.000403142 0.0237325 -0.0127552 -0.00380194 -0.0237098 0.000813966
internal_weight=5176.72 280.759 4895.96 4772.06 1331.04 3441.02 314.254 434.65 3126.77 250.027 896.39 493.993 402.397 2994.58
internal_count=14367 850 13517 13248 2943 10305 740 1078 9565 620 1865 992 873 9259
is_linear=0
shrinkage=0.05


Tree=278
num_leaves=15
num_cat=0
split_feature=4 28 65 15 4 36 15 24 25 76 53 24 47 28
split_gain=23.2089 35.7321 84.6579 31.3759 23.7482 26.1291 20.8519 16.5922 20.5202 17.9697 24.5862 21.4818 19.7815 35.374
threshold=21.771300563860702 16.532404411764709 12.500000000000002 0.70962506927617197 16.897313665793988 0.59313440327753064 0.61554316967967437 6.1053636363636388 0.17541666666666675 2.3985023904897278 3.7416666666666671 4.1788958333333346 0.52147681586705985 4.4014583333333341
decision_type=10 10 8 10 10 10 10 10 10 10 10 8 2 10
left_child=1 3 -3 4 5 6 7 8 9 10 12 -12 13 -1
right_child=-2 2 -4 -5 -6 -7 -8 -9 -10 -11 11 -13 -14 -15
leaf_value=0.0006167540260977873 0.020117529624349428 0.010612278715879605 -0.042260376016282686 0.023952060165762207 -0.019859119746896827 0.020481735814211852 -0.020451549922046806 0.018511773302136963 -0.020226708531220466 0.020214045940190148 -0.028372380419717454 -0.0016534808434553396 -9.6553801039258452e-05 0.029104358474433292
leaf_weight=302.2445295676589 144.94510070979595 145.68428681790829 155.89464417099953 142.78692241758108 141.50798403471708 162.70067036151886 118.64603216201067 126.03498538583517 118.78122714906931 114.46653550863266 133.4217276647687 171.12955790013075 3072.4355706647038 169.45122797787189
leaf_count=798 409 392 398 371 381 366 352 400 343 249 333 454 8770 388
internal_value=0.00045923 -0.000106055 -0.0167684 0.000949904 0.000235636 0.000873326 0.000131397 0.000716466 0.000162613 0.000778658 0.000195515 -0.0134134 0.0013684 0.0108905
internal_weight=5220.13 5075.19 301.579 4773.61 4630.82 4489.31 4326.61 4207.97 4081.93 3963.15 3848.68 304.551 3544.13 471.696
internal_count=14404 13995 790 13205 12834 12453 12087 11735 11335 10992 10743 787 9956 1186
is_linear=0
shrinkage=0.05


Tree=279
num_leaves=15
num_cat=0
split_feature=28 25 42 4 26 22 5 5 24 29 76 30 31 44
split_gain=23.0136 60.742 20.2395 68.2981 60.5971 59.5191 56.2992 41.025 34.5658 30.9111 27.1238 53.0596 42.3843 68.6036
threshold=16.646279411764709 -0.012928571428571399 12.500000000000002 15.00331016294569 16.500000000000004 0.77158385093167714 6.7166666666666677 19.616666666666671 6.1053636363636388 0.039712157181760722 0.9167282370242843 0.50081531561593373 0.5475000000000001 0.55656800476012569
decision_type=10 10 2 8 2 10 10 10 10 10 8 10 10 10
left_child=2 -2 7 4 5 9 -7 8 10 -4 11 -1 -12 -14
right_child=1 -3 3 -5 -6 6 -8 -9 -10 -11 12 -13 13 -15
leaf_value=-0.00021261156632994789 0.027687104090019333 -0.017410700449165772 -0.00098156409899001528 0.042215373470423111 0.031196646453304812 -0.0049327340955141602 -0.046758259721240987 -0.028957991900646875 0.024679121527293974 0.028381948927734615 -0.0031706635974901795 0.033487248344705442 -0.053190546555468066 -0.0017882947811017416
leaf_weight=845.22225646674633 219.93722574412823 111.95223236829042 305.59919838607311 109.69745873659849 136.8106404542923 221.58678023517132 125.56878568232059 143.09671480953693 118.60170781612396 125.78463242948055 2344.2503224164248 134.52784089744091 114.56636697798967 148.25786510854959
leaf_count=2010 577 332 871 292 222 618 362 388 365 425 6908 298 272 418
internal_value=-0.000251275 0.0124682 -0.00111985 0.00512034 0.000633579 -0.00477032 -0.0201522 -0.00278281 -0.00176444 0.00762621 -0.00264545 0.00444409 -0.00531041 -0.0243115
internal_weight=5205.46 331.889 4873.57 1025.05 915.35 778.539 347.156 3848.52 3705.43 431.384 3586.82 979.75 2607.07 262.824
internal_count=14358 909 13449 2790 2498 2276 980 10659 10271 1296 9906 2308 7598 690
is_linear=0
shrinkage=0.05


Tree=280
num_leaves=15
num_cat=0
split_feature=59 6 75 50 45 75 29 47 64 19 33 52 24 52
split_gain=23.0997 49.7506 50.3379 49.5968 35.4133 33.0966 70.4764 26.0605 32.5058 43.4748 38.4246 30.8349 41.4938 63.6873
threshold=1.0000000180025095e-35 7.7792458194313898 15.885000000000003 23.230952380952385 15.519230769230772 12.885000000000003 0.093885672950846141 0.63446556250215891 48.500000000000007 16.345238095238098 0.30769230769230754 287.03571428571433 -2.1835722222222205 231.29166666666671
decision_type=2 10 10 10 8 10 10 2 10 8 8 8 10 10
left_child=5 2 4 -3 -2 -1 -7 8 9 -6 -10 12 13 -12
right_child=1 3 -4 -5 7 6 -8 -9 10 -11 11 -13 -14 -15
leaf_value=0.00097133884691853072 -0.023899613929446503 -0.038148294374712753 0.029660338869157699 0.0017585028691841347 -0.0085507216127898057 0.040410553499704689 -0.00079834409742958229 -0.018073881065990786 -0.011110841827755048 0.020853230949684359 0.012051747700994337 -0.0064423249907739483 0.0049278762995668378 0.062123617547341185
leaf_weight=2141.642980068922 174.99698013812304 186.79954893887043 128.76211176812649 132.84859730303288 903.40274693071842 175.596185952425 251.44130264222622 190.49522812664509 182.85308844596148 145.03411032259464 142.670389957726 131.33997046202421 220.77420760691166 114.33712772279978
leaf_count=6072 452 503 289 423 2442 427 582 624 490 343 308 449 623 375
internal_value=0.000129176 -0.00314133 -0.000604698 -0.0216089 -0.00238396 0.00350863 0.0162014 -0.000519167 0.00130669 -0.00446717 0.00894628 0.0149756 0.0208644 0.0344821
internal_weight=5222.99 2654.31 2334.67 319.648 2205.9 2568.68 427.037 2030.91 1840.41 1048.44 791.975 609.122 477.782 257.008
internal_count=14402 7321 6395 926 6106 7081 1009 5654 5030 2785 2245 1755 1306 683
is_linear=0
shrinkage=0.05


Tree=281
num_leaves=15
num_cat=0
split_feature=45 77 75 36 51 31 51 31 76 27 45 36 45 75
split_gain=25.488 29.7357 29.3804 26.6371 30.9491 26.2449 19.3287 23.3444 64.1084 22.7649 18.5608 18.5305 45.167 43.5426
threshold=14.516666666666667 0.27978551129772083 18.255000000000006 0.70944468243171299 5.4389542483660138 0.70564393939393955 5.2207885304659509 0.61531372549019625 0.89879313832584862 14.88154761904762 15.968750000000002 0.32213254294819993 17.866071428571434 7.1550000000000011
decision_type=8 10 10 10 10 10 10 10 10 10 8 10 10 10
left_child=1 -1 3 4 5 6 7 9 -9 10 -2 -12 -13 -14
right_child=2 -3 -4 -5 -6 -7 -8 8 -10 -11 11 12 13 -15
leaf_value=-0.00025979230681407697 -0.017040398837137451 0.033635018457335526 -0.020216580943423029 0.021685523991738984 -0.023792742426323892 -0.021561045434526464 0.021326711846892252 0.041891226808691999 -0.0097985538609958386 -0.022643582225982294 -0.0011780268111408101 0.03218098024301818 -0.027066509307142411 0.0073618494905864935
leaf_weight=140.71522352099419 152.7693622931838 118.76954798400402 185.02177114784718 136.99450324475765 138.59118376672268 134.48746351897717 110.57666982710361 115.98687094449997 122.48449206352234 113.38219476491213 2935.1619623228908 148.40960974991322 108.54964823275805 567.1314832419157
leaf_count=411 402 253 452 341 371 358 283 386 263 278 8351 402 552 1345
internal_value=7.79213e-05 0.0153239 -0.000721068 3.69072e-05 -0.000605753 0.000112062 0.000783152 0.000245513 0.0154121 -0.000656584 -1.37104e-05 0.000682572 0.00730286 0.00179903
internal_weight=5229.03 259.485 4969.55 4784.53 4647.53 4508.94 4374.45 4263.88 238.471 4025.4 3912.02 3759.25 824.091 675.681
internal_count=14448 664 13784 13332 12991 12620 12262 11979 649 11330 11052 10650 2299 1897
is_linear=0
shrinkage=0.05


Tree=282
num_leaves=15
num_cat=0
split_feature=13 12 4 19 9 51 6 14 55 15 61 35 55 77
split_gain=23.684 23.3269 33.5466 30.1233 36.8646 35.2669 35.4918 21.9652 84.3348 25.2328 19.8979 27.8889 23.8812 35.2972
threshold=0.70277739116062476 0.64083602644554161 20.407291927014388 13.677083333333334 14.32741666666667 3.9550797013720747 7.14471470489719 0.50809090909090926 21.954227941176477 0.48069417814095744 49.250000000000007 2.5000000000000004 23.567647058823532 0.44040023607560286
decision_type=10 10 10 10 10 10 10 10 2 10 2 10 2 10
left_child=1 2 3 4 7 -5 -7 9 -9 10 12 -12 -1 -14
right_child=-2 -3 -4 5 -6 6 -8 8 -10 -11 11 -13 13 -15
leaf_value=-0.0019204653518156631 0.019831514854528089 -0.021739920163678018 0.026957466472934746 -0.035623308408286036 0.022132557341928469 0.0093742982879300302 -0.024405559063647476 0.017348492015952094 -0.035836830229490906 0.022765312590007539 -0.024083469853668129 -0.00077326337262057128 0.0040140854149922781 0.031693533119292634
leaf_weight=2003.0255977213383 144.91405614465475 126.22475789487362 111.31516777724028 123.80303083360195 188.72924721240997 191.5381241068244 129.48390197753906 128.49539916217327 174.96719241142273 123.4252217784524 193.62418925762177 376.82491415739059 1065.6333631053567 128.20019361376762
leaf_count=5117 466 358 284 327 524 464 335 301 487 357 583 1221 3229 325
internal_value=-2.86706e-05 -0.000600657 -5.61225e-05 -0.000684438 0.00057495 -0.0130668 -0.00428425 -0.000400137 -0.0133335 0.000611784 -0.000119862 -0.00871361 0.00141586 0.00701049
internal_weight=5210.2 5065.29 4939.07 4827.75 4382.93 444.825 321.022 4194.2 303.463 3890.73 3767.31 570.449 3196.86 1193.83
internal_count=14378 13912 13554 13270 12144 1126 799 11620 788 10832 10475 1804 8671 3554
is_linear=0
shrinkage=0.05


Tree=283
num_leaves=15
num_cat=0
split_feature=19 57 29 36 4 51 20 55 78 77 5 15 47 65
split_gain=42.1225 24.7293 35.0419 52.7156 33.5185 76.72 29.799 47.6576 37.6278 28.7635 26.6766 23.8903 18.8206 21.1861
threshold=19.279220779220783 209.56985294117649 0.10545932047853306 0.31380242191324664 16.505646458039148 4.0733767843859594 2.8166666666666669 20.454227941176473 1.5000000000000002 0.15792825316701825 12.616666666666669 0.56614550271298669 0.64233512329514675 11.500000000000002
decision_type=10 2 10 10 10 10 10 2 8 10 10 10 2 10
left_child=1 2 3 9 6 -6 10 -8 -9 -1 11 12 13 -3
right_child=-2 4 -4 -5 5 -7 7 8 -10 -11 -12 -13 -14 -15
leaf_value=-0.0025336285523325369 -0.031251674004157681 0.0012276545974588952 -0.030338635554689037 0.021082099443092809 -0.015713348197870295 0.035974123056203358 0.012641107438476904 -0.036625194570655682 -0.0024164001312207643 -0.026878187473887379 0.019884468761992041 -0.016936827231634876 -0.014131694067400849 0.0140401018647152
leaf_weight=357.07206351310015 108.93444982916117 2527.9504596590996 141.7809109762311 169.30648086220026 111.42535232007504 198.50556775927544 142.29814076423645 186.30753298103809 141.08113397657871 182.96840760111809 194.72505205124617 176.91833156347275 171.61614447832108 368.89486785233021
leaf_count=909 339 7015 316 403 320 534 323 459 530 390 578 457 629 1138
internal_value=-0.000631825 3.19972e-05 -0.00773748 -0.00318371 0.00160058 0.0174008 0.000343957 -0.0114557 -0.0219359 -0.0108161 0.00195786 0.000876456 0.0019087 0.00286352
internal_weight=5179.78 5070.85 851.128 709.347 4219.72 309.931 3909.79 469.687 327.389 540.04 3440.1 3245.38 3068.46 2896.85
internal_count=14340 14001 2018 1702 11983 854 11129 1312 989 1299 9817 9239 8782 8153
is_linear=0
shrinkage=0.05


Tree=284
num_leaves=15
num_cat=0
split_feature=21 41 11 76 21 28 5 47 36 78 14 36 76 60
split_gain=16.7077 29.5497 38.0115 24.2286 18.7129 40.8044 38.8539 32.5449 21.5129 38.8719 21.2792 51.1175 33.4377 34.5718
threshold=3.287152444870566 9.5000000000000018 0.16352056980917801 0.89214387448285237 6.0441271901362761 10.002593750000001 19.616666666666671 0.51285907624678206 0.21821020807642247 2.5000000000000004 0.1335416666666667 0.05735907404261429 1.1309216597574945 -4.2499999999999991
decision_type=10 8 10 10 10 10 10 2 10 8 8 10 10 2
left_child=3 -2 4 -1 6 8 7 -3 9 -6 11 -9 13 -12
right_child=1 2 -4 -5 5 -7 -8 10 -10 -11 12 -13 -14 -15
leaf_value=-0.00087720508472899524 -0.018608993284063801 0.019286320866449293 0.027203146816780873 -0.016533038656771269 0.031542422942056135 0.038691107344672883 -0.028843152379939174 -0.0033814934171281725 -0.015538748887799124 -0.00022004707567306191 0.015168994993197658 0.039545967826895484 -0.011837178272646517 -0.0025370913627536431
leaf_weight=1217.8385546505451 162.73358270525932 230.16119376569986 155.58372365683317 309.07808043062687 134.48917503654957 100.34902626276016 109.88268805295229 192.548664085567 109.82380933314562 333.212660767138 369.80327469855547 107.26186053454876 624.00765909254551 1073.9419447407126
leaf_count=3383 428 538 525 646 325 304 291 555 355 1069 1099 303 1418 3221
internal_value=0.000344504 0.00215883 0.00311823 -0.004055 0.00200367 0.00942642 0.000142523 0.00137923 0.00428339 0.00896116 -0.000369002 0.0120569 -0.00217563 0.00200553
internal_weight=5230.72 3703.8 3541.07 1526.92 3385.48 677.875 2707.61 2597.72 577.526 467.702 2367.56 299.811 2067.75 1443.75
internal_count=14460 10431 10003 4029 9478 2053 7425 7134 1749 1394 6596 858 5738 4320
is_linear=0
shrinkage=0.05


Tree=285
num_leaves=15
num_cat=0
split_feature=19 20 29 80 14 21 20 64 11 20 6 54 58 48
split_gain=30.7563 23.022 45.4781 34.914 30.8015 33.0999 30.0544 41.3536 30.1514 29.2415 42.2547 44.2948 35.9162 57.0934
threshold=19.031250000000004 0.84523809523809545 0.12537467065258481 18.671890309817723 0.74105555555555569 6.5031645569620258 0.43650793650793612 35.500000000000007 0.092640912511592274 1.6125 5.7978204704764496 24.345238095238098 25.906250000000004 27.029411764705888
decision_type=10 10 10 2 8 8 10 10 10 10 8 10 2 2
left_child=1 2 6 4 5 9 8 -8 -1 -3 11 -11 13 -12
right_child=-2 3 -4 -5 -6 -7 7 -9 -10 10 12 -13 -14 -15
leaf_value=0.0016344358966051563 -0.02492580913937438 -0.011259746397142542 0.034410667645171665 0.022110298855272745 -0.030855016197318615 -0.024211928384639449 0.035972123634816298 -0.00019153076625419321 -0.022731731580125369 0.0040259787359110746 -0.001732927523547252 0.040708635074040656 0.013756872018444055 -0.040173328606254041
leaf_weight=2471.6161606311798 119.92847389727831 517.30417791008949 112.53034412115812 124.3509179353714 108.69885773211718 174.81843211501837 147.14104219526052 169.47764538228512 132.8339963555336 227.03085880726576 451.55327591300011 128.31151247769594 220.07655764371157 121.91424487531185
leaf_count=6659 366 1453 350 320 257 564 398 498 393 591 1291 355 603 306
internal_value=-3.24703e-06 0.000586703 0.0033619 -0.00347207 -0.00511419 -0.00357845 0.00215442 0.016675 0.000383448 -0.00140034 0.00304495 0.0173489 -0.003374 -0.00996073
internal_weight=5227.59 5107.66 3033.6 2074.06 1949.71 1841.01 2921.07 316.619 2604.45 1666.19 1148.89 355.342 793.544 573.468
internal_count=14404 14038 8298 5740 5420 5163 7948 896 7052 4599 3146 946 2200 1597
is_linear=0
shrinkage=0.05


Tree=286
num_leaves=15
num_cat=0
split_feature=75 47 22 62 44 73 68 59 5 47 27 57 9 52
split_gain=23.0663 16.2698 46.6167 32.8358 37.8709 24.0199 20.4631 23.4894 63.9118 33.4915 49.1238 55.6737 31.0447 39.752
threshold=19.405000000000005 0.52147681586705985 0.75694980694980707 21.875000000000004 0.52812945086247831 17.500000000000004 1.0000000180025095e-35 0.75000000000000011 15.741666666666669 0.58354431654531369 10.509375000000002 245.81250000000003 16.500666666666671 178.10000000000002
decision_type=10 2 8 2 8 2 2 2 10 2 8 2 10 8
left_child=1 2 -1 -4 -5 6 7 12 9 -9 -11 -12 13 -3
right_child=-2 5 3 4 -6 -7 -8 8 -10 10 11 -13 -14 -15
leaf_value=0.026143693494705179 0.022519732080779346 0.031404729346583914 -0.020998876102777234 -0.0072567299953275382 0.027246477584472517 -0.019003995562846085 -0.017103439921083732 -0.00814460232921063 -0.032879864727493546 -0.0037536606363316356 0.034777859040703733 -0.0024245473246663034 0.025049854125384071 0.00066367186520334767
leaf_weight=221.98031897097826 117.3633888065815 110.65814028680325 148.29654075950384 187.57333008944988 136.6665011793375 175.44653770327568 170.29458536207676 814.067920319736 166.8456718698144 586.79115915298462 233.01775000244379 176.13236999511719 164.07834704965353 1808.647229231894
leaf_count=584 299 253 360 398 357 333 490 2119 469 1875 588 625 482 5194
internal_value=0.000699006 0.000192591 0.00729957 -0.00158923 0.00732537 -0.000929087 -0.000175179 0.000538862 -0.00336443 -0.000627055 0.00551969 0.018796 0.0042424 0.00245149
internal_weight=5217.86 5100.5 694.517 472.536 324.24 4405.98 4230.53 4060.24 1976.85 1810.01 995.941 409.15 2083.38 1919.31
internal_count=14426 14127 1699 1115 755 12428 12095 11605 5676 5207 3088 1213 5929 5447
is_linear=0
shrinkage=0.05


Tree=287
num_leaves=15
num_cat=0
split_feature=43 43 5 28 47 24 7 5 41 58 27 8 30 24
split_gain=17.5588 33.3644 29.5034 37.508 56.6265 65.902 45.1094 26.0311 72.6746 67.2025 45.0173 26.8812 30.9255 24.911
threshold=59.88194444444445 61.392307692307703 14.683333333333334 3.0986527777777781 0.54607692307692324 -1.7295000000000005 6.1077410714285714 16.241666666666671 37.500000000000007 21.941176470588239 16.49519230769231 13.82145096469905 0.55125885500825877 2.2398392857142855
decision_type=8 8 8 8 2 10 10 10 8 2 10 10 10 10
left_child=2 -2 3 -1 -5 6 -6 10 -9 -10 11 12 13 -3
right_child=1 7 -4 4 5 -7 -8 8 9 -11 -12 -13 -14 -15
leaf_value=-0.0050603264791647317 -0.012826402929051678 0.0017359784728733368 -0.013751735101568439 0.040713743231769961 0.013023020144788709 0.027209697154977137 -0.024363947955310501 -0.014949000650193767 0.0023242119188723706 0.055876658500350451 -0.033389359458888872 -0.017188808505453058 0.02738891424350294 -0.013943365561942856
leaf_weight=359.3028272613883 580.74190740287304 2304.6761118993163 178.77417574822903 161.22640137374401 146.29425691068172 235.54993192851543 177.59170094877481 147.87434916943312 114.59609469026327 119.04518529772758 105.27444723248482 215.98455091565847 106.4467852935195 283.59126645326614
leaf_count=722 1548 6837 406 340 348 578 394 386 318 379 307 664 357 864
internal_value=-0.000133406 -0.00176206 0.00501124 0.00812706 0.0146998 0.00714349 -0.00748873 0.000132419 0.0124201 0.0297322 -0.00142555 -0.00025841 0.00110445 1.33026e-05
internal_weight=5236.97 3978.23 1258.74 1079.97 720.662 559.436 323.886 3397.49 381.516 233.641 3015.97 2910.7 2694.71 2588.27
internal_count=14448 11660 2788 2382 1660 1320 742 10112 1083 697 9029 8722 8058 7701
is_linear=0
shrinkage=0.05


Tree=288
num_leaves=15
num_cat=0
split_feature=28 3 5 3 51 12 20 25 31 77 8 69 30 41
split_gain=25.7036 48.6603 41.3484 36.2674 22.322 42.4284 54.1134 81.6694 49.4243 24.3645 23.5187 54.5653 44.3511 36.7354
threshold=17.466886274509807 20.020833333333339 17.841666666666672 16.83666666666667 4.3760753814676958 0.39249173103035023 1.2613636363636365 -0.0066025641025640449 0.38516666666666671 0.51182518335277327 13.18019310450063 1.0000000180025095e-35 0.41829251299264097 103.50000000000001
decision_type=10 10 10 10 8 10 10 10 10 10 8 2 10 8
left_child=1 3 -2 4 10 6 9 -8 -7 -6 12 -12 -1 -14
right_child=2 -3 -4 -5 5 8 7 -9 -10 -11 11 -13 13 -15
leaf_value=0.002887917761439662 -0.00045589221618969354 -0.032865064839108699 0.039415339772262525 0.024101958885783075 -0.0033349448484076673 -0.046526002671643779 -0.0048455599307662975 0.04579928706031261 -0.0069664278515807936 -0.026954831102559491 0.034825288998147456 -0.0020184470628657547 -0.041368105079221118 0.00061126837116843625
leaf_weight=1878.3651999756694 165.9845368117094 113.18212427198887 105.8813294917345 152.14990440011024 1409.1557500511408 117.11753556877375 181.26925382018089 140.69288301467896 239.47674210369587 117.39825782179832 172.8707986921072 237.86960557103157 108.5319024771452 99.358496308326721
leaf_count=5456 485 315 300 388 3640 348 495 364 585 264 521 657 326 306
internal_value=0.000218902 -0.000601703 0.01516 0.000157165 -0.000622596 -0.00428753 -0.00123706 0.0173588 -0.0200529 -0.00516787 0.00261435 0.0135351 0.000458818 -0.0213977
internal_weight=5239.3 4967.44 271.866 4854.26 4702.11 2205.11 1848.52 321.962 356.594 1526.55 2497 410.74 2086.26 207.89
internal_count=14450 13665 785 13350 12962 5696 4763 859 933 3904 7266 1178 6088 632
is_linear=0
shrinkage=0.05


Tree=289
num_leaves=15
num_cat=0
split_feature=17 17 51 12 13 14 75 75 5 29 45 9 59 9
split_gain=26.8262 42.254 29.3616 27.8704 32.7893 30.8498 26.773 34.5627 22.9549 18.9307 16.6144 43.4525 44.9296 37.5513
threshold=4.3452380952380958 3.6076923076923082 4.2348155467720696 0.65789230925833175 0.60608970839749765 0.64591666666666681 15.415000000000001 13.525 13.641666666666669 0.1281812151164323 23.516666666666669 5.7946666666666671 0.75000000000000011 8.6631666666666689
decision_type=10 10 10 10 10 10 10 10 10 10 10 10 2 10
left_child=1 3 -2 4 5 6 7 8 9 10 13 -12 -13 -1
right_child=2 -3 -4 -5 -6 -7 -8 -9 -10 -11 11 12 -14 -15
leaf_value=-0.00075544620090904537 -0.036495127427966782 0.025083345987897035 0.002148067484352457 0.019941981036597223 -0.023662513306133309 0.023643977771846885 -0.024151451186799369 0.023562708862706665 -0.017669176750336302 0.020418274118352647 -0.0014258740992171568 0.035308793586841435 0.00062217299400775354 -0.019237165946234088
leaf_weight=1986.6078868210316 101.35508123785257 173.00466576218605 94.372518785297871 168.15658131986856 149.68120202422142 133.39599969238043 117.17758594453335 148.84280827641487 193.08255321532488 108.76865334063768 1137.1481681615114 188.60099819302559 183.98688626289368 317.98587816208601
leaf_count=5362 332 525 289 486 410 324 258 345 533 355 3145 586 543 897
internal_value=0.000164699 0.000876207 -0.0179466 4.74357e-06 -0.000717999 4.76268e-05 -0.000675886 -2.54065e-05 -0.000883878 -5.34666e-05 -0.000642433 0.00343331 0.0182278 -0.00331278
internal_weight=5202.17 5006.44 195.728 4833.44 4665.28 4515.6 4382.2 4265.02 4116.18 3923.1 3814.33 1509.74 372.588 2304.59
internal_count=14390 13769 621 13244 12758 12348 12024 11766 11421 10888 10533 4274 1129 6259
is_linear=0
shrinkage=0.05


Tree=290
num_leaves=15
num_cat=0
split_feature=20 60 75 7 5 19 4 7 8 8 19 9 29 33
split_gain=32.478 18.2503 22.5079 31.4801 25.4831 59.2281 44.8351 28.509 43.6616 45.4317 29.2654 21.4929 24.7888 42.9508
threshold=6.5857142857142863 11.250000000000002 18.255000000000006 16.853287878787885 14.916666666666668 13.519230769230772 12.718614223780113 14.242750000000001 12.675272317953983 11.235775717342827 9.8944444444444475 7.9038333333333339 0.1188673482010356 3.1269841269841274
decision_type=10 2 10 10 10 10 10 10 10 10 10 10 10 10
left_child=1 2 3 4 6 -6 7 8 9 10 11 12 13 -1
right_child=-2 -3 -4 -5 5 -7 -8 -9 -10 -11 -12 -13 -14 -15
leaf_value=0.00019753774366075409 -0.025193739992872458 0.015593534041304775 -0.020436860903994544 0.020090317975745967 0.0060165146588174916 -0.038690038914935838 0.021925356714835417 -0.025915640108103894 0.028131971844820837 -0.028970317997325343 0.018413989770837188 -0.013994790900612404 0.02245817322977137 -0.029837067066324226
leaf_weight=2963.3421777784824 131.34898582845926 177.63969956338406 138.99239827692509 184.63027487695217 156.60123045742512 139.20544399321079 221.45499849319458 111.76440054178238 128.52908053249121 142.65521175414324 196.52781815826893 306.39344861358404 115.79024744033813 123.01393789798021
leaf_count=8089 359 491 313 574 471 343 576 287 392 421 548 915 374 308
internal_value=-0.000739829 -0.000106023 -0.00067489 -9.72961e-05 -0.000910824 -0.0150817 6.5152e-05 -0.00112413 -0.000420946 -0.00138179 -0.000312023 -0.00136589 -0.00015352 -0.00100884
internal_weight=5237.89 5106.54 4928.9 4789.91 4605.28 295.807 4309.47 4088.02 3976.25 3847.72 3705.07 3508.54 3202.15 3086.36
internal_count=14461 14102 13611 13298 12724 814 11910 11334 11047 10655 10234 9686 8771 8397
is_linear=0
shrinkage=0.05


Tree=291
num_leaves=15
num_cat=0
split_feature=6 20 54 24 27 24 36 51 65 20 61 29 37 36
split_gain=17.2023 36.3438 75.2208 20.1326 19.4501 39.0342 36.9056 49.9311 49.4465 35.7164 40.0295 59.8109 38.8626 30.5996
threshold=11.070702216402575 5.7238095238095239 21.12916666666667 -5.8671547619047617 15.071794871794873 -2.099499999999999 0.46673465143720955 3.9723496432212033 5.5000000000000009 -1.0888725818439035e-16 47.750000000000007 0.090223966986980361 1.5000000000000002 0.38911629058819935
decision_type=10 10 10 8 8 8 10 10 10 8 2 10 10 10
left_child=1 3 -3 -1 6 -6 -5 -8 -9 -7 11 13 -12 -11
right_child=-2 2 -4 4 5 9 7 8 -10 10 12 -13 -14 -15
leaf_value=-0.021247808509920182 -0.018576837380263382 -0.010888612273133466 0.043692376687544485 0.00017280492976632213 0.028631377713378911 0.025748167821072056 0.006918368400526698 -0.04693995262007078 -0.0045168930650338907 -0.004523619613756121 0.040181700218427284 -0.033017145587366299 0.00059085074030974967 0.023077868006218125
leaf_weight=110.88260900974274 117.68996001780033 114.38507793843746 138.96558754146099 2943.3081752583385 156.32997642457485 141.46608386933804 159.20526997745037 154.16532587260008 123.66018518060446 555.13444418460131 101.95053064078093 165.17202547192574 155.84690967947245 121.53864372521639
leaf_count=344 342 282 384 8244 413 374 412 367 325 1507 304 415 485 302
internal_value=0.000242439 0.000676702 0.0191037 -0.000281975 0.000208945 0.00516854 -0.00184228 -0.0153829 -0.0281414 0.00219249 -0.000858531 -0.00613913 0.0163425 0.000460679
internal_weight=5259.7 5142.01 253.351 4888.66 4777.78 1397.44 3380.34 437.031 277.826 1241.11 1099.64 841.845 257.797 676.673
internal_count=14500 14158 666 13492 13148 3800 9348 1104 692 3387 3013 2224 789 1809
is_linear=0
shrinkage=0.05


Tree=292
num_leaves=15
num_cat=0
split_feature=4 18 64 18 24 64 18 79 64 30 69 48 47 9
split_gain=16.3121 34.5688 47.7628 27.1798 66.67 39.2843 33.7144 23.8071 20.0315 59.7371 25.9166 25.0092 35.2441 41.378
threshold=21.771300563860702 4.9045454545454552 48.500000000000007 3.759615384615385 -0.77431666666666654 76.500000000000014 3.3452380952380958 0.84846800332346162 38.500000000000007 0.21351559162531869 0.01340715715715716 21.424632352941178 0.57802149108230871 16.500666666666671
decision_type=10 10 10 10 8 8 10 10 8 10 2 2 2 8
left_child=1 3 -3 6 -5 -6 7 8 9 10 -1 12 -10 -14
right_child=-2 2 -4 4 5 -7 -8 -9 11 -11 -12 -13 13 -15
leaf_value=0.015194222234186081 0.016265800570844625 -0.039375996860775926 0.0057190756756791798 0.047559360595965577 0.020710315926118626 -0.02141435928974884 -0.021071527849810805 0.017489460588236243 -0.0060521452281931797 0.040032136591346718 -0.015785631137420496 -0.0050114180604049355 0.0047633185210323873 0.033197826492891318
leaf_weight=117.5517139211297 150.75587785243988 129.00589256733656 106.67365369200706 102.82921475917101 106.12370333075523 113.50875981152058 189.04754082858562 194.62472048401833 615.00393532961607 117.54586056619883 155.82788130640984 2142.6917072758079 808.58177115768194 151.1084491237998
leaf_count=345 408 412 381 312 316 315 518 498 1543 318 414 5891 2263 416
internal_value=0.000113917 -0.000371373 -0.0190271 0.000545633 0.0145442 -0.00105862 -0.00046228 0.000447863 -0.000363515 0.010388 -0.00245764 -0.00149665 0.00328606 0.00927038
internal_weight=5200.88 5050.12 235.68 4814.45 322.462 219.632 4491.98 4302.94 4108.31 390.925 273.38 3717.39 1574.69 959.69
internal_count=14350 13942 793 13149 943 631 12206 11688 11190 1077 759 10113 4222 2679
is_linear=0
shrinkage=0.05


Tree=293
num_leaves=15
num_cat=0
split_feature=75 51 11 18 57 65 27 69 36 75 79 7 80 12
split_gain=48.8363 26.8009 41.2657 34.8667 27.0612 31.0474 58.32 27.3888 68.2535 39.4942 26.1262 47.4235 43.3976 39.2177
threshold=18.255000000000006 3.9082951070336396 0.15861011457129218 4.1055555555555561 278.28125000000006 8.5000000000000018 3.5887500000000006 0.020096450294715136 0.31380242191324664 9.0850000000000026 0.37282244491538702 14.690020202020206 8.8810554013937715 0.59853659690357963
decision_type=10 10 10 10 2 10 10 2 10 10 8 8 2 8
left_child=1 4 3 10 5 7 -7 8 -1 -9 13 12 -12 -3
right_child=-2 2 -4 -5 -6 6 -8 9 -10 -11 11 -13 -14 -15
leaf_value=-0.0088788278559527312 -0.025859897596324313 0.0038053336339475504 0.031458452437122586 -0.02076996602673728 0.0087054148583449904 -0.00081001735924837628 -0.04731840209616172 -0.003693219699951197 0.031794770057039096 -0.034211426600683902 -0.0054416341914898404 -0.032972149393620052 0.021542036657090344 0.028292444506792233
leaf_weight=314.0359253808856 186.44104216992855 1985.869516953826 118.34373848885298 165.4834393337369 279.57850136607885 138.17739721387625 130.67052049934864 382.66879785060883 152.37616550922394 145.79107896983624 725.00869984924793 122.05296948552132 186.48545528948307 177.24115377664566
leaf_count=849 446 5151 380 548 991 423 393 1097 378 319 2082 355 504 442
internal_value=-0.000801425 0.000133498 0.00256526 0.0015392 -0.00534878 -0.00846248 -0.0235065 -0.00437757 0.00444877 -0.0121613 0.00270023 -0.00383663 9.65976e-05 0.00582391
internal_weight=5210.22 5023.78 3480.48 3362.14 1543.3 1263.72 268.848 994.872 466.412 528.46 3196.66 1033.55 911.494 2163.11
internal_count=14358 13912 9462 9082 4450 3459 816 2643 1227 1416 8534 2941 2586 5593
is_linear=0
shrinkage=0.05


Tree=294
num_leaves=15
num_cat=0
split_feature=54 24 75 9 41 56 41 7 12 28 75 27 64 58
split_gain=21.5871 52.1683 55.935 40.1388 51.0479 63.3126 85.1616 34.0123 30.9781 48.4701 45.0216 72.5514 28.2511 27.4826
threshold=22.519230769230774 4.1788958333333346 10.655000000000003 8.5151666666666674 90.500000000000014 4.0935163837071196 43.500000000000007 7.4567321428571445 0.50053537544049898 13.65591666666667 11.835000000000003 14.381092436974791 50.500000000000007 19.424632352941178
decision_type=8 10 10 10 10 2 10 10 8 10 8 10 10 2
left_child=8 3 -3 7 5 -5 -7 13 9 -1 -10 12 -12 -2
right_child=1 2 -4 4 -6 6 -8 -9 10 -11 11 -13 -14 -15
leaf_value=0.0026748278928252806 -0.017098296522639205 -0.0051901799305951058 0.044192386945010084 -0.034257218653281372 -0.035063888041413492 -0.013871025835906185 0.036682065076723634 0.023451473256916332 0.041776533247880478 -0.029493601837711592 -0.03065489920892317 0.027622805551148506 0.0057567368883121549 -0.00014490100902452821
leaf_weight=1754.1855022534728 284.90047423541546 112.2231285199523 115.85571424663067 141.01287714391947 218.71920173615217 219.12726237624884 133.06249722838402 130.44906056672335 114.75723519921303 124.47054807841778 114.70045956224203 205.90012310445309 98.228605024516582 1458.7983360141516
leaf_count=4804 713 372 296 436 609 569 379 391 260 332 337 521 322 4055
internal_value=8.1136e-05 -0.00289351 0.0199778 -0.00491759 -0.0150155 -0.00607174 0.00527846 -0.00107579 0.00355115 0.000528948 0.0141709 0.00652553 -0.0139091 -0.0029231
internal_weight=5226.39 2814.15 228.079 2586.07 711.922 493.203 352.19 1874.15 2412.24 1878.66 533.586 418.829 212.929 1743.7
internal_count=14396 7820 668 7152 1993 1384 948 5159 6576 5136 1440 1180 659 4768
is_linear=0
shrinkage=0.05


Tree=295
num_leaves=15
num_cat=0
split_feature=52 50 6 54 60 78 60 12 13 76 76 76 27 13
split_gain=16.0101 35.97 29.3844 28.1171 20.9433 30.8118 28.4961 28.0173 40.0346 22.8473 29.5588 42.394 34.7921 33.9678
threshold=307.65277777777783 21.853571428571431 6.9014279429604644 31.822916666666668 -8.2499999999999982 2.5000000000000004 -7.2499999999999991 0.65789230925833175 0.62456793977161806 2.3098235765838013 1.044187385868802 0.99551488334674187 12.478125000000002 0.57204782517191632
decision_type=10 10 8 10 2 8 2 10 10 10 10 10 8 10
left_child=3 -2 -3 4 5 -1 -6 8 9 10 11 13 -12 -8
right_child=1 2 -4 -5 6 -7 7 -9 -10 -11 12 -13 -14 -15
leaf_value=-0.02469726459312982 0.015378502303195169 -0.006797402218939274 -0.048780670295675614 0.020042397999454897 0.022648355222504052 0.0057579001667167461 -0.00058487393225867149 0.019301156796294849 -0.028851128988406582 0.021024271700954056 -0.00067131470802312635 0.02807284987095789 -0.019595056069083863 0.02842310001089194
leaf_weight=199.97369349002838 78.284966416656971 94.365368157625198 74.193550989031792 176.93810755759478 142.33146248757839 140.99671601504087 2635.1710660457611 179.00796622037888 122.82527083158493 124.35430911183357 631.73911300301552 146.17411755025387 393.67993958294392 103.93638868629932
leaf_count=478 311 427 280 430 412 463 7679 556 319 272 1362 338 844 280
internal_value=-9.13491e-05 -0.0124955 -0.0254556 0.00052376 -0.000196733 -0.0121236 0.000713673 -1.1252e-05 -0.000847144 1.22216e-05 -0.000661133 0.00193065 -0.00794855 0.000525815
internal_weight=5243.97 246.844 168.559 4997.13 4820.19 340.97 4479.22 4336.89 4157.88 4035.05 3910.7 2885.28 1025.42 2739.11
internal_count=14451 1018 707 13433 13003 941 12062 11650 11094 10775 10503 8297 2206 7959
is_linear=0
shrinkage=0.05


Tree=296
num_leaves=15
num_cat=0
split_feature=52 6 44 9 52 65 57 80 77 41 19 9 13 65
split_gain=36.1034 50.2079 63.2836 38.3831 34.5585 60.5266 31.0393 34.5749 43.9859 29.2178 48.6761 36.6395 31.8006 36.1898
threshold=270.55000000000007 7.2389426799970327 0.5807433597792343 19.237416666666672 261.60984848484856 15.500000000000002 215.88235294117649 10.49230650394043 0.19648298149949847 23.000000000000004 13.258333333333335 15.761166666666666 0.41888842921953567 9.5000000000000018
decision_type=10 10 10 10 10 8 2 2 10 8 10 10 10 8
left_child=3 6 -3 4 9 -6 -2 8 -8 -1 12 -12 -11 -14
right_child=1 2 -4 -5 5 -7 7 -9 -10 10 11 -13 13 -15
leaf_value=0.022602356258385595 -0.031337519096512959 -0.0041158320991110092 -0.06620200906474398 0.027361390353913696 -0.0013798124444408416 0.041900591627097021 0.0034831035362005488 0.021341314027676795 -0.025992538673978778 9.5265930308060409e-05 -0.003317781449327819 -0.032274891468486021 0.038760811086671752 0.0013840682154313629
leaf_weight=140.29240688681602 85.793413102626801 88.031412839889526 76.126836523413658 149.8868617489934 188.13404600322247 140.48284979909658 432.94881296902895 153.59349643439054 177.74592430889606 2875.338929310441 248.27137100696564 194.43442161381245 117.37142434716225 143.16907797008753
leaf_count=343 236 343 314 408 591 396 1781 531 534 7252 578 433 312 370
internal_value=0.000554177 -0.00790712 -0.0331342 0.00260013 0.00167664 0.0171934 -0.00300234 0.000215156 -0.00512441 0.000301251 -0.000579096 -0.0160797 0.00161362 0.0183058
internal_weight=5211.62 1014.24 164.158 4197.38 4047.49 328.617 850.082 764.288 610.695 3718.88 3578.59 442.706 3135.88 260.541
internal_count=14422 3739 657 10683 10275 987 3082 2846 2315 9288 8945 1011 7934 682
is_linear=0
shrinkage=0.05


Tree=297
num_leaves=15
num_cat=0
split_feature=31 7 25 27 27 46 80 77 31 17 6 20 15 27
split_gain=15.8991 51.1657 38.5037 30.3316 24.2692 20.2151 14.4948 22.2096 18.6303 50.522 18.3243 26.8146 17.2013 32.1354
threshold=0.68147058823529416 18.257361111111113 -0.023333333333333321 16.43058823529412 14.746153846153847 58.294117647058833 15.201864209371923 0.68845009491080023 0.52213235294117666 2.1055555555555561 8.7171660681677654 3.1180555555555558 0.48069417814095744 4.978021978021979
decision_type=10 10 10 10 10 2 2 10 10 8 10 10 10 10
left_child=1 3 -2 4 5 -1 7 8 10 -10 11 12 -7 -14
right_child=2 -3 -4 -5 -6 6 -8 -9 9 -11 -12 -13 13 -15
leaf_value=-0.018532067735797464 0.02538274009291366 -0.032263397989494909 -0.0099949983611501043 0.02190588877701662 -0.021666662245576101 -0.0002314459018596095 0.016398191408034217 -0.018521658810690882 0.030635148550737058 -0.0069533640460377093 0.019398581953075741 -0.020342819810153533 0.034945871660300581 -0.0029406999567825323
leaf_weight=130.61677876859903 195.94504556059837 118.00497889518738 125.47652887552977 165.30581349879503 122.81603791564703 3192.3413535356522 153.49834976345301 142.59227637946606 183.05146390199661 173.2288556471467 122.13219963014126 157.21525537967682 100.38946183025837 124.62307950109243
leaf_count=333 480 408 331 379 302 8871 410 380 480 409 381 480 292 378
internal_value=0.000829879 0.000120188 0.0115838 0.000928291 0.000170254 0.000773641 0.00135758 0.000803532 0.00148783 0.0123907 0.000433968 -0.00021924 0.000712225 0.0140422
internal_weight=5207.24 4885.82 321.422 4767.81 4602.51 4479.69 4349.07 4195.57 4052.98 356.28 3696.7 3574.57 3417.35 225.013
internal_count=14314 13503 811 13095 12716 12414 12081 11671 11291 889 10402 10021 9541 670
is_linear=0
shrinkage=0.05


Tree=298
num_leaves=15
num_cat=0
split_feature=10 50 59 7 3 58 17 41 42 6 76 45 52 36
split_gain=27.6746 19.7359 24.6318 49.8247 44.0005 19.6299 22.4558 41.0337 33.1325 29.1665 29.8284 27.0949 32.6664 30.8893
threshold=0.19021535617734595 14.377500000000003 0.75000000000000011 16.165937500000005 15.701428571428574 30.000000000000004 1.2792207792207795 83.500000000000014 12.500000000000002 3.6068377882944658 0.86451178451178468 24.630681818181824 246.75961538461542 0.35145869832643456
decision_type=10 8 2 10 10 2 8 8 2 8 8 10 8 10
left_child=1 -1 3 -3 5 6 7 -4 9 -8 -11 12 -12 -14
right_child=-2 2 4 -5 -6 -7 8 -9 -10 10 11 -13 13 -15
leaf_value=0.016347027839545964 -0.023569096879460745 0.0017083392380801148 -0.029782821787211741 0.029632924354286796 -0.026905008426107321 -0.021176321278657949 0.024814615471163603 -0.0014636605080668938 0.024716409195372931 0.015164853453995694 0.016316060041498621 -0.031535857597655224 0.0011296528328909282 -0.033441739298992662
leaf_weight=194.83009103685617 118.41069622337818 2340.3632033392787 146.28082086890936 170.45450581610203 183.91889537870884 118.97061909735203 107.99013771861792 973.72458250820637 176.78104942291975 167.85810230672359 139.73217757046223 105.35151787102222 152.56239733099937 110.9990176782012
leaf_count=457 343 6462 412 466 500 322 307 2737 505 396 369 319 475 313
internal_value=0.000224256 0.000782311 0.000159592 0.00361513 -0.00347949 -0.00151002 -0.000376222 -0.00518562 0.00522689 0.000809167 -0.00305379 -0.00908409 -0.00315557 -0.0135015
internal_weight=5208.23 5089.82 4894.99 2510.82 2384.17 2200.25 2081.28 1120.01 961.274 784.493 676.503 508.645 403.294 263.561
internal_count=14383 14040 13583 6928 6655 6155 5833 3149 2684 2179 1872 1476 1157 788
is_linear=0
shrinkage=0.05


Tree=299
num_leaves=15
num_cat=0
split_feature=10 41 80 50 80 33 79 36 48 57 15 57 20 51
split_gain=19.9342 30.7431 21.4167 44.6796 28.2178 19.1651 20.3654 51.4623 35.6332 41.7356 32.7518 27.6875 26.0647 20.2831
threshold=0.19021535617734595 12.500000000000002 15.456292607583027 25.245833333333334 14.683918271115543 4.2761904761904761 0.46150173912983516 0.47164277876159871 25.485294117647062 251.56250000000003 0.60641183267072774 210.52941176470591 -4.5260512509576693e-17 4.1211596938240547
decision_type=10 8 2 8 2 10 8 10 2 2 10 2 8 10
left_child=1 -1 4 -4 5 6 10 8 11 -10 13 -8 -13 -3
right_child=-2 2 3 -5 -6 -7 7 -9 9 -11 -12 12 -14 -15
leaf_value=0.020937643935979619 -0.020323657716722062 -0.0049408387294053828 -0.0019319713439420094 0.036936399419770664 -0.02606588461449318 0.018737002294738351 -0.034127912701342487 -0.042898654663416164 0.027906659521031486 -0.013852858129234256 0.021569951644462751 0.015242159628367224 -0.011086328555516735 0.0031661431570750701
leaf_weight=177.70260739326477 115.80928864330053 1347.7375118136406 200.67235519737005 115.98383764922619 109.01878078281879 125.67503614723682 98.275699757039547 90.948759660124779 158.33574642241001 95.030000954866409 179.96906511485577 118.74211025983095 437.23616600036621 1801.839888125658
leaf_count=500 336 3212 498 335 280 322 268 345 487 500 423 456 1845 4525
internal_value=9.71718e-05 0.000568735 -0.000177208 0.0123761 -0.00105092 -0.000432895 -0.000993729 -0.00725274 -0.00363753 0.012251 0.000885035 -0.00979982 -0.005446 -0.000303387
internal_weight=5172.98 5057.17 4879.46 316.656 4562.81 4453.79 4328.11 998.568 907.62 253.366 3329.55 654.254 555.978 3149.58
internal_count=14332 13996 13496 833 12663 12383 12061 3901 3556 987 8160 2569 2301 7737
is_linear=0
shrinkage=0.05


end of trees

feature_importances:
pred=193
sl_now=165
sl_share=143
pos_share=141
sl_ratio=141
csh_ew=102
sl_bias=97
ppr_sd=93
car_cur=93
o_pyd=89
ppr_prev=88
snp_cur=87
o_ypc=86
bonus_prev=84
bonus_cur=81
t_plays=79
use_l3=77
use_ew=76
t_pf_prev=74
o_fpa_prev=73
d_use=72
use_prev=72
tsh_prev=72
temp=71
snp_ew=69
ppr_l3=67
ypt_cur=67
draft=67
ppr_ew=66
o_pa=66
csh_cur=65
d_snp=64
o_sk=64
snp_prev=62
o_pa_prev=62
csh_prev=60
t_prate_prev=59
ppr_cur=56
tsh_ew=56
o_fpa=56
t_prate=55
catch_cur=52
use_cur=50
rec_cur=49
o_ypc_prev=47
age=46
t_pf=45
vac_tgt=44
t_plays_prev=43
o_pyd_prev=43
spread=42
wind=41
total=39
tsh_cur=34
tgt_cur=33
implied=31
t_g=23
home=21
g=15
g_prev=15
sl_rank=12
o_g=11
rest=9
vac_pos=8
vac_car=7
week=7
depth=6
exp=6
miss=3
wk_since=2
inj=2
patt_prev=1
dc_depth=1
dc_eff=1
dome=1

parameters:
[boosting: gbdt]
[objective: regression]
[metric: l2]
[tree_learner: serial]
[device_type: cpu]
[data_sample_strategy: bagging]
[data: ]
[valid: ]
[num_iterations: 300]
[learning_rate: 0.05]
[num_leaves: 15]
[num_threads: 0]
[seed: 1]
[deterministic: 1]
[force_col_wise: 0]
[force_row_wise: 1]
[histogram_pool_size: -1]
[max_depth: -1]
[min_data_in_leaf: 300]
[min_sum_hessian_in_leaf: 0.001]
[bagging_fraction: 0.8]
[pos_bagging_fraction: 1]
[neg_bagging_fraction: 1]
[bagging_freq: 1]
[bagging_seed: 18467]
[bagging_by_query: 0]
[feature_fraction: 0.8]
[feature_fraction_bynode: 1]
[feature_fraction_seed: 26500]
[extra_trees: 0]
[extra_seed: 15724]
[early_stopping_round: 0]
[early_stopping_min_delta: 0]
[first_metric_only: 0]
[max_delta_step: 0]
[lambda_l1: 0]
[lambda_l2: 1]
[linear_lambda: 0]
[min_gain_to_split: 0]
[drop_rate: 0.1]
[max_drop: 50]
[skip_drop: 0.5]
[xgboost_dart_mode: 0]
[uniform_drop: 0]
[drop_seed: 6334]
[top_rate: 0.2]
[other_rate: 0.1]
[min_data_per_group: 100]
[max_cat_threshold: 32]
[cat_l2: 10]
[cat_smooth: 10]
[max_cat_to_onehot: 4]
[top_k: 20]
[monotone_constraints: ]
[monotone_constraints_method: basic]
[monotone_penalty: 0]
[feature_contri: ]
[forcedsplits_filename: ]
[refit_decay_rate: 0.9]
[cegb_tradeoff: 1]
[cegb_penalty_split: 0]
[cegb_penalty_feature_lazy: ]
[cegb_penalty_feature_coupled: ]
[path_smooth: 0]
[interaction_constraints: ]
[verbosity: -1]
[saved_feature_importance_type: 0]
[use_quantized_grad: 0]
[num_grad_quant_bins: 4]
[quant_train_renew_leaf: 0]
[stochastic_rounding: 1]
[linear_tree: 0]
[max_bin: 255]
[max_bin_by_feature: ]
[min_data_in_bin: 3]
[bin_construct_sample_cnt: 200000]
[data_random_seed: 41]
[is_enable_sparse: 1]
[enable_bundle: 1]
[use_missing: 1]
[zero_as_missing: 0]
[feature_pre_filter: 1]
[pre_partition: 0]
[two_round: 0]
[header: 0]
[label_column: ]
[weight_column: ]
[group_column: ]
[ignore_column: ]
[categorical_feature: ]
[forcedbins_filename: ]
[precise_float_parser: 0]
[parser_config_file: ]
[objective_seed: 19169]
[num_class: 1]
[is_unbalance: 0]
[scale_pos_weight: 1]
[sigmoid: 1]
[boost_from_average: 1]
[reg_sqrt: 0]
[alpha: 0.9]
[fair_c: 1]
[poisson_max_delta_step: 0.7]
[tweedie_variance_power: 1.5]
[lambdarank_truncation_level: 30]
[lambdarank_norm: 1]
[label_gain: ]
[lambdarank_position_bias_regularization: 0]
[eval_at: ]
[multi_error_top_k: 1]
[auc_mu_weights: ]
[num_machines: 1]
[local_listen_port: 12400]
[time_out: 120]
[machine_list_filename: ]
[machines: ]
[gpu_platform_id: -1]
[gpu_device_id: -1]
[gpu_device_id_list: ]
[gpu_use_dp: 0]
[num_gpu: 1]

end of parameters

pandas_categorical:[]
