tree
version=v4
num_class=1
num_tree_per_iteration=1
label_index=0
max_feature_idx=82
objective=regression
feature_names=g wk_since miss ppr_cur ppr_ew ppr_l3 ppr_sd use_cur use_ew use_l3 tsh_cur tsh_ew csh_cur csh_ew snp_cur snp_ew patt_cur rec_cur tgt_cur car_cur bonus_cur ypt_cur catch_cur ypa_cur d_use d_snp g_prev ppr_prev use_prev tsh_prev csh_prev snp_prev patt_prev bonus_prev tm_change depth pos_share dc_depth dc_eff age exp draft t_g t_plays t_prate t_pf t_plays_prev t_prate_prev t_pf_prev o_g o_fpa o_ypc o_pyd o_sk o_pa o_fpa_prev o_ypc_prev o_pyd_prev o_pa_prev home spread total implied dome temp wind rest new_hc inj vac_tgt vac_car vac_pos qb_out week h sl_now sl_ratio sl_share sl_rank sl_bias cl_now cl_sd cl_fut
monotone_constraints=0 0 0 0 0 0 0 1 1 0 0 0 0 0 0 0 0 0 0 0 0 0 0 0 0 0 0 0 0 0 0 0 0 0 0 0 0 0 0 0 0 0 0 0 0 0 0 0 0 0 0 0 0 0 0 0 0 0 0 0 0 0 1 0 0 0 0 0 0 0 0 0 0 0 0 1 0 0 0 0 0 0 0
feature_infos=[0:15] [1:14] [0:15] [-0.59999999999999998:35.399999999999999] [-0.59999999999999998:35.399999999999999] [-0.59999999999999998:35.399999999999999] [0:21.778888860545663] [-0.36699999999999999:36.173999999999999] [-0.36699999999999994:36.173999999999999] [-0.36699999999999999:36.173999999999999] [0:0.43478260869565216] [0:0.43478260869565216] [0:0.21052631578947367] [0:0.26438560448411402] [0.01:1] [0.01:1] [0:9.6999999999999993] [0:11] [0:19] [0:6] [-2:18] [-10:64] [0:1] [0:38] [-15.231999999999999:16.703272727272729] [-0.82999999999999996:0.81666666666666665] [0:17] [-0.057142857142857148:20.850666666666665] [-0.221:18.926000000000002] [0:0.28734271422489815] [0:0.20977684274825334] [0.01:0.99187499999999995] [0:11.166666666666666] [-0.66666666666666663:6] [0:1] [1:12] [0:1] [1:6] [1:6] [20.903490759753595:41.286789869952088] [0:19] [4:256] [0:15] [43:94] [0.22448979591836735:0.83606557377049184] [0:59] [54.875:74.4375] [0.4380664652567976:0.6865234375] [13.1875:37.875] [0:15] [0:39.5] [0.86956521739130432:8.882352941176471] [82:466] [0:10] [0:59] [6.2999999999999998:20.86470588235294] [3.1394799054373523:5.756317689530686] [152.8235294117647:348.25] [13.1875:37.875] [0:1] none none none [0:1] none none [4:17] [0:1] [0:3] [0:1] [0:1] [0:1] [0:1] [2:18] [2:4] [-0.059999999999999998:24.149999999999999] [-0.0070935960591132999:8.6937499999999996] [0:1] [1:10] [-0.51031261712118858:2.3456756756756754] [-0.029999999999999999:22.43] [0.84999999999999998:20.149999999999999] [0:25.440000000000001]
tree_sizes=3471 3449 3452 3456 3469 3466 3470 3449 3489 3474 3477 3472 3473 3470 3497 3468 3482 3469 3508 3490 3483 3473 3487 3506 3467 3490 3480 3480 3434 3490 3507 3486 3513 3470 3490 3497 3484 3493 3503 3495 3483 3491 3491 3484 3504 3483 3500 3481 3493 3436

Tree=0
num_leaves=31
num_cat=0
split_feature=81 29 9 31 76 80 44 53 47 14 29 76 9 76 27 30 25 25 21 33 50 27 80 36 43 73 43 10 56 5
split_gain=1763.58 1647.25 717.544 684.308 445.588 430.158 1051.72 569.283 682.053 339.937 330.197 327.757 271.695 316.176 403.731 263.347 261.732 253.368 248.749 248.317 248.21 224.864 290.759 211.645 195.641 305.089 314.045 229.119 181.08 163.555
threshold=10.595000000000001 0.070818899567707955 8.8676666666666701 0.81067873303167426 1.4552213868003343 6.7350000000000012 0.56872445074184463 2.1602564102564106 0.54350805172140271 0.68519230769230777 0.011006605324458655 0.54851782873549848 12.977333333333334 1.5401680672268909 14.546875000000002 0.0021280063749637792 -0.29458333333333325 0.076833333333333392 8.9101010101010107 1.4833333333333334 13.973214285714288 2.2908088235294124 1.3550000000000002 0.63427326099963766 64.436507936507951 10.500000000000002 60.160256410256416 0.10837784792893153 4.2482314140442492 3.0050000000000003
decision_type=8 10 10 8 10 10 10 8 2 10 10 8 8 8 10 10 10 8 10 10 10 10 10 8 8 2 10 8 2 10
left_child=3 2 10 5 15 9 7 -7 -9 11 29 -1 16 19 -15 24 -3 -4 -8 -14 -18 22 -13 -22 25 26 -5 -27 -26 -2
right_child=1 12 17 4 -6 6 18 8 -10 -11 -12 21 13 14 -16 -17 20 -19 -20 -21 23 -23 -24 -25 28 27 -28 -29 -30 -31
leaf_value=0.063794753783278271 0.030101416488234292 -0.078165080933225092 -0.17140805670540435 0.042930052784568538 0.13030296665912361 -0.019149061734409268 -0.089138811916274666 0.0037252243608892365 0.13709728052325529 0.089252415390428885 -0.0030177930930961328 0.027795745897159975 0.0024920821531524179 -0.14683325109665255 0.023303219367762074 0.11216608340692441 -0.038965812434116648 -0.030712481505815417 -0.025029630819877538 -0.083196135267464166 -0.009774265564720476 0.032425817199314512 -0.012371049295298538 0.096764402584177525 -0.0197976944551909 0.055344027027492353 0.1403606531553237 -0.023380678727197457 0.041896909237503652 -0.02449843305398116
leaf_weight=501.74155068397522 1951.5888942480087 250.70854073017836 68.86319275200367 162.57635669410229 191.15663403272629 229.18213284015656 227.88172160089016 167.70005145668983 222.93854697048664 221.65582828223705 1776.0877706110477 913.59834513068199 147.18128903210163 218.6934860162437 41.148077972233295 146.34832338988781 443.62808407843113 60.010357357561588 450.07176077365875 197.5001108944416 132.40899665281177 1981.3723395317793 887.12921032309532 70.811249572783709 199.92910015583038 269.62470090389252 170.05194064974785 139.65846867859364 290.90750107169151 146.78851874545217
leaf_count=976 7663 1544 387 340 454 504 504 320 480 550 8097 1965 311 1668 265 316 2586 494 1249 533 908 4445 2055 399 550 656 380 310 708 1025
internal_value=0.0136332 -0.00777879 0.0089761 0.0296192 0.0588945 0.0216891 -0.00367297 0.0433652 0.0799967 0.0289936 0.0128481 0.0258556 -0.0524101 -0.0783146 -0.119905 0.0489094 -0.0348952 -0.106634 -0.0466783 -0.0467053 -0.0180297 0.020807 0.00801167 0.0276407 0.0413149 0.0575036 0.0930116 0.0284895 0.0167781 0.0262721
internal_weight=12878.9 5505.42 4003.34 7373.52 1570.25 5803.27 1297.77 619.821 390.639 4505.5 3874.47 4283.84 1502.08 604.523 259.842 1379.1 897.557 128.874 677.953 344.681 646.848 3782.1 1800.73 203.22 1232.75 741.911 332.628 409.283 490.837 2098.38
internal_count=42642 25880 17666 16762 3714 13048 3057 1304 800 9991 16785 9441 8214 2777 1933 3260 5437 881 1753 844 3893 8465 4020 1307 2944 1686 720 966 1258 8688
is_linear=0
shrinkage=0.05


Tree=1
num_leaves=31
num_cat=0
split_feature=82 29 5 14 44 29 46 52 44 39 73 42 17 11 66 51 76 76 29 18 77 75 29 11 15 73 76 20 27 82
split_gain=1898.8 1386.26 651.696 637.047 551.394 569.34 1440.99 531.208 489.81 429.179 367.515 322.18 290.81 284.805 278.446 274.415 291.848 264.8 288.579 248.111 324.06 268.267 235.722 230.112 215.129 185.649 184.329 260.284 223.68 227.069
threshold=10.285000000000002 0.070818899567707955 3.0050000000000003 0.78922619047619069 0.60528497861569364 0.19518346727838878 62.849264705882355 220.21111111111114 0.57079484019973437 22.377823408624234 9.5000000000000018 6.5000000000000009 4.8660714285714297 0.10290566130280336 5.5000000000000009 4.7091072835753698 0.95736805937328218 1.1115151515151516 0.063514639080806304 2.759615384615385 0.73213567262787904 5.495000000000001 0.0037933405069344815 0.20833628057523798 0.58931685925397359 15.500000000000002 0.35909744604463306 2.9128787878787881 2.2908088235294124 1.6250000000000002
decision_type=8 10 10 10 10 10 2 10 10 2 2 2 8 8 2 8 8 10 8 8 10 10 10 10 10 2 8 8 8 10
left_child=3 2 22 9 5 14 7 -7 -5 10 -1 -4 -8 -6 -3 16 -15 26 -19 21 24 -20 -2 25 -21 -16 -11 28 29 -28
right_child=1 4 11 8 13 6 12 -9 -10 17 -12 -13 -14 15 23 -17 -18 18 19 20 -22 -23 -24 -25 -26 -27 27 -29 -30 -31
leaf_value=0.14365522271772432 0.031823625843468428 0.050424544926949283 0.012326553499699182 0.12932175505109014 -0.026582722714472835 0.017989209260490378 -0.018149132431027018 0.16899451488932171 0.034027061516718589 0.068417878861621928 0.033795550479608763 -0.063916419029460991 -0.14173999264340986 0.01172153046885533 -0.053270771978527379 -0.18387398775722194 -0.10919653594565831 -0.02304504449812133 0.02296226681044999 -0.078262594281699252 0.055519921837988109 0.10239224819972897 0.005468490276687177 -0.12118495305557211 0.0071417150946724356 0.023435809368622981 0.0276793500810887 -0.010757718868488603 0.040713354234552329 -0.015744899177506915
leaf_weight=138.68692976236343 1534.6267698854208 67.455542981624603 207.95799320936203 274.68190361559391 150.85925003886223 102.45638247579336 95.253952495753765 134.75907294079661 265.83632190525532 281.42598587274551 169.11945113539696 412.5205912142992 94.810321822762489 62.640822216868401 708.57890270277858 90.4624163210392 240.91737195104361 567.6173872500658 397.66344945132732 148.96835300326347 141.63041703402996 144.52931401133537 1896.9952261708677 112.03394366428256 144.75564254820347 88.176178377121687 1112.3621028065681 418.28425733745098 2273.0383554399014 411.86770160496235
leaf_count=313 6269 305 1295 570 1048 237 458 457 628 546 430 2181 335 171 3329 395 1484 1416 945 316 314 357 7949 498 368 484 2388 792 5251 951
internal_value=0.0126298 -0.0079332 0.00873242 0.0305355 -0.0425794 -0.0259729 0.022127 0.104123 0.0826035 0.0260911 0.0835994 -0.0383843 -0.0802195 -0.0852293 -0.0470262 -0.107559 -0.0842879 0.0231481 0.00528685 0.0217446 -0.00636441 0.044285 0.0172604 -0.054307 -0.0362915 -0.044763 0.0292827 0.0266544 0.0307773 0.0159429
internal_weight=12891 6000.5 4052.1 6890.47 1948.4 1403.52 427.28 237.215 540.518 6349.95 307.806 620.479 190.064 544.88 976.245 394.021 303.558 6042.14 1545.16 977.547 435.354 542.193 3431.62 908.789 293.724 796.755 4496.98 4215.55 3797.27 1524.23
internal_count=42480 26895 17694 15585 9201 6103 1487 694 1198 14387 743 3476 793 3098 4616 2050 1655 13644 3716 2300 998 1302 14218 4311 684 3813 9928 9382 8590 3339
is_linear=0
shrinkage=0.05


Tree=2
num_leaves=31
num_cat=0
split_feature=81 28 31 47 24 32 39 39 80 21 14 44 14 5 21 73 39 9 47 52 24 39 48 6 80 28 5 56 73 80
split_gain=1286.16 1113.68 555.52 577.564 511.529 451.124 422.535 439.064 411.364 794.185 570.968 469.26 453.146 278.992 266.964 262.514 261.864 257.707 343.558 287.503 285.787 332.137 245.371 420.596 397.578 243.918 231.457 230.581 265.557 208.222
threshold=10.495000000000003 3.6905000000000006 0.81067873303167426 0.58591490172284866 0.95200000000000073 1.0000000180025095e-35 26.911704312114995 22.984257357973991 6.7350000000000012 8.9607692307692322 0.74041666666666683 0.50986021056799635 0.72033333333333349 6.2833333333333341 8.1731634182908568 9.5000000000000018 22.303901437371668 12.977333333333334 0.55879795260529219 228.04545454545459 -2.0399999999999991 24.913073237508559 22.468750000000004 3.0430528130616232 2.7750000000000004 4.375351648351649 9.3166666666666682 4.2211161656298826 12.500000000000002 1.3350000000000002
decision_type=8 10 10 2 10 8 2 2 10 8 10 10 10 10 8 2 2 10 2 10 8 2 2 10 10 10 10 2 2 8
left_child=2 4 5 -4 -2 8 7 15 12 10 -10 -11 14 -13 29 -7 -17 20 -19 -20 21 -3 23 24 -16 -25 -6 -15 -29 -1
right_child=1 17 3 -5 26 6 -8 -9 9 11 -12 13 -14 27 22 16 -18 18 19 -21 -22 -23 -24 25 -26 -27 -28 28 -30 -31
leaf_value=0.029135759773106326 0.015965391774014289 0.12218705145397579 0.12184987560946905 0.011820367624836464 -0.029206127788702657 0.11515275062511605 0.13455336289989647 0.0095028579883896548 -0.11720141007283152 0.091654634031530791 0.0060179668086166056 0.063790597360132387 0.10524260991051455 0.022045640515962528 0.043786948967899364 -0.005513261003865056 0.089470633658866483 0.0073699568211497745 -0.20729435207921282 -0.075437709625452529 -0.040712579758366514 -0.013101709488540558 0.015492936034190842 0.051786019962011709 -0.030709944910944021 0.1248035541521211 -0.13957663836076847 -0.080131976626079363 0.010322731588077373 -0.010751720866164655
leaf_weight=508.58011169731617 3427.5701346583664 57.378821346908808 297.1517598927021 199.17674079537392 307.2069566808641 218.83299931883812 133.6773377507925 551.69104215502739 230.82088316977024 174.32963149249554 157.9950670003891 138.3422279804945 166.00218400359154 241.3430552482605 740.41648322343826 143.65532265603542 145.40205770730972 73.541585452854633 62.163060087710619 125.8192796073854 1187.9560280814767 202.84981519728899 1459.5973469763994 267.75894178450108 235.34557318687439 202.08651611208916 55.402608029544353 191.81757663190365 139.73747330904007 913.1599730104208
leaf_count=1101 14462 242 593 492 1786 493 315 1408 480 326 320 353 409 638 1568 338 360 439 309 821 6153 1310 3371 635 542 392 327 480 358 1920
internal_value=0.0132182 -0.00512455 0.0267458 0.0778076 0.00998751 0.0230942 0.0510685 0.040419 0.0172984 -0.00777009 -0.0672443 0.0183889 0.024409 0.000327521 0.0212843 0.0739168 0.0424094 -0.0386121 -0.0842245 -0.119907 -0.0303226 0.0170822 0.02997 0.0445664 0.0258059 0.0833902 -0.046407 -0.0150819 -0.0420925 0.00352715
internal_weight=12956.8 5499.89 7456.92 496.329 3790.18 6960.59 1193.26 1059.58 5767.33 1274.39 388.816 885.57 4492.95 711.24 4326.94 507.89 289.057 1709.71 261.524 187.982 1448.18 260.229 2905.2 1445.61 975.762 469.845 362.61 572.898 331.555 1421.74
internal_count=42741 25849 16892 1085 16575 15807 2914 2599 12893 2955 800 2155 9938 1829 9529 1191 698 9274 1569 1130 7705 1552 6508 3137 2110 1027 2113 1476 838 3021
is_linear=0
shrinkage=0.05


Tree=3
num_leaves=31
num_cat=0
split_feature=82 36 31 13 29 82 21 9 56 77 39 24 30 17 48 58 46 28 45 80 77 9 21 79 10 82 46 46 44 0
split_gain=1553.02 733.301 685.367 605.604 491.825 726.247 746.796 516.995 565.94 439.13 424.943 305.546 558.305 392.724 291.525 285.044 241.658 486.409 581.465 394.878 293.479 211.878 431.028 239.177 220.573 209.793 203.168 262.009 199.508 199.286
threshold=8.9550000000000018 0.16385976544844769 0.82406250000000003 0.01606634549874995 0.18872364520205637 15.975000000000003 10.737986270022885 10.216666666666669 5.1488815886608608 0.80495914856051598 22.881587953456542 -3.4906666666666664 0.0039269772949830344 4.5166666666666675 30.816176470588239 24.97058823529412 63.30330882352942 4.375351648351649 24.320512820512821 3.9550000000000005 0.71364221223566726 4.6340000000000012 8.8377192982456165 0.94833387944582237 0.15151771178556897 4.7750000000000012 61.878676470588239 63.818014705882355 0.57349456370225826 6.5000000000000009
decision_type=8 8 10 10 8 8 10 10 2 8 2 10 8 8 2 2 2 10 10 10 8 8 8 8 10 10 2 2 8 2
left_child=2 -2 3 10 7 6 -6 8 21 -7 28 12 -11 -14 16 26 17 19 20 -12 -19 -3 23 -23 -24 -18 -9 -28 -1 -27
right_child=1 4 -4 -5 5 9 -8 15 -10 11 14 -13 13 -15 -16 -17 25 18 -20 -21 -22 22 24 -25 -26 29 27 -29 -30 -31
leaf_value=0.038142920566312341 0.012588876136819558 -6.6175455053736563e-05 0.12747415925840264 0.13112701530436954 0.1033318367602323 -0.11693079622661329 -0.01446953707173014 -0.11397862285574356 0.12151525023152408 -0.044327919633662144 0.022850308413765577 -0.04478384604553938 0.025260204597394965 0.22482768832273017 0.082914228482764404 -0.12909423029929931 0.015954501660060551 0.017411074609214459 0.12136286413030158 -0.044502204400207843 0.095483611063098953 -0.15306572897799586 -0.034096215851651283 -0.035120140841752287 0.040934568554937122 0.010578036597106892 0.030648142144126374 -0.069780396059046401 0.10526592166957148 -0.044966206457493003
leaf_weight=224.16807965934277 3098.3871173039079 505.79620678722858 173.51558928191662 135.61523573100567 284.11262038350105 120.81193651258945 254.33222530782223 95.239924181252718 65.843598768115044 104.71228887885809 1709.5468239784241 275.7524627186358 51.902471985667944 46.452157311141491 182.82451269030571 177.45512380823493 1913.331926330924 563.53312726318836 260.25612482428551 248.39842076599598 152.30034556984901 114.29164637625217 830.28543972969055 69.711145740002394 110.18141036480665 324.60386548936367 108.5206841006875 159.06892169639468 221.20922429859638 319.75597901642323
leaf_count=549 12937 2670 364 305 524 315 544 421 220 627 3671 1782 462 172 442 785 4448 1159 537 618 299 235 3867 626 543 826 507 754 549 841
internal_value=0.0123164 -0.00497204 0.0297207 0.0269893 -0.0210952 0.00566068 0.0477652 -0.0347073 -0.0211148 -0.032164 0.0246606 -0.0105772 0.0358651 0.120829 0.0209612 -0.0772604 0.018884 0.0286747 0.0574907 0.0142871 0.0341318 -0.0269463 -0.0390265 -0.108812 -0.0252718 0.00764581 -0.0516241 -0.0290892 0.0716426 -0.0170121
internal_weight=12901.9 6472.86 6429.06 6255.54 3374.47 1138.08 538.445 2236.39 1696.11 599.631 6119.93 478.819 203.067 98.3546 5674.55 540.285 5491.73 2934.03 976.09 1957.95 715.833 1630.27 1124.47 184.003 940.467 2557.69 362.83 267.59 445.377 644.36
internal_count=42599 27991 14608 14244 15054 4426 1068 10628 8161 3358 13939 3043 1261 634 12841 2467 12399 6284 1995 4289 1458 7941 5271 861 4410 6115 1682 1261 1098 1667
is_linear=0
shrinkage=0.05


Tree=4
num_leaves=31
num_cat=0
split_feature=82 29 10 9 39 54 24 18 27 41 41 76 48 41 28 58 29 77 41 18 79 54 48 28 58 58 79 45 80 76
split_gain=1398.72 861.582 528.701 525.484 453.601 353.709 340.452 432.884 428.056 393.754 322.194 276.358 318.2 684.256 242.848 226.503 218.892 350.598 427.151 238.281 211.832 207.571 205.826 213.181 237.198 250.5 190.115 188.995 286.411 212.174
threshold=9.6150000000000002 0.02307535719061091 0.18022173865715591 3.1816666666666671 23.874058863791927 19.174242424242429 0.82511111111111102 8.3452380952380967 14.638333333333334 19.500000000000004 166.50000000000003 0.77852270354300579 28.211397058823533 110.50000000000001 2.1409687500000003 29.420955882352946 0.071348108348387188 0.68140311304492718 33.000000000000007 6.925824175824177 -0.21645105608133777 20.75961538461539 16.562500000000004 7.0881333333333343 23.323529411764707 18.849264705882359 0.59752433030853014 26.118055555555561 11.085000000000003 0.83954845947890921
decision_type=8 10 10 10 2 10 8 10 10 8 8 10 2 8 8 2 10 10 10 10 10 10 2 10 2 2 10 10 8 10
left_child=2 3 4 -2 10 -5 7 9 16 -3 20 14 15 -14 -6 22 -8 19 -19 -18 -1 -20 -13 -24 25 -25 -22 28 -11 -29
right_child=1 6 -4 5 11 -7 8 -9 -10 27 -12 12 13 -15 -16 -17 17 18 21 -21 26 -23 23 24 -26 -27 -28 29 -30 -31
leaf_value=0.014068905224071887 0.021646708261337189 0.13259732003134428 0.10719203866287384 0.040956687730078108 0.013840910156863444 -0.074152799010103299 -0.02103589951226123 -0.12792710649885755 0.044604092100906115 -0.10311842161969531 0.0028074277737502873 0.060370616190321684 0.11508992737431277 -0.018508877997248426 0.044591232442960517 -0.05101923976616371 -0.065812174918905328 -0.091600920007252992 -0.024517389528085864 -0.16293482239436172 0.10124202552316751 0.059624550377595814 -0.010589211523390011 -0.0059036820236531657 -0.017484114536994496 0.075290689882619694 0.051106550931067321 0.011469744419195661 -0.0029116999248425669 0.1195927147659534
leaf_weight=160.91591048240662 2579.0434144549072 57.501064702868462 198.95277161896229 89.660988226532936 1217.3456830829382 254.0099133439362 812.391501378268 62.463846903294325 156.13835751265287 78.836310848593712 254.64866288006306 154.68526913225651 193.99243937432766 188.01317130029202 1360.6818875223398 195.97741919755936 707.49056996777654 134.32521629333496 152.13530649244785 69.043813575059175 397.81480976939201 139.71556486189365 1347.2076639533043 146.40263800323009 219.2205216884613 268.80440227687359 367.24949994683266 201.9919935464859 668.12304905056953 57.615697219967842
leaf_count=240 10064 240 390 456 2640 1361 3747 289 505 197 655 291 455 430 3001 461 3782 317 322 567 878 323 3276 311 536 576 1029 1207 3921 165
internal_value=0.0111967 -0.0058592 0.0270972 0.0139045 0.0246192 -0.04409 -0.0233741 -0.00106805 -0.0349416 0.00649206 0.0526328 0.0183611 0.00722171 0.0494594 0.0300819 0.000285391 -0.0411242 -0.0546645 -0.0181665 -0.0746461 0.0663172 0.0158293 0.00501354 0.000664128 0.0245397 0.046716 0.0772739 -0.000836275 -0.0136115 0.0358327
internal_weight=12892.4 6220.49 6671.91 2922.71 6472.96 343.671 3297.77 1126.53 2171.24 1064.07 1180.63 5292.33 2714.3 382.006 2578.03 2332.3 2015.1 1202.71 426.176 776.534 925.98 291.851 2136.32 1981.64 634.428 415.207 765.064 1006.57 746.959 259.608
internal_count=42632 27463 15169 11881 14779 1817 15582 6019 9563 5730 2802 11977 6336 885 5641 5451 9058 5311 962 4349 2147 645 4990 4699 1423 887 1907 5490 4118 1372
is_linear=0
shrinkage=0.05


Tree=5
num_leaves=31
num_cat=0
split_feature=82 27 31 39 4 13 44 15 53 81 5 25 54 24 22 82 14 26 58 6 76 22 27 44 82 77 27 79 31 44
split_gain=1403.68 809.168 609.245 428.822 402.801 396.678 347.031 520.492 573.506 441.915 421.655 281.907 280.04 271.176 220.648 294.699 273.078 217.758 227.6 217.746 298.653 213.821 213.799 384.48 393.225 194.222 252.555 191.337 246.094 698.639
threshold=9.7950000000000017 0.72916666666666674 0.82406250000000003 22.377823408624234 3.6921454392027786 0.015331519031810134 0.57079484019973437 0.82192973428390148 1.9045454545454548 10.085000000000003 4.4166666666666679 -0.0028571428571428077 15.683333333333335 -1.6145384615384606 0.69959349593495945 5.9250000000000007 0.65035714285714297 12.500000000000002 23.031250000000004 5.3378391568993395 0.69022277710584845 0.70991117344553545 10.70916666666667 0.60751770707181929 15.975000000000003 0.80996835572195491 9.0937500000000018 0.51498221947670986 0.52636029411764718 0.56924142339654815
decision_type=8 10 10 2 10 10 10 10 10 8 8 10 10 10 8 10 10 2 2 8 8 10 10 10 8 10 10 10 10 8
left_child=2 4 3 11 -2 14 7 19 -9 -10 -8 -1 -12 -6 15 16 -5 -17 -19 -3 -21 25 -14 -24 -25 26 -22 28 -16 -30
right_child=1 6 -4 5 13 -7 10 8 9 -11 12 -13 22 -15 27 17 -18 18 -20 20 21 -23 23 24 -26 -27 -28 -29 29 -31
leaf_value=0.1255966016021951 0.021989459802611504 0.0056441191871961886 0.10892439796431826 0.010997264152959391 0.01572280671495755 0.10539637236629498 -0.010181558189904287 -0.054649921306427866 0.1817730609447944 0.031336329677814551 -0.14795661168565627 0.029284760098107154 -0.069115109824353774 -0.085967919403267895 0.024877369613851161 -0.086301189936691017 0.086371651261423571 0.025543194936803862 -0.053932475022954535 0.042905893897644515 -0.02449694625229663 -0.097568103534326808 0.04980296791867813 0.023197692991342552 -0.12870962201563318 0.039818042740930731 -0.10048799534635755 0.011851753412904668 0.1160943464207561 0.014676316780698105
leaf_weight=165.03264328837395 2278.854431476444 626.30648820102215 215.8687708824873 1816.9359434843063 113.47055324912071 134.86914226412773 770.39822092279792 81.502115331590176 91.988672569394112 103.83921578899026 81.717493902891874 141.51669174432755 581.4730539880693 153.40051379054785 1631.1550170183182 118.09076520800591 127.72182455658913 209.84552478790283 156.31519781053066 117.69319614768028 543.06078350543976 142.38624837622046 124.57395911961794 73.033282443881035 100.35567901283503 85.3471989184618 136.26858743280172 1364.4308324754238 309.51447221636772 375.48602147400379
leaf_count=403 8869 2886 449 4365 599 296 4517 411 199 659 356 346 3130 809 2814 321 339 526 432 238 2083 554 562 176 628 220 510 3872 507 662
internal_value=0.0107094 -0.00646501 0.0264583 0.0237246 0.0151799 0.0208819 -0.0215205 -0.00692488 0.0563338 0.102567 -0.0377619 0.0813746 -0.0598349 -0.0428329 0.0189992 0.00729815 0.0159896 -0.0275659 -0.00843971 -0.0175781 -0.0317627 -0.0414877 -0.0514879 -0.0169723 -0.0649585 -0.0309315 -0.0398655 0.026717 0.0354651 0.060604
internal_weight=12972.5 6205.67 6766.78 6550.91 2545.73 6244.36 3659.94 1928.39 277.33 195.828 1731.55 306.549 961.153 266.871 6109.5 2428.91 1944.66 484.251 366.161 1651.06 1024.76 907.063 879.436 297.963 173.389 764.677 679.329 3680.59 2316.16 685
internal_count=42738 27406 15332 14883 10277 14134 17129 7760 1269 858 9369 749 4852 1408 13838 5983 4704 1279 958 6491 3605 3367 4496 1366 804 2813 2593 7855 3983 1169
is_linear=0
shrinkage=0.05


Tree=6
num_leaves=31
num_cat=0
split_feature=80 29 24 24 43 29 28 39 76 18 14 50 33 76 28 9 58 5 39 33 20 46 52 56 11 17 58 21 28 80
split_gain=974.828 886.526 446.685 348.314 372.076 338.922 695.812 457.967 347.656 338.137 340.194 295.779 326.298 239.532 226.218 213.707 212.045 205.839 197.58 267.494 260.366 283.348 271.426 196.166 235.311 187.714 292.082 232.232 229.882 313.743
threshold=16.375000000000004 0.06279015755110226 1.0430727272727267 2.0097777777777779 63.720779220779228 0.18802423391072146 12.075333333333335 28.943189596167013 0.39819425773961198 6.3452380952380958 0.84441558441558451 12.35857142857143 1.7032967032967035 1.3461969443725137 14.672863636363637 13.421333333333335 19.213235294117649 8.7416666666666689 23.034907597535938 0.97058823529411786 2.5905203907920321e-16 62.667279411764717 233.04166666666671 3.7405058781617391 0.095238873588601933 2.3452380952380958 21.60661764705883 8.5638586956521756 3.4371000000000005 1.3550000000000002
decision_type=8 10 10 8 10 8 8 2 8 10 10 10 10 8 10 8 2 10 2 10 10 2 10 2 8 8 2 10 10 10
left_child=5 2 -2 4 11 8 -7 18 -1 10 23 -3 -13 -5 -6 16 -15 -4 20 -20 21 -8 -22 24 -10 28 -27 -28 29 -25
right_child=1 3 17 13 14 6 7 -9 9 -11 -12 12 -14 15 -16 -17 -18 -19 19 -21 22 -23 -24 25 -26 26 27 -29 -30 -31
leaf_value=0.071397756758533867 0.013200202810953042 -0.020155459227934328 -0.028655741614585263 -0.018253775246970198 -0.028017578505898838 0.12000163882296103 0.14434946921454639 -0.049067385613364545 0.022646942784819792 -0.044007807548136213 0.079784772598572376 0.023172619014454221 0.16923945582003747 0.021527475337675114 -0.13530714417364803 -0.11323527092776893 -0.070865958129448348 -0.13153038059793176 0.0033309793364166003 0.078035706789571474 -0.024979676991507084 0.043639610363809658 0.070428850253637459 0.027762249592575623 0.10541817578124789 0.023535879970165218 -0.067479788885946732 -0.0049229634108899937 0.033156554847174717 -0.0096129764874818488
leaf_weight=279.0994116216898 3451.9873255491257 168.78869981318712 299.25141460821033 265.46604093909264 261.51463951915503 246.46450045704842 143.0384745746851 164.75482378900051 286.95102646946907 237.09278492629528 205.78570479154587 112.59923244267702 57.198423881083727 77.637984097003937 59.749048627912998 230.04897326231003 301.53052393719554 57.298071544617414 512.34290140867233 155.44787912070751 133.13100036978722 137.98371817171574 167.24555353820324 1018.0191205143929 122.02063390612602 458.28189322352409 239.85869233310223 386.75960792601109 1361.9154946804047 1249.77808393538
leaf_count=532 14842 967 1790 616 1769 423 269 296 717 618 453 604 329 479 295 1481 1935 390 1316 391 265 387 412 2182 302 979 421 1019 3215 2867
internal_value=0.0110871 -0.00523571 0.00769339 -0.0373084 -0.00985869 0.0227055 0.0426369 0.0290762 0.0170378 0.0142999 0.0169016 0.0266786 0.0730798 -0.0579812 -0.0483294 -0.075234 -0.0519408 -0.0455095 0.0394135 0.0208114 0.0607073 0.0952304 0.0281999 0.0143609 0.0475394 0.0114733 -0.0067708 -0.028938 0.0169267 0.00716969
internal_weight=12849 5343.07 3808.54 1534.53 659.85 7505.97 1660.41 1413.94 5845.56 5566.46 5329.37 338.586 169.798 874.684 321.264 609.217 379.169 356.549 1249.19 667.791 581.399 281.022 300.377 5123.58 408.972 4714.61 1084.9 626.618 3629.71 2267.8
internal_count=42561 25497 17022 8475 3964 17064 3759 3336 13305 12773 12155 1900 933 4511 2064 3895 2414 2180 3040 1707 1333 656 677 11702 1019 10683 2419 1440 8264 5049
is_linear=0
shrinkage=0.05


Tree=7
num_leaves=31
num_cat=0
split_feature=81 29 31 47 24 3 55 14 32 19 21 3 48 43 41 51 55 44 11 50 31 31 15 3 33 77 18 34 77 41
split_gain=749.933 849.041 451.258 574.465 406.011 382.68 307.763 313.469 283.917 439.472 342.977 421.048 304.366 372.683 298.487 357.274 450.222 256.111 234.007 227.536 290.03 316.35 228.087 245.625 236.13 202.118 194.412 186.387 265.537 332.329
threshold=10.495000000000003 0.070818899567707955 0.81067873303167426 0.58591490172284866 1.0430727272727267 10.113809523809527 13.824852941176472 0.74041666666666683 1.0000000180025095e-35 0.087121212121212141 8.9607692307692322 7.4062500000000009 22.968750000000004 65.422619047619065 100.50000000000001 4.4692666822589642 12.614485294117648 0.64623991107244716 0.10290566130280336 11.252692307692309 0.8448529411764707 0.89937500000000015 0.79362670324514017 12.564583333333337 2.8166666666666669 0.48389716890527884 3.6547619047619051 inf 0.71364221223566726 205.00000000000003
decision_type=8 10 10 2 10 10 2 10 8 10 8 10 2 10 8 10 2 10 8 10 10 10 8 8 10 8 10 8 8 8
left_child=2 4 5 -4 27 8 7 -7 10 25 11 -1 13 14 15 16 -12 19 -19 -3 22 -22 24 -24 -21 -10 -6 -2 -29 -30
right_child=1 17 3 -5 26 6 -8 -9 9 -11 12 -13 -14 -15 -16 -17 -18 18 -20 20 21 -23 23 -25 -26 -27 -28 28 29 -31
leaf_value=0.0054712882615892871 0.0086784110991616533 -0.04830646611333414 0.11023434539666627 0.00015381487920396904 -0.026175326553639962 -0.10780119071371592 0.03683506447588069 -0.0097547434567211207 0.018652059937717527 0.12752911844318351 0.059285611915136871 -0.081722844953284912 0.008721830346056449 -0.012868561656875943 0.032553603561966488 0.025011418096278378 0.17622280375524871 -0.014216210919895736 -0.14710651824418494 -0.021179088517753363 0.13693225804432618 -0.027939425255443785 -0.015763328955704977 -0.1618415513746809 0.088741082081430694 0.072773405664762189 -0.12658033927637122 0.023015554041286496 0.22144429539384031 0.033051524482692107
leaf_weight=1933.3800133615732 3166.2776165679097 739.53947644680738 295.26789282262325 197.54563924670219 330.1266762688756 144.87054435908794 133.18083800375462 185.29858194291592 749.5969997048378 133.8692678809166 189.95176242291927 148.12479892373085 1507.7290700376034 285.55706541240215 939.9600335508585 192.2966216802597 146.45186287164688 51.897695891559124 91.736359901726246 345.20121447369456 64.235909178853035 51.999363005161285 60.772368654608727 54.072551887482405 55.889703884720802 223.54279905557632 55.654749114066362 352.06984089314938 41.459485359489918 53.110916536301374
leaf_count=4117 13723 3349 600 487 1903 317 311 418 1829 327 383 291 3613 735 2087 394 299 366 650 1986 332 404 474 330 296 594 395 834 267 506
internal_value=0.00962333 -0.00433727 0.0200158 0.0661979 0.00774187 0.0167149 -0.0271342 -0.0529709 0.0198684 0.0429064 0.0150884 -0.000769915 0.025205 0.0393591 0.0495158 0.0795539 0.110565 -0.0361958 -0.099521 -0.0294973 -0.00745203 0.0635656 -0.0235436 -0.0853448 -0.00567974 0.0311464 -0.0409501 0.012951 0.0431529 0.117095
internal_weight=12920.7 5514.04 7406.62 492.814 3998.7 6913.81 463.35 330.169 6450.46 1107.01 5343.45 2081.5 3261.95 1754.22 1468.66 528.7 336.404 1515.34 143.634 1371.71 632.171 116.235 515.936 114.845 401.091 973.14 385.781 3612.92 446.64 94.5704
internal_count=42617 25815 16802 1087 17628 15715 1046 735 14669 2750 11919 4408 7511 3898 3163 1076 682 8187 1016 7171 3822 736 3086 804 2282 2423 2298 15330 1607 773
is_linear=0
shrinkage=0.05


Tree=8
num_leaves=31
num_cat=0
split_feature=82 29 31 24 13 31 81 29 58 82 76 20 9 53 76 24 41 8 52 41 29 29 22 28 31 46 79 52 21 25
split_gain=1095.73 742.87 630.341 427.691 390.54 386.716 371.935 321.846 440.715 366.372 320.294 307.991 295.691 423.161 354.833 290.984 368.861 277.42 276.308 279.86 248.879 394.972 235.204 207.665 223.133 198.404 197.965 171.365 166.591 160.097
threshold=9.8850000000000033 0.071348108348387188 0.82406250000000003 1.0430727272727267 0.018905418440779181 0.80311111111111122 10.985000000000001 0.12871578687964505 28.818014705882359 2.3350000000000004 0.99747617474995287 -8.2341540993032434e-17 10.216666666666669 2.1180555555555558 1.3315681491299813 -2.4751999999999983 81.500000000000014 15.918350400350578 186.43076923076924 100.50000000000001 0.096731272271235944 0.053897567537990472 0.67879188712522065 2.2535909090909096 0.55516666666666681 61.970588235294123 0.61100849067112228 220.21111111111114 11.505319148936172 0.12799999999999997
decision_type=8 10 10 10 10 8 8 8 2 10 10 8 8 8 8 8 8 8 8 8 10 10 10 10 10 2 8 10 10 10
left_child=2 3 4 -2 7 12 -7 9 11 23 26 -9 15 -14 17 16 -3 -15 -11 20 21 -20 -21 -1 -25 -13 -8 -17 -27 -24
right_child=1 5 -4 -5 -6 6 10 8 -10 18 -12 25 13 14 -16 27 -18 -19 19 22 -22 -23 29 24 -26 28 -28 -29 -30 -31
leaf_value=0.011046457052294406 0.011098297051741965 0.12613302024996795 0.10493757332994072 -0.041075169494457664 0.10378669105563175 0.04396502810180266 0.038569164465685465 0.092751119450980579 -0.039269870161621867 -0.067997543831305809 -0.16221481406260957 0.058172548400959125 -0.13301919412899318 -0.072334596144620594 -0.10029040733955413 -0.085804083786162708 -0.03467281609420745 0.021741376272287158 -0.018542789343993608 -0.043641339066024513 -0.023569775945248686 0.074751693488910392 -0.0089166744878145954 0.052652167129282959 -0.0032440305139125806 0.0088384981250398606 -0.041305501593792149 -0.021672660269950378 0.060265426150695106 0.0510673026270453
leaf_weight=1449.8752569556236 3641.1693024337292 66.035980261862278 222.64425376057625 439.29653709754348 133.82314683496952 275.99485674500465 112.59342104196548 260.78183011710644 180.11421303451061 161.21558079123497 40.926161840558052 531.39342951774597 189.47892796993256 126.02890469133854 188.11584122478962 145.48269171267748 75.486979112029076 203.71380123496056 170.57910263538361 442.42532968521118 190.64028970897198 335.73065726459026 566.35430167615414 809.50722277164459 228.83918787539005 734.02719065546989 244.03306914493442 364.28254982829094 199.65313377976418 137.36984148621559
leaf_count=3135 15373 298 459 2420 285 588 243 535 382 336 105 1031 813 313 1038 547 361 476 445 1186 535 717 1395 1666 530 1796 2689 1887 592 336
internal_value=0.00850859 -0.006829 0.0223867 0.0054727 0.0195574 -0.0315205 -0.000538092 0.0177799 0.0349916 0.0104716 -0.0314665 0.0427599 -0.0468686 -0.0692349 -0.0456855 -0.0225085 0.0407193 -0.0143248 -0.00543653 6.95726e-05 0.0250343 0.0433456 -0.0151196 0.0232829 0.040342 0.0338043 -0.0160503 -0.0401074 0.0198881 0.00284829
internal_weight=12867.6 6112.64 6754.97 4080.47 6532.33 2032.17 673.548 6398.51 1905.97 4492.54 397.553 1725.86 1358.63 707.337 517.859 651.288 141.523 329.743 2004.32 1843.1 696.95 506.31 1146.15 2488.22 1038.35 1465.07 356.626 509.765 933.68 703.724
internal_count=42512 27151 15361 17793 14902 9358 3625 14617 4336 10281 3037 3954 5733 2640 1827 3093 659 789 4950 4614 1697 1162 2917 5331 2196 3419 2932 2434 2388 1731
is_linear=0
shrinkage=0.05


Tree=9
num_leaves=31
num_cat=0
split_feature=82 31 29 53 80 5 32 12 41 82 24 24 45 5 5 39 20 37 15 56 82 27 82 53 56 55 44 5 21 15
split_gain=980.205 685.127 629.34 421.105 584.983 384.276 340.504 492.246 314.993 406.642 302.015 300.063 277.337 300.437 268.944 258.034 258.823 251.616 234.284 369.621 290.875 253.585 236.299 204.983 203.009 197.049 188.367 230.346 187.883 177.224
threshold=9.8850000000000033 0.82406250000000003 0.06279015755110226 1.9045454545454548 11.875000000000002 3.0050000000000003 1.0000000180025095e-35 0.00214364488558037 98.500000000000014 1.6250000000000002 -3.9897454545454538 -4.4395333333333316 25.118055555555561 8.4166666666666696 16.516666666666669 22.881587953456542 2.5905203907920321e-16 1.5000000000000002 0.56425371284338433 4.0069196428571443 6.3850000000000007 3.5031250000000003 5.6150000000000011 1.9258241758241761 4.3297456980697886 12.984375000000002 0.56575561982468592 6.7166666666666677 8.9101010101010107 0.79362670324514017
decision_type=8 10 10 8 10 10 8 10 8 10 10 8 10 10 8 2 10 8 10 2 10 10 10 8 2 2 10 8 10 10
left_child=1 6 5 14 11 -2 8 15 12 -10 17 -5 13 -1 24 16 -8 -7 22 -20 21 -21 -11 -17 25 -4 29 -28 -29 -13
right_child=2 -3 3 4 -6 10 7 -9 9 18 -12 26 -14 -15 -16 23 -18 -19 19 20 -22 -23 -24 -25 -26 -27 27 28 -30 -31
leaf_value=0.029635470254249535 0.013037056490840618 0.10815999794479481 -0.055690881579302381 0.06525749204147395 0.060156930070946871 0.10678572536727318 0.10149724540388759 0.13040535218888846 0.024961916324303488 -0.014766264654692027 -0.051790159041386286 -0.026251411326597047 0.063729367219006516 -0.036772481075809514 -0.15190712911372412 0.06114963145064839 0.018066753963870481 -0.025412967169527026 0.07700752054438581 -0.020652026766658008 -0.043547889018387374 0.064695123845862498 -0.086205013092227223 -0.0052728734707541743 -0.088385116069431613 0.033462520339039424 -0.015929118689687726 -0.1365444871461689 -0.055241796333600379 0.038563404654925248
leaf_weight=1081.5808348506689 3350.9481027424335 223.03016754984856 160.06421978026628 83.39835799485445 226.08224500715733 61.930888593196869 206.6972276866436 143.43293616175652 1559.1679518073797 1170.7840942293406 435.40730102360249 627.74126429855824 480.42549020051956 201.22936607897282 76.155495792627335 154.3926005512476 169.21297639608383 83.391817394644022 173.03980503976345 162.07296247780323 276.79634770750999 186.04405036568642 127.5565439760685 459.43600507080555 200.79670863226056 99.897596325725317 244.33790990710258 101.12816656753421 243.19000716507435 125.804184705019
leaf_count=2272 13893 455 973 434 575 352 512 347 3331 2734 2455 2309 1098 430 317 434 387 534 429 428 621 446 321 1117 828 534 1525 385 1445 616
internal_value=0.00906897 0.0221699 -0.00543451 -0.026918 -0.0143946 0.00652822 0.0192267 0.0441424 0.0140091 0.00563322 -0.0309871 -0.0262514 0.0313605 0.0191978 -0.0653447 0.0315222 0.0640893 0.0312697 -0.00874799 0.0125639 -0.00537517 0.0250147 -0.0218458 0.0115063 -0.0507394 -0.0214342 -0.0319817 -0.0531539 -0.0794471 -0.0153938
internal_weight=12895.2 6774.9 6120.27 2188.6 1651.68 3931.68 6551.87 1133.17 5418.7 3655.46 580.73 1425.6 1763.24 1282.81 536.914 989.739 375.91 145.323 2096.29 797.953 624.913 348.117 1298.34 613.829 460.759 259.962 1342.2 588.656 344.318 753.545
internal_count=42537 15362 27175 9941 7289 17234 14907 2797 12110 8310 3341 6714 3800 2702 2652 2450 899 886 4979 1924 1495 874 3055 1551 2335 1507 6280 3355 1830 2925
is_linear=0
shrinkage=0.05


Tree=10
num_leaves=31
num_cat=0
split_feature=80 29 44 77 33 24 76 17 29 58 31 41 66 41 80 24 52 44 47 36 47 10 20 79 41 58 19 9 58 28
split_gain=535.613 469.724 367.291 524.343 361.695 333.675 320.215 290.257 251.204 247.728 223.421 279.57 235.272 532.949 285.177 206.76 204.29 202.557 394.201 379.308 400.72 226.585 199.07 199.759 192.576 183.229 246.763 236.637 180.8 171.276
threshold=10.595000000000001 0.02307535719061091 0.59248530912139463 0.80495914856051598 2.8166666666666669 3.3320000000000007 1.1524876237623765 5.5192307692307701 0.1003893083179606 15.029411764705884 0.81067873303167426 36.500000000000007 5.5000000000000009 100.50000000000001 1.4350000000000003 3.1733333333333347 259.34523809523813 0.57616630408508585 0.56627057993020113 0.31624115636913003 0.58832618561317174 0.14502776075080118 0.83333333333333337 -0.08256562676473346 84.000000000000014 26.500000000000004 0.10555555555555557 8.5026666666666681 22.968750000000004 2.1409687500000003
decision_type=8 10 8 10 10 10 8 8 10 2 8 8 2 10 10 8 10 8 2 10 2 10 8 10 8 2 10 10 2 10
left_child=9 5 3 7 6 -2 24 25 -8 -1 12 -12 13 -11 29 -10 28 18 22 -20 -21 -19 -16 -24 -4 26 -3 -27 -13 -14
right_child=1 2 4 -5 -6 -7 8 -9 15 10 11 16 14 -15 17 -17 -18 21 19 20 -22 -23 23 -25 -26 27 -28 -29 -30 -31
leaf_value=0.081117949199863398 0.013651088751993621 0.0001897905933315635 0.042228109691341602 0.075025316570787592 -0.10375956405642726 -0.092672565748632654 -0.022371152174164795 -0.07787149090145562 -0.034061996635363967 0.099950303253317843 0.098672881140304522 0.031538225143310304 0.014696913079165257 -0.017340189742448477 0.010717261540372884 -0.10960018848259963 0.060346419081169826 -0.0041704906499175614 0.0013729160234381092 0.14130186299907829 0.037628110775973223 -0.056926716475775289 0.013390168532955632 -0.059090659171979858 -0.024486228771566771 -0.0099355075699258458 0.099804311290213221 -0.12483093366173736 -0.016277072190476697 0.05131751675068056
leaf_weight=145.76794499158859 2808.168557818979 807.62786712497473 226.57516047358513 204.87778940796852 163.86223125457764 74.792795717716217 664.68833293393254 143.05306269228458 173.02932197600603 218.99464417994022 147.86486811935902 501.7243742197752 940.2996938675642 172.56173610687256 597.74597816169262 192.14789780974388 309.25834859907627 1635.9532947093248 359.2226345539093 136.84341739118099 291.33734653890133 231.48029440641403 144.46768879890442 275.18677349388599 205.25002382695675 154.14905198663473 66.354309447109699 62.298177856951952 325.02818089723587 483.44667060673237
leaf_count=323 11363 4681 506 490 908 421 3789 534 1172 494 356 1106 2035 340 1284 1245 952 3933 843 241 717 514 219 655 441 807 237 280 702 996
internal_value=0.00738008 -0.00362313 -0.0172515 0.00115404 -0.0335281 0.0108616 -0.0255893 -0.0111666 -0.0407318 0.016839 0.0154435 0.0342135 0.0110465 0.048347 0.00817159 -0.0739992 0.025744 0.000804643 0.0127461 0.0392847 0.0710135 -0.0107369 -0.00781157 -0.0341663 0.0105349 -0.00235227 0.00785813 -0.0434269 0.0127432 0.0271591
internal_weight=12864.1 5946.87 3063.91 1438.36 1625.55 2882.96 1461.69 1233.48 1029.87 6917.18 6771.42 1283.88 5487.54 391.556 5095.98 365.177 1136.01 3672.24 1804.8 787.403 428.181 1867.43 1017.4 419.654 431.825 1090.43 873.982 216.447 826.753 1423.75
internal_count=42584 26874 15090 7029 8061 11784 7153 6539 6206 15710 15387 3116 12271 834 11437 2417 2760 8406 3959 1801 958 4447 2158 874 947 6005 4918 1087 1808 3031
is_linear=0
shrinkage=0.05


Tree=11
num_leaves=31
num_cat=0
split_feature=82 9 53 27 10 81 14 76 27 15 27 44 4 39 57 25 77 79 48 44 5 25 79 33 31 69 33 82 26 10
split_gain=782.793 482.321 651.359 615.151 470.952 452.655 387.578 355.549 391.534 353.179 357.161 294.907 254.398 237.866 233.294 231.379 230.684 225.863 212.698 187.999 256.851 248.781 260.809 215.932 184.31 179.56 296.423 179.268 183.265 173.147
threshold=9.7950000000000017 10.216666666666669 1.9045454545454548 10.38340336134454 0.18022173865715591 9.5050000000000008 0.86591666666666678 0.77282857142857153 6.2562500000000005 0.87492911826906627 0.69198717948717958 0.60528497861569364 5.6077664420061852 23.034907597535938 257.94301470588238 0.068944444444444433 0.87803474697577832 0.88508753573989152 30.816176470588239 0.58338808585194935 2.1166666666666671 0.11263888888888891 -0.046528143598926715 2.1291666666666669 0.74968750000000017 0.0059087417958385707 1.0627450980392157 1.6850000000000003 15.500000000000002 0.22135109885249596
decision_type=8 10 10 8 10 8 10 8 10 10 10 10 10 2 2 8 8 8 2 8 10 10 8 10 10 2 10 10 2 10
left_child=4 9 16 25 6 -5 7 8 27 10 12 -7 -2 14 15 -9 -3 -11 19 21 -21 23 -23 -15 -22 -4 -27 -1 -29 -18
right_child=1 2 3 5 -6 11 -8 13 -10 17 -12 -13 -14 18 -16 -17 29 -19 -20 20 24 22 -24 -25 -26 26 -28 28 -30 -31
leaf_value=0.049376261382463954 0.016503016492509986 -0.14877672642456807 -0.11218560922455766 0.087030385400993004 0.092346862321674314 0.034090040190940626 0.10098547591626897 -0.03115847727447334 0.11307021486433036 0.16542318812603524 -0.013111809393749591 -0.074510296916048158 -0.072261952605657195 0.0021145574535802758 0.097838040156049327 0.051375357116103609 -0.09311246376584259 0.017180140054653289 0.067979717143203666 0.0087362337285637574 -0.035307260186487818 0.10701054985375719 0.016420840035424385 0.060496946167688741 0.031986499547156752 0.045013240413816352 -0.10593330791325062 0.033782929381367476 -0.020072985526646717 0.02053177577199744
leaf_weight=557.05618900060654 2310.3104205653071 131.51534789800644 130.90576049312949 177.74581462144852 215.48680229485035 131.57838380709291 134.76272088289261 133.12121476233006 154.32114182412624 51.534407526254654 2702.223576657474 117.37366839870811 82.66327116265893 1850.4689546227455 135.95206935703754 230.96507455408573 108.70137660950422 50.797427803277969 132.85167528688908 1147.737539306283 798.98933978378773 135.11243104934692 191.92488718032837 172.21069437265396 115.78650203347206 65.776917409151793 62.544201157987118 366.04769398272038 276.42016139626503 47.809419795870781
leaf_count=1168 9142 310 551 374 425 667 307 323 327 114 12789 588 519 4017 387 508 700 501 359 2638 2070 202 526 383 306 316 383 784 615 291
internal_value=0.00801586 -0.004854 -0.0371252 -0.01058 0.019783 0.0263173 0.0173761 0.0155997 0.0383425 0.0011992 -0.000656613 -0.0172051 0.0134078 0.00949038 0.0421872 0.0211957 -0.100087 0.0927139 0.00588467 0.00400002 -0.00701435 0.013667 0.0540593 0.00711267 -0.026764 -0.0711822 -0.0288089 0.0286425 0.0106164 -0.0584876
internal_weight=12920.7 6171.48 973.951 685.925 6749.22 426.698 6533.73 6398.97 1353.85 5197.53 5095.2 248.952 2392.97 5045.12 500.038 364.086 288.026 102.332 4545.08 4412.23 2062.51 2349.72 327.037 2022.68 914.776 259.227 128.321 1199.52 642.468 156.511
internal_count=42590 27245 4180 2879 15345 1629 14920 14613 2894 23065 22450 1255 9661 11719 1218 831 1301 615 10501 10142 5014 5128 728 4400 2376 1250 699 2567 1399 991
is_linear=0
shrinkage=0.05


Tree=12
num_leaves=31
num_cat=0
split_feature=82 5 29 46 31 10 52 29 39 46 28 45 82 15 76 4 53 80 41 21 55 17 79 6 79 15 14 77 3 77
split_gain=680.759 567.391 557.117 1036.48 505.217 345.508 330.752 307.736 257.076 258.663 275.748 368.35 332.91 248.594 238.398 250.857 231.409 352.517 235.955 237.175 228.926 228.784 292.286 218.432 212.717 241.306 264.517 215.43 196.651 177.397
threshold=10.285000000000002 5.7833333333333341 0.19518346727838878 62.849264705882355 0.82406250000000003 0.22486586460740596 237.52272727272728 0.011006605324458655 23.874058863791927 63.30330882352942 3.4371000000000005 26.75961538461539 1.9850000000000001 0.78008426161597211 1.0237940127190945 7.3006241079706085 1.8944444444444446 10.595000000000001 23.500000000000004 9.3371212121212146 14.281985294117648 2.5166666666666671 -0.10374864218162071 3.3242793704357836 -0.26632874392615041 0.73027950946417108 0.608397435897436 0.42997231691801135 7.2464285714285728 0.71364221223566726
decision_type=8 10 10 2 10 10 10 10 2 2 10 10 10 10 8 10 10 10 8 10 2 10 8 10 10 10 8 10 10 8
left_child=4 7 16 6 8 -5 -4 -2 24 10 12 14 -10 -9 15 23 17 -3 -18 -20 -21 -11 -23 -12 -1 26 27 -26 -24 -16
right_child=1 2 3 5 -6 -7 -8 13 9 21 11 -13 -14 -15 29 -17 18 -19 19 20 -22 22 28 -25 25 -27 -28 -29 -30 -31
leaf_value=-0.014928480216550997 0.018297463840184922 -0.057409325006334277 0.026033712832398206 -0.0060459398175321012 0.088290015606020594 -0.12438653549030623 0.14884296954243381 -0.010388135247777501 0.02379093871824299 0.0066087491977331317 0.034610741021415412 0.095957197511140291 -0.024760783182474922 0.086758169367012028 -0.012604496067610086 0.00090645537050928386 0.029150052748448632 -0.18482615159910676 -0.10230311362263181 -0.05019076410368091 0.040063352231726433 -0.094460485822594781 -0.059655031122591684 0.11460701027133731 0.033334465785579283 0.10985780652886352 -0.027503113512950803 0.097045918090107042 0.019785913524197313 0.049565707764668884
leaf_weight=172.2815403342247 2042.1468375250697 196.79508080706 103.89365267381072 143.18366545066237 247.52765326201916 107.49626565352082 116.29936021193862 2461.6863690502942 1022.474194958806 2073.3147124052048 169.12510840594769 226.77470399439335 538.05708120763302 66.669409193098545 426.0413534194231 168.55554755032063 107.97630339115858 74.829216584563255 162.13715584948659 330.55386207997799 88.34149781242013 132.83603942394257 117.31833775341511 173.81039530038834 608.38781699538231 125.20942470431328 138.5349712818861 169.51304933428764 227.12967804074287 155.90751457214355
leaf_count=261 8374 1359 248 605 506 420 427 11200 2222 4852 307 519 1253 512 891 344 453 191 691 2016 460 206 303 329 1566 293 315 471 660 312
internal_value=0.00757193 -0.00473922 -0.0321968 0.0123397 0.0182912 -0.0570852 0.0912776 0.00386581 0.0156709 0.0110176 0.0212821 0.0380919 0.00704561 -0.00779323 0.0260142 0.0508816 -0.0540174 -0.0930603 -0.0385131 -0.0511158 -0.0311068 -0.000579292 -0.0317526 0.0753707 0.0364646 0.0449709 0.0359955 0.0473247 -0.00736588 0.00410772
internal_weight=12894.8 6002.01 1431.51 470.873 6892.8 250.68 220.193 4570.5 6645.27 5431.34 2880.75 1320.21 1560.53 2528.36 1093.44 511.491 960.633 271.624 689.009 581.033 418.895 2550.6 477.284 342.936 1213.93 1041.65 916.436 777.901 344.448 581.949
internal_count=42566 26956 6870 1700 15610 1025 675 20086 15104 12198 6177 2702 3475 11712 2183 980 5170 1550 3620 3167 2476 6021 1169 636 2906 2645 2352 2037 963 1203
is_linear=0
shrinkage=0.05


Tree=13
num_leaves=31
num_cat=0
split_feature=12 9 15 44 53 17 79 80 29 58 39 28 31 3 58 39 57 12 39 76 48 17 17 54 0 39 17 15 15 50
split_gain=724.656 415.459 504.647 408.983 577.364 376.229 371.053 319.693 295.19 358.789 385.464 327.574 274.761 271.903 271.529 438.466 273.114 266.865 176.592 176.876 194.213 225.751 174.978 168.312 164.265 295.572 243.039 231.136 228.735 265.214
threshold=0.033908045977011504 10.566666666666668 0.86158530086395613 0.57079484019973437 2.1602564102564106 4.6076923076923082 -0.08256562676473346 1.4350000000000003 0.1516612691185095 28.818014705882359 32.364134154688578 9.5418333333333347 0.75731617647058835 10.804545454545456 24.031250000000004 29.470225872689941 233.87500000000003 0.011040119185421535 25.169062286105412 0.95185227281634843 21.63602941176471 1.8397435897435901 0.93095238095238109 26.033333333333335 5.5000000000000009 22.202600958247778 3.1291666666666669 0.62355088503368872 0.46997269632162247 10.105000000000002
decision_type=10 10 10 10 10 10 10 8 8 2 2 8 8 10 2 2 2 10 2 8 2 10 10 10 2 2 10 10 10 8
left_child=1 2 7 4 13 -6 -4 22 17 10 11 -10 23 -3 15 16 -14 18 -9 20 21 -20 -1 -5 25 -13 27 -26 -27 -30
right_child=-2 3 6 12 5 -7 -8 8 9 -11 -12 24 14 -15 -16 -17 -18 -19 19 -21 -22 -23 -24 -25 26 28 -28 -29 29 -31
leaf_value=0.021207446493875116 0.14044153736503315 0.014694603838261159 -0.00034621020653292835 -0.098748891257533056 0.0043886930247517717 0.11213066976789975 0.12503814222428111 0.012645499900006555 0.11269558193777728 -0.0396677056025058 0.11523115216493958 0.10278080480595038 0.099397308659208372 -0.098423788187071412 -0.072336642065602572 -0.08946296918177736 -0.013227588240260555 -0.08703539038604545 0.01061744039829475 -0.011142373467797666 -0.0059552664748607348 0.085111447749584873 0.078198304201969326 -0.018552305412781134 -0.0028825988695538249 0.0084741366330631836 -0.054782533959919215 0.07760000471168628 0.12395905482794696 0.017678868688818895
leaf_weight=1826.8184127211571 99.514152348041534 91.750964529812336 93.749105628579855 249.64005315303802 173.69295229762793 151.01188506558537 158.18741630017757 1709.514518097043 88.619199905544519 248.07696394994855 108.11059142649174 112.18618001416326 114.77694434300065 124.43505493178964 150.79904337227345 79.792258288711309 100.21172633767128 90.748001646250486 285.70530426502228 3769.8288639970124 631.80532439053059 157.20784859359264 144.62837335467339 89.260399036109447 485.70777899026871 1058.5944443047047 176.43931134790182 108.26090949773788 100.50994344428182 140.1292413957417
leaf_count=4002 257 279 601 1027 526 440 397 6047 246 844 323 418 354 441 720 359 400 215 594 13881 1450 306 284 370 2157 4029 481 394 286 494
internal_value=0.00671107 0.00566214 0.00871889 -0.0208353 0.0126022 0.0546871 0.078564 0.00714691 0.00325781 0.0174446 0.0234154 0.0189947 -0.0438768 -0.0505689 -0.0180022 0.00994389 0.0470818 -0.00235188 -0.00116625 -0.00604166 0.011844 0.0371906 0.0254259 -0.0777433 0.0151389 0.0252691 -0.00342868 0.0118925 0.0185022 0.0623992
internal_weight=12919.7 12820.2 11494.8 1325.37 540.891 324.705 251.937 11242.9 9271.44 2626.63 2378.56 2270.45 784.48 216.186 445.58 294.781 214.989 6644.81 6554.06 4844.55 1074.72 442.913 1971.45 338.9 2181.83 1411.42 770.408 593.969 1299.23 240.639
internal_count=42622 42365 37449 4916 1686 966 998 36451 32165 9672 8828 8505 3230 720 1833 1113 754 22493 22278 16231 2350 900 4286 1397 8259 5227 3032 2551 4809 780
is_linear=0
shrinkage=0.05


Tree=14
num_leaves=31
num_cat=0
split_feature=12 43 31 31 28 27 11 76 80 28 25 80 28 24 56 29 29 39 79 17 79 11 27 31 27 22 14 31 14 77
split_gain=504.788 382.618 365.575 293.963 483.805 433.75 287.858 265.102 261.286 267.105 335.176 215.037 241.084 220.012 212.285 198.977 179.365 178.819 222.916 178.3 186.904 177.478 297.842 183.509 173.353 141.176 137.495 136.462 131.292 260.257
threshold=0.033908045977011504 64.345238095238116 0.38633333333333342 0.81067873303167426 12.246500000000001 12.458333333333334 0.18353015800900724 1.1842356091030792 13.705000000000002 10.221181818181821 0.16718253968253968 2.3150000000000004 1.7705333333333335 -4.7388888888888872 3.9346549595280567 0.075772819233891051 0.18944018852429337 30.929500342231353 0.60110827532908917 3.1483516483516487 0.082750125289471552 0.16640635853566069 7.7244485294117657 0.54119485294117664 7.7244485294117657 0.87367021276595758 0.56894444444444459 0.56531250000000011 0.75038461538461554 0.67634375020655291
decision_type=10 8 10 8 10 10 10 10 8 10 8 8 10 8 2 10 10 2 8 8 10 8 8 10 10 10 8 10 10 10
left_child=1 3 28 4 11 6 7 19 9 14 -11 12 -1 -13 -4 -10 21 -17 -19 26 -21 -15 23 -23 25 -16 -5 -14 29 -3
right_child=-2 2 8 5 -6 -7 -8 -9 15 10 -12 13 27 16 24 17 -18 18 -20 20 -22 22 -24 -25 -26 -27 -28 -29 -30 -31
leaf_value=0.0038608875165635111 0.11861000237996498 0.008283114077485677 0.032319506365546022 0.016421177870173966 -0.072711126175051238 0.10666161870632949 -0.045867307859494326 0.081196071710739948 -0.0060647379050948894 -0.0092769383622093218 0.092645244571026755 0.064856659138874964 0.052520641404436158 0.0027495125429590666 -0.026707013897156212 -0.040910757316493893 0.062127083277480136 -0.16694337329651929 -0.041771862953285721 0.011521029042036137 0.08680372481935919 -0.028941975825317719 -0.084392869767389189 0.045701267046281469 -0.073489289669434368 0.030994497566143926 -0.038443217951054924 0.00034403544293843248 0.070929104659085626 -0.070776050537495735
leaf_weight=760.92501021921635 96.720600128173828 2468.3149617575109 177.07171542942524 932.63960267230868 187.89209920912981 162.06087086349726 145.08047612756491 199.92681132256985 320.38669599592686 192.24181129038334 137.77479532361031 135.23077367991209 674.38783474266529 3182.2836938798428 641.58053767681122 577.78827266395092 112.4308797121048 69.561247140169144 73.531177535653114 154.91389188915491 176.09879338741302 238.25773674994707 163.43070536106825 124.55293707549572 165.75170719623566 126.07460717856884 129.14900325611234 153.8786858767271 76.688282825052738 107.68277199566364
leaf_count=1608 245 9654 475 3724 565 530 522 471 1568 475 278 404 1321 9953 1561 2864 180 181 508 739 483 734 499 335 413 274 717 346 568 335
internal_value=0.00540145 0.00453462 -0.00601835 0.011633 0.00598226 0.0286731 0.021343 0.0274901 -0.0198081 -0.00600622 0.0334247 0.00866123 0.02419 0.0024188 -0.017744 -0.0388776 0.000192615 -0.0534322 -0.103358 0.0197282 0.0517123 -0.00170129 -0.0285703 -0.00326176 -0.0272657 -0.0172025 0.00971794 0.0428392 0.00688546 0.00495207
internal_weight=12864.3 12767.6 5134.45 7633.14 5733.27 1899.87 1737.81 1592.73 2481.76 1440.5 330.017 5545.38 1589.19 3956.19 1110.48 1041.27 3820.96 720.881 143.092 1392.8 331.013 3708.53 526.241 362.811 933.407 767.655 1061.79 828.267 2652.69 2576
internal_count=42530 42285 19154 23131 15945 7186 6656 6134 8597 3476 753 15380 3275 12105 2723 5121 11701 3553 689 5663 1222 11521 1568 1069 2248 1835 4441 1667 10557 9989
is_linear=0
shrinkage=0.05


Tree=15
num_leaves=31
num_cat=0
split_feature=82 12 5 44 41 31 27 31 27 33 77 3 46 46 46 77 46 79 25 31 80 82 36 42 10 36 82 46 57 57
split_gain=665.74 491.469 483.132 456.194 287.768 257.272 233.539 231.538 227.147 438.548 269.753 225.092 241.929 221.211 210.073 336.175 479.657 298.837 422.864 285.596 255.751 218.289 209.215 264.191 189.95 189.843 172.574 165.225 162.555 161.623
threshold=8.9550000000000018 0.014216701173222913 5.0833333333333348 0.51689566472175175 13.500000000000002 0.82406250000000003 0.69198717948717958 0.63437500000000013 10.664705882352942 2.3875000000000006 0.80495914856051598 10.473863636363637 61.727941176470594 61.181985294117659 63.30330882352942 0.4132760671498118 59.562500000000007 0.57013005366287517 0.11750000000000005 0.56531250000000011 1.4350000000000003 5.8550000000000013 0.38757469757238788 7.5000000000000009 0.11305643310885023 0.7282648093434132 10.205000000000002 63.242647058823536 232.3602941176471 237.96875000000003
decision_type=8 10 10 10 8 10 10 10 10 10 10 10 2 2 2 10 2 10 8 10 10 10 10 2 10 8 10 2 2 2
left_child=1 5 6 7 -5 14 -2 -4 11 27 25 13 -13 -6 15 20 -17 18 28 -19 -1 -16 -23 -24 -8 -11 -15 -10 -18 -14
right_child=2 -3 3 4 8 -7 24 -9 9 10 -12 12 29 26 21 16 17 19 -20 -21 -22 22 23 -25 -26 -27 -28 -29 -30 -31
leaf_value=0.030004146905682552 0.015369511780818301 0.10915524418790418 -0.03158498638912257 0.024832294754675584 0.022455958641796284 0.075591751639682847 -0.010586198126144785 0.064985928729466957 0.088861952714702694 -0.055051983011252054 0.01658077513704739 -0.15030357942513028 -0.019263132405211346 -0.041233170253473173 0.010219509227913818 -0.0098476621746558454 0.015391137060942559 -0.019909662391897114 0.15305683040045537 0.079675719518499 -0.0033697329763357738 -0.08560562683400165 0.030247281919207558 -0.056815911414873556 0.055933447535831543 -0.16924628839376807 -0.12656860965473798 -0.0012538408439448099 0.091440434940001425 -0.098083230886449546
leaf_weight=1060.4203803837299 2270.4981555975974 143.28864859044552 91.984184466302395 173.14610323682427 120.95690762251616 173.95757766067982 2163.6582217477262 186.74433351308107 93.910052511841059 103.44539605826139 78.646320790052414 107.58282312005758 123.64660908281803 461.65956100448966 2279.6072442978621 276.0714053362608 139.0028445571661 151.71978391706944 175.7269975990057 135.46947139501572 1249.7704563289881 114.73026935756207 197.09517675638199 154.58538191020489 111.93132980167866 56.539714604616165 67.440550163388252 109.54476555064321 142.10936893522739 137.63646221905947
leaf_count=2240 9062 313 413 544 438 361 9958 562 343 588 229 322 507 2796 5470 595 294 449 356 345 2574 292 510 439 532 360 184 393 325 731
internal_value=0.00647776 0.0179142 -0.00484387 -0.0259181 -0.0360015 0.0158054 0.0040274 0.0331172 -0.043223 -0.0132535 -0.0591229 -0.0562004 -0.0873814 -0.0384001 0.0140816 0.0225218 0.0464149 0.0672763 0.0923688 0.027179 0.0119558 0.00384113 -0.0272887 -0.00807497 -0.00729111 -0.0962096 -0.0523285 0.0405727 0.0540238 -0.060999
internal_weight=12852.5 6393.56 6458.97 1912.88 1634.16 6250.27 4546.09 278.729 1461.01 442.086 238.631 1018.92 368.866 650.057 6076.31 3330.29 1020.1 744.028 456.839 287.189 2310.19 2746.02 466.411 351.681 2275.59 159.985 529.1 203.455 281.112 261.283
internal_count=42525 14563 27962 8410 7435 14250 19552 975 6891 1913 1177 4978 1560 3418 13889 7178 2364 1769 975 794 4814 6711 1241 949 10490 948 2980 736 619 1238
is_linear=0
shrinkage=0.05


Tree=16
num_leaves=31
num_cat=0
split_feature=82 9 29 46 28 0 52 58 10 58 28 51 41 24 56 18 31 82 17 24 30 43 41 15 76 21 33 28 29 21
split_gain=464.41 335.777 599.542 682.743 444.193 456.801 296.139 281.701 326.778 252.629 239.083 233.969 240.666 202.586 197.458 193.714 186.211 208.071 349.717 217.592 298.815 270.459 202.203 230.795 215.13 190.254 157.303 148.306 182.147 147.385
threshold=10.045000000000002 5.9483333333333341 0.19518346727838878 62.849264705882355 16.055477272727277 7.5000000000000009 231.03571428571431 30.093750000000004 0.17500227420851788 15.029411764705884 0.24393333333333336 3.6616945769102811 79.000000000000014 0.82511111111111102 5.0275146000952455 2.8660714285714293 0.82406250000000003 5.8050000000000006 2.6547619047619051 0.31733333333333336 0.0020920868347338939 60.67948717948719 144.00000000000003 0.66779362778006834 0.75020661157024804 9.5045454545454557 1.4415584415584417 2.1409687500000003 0.042861887849390573 9.7290209790209801
decision_type=8 10 10 2 10 2 10 2 10 2 10 8 8 8 2 8 10 10 10 8 10 10 8 10 10 8 10 10 10 10
left_child=7 10 11 6 5 -5 -4 8 9 -1 -2 12 -3 -12 29 -9 17 18 22 -19 21 -21 23 -11 27 -23 -15 -24 -29 -13
right_child=1 2 3 4 -6 -7 -8 15 -10 16 13 14 -14 26 -16 -17 -18 19 -20 20 -22 25 24 -25 -26 -27 -28 28 -30 -31
leaf_value=0.08013479272597783 0.017668387814507816 0.062049427740022992 0.013224183438492824 0.074377194962949478 -0.12811785495552994 -0.082534675587410108 0.12840107500905518 -0.0001578333586726497 0.070549270393926208 0.019959971682022393 0.012052859652687035 -0.091355528882542988 -0.061896119691438815 -0.0098039170682805449 0.032086056657203231 -0.0771280626519385 0.064594725007687565 -0.038682085928409521 0.093770752046673955 -0.053421137424422664 0.068912530041969719 -0.026004996681586047 0.003892802612801915 0.084839509413211847 -0.020008514869129468 0.047679720303876579 -0.050601562806635914 0.085674822827717004 0.016067808157645424 -0.046849144107974361
leaf_weight=142.71432340145111 1643.9460096098483 90.982692930847406 92.875207088887691 110.49265480041504 84.589760575443506 78.434162419289351 139.79453723877668 216.38342636823654 271.61368417739868 2211.6297150552273 1001.7323769964278 294.21593611687422 67.222011405974627 1643.1516162864864 57.827329501509666 130.37679724395275 169.33653569221497 378.28449141979218 139.6247279047966 212.23925833404064 156.84708558022976 147.36022989451885 1151.3087913095951 145.2801970988512 697.44579127430916 213.25109381973743 275.12162316590548 136.87968230247498 297.19604070484638 516.82020855695009
leaf_count=310 6878 527 227 437 351 316 499 533 541 4839 4968 1334 518 6792 200 286 346 914 295 424 307 360 2589 327 1802 597 1161 295 714 3027
internal_value=0.00564607 -0.00437969 -0.0246154 0.019895 -0.0336196 0.00914267 0.0826791 0.0146115 0.0169653 0.0146067 0.00242238 -0.0465501 0.00932633 -0.00616415 -0.0567233 -0.0292361 0.0130497 0.0115564 0.0160816 -0.00796048 0.00799713 -0.0087726 0.013724 0.0239934 0.00311539 0.0175805 -0.0156785 0.0132943 0.0381639 -0.0630871
internal_weight=12915 6097.21 1533.25 506.186 273.517 188.927 232.67 6817.77 6471.01 6199.4 4563.95 1027.07 158.205 2920.01 868.863 346.76 6056.68 5887.35 4779.36 1107.98 729.698 572.851 4639.74 2356.91 2282.83 360.611 1918.27 1585.38 434.076 811.036
internal_count=42714 27235 7436 1830 1104 753 726 15479 14660 14119 19799 5606 1045 12921 4561 819 13809 13463 10861 2602 1688 1381 10566 5166 5400 957 7953 3598 1009 4361
is_linear=0
shrinkage=0.05


Tree=17
num_leaves=31
num_cat=0
split_feature=82 4 53 10 81 31 63 79 82 39 20 33 27 76 20 33 76 11 6 21 4 21 58 56 21 55 6 47 2 76
split_gain=501.291 407.905 379.947 542.362 527.836 331.38 299.034 349.543 273.978 266.609 245.366 239.126 215.828 202.367 312.651 254.94 197.061 262.569 214.687 216.625 233.292 195.914 187.586 173.584 167.667 166.722 158.38 155.524 148.111 151.582
threshold=10.285000000000002 6.1177485167460963 1.8944444444444446 0.1937286028244122 10.495000000000003 0.82406250000000003 1.0000000180025095e-35 0.62463463075374348 11.865 22.377823408624234 2.5905203907920321e-16 2.1380952380952385 0.69198717948717958 0.96358262059694522 -0.83333333333333359 1.7573529411764708 0.77852270354300579 0.18151441610749997 7.5196469865640934 7.4027027027027037 1.8877942995856907 8.7533783783783807 19.665441176470591 4.1397566544158604 10.737986270022885 12.984375000000002 6.5878569796153608 0.57294018446191297 1.5000000000000002 0.34186435244550289
decision_type=8 10 10 10 8 10 2 8 10 2 10 10 10 8 10 10 8 10 10 8 10 8 2 2 10 2 8 2 2 10
left_child=5 12 8 11 -5 9 7 -6 25 10 -1 21 -2 -14 15 -15 22 18 19 20 -18 -4 24 -9 -11 -3 -27 -13 29 -24
right_child=1 2 3 4 6 -7 -8 23 -10 16 -12 27 13 14 -16 -17 17 -19 -20 -21 -22 -23 28 -25 -26 26 -28 -29 -30 -31
leaf_value=0.10268963307773367 0.013644761830984849 -0.072835821881607574 -0.13446723927922394 0.088734409468925565 -0.17135562557635242 0.072458091835239047 0.07619937202292737 0.073980021638635735 -0.13187890967266713 0.087768668297864116 0.016268206237676525 0.07024270650531439 0.034816504219965502 -0.02994654873327339 -0.0010110316877137517 -0.12178619101500476 0.0020691156874382685 0.062877020250467111 -0.055712177418886268 0.012238863089617266 -0.046605497431181475 -0.04471674634849717 0.05247750444620132 -0.065016772026814704 0.017591809755105711 -0.052681364092630113 0.064300507118718583 -0.036452576395234276 0.059711986907257035 -0.0021085222030049412
leaf_weight=155.0027060508728 2309.3735137507319 171.37793646007776 72.134624753147364 207.38511897623539 48.431457579135895 244.76154363155365 50.811442315578461 38.199014633893967 120.02269035577774 209.00903615355492 174.40305960178375 66.586726006120443 246.82921840250492 488.18655164912343 1511.1815024279058 88.69389658793807 813.63791742920876 197.05632399022579 144.35151416063309 3484.13174931705 351.91100995242596 375.60161462798715 155.74096067249775 51.613894712179899 144.13835267722607 57.618724707514048 56.142421919852495 68.142769068479538 166.77208732068539 674.03162045776844
leaf_count=393 9272 1021 314 478 135 504 266 306 299 406 395 177 534 1827 8425 376 1666 391 357 8301 769 2072 285 417 355 313 353 447 367 1452
internal_value=0.00624644 -0.00429202 -0.0281064 -0.0112254 0.0338358 0.015433 -0.0265354 -0.0645714 -0.0687644 0.0133299 0.0571217 -0.0419006 0.00280958 -0.00790843 -0.0129732 -0.044253 0.0110463 0.0064597 0.00412806 0.00599741 -0.0126544 -0.0594439 0.0279897 -0.00573533 0.0592563 -0.0418297 0.00510776 0.0164079 0.0168615 0.00818763
internal_weight=12943.3 6028.33 1384.07 978.907 396.441 6914.95 189.056 138.244 405.162 6670.19 329.406 582.466 4644.26 2334.89 2088.06 576.88 6340.78 4991.09 4794.03 4649.68 1165.55 447.736 1349.69 89.8129 353.147 285.139 113.761 134.729 996.545 829.773
internal_count=42673 27032 6598 4612 1602 15641 1124 858 1986 15137 788 3010 20434 11162 10628 2203 14349 11484 11093 10736 2435 2386 2865 723 761 1687 666 624 2104 1737
is_linear=0
shrinkage=0.05


Tree=18
num_leaves=31
num_cat=0
split_feature=82 27 10 3 27 27 14 15 44 76 77 27 27 33 11 69 27 29 27 18 20 56 19 11 29 29 29 19 41 58
split_gain=446.557 308.325 264.611 226.307 223.952 475.335 224.489 205.611 235.448 188.296 208.81 183.992 174.71 285.128 351.764 254.421 219.332 202.508 147.906 300.521 168.748 230.951 192.094 155.154 247.714 173.815 263.395 149.71 150.45 145.199
threshold=8.9550000000000018 1.2031250000000002 0.17500227420851788 10.017424242424244 14.638333333333334 16.031250000000004 0.93035714285714299 0.89302229457658655 0.55333980165578456 0.77852270354300579 0.42997231691801135 12.899375000000001 11.261904761904765 1.7416666666666669 0.11108541992584063 0.022069297804591926 10.06309523809524 0.17546178869884488 2.2908088235294124 1.4365079365079367 0.81666666666666654 4.0069196428571443 0.069047619047619066 0.14534802739299205 0.14531476179766326 0.076156322741274915 0.066009280068400872 0.087121212121212141 48.500000000000007 17.97058823529412
decision_type=8 10 10 10 10 10 10 10 10 8 10 10 10 10 8 2 10 10 8 10 10 2 10 10 10 10 10 10 10 2
left_child=2 3 9 -2 6 -6 7 11 -9 10 29 12 13 16 -15 -14 17 -3 19 -11 22 -22 23 24 25 26 -20 28 -23 -1
right_child=1 4 -4 -5 5 -7 -8 8 -10 18 -12 -13 15 14 -16 -17 -18 -19 20 -21 21 27 -24 -25 -26 -27 -28 -29 -30 -31
leaf_value=0.062756166420831025 0.010396175129340489 -0.010978592338364089 0.078905674766674538 -0.057676453619454532 0.10191422570233036 -0.046382096203161922 -0.094245811679553981 0.10439671405272616 -0.024232868606923069 0.005913102397519937 0.082103043273502985 -0.074530310805556027 0.076222199959655998 0.014494565982147959 -0.083800732604582234 -0.039649533283665946 0.054868812269303173 -0.068942608614342926 0.017460232488197891 -0.04922109849510637 0.047243216598695841 -0.037052139737855226 0.078902262318034336 -0.035384081021772172 0.080330997375721094 -0.0048852271043104559 0.082804534127131096 -0.065544381154919715 0.015729240354959591 0.014313276492260657
leaf_weight=181.6814146488905 2801.4251087866724 2013.8099534772336 152.69077196717262 126.66811279952526 118.00523928180337 98.159659367054701 92.260561712086201 73.763715758919716 67.282921522855759 1312.0655448287725 161.76704597473145 137.72068658471107 117.45423987135291 127.42582450807095 315.25791325420141 78.132364496588707 116.32259906828403 161.94480843096972 1155.1521030217409 303.47553250193596 167.88001999258995 232.39505901932716 133.08881163597107 130.83215247094631 159.30121576786041 677.80354179441929 177.16764467954636 132.53613126277924 319.37200275063515 1016.8678227066994
leaf_count=370 11412 10115 305 385 330 448 741 215 417 2892 415 483 427 690 1190 345 329 435 2789 785 440 640 317 261 317 1534 395 288 774 2096
internal_value=0.00474244 -0.00455182 0.0140817 0.0074327 -0.0145273 0.0346699 -0.0177581 -0.0155305 0.0432984 0.0124885 0.0289404 -0.0182482 -0.0155786 -0.0188457 -0.0555377 0.0299679 -0.0117381 -0.0153226 0.00791726 -0.00446777 0.0140067 -0.00513686 0.0207103 0.0173106 0.0205033 0.0157244 0.0262051 -0.0180374 -0.00652821 0.0217027
internal_weight=12859.7 6445.63 6414.08 2928.09 3517.54 216.165 3301.38 3209.12 141.047 6261.39 1360.32 3068.07 2930.35 2734.76 442.684 195.587 2292.08 2175.75 4901.07 1615.54 3285.53 852.183 2433.35 2300.26 2169.42 2010.12 1332.32 684.303 551.767 1198.55
internal_count=42580 27962 14618 11797 16165 778 15387 14646 632 14313 2881 14014 13531 12759 1880 772 10879 10550 11432 3677 7755 2142 5613 5296 5035 4718 3184 1702 1414 2466
is_linear=0
shrinkage=0.05


Tree=19
num_leaves=31
num_cat=0
split_feature=19 82 14 4 11 44 36 76 36 78 27 76 29 41 21 43 55 79 82 29 46 82 43 51 41 82 44 48 82 48
split_gain=417.884 353.127 411.942 336.864 259.972 258.112 225.876 355.899 225.622 220.633 197.957 233.763 183.194 178.222 169.957 219.031 172.133 296.96 270.547 205.84 422.355 259.653 192.899 163.497 192.071 165.878 162.024 159.346 166.769 152.043
threshold=0.90909090909090928 10.285000000000002 0.8804545454545456 2.7354011854568809 0.18919874775578091 0.55244987490471575 0.76864366134059103 0.87858313457901727 0.89248510518231794 1.0000000180025095e-35 15.034375000000002 1.127710629221472 0.0031830299687442549 205.00000000000003 8.146428571428574 64.320512820512832 14.281985294117648 -0.061044635652073652 5.9250000000000007 0.06427514040270195 62.029411764705891 2.5050000000000003 61.516666666666673 3.4701739646140166 79.000000000000014 4.5550000000000006 0.5649933687002654 18.393382352941178 1.4350000000000003 26.843750000000004
decision_type=10 8 10 10 10 10 10 10 10 10 10 10 10 8 8 8 2 10 8 8 2 10 10 10 8 10 10 2 10 2
left_child=1 2 4 12 14 6 9 -8 10 29 11 -7 13 -3 23 16 18 -18 19 21 26 -16 -20 -1 -25 -26 -21 -17 -29 -5
right_child=-2 3 -4 5 -6 8 7 -9 -10 -11 -12 -13 -14 -15 15 27 17 -19 22 20 -22 -23 -24 24 25 -27 -28 28 -30 -31
leaf_value=0.046401397738942647 0.10450004063663404 0.043707503676099969 0.096153251036490819 -0.009308251790372311 0.062344284483138758 -0.029986527763732909 -0.021977977642772248 0.11611496319612274 -0.11947049706805815 -0.069029146247663487 0.027040992836766232 -0.1281848366117731 -0.0043777218719143586 0.0062033290863669635 0.025779855435051364 0.033480377022470184 0.098600428573883209 0.021781839697031381 -0.044401899917541017 0.042135309913589672 0.0061258717301686458 -0.027701137919250159 0.018077983799255858 0.025810764294132867 -0.0094802155922625517 -0.057813647360234505 0.10496498559044803 0.019409923698079555 -0.019197764288710853 0.078929378719074669
leaf_weight=145.38766938447952 104.11340841650963 456.49461255595088 141.8814195394516 226.56724848225713 231.13410358130932 1087.1420448794961 87.276064720004797 98.589775592088699 71.331899080425501 127.89930507540703 141.41863241419196 63.325867727398872 2526.0984407067299 1031.174561791122 771.6662914454937 276.1573853045702 182.9640144109726 400.55916781723499 280.38486032187939 182.53783603012562 396.21253216266632 320.40906926989555 219.44873216748238 325.93081039190292 1172.1311387121677 208.33158129453659 239.76844125986099 391.63867978751659 972.03848013281822 61.173244647681713
leaf_count=323 259 2003 319 1619 452 6464 430 219 349 372 490 163 10440 4043 1589 609 258 1072 588 337 1025 737 533 664 2579 431 484 918 2617 251
internal_value=0.00521083 0.00439748 0.0121392 -0.00448444 0.0103505 -0.0214428 0.00583392 0.0515008 -0.0334738 -0.014662 -0.0286367 -0.0354983 0.00381988 0.0177332 0.00848817 0.0136041 0.021647 0.0459958 0.0157359 0.0243016 0.0432436 0.0100778 -0.0169892 -0.00431396 -0.00865965 -0.016811 0.0779712 -0.00108466 -0.0081038 0.00965934
internal_weight=12941.2 12837.1 6858.58 5978.49 6716.7 1964.72 601.506 185.866 1363.22 415.64 1291.89 1150.47 4013.77 1487.67 6485.57 4633.79 2993.95 583.523 2410.43 1910.59 818.519 1092.08 499.834 1851.78 1706.39 1380.46 422.306 1639.83 1363.68 287.74
internal_count=42637 42378 15535 26843 15216 10357 2891 649 7466 2242 7117 6627 16486 6046 14764 10767 6623 1330 5293 4172 1846 2326 1121 3997 3674 3010 821 4144 3535 1870
is_linear=0
shrinkage=0.05


Tree=20
num_leaves=31
num_cat=0
split_feature=19 3 69 14 14 39 17 76 20 10 44 57 30 41 79 20 11 79 17 5 79 21 46 26 31 21 30 39 39 56
split_gain=365.749 290.896 361.43 248.482 438.873 344.017 273.957 244.736 221.906 350.235 313.744 293.391 245.327 254.555 265.802 230.694 252.925 211.636 208.756 347.6 339.177 247.434 214.257 205.887 200.475 197.88 193.375 175.733 167.352 165.194
threshold=0.90909090909090928 16.230303030303034 0.04666324506991016 0.93035714285714299 0.89101010101010114 26.472279260780294 3.4365079365079372 0.73989235030632194 0.84523809523809534 0.19151219607364076 0.50474029475197713 235.82352941176472 1.0000000180025095e-35 205.00000000000003 -0.28210604169850068 -2.9321274752920795e-16 0.085161789409086017 0.62463463075374348 3.035714285714286 13.983333333333336 -0.26632874392615041 8.2016949152542384 63.545955882352949 13.500000000000002 0.66373626373626382 10.737986270022885 0.0028093434343434347 26.544832306639289 22.984257357973991 4.6525892408245362
decision_type=10 10 2 10 10 2 10 8 10 10 10 2 8 8 8 10 10 8 10 10 8 10 2 2 10 10 10 2 2 2
left_child=1 3 -3 4 7 -6 -5 -1 9 12 11 -10 15 14 -14 16 24 27 -12 20 -20 -22 23 -23 -9 -21 29 28 -16 -19
right_child=-2 2 -4 6 5 -7 -8 8 10 -11 18 -13 13 -15 17 -17 -18 26 19 25 21 22 -24 -25 -26 -27 -28 -29 -30 -31
leaf_value=0.023629762927569645 0.09430795982121179 0.012502195388421445 -0.13634747247488763 0.0255757336408741 0.15513257504099889 0.020140327021297165 -0.11769849738577561 -0.0038737431846090596 -0.019803822573779873 0.07419511155582878 -0.0048790040915699688 0.086242276745138388 -0.023595199165939572 -0.003330981533849166 0.073998873849722799 0.0029054758900338069 -0.082263263750198004 0.045795286443399884 -0.12816544104367977 0.07397039167223049 -0.11847259170743779 -0.12470448291452314 0.0035135901226077018 -0.023127065826660631 -0.067602519548517717 -0.024207294455332012 -0.036604720108892166 0.102413463160224 0.019754990275611509 -0.028202542974953088
leaf_weight=1383.7924280017614 110.61163561046124 80.166350148618221 81.687848970293999 54.147550970315933 83.988024815917015 106.91939508542418 84.672309815883636 868.22480714693666 116.74599876254797 178.38715070858598 1193.4866556636989 145.90064895153046 205.6894845366478 979.77570378780365 244.7051859498024 4692.3463140688837 150.3543051853776 368.59239438548684 123.67284107208252 93.296652939170599 79.747992131859064 80.681570276618004 293.65562292188406 129.66781532391906 142.87859430909157 111.83095506578684 137.57742851227522 155.37562437355518 339.98683719336987 94.030562613159418
leaf_count=2897 279 392 394 219 257 495 573 2877 307 431 4880 445 308 3847 539 15313 475 2039 173 255 250 298 1234 580 559 461 473 282 725 400
internal_value=0.00418724 0.00340128 -0.0629982 0.00425643 0.0049974 0.0800279 -0.0620303 0.00382744 0.00131766 0.00506648 -0.012223 0.0392086 0.00358616 0.0166073 0.0292374 -0.00203392 -0.0219747 0.0373572 -0.0186527 -0.0366416 -0.0532418 -0.0371766 -0.0241042 -0.0624938 -0.0129371 0.0205884 0.0152576 0.0552353 0.0425447 0.0307264
internal_weight=12912.6 12802 161.854 12640.1 12501.3 190.907 138.82 12310.4 10926.6 8557.92 2368.69 262.647 8379.54 2525.73 1545.96 5853.8 1161.46 1340.27 2106.04 912.553 707.426 583.753 504.005 210.349 1011.1 205.128 600.2 740.068 584.692 462.623
internal_count=42657 42378 786 41592 40800 752 792 40048 37151 28268 8883 752 27837 8613 4766 19224 3911 4458 8131 3251 2535 2362 2112 878 3436 716 2912 1546 1264 2439
is_linear=0
shrinkage=0.05


Tree=21
num_leaves=31
num_cat=0
split_feature=3 76 31 20 76 28 29 6 31 11 41 29 56 57 30 54 22 31 52 41 56 82 80 11 6 17 29 45 77 56
split_gain=327.243 291.42 278.242 354.63 341.419 333.631 299.443 277.681 515.775 245.156 269.592 253.021 233.972 380.297 227.047 239.328 227.821 225.118 199.268 188.004 185.958 176.891 210.811 248.444 175.863 164.886 156.444 148.971 190.845 143.715
threshold=16.230303030303034 0.73989235030632194 0.81067873303167426 0.83333333333333337 1.1842356091030792 12.2865 0.12871578687964505 2.0334016370498049 0.69968750000000013 0.07928354584699808 96.500000000000014 0.076156322741274915 3.8945032648998659 244.31250000000003 1.0000000180025095e-35 21.75961538461539 0.75716625716625729 0.6036666666666668 234.62019230769235 34.500000000000007 4.7950356045887501 11.865 9.5550000000000015 0.17152436452963618 3.0430528130616232 1.9045454545454548 0.10961528201250155 21.12916666666667 0.22573765245787183 4.3961172663986678
decision_type=10 8 8 8 10 10 10 10 10 10 8 10 2 2 10 10 8 10 10 8 2 10 10 10 10 10 10 8 10 2
left_child=1 -1 3 6 14 12 9 -8 -9 25 11 -11 13 -5 16 -16 21 20 -2 -18 26 22 23 -4 -6 -3 -14 -21 -29 -19
right_child=18 2 4 5 24 -7 7 8 -10 10 -12 -13 17 -15 15 -17 19 29 -20 27 -22 -23 -24 -25 -26 -27 -28 28 -30 -31
leaf_value=0.026414850183799812 -0.13132735462032405 0.0036629211830370742 -0.0053328164833980757 0.084809752393788629 0.023600364995058673 -0.08939300979275909 -0.0051726279761717241 0.12543285548567001 0.010388915900352423 0.070707492423630974 -0.050849858140614268 -0.031847919545409054 -0.0094074940175018287 -0.016709789775370479 0.0036398550743325184 0.106130737212426 0.082278580760162617 -0.021920346348494629 -0.020147061711779764 0.033861523523124146 0.03445455365999877 -0.095040551479569191 0.073541723400583292 -0.087045552737930423 0.092482971316205059 0.068322032708862376 -0.068830298914883556 0.0084481396183941296 -0.0611768248683505 -0.065797457506454798
leaf_weight=1400.8909879177809 67.09029982984066 4085.2037786841393 708.48182876035571 150.99223870038986 176.60980707406998 149.20894449204206 238.87277065217495 179.10942502319813 212.65364916622639 109.8848714530468 432.1097209379077 130.5282891318202 1182.7514622732997 234.02999465167522 110.34519722312689 116.89209495484829 100.89947973191738 429.85688923299313 99.838106028735638 491.53413441777229 221.71046058833599 62.879463538527489 70.384101763367653 106.11080894619226 196.06848841905594 100.04162558168173 121.27333838492632 764.39030013978481 111.94514606893063 330.95820668339729
leaf_count=2958 272 12476 4454 529 428 516 563 478 582 301 1495 401 3962 1122 292 323 372 1254 514 2004 584 159 155 774 480 329 416 3167 274 959
internal_value=0.00399555 0.00491015 0.00224812 -0.00247415 0.0152523 -0.0168794 0.00493118 0.0373166 0.0631711 0.000720086 -0.0272776 0.0151255 -0.0127975 0.0232192 0.00892575 0.0565957 0.00442174 -0.0188697 -0.0653476 0.01675 -0.00778056 -0.0146792 -0.00886857 -0.0160706 0.0599905 0.00522445 -0.0149823 0.0118598 -0.000505509 -0.0410684
internal_weight=12893.5 12726.6 11325.7 8309.19 3016.54 2820.78 5488.4 630.636 391.763 4857.77 672.523 240.413 2671.57 385.022 2643.86 227.237 2416.63 2286.55 166.928 1468.77 1525.74 947.856 884.977 814.593 372.678 4185.25 1304.02 1367.87 876.335 760.815
internal_count=42593 41807 38849 25967 12882 9342 16625 1623 1060 15002 2197 702 8826 1651 11974 615 11359 7175 786 5817 4962 5542 5383 5228 908 12805 4378 5445 3441 2213
is_linear=0
shrinkage=0.05


Tree=22
num_leaves=31
num_cat=0
split_feature=19 15 14 24 43 79 21 79 55 11 56 47 31 82 44 7 41 17 48 6 39 28 44 29 31 6 2 22 4 82
split_gain=480.99 323.011 282.414 288.085 476.038 251.499 278.416 238.099 377.933 272.103 249.827 262.631 293.128 364.584 229.48 224.48 221.689 286.349 261.026 231.386 266.176 200.832 308.527 197.95 212.497 252.85 184.565 187.586 236.817 156.2
threshold=0.90909090909090928 0.93919955647883879 0.90679487179487184 -4.7388888888888872 61.207142857142863 -0.061044635652073652 10.93933823529412 0.57013005366287517 16.275735294117652 0.077330669110784428 4.15789859627069 0.52312102085432144 0.73928571428571443 8.8150000000000031 0.55884438881935761 13.096000000000002 45.500000000000007 3.1055555555555561 22.029411764705888 4.101709309747692 26.63518138261465 6.8670461538461547 0.61850107286047695 0.059585121902935835 0.54944444444444462 4.7134745779223897 1.0000000180025095e-35 0.76220238095238102 11.426424317566218 1.9850000000000001
decision_type=10 10 10 8 10 8 10 8 2 10 2 2 8 10 10 10 10 10 2 10 2 10 10 8 8 10 2 10 10 8
left_child=1 2 3 4 -1 -6 -7 8 15 -9 11 -11 -13 -14 -3 16 17 -5 23 21 -21 22 -20 29 -25 -26 27 28 -12 -18
right_child=-2 14 -4 7 5 6 -8 9 -10 10 26 12 13 -15 -16 -17 18 -19 19 20 -22 -23 -24 24 25 -27 -28 -29 -30 -31
leaf_value=0.14668716492646661 0.1092487569228007 0.011930134961951918 0.075315779555200787 0.00073157206756736511 -0.052203463571255965 0.10554340846655602 -0.029534070914174905 0.0024749979888319695 0.077481973375482141 0.080669103463935521 -0.023838931653807034 -0.04130942807734355 -0.012148430698374632 0.13412280438135962 -0.11427913578373206 0.061030910155039676 0.034961802664773035 -0.04904866750234764 -0.010696298188023364 -0.012161349680213738 0.061030910155039676 -0.056741367097098386 0.060769607068417865 0.061030910155039676 0.038986906802320725 -0.030180147850004432 -0.073437042946452188 0.018465102348459102 -0.11094017047035219 -0.010871036383210173
leaf_weight=91.334582153707743 109.16306218504906 56.917131152004004 140.99989483878016 2258.2870910018682 90.923131585121155 94.613551210612059 62.876589272171259 3745.5704881995916 196.32280549407005 91.664021883159876 424.84711530059576 304.66926003247499 124.13445103913546 63.744171753525734 96.267767213284969 187.62843099236488 302.71149586141109 330.25299765169621 1194.9081049263477 177.37197770178318 221.91282866895199 187.39397370815277 171.84823267161846 323.44552230834961 654.37027218937874 164.70255589485168 265.11466801539063 186.29917917028069 94.861322205513716 478.35710282623768
leaf_count=212 272 385 594 4909 140 406 380 18631 278 412 1851 1560 965 180 545 403 584 580 2026 405 404 288 487 585 1276 346 1259 712 509 1046
internal_value=0.00521833 0.00432156 0.00519922 0.00440172 0.0497448 0.0136566 0.0517688 0.00312985 0.00928669 -0.0048259 -0.0223983 0.00343736 -0.0110699 0.0379264 -0.0676118 0.00726304 0.00569351 -0.00563602 0.0132573 0.000381274 0.0342825 -0.00834492 -0.00167272 0.0263262 0.0395794 0.0250587 -0.0379281 -0.0245091 -0.0399199 0.00691396
internal_weight=12893.5 12784.4 12631.2 12490.2 339.748 248.413 157.49 12150.4 6849.51 5300.9 1555.33 584.212 492.548 187.879 153.185 6653.19 6465.56 2588.54 3877.02 1953.44 399.285 1554.15 1366.76 1923.59 1142.52 819.073 971.122 706.008 519.708 781.069
internal_count=42630 42358 41428 40834 1138 926 786 39696 13617 26079 7448 3117 2705 1145 930 13339 12936 5489 7447 3610 809 2801 2513 3837 2207 1622 4331 3072 2360 1630
is_linear=0
shrinkage=0.05


Tree=23
num_leaves=31
num_cat=0
split_feature=82 10 82 81 31 11 53 9 14 25 58 29 77 24 37 41 39 24 20 53 41 48 28 21 77 76 39 33 33 73
split_gain=311.399 364.815 297.126 261.228 225.047 226.972 324.923 316.884 323.262 308.302 290.719 180.445 217.026 182.952 245.558 176.768 210.511 172.28 170.19 203.65 192.797 170.17 167.906 151.337 175.561 194.279 166.283 164.723 157.449 168.088
threshold=9.7050000000000018 0.17500227420851788 15.975000000000003 5.9250000000000007 0.91775000000000007 0.23586780831945517 2.1602564102564106 10.216666666666669 0.84441558441558451 -0.014285714285714261 24.031250000000004 0.071348108348387188 0.23996303832790652 0.82511111111111102 1.5000000000000002 169.00000000000003 23.874058863791927 -0.82533333333333303 -4.1002554886724526e-17 2.0871212121212124 86.500000000000014 30.816176470588239 1.5753333333333335 9.0094339622641524 0.81506506506506515 0.86444848716966682 28.973305954825467 1.3981900452488689 2.2761904761904765 10.500000000000002
decision_type=8 10 10 8 10 10 10 10 10 10 2 10 10 10 8 10 2 8 8 8 8 2 8 10 10 8 2 10 10 2
left_child=1 15 3 -2 5 7 -7 8 11 -10 17 12 13 14 22 16 18 -9 -1 20 -20 -18 -5 24 25 -13 -27 -28 29 -25
right_child=2 -3 -4 4 -6 6 -8 10 9 -11 -12 23 -14 -15 -16 -17 21 -19 19 -21 -22 -23 -24 28 -26 26 27 -29 -30 -31
leaf_value=0.074020998798187243 -0.095456161397263858 0.070996006110120399 -0.097032856502628925 0.0016207208003691216 -0.078313617008442832 -0.020173889649043635 0.10205561479630064 -0.068663204457856328 0.011936949288904613 0.17482452205860063 -0.087086059045481418 0.026083115567976406 -0.05940496361422784 -0.022557001055796038 0.0069651846177479458 -0.013764492871116163 0.0058058620041851073 0.0080065298812615794 0.096547441541195378 0.0028040383655091941 0.019060452705219614 0.061883078438983087 0.08757695810945422 -0.051215417460091429 0.037288842246863851 -0.033053912471387253 -0.049163859851338254 -0.14619511433593191 0.066578845607885795 0.016499056295181783
leaf_weight=197.62049534916878 74.428695097565651 245.3033133149147 84.152022808790207 86.289804711937904 93.660443440079689 95.492214169353247 124.4023776166141 98.224875576794147 66.783119767904282 50.631475023925304 195.50866635516286 86.737112998962402 127.17670905590057 465.62584102526307 3052.7406609840691 753.09731514751911 4543.513125166297 279.47304667532444 143.243661865592 512.15348240733147 182.43508891761303 138.45523434877396 165.53206791728735 148.29824646934867 76.784610360860825 321.10424045845866 98.279987182468176 80.173509046435356 81.132422409951687 236.46540367230773
leaf_count=442 161 473 246 493 584 327 431 398 448 257 1050 177 331 2604 12483 1603 10335 1303 323 1209 486 361 1142 842 158 1500 421 346 389 1406
internal_value=0.00381261 0.011268 -0.0042778 -0.00298356 -0.00182663 -0.000606974 0.0491248 -0.00252809 0.00140437 0.0830605 -0.0377576 -0.000519249 0.0045803 0.00675385 0.0108894 0.00899305 0.0119925 -0.012061 0.0323832 0.0224856 0.0533329 0.00747704 0.0582459 -0.018112 -0.0334388 -0.0427494 -0.0547289 -0.0933287 0.00372645 -0.00966503
internal_weight=12904.9 6715.82 6189.1 6104.95 6030.52 5936.86 219.895 5716.96 5143.76 117.415 573.207 5026.34 3897.37 3770.19 3304.56 6470.52 5717.42 377.698 1035.45 837.832 325.679 4681.97 251.822 1128.98 663.079 586.295 499.558 178.453 465.896 384.764
internal_count=42729 15232 27497 27251 27090 26506 758 25748 22997 705 2751 22292 17053 16722 14118 14759 13156 1701 2460 2018 809 10696 1635 5239 2602 2444 2267 767 2637 2248
is_linear=0
shrinkage=0.05


Tree=24
num_leaves=31
num_cat=0
split_feature=19 3 77 28 48 46 55 81 9 39 5 28 15 76 15 24 22 79 46 46 80 0 39 4 48 22 76 6 29 79
split_gain=351.486 273.579 277.769 377.484 436.594 662.258 378.348 395.052 329.242 249.519 280.604 217.056 191.372 178.633 224.948 169.901 167.738 166.466 164.53 159.735 181.429 179.569 196.758 175.573 198.571 168.4 179.754 157.165 155.156 141.594
threshold=0.90909090909090928 16.230303030303034 0.72475789915510735 6.6900000000000004 22.878676470588239 64.332720588235318 13.179080882352944 6.5850000000000009 12.152000000000001 26.777549623545521 8.4166666666666696 11.207800000000001 0.70265147898070246 0.98785243741765483 0.82192973428390148 1.3599999999999999 0.71132478632478646 0.11793023354926707 63.150735294117659 61.939338235294123 7.7150000000000007 10.500000000000002 22.377823408624234 5.6077664420061852 19.121323529411768 0.78611556982343511 0.67602816901408458 3.2791295299153731 0.18574979050989218 -0.21645105608133777
decision_type=10 10 10 8 2 2 2 8 10 2 10 10 10 8 10 8 10 8 2 2 10 2 2 10 2 8 8 10 8 8
left_child=1 2 8 15 6 -6 7 -5 9 11 12 19 -11 -10 -15 -4 -16 -14 -3 21 23 22 -1 -21 -25 29 -27 -23 -7 -24
right_child=-2 18 3 4 5 28 -8 -9 13 10 -12 -13 17 14 16 -17 -18 -19 -20 20 -22 27 25 24 -26 26 -28 -29 -30 -31
leaf_value=0.076057382748492219 0.096623521576915644 -0.0034658852415701959 0.021408238098540651 0.040709885008878725 0.11976184187563564 -0.025875804131061969 0.065657799588755075 -0.054618723312814067 0.020453261391835814 -0.0047743526807148629 -0.051999354618201835 0.081304912023960105 0.11682898878458546 -0.10382626765530403 -0.067546442724888911 -0.046101184217637509 0.050441205094910568 0.017864701199923162 -0.10406983989154717 0.0045807935166259249 0.070505665487783364 0.024951905083405668 -0.061733062634565711 -0.10674716959278852 -0.013367215748108043 0.077271523859124405 0.013895856175172919 0.10340755560094222 0.050119994984474441 0.0004230418501693939
leaf_weight=119.90977762639523 102.15754248201847 72.458706513047218 155.21682845056057 181.97449935972691 305.24339640140533 134.1467778980732 206.51083163917065 266.82752895355225 79.369494065642357 3870.9554230570793 301.99371697753668 103.95768777281046 55.333071678876877 155.68287222459912 63.509018737822771 230.51205910742283 55.550623498857021 174.961251411587 91.7541887126863 3552.5253327004611 95.926132410764694 149.57253257930279 115.87304210662842 70.700717851519585 278.25180067121983 124.65987442433834 1028.704695943743 111.50242046639323 132.61181889474392 424.08985879272223
leaf_count=289 264 316 473 407 594 309 457 587 161 12173 1175 446 105 827 467 665 289 1142 457 12907 255 424 165 275 1500 215 2695 298 296 1672
internal_value=0.00470097 0.00395461 0.004796 0.0241582 0.0377111 0.0695911 0.00982028 -0.0159615 0.00193738 0.0035267 -0.00556661 0.0100101 -0.00213572 -0.0454191 -0.0644539 -0.0189504 -0.0125344 0.0420453 -0.0599682 0.0087762 0.00293245 0.0200308 0.0144301 0.00125338 -0.0325378 0.0100237 0.0208067 0.0587262 0.0119495 -0.0130048
internal_weight=12812.4 12710.3 12546.1 1613.04 1227.31 572.002 655.313 448.802 10933 10578.9 4403.24 6175.67 4101.25 354.112 274.743 385.729 119.06 230.294 164.213 6071.72 3997.4 2074.31 1813.24 3901.48 348.953 1693.33 1153.36 261.075 266.759 539.963
internal_count=42305 42041 41268 3788 2650 1199 1451 994 37480 35736 14595 21141 13420 1744 1583 1138 756 1247 773 20695 14937 5758 5036 14682 1775 4747 2910 722 605 1837
is_linear=0
shrinkage=0.05


Tree=25
num_leaves=31
num_cat=0
split_feature=82 14 82 27 29 66 26 45 77 22 56 26 41 50 43 44 11 54 54 21 79 53 18 76 29 82 76 82 39 46
split_gain=384.717 526.718 280.968 241.517 262.695 346.649 324.151 276.442 259.225 274.51 290.217 284.391 278.303 242.631 241.718 199.143 184.164 240.547 167.592 153.951 187.412 199.448 191.362 243.963 164.635 174.912 160.617 180.93 154.813 147.455
threshold=6.5950000000000006 0.70035714285714301 15.975000000000003 14.638333333333334 0.070818899567707955 6.5000000000000009 16.500000000000004 26.516666666666669 0.58726163188402325 0.75128865979381454 4.301018798315555 15.500000000000002 43.500000000000007 11.164545454545456 60.866071428571438 0.65569446614922489 0.1630735862824905 22.174242424242429 30.519230769230774 8.146428571428574 0.51498221947670986 2.2403846153846159 2.2928571428571431 1.1807038502700418 0.06427514040270195 2.7550000000000003 0.75020661157024804 2.4750000000000005 25.908281998631079 63.909926470588239
decision_type=8 10 10 10 10 2 2 10 8 10 2 2 10 10 8 10 10 10 10 10 10 10 10 8 8 10 8 10 2 2
left_child=1 19 3 4 16 6 7 29 14 15 11 -11 -12 -5 -7 18 -2 -18 -10 26 21 22 23 -21 25 -23 28 -28 -1 -6
right_child=2 -3 -4 13 5 8 -8 -9 9 10 12 -13 -14 -15 -16 -17 17 -19 -20 20 -22 24 -24 -25 -26 -27 27 -29 -30 -31
leaf_value=-0.005928351089931407 0.0053001310131198312 0.081639610908451996 -0.092544629014478297 -0.0027847761446912721 -0.057038256675775223 -0.12030969123774352 0.10316476229657828 0.080502375163041387 -0.026206926043141083 -0.0044771544226738921 -0.079256120294357871 0.099258410476516179 0.027534278729526199 0.12045448526313107 -0.037015055906856463 -0.089258895645097827 0.014886087055466991 -0.090674124934708777 0.048236492447297559 0.0025657109761757484 0.0012547837262142378 0.013620713637479815 0.093748571985574541 0.070485400039485432 0.034991478176869172 -0.051233741550480022 0.0034880235188511259 -0.030148224872501239 0.056010179997342292 0.019729294728100488
leaf_weight=175.99044470489025 4120.2977760061622 264.46589270234108 88.534984171390533 81.747930873185396 147.97301852703094 113.73355388641357 99.353168100118637 81.273682799190283 1195.6912491358817 121.86013154685497 116.46099403873086 143.09708372503519 126.15780724212527 77.005892235785723 368.77722010016441 117.7555880099535 99.795871298760176 115.89879522100091 79.797122940421104 290.94276894629002 1029.0332602709532 319.66599620878696 174.75020769238472 241.45791839063168 441.97313702106476 152.86785240471363 1686.8009697049856 522.91720701754093 234.84678217768669 107.13891859352589
leaf_count=330 17680 637 252 313 614 278 159 346 5258 430 317 422 400 320 1084 656 295 380 355 522 3052 634 363 506 949 326 3645 1157 463 498
internal_value=0.0029479 0.0129169 -0.00450799 -0.00342978 -0.00478671 -0.0166656 0.0242994 0.000769358 -0.0241622 -0.0158373 0.015621 0.0517105 -0.0238418 0.0573741 -0.0568568 -0.027301 0.00293848 -0.0419911 -0.0215155 0.00945419 0.0179479 0.0285334 0.0484573 0.0334435 0.0130908 -0.00742402 0.000859213 -0.00448184 0.0295276 -0.0248472
internal_weight=12938.1 5535.71 7402.35 7313.82 7155.06 2819.07 435.739 336.386 2383.33 1900.82 507.576 264.957 242.619 158.754 482.511 1393.24 4335.99 215.695 1275.49 5271.25 2650.69 1621.66 707.151 532.401 914.507 472.534 2620.56 2209.72 410.837 255.112
internal_count=42641 12584 30057 29805 29172 10817 1617 1458 9200 7838 1569 852 717 633 1362 6269 18355 675 5613 11947 6352 3300 1391 1028 1909 960 5595 4802 793 1112
is_linear=0
shrinkage=0.05


Tree=26
num_leaves=31
num_cat=0
split_feature=82 10 39 9 55 29 39 28 59 58 77 53 13 77 59 41 9 76 28 18 41 73 47 30 27 53 36 53 55 3
split_gain=292.968 349.962 323.166 312.86 255.426 265.39 306.998 264.149 233.348 219.517 218.848 196.516 188.071 183.093 173.296 157.609 180.557 154.231 218.94 162.232 168.113 215.66 245.57 199.66 289.917 229.915 243.361 219.129 213.814 212.616
threshold=10.475000000000003 0.16734927337770031 28.943189596167013 5.9483333333333341 9.5031250000000025 0.19755184108075041 26.153319644079399 16.307125000000003 0.75000000000000011 15.029411764705884 0.88700534638041739 2.1909090909090914 0.0018488286831542784 0.22573765245787183 0.75000000000000011 64.500000000000014 14.214666666666668 0.77852270354300579 4.8263487179487194 5.2071428571428582 144.00000000000003 4.5000000000000009 0.57177042047298043 0.0034843628593628595 10.017156862745098 2.226495726495727 0.40486171481411498 1.8257575757575759 14.168750000000001 3.4055555555555563
decision_type=8 10 2 10 2 10 2 10 2 2 8 10 10 10 2 8 10 8 10 10 8 2 2 10 10 10 10 10 2 10
left_child=1 9 -3 13 -5 10 -7 8 -8 -1 11 -6 15 -2 -15 -12 -17 18 -11 20 21 22 -19 24 25 26 29 -28 -27 -23
right_child=3 2 -4 4 5 6 7 -9 -10 17 12 -13 -14 14 -16 16 -18 19 -20 -21 -22 23 -24 -25 -26 28 27 -29 -30 -31
leaf_value=0.068524820027682329 0.0041977190992712769 0.016341801864358931 0.10391042278462344 -0.089646745417029189 -0.11415322022763441 0.086596480386926189 0.065143662115919404 -0.097612016888493511 -0.03834785262886118 0.010814570571209095 0.0041321999876873473 -0.027631503242561764 0.061645132018969095 -0.065123457546653607 0.0024654979192613451 -0.03467653353602064 -0.14365382741379457 -0.060461148226881582 0.062097559370558088 -0.053194506774579702 -0.0080954464150755825 0.030443921271318671 0.020112594525932212 -0.03679741135086613 0.088856431775435951 -0.0091346640550812354 0.035700592607256713 0.11852868432284842 0.044951865372111738 -0.036488938672750687
leaf_weight=140.74882164597511 4166.1541955918074 249.52464270591736 181.93327750265598 139.79317560791969 133.9997376948595 108.70781977474689 111.61588044464588 67.294421140104532 104.56595917791128 1078.8146190643311 234.98539287224412 129.34645068645477 65.950271442532539 192.96973855793476 185.42675684392452 281.07424625009298 43.203908987343311 209.96408250927925 257.06389555335045 130.44097845256329 1998.8995424956083 527.96804958581924 170.69017574191093 166.93519556522369 141.23879757523537 1007.3366790264845 211.89482736587524 128.46806626021862 222.16637124121189 152.04298657178879
leaf_count=314 18839 544 316 533 344 290 494 313 469 2313 1696 331 238 476 438 2089 338 342 543 333 4933 1214 344 371 297 2265 506 295 565 359
internal_value=0.00290211 0.00985802 0.0534218 -0.00523307 -0.0257054 -0.0186617 0.0155702 -0.0118758 0.0151393 0.00697835 -0.0337711 -0.0719221 -0.0176124 0.00117042 -0.0320834 -0.0270521 -0.0495927 0.00561516 0.0207221 0.00162985 0.00308867 0.0106962 -0.0243728 0.0159222 0.0196167 0.0152325 0.0327653 0.0672192 0.000667148 0.0154469
internal_weight=12941.2 6976.13 431.458 5965.09 1420.54 1280.74 392.184 283.476 216.182 6544.67 888.56 263.346 625.214 4544.55 378.396 559.264 324.278 6403.92 1335.88 5068.05 4937.6 2938.71 380.654 2558.05 2391.12 2249.88 1020.37 340.363 1229.5 680.011
internal_count=42742 15854 860 26888 7135 6602 1566 1276 963 14994 5036 675 4361 19753 914 4123 2427 14680 2856 11824 11491 6558 686 5872 5501 5204 2374 801 2830 1573
is_linear=0
shrinkage=0.05


Tree=27
num_leaves=31
num_cat=0
split_feature=82 32 58 18 27 54 48 82 58 82 14 24 6 55 29 9 43 58 41 39 29 56 56 33 14 44 31 48 76 21
split_gain=275.977 262.101 242.178 284.101 247.598 288.443 295.399 372.425 355.678 239.677 468.206 286.094 218.52 285.564 212.389 190.109 180.058 172.763 169.812 167.443 150.428 147.304 200.962 188.97 156.981 341.8 188.863 243.709 146.139 144.857
threshold=15.480000000000002 1.0000000180025095e-35 30.093750000000004 2.8660714285714293 11.261904761904765 16.035714285714288 22.63602941176471 11.275 21.393382352941178 6.9050000000000011 0.78922619047619069 3.5832222222222225 7.2813263635171577 12.614485294117648 0.011006605324458655 13.421333333333335 53.100000000000009 28.123161764705888 144.00000000000003 31.420944558521565 0.12871578687964505 5.2051754268046784 4.3961172663986678 1.7573529411764708 0.74535714285714294 0.53090946836815978 0.67095833333333343 21.849264705882359 1.0617889287605153 9.3858560794044674
decision_type=10 10 2 10 10 10 2 8 2 8 10 10 8 2 10 10 8 2 8 2 10 2 2 10 10 10 10 2 10 10
left_child=1 2 4 -4 9 -6 8 -8 -7 10 17 14 -9 -14 19 28 -16 20 -19 -11 -1 22 24 -24 -18 -26 27 -27 -13 -22
right_child=-2 -3 3 -5 5 6 7 12 -10 11 -12 15 13 -15 16 -17 21 18 -20 -21 29 -23 23 -25 25 26 -28 -29 -30 -31
leaf_value=0.0039008863269564703 -0.075175044352576811 0.068183859970834121 -0.0052230866222481584 -0.079509164373704394 -0.032315643036107393 0.083073676578701267 0.15808872166004198 0.099713867070545123 -0.059493697261938684 0.0096116200763028559 0.10181882922383063 -0.045867344337678917 -0.080149028262469765 0.076382825217907693 -0.079036157120840361 -0.095631998345485358 -0.0045211690098946218 0.06747716403651513 0.0077552932850562962 0.07710650133075557 0.0055844762739279893 0.058253524661015736 -0.016089512231526139 -0.075140546001931485 0.10783394420626412 0.10774919014214944 -0.03285166278368077 -0.032152989018099223 0.027258615045418707 0.076182921584940055
leaf_weight=4306.4622297137976 108.02087590098381 159.62954318523407 457.31927847117186 178.20156345143914 121.48488794639707 75.672129385173321 106.61082004010677 92.813501589000225 100.87825053557754 2010.4046211093664 139.32032318413258 202.20570136606693 58.229432906955481 56.348882559686899 84.345554191619158 119.47739509120584 1879.5434632189572 239.32038325071335 236.40812927484512 95.326856762170792 144.89553704857826 87.255887340754271 1012.781760327518 155.59961668029428 103.23736882209778 72.004247538745403 164.76428689807653 53.628744129091501 102.12224304676056 145.08724841475487
leaf_count=9873 301 389 1463 579 403 294 251 438 425 8266 331 1093 304 300 244 401 8336 518 545 254 290 328 4046 543 377 375 694 352 238 318
internal_value=0.00404068 0.00471706 0.00390776 -0.0261453 0.00550591 0.0364578 0.0535205 0.0825385 0.00173653 0.00383442 0.0117202 -0.00285675 0.0431293 -0.00317284 8.39162e-05 -0.0424454 -0.00727148 0.00922585 0.0378775 0.0127023 0.00625283 -0.00553426 -0.00716796 -0.0240112 0.00149597 0.0301655 0.00227881 0.0482471 -0.0213198 0.0410475
internal_weight=12869.4 12761.4 12601.8 635.521 11966.2 612.038 490.553 314.003 176.55 11354.2 5211.49 6142.7 207.392 114.578 5718.89 423.805 3613.16 5072.17 475.729 2105.73 4596.45 3528.82 3441.56 1168.38 2273.18 393.635 290.397 125.633 304.328 289.983
internal_count=42569 42268 41879 2042 39837 2415 2012 1293 719 37422 11875 25547 1042 604 23815 1732 15295 11544 1063 8520 10481 15051 14723 4589 10134 1798 1421 727 1331 608
is_linear=0
shrinkage=0.05


Tree=28
num_leaves=31
num_cat=0
split_feature=82 35 31 58 14 18 53 75 6 51 44 51 21 82 58 58 55 28 15 77 58 34 41 24 82 21 21 29 77 82
split_gain=286.573 289.848 310.818 377.203 316.361 281.815 362.999 412.438 543.982 206.359 200.49 213.505 185.802 183.956 219.743 172.69 219.071 197.864 166.904 200.396 193.62 188.763 293.202 164.845 219.925 163.636 158.647 153.231 152.647 140.467
threshold=10.475000000000003 1.5000000000000002 0.82406250000000003 22.468750000000004 0.40041666666666681 5.2071428571428582 1.9045454545454548 11.395000000000001 7.5835300851764353 4.0435837906289587 0.56812703145796573 4.455670681910985 8.9607692307692322 11.275 24.781250000000004 18.060661764705888 12.046875000000002 3.3904444444444448 0.77007630452668063 0.25033116300939895 21.424632352941178 inf 205.00000000000003 -3.6175999999999986 1.6250000000000002 9.1126984126984141 12.007812500000002 0.13391207241683117 0.71954296531374784 6.9050000000000011
decision_type=8 8 8 2 8 10 10 10 8 10 10 10 8 10 2 2 2 8 10 10 2 8 8 8 10 10 8 10 10 10
left_child=1 2 4 -4 -1 18 13 25 -9 12 11 -11 -6 14 -7 16 17 -3 19 21 -20 -2 -23 -17 -25 -8 -14 -22 -21 -12
right_child=5 15 3 -5 9 6 7 8 -10 10 29 -13 26 -15 -16 23 -18 -19 20 28 27 22 -24 24 -26 -27 -28 -29 -30 -31
leaf_value=0.090117723300931166 -0.0012283373262283162 0.019288401959308341 0.11211496619665795 0.017439463805114901 -0.054680335146410831 0.010336684261780409 -0.10730192075638578 0.10386224359937064 -0.039036849115310815 0.087488276794970982 0.032366558991713819 0.017734491051900739 0.033274602349544762 -0.11957854790323555 -0.111512799770005 0.054506266621104464 0.0026422137529546557 0.10150125358353031 -0.015817288484053584 -0.060737160011163152 0.037791951024953398 0.094731806307567515 0.0050191358536891377 0.010673125044149044 -0.012790691657389908 -0.039036849115310815 -0.036766113292097571 0.15955874091430633 0.0032429215511328665 -0.018698562990357801
leaf_weight=134.6389005035162 4065.3900425769389 147.70731304585934 210.87573648989201 209.83385042846203 187.08999739587307 91.926178377121687 87.897632777690887 145.68334864079952 121.23220334947109 196.98551608622074 237.69817814230919 247.48423899710178 215.39528824388981 130.77744130790234 60.755520917475224 135.82181222736835 376.58820068836212 145.19925543665886 70.117704417556524 233.85125866532326 60.430168271064758 133.89482986181974 280.74077257514 1954.889799579978 2039.5457602888346 286.49427000433207 128.09704083204269 45.261958580464125 154.43216592073441 308.02190843224525
leaf_count=284 19012 303 449 460 408 622 376 352 311 409 555 540 525 328 401 319 889 318 427 584 439 471 1035 4323 4814 1864 267 262 351 787
internal_value=0.00415759 0.0111153 0.0267195 0.0650478 0.0169453 -0.00385783 -0.0292156 -0.00834974 0.0390545 0.0104122 0.0238862 0.0487758 -0.014731 -0.076228 -0.0385601 0.00436151 0.0278979 0.0602495 0.000796029 -0.000936913 0.0485164 0.00205266 0.0341475 0.00054054 -0.00130763 -0.0421597 0.00712373 0.0909445 -0.0353474 0.00356229
internal_weight=12844.8 6875.87 2076.12 420.71 1655.41 5968.89 924.767 641.307 266.916 1520.77 990.19 444.47 530.582 283.459 152.682 4799.75 669.495 292.907 5044.12 4868.31 175.81 4480.03 414.636 4130.26 3994.44 374.392 343.492 105.692 388.283 545.72
internal_count=42485 15650 4684 909 3775 26835 4254 2903 663 3491 2291 949 1200 1351 1023 10966 1510 621 22581 21453 1128 20518 1506 9456 9137 2240 792 701 935 1342
is_linear=0
shrinkage=0.05


Tree=29
num_leaves=31
num_cat=0
split_feature=82 14 3 79 14 46 11 30 82 81 81 27 66 48 82 46 21 80 55 17 5 59 5 80 56 76 41 58 21 33
split_gain=203.145 471.384 189.989 271.007 253.917 177.416 177.007 318.033 236.565 153.834 359.534 185.532 514.702 405.283 287.282 232.279 206.622 182.658 177.368 167.225 249.137 172.573 140.033 184.138 172.033 155.057 132.41 261.987 150.472 130.025
threshold=6.1150000000000011 0.73038461538461552 4.9035714285714294 0.61791674898582805 0.50452991452991469 57.352941176470601 0.24478020196997888 0.0016615880586468824 13.445000000000002 4.4150000000000009 5.4150000000000009 11.261904761904765 7.5000000000000009 24.93933823529412 9.8850000000000033 63.781250000000007 9.6449579831932777 7.0450000000000008 13.200588235294118 4.7207792207792219 12.641666666666669 1.0000000180025095e-35 10.341666666666669 9.7750000000000004 4.2947332421340638 1.218771589301576 113.00000000000001 17.424632352941178 7.2554347826086962 1.5147058823529413
decision_type=8 10 10 10 10 2 10 8 10 8 8 10 2 2 10 2 10 8 2 10 10 2 10 10 2 10 8 2 8 8
left_child=1 2 26 4 -4 -2 8 -8 9 -7 -11 14 13 18 17 -15 -16 -12 -13 20 22 -22 23 25 -24 -19 27 -1 -28 -18
right_child=5 -3 3 -5 -6 6 7 -9 -10 10 11 12 -14 15 16 -17 29 19 -20 -21 21 -23 24 -25 -26 -27 28 -29 -30 -31
leaf_value=0.07916660110594298 0.062743032320715902 0.092824519898817778 0.10580214725848545 -0.016710863126566288 0.02269678327504154 0.052988998751185748 -0.013014562591269159 0.10029765290797797 -0.072372296677039302 -0.060384378068439729 -0.05868011998003686 -0.077260063329737033 0.11848855897334637 0.12492630434574055 -0.098369708467527753 -0.0013475543504841943 0.017183856013236843 0.0016006049330042939 0.018250182710728671 -0.05745970954216191 0.010896114212506585 0.12168680810131112 0.0076570402309144754 0.078264475612150955 -0.084403052690704639 -0.042179170480829808 -0.02011649805290433 0.0097589920035264597 0.0050712305518805269 -0.055292635924821011
leaf_weight=149.79346702992916 102.59585197269917 167.4290971159935 164.59752056002617 168.53844830393791 208.16721262037754 118.04170097410679 136.53141776099801 112.01691695675254 125.44317656755447 273.7821751087904 135.87569490075111 142.89229380711913 117.24315848574042 72.99051982909441 126.9754154086113 71.677903089672327 120.28140608966351 4909.8973459675908 72.913061000406742 123.81339892372489 70.13569562882185 69.896339487284422 95.130856420844793 74.874976709485054 107.39440610259771 209.93544314801693 795.11257974803448 1386.8710650205612 2322.5771234482527 125.66839960217476
leaf_count=297 363 411 379 482 438 275 529 293 333 595 342 572 457 269 242 349 321 22050 348 617 292 308 426 186 348 543 1741 2935 5515 308
internal_value=0.00306643 0.0104994 0.00782913 0.0358376 0.0595776 -0.00223809 -0.00314572 0.0382508 -0.0045869 -0.00336885 -0.00433753 -0.00202049 0.0279658 -0.00172288 -0.0043464 0.0627825 -0.0468239 -0.00160617 -0.0450552 -0.00022617 0.00106372 0.0666675 -0.000650417 0.000943402 -0.0413351 -0.000202443 0.00456473 0.0165719 -0.00135685 -0.0199221
internal_weight=12879.1 5363.09 5195.66 541.303 372.765 7516.01 7413.41 248.548 7164.86 7039.42 6921.38 6647.6 477.717 360.474 6169.88 144.668 372.925 5796.95 215.805 5661.08 5537.27 140.032 5397.23 5194.71 202.525 5119.83 4654.35 1536.66 3117.69 245.95
internal_count=42564 12198 11787 1299 817 30366 30003 822 29181 28848 28573 27978 1995 1538 25983 618 871 25112 920 24770 24153 600 23553 22779 774 22593 10488 3232 7256 629
is_linear=0
shrinkage=0.05


Tree=30
num_leaves=31
num_cat=0
split_feature=33 32 27 20 39 15 51 6 76 20 7 57 58 79 28 27 48 79 76 33 6 27 3 44 52 10 9 24 44 18
split_gain=263.452 526.474 254.241 253.021 231.338 254.694 225.64 236.156 174.131 167.942 236.613 199.811 176.764 167.386 142.753 226.243 325.994 224.156 239.442 210.548 334.953 203.067 203.575 167.897 163.362 145.962 175.108 145.652 148.311 134.806
threshold=3.8786764705882351 1.0000000180025095e-35 14.638333333333334 -0.33333333333333331 25.169062286105412 0.93919955647883879 3.4053301886792453 0.73452277326905846 0.39819425773961198 2.1742424242424243 11.442428571428573 219.03125000000003 21.60661764705883 0.57013005366287517 15.531066666666668 10.582085561497328 28.264705882352946 0.22001764125339263 0.90849247637301322 1.7573529411764708 0.80530969431281019 10.017156862745098 10.473863636363637 0.59904660616015815 269.78888888888895 0.17500227420851788 1.4836666666666669 -0.35344047619047608 0.52122367684270976 4.9666666666666677
decision_type=10 10 10 8 2 10 8 10 8 10 10 2 2 8 10 10 2 8 10 10 10 10 10 10 10 10 10 8 10 10
left_child=1 2 3 -1 6 8 7 -5 -6 10 -8 -11 -13 -9 15 19 17 -17 -19 21 -21 22 25 -24 -22 26 -10 -28 -29 -30
right_child=-2 -3 -4 4 5 -7 9 13 14 11 -12 12 -14 -15 -16 16 -18 18 -20 20 24 -23 23 -25 -26 -27 27 28 29 -31
leaf_value=0.082038012791037243 -0.059283916684379281 0.098818083042046867 0.062739654564067757 0.0064549020493837456 0.037415661296345437 -0.084397430502683446 0.0073916863174369506 0.14342172684485166 0.0041333604683412538 -0.094461489199901258 0.07041172917452683 0.056095647018892414 -0.034380180186357877 0.043162066498324776 -0.06399673003664412 -0.056791150095158331 0.11173982802805649 -0.0091317488497869755 0.10665348835413689 -0.099563009871378672 0.0013614219587937387 0.065036834833750293 -0.098366596365902795 -0.0030330293038644904 -0.068150149216038958 0.05325241880972395 0.0054578760378021333 0.011625622417762844 -0.022312843299315759 -0.079085518367610186
leaf_weight=96.22362582013011 167.67719340696931 142.58393141627312 171.92989575490355 160.01173458248377 256.09819339215755 96.427801337093115 3607.8633452542126 79.704806670546532 3322.7296114526689 81.913527321070433 154.38232466578484 79.627718944102526 162.39049254357815 88.568405125290155 98.255489025264978 92.746295690536499 98.570287674665451 109.06445417553186 74.43664363026619 144.65542285889387 397.06096461042762 107.14316856861115 101.72933665663004 84.02441443130374 106.36917543038726 114.20248360186815 767.65858444944024 306.80455792695284 1528.6740524619818 111.47836877778172
leaf_count=332 552 366 529 681 474 641 12310 171 10121 279 425 355 585 556 227 161 269 755 201 476 1168 277 321 336 474 300 2657 936 5247 434
internal_value=0.00279464 0.00361606 0.00253105 0.00169319 0.00105971 -0.00405344 0.0102299 0.0500481 -0.00305228 0.00701943 0.00999571 -0.0274724 -0.0045039 0.0912181 -0.0044269 -0.00363461 0.0341722 0.00619137 0.0381597 -0.00563712 -0.0327803 -0.0029028 -0.00406152 -0.0554903 -0.0134316 -0.0024998 -0.00356305 -0.0129816 -0.0202511 -0.0262174
internal_weight=12911 12743.3 12600.7 12428.8 12332.6 7918.13 4414.46 328.285 7821.7 4086.18 3762.25 323.932 242.018 168.273 7565.6 7467.35 374.818 276.247 183.501 7092.53 648.086 6444.44 6337.3 185.754 503.43 6151.55 6037.35 2714.62 1946.96 1640.15
internal_count=42616 42064 41698 41169 40837 25475 15362 1408 24834 13954 12735 1219 940 727 24360 24133 1386 1117 956 22747 2118 20629 20352 657 1642 19695 19395 9274 6617 5681
is_linear=0
shrinkage=0.05


Tree=31
num_leaves=31
num_cat=0
split_feature=13 15 15 55 6 29 39 57 39 30 3 55 41 41 46 46 82 21 77 77 41 6 41 76 0 29 82 46 57 58
split_gain=227.644 254.497 215.664 339.414 266.229 173.043 291.573 377.596 262.045 239.015 228.034 148.609 173.417 222.295 200.469 221.597 144.417 147.778 170.071 351.196 207.351 186.138 213.367 244.278 179.088 178.784 166.782 159.145 141.184 255.005
threshold=0.030665541038088152 0.93919955647883879 0.89302229457658655 11.387500000000001 6.38422534061531 0.18699179703263333 30.603696098562633 231.42095588235296 29.104722792607806 0.0025166191832858504 9.8041666666666689 9.2301470588235315 9.0000000000000018 34.500000000000007 62.150735294117659 65.66727941176471 1.6250000000000002 8.3900966183574912 0.72475789915510735 0.79176728612306568 33.000000000000007 6.38422534061531 100.50000000000001 0.91889880952380976 9.5000000000000018 0.091620758439759864 7.6850000000000014 63.727941176470594 212.90992647058826 22.181985294117649
decision_type=10 10 10 2 8 8 2 2 2 10 10 2 10 10 2 2 8 8 10 10 8 8 8 8 2 10 10 2 2 2
left_child=1 2 5 -4 -5 10 8 -8 9 11 16 -7 -13 -14 -15 -16 -1 26 20 -20 -19 22 23 -22 -25 -23 -18 -27 -12 -30
right_child=-2 -3 3 4 -6 6 7 -9 -10 -11 28 12 13 14 15 -17 17 18 19 -21 21 25 -24 24 -26 27 -28 -29 29 -31
leaf_value=0.013920830764102705 0.073348301918354133 -0.059921224263592546 -0.030792082906041296 0.15177895081923065 0.026435599126048773 -0.03367075504412697 0.11697977479172278 0.010991940081586257 -0.063036245676111755 0.069894545685797158 -0.087421699237681672 -0.0073345182302552454 0.072959963467448291 0.037488976209960029 -0.02122239800997347 0.036608308287469998 -0.010525140601460896 -0.041403006286422128 0.098546200332882708 0.0042742492223462117 0.081715655023362532 -0.0025637368148952564 0.0015173327201265128 0.035259663805781216 -0.025491714882195732 -0.069605257807908438 -0.074191245467205874 -0.0011577184555625101 0.030611246312774482 -0.054041171161438174
leaf_weight=1828.2707473039627 115.79390666261315 156.60097031667829 86.935217943042517 85.701658792793751 83.837316453456879 201.91798195242882 146.91298925131559 195.12084520608187 123.51764126121998 161.7386529892683 98.094624284654856 826.95478529110551 181.33896178379655 530.26478519290686 512.852742921561 243.45446100458503 1600.7646347209811 291.27860258892179 135.20629826188087 360.01779845356941 188.91452127695084 1244.2147098816931 2045.2207273691893 381.92915952205658 176.70797849446535 215.39122414588928 108.98574276268482 139.83209303766489 147.76346053928137 220.65836822986603
leaf_count=3897 285 941 312 305 319 585 334 565 386 354 324 3333 464 1487 1990 1137 5444 1216 299 981 355 4053 7645 1660 642 651 233 684 709 935
internal_value=0.00386077 0.0032225 0.00401426 0.049304 0.0903149 0.00306653 0.0132294 0.0567249 0.00786344 0.01118 -0.000391861 0.00735005 0.0109724 0.0212837 0.0139491 -0.002583 0.00143259 -0.00188346 0.00232498 0.0301591 -0.000623967 0.00208919 0.00987756 0.0327177 0.0160316 -0.0115077 -0.0146244 -0.0427401 -0.0344113 -0.0200985
internal_weight=12836.2 12720.4 12563.8 256.474 169.539 12307.3 3124.07 342.034 2782.04 2658.52 9183.25 2496.78 2294.87 1467.91 1286.57 756.307 8716.73 6888.46 5178.71 495.224 4683.49 4392.21 2792.77 747.552 558.637 1599.44 1709.75 355.223 466.516 368.422
internal_count=42525 42240 41299 936 624 40363 10635 899 9736 9350 29728 8996 8411 5078 4614 3127 27760 23863 18186 1280 16906 15690 10302 2657 2302 5388 5677 1335 1968 1644
is_linear=0
shrinkage=0.05


Tree=32
num_leaves=31
num_cat=0
split_feature=82 12 39 15 11 53 63 20 14 82 9 28 12 27 20 24 52 66 82 76 11 41 82 10 58 28 58 58 10 48
split_gain=295.259 329.228 192.409 278.913 320.003 275.877 384.988 480.847 263.687 210.765 190.506 200.463 380.028 211.279 185.497 187.045 182.511 170.201 191.264 174.59 189.476 163.192 256.937 133.09 187.747 198.677 193.473 191.291 184.751 203.611
threshold=15.480000000000002 0.033908045977011504 25.169062286105412 0.73027950946417108 0.17152436452963618 1.9045454545454548 1.0000000180025095e-35 1.4142857142857146 0.93035714285714299 6.3850000000000007 16.483666666666672 12.475888111888114 1.0000000180025095e-35 12.075000000000001 2.6201923076923079 -2.9565555555555552 255.04166666666671 10.500000000000002 4.0150000000000006 1.0044816405833699 0.11557703307973967 26.500000000000004 5.2750000000000012 0.096632242637747501 24.66727941176471 7.2438222222222217 18.205882352941178 21.343750000000004 0.067629289669100576 21.558823529411772
decision_type=10 10 2 10 10 10 2 10 10 10 10 10 8 10 10 10 8 2 10 8 10 8 10 10 2 8 2 2 10 2
left_child=1 2 3 4 21 -5 7 -7 10 -10 11 13 16 14 17 -16 -13 19 -19 20 -4 -1 -23 28 25 -25 -27 -28 -21 -30
right_child=-2 -3 8 5 -6 6 -8 -9 9 -11 -12 12 -14 -15 15 -17 -18 18 -20 23 -22 22 -24 24 -26 26 27 -29 29 -31
leaf_value=0.058998540867371142 -0.08038469898738973 0.094009620951516978 0.0073815260919923593 -0.012948082141817186 -0.077229758734280479 0.090721787770942641 0.12541754264393121 -0.041358671781491496 -0.011853082828161518 -0.14410832466754955 0.064991066897485447 0.036045064065719321 -0.10050196133112442 0.060172000023050801 -0.0069784319338482437 -0.079454672533943754 -0.057809644642023074 -0.013780045072896988 -0.091504160351693037 -0.0029898796957534557 0.050711044470725657 0.0086383231843944787 -0.044199355324037862 -0.05196693990557022 -0.056961214531140385 -0.04551757560101144 0.088015753238027128 -0.0029221431877752297 -0.020425094557122769 0.060857580798281942
leaf_weight=144.81484449282289 109.01300154626369 95.239349663257599 1337.5079849660397 167.9581384062767 114.85940846055746 141.23398409038782 154.52547980099916 132.81875993311405 61.775898944586515 58.159868344664574 102.93166102096438 143.504383854568 148.90442029386759 135.867113083601 213.83296433091164 151.77824556827545 79.742128986865282 439.26805333420634 95.691065520048141 3872.2833148576319 310.10715001821518 3383.7871785089374 245.87135873734951 145.72579754516482 259.89049466699362 85.358239267021418 113.8088704161346 116.39432371407747 112.86782547086477 239.00421995669603
leaf_count=458 306 235 2836 538 380 410 403 493 655 140 414 490 451 367 681 562 409 1495 215 13015 666 12326 623 598 953 298 380 449 483 803
internal_value=0.00117834 0.00187891 0.00118122 0.00950986 0.00462233 0.0413148 0.0625608 0.0267918 -0.0033621 -0.0766483 -0.00226824 -0.00314147 -0.0389244 -0.00139116 -0.00251526 -0.0372006 0.00241251 -0.000731176 -0.0278278 0.00147136 0.0155626 0.00713293 0.00504794 -0.00322557 -0.0230614 -0.00388019 0.0184202 0.0422224 0.000165595 0.034801
internal_weight=12914.5 12805.5 12710.3 4485.87 3889.33 596.536 428.578 274.053 8224.4 119.936 8104.47 8001.54 372.151 7629.39 7493.52 365.611 223.247 7127.91 534.959 6592.95 1647.62 3774.47 3629.66 4945.33 721.178 461.287 315.561 230.203 4224.16 351.872
internal_count=42532 42226 41991 15631 13787 1844 1306 903 26360 795 25565 25151 1350 23801 23434 1243 899 22191 1710 20481 3502 13407 12949 16979 2678 1725 1127 829 14301 1286
is_linear=0
shrinkage=0.05


Tree=33
num_leaves=31
num_cat=0
split_feature=12 46 3 31 54 49 12 81 56 39 20 11 4 58 41 52 58 26 79 77 48 48 21 81 21 33 39 31 73 44
split_gain=302.8 169.257 247.17 236.176 246.62 166.305 278.049 341.43 225.18 165.891 387.513 205.812 220.116 247.589 249.172 432.329 287.502 218.78 190.679 297.144 159.668 159.963 469.488 159.981 333.222 267.77 227.987 151.833 140.105 135.889
threshold=0.033908045977011504 62.906250000000007 16.485000000000003 0.88544444444444459 23.591666666666672 10.500000000000002 0.0057166199813258644 3.8650000000000007 4.2834019078031611 32.224503764544842 4.0714285714285721 0.23982932055955006 5.4164771143420314 29.906250000000004 36.500000000000007 255.04166666666671 20.393382352941178 16.500000000000004 0.46444877166780757 0.76434469181962394 15.181985294117649 29.119485294117649 8.4303350970017643 4.3550000000000013 11.335897435897438 0.84523809523809523 26.153319644079399 0.24276223776223779 9.5000000000000018 0.54747665466467621
decision_type=10 2 10 10 8 2 8 10 2 2 8 10 10 2 8 8 2 2 8 8 2 2 10 10 8 8 2 8 2 10
left_child=1 3 9 5 -5 20 7 27 -9 11 28 12 -3 14 15 16 -14 18 19 -16 -1 23 -23 26 25 -25 -22 -7 -11 -26
right_child=-2 2 -4 4 -6 6 -8 8 -10 10 -12 -13 13 -15 17 -17 -18 -19 -20 -21 21 22 -24 24 29 -27 -28 -29 -30 -31
leaf_value=0.05023119458615441 0.089827890881731029 -6.0117814305273241e-06 -0.085472199712419095 0.0066948207932940387 0.12029030751308947 0.046986875915300853 -0.053677752465153342 0.02854407714993273 0.1028184523429555 0.043841095495595422 0.12509311876644102 0.074273355222602103 -0.004526748754585426 -0.098929165324154855 0.068931746832941343 -0.060097373889194783 0.1095020215959832 -0.078639744020651742 -0.036559445220695534 -0.031663764798281792 0.015794272231134363 -0.024023980337968379 0.1101036131512499 -0.035486074334397086 -0.027298886971696107 0.036926027144666217 -0.011497592863701764 -0.0001562933718899327 -0.021292254521752554 -0.094231584404217986
leaf_weight=161.42441043257713 98.446554854512215 4777.7448950186372 88.987224843353033 96.522571489214897 93.85989685356617 222.05680715292692 113.87941297888756 206.68393136560917 202.63728511333466 136.21317008137703 81.999069452285767 81.672451697289944 97.083862774074078 97.472383968532085 133.17036241292953 110.45172868296504 127.13478289544582 182.44500330090523 509.91778958961368 161.191864579916 1556.5570651479065 141.75149857997894 119.42307947576046 243.73389449715614 141.32981280982494 265.90052877366543 1503.2626502811909 728.88662471994758 206.32985819131136 165.48355692625046
leaf_count=482 249 17396 470 326 296 611 288 448 435 521 250 293 314 303 342 543 413 315 2801 367 5013 372 285 446 271 588 4609 2194 845 418
internal_value=0.00291823 0.00224046 -0.00315639 0.00838652 0.0630341 0.00657375 0.0210596 0.0273514 0.0654751 -0.00205097 0.0281609 -0.00409809 -0.00514285 -0.0224279 -0.0167143 0.0205233 0.0603281 -0.0293522 -0.018088 0.0139252 0.00160258 -0.000306368 0.0374924 -0.00286218 -0.0225122 0.00229309 0.00238664 0.01089 0.00466042 -0.0635887
internal_weight=12853.7 12755.2 6791.81 5963.39 190.382 5773.01 1474.14 1360.26 409.321 6702.83 424.542 6278.29 6196.61 1418.87 1321.4 334.67 224.219 986.725 804.28 294.362 4298.87 4137.44 261.175 3876.27 816.448 509.634 3059.82 950.943 342.543 306.813
internal_count=42504 42255 25173 17082 622 16460 3976 3688 883 24703 1616 23087 22794 5398 5095 1270 727 3825 3510 709 12484 12002 657 11345 1723 1034 9622 2805 1366 689
is_linear=0
shrinkage=0.05


Tree=34
num_leaves=31
num_cat=0
split_feature=19 15 14 82 11 48 24 4 44 82 56 52 28 21 73 47 21 36 25 14 47 75 57 76 9 82 82 21 33 36
split_gain=303.781 191.225 280.625 194.379 265.038 254.347 180.829 184.708 402.57 214.424 203.219 210.557 234.261 187.453 177.174 171.617 191.477 170.411 191.171 280.261 168.651 204.177 200.979 399.49 216.096 161.461 141.3 138.011 129.255 134.822
threshold=0.90909090909090928 0.93919955647883879 0.91095454545454546 15.075000000000001 0.23586780831945517 21.272058823529417 -4.7957499999999973 2.7354011854568809 0.50036390101892303 9.0950000000000006 3.9939843376511033 216.12698412698415 6.9991666666666665 14.98529411764706 14.500000000000002 0.62344727902386776 6.5227272727272743 0.42186875188245515 0.17522727272727281 0.59035714285714291 0.54621575607491113 12.235000000000001 236.26470588235296 0.8459665071770337 10.771666666666667 5.9850000000000012 8.0650000000000031 8.5049019607843146 -4.8076622048500078e-17 0.25764692047347593
decision_type=10 10 10 10 10 2 8 10 10 8 2 10 8 10 2 2 10 10 8 10 2 8 2 10 10 10 10 10 10 10
left_child=1 2 3 4 6 -6 14 -8 10 13 -9 -12 -13 15 -1 16 -10 25 -19 -20 21 -11 23 27 -24 28 -3 -22 -18 -30
right_child=-2 26 -4 -5 5 -7 7 8 9 20 11 12 -14 -15 -16 -17 17 18 19 -21 22 -23 24 -25 -26 -27 -28 -29 29 -31
leaf_value=0.01164429825248652 0.084723293870138744 -0.01649178135539359 0.079248070504188584 -0.067192799861618802 0.11571946202837023 0.0050675660759686367 0.0056355054116655062 0.091055578604118143 -0.047199200627502436 -0.097092810355972739 -0.037640387066450336 -0.0067156105366994708 0.095337782201185217 -0.053669645059768262 0.096935291528206277 -0.034045257062847049 0.041170623982491494 0.010449275351861605 0.10948975466584687 0.0099339019006109627 -0.074152076985273221 -0.023793206760312553 -0.013564120119666885 0.065150141051558585 -0.070655174942638774 -0.054203824207014445 -0.1163866254743966 -0.0057303059739642337 0.016445076249447323 -0.030016411320684389
leaf_weight=168.00250932574272 111.38973571360111 96.329595290124416 118.01004817709327 99.383572906255722 99.673550449311733 107.4682880975306 7458.3806104101241 125.02483827620745 151.00043071806431 164.13364027440548 116.50636627525091 110.82766962423921 112.8939321488142 166.56113988161087 94.790424831211567 298.26274167001247 189.77033354341984 541.06497526168823 144.75828549265862 137.68950533866882 101.22756540030241 225.82483512163162 447.44828906655312 184.97229139506817 262.86100386828184 132.32476465404034 55.340214341878891 264.78877301514149 324.49358585476875 299.15794844925404
leaf_count=609 278 756 490 251 250 380 24126 344 324 324 243 357 315 460 305 713 464 1262 322 314 381 1302 2837 400 1279 343 165 1565 743 701
internal_value=0.00287872 0.00215986 0.0028311 0.00210508 0.00266451 0.0586118 0.00171165 0.00080841 -0.00718875 -0.0122674 0.0368034 0.0166587 0.0449774 -0.00267562 0.0426599 0.00117534 0.00666083 0.0112817 0.0278964 0.0611639 -0.0261118 -0.0548145 -0.0172014 0.00545787 -0.0347612 -0.00319988 -0.0534643 -0.0248039 0.00515364 -0.0058543
internal_weight=12910.4 12799 12647.3 12529.3 12429.9 207.142 12222.8 11960 4501.59 4036.34 465.253 340.228 223.722 2385.08 262.793 2218.52 1920.26 1769.26 823.513 282.448 1651.26 389.958 1261.3 550.989 710.309 945.747 151.67 366.016 813.422 623.652
internal_count=42603 42325 41404 40914 40663 630 40033 39119 14993 13734 1259 915 672 5646 914 5186 4473 4149 1898 636 8088 1626 6462 2346 4116 2251 921 1946 1908 1444
is_linear=0
shrinkage=0.05


Tree=35
num_leaves=31
num_cat=0
split_feature=43 39 73 73 57 82 80 44 9 50 20 29 53 29 76 82 33 20 10 57 44 77 33 18 57 50 45 33 25 51
split_gain=178.395 298.058 291.787 364.273 292.969 203.312 320.544 141.817 406.984 150.399 144.092 130.645 235.987 138.109 349.824 217.594 184.215 128.792 245.382 492.673 217.94 241.136 208.113 160.375 191.091 168.057 157.175 203.723 149.358 149.342
threshold=63.607692307692311 22.881587953456542 9.5000000000000018 6.5000000000000009 257.45404411764713 11.135000000000003 9.7750000000000004 0.48858598948851667 3.1243333333333339 12.72225274725275 -0.22222222222222227 0.12193065920199232 3.1602564102564106 0.06427514040270195 1.6712912087912091 3.5350000000000006 0.71008403361344541 0.85714285714285743 0.13496806328642988 227.84375000000003 0.56272051068171336 0.54701716262316025 2.296703296703297 1.4365079365079367 200.34375000000003 9.5154761904761926 21.75961538461539 0.24999999999999989 -0.035916666666666645 4.2041118222436911
decision_type=8 2 2 2 2 10 10 10 10 10 10 10 10 10 8 10 10 10 10 2 10 10 8 10 2 10 10 10 10 10
left_child=1 2 3 -1 -4 6 7 8 -3 11 -11 13 -13 15 16 -9 -15 18 23 -20 21 -19 26 -2 -25 -26 29 -28 -29 -22
right_child=17 5 4 -5 -6 -7 -8 9 -10 10 -12 12 -14 14 -16 -17 -18 20 19 -21 22 -23 -24 24 25 -27 27 28 -30 -31
leaf_value=0.02300886406772789 0.0017975158400804657 -0.0016779663103079403 -0.022364056117459039 0.1584749732272728 0.080003725878079524 -0.045016196775331828 0.076064634141327928 -0.00197605780997777 0.094223274925871209 0.054774780626918887 0.0077186323779531874 -0.045417426241056436 0.038019597770869558 0.097362409251469995 -0.027251313435831009 -0.06280615304329229 0.019598106286453518 -0.019942832781265272 0.13522304097764945 -0.0035096765227064421 -0.089526816879414439 0.051434780739875043 -0.064635742211099065 0.050695960049695725 0.0097781354866904226 -0.041363877877645776 -0.075583676458550755 0.055462501023740785 -0.0093630847949195354 -0.0083609832499084002
leaf_weight=98.877111956477165 3366.3583579324186 340.02645040675998 198.52082835137844 99.438390351831913 106.61974836885929 200.60275135934353 158.07520279288292 1853.3696266524494 162.95636690407991 174.62656473368406 2217.1453332230449 413.50885103270411 105.70473993569613 143.38150599598885 211.35867554694414 158.68445718288422 162.51711091399193 281.41291604191065 97.251635815948248 183.39884057641029 112.03730787336826 202.70926965773106 311.97900603711605 82.48356407135725 213.71567454561591 641.7246266938746 69.031005315482616 150.68712341785431 213.92886728420854 114.11176125705242
leaf_count=305 11698 888 577 315 377 469 340 5629 449 534 6752 1325 297 300 912 364 383 1347 254 609 436 503 1417 243 741 2714 272 705 926 407
internal_value=0.00179773 0.00734852 0.0443307 0.0913879 0.013549 0.00438749 0.00601892 0.00414341 0.0295174 0.00179246 0.0111757 -0.00557059 -0.0283904 -0.000876811 0.0221413 -0.00680235 0.0562464 -0.0044558 -0.00034065 0.0448737 -0.0174061 0.00998847 -0.0310499 -0.00329848 -0.0215713 -0.0285905 -0.0150954 0.0025477 0.0175062 -0.0487887
internal_weight=12846.2 6805.41 503.456 198.316 305.141 6301.96 6101.35 5943.28 502.983 5440.3 2391.77 3048.52 519.214 2529.31 517.257 2012.05 305.899 6040.83 4584.93 280.65 1455.9 484.122 971.775 4304.28 937.924 855.44 659.796 433.647 364.616 226.149
internal_count=42488 20216 1574 620 954 18642 18173 17833 1337 16496 7286 9210 1622 7588 1595 5993 683 22272 16259 863 6013 1850 4163 15396 3698 3455 2746 1903 1631 843
is_linear=0
shrinkage=0.05


Tree=36
num_leaves=31
num_cat=0
split_feature=33 32 41 66 44 18 54 18 81 9 30 25 56 43 76 58 29 44 77 33 24 28 41 28 45 42 82 28 31 58
split_gain=224.156 318.618 166.017 441.794 303.647 302.514 305.362 298.794 294.872 281.049 279.958 237.785 224.207 207.653 182.416 181.513 180.52 193.437 178.083 177.2 163.474 153.391 194.284 175.127 153.136 141.439 140.782 192.376 136.177 399.8
threshold=4.0625000000000009 1.0000000180025095e-35 86.500000000000014 5.5000000000000009 0.45600939940562585 6.7207792207792219 26.174242424242429 5.7207792207792219 7.3350000000000009 13.421333333333335 0.001618275515334339 -0.15645833333333331 3.7717318342003696 61.67948717948719 1.0361724624060151 14.750000000000002 0.076156322741274915 0.50474029475197713 0.80996835572195491 1.1339285714285716 -1.5231999999999994 10.566115384615385 34.500000000000007 8.3371538461538481 19.519230769230774 6.5000000000000009 1.6250000000000002 2.2535909090909096 0.81067873303167426 22.545955882352946
decision_type=10 10 8 2 8 10 10 10 8 10 10 8 2 8 8 2 10 8 10 8 8 10 10 10 8 2 8 10 10 2
left_child=1 2 3 8 -5 7 10 11 -1 15 14 -6 13 -13 -7 -4 24 -18 -9 -11 -19 23 -23 -22 -14 -15 27 -17 -28 -30
right_child=-2 -3 9 4 5 6 -8 18 -10 19 -12 12 16 25 -16 26 17 20 -20 -21 21 22 -24 -25 -26 -27 28 -29 29 -31
leaf_value=0.12833386698612975 -0.068874750771716439 0.077669851285524089 0.054892817376898523 0.089847355499513754 0.064387601335440553 0.082321740319211689 -0.036840560352569281 -0.021768475733642212 0.022160837804003491 -0.012074112776803436 0.14340549227929031 0.11569921994166842 0.046232543112297554 0.056084677520653763 -0.0095842452804556309 0.0013048014988198786 0.03594212796641795 0.018135608030653845 -0.1077817041848842 -0.12174534314257568 -0.028393954462239464 -0.043370379689826336 0.046666538054869887 -0.085431141027519697 -0.00053592506550011686 -0.036392418208789211 -0.0055075863193969265 0.036089910332442007 0.09592601198711527 -0.032890968431881586
leaf_weight=127.50003428757191 107.04468371346593 141.97711044549942 147.98279233276844 105.4842770062387 149.8779340274632 110.22810991108418 87.405747331678867 170.12910167127848 134.19595893099904 70.95105305314064 88.209744527935982 72.300246067345142 222.39950024709105 90.729304552078247 104.55313136801124 1429.2234859913588 137.11870667338371 163.81681274622679 92.697744265198708 76.140576209872961 346.28515936434269 132.74771180003881 107.53972688317299 220.8384515941143 808.29023960232735 74.358203120529652 6595.5000562593341 549.63207022845745 121.80981716513634 117.46020014584064
leaf_count=264 467 372 460 256 529 262 354 647 538 260 210 261 751 422 630 3271 320 499 215 382 1118 343 347 658 2521 394 23771 1149 415 472
internal_value=0.00284236 0.00344758 0.00260883 0.0117847 0.00679292 0.00401012 0.0451744 -0.0017658 0.0741807 -0.000964922 0.0688771 0.00352048 -0.000343802 0.0456522 0.0377458 0.000164026 -0.00546733 -0.0194663 -0.0523985 -0.0692831 -0.0273178 -0.036551 -0.0030483 -0.0507156 0.00959068 0.0144631 -0.000761007 0.0109798 -0.00416141 0.0328147
internal_weight=12904.4 12797.4 12655.4 3546.71 3285.01 3179.53 390.397 2789.13 261.696 9108.7 302.991 2526.3 2376.42 237.388 214.781 8961.61 2139.04 1108.35 262.827 147.092 971.228 807.411 240.287 567.124 1030.69 165.088 8813.63 1978.86 6834.77 239.27
internal_count=42558 42091 41719 11539 10737 10481 1456 9025 802 30180 1102 8163 7634 1077 892 29538 6557 3285 862 642 2965 2466 690 1776 3272 816 29078 4420 24658 887
is_linear=0
shrinkage=0.05


Tree=37
num_leaves=31
num_cat=0
split_feature=33 32 20 39 20 15 9 17 13 20 41 47 29 30 57 27 39 39 5 26 9 76 10 10 48 77 59 66 79 26
split_gain=235.92 403.999 160.39 180.086 236.952 219.469 226.188 275.399 213.502 306.25 206.2 202.038 190.662 449.39 338.252 225.433 312.431 218.967 322.016 221.807 198.327 164.539 237.077 141.679 135.365 130.191 160.89 129.432 140.184 129.337
threshold=4.0625000000000009 1.0000000180025095e-35 -0.33333333333333331 25.169062286105412 -2.9321274752920795e-16 0.89302229457658655 13.421333333333335 4.1483516483516496 0.00075420398138820394 1.0839160839160842 100.50000000000001 0.56696634951351943 0.1516612691185095 0.001810383244206774 227.78125000000003 10.440374331550805 29.077344284736487 27.152635181382617 11.416666666666668 13.500000000000002 9.3600000000000012 0.94506637168141605 0.10265556086933418 0.020841485972469102 22.878676470588239 0.66785157591282895 0.75000000000000011 7.5000000000000009 0.2897615469730499 14.500000000000002
decision_type=10 10 8 2 8 10 10 10 10 10 10 2 8 10 2 10 2 2 10 2 10 8 10 8 2 10 2 2 8 2
left_child=1 2 -1 5 10 6 7 -4 12 11 -5 -10 20 14 15 16 -14 19 -19 -16 21 22 27 -23 -11 26 -22 28 -6 -30
right_child=-2 -3 3 4 8 -7 -8 -9 9 24 -12 -13 13 -15 17 -17 -18 18 -20 -21 25 23 -24 -25 -26 -27 -28 -29 29 -31
leaf_value=0.064951494971105181 -0.072178609714673242 0.086634827636723755 0.0076800649399895908 -0.013223709273248278 0.033333904187203507 0.081289986719804447 -0.052881312556534978 0.075105017583924349 -0.041541645842770536 -0.11218243695053989 -0.10346478371765677 0.052778663475548486 0.026766400615840392 0.080618091428146549 -0.01346556096793537 -0.01894456676364217 0.13802782337718278 -0.013504945356793283 -0.11394580710012712 0.066963583946088562 -0.05940533575144509 0.0053940320691291737 0.072875479151128089 -0.012844249356640906 -0.034716108130192748 -0.085941824011801796 0.034704255117720059 -0.02729760763650468 0.030846455127715944 -0.02713988305371523
leaf_weight=100.04022324085236 103.79306166619062 142.29209071397781 4031.663382243365 159.1630898155272 489.1825335174799 103.85648482292891 146.03959357365966 156.38155312091112 109.60950094088912 118.05133214592934 104.48644997924566 115.67668795585632 169.60297967121005 233.07656655088067 231.11306776478887 101.05166187509894 100.08022921159863 370.42125577107072 100.83366756886244 135.01901669427752 99.723604053258896 1775.6055955328047 153.5756219625473 2657.3857577256858 109.58423652499914 109.77676482498646 81.815148778259754 221.99353867769241 149.76362963020802 264.62020483613014
leaf_count=339 445 368 14115 536 821 337 479 432 270 312 313 346 590 536 872 428 271 1579 499 516 454 5492 342 9339 310 278 405 458 413 695
internal_value=0.00253935 0.00314884 0.00220665 0.00170332 -0.00270481 0.00980851 0.00807726 0.010215 -0.00114517 -0.0344363 -0.0492428 0.0069078 0.000884571 0.0172092 0.00491946 0.0446151 0.0684132 -0.0126872 -0.0351919 0.016296 -0.00303656 -0.000980724 0.0148101 -0.00553946 -0.0752049 -0.0432062 -0.0170346 0.00682976 0.0152353 -0.00615907
internal_weight=12945.3 12841.5 12699.2 12599.2 8161.21 4437.94 4334.08 4188.04 7897.56 452.922 263.65 225.286 7444.64 1441.2 1208.12 370.735 269.683 837.387 471.255 366.132 6003.44 5712.13 1279.14 4432.99 227.636 291.316 181.539 1125.56 903.566 414.384
internal_count=42590 42145 41777 41438 26075 15363 15026 14547 25226 1238 849 616 23988 5291 4755 1289 861 3466 2078 1388 18697 17560 2729 14831 622 1137 859 2387 1929 1108
is_linear=0
shrinkage=0.05


Tree=38
num_leaves=31
num_cat=0
split_feature=13 7 73 76 6 11 55 48 82 28 46 79 55 77 82 77 53 82 14 14 33 80 33 41 41 6 25 20 9 70
split_gain=201.988 175.809 221.2 155.864 149.183 283.262 192.308 181.166 183.016 157.69 141.496 129.851 281.884 552.708 174.874 223.525 173.072 213.719 253.083 194.046 178.216 162.545 149.154 158.848 148.266 138.995 146.596 142.097 108.75 106.108
threshold=0.0084485532389559585 4.1870666666666674 11.500000000000002 0.57707705553164024 7.9439409567477091 0.23982932055955006 14.331250000000002 24.781250000000004 9.3850000000000033 16.055477272727277 63.849264705882355 0.57013005366287517 16.275735294117652 0.2103367864663567 7.6850000000000014 0.75551890265542987 2.2403846153846159 11.425000000000002 0.73038461538461552 0.85563492063492086 2.1483516483516487 7.2150000000000007 2.7207792207792214 20.500000000000004 138.50000000000003 0.8785568401373155 0.11500000000000005 0.84523809523809534 5.6800000000000006 0.11211789088944264
decision_type=10 10 2 8 10 10 2 2 10 10 2 10 2 10 10 8 8 8 10 10 10 10 10 8 8 10 8 10 10 2
left_child=3 -2 -3 -1 5 9 7 8 -6 11 -9 12 16 24 21 -16 17 18 25 22 -19 28 23 -18 -14 -5 27 -27 -13 -25
right_child=1 2 -4 4 6 -7 -8 10 -10 -11 -12 14 13 -15 15 -17 19 20 -20 -21 -22 -23 -24 29 -26 26 -28 -29 -30 -31
leaf_value=0.023840981718911775 -0.012506450323834271 0.098237064965923757 0.014657172190684209 -0.0075090463630837342 -0.035500125067578416 0.063379873781237953 0.033116835943151034 0.053954174360417606 -0.12699954448543901 -0.062334574824045468 -0.048129720697561038 -0.00081795444366226282 0.062363151295107146 0.17346708388369481 -0.081246017115057911 -0.0051028615435154568 -0.058717290971812566 0.0026829817675546501 0.082507033068342853 -0.067585393464744112 -0.085852058182703569 0.057956949493935775 0.061528939383727582 -0.0043682489969571643 -0.028466756009077623 0.030009435721955108 0.059076177839411659 -0.024935290633539442 -0.027945661201160061 0.017935841678389484
leaf_weight=778.78783710300922 129.9428260140121 157.58141983672976 158.89388092234731 358.77051290869713 145.6406304128468 183.34175241738558 103.64695808663964 66.511843085289001 87.619274690747261 96.770963821560144 67.273583844304085 2736.4704157710075 77.379012510180473 71.775972455739975 167.53577288985252 225.47620412707329 120.90577122569084 1227.3624368794262 176.9590440839529 111.62964858859777 58.598296731710434 106.78982523083687 92.022577933967113 3298.7698268294334 104.3455964513123 439.79845996201038 281.68206778168678 159.66908897459507 426.11066193878651 635.01719270274043
leaf_count=1586 426 369 355 599 717 571 445 278 228 269 421 8067 458 100 507 638 344 6670 321 584 430 308 386 11332 623 888 532 341 1233 2494
internal_value=0.00339129 0.0363967 0.0564522 0.00220085 0.000749555 0.00191382 -0.0267934 -0.043755 -0.0702654 0.000881212 0.00264537 0.00144931 0.00534143 0.0570268 -0.00621731 -0.0376855 0.00345132 0.0133447 0.0267321 -0.00282983 -0.00141493 -0.00242414 -0.00107074 -0.00250628 0.0103386 0.0187119 0.0293845 0.0153577 -0.00448069 -0.000764136
internal_weight=12853.1 446.418 316.475 12406.7 11627.9 11157.2 470.692 367.045 233.26 10973.8 133.785 10877.1 7214.69 253.501 3662.38 393.012 6961.18 2702.84 1416.88 4258.35 1285.96 3269.37 4146.72 4054.69 181.725 1239.92 881.15 599.468 3162.58 3933.79
internal_count=42520 1150 724 41370 39784 37695 2089 1644 945 37124 699 36855 26102 1181 10753 1145 24921 9781 2681 15140 7100 9608 14556 14170 1081 2360 1761 1229 9300 13826
is_linear=0
shrinkage=0.05


Tree=39
num_leaves=31
num_cat=0
split_feature=39 12 20 15 82 14 39 28 27 12 30 76 4 44 66 82 55 56 46 47 17 73 48 3 79 44 55 39 73 6
split_gain=190.914 183.175 171.12 137.928 197.868 178.826 293.864 209.192 149.424 129.418 244.961 138.783 185.374 168.695 299.215 223.29 163.042 234.696 164.262 152.155 191.203 210.132 136.992 132.4 229.906 129.999 120.692 148.459 138.01 116.754
threshold=21.811088295687892 0.033908045977011504 -0.33333333333333331 0.93127914516468457 6.9750000000000005 0.89554945054945068 26.394250513347028 16.055477272727277 14.206250000000002 0.004915253828297308 0.0033389074693422525 1.2846780626780629 5.4808607021641675 0.57824031469351678 5.5000000000000009 11.005000000000001 11.897242647058826 4.2381415319803954 61.617647058823536 0.55455046698240895 1.8397435897435901 10.500000000000002 22.909926470588239 6.6825757575757585 0.97656665967553835 0.60189987626314712 9.2676470588235311 25.534565366187547 9.5000000000000018 6.1727854071873667
decision_type=2 10 8 10 10 10 2 10 10 10 8 8 10 10 2 8 2 2 2 2 8 2 2 10 8 10 2 2 2 10
left_child=-1 2 -2 5 29 7 -7 8 9 11 -11 13 -13 14 -4 25 18 23 -14 -16 -21 22 -22 -18 -25 -15 -27 28 -28 -5
right_child=1 -3 3 4 -6 6 -8 -9 -10 10 -12 12 16 15 19 -17 17 -19 -20 20 21 -23 -24 24 -26 26 27 -29 -30 -31
leaf_value=0.051953236765172106 0.067782838924903388 0.068781483460382417 0.081340747810021083 0.051719887714612112 -0.10246469926617925 0.12210580423975795 -0.0075963442095221051 -0.057651883234542838 0.062941541686554123 -0.00085234608347131637 -0.090166402053963091 -0.00050614239452998638 0.01814820992309682 -0.01776748479735402 -0.0052956004775642218 -0.066875343918163008 -0.024773473769217742 -0.045067899240322569 -0.074940574559811957 0.00075769158038439723 0.042556798910535085 0.075648722773264454 -0.0094073160270117338 0.13007265571231044 0.0024827410010911555 -0.034124925907667081 0.082307738298708188 0.0040984023353798915 0.015872222434938885 -0.056866666767568796
leaf_weight=185.13407938182354 92.555058278143406 97.738110303878784 168.03103166818619 54.805369861423969 78.506016969680786 78.089775837957859 97.271685086190701 155.33162695914507 94.240718651562929 236.13403706625104 112.76798929274082 6734.9109612703323 59.083609990775585 562.68570154905319 784.42278705537319 126.7724421620369 75.499852612614632 211.36739952117205 231.62566580250859 583.48892864584923 294.12468132376671 255.80615240335464 221.88310168683529 60.382290348410606 83.206226244568825 125.55914521217346 141.81693869829178 648.11259762942791 174.03698492050171 43.49377803131938
leaf_count=529 324 254 357 392 219 243 437 499 305 685 273 24550 266 1258 1662 314 411 1248 1278 1272 583 538 465 150 908 302 326 1590 471 425
internal_value=0.00168278 0.000944985 0.000412771 -9.17108e-05 -0.043815 0.000539441 0.0505259 -0.000186634 0.000562832 6.3236e-05 -0.0298946 0.000971275 -0.00308766 0.00837557 0.0172918 -0.00319409 -0.0271622 -0.00758571 -0.0560239 0.0122264 0.0223643 0.0386767 0.0202373 0.028616 0.0566658 0.0017296 0.0118059 0.0178177 0.0458671 0.00358548
internal_weight=12868.9 12683.8 12586 12493.5 176.805 12316.7 175.361 12141.3 11986 11891.7 348.902 11542.8 7456.08 4086.74 2307.76 1778.98 721.165 430.456 290.709 2139.73 1355.3 771.814 516.008 219.088 143.589 1652.21 1089.53 963.967 315.854 98.2991
internal_count=42534 42005 41751 41427 1036 40391 680 39711 39212 38907 958 37949 28811 9138 4877 4261 4261 2717 1544 4520 2858 1586 1048 1469 1058 3947 2689 2387 797 817
is_linear=0
shrinkage=0.05


Tree=40
num_leaves=31
num_cat=0
split_feature=43 14 46 39 58 10 55 42 56 47 36 43 79 53 80 24 28 46 39 46 10 43 58 31 31 36 77 81 28 36
split_gain=155.955 295.52 293.485 262.788 371.199 213.942 226.918 230.041 296.934 255.79 165.052 388.298 250.719 169.33 157.51 164.025 170.73 146.507 137.686 164.143 152.16 167.553 130.206 177.18 234.568 187.873 197.712 156.447 177.681 249.929
threshold=64.320512820512832 0.84041666666666681 63.909926470588239 25.794661190965098 21.211397058823533 0.14502776075080118 11.046875000000002 10.500000000000002 4.3677176672970326 0.58718652037617569 0.42186875188245515 60.809090909090919 0.57013005366287517 2.3452380952380958 5.2250000000000005 -3.8079999999999981 7.7528333333333341 63.424632352941181 23.059548254620129 62.090073529411775 0.098800366300366316 50.125000000000007 25.343750000000004 0.65900000000000014 0.74809523809523826 0.63427326099963766 0.15911230953603836 9.8750000000000018 10.566115384615385 0.66567131836314453
decision_type=8 10 2 2 2 10 2 2 2 2 10 10 8 10 10 8 10 2 2 2 10 10 2 10 10 10 10 10 10 8
left_child=1 5 3 -3 -5 10 -7 8 9 -8 14 13 -13 -12 15 -1 18 -18 19 -17 21 -20 27 25 -25 26 -24 28 -2 -30
right_child=22 2 -4 4 -6 6 7 -9 -10 -11 11 12 -14 -15 -16 16 17 -19 20 -21 -22 -23 23 24 -26 -27 -28 -29 29 -31
leaf_value=0.062440884897833095 -0.00093817618507459138 0.12445001922423966 -0.014994466830498 0.11968791151309673 -0.024264010697327077 0.022719449460443214 -0.028880114866120372 -0.088849479765242961 -0.073349376845611533 0.070795393102649734 0.024818057775496241 0.094543986771999614 0.014673352508201055 -0.039263119272857555 -0.032663207911697398 0.067137825923570094 -0.08082850880843126 0.0042104678268455303 0.06693664483929436 0.0062421685127119729 0.064148304611686843 0.0016586736459051135 0.0005934809018762337 -0.11879317948408404 -0.02131586333556312 0.056409516814617033 -0.044675715670723801 -0.059653553187256507 0.082563671392558061 0.0018381728532252404
leaf_weight=127.96610408648849 3237.7504280917346 137.21127530559897 136.97297593578696 73.380301542580128 111.87459368631244 224.12552082166076 144.52658861875534 152.72971876338124 147.55497826263309 114.48320585489273 216.89309408143163 249.03856346011162 162.55507143959403 194.68487936258316 265.37254753708839 200.25903855636716 103.52719806879759 98.075873836874962 99.597033474594355 246.32871717959642 103.65877332538366 4311.011855494231 758.92832028865814 88.1621323376894 202.42947086691856 103.24702887237072 352.54155078530312 101.65164534747601 159.89142673835158 237.41065426543355
leaf_count=372 11963 308 550 330 559 586 353 439 422 319 601 540 848 551 590 505 310 393 220 998 292 13057 3223 350 734 392 933 295 670 897
internal_value=0.00285556 0.00742082 0.0462498 0.0722302 0.0330925 0.00492399 -0.0197186 -0.0367349 -0.0169876 0.0152796 0.00795303 0.0288338 0.0631118 -0.00551536 0.0048546 0.00674235 0.00534988 -0.0396422 0.00718592 0.033638 0.00456219 0.00314757 -0.00378243 -0.0161928 -0.0511953 -0.00778404 -0.0137925 0.00121999 0.00293822 0.0344513
internal_weight=12863.8 7621.83 459.439 322.466 185.255 7162.39 783.42 559.294 406.565 259.01 6378.97 823.172 411.594 411.578 5555.8 5290.42 5162.46 201.603 4960.86 446.588 4514.27 4410.61 5242.01 1505.31 290.592 1214.72 1111.47 3736.7 3635.05 397.302
internal_count=42600 23143 1747 1197 889 21396 2119 1533 1094 672 19277 2540 1388 1152 16737 16147 15775 703 15072 1503 13569 13277 19457 5632 1084 4548 4156 13825 13530 1567
is_linear=0
shrinkage=0.05


Tree=41
num_leaves=31
num_cat=0
split_feature=19 20 9 77 21 3 15 17 56 80 57 31 22 54 11 41 76 75 41 81 46 28 28 82 22 39 9 39 24 56
split_gain=227.479 145.947 133.144 327.148 430.891 178.645 153.771 320.959 237.533 306.615 234.846 223.943 197.217 210.256 193.561 188.055 188.343 184.73 166.688 250.06 260.793 120.717 223.905 191.87 109.184 184.592 180.618 183.105 164.445 300.049
threshold=0.90909090909090928 -0.33333333333333331 13.929333333333334 0.90761841218842321 10.445626477541373 13.968333333333335 0.73027950946417108 4.4833333333333343 4.4532482935566646 6.3950000000000005 227.84375000000003 0.72833333333333339 0.80982519590114543 23.591666666666672 0.18919874775578091 49.500000000000007 1.1390095995557232 7.4250000000000007 110.50000000000001 6.8650000000000011 63.606617647058833 12.49514705882353 11.262223776223779 8.8850000000000033 0.71498599439775923 32.651608487337448 4.5060000000000002 23.034907597535938 -2.4386666666666659 4.1309377959666005
decision_type=10 8 10 8 10 10 10 10 2 8 2 10 8 8 10 8 8 10 8 10 2 10 10 10 8 2 10 2 8 2
left_child=1 -1 6 4 -4 -5 7 14 9 -8 11 -11 13 15 21 -12 -17 -15 19 20 -10 22 23 24 25 26 27 -3 29 -26
right_child=-2 2 3 5 -6 -7 8 -9 18 10 12 -13 -14 17 -16 16 -18 -19 -20 -21 -22 -23 -24 -25 28 -27 -28 -29 -30 -31
leaf_value=0.061547434550966174 0.073313639457948485 0.047319408814924586 0.058741070012946831 -0.10956998389414446 -0.050668878352215299 -0.017037820191706358 0.10623275363114065 -0.078445151263762752 -0.052211346886987135 0.011293111785039951 0.038447505273847715 0.12039752762026282 -0.070294210107087238 -0.0044725150558487378 0.070361586554759256 -0.11462908078622652 -0.0009065956719838021 0.09434989385545163 0.033513912836043006 -0.089637810987022323 0.059785317320111289 -0.039687970890325851 0.062925523771240152 -0.05616727491803461 0.11021003152773501 0.064888544850213004 -0.029310984270328185 -0.0057977333942615334 0.0025181077467980335 -0.00039191071462414678
leaf_weight=96.543535981327295 107.5351597070694 172.89796180650592 185.50140695273876 127.21817196533084 172.91028933227062 88.651249162852764 122.63520665466785 130.07863750308752 106.32863717153668 89.949888449162245 99.562355652451515 98.097509890794754 76.244829904288054 78.694563008844852 96.606776550412178 63.210862919688225 84.121514122933149 117.17180001735687 144.06632806360722 115.34343393146992 99.792755253612995 190.71539777889848 140.02345089614391 151.53505153954029 100.44159802421927 86.484576974064112 807.21906591206789 2420.589371740818 6375.6839697435498 155.02558301389217
leaf_count=330 269 706 369 713 458 680 290 357 368 340 402 292 241 630 244 152 567 308 481 251 360 588 405 362 298 360 3251 8688 19336 467
internal_value=0.00123255 0.000620981 0.0001529 -0.0233501 0.00596378 -0.0718235 0.00126814 -0.000680165 0.0175429 0.0335677 0.020832 0.0685447 0.00344605 0.0162741 0.000272704 -0.0144062 -0.0501415 0.0548243 -0.0110279 -0.0310317 0.0020382 -0.000372615 0.000351408 -0.000507795 0.000331245 -0.00682988 -0.00867232 -0.00223974 0.0040976 0.0433534
internal_weight=12900.9 12793.3 12696.8 574.281 358.412 215.869 12122.5 10827.3 1295.22 829.689 707.053 188.047 519.006 442.761 10697.2 246.895 147.332 195.866 465.531 321.465 206.121 10600.6 10409.9 10269.9 10118.3 3487.19 3400.71 2593.49 6631.15 255.467
internal_count=42563 42294 41964 2220 827 1393 39744 35062 4682 3222 2932 632 2300 2059 34705 1121 719 938 1460 979 728 34461 33873 33468 33106 13005 12645 9394 20101 765
is_linear=0
shrinkage=0.05


Tree=42
num_leaves=31
num_cat=0
split_feature=82 25 11 45 46 19 79 55 80 7 9 77 36 48 9 48 76 53 10 5 57 11 50 10 54 6 50 14 11 77
split_gain=250.469 201.764 538.347 180.879 240.771 138.012 140.881 212.602 525.003 143.686 343.285 313.968 141.348 386.555 133.707 153.5 149.989 130.222 197.365 151.642 127.748 115.669 108.785 156.611 105.865 106.913 105.024 106.637 243.77 123.994
threshold=15.480000000000002 0.14869318181818184 0.18522557450714935 26.925824175824179 63.211397058823536 0.90909090909090928 0.53342596980960788 16.078125000000004 2.7350000000000008 13.096000000000002 13.421333333333335 0.83775092725563338 0.75386494906798307 21.63602941176471 16.785333333333337 21.63602941176471 1.0459645716766355 2.5916666666666672 0.067629289669100576 3.4166666666666674 241.02941176470591 0.091749911713353297 17.186190476190479 0.09113013945631758 28.033333333333335 5.4702058017214954 15.105000000000002 0.69050000000000022 0.059850848788302824 0.23294131678527161
decision_type=10 10 10 10 2 10 10 2 10 10 10 8 10 2 10 2 8 8 10 8 2 10 8 10 10 10 10 10 10 10
left_child=1 5 3 21 -5 6 7 9 -9 10 12 -11 15 -14 -13 16 -1 18 19 -17 -15 -3 -8 -24 25 26 27 28 29 -18
right_child=-2 2 -4 4 -6 -7 22 8 -10 11 -12 14 13 20 -16 17 24 -19 -20 -21 -22 -23 23 -25 -26 -27 -28 -29 -30 -31
leaf_value=0.027010103038398438 -0.071919532014108847 0.014843840696980144 0.14300788126389 0.11824045724697146 0.0033262115626231446 0.061308271438400314 -0.0038302894483008762 0.0048806830729194554 0.14192317180063777 0.11551181288847444 -0.087752825930663803 0.027010103038398438 -0.0957544592821713 -0.023288120086682469 -0.069435155571359417 0.0047289704521564432 0.0090148481910645832 -0.013161655241613899 0.027010103038398438 -0.03693146196080048 0.027010103038398438 -0.027508753848127371 -0.01415599060135838 -0.080092291783114999 0.027010103038398438 -0.048162702618637761 0.027010103038398438 0.027010103038398438 -0.056560550371338725 -0.03813908199299517
leaf_weight=833.32131946086884 112.00975252687931 556.69573908671737 85.930756863206625 85.740671165287495 96.190079249441624 92.98353336751461 3436.2958912998438 255.17795173078775 95.284394636750221 87.746331200003624 105.68713873997331 128.30201942101121 135.35471265390515 171.93821013346314 48.767992425709963 1039.853209964931 1126.761419557035 1601.3958715051413 501.74630096927285 275.4590627476573 114.15011027827859 225.76752880215645 438.44597393274307 112.54819901287556 250.98445748910308 101.20454105362296 300.68185551837087 94.610759027302265 195.85549672320485 158.0851821154356
leaf_count=1516 311 1865 253 223 447 226 9972 1429 168 177 340 866 448 420 329 3716 4227 5476 1840 982 431 877 1330 346 1011 666 1254 419 726 352
internal_value=0.00219028 0.00284677 0.0238286 0.0130722 0.0578335 0.000961758 0.000473195 0.0044567 0.0424379 0.00262065 0.00125165 0.0387036 0.00262717 -0.0262953 0.00262717 0.00262717 0.0126419 -0.00277057 0.00638942 -0.00401719 0.00262717 0.00260415 -0.00714115 -0.0277451 0.00574611 0.00163919 0.00435009 -0.000890635 -0.00474793 0.00318797
internal_weight=12865 12753 1050.32 964.394 181.931 11702.6 11609.7 7622.37 350.462 7271.91 7007.09 264.816 6901.4 421.443 177.07 6479.96 3061.51 3418.45 1817.06 1315.31 286.088 782.463 3987.29 550.994 2228.18 1977.2 1875.99 1575.31 1480.7 1284.85
internal_count=42643 42332 3665 3412 670 38667 38441 26793 1597 25196 23824 1372 23484 1299 1195 22185 10171 12014 6538 4698 851 2742 11648 1676 8655 7644 6978 5724 5305 4579
is_linear=0
shrinkage=0.05


Tree=43
num_leaves=31
num_cat=0
split_feature=3 69 41 29 13 80 82 9 10 58 40 18 14 53 9 21 41 58 46 39 36 48 7 14 80 28 82 44 25 40
split_gain=204.314 439.698 159.938 409.275 156.901 185.273 300.251 166.494 227.899 284.468 205.997 162.623 146.172 362.409 166.618 230.001 193.713 271.352 316.053 173.056 169.057 173.96 159.552 177.379 163.765 148.427 114.37 121.76 138.211 110.519
threshold=16.230303030303034 0.04666324506991016 13.500000000000002 0.16544431466212814 0.030665541038088152 11.875000000000002 10.475000000000003 13.564333333333334 0.17862754365139363 20.332720588235297 5.5000000000000009 6.2071428571428582 0.87679487179487181 2.2182539682539688 4.5060000000000002 6.5227272727272743 132.50000000000003 21.485294117647062 63.667279411764717 22.462696783025326 0.33772010313166001 28.264705882352946 4.1280952380952387 0.51045454545454561 3.7350000000000008 8.127503030303032 4.6650000000000009 0.63832230011969626 -0.0899999999999999 3.5000000000000004
decision_type=10 2 8 10 10 10 10 10 10 2 2 10 10 10 10 10 10 2 2 2 10 2 10 10 10 10 8 10 10 2
left_child=2 -2 3 -1 5 6 7 8 12 -10 -9 -11 14 -14 22 -16 19 -18 -19 -17 -21 26 24 -24 25 -4 -22 29 -29 -28
right_child=1 -3 4 -5 -6 -7 -8 10 9 11 -12 -13 13 -15 15 16 17 18 -20 20 21 -23 23 -25 -26 -27 27 28 -30 -31
leaf_value=0.099078325195575245 0.029729923602902882 -0.1304689531122499 0.0044583967963209136 -0.016364537928134873 0.058731703429210705 0.045321659423672854 -0.050788205836756375 -0.08708944512610306 0.11963655635249502 0.048516553141708725 0.017015039844977632 -0.041037800473180494 0.11753532735612625 -0.02889436658196555 -0.070119703851254656 -0.073814388913145665 -0.022482957576469422 0.098086962892457177 -0.019107331198331787 -0.035697756869095876 0.036703482006515388 0.043724847866790817 0.07182786835307782 0.0077852111000285169 -0.029719530935298027 -0.033695361481063231 -0.0031464735001652125 0.064080486843040005 -0.01896142771122045 -0.042929259909511554
leaf_weight=143.28665309399366 82.516034871339798 87.387458615005016 7575.4033886529505 163.5710321366787 116.40288802236319 226.83723126351833 285.23863571882248 115.34812453761697 88.306746508926153 126.70108646154404 79.848017618060112 83.121636670082808 86.439190659672022 81.154267136007547 156.33431009203196 115.39810305088758 192.4318528175354 160.46706186980009 88.92886795476079 484.32029987871647 120.59532256424427 185.00357256829739 172.00986218079925 289.01969906687737 396.55520437657833 262.78720581158996 321.84707630425692 92.046345919370651 107.82865066826344 380.96282623708248
leaf_count=514 405 411 24644 373 296 576 623 578 339 407 438 423 336 384 448 351 625 460 393 1818 262 570 545 965 933 1127 1254 328 387 1282
internal_value=0.00135788 -0.0529474 0.0020886 0.037688 0.00120405 0.000653775 -0.000190907 0.00104024 0.00181476 0.0448896 -0.0446342 0.0130131 0.000671357 0.0468784 -3.03387e-05 -0.0116721 -0.00758141 0.0220641 0.0563887 -0.0148342 -0.0107718 -0.000759419 0.00319197 0.0317832 0.0015876 0.0031751 -0.00883677 -0.0149547 0.0194096 -0.0247414
internal_weight=12868.1 169.903 12698.2 306.858 12391.3 12274.9 12048.1 11762.9 11567.7 298.129 195.196 209.823 11269.5 167.593 11101.9 2406.16 2249.83 441.828 249.396 1808 1692.6 1208.28 8695.78 461.03 8234.75 7838.19 1023.28 902.685 199.875 702.81
internal_count=42495 816 41679 887 40792 40496 39920 39297 38281 1169 1016 830 37112 720 36392 8178 7730 1478 853 6252 5901 4083 28214 1510 26704 25771 3513 3251 715 2536
is_linear=0
shrinkage=0.05


Tree=44
num_leaves=31
num_cat=0
split_feature=12 30 46 29 25 29 49 48 6 39 14 80 22 36 59 45 33 47 58 58 29 53 10 58 41 11 66 58 28 54
split_gain=141.107 156.122 165.197 174.777 166.301 272.584 160.137 137.685 132.377 119.577 133.349 299.652 260.877 206.356 207.642 229.932 180.464 174.808 153.434 252.621 145.798 131.762 127.327 126.809 112.003 301.816 265.079 168.751 166.372 429.034
threshold=0.033908045977011504 0.013401474023277094 62.818014705882355 0.23777700845233746 0.11263888888888891 0.091337670260689938 10.500000000000002 15.181985294117649 3.635069274748052 22.377823408624234 0.63809090909090915 6.3350000000000009 0.78979857050032498 0.25088808187239681 1.0000000180025095e-35 26.851648351648354 3.6458333333333335 0.53721162291781654 18.264705882352946 19.968750000000004 0.18944018852429337 2.226495726495727 0.17672217750790711 20.878676470588239 93.500000000000014 0.11923859254707511 4.5000000000000009 24.66727941176471 5.4470666666666672 17.639610389610393
decision_type=10 10 2 10 10 10 2 2 10 2 10 8 10 8 2 8 8 2 2 2 10 8 10 2 8 10 2 2 10 10
left_child=1 2 4 24 7 6 8 -1 -6 -9 13 -12 16 23 17 -16 18 -15 -13 -20 22 -19 -21 -11 26 -26 -4 -27 -28 -30
right_child=-2 -3 3 -5 5 -7 -8 9 -10 10 11 12 -14 14 15 -17 -18 21 19 20 -22 -23 -24 -25 25 27 28 -29 29 -31
leaf_value=0.045224830502859241 0.060750534170103426 -0.063548443584548739 0.075152065031264592 -0.068048960675865494 0.01694326995052441 0.09385863406827967 0.047704848959991906 0.041298912820483161 -0.049117736945630312 0.017732742196705842 0.0787268300325875 -0.057873014615809348 0.065859344382048587 -0.10147828892617004 -0.023948530437713004 0.048842625651565622 -0.076215492161090026 0.010588976942053184 0.093478207510315617 0.0011799829346319241 0.043529476324406922 -0.050536109595133431 -0.069857889598182274 -0.0043309373457974965 -0.0026009441368013359 -0.02261852526590059 0.019057058470629037 -0.083759560781412362 -0.067242902971699561 0.0073209003749367786
leaf_weight=199.50463937222958 98.640304699540138 91.945409253239632 132.80809096246958 103.09846864640713 205.18057937920094 136.35663278400898 221.22467544302344 194.16893055289984 118.98410998284817 1051.4935847073793 166.52303169667721 89.47867364063859 143.76740473881364 107.43600536137819 318.52635570988059 163.25899386778474 84.137931048870087 133.86805737018585 80.224676117300987 187.19557408243418 116.51833033189178 255.54351448267698 94.111582592129707 1707.3611915446818 4257.0646117515862 331.81483870744705 824.14110586047173 170.91890118643641 254.78475773707032 784.30610790476203
leaf_count=581 252 317 475 370 643 379 605 435 330 2926 377 327 381 322 901 448 215 364 270 691 408 691 428 4989 15545 1353 2944 691 823 3020
internal_value=0.0014807 0.00101654 0.00149142 -0.00375459 0.0077218 0.0308948 0.0150098 0.00461449 -0.0073808 0.00294997 0.00135704 0.0179486 0.00514193 -0.00291697 -0.0226308 0.000767741 -0.00833363 -0.0452759 0.00184643 0.0131218 -0.00327641 -0.0295498 -0.0227491 0.00408166 -0.00276349 -0.00693216 0.0071757 -0.0435302 0.00229274 -0.0110092
internal_weight=12824.4 12725.7 12633.8 6858.94 5774.86 681.746 545.389 5093.12 324.165 4893.61 4699.44 961.957 795.434 3737.49 978.633 481.785 651.667 496.848 567.529 478.05 397.825 389.412 281.307 2758.85 6755.84 4759.8 1996.04 502.734 1863.23 1039.09
internal_count=42501 42249 41932 25221 16711 1957 1578 14754 973 14173 13738 3097 2720 10641 2726 1349 2339 1377 2124 1797 1527 1055 1119 7915 24851 17589 7262 2044 6787 3843
is_linear=0
shrinkage=0.05


Tree=45
num_leaves=31
num_cat=0
split_feature=82 53 9 12 76 77 28 77 73 31 42 9 29 39 28 56 82 80 31 6 9 28 25 27 40 53 39 77 22 25
split_gain=183.049 446.655 295.679 159.574 140.02 137.117 300.471 386.784 272.283 307.288 191.606 174.145 149.502 140.854 226.879 329.502 173.833 193.68 219.259 177.675 165.926 160.784 192.799 170.663 290.673 134.684 249.788 165.251 156.93 154.709
threshold=11.865 1.8257575757575759 15.325333333333335 0.029705882352941179 0.39819425773961198 0.72475789915510735 6.6900000000000004 0.79176728612306568 8.5000000000000018 0.77112500000000017 5.5000000000000009 13.929333333333334 0.21769652179228927 26.739219712525671 10.171720588235296 4.261895034569454 7.3250000000000011 4.6050000000000013 0.63437500000000013 5.1054005937019591 8.978666666666669 7.8661176470588243 -0.29458333333333325 6.6676470588235306 6.5000000000000009 2.2583333333333337 22.202600958247778 0.15911230953603836 0.78979857050032498 -0.008660714285714249
decision_type=10 10 8 10 8 10 10 10 2 10 2 10 10 2 10 2 10 10 10 8 8 10 10 8 2 8 2 10 10 10
left_child=3 -2 -3 4 -1 11 10 -8 -9 -10 -7 13 -13 14 25 -16 17 18 21 -19 -18 23 -23 -15 -25 26 -6 -27 -28 -30
right_child=1 2 -4 -5 5 6 7 8 9 -11 -12 12 -14 16 15 -17 20 19 -20 -21 -22 22 -24 24 -26 27 28 -29 29 -31
leaf_value=0.03215879130312848 -0.11200063542121207 -0.041494963017490484 0.058328219362694514 0.065550447899580977 0.089861065389527095 -0.052662751109269414 0.087351920476614553 0.049752235019772585 -0.062095358287635308 0.03123927146412599 0.0087586155104296178 -0.075423635268552405 0.027466176508241985 -0.0036722624744768063 0.11182137134901643 -0.011772055942046559 -0.082992015409567854 0.056588358009963959 -0.035949346589857649 -0.010328150777298567 -0.0083632553184749287 -0.11399861191638015 -0.0048230648034594389 -0.00044823954251548085 0.11632136245502545 0.0037438662685648225 0.00016825518063837304 -0.020346950446817436 0.0061783827516335328 0.053517741354136228
leaf_weight=361.38185268640518 121.2300052344799 171.88465201854706 128.93484753370285 97.125176444649696 96.152625478804111 199.99807706475258 239.93227803707123 277.32850264012814 179.13330452144146 171.88315312564373 344.137744769454 137.79411752149463 46.762541975826025 2745.1007574424148 115.70379868894815 99.929765030741692 141.85788658261299 233.02039118111134 594.47223620116711 171.71822373569012 156.13144835829735 68.812466282397509 96.329614289104939 150.50297230482101 81.507310565561056 2173.679757412523 1760.1151007413864 1057.2920728027821 370.75947212800384 322.37946590036154
leaf_count=701 287 428 322 239 383 591 456 569 398 397 919 932 349 8726 540 422 335 573 2869 424 318 329 466 608 317 8827 6353 2447 1141 896
internal_value=0.000943984 -0.0314025 0.00134195 0.00203935 0.00153639 0.000614081 0.0152443 0.0334861 0.0128114 -0.016433 -0.0138721 -0.00133292 -0.0493461 -0.000479135 0.004519 0.0547553 -0.00722921 -0.00456993 -0.00813054 0.0282422 -0.044049 -0.00285784 -0.0507274 -0.000186343 0.0408971 0.00263582 0.0112256 -0.00414339 0.00810826 0.0282413
internal_weight=12913 422.05 300.819 12490.9 12393.8 12032.4 1412.41 868.277 628.345 351.016 544.136 10620 184.557 10435.5 5996.01 215.634 4439.45 4141.46 3736.73 404.739 297.989 3142.25 165.142 2977.11 232.01 5780.38 2549.41 3230.97 2453.25 693.139
internal_count=42562 1037 750 41525 41286 40585 3330 1820 1364 795 1510 37255 1281 35974 21009 962 14965 14312 13315 997 653 10446 795 9651 925 20047 8773 11274 8390 2037
is_linear=0
shrinkage=0.05


Tree=46
num_leaves=31
num_cat=0
split_feature=39 81 27 54 66 3 54 29 56 27 52 33 29 45 27 54 33 33 21 57 27 48 31 82 15 21 55 14 17 81
split_gain=146.281 141.575 210.77 269.796 174.767 195.201 264.615 188.698 168.628 319.095 285.528 213.953 335.521 304.814 155.397 136.951 119.639 155.009 202.851 119.314 180.054 115.157 317.648 107.884 140.312 383.712 299.671 157.593 119.433 134.569
threshold=21.811088295687892 11.655000000000003 14.638333333333334 20.516666666666669 12.500000000000002 4.4866071428571432 22.118055555555561 0.22484339795807215 3.7405058781617391 8.4236111111111125 240.1126373626374 2.4852941176470593 0.12499281737253547 26.345238095238098 11.261904761904765 20.809090909090912 2.2761904761904765 1.9411764705882353 10.40212765957447 240.82352941176472 2.2623529411764713 30.250000000000004 0.50710084033613456 1.1650000000000003 0.73563529051127663 8.589572192513371 12.636250000000002 0.82174242424242439 4.2071428571428582 3.3950000000000005
decision_type=2 10 10 10 2 10 10 10 2 10 10 10 10 10 10 10 10 10 8 2 10 2 10 8 10 8 2 10 10 8
left_child=-1 2 4 -4 7 -6 -7 8 9 19 -11 14 -13 15 16 -14 17 21 -19 20 -2 23 -23 -10 28 -26 27 -27 29 -25
right_child=1 -3 3 -5 5 6 -8 -9 11 10 -12 12 13 -15 -16 -17 -18 18 -20 -21 -22 22 -24 24 25 26 -28 -29 -30 -31
leaf_value=0.042750888011787364 0.0045203877855142446 -0.060438476701587446 -0.017856866151830575 0.10361462247476888 -0.0059148313546533889 -0.11721643577218428 -0.015045726238351494 -0.048936930277780961 0.012623325998229885 0.16802852635054349 0.017913765533320629 0.053707548116067108 -0.040623313535340551 0.013397885306691962 0.053478624476609643 -0.11551249818166259 0.048282129867989458 0.00035815248210033387 -0.095851785963610048 -0.0043247295296838977 0.073083521402790286 -0.0010236778400112749 0.097653971037526988 -0.017554158432212516 0.078567114741901034 0.0032107040545392 0.043106524656003342 -0.058013363329319848 -0.052494719245009862 -0.00019075574008115497
leaf_weight=201.27896655350924 243.4916335940361 95.495441421866417 78.035885259509087 108.48505460470915 540.89333581551909 109.73098202049732 148.98322087153792 184.29864596948028 1411.8093820512295 64.339066915214062 62.002876147627831 88.254516586661339 105.62892334163189 114.29055598005652 140.80839646235108 148.9850227124989 129.66937179863453 127.3098156452179 95.165291886776686 550.69725730270147 156.97087838500738 282.72351415082812 113.6054323092103 1417.9763092696667 192.68051444366574 213.28091064095497 238.80774040520191 206.04557774215937 127.90236807242036 5224.0769080631435
leaf_count=552 868 270 292 417 1846 372 554 535 3068 236 372 354 364 323 579 534 330 429 353 2703 499 843 339 3121 558 741 981 698 336 19194
internal_value=0.000565398 -0.000105317 0.000355722 0.0529697 -0.000437319 -0.0230341 -0.0586649 0.0011167 0.0019261 0.0207434 0.0950782 -2.92288e-05 -0.0334348 -0.0543711 0.00151318 -0.0847245 0.000759693 0.000116279 -0.0410411 0.01078 0.0315105 0.00109164 0.0274363 -6.72169e-05 -0.00241959 0.0167064 -0.00149611 -0.0269396 -0.00482537 -0.00389966
internal_weight=12923.7 12722.4 12626.9 186.521 12440.4 799.608 258.714 11640.8 11456.5 1077.5 126.342 10379 457.159 368.905 9921.86 254.614 9781.05 9651.38 222.475 951.16 400.463 9428.91 396.329 9032.58 7620.77 850.815 658.134 419.326 6769.96 6642.05
internal_count=42661 42109 41839 709 41130 2772 926 38358 37823 4678 608 33145 1575 1221 31570 898 30991 30661 782 4070 1367 29879 1182 28697 25629 2978 2420 1439 22651 22315
is_linear=0
shrinkage=0.05


Tree=47
num_leaves=31
num_cat=0
split_feature=81 76 27 82 27 43 33 55 21 33 55 58 33 58 6 10 53 25 6 81 43 82 31 46 46 50 52 55 5 50
split_gain=214.421 157.443 210.73 267.933 153.976 169.22 134.108 456.174 439.524 242.12 254.124 365.042 222.49 200.101 166.354 142.945 523.46 130.528 178.345 200.994 184.913 169.636 140.727 136.197 207.501 150.429 128.556 125.3 124.709 95.8556
threshold=10.595000000000001 0.77282857142857153 8.9405882352941202 2.3750000000000004 14.638333333333334 65.39230769230771 1.7573529411764708 9.2301470588235315 9.0094339622641524 2.7750000000000004 12.472610294117649 21.485294117647062 3.2678571428571432 26.031250000000004 7.3627295770192962 0.19613047149011173 2.1483516483516487 0.14250000000000007 5.1459588837026509 5.6250000000000009 59.516666666666673 7.8650000000000011 0.33950000000000008 65.514705882352956 64.093750000000014 14.526136363636365 222.03846153846158 11.205882352941178 9.6166666666666689 11.736931818181821
decision_type=10 8 8 8 10 8 10 2 10 10 2 2 10 2 10 10 10 10 10 10 10 10 8 2 2 10 10 2 10 10
left_child=1 2 -1 -4 6 -6 15 -8 9 10 -9 -12 13 14 26 17 -17 18 19 21 -20 -3 -22 24 25 27 -10 -24 -19 -29
right_child=-2 4 3 -5 5 -7 7 8 12 -11 11 -13 -14 -15 -16 16 -18 28 20 -21 22 -23 23 -25 -26 -27 -28 29 -30 -31
leaf_value=0.0082895201733892074 -0.049033413417535941 -8.5908043621435475e-05 0.0039666567303937158 0.1029917167851451 0.10171897549041237 -0.0048939261794749157 0.087144506621459047 -0.082529150923884381 -0.052868750943771296 -0.12208944226682922 0.064656800741987527 -0.061490523938926678 0.070318363272563106 -0.064841456001121234 0.075955201341212364 -0.052812973691019477 0.092270440264396014 0.012254552768358943 0.035717276320992773 0.043921173578749993 0.033006075208206337 -0.069346856643057245 -0.0050153281631431582 0.0012213350408362459 -0.10910951419014384 0.022218422957926014 0.016705084276508752 -0.043036971189153422 0.075158866083073234 -0.11529374405838289
leaf_weight=1297.7627849280834 209.01959516108036 7469.3776397034526 128.82255060970783 144.61624443531036 76.149421788752079 71.743419207632542 96.745003283023834 192.95894181355834 102.48159116506577 115.17692840099335 103.21373475342989 126.53517013415694 104.31260205060244 122.37105424329638 72.685459721833467 99.234128709882498 163.17929779365659 758.72727115079761 111.96930406987667 257.61745220422745 71.596575424075127 88.464895069599152 94.393813859671354 149.9206681586802 123.4084347486496 88.887214403599501 184.37685399875045 104.56389868631959 87.019474748522043 83.678998742252588
leaf_count=2706 558 25539 318 318 278 354 263 551 320 361 281 404 409 507 335 382 545 2795 308 573 395 193 357 900 414 363 852 393 360 307
internal_value=0.00107507 0.00190409 0.0167144 0.0565235 -0.0001897 0.0503151 -0.000874927 -0.0164904 -0.0254791 -0.0580742 -0.0403848 -0.00478476 0.00447601 -0.00989195 0.00893813 0.00108147 0.0374136 7.29504e-05 -0.00176211 0.000577359 -0.0238072 -0.000905678 -0.0331467 -0.0405312 -0.0531555 -0.0343264 -0.00824783 -0.0521249 0.0188079 -0.0755965
internal_weight=12901 12692 1571.2 273.439 11120.8 147.893 10972.9 1220.86 1124.11 537.885 422.708 229.749 586.228 481.915 359.544 9752.04 262.413 9489.63 8643.88 7815.46 828.419 7557.84 716.45 644.853 494.932 371.524 286.858 282.637 845.747 188.243
internal_count=42639 42081 3342 636 38739 632 38107 4283 4020 1597 1236 685 2423 2014 1507 33824 927 32897 29742 26305 3437 25732 3129 2734 1834 1420 1172 1057 3155 700
is_linear=0
shrinkage=0.05


Tree=48
num_leaves=31
num_cat=0
split_feature=82 27 20 79 76 21 70 58 82 9 5 10 66 46 4 15 66 28 52 76 27 56 53 6 58 11 59 28 25 15
split_gain=225.853 320.504 151.299 144.75 112.048 236.345 224.88 181.347 389.424 176.994 200.987 168.832 145.883 146.954 141.277 155.48 145.06 272.829 328.98 189.579 165.25 261.561 224.788 180.903 149.981 224.259 198.94 147.449 166.422 151.733
threshold=15.480000000000002 14.638333333333334 -0.33333333333333331 -0.38735066826739645 0.98785243741765483 11.065395580898077 0.30293722530688388 21.485294117647062 5.9250000000000007 12.755333333333335 9.0833333333333357 0.11858739113167023 7.5000000000000009 60.759191176470594 2.8023664359671874 0.27303684308463655 6.5000000000000009 7.0881333333333343 249.53571428571431 1.011718928816663 8.5415151515151528 4.1875689919168186 2.379807692307693 4.2758671263363714 28.545955882352946 0.21562558668382575 1.0000000180025095e-35 9.2981333333333342 0.025000000000000053 0.6859824061657932
decision_type=10 10 8 8 8 10 2 2 10 10 10 10 2 2 8 10 2 8 8 10 10 2 10 10 2 8 2 10 8 10
left_child=1 2 -1 -4 5 6 9 8 -7 10 12 -9 13 -5 15 -6 17 -16 19 -19 27 22 -22 -24 25 26 -23 28 29 -18
right_child=-2 -3 3 4 14 7 -8 11 -10 -11 -12 -13 -14 -15 16 -17 20 18 -20 -21 21 24 23 -25 -26 -27 -28 -29 -30 -31
leaf_value=0.062307907097060133 -0.069676869172399417 0.075631784099481236 -0.023660940659537014 0.051893711552073209 -0.0038235158655348525 0.00040153942389079922 0.076591789899782353 -0.012538818273897535 -0.10219459237512743 0.064891256678989942 -0.035992717313937876 0.048549602270403579 -0.014583053085271301 0.012826990562896596 -0.02285417325448548 0.014262764377270457 -0.018959179850555924 0.037379584228890816 -0.0070458541163053966 0.14087798644491376 -0.037491977482732454 -0.066782104535147643 -0.015144872275373596 0.090157568917317382 -0.11987836062027935 -0.11929895054994538 0.015704752920971714 0.044490054460449568 -0.0026284073731143802 -0.081153337402829942
leaf_weight=96.939043000340462 112.24051949381828 142.19254808872938 617.6401110291481 338.25112555921078 2664.2740812599659 256.16571372747421 156.60619774460793 327.68645112216473 143.75083030760288 157.37812212109566 210.56111714243889 171.48825278878212 306.01616835594177 832.33585967123508 277.72189982607961 2143.4342953152955 418.76271591708064 87.266457080841064 165.75978836789727 90.836262449622154 184.3443598523736 138.78749383613467 73.712177064269781 89.618679072707891 78.721705630421638 76.935363199561834 152.57183888927102 134.24623254686594 2096.6143457256258 127.45717913284898
leaf_count=335 313 585 923 574 9412 641 343 864 375 310 445 414 608 1865 1116 7596 1726 424 757 192 937 546 275 418 273 372 600 494 8055 721
internal_value=0.000624488 0.00124838 0.000404087 -8.01965e-05 0.00114545 0.00969048 0.0192548 -0.011595 -0.0366398 0.0143479 0.00959758 0.00850282 0.0161186 0.0241503 -0.00160861 0.00424123 -0.00831491 0.0139614 0.0436757 0.0906579 -0.0121944 -0.0322845 0.000256763 0.042831 -0.0575381 -0.0439245 -0.0236815 -0.00643587 -0.00903857 -0.0335936
internal_weight=12870.3 12758.1 12615.9 12518.9 11901.3 2900.24 2001.15 899.091 399.917 1844.54 1687.16 499.175 1476.6 1170.59 9001.06 4807.71 4193.36 621.584 343.863 178.103 3571.77 794.692 347.675 163.331 447.016 368.295 291.359 2777.08 2642.83 546.22
internal_count=42509 42196 41611 41276 40353 6439 4145 2294 1016 3802 3492 1278 3047 2439 33914 17008 16906 2489 1373 616 14417 3421 1630 693 1791 1518 1146 10996 10502 2447
is_linear=0
shrinkage=0.05


Tree=49
num_leaves=31
num_cat=0
split_feature=82 53 58 15 14 73 56 39 31 81 27 21 73 29 31 24 31 47 76 43 5 36 56 27 57 9 39 41 55 3
split_gain=167.804 342.4 276.1 197.91 332.465 194.772 300.545 341.267 610.793 250.712 243.902 263.616 224.202 214.942 212.808 193.571 153.503 138.776 137.272 143.741 146.133 141.126 166.364 209.696 152.035 175.119 158 126.784 179.515 161.848
threshold=11.865 1.8944444444444446 21.558823529411772 0.6196252074112768 0.60436507936507944 9.5000000000000018 4.3114429864039048 25.645448323066393 0.56531250000000011 7.2750000000000012 11.261904761904765 9.25245098039216 12.500000000000002 0.10489831870770923 0.69968750000000013 3.4272 0.78527777777777785 0.63206282497258559 0.57707705553164024 64.240384615384627 9.4166666666666696 0.16385976544844769 3.9550445759221593 4.819791666666668 213.26470588235296 5.0856666666666674 31.420944558521565 144.00000000000003 16.237830882352945 5.0919871794871812
decision_type=10 10 2 10 10 2 2 2 10 8 8 8 2 10 10 8 8 2 8 8 10 8 2 10 2 8 2 8 2 10
left_child=3 -2 -3 18 -5 6 7 8 -6 12 11 -8 -7 -14 -13 17 -9 -11 -1 20 27 -21 23 -23 25 -24 -26 28 -20 -29
right_child=1 2 -4 4 5 9 10 16 -10 15 -12 14 13 -15 -16 -17 -18 -19 19 21 -22 22 24 -25 26 -27 -28 29 -30 -31
leaf_value=0.019685524884581786 -0.095992584636115402 -0.050919591384923114 0.04535560489374911 0.08129499111901127 0.016718310177708098 -0.020341907644399304 0.024858615409289839 0.042822325739306541 0.18892404797268517 -0.00019367105139886948 0.067206240664078903 -0.015331873596387519 0.0021871878689937964 0.078025319568863091 -0.11768290982159609 -0.072985102726220594 -0.029196234722542843 -0.081561891680582005 0.0097558762192711691 -0.0016895309186954245 -0.049133395308155296 -0.023480012561076291 -0.01090839828954895 0.06030859289015527 -0.025900885663534459 -0.091949959311799598 0.046782840649738484 -0.0050545015612283063 0.073410127628190908 0.05399558036182165
leaf_weight=768.01345352828503 131.79325130581856 138.24225004017353 159.08632616698742 175.61340567469597 104.02302896231413 210.5809042006731 170.61125413700938 242.70600379258394 101.38071213662624 471.19739372655749 97.486765544861555 120.022485088557 169.66099220514297 207.1008560359478 87.488739028573036 152.843455363065 105.41962151229382 57.95910969376564 2212.7641856111586 2237.0823690965772 130.53188681975007 176.06649356335402 107.30062872543931 128.18806867673993 898.24389033392072 176.29004949703813 80.638773702085018 2840.8337453380227 115.6398775652051 119.98174496367574
leaf_count=1570 315 343 391 571 480 507 455 847 275 2362 388 466 445 462 273 768 609 380 6192 8268 358 923 363 586 3374 540 286 9007 354 455
internal_value=0.00146584 -0.0292394 0.000572033 0.00252511 0.0151827 0.0100982 0.0262516 0.0512633 0.102217 -0.00300872 -0.0029042 -0.0211095 0.0209171 0.0439706 -0.0588415 -0.0236143 0.0209925 -0.00924306 -0.000610332 -0.00230225 0.00292682 -0.00975155 -0.0212546 0.0119036 -0.0292488 -0.0614328 -0.0198717 0.00422065 0.0129474 -0.00264418
internal_weight=12894.8 429.122 297.329 12465.7 2474.09 2298.48 1029.14 553.529 205.404 1269.34 475.609 378.122 587.343 376.762 207.511 682 348.126 529.157 9991.58 9223.56 5419.75 3803.81 1566.73 304.255 1262.47 283.591 978.883 5289.22 2328.4 2960.82
internal_count=42613 1049 734 41564 9288 8717 3793 2211 755 4924 1582 1194 1414 907 739 3510 1456 2742 32276 30706 16366 14340 6072 1509 4563 903 3660 16008 6546 9462
is_linear=0
shrinkage=0.05


end of trees

feature_importances:
cl_fut=82
tsh_prev=58
age=55
sl_ratio=53
o_pa_prev=49
draft=48
snp_prev=47
ppr_prev=46
use_prev=46
ypt_cur=40
sl_share=39
t_plays_prev=38
use_l3=36
snp_cur=36
t_prate=36
bonus_prev=35
sl_bias=34
o_ypc_prev=31
d_use=30
cl_now=30
snp_ew=29
t_pf_prev=29
tsh_cur=28
tsh_ew=28
o_sk=28
bonus_cur=26
o_fpa_prev=26
ppr_sd=25
ppr_l3=22
cl_sd=21
ppr_cur=20
rec_cur=20
d_snp=20
t_plays=19
o_pyd_prev=18
pos_share=17
week=17
tgt_cur=16
t_prate_prev=16
o_pyd=16
o_pa=16
csh_cur=13
catch_cur=13
csh_prev=13
ppr_ew=12
rest=12
car_cur=11
t_pf=11
o_fpa=11
csh_ew=8
g_prev=8
o_ypc=8
patt_prev=7
home=6
g=5
use_cur=5
t_g=5
vac_tgt=4
sl_now=4
exp=3
miss=2
tm_change=2
dc_depth=2
o_g=2
dome=2
vac_car=2
use_ew=1
depth=1
sl_rank=1

parameters:
[boosting: gbdt]
[objective: regression]
[metric: l2]
[tree_learner: serial]
[device_type: cpu]
[data_sample_strategy: bagging]
[data: ]
[valid: ]
[num_iterations: 50]
[learning_rate: 0.05]
[num_leaves: 31]
[num_threads: 0]
[seed: 1]
[deterministic: 1]
[force_col_wise: 0]
[force_row_wise: 1]
[histogram_pool_size: -1]
[max_depth: -1]
[min_data_in_leaf: 300]
[min_sum_hessian_in_leaf: 0.001]
[bagging_fraction: 0.8]
[pos_bagging_fraction: 1]
[neg_bagging_fraction: 1]
[bagging_freq: 1]
[bagging_seed: 18467]
[bagging_by_query: 0]
[feature_fraction: 0.8]
[feature_fraction_bynode: 1]
[feature_fraction_seed: 26500]
[extra_trees: 0]
[extra_seed: 15724]
[early_stopping_round: 0]
[early_stopping_min_delta: 0]
[first_metric_only: 0]
[max_delta_step: 0]
[lambda_l1: 0]
[lambda_l2: 1]
[linear_lambda: 0]
[min_gain_to_split: 0]
[drop_rate: 0.1]
[max_drop: 50]
[skip_drop: 0.5]
[xgboost_dart_mode: 0]
[uniform_drop: 0]
[drop_seed: 6334]
[top_rate: 0.2]
[other_rate: 0.1]
[min_data_per_group: 100]
[max_cat_threshold: 32]
[cat_l2: 10]
[cat_smooth: 10]
[max_cat_to_onehot: 4]
[top_k: 20]
[monotone_constraints: 0,0,0,0,0,0,0,1,1,0,0,0,0,0,0,0,0,0,0,0,0,0,0,0,0,0,0,0,0,0,0,0,0,0,0,0,0,0,0,0,0,0,0,0,0,0,0,0,0,0,0,0,0,0,0,0,0,0,0,0,0,0,1,0,0,0,0,0,0,0,0,0,0,0,0,1,0,0,0,0,0,0,0]
[monotone_constraints_method: advanced]
[monotone_penalty: 0]
[feature_contri: ]
[forcedsplits_filename: ]
[refit_decay_rate: 0.9]
[cegb_tradeoff: 1]
[cegb_penalty_split: 0]
[cegb_penalty_feature_lazy: ]
[cegb_penalty_feature_coupled: ]
[path_smooth: 0]
[interaction_constraints: ]
[verbosity: -1]
[saved_feature_importance_type: 0]
[use_quantized_grad: 0]
[num_grad_quant_bins: 4]
[quant_train_renew_leaf: 0]
[stochastic_rounding: 1]
[linear_tree: 0]
[max_bin: 255]
[max_bin_by_feature: ]
[min_data_in_bin: 3]
[bin_construct_sample_cnt: 200000]
[data_random_seed: 41]
[is_enable_sparse: 1]
[enable_bundle: 1]
[use_missing: 1]
[zero_as_missing: 0]
[feature_pre_filter: 1]
[pre_partition: 0]
[two_round: 0]
[header: 0]
[label_column: ]
[weight_column: ]
[group_column: ]
[ignore_column: ]
[categorical_feature: ]
[forcedbins_filename: ]
[precise_float_parser: 0]
[parser_config_file: ]
[objective_seed: 19169]
[num_class: 1]
[is_unbalance: 0]
[scale_pos_weight: 1]
[sigmoid: 1]
[boost_from_average: 1]
[reg_sqrt: 0]
[alpha: 0.9]
[fair_c: 1]
[poisson_max_delta_step: 0.7]
[tweedie_variance_power: 1.5]
[lambdarank_truncation_level: 30]
[lambdarank_norm: 1]
[label_gain: ]
[lambdarank_position_bias_regularization: 0]
[eval_at: ]
[multi_error_top_k: 1]
[auc_mu_weights: ]
[num_machines: 1]
[local_listen_port: 12400]
[time_out: 120]
[machine_list_filename: ]
[machines: ]
[gpu_platform_id: -1]
[gpu_device_id: -1]
[gpu_device_id_list: ]
[gpu_use_dp: 0]
[num_gpu: 1]

end of parameters

pandas_categorical:[]
