tree
version=v4
num_class=1
num_tree_per_iteration=1
label_index=0
max_feature_idx=82
objective=regression
feature_names=g wk_since miss ppr_cur ppr_ew ppr_l3 ppr_sd use_cur use_ew use_l3 tsh_cur tsh_ew csh_cur csh_ew snp_cur snp_ew patt_cur rec_cur tgt_cur car_cur bonus_cur ypt_cur catch_cur ypa_cur d_use d_snp g_prev ppr_prev use_prev tsh_prev csh_prev snp_prev patt_prev bonus_prev tm_change depth pos_share dc_depth dc_eff age exp draft t_g t_plays t_prate t_pf t_plays_prev t_prate_prev t_pf_prev o_g o_fpa o_ypc o_pyd o_sk o_pa o_fpa_prev o_ypc_prev o_pyd_prev o_pa_prev home spread total implied dome temp wind rest new_hc inj vac_tgt vac_car vac_pos qb_out week h sl_now sl_ratio sl_share sl_rank sl_bias cl_now cl_sd cl_fut
monotone_constraints=0 0 0 0 0 0 0 1 1 0 0 0 0 0 0 0 0 0 0 0 0 0 0 0 0 0 0 0 0 0 0 0 0 0 0 0 0 0 0 0 0 0 0 0 0 0 0 0 0 0 0 0 0 0 0 0 0 0 0 0 0 0 1 0 0 0 0 0 0 0 0 0 0 0 0 1 0 0 0 0 0 0 0
feature_infos=[0:15] [1:16] [0:15] [-2.1000000000000001:45.600000000000001] [-2.1000000000000001:45.600000000000001] [-2.1000000000000001:45.600000000000001] [0:34.93107499061545] [-0.36699999999999999:32.165999999999997] [-0.36699999999999994:32.165999999999997] [-0.36699999999999999:32.165999999999997] [0:0.52631578947368418] [0:0.52631578947368418] [0:1] [0:1] [0.01:1] [0.010000000000000002:1] [0:1] [0:13] [0:14] [0:31] [-4:20] [-7:56] [0:1] [0:50] [-22.447500000000002:23.462666666666671] [-0.80000000000000004:0.75] [0:17] [-0.84999999999999998:30.133333333333336] [-0.36699999999999999:26.08775] [0:0.23413939371772127] [0:0.84536895642839383] [0.01:0.96083333333333332] [0:0.35714285714285715] [-2:12] [0:1] [1:13] [0:1] [1:5] [1:6] [20.616016427104721:37.303216974674882] [0:15] [2:260] [0:15] [43:94] [0.22448979591836735:0.83606557377049184] [0:59] [54.875:74.4375] [0.4380664652567976:0.6865234375] [13.1875:37.875] [0:15] [0.90000000000000002:56.899999999999999] [0.86956521739130432:8.882352941176471] [82:466] [0:10] [0:59] [15.200000000000001:33.556249999999999] [3.1394799054373523:5.756317689530686] [152.8235294117647:348.25] [13.1875:37.875] [0:1] none none none [0:1] none none [4:17] [0:1] [0:3] [0:1] [0:1] [0:1] [0:1] [2:18] [2:4] [0.01:28.77] [0.0031746031746031746:13.550694444444444] [0:1] [1:10] [-1.2276917421252225:1.1319999999999999] [-0.10000000000000001:29.640000000000001] [0.69999999999999996:28.57] [0:28.550000000000001]
tree_sizes=3468 3449 3460 3458 3456 3446 3433 3446 3433 3455 3452 3464 3451 3458 3481 3488 3472 3477 3455 3467 3465 3450 3487 3470 3464 3466 3472 3464 3474 3466 3475 3464 3460 3474 3441 3489 3459 3482 3484 3485 3459 3461 3453 3481 3481 3475 3449 3473 3469 3487 3499 3492 3485 3465 3477 3476 3454 3484 3477 3472 3506 3490

Tree=0
num_leaves=31
num_cat=0
split_feature=80 27 76 19 19 39 56 63 20 63 20 33 56 44 45 27 7 13 30 47 30 33 76 29 52 69 6 35 15 21
split_gain=3663.98 2640.49 1941.63 1425.76 1098.28 998.634 736.82 715.527 686.251 666.774 1013.26 728.169 698.253 627.561 653.626 588.984 593.419 570.389 551.961 547.865 761.064 535.48 525.567 492.65 559.138 477.856 475.171 463.653 426.352 411.628
threshold=10.065000000000003 4.6901785714285724 2.863164893617022 20.236111111111114 9.8944444444444475 22.947296372347711 4.7060160036770862 1.0000000180025095e-35 1.8397435897435896 1.0000000180025095e-35 5.1428571428571432 1.9411764705882355 4.0320639905780746 0.50642401232529999 21.925824175824179 4.0654761904761907 9.8071250000000028 0.22330356720078007 0.10344720057792636 0.62288413789810448 0.20568442293978753 3.4476190476190482 0.67028796482455 0.048866904358302883 228.60769230769233 0.047643458069662352 6.3823015190515848 7.5000000000000009 0.43469542366343367 4.9533482142857155
decision_type=8 10 8 8 10 2 2 2 10 2 8 10 2 8 10 8 8 10 8 2 10 10 8 8 8 2 10 8 10 10
left_child=8 4 5 17 15 -3 9 -6 18 11 12 25 -11 -13 21 -2 -17 -4 -1 23 -21 -15 -10 24 -20 -7 -8 -18 -25 -19
right_child=1 2 3 -5 7 6 26 -9 22 10 -12 13 -14 14 -16 16 27 29 19 20 -22 -23 -24 28 -26 -27 -28 -29 -30 -31
leaf_value=0.041168365001535839 0.02832946233438241 0.12834374280502966 0.0014167031923450497 -0.16899958805364682 -0.084508877341266456 -0.021377699700910899 0.095598626168821255 0.055616856157467247 0.073888043652231908 0.072407510708797113 0.10387336368429288 0.026419345760694487 -0.070604800026711032 -0.09172221704588579 -0.12231890203229144 0.043405360587505458 0.088226868758589011 -0.089647735344358659 0.17767140652388391 0.086053288397212713 -0.039579347785821846 0.015896292098598937 -0.011556343273046506 0.065649490715605052 0.088292730081449097 0.08719319506417926 -0.0004905115456597059 0.21211662329970271 0.13492476163862616 -0.018568701115900265
leaf_weight=1287.2117971628904 2572.9262966699898 156.57835817337036 489.42695413529873 262.30328267067671 295.12378631904721 251.06404633820057 283.07744553685188 130.76661881431937 274.46551828086376 126.17028823494911 260.18834656476974 189.68464712798595 258.79556761682034 214.42739477753639 383.10880261659622 938.95071924850345 469.74308031052351 599.73852513730526 293.22702884674072 277.33573845028877 211.83964571356773 248.8689866065979 518.51609538495541 1571.2209075987339 442.66214415431023 168.61362046003342 235.14890791475773 90.038820538669825 259.25084866583347 309.12338800355792
leaf_count=2644 10931 384 3363 1621 1407 615 600 435 730 308 577 364 606 486 961 5011 1802 4030 571 729 517 597 1223 3646 1047 433 542 362 557 2104
internal_value=0.0272244 0.00787646 -0.0194911 -0.0622396 0.0348697 0.00609663 -0.00125776 -0.0414548 0.0608731 -0.014433 0.0278506 -0.0331782 -0.0236672 -0.0556687 -0.0740747 0.0428614 0.0677734 -0.0421061 0.0686824 0.080256 0.0316777 -0.034003 0.0180733 0.0894996 0.1241 0.0223463 0.0520805 0.108497 0.0755293 -0.0655192
internal_weight=14069.6 8933.87 4436.32 1660.59 4497.55 2775.73 2619.15 425.89 5135.73 2100.92 645.154 1455.77 384.966 1036.09 846.405 4071.66 1498.73 1398.29 4342.75 3055.54 489.175 463.296 792.982 2566.36 735.889 419.678 518.226 559.782 1830.47 908.862
internal_count=49203 37539 17591 11118 19948 6473 6089 1842 11664 4947 1491 3456 914 2408 2044 18106 7175 9497 9711 7067 1246 1083 1953 5821 1618 1048 1142 2164 4203 6134
is_linear=0
shrinkage=0.05


Tree=1
num_leaves=31
num_cat=0
split_feature=82 30 76 19 5 39 34 78 27 77 50 82 73 54 13 19 20 30 39 29 21 30 76 27 70 48 48 52 11 52
split_gain=4187.37 2321.88 1918.58 1152.63 1026.52 804.56 761.027 794.172 745.69 644.188 629.022 623.393 847.009 756.539 553.792 499.482 477.392 538.781 486.218 446.898 434.275 422.255 421.7 406.198 364.627 357.474 367.515 338.169 328.88 305.307
threshold=9.4550000000000018 0.16612716621874449 1.8280011074197124 16.720779220779225 25.633333333333336 22.967830253251201 inf 4.5000000000000009 8.0014285714285727 0.60476523238147195 17.241666666666671 15.315000000000003 12.500000000000002 21.26136363636364 0.20739414621732738 10.033333333333335 1.7032967032967035 0.090714124832965398 28.342231348391518 0.043283814903502797 4.9533482142857155 0.62613763175020909 0.67028796482455 5.6708333333333343 1.0000000180025095e-35 22.240808823529417 26.218750000000004 232.56349206349208 0.13169830370726746 199.26666666666668
decision_type=8 10 8 10 8 2 8 8 10 8 8 10 2 10 10 8 10 8 2 8 10 10 10 10 2 2 2 8 10 8
left_child=9 3 5 6 14 -3 -2 -8 -6 16 -7 15 13 -13 23 -12 17 -1 19 25 29 24 -18 -4 27 -19 -27 -17 -14 -16
right_child=1 2 4 -5 8 10 7 -9 -10 -11 11 12 28 -15 20 21 22 18 -20 -21 -22 -23 -24 -25 -26 26 -28 -29 -30 -31
leaf_value=0.035655444313821304 0.027071859540566751 0.11782404001022904 0.10285138947196851 -0.15463080028332135 -0.071629104026281074 0.070094433920095886 -0.0034162638074285417 0.13895725972033757 -0.23346339962911525 0.16660205629944944 -0.060428346598647778 0.073947400602817445 -0.16920568526235652 -0.065277142998844753 0.0031501412768266354 -0.052004680669415784 0.0730769079314353 0.16572253281231811 0.027098278699386875 0.072100360607458641 -0.015267575303143524 0.089056579312070519 -0.0022816377975676291 -0.020458967297614483 0.04719012707001239 0.026843397372356661 0.12263997033608598 0.014336375424058696 -0.060078400191175899 -0.098249097697201193
leaf_weight=1087.8324249535799 4004.5516117550433 150.39897917211056 83.571977093815804 81.446267168968916 152.79551128670573 278.01866671442986 141.56104673445225 316.58165026828647 134.42128216847777 142.84547699987888 231.65520870685577 176.78378430008888 142.76417745649815 215.2790682464838 84.384031597524881 312.34865669906139 284.62111613154411 256.99395103752613 428.5180748552084 1951.8400902301073 315.85098411142826 184.03256241977215 530.18511821329594 316.58855060487986 395.49210289120674 148.97562444210052 308.5727294832468 495.59507739543915 136.09193807840347 612.5272320099175
leaf_count=2221 18441 367 531 333 644 569 324 1364 889 528 619 377 303 511 392 593 750 512 1000 4460 2150 428 1233 2020 909 348 643 1185 317 4123
internal_value=0.0261984 0.00556355 -0.0202421 0.0306552 -0.061887 0.005816 0.0340707 0.0950538 -0.147917 0.0621691 -0.000787085 -0.00941917 -0.0499069 -0.00247144 -0.0443067 0.00737826 0.0591513 0.0659721 0.0766132 0.0845577 -0.0639667 0.0187348 0.0240993 0.00548611 0.00791598 0.118438 0.0915756 -0.0113435 -0.116353 -0.0859845
internal_weight=14103.1 8962.74 4418.6 4544.14 1700.14 2718.46 4462.69 458.143 287.217 5140.38 2568.06 2290.04 670.919 392.063 1412.92 1619.12 4997.54 4182.73 3094.9 2666.38 1012.76 1387.47 814.806 400.161 1203.44 714.542 457.548 807.944 278.856 696.911
internal_count=49084 37389 16927 20462 10749 6178 20129 1688 1533 11695 5811 5242 1508 888 9216 3734 11167 9184 6963 5963 6665 3115 1983 2551 2687 1503 991 1778 620 4515
is_linear=0
shrinkage=0.05


Tree=2
num_leaves=31
num_cat=0
split_feature=80 28 77 1 13 44 39 20 50 44 73 28 25 53 33 28 80 57 54 53 73 52 79 9 39 31 31 80 77 48
split_gain=2937.45 2150.32 1705.01 1209.3 1072.87 709.657 677.346 650.127 642.449 577.068 675.912 557.901 523.997 471.795 647.042 435.632 530.644 433.371 412.64 400.173 393.665 391.993 372.516 344.279 338.031 483.012 531.102 334.965 330.239 308.431
threshold=12.485000000000001 5.0453000000000001 0.044670029575853844 7.5000000000000009 0.3849410024869358 0.51547532159474507 24.108145106091722 1.4606060606060607 17.811538461538465 0.63305426600056935 16.500000000000004 11.112485576923079 0.02714285714285708 2.63961038961039 4.6018099547511309 1.9335714285714289 1.7350000000000001 202.15073529411768 23.31666666666667 2.1055555555555561 14.500000000000002 212.40833333333336 -0.054234944197662102 15.983166666666667 28.017796030116362 0.57138235294117656 0.50937500000000013 1.1850000000000003 0.59729888576685519 17.545955882352946
decision_type=8 10 10 8 10 8 2 10 8 10 2 10 8 8 10 8 10 2 10 10 2 10 8 10 2 10 10 10 10 2
left_child=7 4 3 11 6 12 -2 15 -7 10 13 20 -4 19 22 -1 27 -9 -6 23 -3 -5 -15 -10 25 26 29 -17 -24 -18
right_child=1 2 5 21 18 8 -8 17 9 -11 -12 -13 -14 14 -16 16 24 -19 -20 -21 -22 -23 28 -25 -26 -27 -28 -29 -30 -31
leaf_value=0.026563708062023246 0.071311235872897075 -0.029447986382281823 0.14311944238051238 -0.10202084994967885 -0.0012919422019413529 0.073557170044228945 0.024504465955115518 0.097053377969610499 0.034876125600756362 0.065734907684375496 -0.13464395988094444 -0.072653222019587335 0.020246523968108155 0.025409635278980248 0.10126663196213359 0.084073919601534416 0.1184865219188739 0.016401232184367443 -0.10824069301189283 -0.11235179909357927 0.063783991892788217 -0.22820815992335169 -0.0015419775510195327 -0.070504058905083947 0.020046937137473433 0.15590536241344444 -0.034884739613674699 0.15465774364969775 -0.1110371874420929 0.059066800433601824
leaf_weight=739.04477766156197 1045.4727376252413 513.74212036654353 148.30071572959423 135.02639070898294 185.59655669331551 221.58854994177818 2964.791474044323 186.15579277276993 149.95604021847248 182.37610360980034 134.69709903001785 719.48491732031107 208.10279306769371 275.77593450248241 149.87437002360821 662.24378867447376 250.05498622357845 1520.6012110710144 174.49445606023073 184.37144945561886 144.16661366075277 116.94438130035996 136.67092981934547 158.43131785094738 488.07468742132187 139.44057217240334 137.36627690494061 227.92315298318863 137.85062499344349 1754.5932031869888
leaf_count=1623 5727 3659 297 901 858 466 12195 392 369 514 297 4957 426 633 336 1459 530 3697 795 424 1037 508 366 396 1139 291 257 515 300 4021
internal_value=0.0252867 0.00552159 -0.0224295 -0.0607458 0.0292961 0.00748526 0.0367217 0.0514635 -0.00575136 -0.0174306 -0.0288959 -0.0422552 0.0716318 -0.0168529 0.00952897 0.0616267 0.0686982 0.0252496 -0.0532739 -0.0542828 -0.0089524 -0.161257 -0.0155943 -0.0193149 0.0578651 0.0659432 0.0600169 0.1023 -0.0567283 0.0665341
internal_weight=14193.2 8087.72 3717.36 1629.36 4370.36 2088 4010.26 6105.5 1731.59 1510 1327.63 1377.39 356.404 1192.93 700.172 4398.74 3659.7 1706.76 360.091 492.759 657.909 251.971 550.297 308.387 2769.53 2281.46 2142.01 890.167 274.522 2004.65
internal_count=49385 35461 15886 11062 19575 4824 17922 13924 4101 3635 3121 9653 723 2824 1635 9835 8212 4089 1653 1189 4696 1409 1299 765 6238 5099 4808 1974 666 4551
is_linear=0
shrinkage=0.05


Tree=3
num_leaves=31
num_cat=0
split_feature=82 30 41 77 9 21 41 29 82 77 56 33 80 33 82 58 19 39 41 28 82 45 12 78 14 39 39 36 82 30
split_gain=3729.58 1666.56 1418.28 1366.49 1117.45 691.833 810.787 808.438 791.176 569.546 533.794 666.736 574.272 508.897 695.008 495.104 491.57 486.325 905.431 585.555 608.44 515.076 467.199 443.051 579.857 648.471 381.364 370.246 363.28 362.43
threshold=9.6650000000000009 0.16612716621874449 49.000000000000007 0.44169892285065299 16.668250000000004 5.0026737967914441 24.500000000000004 0.088792186144634355 15.315000000000003 0.61276519091199588 4.5955145215981137 1.9411764705882355 16.930000000000003 4.0588235294117654 16.985000000000003 17.545955882352946 20.038461538461544 24.792607802874745 64.000000000000014 13.286933333333335 6.5950000000000006 16.320512820512821 0.50844586819320037 5.5000000000000009 0.11800000000000002 24.000000000000004 21.638603696098567 0.26113414843514432 2.3250000000000006 0.16979490499073857
decision_type=8 10 8 10 10 10 10 10 10 10 2 10 8 10 8 2 8 2 8 10 10 8 10 8 10 2 2 10 10 10
left_child=9 4 3 16 23 7 -7 -5 22 17 11 15 -12 -13 -15 -4 -3 18 -1 20 27 -20 -9 -2 25 -25 -23 28 29 -19
right_child=1 2 10 5 -6 6 -8 8 -10 -11 12 13 -14 14 -16 -17 -18 19 21 -21 -22 26 -24 24 -26 -27 -28 -29 -30 -31
leaf_value=0.17875293020554406 0.017622025615553583 -0.026328603562010403 0.063482779387072266 0.10600720219816206 -0.10407442501670167 0.16474589221866948 0.037556053321142716 -0.035256442639723794 -0.10457960281359009 0.16122092467947355 0.057510982018224556 -0.098306492125035602 -0.039679916174136132 0.043411106700157916 -0.089784642095321776 -0.034591467387659745 -0.15437339408113762 0.04908446567554451 0.13299398237173482 0.13418115465080058 -0.014712017655979029 -0.021966250794761524 0.087266902910045324 0.13522064179304227 0.023131826074360051 0.046835182524558018 0.061634885639272302 0.11478867417640957 0.020234582743547544 0.12843060067646545
leaf_weight=187.16512115299702 2493.9313897490501 337.67867517471313 151.78540425002575 177.38675698637962 156.58243586868048 220.26475349068642 290.71631114184856 147.590526252985 171.08672259747982 131.53276282548904 269.2308551222086 788.13957574591041 346.35151594877243 180.57260763645172 211.83926539868116 816.32500853016973 95.561187401413918 869.44886858761311 237.77472661435604 163.43460237979889 470.56297816336155 148.32392327487469 162.56953020393848 323.92136424407363 983.03144081309438 579.46670239418745 1635.8416982144117 188.20267482101917 1011.7242338657379 172.31062391400337
leaf_count=495 6417 2220 619 418 678 505 622 294 358 446 625 3522 1529 344 913 4004 527 1750 542 363 1109 258 370 2183 7855 3333 3836 418 2197 449
internal_value=0.0252135 0.00554339 -0.0165029 0.0209082 0.0267633 0.0489974 0.0925975 0.0150825 -0.0185825 0.058782 -0.0381955 -0.0499512 0.00285179 -0.0751596 -0.0285386 -0.0191652 -0.0548623 0.056101 0.0737508 0.0425214 0.0369508 0.0639475 0.0290379 0.031463 0.0497424 0.0786414 0.0546764 0.0477973 0.0416046 0.0623192
internal_weight=14120.4 8904.03 4367.1 1602.85 4536.93 1169.61 510.981 658.634 481.247 5216.32 2764.24 2148.66 615.582 1180.55 392.412 968.11 433.24 5084.79 2209.11 2875.68 2712.25 2021.94 310.16 4380.35 1886.42 903.388 1784.17 2241.69 2053.48 1041.76
internal_count=49199 37336 16870 5314 20466 2567 1127 1440 1022 11863 11556 9402 2154 4779 1257 4623 2747 11417 5131 6286 5923 4636 664 19788 13371 5516 4094 4814 4396 2199
is_linear=0
shrinkage=0.05


Tree=4
num_leaves=31
num_cat=0
split_feature=82 36 39 41 30 66 71 34 77 19 27 76 79 28 58 79 28 39 41 82 43 82 30 55 45 25 3 2 25 29
split_gain=3120.41 1753.12 1147.28 975.074 788.326 795.163 667.593 592.658 583.709 571.252 613.245 563.367 561.499 546.865 697.927 652.691 531.848 512.766 837.631 574.677 505.302 647.498 651.067 528.842 502.285 489.968 478.952 548.119 458.655 461.057
threshold=9.6050000000000022 0.092911335639317486 27.500342231348395 30.000000000000004 0.47933578852099357 7.5000000000000009 0.061913134359406215 inf 0.035217391304347832 12.845238095238097 15.077350427350428 0.81237720153376236 -0.24218496738897852 11.112485576923079 19.000000000000004 -0.36987137776587981 13.286933333333335 24.792607802874745 64.000000000000014 3.3950000000000005 61.839743589743598 17.465000000000003 0.42941197813155224 27.034375000000001 16.320512820512821 0.053603896103896105 15.05192307692308 1.0000000180025095e-35 0.014999999999999932 0.10240791988305746
decision_type=8 8 2 8 8 2 2 8 10 8 10 8 8 10 2 8 10 2 8 10 10 8 10 2 8 10 8 2 8 10
left_child=16 7 3 4 -3 -6 11 -2 -9 10 13 -4 -8 14 15 -5 17 18 -1 -19 28 22 -22 -23 -20 -21 -13 -28 -11 -30
right_child=1 2 6 9 5 -7 12 8 -10 20 -12 26 -14 -15 -16 -17 -18 19 24 25 21 23 -24 -25 -26 -27 27 -29 29 -31
leaf_value=0.17347517753571795 0.025038820568310857 0.15506471889361165 0.021723109185796681 0.23163373111730703 -0.0061607649125533688 0.14177144081572843 0.12791431362553315 0.11780827897054238 -0.018291397249599019 0.064063476210068679 0.095693671026316984 -0.057028253572530323 -0.026550092090137561 -0.060957613535708416 -0.0049904328580075222 0.044295060353546217 0.12998898042018803 0.05750262876854309 0.12454534081219096 -0.0042689541136407723 -0.084102014139633308 -0.12855574405023407 0.032199443912699514 0.03648744528530095 0.049176758039905566 0.067050779099545987 -0.088281592066089931 -0.22294126901293276 0.0047858794530823996 -0.07631258168188676
leaf_weight=170.85595259070396 2765.4915132075548 151.70356763899326 140.33383461833 57.971744298934937 416.34806257113814 115.1618366278708 77.021149873733521 346.5205385312438 101.55856187641621 192.75078126788139 185.87167743220925 563.47689981386065 238.33746042847633 298.68346476554871 1047.2107745371759 223.23133342340589 213.3489962220192 1409.7327748388052 251.65137684345245 1055.5739029347897 212.26733332872391 335.46422739326954 275.29102253913879 56.268909472972155 1806.104550793767 310.95629023015499 238.80469847843051 111.38177745044231 536.07152568176389 259.30103557556868
leaf_count=462 12341 582 289 177 1417 390 158 1381 233 459 556 2767 1386 1187 5718 1313 507 3041 566 2368 486 1829 689 302 4198 751 957 378 1752 654
internal_value=0.0220685 0.00414416 -0.0124268 0.000106687 0.0549188 0.0260976 -0.0523369 0.0337011 0.0869888 -0.0100806 0.00990955 -0.071418 0.0114604 5.72271e-05 0.0138115 0.0836 0.0527927 0.0494767 0.0673421 0.0351163 -0.0294828 -0.0570318 -0.018503 -0.104816 0.0584499 0.0119971 -0.0857321 -0.131625 -0.00493521 -0.0217158
internal_weight=14164.7 8946.52 5732.95 4363.6 683.213 531.51 1369.36 3213.57 448.079 3680.38 1812.97 1054 315.359 1627.1 1328.41 281.203 5218.22 5004.87 2228.61 2776.26 1867.41 879.291 487.558 391.733 2057.76 1366.53 913.663 350.186 988.123 795.373
internal_count=49294 37401 23446 17511 2389 1807 5935 13955 1614 15122 8951 4391 1544 8395 7208 1490 11893 11386 5226 6160 6171 3306 1175 2131 4764 3119 4102 1335 2865 2406
is_linear=0
shrinkage=0.05


Tree=5
num_leaves=31
num_cat=0
split_feature=82 27 76 5 19 41 82 53 73 34 78 43 79 77 22 30 55 47 13 33 76 26 20 39 56 21 30 79 41 79
split_gain=2916.17 1857.77 1151.73 942.213 863.736 811.432 978.322 639.812 591.611 557.227 764.762 548.024 546.749 528.276 510.463 508.289 479.594 449.505 419.489 381.204 347.438 348.362 456.177 452.724 412.657 336.025 392.724 324.316 319.346 577.804
threshold=9.6050000000000022 4.6901785714285724 1.5121405110950894 25.633333333333336 16.964285714285719 49.000000000000007 16.265000000000004 2.577380952380953 9.5000000000000018 inf 4.5000000000000009 65.679487179487197 -1.0499293085629828 0.45435829242012793 0.89915254237288156 0.33350640385192581 20.794117647058826 0.55534271160211512 0.20739414621732738 1.9411764705882355 0.67028796482455 14.500000000000002 1.0333333333333337 28.342231348391518 4.301018798315555 4.9533482142857155 0.63321344785680977 0.30591166030098249 162.50000000000003 0.046346491107944442
decision_type=8 10 8 8 10 8 10 10 2 8 8 10 10 10 10 10 2 2 10 8 10 2 8 2 2 10 10 10 10 10
left_child=12 4 5 18 9 7 11 16 -9 -2 -11 14 -1 20 28 -5 -3 -18 -4 -15 -14 22 -22 24 27 -20 -27 -23 29 -7
right_child=1 2 3 15 -6 6 -8 8 -10 10 -12 -13 13 19 -16 -17 17 -19 25 -21 21 23 -24 -25 -26 26 -28 -29 -30 -31
leaf_value=-0.0065725230302701252 0.023440000830946123 -0.058447067873554817 0.0059618124911294985 -0.066561922277628055 -0.14169140657502605 0.021898592994569571 -0.12106783400362209 0.15163772489514818 0.030779420976942175 -0.017950594054050847 0.1228943949663502 -0.079091552511451543 0.066238967409051677 0.15756142936346118 0.094881265907128975 -0.20342970076825098 0.084753309610960628 -0.0068732221175584769 -0.07093890373108766 0.059793886282956878 0.040538289719526811 0.077959944927350797 -0.019805786874464621 -0.0020172018651718176 0.043191960704061068 -0.033268679789134399 0.11576207209715186 0.17481004373053702 0.059041941412946435 -0.065729917837759486
leaf_weight=381.75608539581299 3968.1076970472932 209.53082822263241 450.75646825879812 137.14254844561219 73.947465486824512 404.96333134174347 214.65255652368069 177.66088251769543 235.23913210630417 136.33929513394833 325.93843415006995 211.97898922860622 1970.9881757497787 207.15877451002598 147.16222028434277 136.08845807239413 223.67152847349644 330.80239714682102 720.34488096833229 195.10124942660332 1102.730061262846 208.4171998500824 436.55482679605484 212.38471634685993 362.34810936450958 290.98235832899809 51.099160484969616 150.61172866821289 158.8765294700861 349.72316025197506
leaf_count=606 17844 408 3093 677 332 972 520 388 533 309 1405 602 4678 568 287 860 466 795 4550 523 2525 513 1001 529 722 1877 369 243 347 830
internal_value=0.021354 0.00402929 -0.0188791 -0.049929 0.026664 0.00195105 -0.0225881 0.0329562 0.0830225 0.0295053 0.081406 -0.00589664 0.0510227 0.05556 0.0087916 -0.135225 0.00582505 0.0301744 -0.0344482 0.110409 0.0505716 0.0380631 0.0234224 0.062147 0.0810147 -0.0515825 -0.0107344 0.118961 -0.00516483 -0.0187419
internal_weight=14183.1 8955.01 4450.68 1786.41 4504.33 2664.26 1487.36 1176.9 412.9 4430.39 462.278 1272.7 5228.05 4846.29 1060.73 273.231 764.005 554.474 1513.18 402.26 4444.03 2473.05 1539.28 933.762 721.377 1062.43 342.082 359.029 913.563 754.686
internal_count=49372 37464 17574 11426 19890 6148 3558 2590 921 19558 1714 3038 11908 11302 2436 1537 1669 1261 9889 1091 10211 5533 3526 2007 1478 6796 2246 756 2149 1802
is_linear=0
shrinkage=0.05


Tree=6
num_leaves=31
num_cat=0
split_feature=80 33 76 12 19 41 39 69 14 55 12 47 17 20 6 56 11 28 76 28 38 41 20 33 55 41 34 47 48 78
split_gain=2005.84 1508.96 930.087 1245.96 667.172 687.194 660.752 562.988 504.332 468.272 551.309 429.836 424.952 475.448 550.537 467.956 415.623 404.702 472.457 526.346 401.311 399.823 462.963 386.525 373.476 355.387 353.936 331.916 304.962 300.531
threshold=8.9150000000000009 0.55844155844155852 2.2368351063829794 0.20830298341423661 10.033333333333335 107.50000000000001 22.837782340862429 0.0044152046783625743 0.75414285714285734 21.550000000000004 0.64091963148604492 0.55091706824373177 1.3038461538461541 3.1547619047619055 8.7097868348461862 4.1875689919168186 0.13169830370726746 13.286933333333335 0.36088412940849773 1.6229641025641028 1.5000000000000002 107.50000000000001 0.79999999999999971 1.9411764705882355 22.693750000000005 68.000000000000014 inf 0.59360018470348497 25.454044117647062 8.5000000000000018
decision_type=8 10 8 8 10 8 2 2 10 2 10 2 8 10 8 2 10 10 10 8 8 8 10 10 2 8 8 2 2 8
left_child=17 4 6 -4 5 11 -3 12 24 16 23 -2 -8 15 -15 -14 25 18 19 -1 -13 22 -20 -11 -6 -9 -7 -22 -25 -28
right_child=1 2 3 -5 8 26 7 9 -10 10 -12 20 13 14 -16 -17 -18 -19 21 -21 27 -23 -24 28 -26 -27 29 -29 -30 -31
leaf_value=0.020466511980702623 0.0058010666377530246 0.11729692689861725 0.016012894407045754 -0.068225734234796498 -0.088901847052695521 0.021267345658005945 0.055892978953462735 0.059795030365257254 0.088818726462889963 0.07700836589707942 0.13844385392499911 0.20754038289899404 0.046209425417462195 -0.11350351740175256 0.00024444767696935732 -0.039929074129503778 -0.08502449882781038 0.12456033137659867 0.091009150243313505 0.086475626377579939 0.026911803779921691 0.021099226536380578 0.019970372865904622 -0.026022266092184561 0.002117464715071972 -0.028128808046269018 0.046223736291960894 0.137510364907727 0.050965925722244038 0.1485399524988591
leaf_weight=428.38574887812138 112.79317041113973 124.52212914824486 666.481630243361 1282.9827182404697 234.27743972465396 2945.9714569635689 145.07126744091511 201.82266892492771 82.012251492589712 261.7921899408102 128.41507336497307 91.988211113959551 250.59738399088383 301.46371294558048 164.07506428658962 421.40217468142509 151.76840636134148 158.8468404263258 526.63940660655499 1028.764658972621 126.67351731285453 2221.169895619154 406.93024541437626 338.34849861264229 216.24230941385031 264.27600248157978 280.22139431536198 146.55047948658466 206.15132540464401 96.272044487297535
leaf_count=887 713 345 4047 8194 895 13255 361 392 266 670 324 394 587 653 417 971 325 375 1208 2390 510 4973 896 817 940 534 701 735 529 761
internal_value=0.0199464 0.00635345 -0.0126263 -0.0394328 0.0278549 0.0351987 0.00503772 6.76442e-05 -0.0245225 0.020313 0.0426212 0.0911985 -0.0244357 -0.0347202 -0.0734994 -0.00778597 -0.013449 0.0462726 0.0435497 0.067097 0.117485 0.0326556 0.0600988 0.0272073 -0.0453061 0.00998909 0.0271169 0.0865192 0.00316598 0.0727109
internal_weight=14012.9 9242.17 4909.17 1949.46 4333 3800.47 2959.71 2835.18 532.532 1552.57 934.707 478.005 1282.61 1137.54 465.539 672 617.867 4770.74 4611.89 1457.15 365.212 3154.74 933.57 806.292 450.52 466.099 3322.46 273.224 544.5 376.493
internal_count=49065 38336 19166 12241 19170 17069 6925 6580 2101 3591 2340 2352 2989 2628 1070 1558 1251 10729 10354 3277 1639 7077 2104 2016 1835 926 14717 1245 1346 1462
is_linear=0
shrinkage=0.05


Tree=7
num_leaves=31
num_cat=0
split_feature=81 28 15 75 1 43 39 55 11 50 81 41 39 28 34 81 13 6 18 18 48 45 28 41 21 41 15 53 55 25
split_gain=1929.39 1466.46 1441.65 868.699 919.117 591.61 557.171 614.011 546.834 525.789 468.499 442.602 437.672 560.026 426.524 388.568 789.108 385.402 388.057 376.163 363.023 361.128 477.364 425.049 359.617 366.137 354.557 353.707 335.194 325.664
threshold=7.3850000000000007 5.8992187500000002 0.49887017101247105 0.47500000000000003 7.5000000000000009 65.20714285714287 22.967830253251201 27.466544117647061 0.04798621327431369 17.241666666666671 2.3750000000000004 69.500000000000014 28.451745379876801 1.9335714285714289 inf 11.565000000000003 0.55410763906733373 3.4455526788244328 2.226495726495727 2.4833333333333338 28.424632352941178 15.296703296703299 6.1124208144796386 52.500000000000007 4.6573385518591008 103.50000000000001 0.15805746409654911 1.1180555555555558 27.671139705882357 -0.061124999999999978
decision_type=8 10 10 10 8 8 2 2 8 8 10 8 2 8 8 10 8 10 10 10 2 10 10 8 8 8 10 10 2 10
left_child=5 2 11 4 28 12 -5 8 -8 -10 -7 19 13 -1 -13 -11 -17 -4 -19 -2 21 22 -15 -23 -12 -26 -25 -6 -3 -28
right_child=1 3 17 6 27 10 7 -9 9 15 24 14 -14 20 -16 16 -18 18 -20 -21 -22 23 -24 26 25 -27 29 -29 -30 -31
leaf_value=0.010651600628269016 0.062332142465930697 -0.039663261092004132 0.041598741578516729 0.096453089962443839 -0.069556797769033535 0.057008468053233868 0.081181771640210051 0.079543328598013552 0.050274727079939519 -0.032482852514921681 -0.034111896399321551 0.022171099231959493 0.01223682436778261 0.18353214642920987 0.075331186903708824 0.11957240987121201 -0.032482852514921681 -0.17971042737009041 -0.055742045060955196 0.2154045470693649 0.11994463859748555 0.11422899862603109 0.050342181453119444 0.075518630283087709 0.083807722084181968 -0.0042704157290775905 0.0035723305068574062 -0.19787348983293399 0.058513294088137269 0.053669269656167307
leaf_weight=508.99878345429897 161.23388328030705 1185.0232371985912 75.983956519514322 139.74455115199089 96.287997886538506 459.71842838823795 137.90993206202984 189.37374801933765 221.99213354289532 1360.1745180636644 498.54988224804401 3747.7289251610637 587.87309899926186 132.63179031014442 418.88227896392345 126.47912834584713 126.08886003494263 78.619654309004545 313.924047652632 53.096476439386606 296.89395290613174 267.35794664919376 137.58509200811386 715.13222587108612 175.59216669201851 355.28545598685741 576.74242950975895 125.19342074915767 92.944794330745935 740.90369860827923
leaf_count=1038 962 8112 312 360 762 1006 358 537 454 3145 1258 16744 1341 338 1563 353 286 325 1258 259 659 612 279 1551 434 913 1239 492 697 1551
internal_value=0.0186947 0.00401048 0.0222346 -0.019239 -0.04884 0.0419838 5.69588e-05 -0.00621543 -0.0144844 -0.0217156 0.0151009 0.0311526 0.0520762 0.0590074 0.0275322 -0.0316499 0.0294815 -0.0610413 -0.0809643 0.101077 0.0675849 0.0614926 0.116152 0.0550236 -0.0036512 0.024965 0.0471844 -0.142652 -0.0324829 0.0317608
internal_weight=14103.9 8650.68 4849.47 3801.21 1499.45 5453.26 2301.76 2162.02 1972.64 1834.73 1489.15 4380.94 3964.12 3376.25 4166.61 1612.74 252.568 468.528 392.544 214.33 2867.25 2570.35 270.217 2300.14 1029.43 530.878 2032.78 221.481 1277.97 1317.65
internal_count=49198 36979 21423 15556 10063 12219 5493 5133 4596 4238 3611 19528 8608 7267 18307 3784 639 1895 1583 1221 6229 5570 617 4953 2605 1347 4341 1254 8809 2790
is_linear=0
shrinkage=0.05


Tree=8
num_leaves=31
num_cat=0
split_feature=82 28 76 9 9 41 77 29 82 63 12 82 41 79 34 78 57 36 33 79 50 41 9 79 46 10 58 17 19 76
split_gain=2382.8 1530.36 1053.59 903.698 733.831 641.327 546.293 478.818 742.466 770.532 601.272 454.86 439.332 594.781 431.249 608.293 401.008 386.471 359.72 359.418 350.993 344.89 658.27 389.34 341.015 367.16 330.465 647.517 578.734 314.652
threshold=9.6050000000000022 5.6451166666666674 1.5121405110950894 16.81141666666667 21.647166666666674 49.000000000000007 0.60826835057361806 0.16391646301045415 15.205000000000002 1.0000000180025095e-35 0.50844586819320037 14.865 162.50000000000003 -0.022519393232916411 inf 4.5000000000000009 233.38235294117649 0.62027483351723089 2.8492647058823537 -1.0499293085629828 25.514835164835169 194.50000000000003 5.8188333333333349 0.011098538543798633 64.332720588235318 0.12376006485644875 20.363970588235297 1.9128787878787883 11.035714285714286 0.94890727913876605
decision_type=8 10 8 10 8 8 8 10 8 2 10 10 10 10 8 8 2 10 10 10 8 8 10 10 2 8 2 10 10 10
left_child=6 3 5 14 -4 7 19 8 10 17 -3 12 13 24 21 -16 -13 -10 -15 -1 -6 26 -23 -24 25 -7 27 -2 -28 -12
right_child=1 2 4 -5 20 11 -8 -9 9 -11 29 16 -14 18 15 -17 -18 -19 -20 -21 -22 22 23 -25 -26 -27 28 -29 -30 -31
leaf_value=-0.0060095691853959089 0.039102851058357257 -0.014852283955229731 -0.036566919175871813 -0.09248322453198686 -0.19089419740701069 -0.07147545756694515 0.13838038121302168 0.10633474705677995 -0.017845041356320836 0.050407381912042928 0.048779342149621048 -0.012446125383979796 0.074183442807423339 -0.022070980857678051 -0.01451035494675699 0.10854635180215895 -0.12195519976285946 -0.12729755714226429 -0.1103377123765831 0.045186138712047227 -0.074829396953679392 0.015763726159523921 -0.015407049029021073 -0.16120126591227271 0.078910023571902604 0.040593916198532254 0.034777791653883255 0.1668944996048724 -0.081078802641390238 0.14974707057253664
leaf_weight=369.78683519363403 416.34310388565063 177.46376937627792 1397.0781762413681 166.95009158551693 118.64611916989088 134.39943385124207 148.82089982926846 163.43719388544559 155.70710036158562 197.48121300339699 152.90088118612766 150.81893701851368 143.77475300431252 281.35425937175751 144.4775522351265 326.75603164359927 187.26157926023006 167.15567068755627 195.49871852993965 4662.9276281148195 147.85863204672933 2180.8323922902346 99.834489673376083 83.963147982954979 163.75174221396446 157.84227272868156 983.1375877559185 129.51436898484826 120.0936008952558 157.76459662616253
leaf_count=587 1941 355 8943 723 637 306 548 412 372 402 346 321 322 709 322 1389 478 344 453 10702 1029 9471 840 225 352 388 4876 470 497 346
internal_value=0.0172813 0.00158961 -0.0200965 0.0214031 -0.0511252 -0.000128368 0.0442349 0.0272137 0.0142983 -0.0272322 0.0585349 -0.0227812 -0.00686912 -0.0194274 0.0256622 0.070867 -0.0732836 -0.07473 -0.0584135 0.041424 -0.127021 0.0203385 0.00809259 -0.0825212 0.0213807 -0.0110138 0.0378825 0.0696734 0.0221041 0.10037
internal_weight=14083.6 8902.1 4250.2 4651.9 1663.58 2586.61 5181.54 1171.91 1008.47 520.344 488.129 1414.7 1076.62 932.846 4484.95 471.234 338.081 322.863 476.853 5032.71 266.505 4013.72 2364.63 183.798 455.993 292.242 1649.09 545.857 1103.23 310.665
internal_count=49106 37269 16515 20754 10609 5906 11837 2577 2165 1118 1047 3329 2530 2208 20031 1711 799 716 1162 11289 1666 18320 10536 1065 1046 694 7784 2411 5373 692
is_linear=0
shrinkage=0.05


Tree=9
num_leaves=31
num_cat=0
split_feature=82 36 21 41 51 58 20 43 82 77 82 79 41 79 28 82 30 39 41 75 19 15 41 52 27 44 31 3 31 39
split_gain=2169.23 1131.52 946.547 1369.06 856.172 810.16 773.146 679.765 676.589 613.718 561.197 530.779 501.103 472.637 425.143 442.268 539.894 491.121 970.324 406.891 585.996 386.029 448.138 870.87 587.373 402.606 383.833 499.444 592.802 376.508
threshold=9.6050000000000022 0.12985819981403146 4.9289083557951487 24.500000000000004 4.0435837906289587 17.593750000000004 0.60769230769230786 62.303846153846159 18.435000000000006 0.60826835057361806 16.535000000000004 -0.2156801869301356 131.50000000000003 0.39243744134653241 13.286933333333335 2.6150000000000007 0.13705499131552051 24.835044490075294 64.000000000000014 13.725000000000003 12.14835164835165 0.70641322736476309 72.000000000000014 231.03571428571431 16.676682692307697 0.58983251192050334 0.72687500000000005 15.701428571428574 0.57138235294117656 24.031485284052021
decision_type=8 8 10 8 10 2 8 10 10 8 8 8 8 8 10 10 10 2 8 10 10 8 8 10 8 10 8 8 10 2
left_child=9 29 6 4 -4 12 19 13 21 14 -9 -12 -5 26 15 16 -1 18 -17 20 -3 22 23 -7 -25 -23 27 28 -8 -2
right_child=1 2 3 5 -6 8 7 10 -10 -11 11 -13 -14 -15 -16 17 -18 -19 -20 -21 -22 25 -24 24 -26 -27 -28 -29 -30 -31
leaf_value=0.042369804732976662 0.05591708707114619 0.034523015906047366 0.0022327796522764792 0.13463148344160167 0.16681535998660291 -0.03673907156239372 0.0044160291526402912 -0.030556792482345708 -0.13283848485077585 0.14620841341611879 -0.19982890939079029 -0.078982964937894126 -0.022414936230107395 -0.0558265062619571 0.11298066032630925 0.16572123183067961 0.10557746307104672 0.0057396572600397627 0.031251347445920452 0.142161201322102 -0.10701067627540323 -0.16059566471131254 -0.018845175548788604 0.049168797405349116 0.20986513512475172 -0.0051077457594244854 -0.067187560180054062 -0.014644373693852981 0.14280977224321184 0.016304832321846111
leaf_weight=1709.3003924489021 762.41407041251659 403.74477897211909 125.25009068101645 156.47627152875066 213.20920775830746 195.68219683691859 169.64779949188232 540.25386966764927 113.85075061023235 140.91851852834225 109.20538282394409 539.53688398003578 74.601080644875765 505.59063018858433 194.9673952460289 152.73216468095779 421.17074958980083 1534.6917491257191 1060.466478317976 63.927131876349449 88.268010817468166 77.810106735676527 865.01090639457107 170.80375698953867 84.917627204209566 88.395444177091122 154.82809393107891 451.92955847084522 141.36895851790905 2807.6474325433373
leaf_count=3684 4025 2216 442 564 618 518 431 1348 291 536 256 3730 381 2540 448 397 992 3352 2471 161 462 363 4085 711 391 352 358 1061 273 11703
internal_value=0.017993 0.00299422 -0.0115865 0.013883 0.106096 -0.00324337 -0.0289977 -0.0403897 -0.0159235 0.0436011 -0.0682812 -0.0996017 0.0840525 -0.0170592 0.0407227 0.0378123 0.0549089 0.024542 0.0483026 0.0245098 0.00896606 -0.00686208 0.00222591 0.0425562 0.103141 -0.0784255 0.00433478 0.0189181 0.0675773 0.0247776
internal_weight=14118.6 8904.37 5334.31 2166.01 338.459 1827.55 3168.3 2612.36 1596.47 5214.25 1189 648.742 231.077 1423.37 5073.33 4878.36 2130.47 2747.89 1213.2 555.94 492.013 1482.62 1316.41 451.404 255.721 166.206 917.774 762.946 311.017 3570.06
internal_count=49160 37280 21552 8716 1060 7656 12836 9997 6711 11880 5334 3986 945 4663 11344 10896 4676 6220 2868 2839 2678 6420 5705 1620 1102 715 2123 1765 704 15728
is_linear=0
shrinkage=0.05


Tree=10
num_leaves=31
num_cat=0
split_feature=80 30 76 19 9 59 2 31 58 51 44 56 22 33 50 53 34 77 28 80 40 41 30 41 80 19 20 33 29 10
split_gain=1265.1 846.303 870.995 849.513 826.787 477.473 719.86 634.677 628.972 711.487 583.403 621.559 697.081 574.675 406.418 397.737 381.815 496.277 364.155 429.39 417.166 469.532 362.987 350.145 702.511 430.624 318.289 334.857 467.482 336.922
threshold=8.9150000000000009 0.16612716621874449 1.4971656771275093 16.839743589743595 16.914666666666673 0.75000000000000011 1.5000000000000002 0.52426470588235308 18.205882352941178 4.5218070652173923 0.51547532159474507 4.7060160036770862 0.87821357943309175 3.4476190476190482 19.668333333333337 3.6794871794871802 inf 0.037681211972070278 13.286933333333335 1.7350000000000001 6.5000000000000009 52.500000000000007 0.090714124832965398 68.000000000000014 13.815000000000003 13.033333333333335 1.8397435897435896 0.35828877005347592 0.043283814903502797 0.032873169911582484
decision_type=8 10 8 10 8 2 2 10 2 10 8 2 8 10 10 8 8 10 10 10 2 8 10 8 8 10 10 8 8 8
left_child=18 3 5 16 14 6 10 15 -9 13 -3 12 -12 -10 -4 -7 23 -18 19 22 21 -21 -1 24 -2 -26 27 -23 -29 -30
right_child=1 2 4 -5 -6 7 -8 8 9 -11 11 -13 -14 -15 -16 -17 17 -19 -20 20 -22 26 -24 -25 25 -27 -28 28 29 -31
leaf_value=0.042547585110452389 0.16604878771064729 0.074951759888556443 -0.06018875358079865 -0.1420027447063246 -0.090903531999672646 -0.046875698290916319 -0.10189355309607023 0.14971764998468881 -0.049762736421847323 0.10915291662146115 -0.06984673317416662 0.062229114591203061 0.029371026044221746 0.056040377503976571 0.00084219465826565042 0.051844289117830879 0.094121503224691233 -0.031119661086756775 0.11243758103135713 0.11758675868970635 -0.021481246010874314 -0.0017653558450334709 0.099298388644738625 0.014740878391447757 0.059489399414561307 -0.094947762656196422 -0.010454310216320499 0.090985409785543869 -0.0018603819757752309 0.051156521097965091
leaf_weight=1045.6976674944162 117.33576910197735 225.37083972990513 371.57381206005812 77.510337747633457 491.67855931073427 330.91133536398411 189.92336262762547 145.25684484839439 254.98184424638748 229.19140248000622 499.52227725088596 208.97822871804237 273.20033393800259 256.39023388922215 1018.3088173307478 146.37212046980858 362.36491526290774 100.57431058585644 156.98334740102291 150.54565225541592 419.31521129608154 478.63996489346027 386.50578530132771 3805.9333641342819 153.57255310192704 62.771682929247618 465.32829116284847 423.86666469275951 494.69856835901737 758.84631945192814
leaf_count=2272 301 438 2028 334 3000 843 474 314 567 493 1253 451 591 567 6246 341 1497 227 374 473 928 1085 874 17176 1076 212 1114 886 1064 1700
internal_value=0.0168304 0.00610447 -0.00902242 0.021106 -0.0352459 0.00886042 -0.0116785 0.0299032 0.0549257 0.036156 0.00258871 -0.0140832 -0.0347751 0.00329036 -0.0155055 -0.0165554 0.0238831 0.0669042 0.03774 0.03518 0.0249588 0.0319891 0.0579214 0.019057 0.0680948 0.0144492 0.0270303 0.0351215 0.0456417 0.0302491
internal_weight=14102.2 9321.72 4641.66 4680.06 1881.56 2760.1 1397 1363.1 885.82 740.563 1207.07 981.701 772.723 511.372 1389.88 477.283 4602.55 462.939 4780.43 4623.44 3191.24 2771.93 1432.2 4139.61 333.68 216.344 2621.38 2156.05 1677.41 1253.54
internal_count=49199 38429 17606 20823 11274 6332 3207 3125 1941 1627 2733 2295 1844 1134 8274 1184 20489 1724 10770 10396 7250 6322 3146 18765 1589 1288 5849 4735 3650 2764
is_linear=0
shrinkage=0.05


Tree=11
num_leaves=31
num_cat=0
split_feature=82 30 2 41 21 3 41 39 41 4 48 19 63 82 31 79 51 80 13 6 39 43 33 31 9 15 33 51 79 57
split_gain=1732.58 1127.97 785.47 746.953 834.341 937.389 747.987 716.778 663.118 623.522 617.073 571.904 686.811 559.761 527.262 622.528 519.595 516.558 483.498 441.212 435.802 419.696 678.745 423.732 419.532 432.654 413.513 399.623 371.197 442.515
threshold=8.6950000000000021 0.19801839054149953 5.5000000000000009 49.000000000000007 4.9533482142857155 15.701428571428574 39.500000000000007 28.539356605065027 28.500000000000004 9.9928906632863974 25.424632352941178 9.8944444444444475 1.0000000180025095e-35 17.465000000000003 0.61703296703296717 0.062442079324043644 4.6025372814075753 9.8150000000000031 0.62865650514173932 6.4694211980155387 22.466803559206024 62.88194444444445 1.9411764705882355 0.56029411764705894 13.143916666666669 0.45927989773037775 1.0294117647058827 4.2809169644869449 -0.067452472293550281 237.76470588235296
decision_type=8 10 2 8 10 10 10 2 10 8 2 10 2 10 10 10 10 10 10 10 2 8 10 10 8 10 8 10 8 2
left_child=17 11 3 4 5 6 7 -3 16 -4 13 20 26 21 15 24 19 -1 27 -6 -2 28 23 -23 25 -12 -13 -10 29 -5
right_child=1 2 9 10 8 -7 -8 -9 18 -11 14 12 -14 -15 -16 -17 -18 -19 -20 -21 -22 22 -24 -25 -26 -27 -28 -29 -30 -31
leaf_value=0.036880471421043198 0.077537068678935422 0.013202190235679374 -0.029818449799575458 0.093994275282915804 0.15449018826261818 -0.10749593784516497 0.10216159615578116 -0.12610373165454741 0.11761657133861841 -0.21842638053783614 0.025516626316344878 0.03022359290722848 0.053537674175048469 -0.17260707011583132 0.10861031302142508 -0.063625997176174426 0.21141731698554234 0.13563765295500588 -0.07212968536140231 0.0092377333576802931 0.020230341122827358 -0.040000751621873026 -0.097657570941709168 0.074226987860388768 -0.009608539857946163 0.20932581485996613 -0.10110261337075915 -0.012039149922019715 -0.03686487480553223 -0.025681145565364206
leaf_weight=4720.4652747809887 360.55925215408206 432.26936784386635 93.089205086231232 150.40771083533764 88.02303783968091 210.5269832238555 174.05151078104973 116.3712319098413 117.15234481543303 82.418630346655846 70.532575011253357 76.950886394828558 161.02858721464872 78.652319401502609 117.42415001988411 262.16919428110123 91.543078202754259 135.40153869986534 114.95277131721377 127.00207364931703 4051.6987874209881 375.27439085766673 527.28457386419177 102.55371929705143 171.52167131006718 58.114841461181641 264.06919621303678 119.23835326731205 495.3000925630331 157.00742100179195
leaf_count=10675 1870 1521 439 318 260 657 463 563 310 293 488 366 532 165 489 672 241 372 377 506 18084 1892 2411 318 723 228 1124 291 2182 325
internal_value=0.0154807 0.00278003 -0.0158156 -0.0114267 0.0154828 -0.0149168 0.0121636 -0.0165214 0.0585607 -0.119125 -0.0281108 0.0191754 -0.0313461 -0.0428225 0.0127203 -0.00746008 0.112173 0.0396616 0.0115951 0.0691384 0.0249298 -0.0370838 -0.0585976 -0.0153808 0.0416439 0.109524 -0.0714672 0.0524414 -0.0101061 0.0329869
internal_weight=14103.1 9247.19 4332.88 4157.37 1591.13 933.219 722.692 548.641 657.912 175.508 2566.24 4914.31 502.049 1886.48 679.762 562.338 306.568 4855.87 351.343 215.025 4412.26 1807.83 1005.11 477.828 300.169 128.647 341.02 236.391 802.715 307.415
internal_count=49155 38108 16132 15400 5189 3204 2547 2084 1985 732 10211 21976 2022 7611 2600 2111 1007 11047 978 766 19954 7446 4621 2210 1439 716 1490 601 2825 643
is_linear=0
shrinkage=0.05


Tree=12
num_leaves=31
num_cat=0
split_feature=82 30 33 82 2 55 19 33 10 48 79 52 33 77 20 77 33 41 21 55 55 14 12 57 82 34 77 41 82 15
split_gain=1612.72 1090.89 786.028 982.761 919.912 745.422 699.942 589.193 540.684 529.801 705.744 536.122 500.615 467.139 461.982 429.906 424.744 547.805 804.697 377.828 375.394 370.999 325.869 305.922 300.381 296.373 416.387 335.861 285.757 409.644
threshold=11.435 0.16612716621874449 3.8516483516483522 17.465000000000003 1.0000000180025095e-35 23.726838235294121 16.174242424242429 5.8257575757575761 0.12255301819805194 27.593750000000004 -0.24218496738897852 249.07417582417585 4.7750000000000012 0.62949539483261108 1.4606060606060607 0.74675820912156998 1.9411764705882355 28.500000000000004 5.0026737967914441 19.367647058823533 20.31213235294118 0.73055555555555574 0.55998513796568739 201.05514705882356 16.025000000000002 inf 0.022542737819829659 164.50000000000003 4.9050000000000011 0.24526961776269038
decision_type=8 10 10 8 2 2 10 10 8 2 10 10 10 10 8 8 10 8 10 2 2 10 10 2 10 8 10 8 10 10
left_child=13 6 16 9 5 7 25 12 -6 10 -4 -12 -5 14 -1 -7 20 18 -18 -19 22 -22 -3 -16 -21 -2 27 -27 -25 -30
right_child=1 2 3 4 8 15 -8 -9 -10 -11 11 -13 -14 -15 23 -17 17 19 -20 24 21 -23 -24 28 -26 26 -28 -29 29 -31
leaf_value=0.040712810654588254 0.015249597021010223 -0.033658723138238297 0.12575327854044813 -0.059160763913795503 -0.040476909700139237 0.16858758695817444 -0.12175506061317672 -0.14079141681701987 -0.22608007925267271 0.13978845311575558 -0.074867412451262647 0.062089129966048033 0.095132328426208598 0.10374522073015202 0.075054443334302848 0.019945311126811555 -0.054984394986516409 0.006585770820785067 0.14283434049512081 -0.073719748062055043 -0.010035933879913958 0.095627303723920976 -0.14919563905512312 0.034477094454199768 -0.17954647641058086 0.17264015071336103 -0.033196162373781701 0.056484428750258678 -0.090454476762367564 0.00041827575258214305
leaf_weight=3906.3529491871595 3839.3436789214611 252.25341967865825 134.82121551036835 127.413878146559 79.253568895161152 80.069656431674957 88.149548042565584 103.17525883764029 77.763059794902802 155.35742205381393 156.1013952344656 130.10135972499847 88.014489375054836 230.51849585771561 160.22740399837494 122.40248757973313 143.10085117444396 137.32014977559447 78.936161376535892 840.69470106437802 958.59110034257174 89.947636403143406 79.902264527976513 483.87951131165028 72.571728929877281 79.616476368159056 98.468395322561264 281.84295197576284 142.36727637052536 918.75473596155643
leaf_count=8817 18027 1043 235 589 323 195 379 252 290 277 351 385 300 683 312 583 630 512 323 3698 5009 275 236 1112 201 392 228 1104 243 2192
internal_value=0.0139935 -0.000179321 -0.0193893 0.0132163 -0.0275698 0.00446822 0.0169312 -0.0431656 -0.133247 0.0611643 0.0318896 -0.0126106 0.00402485 0.0341142 0.0312359 0.0792671 -0.0348043 -0.0556317 0.015667 -0.0707009 -0.0155807 -0.000889263 -0.0618163 0.00951488 -0.0823163 0.0198024 0.0576921 0.0824751 0.00267382 -0.0118475
internal_weight=14137.3 8295.21 3907.79 1254.47 678.092 521.076 4387.42 318.604 157.017 576.381 421.024 286.203 215.428 5842.1 5611.58 202.472 2653.32 1272.62 222.037 1050.59 1380.69 1048.54 332.156 1705.23 913.266 4299.27 459.928 361.459 1545 1061.12
internal_count=49196 35837 15707 3780 2532 1919 20130 1141 613 1248 971 736 889 13359 12676 778 11927 5364 953 4411 6563 5284 1279 3859 3899 19751 1724 1496 3547 2435
is_linear=0
shrinkage=0.05


Tree=13
num_leaves=31
num_cat=0
split_feature=81 28 76 1 50 19 54 79 55 39 63 41 11 39 17 51 17 80 57 29 36 44 42 9 33 0 50 39 73 51
split_gain=1020.68 946.226 772.24 619.529 596.062 533.955 529.312 522.386 559.657 493.483 486.873 481.78 542.556 497.541 441.881 414.285 542.361 399.907 362.628 362.61 457.086 336.572 399.644 335.353 469.119 447.592 421.29 331.115 326.338 309.353
threshold=7.6750000000000007 5.8992187500000002 1.2739429510273568 7.5000000000000009 17.871363636363636 8.5192307692307718 23.31666666666667 -0.31751262416841947 20.176286764705885 24.792607802874745 1.0000000180025095e-35 64.000000000000014 0.095494770674389606 21.867214236824097 2.6306818181818188 4.5218070652173923 3.2583333333333337 7.7500000000000009 236.63051470588238 0.060547877436250015 0.32046576725642767 0.50831031307550656 4.5000000000000009 10.082166666666668 4.1483516483516496 8.5000000000000018 21.121111111111116 32.125941136208084 5.5000000000000009 3.9723496432212033
decision_type=8 10 8 8 8 10 10 8 2 2 2 8 8 2 10 10 10 10 2 10 10 8 2 10 10 2 10 2 2 10
left_child=9 5 4 23 -3 17 10 14 -9 11 29 12 -1 -13 18 -10 -17 -2 -6 20 21 -15 -23 25 -25 -4 -26 -11 -5 -7
right_child=1 2 3 28 7 6 -8 8 15 27 -12 13 -14 19 -16 16 -18 -19 -20 -21 -22 22 -24 24 26 -27 -28 -29 -30 -31
leaf_value=0.15206327954680687 0.021534711487721122 0.077336207569369195 -0.02307945964499428 -0.067018237652332932 0.019135119511774781 -0.11098658655830346 -0.0799221040844139 -0.094969627864210981 -0.028614113760256622 0.022357479111390889 0.11466692370538152 -0.028921494017171631 0.019881823169139973 -0.0097617831102884741 -0.015406871152517671 -0.012529590317202655 0.12708121468033207 0.10547745581619493 0.12670715347114406 -0.006130182076333454 0.13297959244396934 0.10098435791537147 0.038149381042709575 -0.070446517438587167 -0.076498691984894521 0.075506791126109737 0.072020069439046264 -0.050779553862455543 -0.18307308113599732 0.022537528163286025
leaf_weight=213.21566773951054 4120.4955982007086 254.73657003045082 486.26701194420457 164.69782272726297 152.82300418615341 67.702597912400961 257.93718986958265 220.6513516753912 657.49343858659267 3144.875541806221 89.591692075133324 234.766835719347 122.28579612076283 214.85481096804142 241.25701665878296 174.21275082230568 114.63253173232079 146.03328487277031 160.65768140554428 261.55174948275089 176.88757562637329 372.32826672494411 792.80447132885456 602.90574846789241 74.681156061589718 149.74895918369293 128.46906876564026 161.83436031639576 96.738788671791553 116.97716313228011
leaf_count=600 18587 535 3100 944 304 390 1082 433 1791 6663 304 460 264 468 529 479 313 359 347 746 458 792 1913 4031 360 1065 662 389 396 530
internal_value=0.0149131 0.00391524 -0.0151565 -0.0398177 0.00610828 0.0185408 -0.0286437 -0.00446895 -0.0234531 0.0312819 0.0196959 0.0485957 0.104087 0.0394819 0.0354379 -0.00669542 0.0431243 0.0244319 0.074493 0.0483242 0.0574704 0.0477023 0.0582982 -0.0269366 -0.0483339 0.000214611 0.017315 0.0187638 -0.110496 -0.0267458
internal_weight=14174.1 8478.71 3679.97 1703.51 1976.46 4798.74 532.209 1721.73 1166.99 5695.41 274.271 2388.7 335.501 2053.19 554.738 946.339 288.845 4266.53 313.481 1818.43 1556.88 1379.99 1165.13 1442.07 806.056 636.016 203.15 3306.71 261.437 184.68
internal_count=49294 36541 15289 10558 4731 21252 2306 4196 3016 12753 1224 5701 864 4837 1180 2583 792 18946 651 4377 3631 3173 2705 9218 5053 4165 1022 7052 1340 920
is_linear=0
shrinkage=0.05


Tree=14
num_leaves=31
num_cat=0
split_feature=20 35 76 47 81 73 43 31 43 70 6 22 29 11 3 33 26 10 50 28 29 13 80 70 58 12 22 25 54 6
split_gain=1124.97 580.267 759.91 622.389 525.693 518.486 1067.79 501.198 406.761 403.978 549.4 449.24 381.887 489.648 414.612 363.711 361.398 348.508 342.881 333.708 509.21 331.511 319.915 319.558 315.268 302.608 297.193 389.644 287.693 287.452
threshold=1.4606060606060607 4.5000000000000009 1.0405889953698721 0.49031607747138028 9.7550000000000008 15.500000000000002 61.226495726495735 0.33215384615384619 66.563492063492077 1.0000000180025095e-35 8.7852232694231578 0.88284313725490204 0.076728589200759631 0.075783500016556052 12.376388888888892 2.9282051282051285 3.5000000000000004 0.05635858771823684 21.665476190476195 1.9335714285714289 0.021686445733038427 0.60884555114460503 6.5650000000000004 0.0086581709145427312 20.303308823529417 0.20514832923481766 0.86715686274509818 -0.2722916666666666 19.519230769230774 11.754085386679074
decision_type=8 10 8 2 8 2 10 10 10 2 8 10 10 8 10 10 2 8 8 8 8 10 10 2 2 10 10 10 10 8
left_child=4 2 3 -2 19 7 -7 18 9 10 22 23 17 -14 15 28 -3 -9 -4 -1 -21 -16 -5 -11 -8 -6 27 -10 -15 -12
right_child=1 16 5 8 25 6 24 12 26 11 29 -13 13 14 21 -17 -18 -19 -20 20 -22 -23 -24 -25 -26 -27 -28 -29 -30 -31
leaf_value=0.0050790172709174065 -0.094423255829788069 0.061255457601932531 -0.050554136949020306 0.04074625668328221 0.017079423101010932 0.14781930759239337 0.054091719774837434 -0.034690991706515927 0.060043949290108548 0.10268522270313774 0.08862744826722635 0.13968805904264572 0.034342112978022303 -0.010340841584307901 0.011921423670617737 -0.17425555992429065 -0.0094836822160691888 -0.1390586260594493 0.0065361987681086938 0.10379768436006245 0.037321131514955197 -0.079384418611140983 -0.02868125428718872 0.014527146270652925 -0.060850029416885013 -0.024232330102886682 -0.099201098805550392 -0.053567705272296144 -0.13222460431436303 0.018025671167250509
leaf_weight=683.0226246714592 135.22160567343235 523.0963804461062 391.96282064542174 211.09175980091095 2845.0808896310627 122.89540188759565 83.078440506011248 125.06605722010136 132.03032636642456 135.00309640169144 246.1375100761652 127.94675099849701 175.59233271330595 116.51755610853434 242.13028712570667 111.26793478429317 275.07852352410555 225.11368448287249 794.66598017513752 315.62471318244934 3246.1630425751209 167.40109530091286 762.07237899303436 422.77790582180023 205.07659874483943 524.14343267679214 112.47747197747231 173.41904118657112 82.061179406940937 347.63089869916439
leaf_count=1533 281 1857 2004 471 13630 354 373 621 336 327 624 266 645 427 935 410 1013 1062 3816 642 7561 685 1664 1016 974 3712 250 541 317 747
internal_value=0.0123862 -0.00298365 -0.00862419 0.00983413 0.0253986 -0.0268392 0.0250511 -0.035617 0.0151464 0.0235518 0.00953073 0.0555302 -0.0577644 -0.0403659 -0.0586237 -0.102177 0.036895 -0.101989 -0.0123484 0.0371017 0.0432394 -0.0255034 -0.0135952 0.0360102 -0.0276385 0.0106474 -0.0301071 -0.00442344 -0.0611185 0.0473924
internal_weight=14060.8 6446.81 5648.64 2805.81 7614.03 2842.83 411.05 2431.78 2670.59 2252.66 1566.93 685.728 1245.15 894.97 719.378 309.847 798.175 350.18 1186.63 4244.81 3561.79 409.531 973.164 557.781 288.155 3369.22 417.927 305.449 198.579 593.768
internal_count=49094 22016 19146 6523 27078 12623 1701 10922 6242 5115 3506 1609 5102 3419 2774 1154 2870 1683 5820 9736 8203 1620 2135 1343 1347 17342 1127 877 744 1371
is_linear=0
shrinkage=0.05


Tree=15
num_leaves=31
num_cat=0
split_feature=82 36 39 41 22 66 44 12 31 71 77 48 43 54 79 36 80 43 81 27 10 15 56 25 12 56 12 43 30 39
split_gain=1249.43 675.776 634.742 689.703 582.624 562.26 496.912 698.13 528.316 493.72 483.092 479.618 474.659 468.578 591.677 465.448 517.641 455.127 614.521 420.668 416.589 399.001 457.785 400.228 394.1 422.339 594.963 375.283 372.275 338.959
threshold=9.6050000000000022 0.092911335639317486 27.500342231348395 73.500000000000014 0.78404875463698998 9.5000000000000018 0.58887137675422474 0.45584392626446296 0.57138235294117656 0.090975538944329928 0.66153746384970313 22.150735294117649 64.26969696969698 27.43650793650794 -0.058905989503344844 0.2430903752461363 1.8950000000000002 65.851648351648365 13.915000000000001 16.473863636363642 0.10587535016560294 0.75235844285252507 4.2123689010487926 -0.064999999999999947 0.70972692862723685 4.4298245614035094 0.5228950392665227 60.207142857142863 0.12520403011293701 22.865160848733748
decision_type=8 8 2 8 10 2 8 10 10 2 10 2 10 10 8 10 10 10 8 8 10 10 2 10 8 2 10 10 10 2
left_child=15 29 3 4 5 13 7 8 20 19 -11 -6 -9 14 -3 16 28 18 -13 24 -5 22 23 -8 25 -4 -27 -21 -1 -2
right_child=1 2 9 6 11 -7 21 12 -10 10 -12 17 -14 -15 -16 -17 -18 -19 -20 27 -22 -23 -24 -25 -26 26 -28 -29 -30 -31
leaf_value=0.034237895872958245 0.071677268960459548 0.057786944945650925 -0.047688305066583475 -0.046899818889228936 0.010849323645149653 0.089501815361293161 -0.0046328394794768728 -0.060032134458403233 0.1091607630036696 -0.015178687849216053 0.14296250290739673 0.15749293478627213 -0.18433038706487923 -0.098759515201260292 -0.03356328463123838 0.057290794007380554 0.0079505011046731196 0.0028029684819575896 0.011125118951734524 -0.044892098300006587 0.049217194469039646 0.12163952021564745 -0.031538566323177877 0.082320483599585811 -0.10196584617815992 -0.02089705338824659 0.15730581352284251 -0.17619531480164108 0.099641417046667902 0.014192397142046245
leaf_weight=1306.6219100505114 280.10497428104281 273.89157785475254 451.17284908145666 591.54761681333184 370.30071046203375 143.31857701018453 324.85551477596164 244.62521994113922 75.888153217732906 217.08228945359588 61.054201275110245 249.85824628174305 112.10613770410419 145.14284105598927 498.07649221643806 1329.1829513162374 2310.8219472467899 119.96504643559456 100.64042879641056 101.31586353853345 138.35333053022623 67.180676575750113 636.93703198432922 222.18403035029769 190.36986139789224 141.38917624205351 68.898201763629913 118.86674751341343 260.68397915363312 2935.7881829850376
leaf_count=2810 1416 680 2176 2625 1212 567 1715 693 227 1266 119 556 459 563 2244 3109 5308 559 560 261 553 194 2781 1275 665 692 246 476 603 12517
internal_value=0.0123201 0.000917491 -0.00947399 -0.000109188 0.0224083 -0.00224388 -0.0178476 -0.0413684 -0.0155414 -0.0393802 0.0199229 0.053467 -0.0995001 -0.016663 -0.00111971 0.0317631 0.0230013 0.086917 0.115617 -0.0547708 -0.0286383 0.00402252 -0.00274827 0.0307696 -0.0387611 -0.0204442 0.0379572 -0.116253 0.0451728 0.0192201
internal_weight=14088.2 8880.91 5665.02 4314.87 1901.19 1060.43 2413.68 1162.52 805.789 1350.15 278.136 840.764 356.731 917.111 771.968 5207.31 3878.13 470.464 350.499 1072.01 729.901 1251.16 1183.98 547.04 851.83 661.46 210.287 220.183 1567.31 3215.89
internal_count=49127 37297 23364 17463 6941 4054 10522 4557 3405 5901 1385 2887 1152 3487 2924 11830 8721 1675 1116 4516 3178 5965 5771 2990 3779 3114 938 737 3413 13933
is_linear=0
shrinkage=0.05


Tree=16
num_leaves=31
num_cat=0
split_feature=82 33 21 41 43 6 11 33 24 82 33 6 17 29 29 76 28 53 54 25 11 0 59 46 53 6 80 31 56 20
split_gain=1156.73 625.7 708.962 675.94 637.555 537.637 497.43 701.625 761.609 505.507 459.261 424.222 480.559 453.352 497.012 493.763 379.349 378.729 443.481 369.82 348.125 501.296 406.882 346.219 323.867 446.397 321.968 379.802 367.816 318.468
threshold=9.6050000000000022 0.68627450980392168 5.5279733959311432 12.500000000000002 62.303846153846159 5.9061548441679674 0.12903572375814723 4.2967032967032974 -4.0457999999999998 17.465000000000003 2.7846153846153849 7.7965598374082576 3.4641025641025647 0.089197494829356155 0.080235065427444893 0.86435643813550811 13.564218137254903 3.1291666666666669 22.408333333333335 0.24500000000000011 0.078855160104243649 7.5000000000000009 0.75000000000000011 64.060661764705898 3.2071428571428577 6.1586047603834899 15.145000000000001 0.5890416666666668 4.2553295810903302 1.7032967032967035
decision_type=8 10 10 8 10 10 8 10 10 8 10 8 10 10 10 8 10 10 10 8 10 2 2 2 10 10 10 10 2 10
left_child=16 5 4 -4 11 -2 7 10 -9 -8 26 12 20 14 -13 -15 29 18 23 -20 21 -3 -22 -7 -5 -26 27 28 -6 -1
right_child=1 2 3 24 6 17 9 8 -10 -11 -12 13 -14 15 -16 -17 -18 -19 19 -21 22 -23 -24 -25 25 -27 -28 -29 -30 -31
leaf_value=0.034083813469641545 0.021596431308943106 -0.0011878903387673764 0.1259660382290386 -0.0056605978227351663 0.010566972313784468 0.10302809389138579 -0.022915159577932331 0.17027283317971964 -0.031130860383571757 -0.13639290278495617 -0.093501841538673636 -0.013202546869562329 0.11947510008781902 0.032772161182015605 0.11461232121409635 -0.08509815097011153 0.10114610594947293 -0.11461466202340767 -0.086762772080869757 0.040114123056633727 -0.076496255801019111 0.12090598500390992 0.030129020906829299 -0.034427113192537523 -0.0094211358924491048 0.16029836235441008 -0.12519131627210506 0.061773078290365081 -0.068788315304781064 -0.00017516840155514879
leaf_weight=4180.4443357884884 3854.0703151114285 225.15713036060333 143.0012417845428 698.57070880010724 280.88649838790298 113.72584163025022 162.34510318934917 85.018180575221777 102.75606998801231 248.98603323847055 327.03957176953554 433.87872317060828 114.75900308042765 115.44270595908165 91.187030300498009 378.19130014628172 185.75087809562683 106.9204273223877 200.15312730520964 79.696106925606728 185.1775060147047 133.14938992634416 171.46050077676773 75.603615757077932 78.408545959740877 75.384723737835884 69.321529135107994 136.34764198213816 302.60310376435518 809.70333279669285
leaf_count=9335 17234 880 391 3064 1810 461 394 280 400 1204 1555 1565 313 236 252 1187 453 456 891 410 480 457 457 404 361 254 163 528 1485 2004
internal_value=0.012324 0.00148119 -0.0115212 0.0257692 -0.0219409 0.0148615 -0.0438851 -0.0287214 0.0604772 -0.0917694 -0.0437677 -0.00156419 0.0249612 -0.0231717 0.00917046 -0.0575221 0.0311512 -0.0301544 -0.010704 -0.0506163 0.0096446 0.0443933 -0.0252932 0.0482466 0.00883121 0.0742683 -0.0230649 -0.0130699 -0.0306347 0.028526
internal_weight=14165.1 8989.24 4559.07 995.365 3563.71 4430.17 1715.3 1303.97 187.774 411.331 1116.2 1848.4 829.704 1018.7 525.066 493.634 5175.9 576.099 469.179 279.849 714.945 358.307 356.638 189.329 852.364 153.793 789.159 719.837 583.49 4990.15
internal_count=49364 37572 17716 4070 13646 19856 7819 6221 680 1598 5541 5827 2587 3240 1817 1423 11792 2622 2166 1301 2274 1337 937 865 3679 615 3986 3823 3295 11339
is_linear=0
shrinkage=0.05


Tree=17
num_leaves=31
num_cat=0
split_feature=82 31 36 41 39 31 63 58 25 5 44 48 79 3 56 58 79 82 55 53 79 27 31 20 21 15 47 33 19 29
split_gain=1045.95 625.133 599.513 494.03 459.554 561.993 509.568 1141.96 547.179 540.926 432.715 445.326 430.469 408.171 400.199 459.073 441.613 392.96 392.407 461.687 388.125 375.013 374.835 547.465 373.606 344.845 344.663 343.71 446.437 381.446
threshold=10.175000000000002 0.57138235294117656 0.091062763494534779 105.50000000000001 28.16837782340863 0.73395220588235299 1.0000000180025095e-35 19.000000000000004 -0.0043650793650793487 17.650000000000006 0.5856463648169753 27.150735294117649 -1.0499293085629828 3.0535714285714293 4.6814954051796169 21.211397058823533 0.26013188670984572 17.985000000000003 20.240625000000005 3.759615384615385 -0.058905989503344844 17.175714285714289 0.60598214285714291 3.7888888888888883 4.9836511047754817 0.42877666633373518 0.64233512329514675 4.6458333333333348 14.261363636363638 0.10240791988305746
decision_type=8 10 8 8 2 8 2 2 10 10 8 2 10 8 2 2 10 10 2 10 10 8 10 10 10 10 2 8 10 10
left_child=1 12 -2 4 6 14 17 -8 9 -9 13 22 -1 -5 15 -6 -17 18 21 27 -10 24 23 25 -4 -12 -14 28 29 -20
right_child=2 -3 3 10 5 -7 7 8 20 -11 11 -13 26 -15 -16 16 -18 -19 19 -21 -22 -23 -24 -25 -26 -27 -28 -29 -30 -31
leaf_value=-0.025400128286426446 0.0184597728633621 0.10674955386688534 -0.054003562179032717 0.027992993909652038 0.018660821020724989 -0.16200098283785683 0.1662739164562243 0.019994227373405477 0.026828969096673896 0.15202837627666471 -0.0019896357058725844 0.058100536945357155 0.032883805321649105 -0.061518010951294694 0.079774609065044549 -0.033618869488295469 -0.18057723182567983 -0.072574918480937806 0.024339201718707584 -0.076270800810817801 -0.095898695398659028 -0.12448022701413511 -0.09157792163905018 0.10954432127313857 0.070460019394277276 -0.075218297947408377 -0.023468854476714401 0.07865717100228431 0.062865106391714276 -0.061851836996247293
leaf_weight=384.90588808059692 3194.0029049143195 246.73082265257835 164.76437086611986 146.93157766014338 197.23539995402098 75.49368117377162 157.65904258936644 316.18704652413726 117.82305657118559 101.96123733744025 652.79693318530917 220.3124631755054 4518.2579166442156 930.69435363262892 88.032924562692642 144.93488617241383 78.489536568522453 176.24988228082657 284.83009410277009 112.31492785364389 140.21046575903893 95.104300510138273 154.4546994715929 88.995975811034441 93.772635847330093 212.32451092451811 287.97686456143856 269.292042221874 291.56820899993181 232.10138854011893
leaf_count=611 13854 550 549 663 649 580 502 1125 538 294 3651 993 10511 3861 243 721 167 469 1423 408 334 352 442 429 346 1135 700 1167 1118 928
internal_value=0.0119224 0.0291368 0.00120802 -0.00873162 0.00433876 -0.0356304 0.013492 0.0455438 0.0171903 0.0524753 -0.0257698 -0.00666676 0.0254281 -0.0492988 -0.016595 -0.036904 -0.0858203 -0.00206387 0.00602815 0.0197709 -0.0399717 -0.0401455 -0.0195791 -0.00784006 -0.00876247 -0.0200281 0.0295031 0.0298407 0.013504 -0.0144051
internal_weight=14176.4 5437.87 8738.54 5544.54 3138.03 584.186 2553.84 833.841 676.182 418.148 2406.51 1328.88 5191.14 1077.63 508.693 420.66 223.424 1720 1543.75 1190.11 258.034 353.641 1108.57 954.117 258.537 865.121 4806.23 1077.79 808.5 516.931
internal_count=49313 12372 36941 23087 11913 2360 9553 2793 2291 1419 11174 6650 11822 4524 1780 1537 888 6760 6291 5044 872 1247 5657 5215 895 4786 11211 4636 3469 2351
is_linear=0
shrinkage=0.05


Tree=18
num_leaves=31
num_cat=0
split_feature=82 27 76 15 77 19 39 46 22 43 54 29 41 13 69 57 46 33 33 41 6 41 13 41 33 10 18 39 39 28
split_gain=864.549 591.859 654.751 608.975 565.826 523.404 482.892 728.181 718.223 515.778 494.368 908.92 474.764 462.227 399.24 393.318 372.351 370.548 348.736 328.911 660.059 473.45 436.239 557.552 366.846 323.907 320.535 307.192 370.543 329.33
threshold=8.6950000000000021 4.6901785714285724 1.4971656771275093 0.70088887613474282 0.48821913218813029 16.839743589743595 27.577002053388096 62.332720588235297 0.91240409207161133 65.577380952380963 20.912878787878793 0.093644221184997226 18.500000000000004 0.54052408741068236 0.040894976532318737 255.06250000000003 65.393382352941188 3.5549450549450552 2.0588235294117649 164.50000000000003 5.6765159500695246 148.00000000000003 0.43617879250552188 36.500000000000007 0.5227272727272726 0.11764974778633393 3.1742424242424243 21.638603696098567 24.792607802874745 13.128656250000002
decision_type=8 10 8 8 8 10 2 2 10 10 10 10 8 8 2 2 2 10 10 8 10 10 10 10 8 8 10 2 2 10
left_child=4 5 6 -4 27 19 7 10 9 12 11 -3 -9 -12 25 17 -11 18 -14 21 -21 22 23 -2 -23 -8 -17 -1 -29 -30
right_child=1 2 3 -5 -6 -7 14 8 -10 16 13 -13 15 -15 -16 26 -18 -19 -20 20 -22 24 -24 -25 -26 -27 -28 28 29 -31
leaf_value=-0.038110164026418904 0.15237165003475059 0.095075856071457424 -0.018057585917353184 -0.085106708501182418 0.10367877714300783 -0.11742683011773745 -0.022234538837865261 0.13091493285849196 0.13862222360284943 0.014902461544663341 0.00015230154504766637 -0.049813934727458625 0.070637709572389171 -0.09972092636748893 0.0059905249397328754 0.030851281407233956 -0.10558004403221118 0.11471498465777957 -0.033089105509943893 0.012805165312370026 -0.088363423497157492 0.18097449165049814 -0.038635352573842818 0.026850438201479976 0.038219629695090129 -0.12290718533803571 -0.087496214298286398 0.043400015348006235 0.0098664762684415545 0.087866535815967511
leaf_weight=192.3391590565443 97.209357611835003 206.37394100427628 1414.8745371811092 444.56282591447234 230.81743082404137 73.37213059514761 157.78879633545876 132.55838724970818 159.50955832004547 151.82985755801201 211.05176602303982 225.50417490303516 172.99364228546619 255.82018029689789 311.62599635124207 118.28421331942081 109.75104664266109 162.98284432291985 150.8263762742281 2955.3999333567917 169.5296795219183 92.318233266472816 218.63118265196681 901.02245359867811 88.225922498852015 161.9822418987751 109.12818036973476 1850.5376139134169 2468.1837502121925 142.20956990122795
leaf_count=338 383 419 9028 2626 725 318 350 351 337 435 484 458 430 541 656 331 335 368 350 12582 887 205 887 4366 449 313 339 4319 5310 322
internal_value=0.0104073 0.00142335 -0.0111368 -0.0341251 0.027424 0.0141519 0.00414694 0.0153611 0.0397534 0.0254125 -0.0190551 0.0194817 0.0443598 -0.0546689 -0.0342973 0.0281346 -0.0358577 0.0534601 0.0223715 0.0163122 0.00729018 0.0364678 0.0252069 0.0392141 0.11181 -0.0734551 -0.0260745 0.02362 0.0262896 0.0141478
internal_weight=14137.2 9253.16 4657.45 1859.44 4884.09 4595.71 2798.01 2166.61 1267.86 1108.35 898.75 431.878 846.774 466.872 631.397 714.215 261.581 486.803 323.82 4522.34 3124.93 1397.41 1216.86 998.232 180.544 319.771 227.412 4653.27 4460.93 2610.39
internal_count=49242 38228 18151 11654 11014 20077 6497 5178 3276 2939 1902 877 2169 1025 1319 1818 770 1148 780 19759 13469 6290 5636 4749 654 663 670 10289 9951 5632
is_linear=0
shrinkage=0.05


Tree=19
num_leaves=31
num_cat=0
split_feature=39 82 22 20 76 43 41 20 20 31 19 54 13 31 19 79 52 55 29 30 27 55 41 55 46 78 41 56 45 52
split_gain=848.009 586.721 533.28 546.896 513.907 498.688 487.759 913.024 481.774 370.567 567.988 400.506 353.317 351.162 687.502 448.068 630.034 370.466 721.934 328.114 415.486 463.305 415.737 326.973 481.715 449.684 324.456 418.376 359.948 349.991
threshold=24.792607802874745 17.985000000000003 0.77442071785552036 0.75961538461538447 0.68304183308808086 66.679487179487197 12.500000000000002 5.8090909090909095 5.0333333333333341 0.7030844155844157 13.966666666666669 23.31666666666667 0.35674615585620745 0.53535714285714298 7.8660714285714297 -1.0499293085629828 206.04166666666671 19.989889705882359 0.090659436717393529 0.34714904111840367 10.867307692307694 22.006066176470593 73.500000000000014 21.236397058823531 63.181985294117659 2.5000000000000004 92.000000000000014 4.1419746173945509 22.033333333333335 251.76785714285717
decision_type=2 10 8 10 8 8 8 10 10 10 10 10 10 8 8 10 8 2 8 10 10 2 8 2 2 8 8 2 10 10
left_child=2 4 3 23 -2 6 -4 26 12 13 -11 -12 -5 14 -6 -15 -17 -18 -19 -16 -21 -22 -23 -1 25 -25 27 29 -29 -8
right_child=1 -3 5 8 9 -7 7 -9 -10 10 11 -13 -14 15 19 16 17 18 -20 20 21 22 -24 24 -26 -27 -28 28 -30 -31
leaf_value=-0.015664151539885787 0.039033627149230393 -0.076441267483389433 0.13698029169664611 -0.0013546668575970657 0.007724812129263456 0.0052747778118797592 -0.027016494448584661 -0.10408610934558307 0.075242828049167626 -0.11633111864111396 0.072880219262925178 -0.06513433283910168 -0.064768497084176008 -0.025325519530971199 -0.014269961070297134 0.099307611400719642 -0.038511151938154527 0.10698091957090741 0.0035488795563212642 -0.10961938219141454 -0.086508627134952623 0.093643408046488991 -0.048736920045414356 0.18283549932353504 0.014077541593118362 0.038426955439677619 0.0381169800508665 0.060825091810192147 0.15613067871628819 0.097525790159767659
leaf_weight=204.2752064652741 902.80413812398911 235.49221380054951 142.57944452762604 434.07869133353233 3622.9600362405181 949.29974922910333 133.40366753190756 101.5544497705996 114.37882748618722 170.65652161091566 108.15262854844332 100.40244808793068 443.74995423108339 402.62870978936553 1117.6412339285016 294.36154054105282 235.24775773286819 232.91330608725548 605.43185569345951 248.09046763926744 171.47656352818012 104.91001603007317 98.489501059055328 113.83607858419418 262.01481167972088 102.86561969667673 1989.0054117888212 194.02432714402676 205.94084149226546 96.335094776004553
leaf_count=853 2145 512 363 1737 12121 3644 373 329 514 497 356 305 1816 4437 3503 530 422 533 1452 1099 454 363 377 294 1278 585 6848 546 595 350
internal_value=0.0109829 0.00123021 0.0263564 0.0028402 0.00341236 0.0366869 0.0470975 0.0423378 -0.0208554 -0.000872512 -0.0489693 0.00644359 -0.0334481 0.00169055 -0.00468359 0.0209913 0.0346322 0.0168233 0.0323781 -0.0305005 -0.0595495 -0.0262101 0.0247993 0.0372439 0.0598061 0.114778 0.0480537 0.07933 0.110165 0.0254035
internal_weight=14139 8651.66 5487.34 1675.2 8416.17 3812.14 2862.84 2720.26 992.207 7513.36 379.212 208.555 877.829 7134.15 5363.57 1770.58 1367.95 1073.59 838.345 1740.61 622.967 374.876 203.4 682.992 478.717 216.702 2618.71 629.704 399.965 229.739
internal_count=49231 29106 20125 7077 28594 13048 9404 9041 4067 26449 1158 661 3553 25291 17917 7374 2937 2407 1985 5796 2293 1194 740 3010 2157 879 8712 1864 1141 723
is_linear=0
shrinkage=0.05


Tree=20
num_leaves=31
num_cat=0
split_feature=27 75 19 41 47 17 21 55 44 73 18 29 46 17 24 58 59 14 28 52 27 20 31 27 10 76 56 2 47 57
split_gain=688.491 754.303 661.698 1070.67 728.883 615.059 556.319 470.697 798.27 594.586 722.076 829.037 564.928 427.425 506.144 402.299 377.168 376.673 373.308 366.49 320.362 318.424 427.263 311.154 329.547 311.697 310.544 309.929 328.396 297.758
threshold=5.9900000000000011 0.03500000000000001 11.516666666666667 110.50000000000001 0.59717295280561677 1.9045454545454548 3.8753698224852076 20.391176470588238 0.54718041127835504 15.500000000000002 2.2583333333333337 0.11413741652586011 59.382352941176478 1.2583333333333335 3.6493106060606091 20.363970588235297 0.75000000000000011 0.07522727272727274 9.6256428571428589 223.18333333333337 15.320000000000002 1.0333333333333337 0.16906250000000003 5.2129166666666675 0.046771399018377187 1.8010000000000004 4.3418546365914796 4.5000000000000009 0.61137879064669354 211.66544117647064
decision_type=10 10 10 8 2 8 10 2 8 2 10 10 2 10 8 2 2 8 10 10 10 10 8 10 10 8 2 2 2 2
left_child=2 6 3 4 13 -6 18 -3 9 10 -9 -12 -10 21 -15 19 -14 -5 -2 -4 -18 22 -1 24 27 -25 -17 -19 -29 -26
right_child=1 7 15 17 5 -7 -8 8 12 -11 11 -13 16 14 -16 26 20 23 -20 -21 -22 -23 -24 25 29 -27 -28 28 -30 -31
leaf_value=0.12017800259998471 -0.029847470149900142 -0.014101442194407485 0.093365867143160822 0.044390615669598364 0.064567636754159136 0.20670639360776413 -0.014101442194407485 -0.013360913158737626 0.076011084374059179 0.13951053541115219 0.16421490853065049 0.017413365700897854 -0.014101442194407485 0.17180966791762017 0.021395131923584484 -0.12105521048028989 0.0024261033317855493 0.0068675015305160935 -0.12244009481291318 -0.051594551344090758 0.068818535315166254 -0.05569970250832993 0.01104361826826908 0.094328745294606664 0.044402366567006572 -0.009430937422391478 -0.018354826787898675 0.022855184077240569 0.095200175578378288 -0.030446799780381395
leaf_weight=118.26808283478022 196.79118375852704 1066.9389960169792 87.407338127493858 936.31134079769254 159.21727328002453 147.19098334759474 1008.8908754140139 367.79875412583351 225.28331369161606 172.66452796757221 175.9544120579958 211.25735959410667 1029.2574298530817 118.80420802161098 105.50434403121471 159.65087136626244 784.02929854393005 3695.7174159474671 244.94042727723718 85.120677974075079 235.53520840406418 110.52113205939531 362.53286879509687 207.21692463755608 157.01152073964477 110.6870057657361 136.620286680758 660.3374149017036 205.16672516986728 836.53429127112031
leaf_count=349 1050 2065 249 3027 864 572 6828 807 576 374 378 491 2634 450 408 716 1991 13026 1904 382 582 364 1165 505 457 486 488 2212 871 2978
internal_value=0.0098946 -0.0034858 0.0190045 0.0224175 0.0676517 0.133298 -0.0346216 0.00710058 0.0169912 0.0560532 0.0368079 0.0843732 0.00103898 0.0428573 0.101471 -0.0386607 -0.00723783 0.0149546 -0.0813507 0.0219611 0.0178162 0.0204896 0.0380824 0.0102547 0.00749584 0.0582857 -0.0739178 0.0131798 0.0400946 -0.0185855
internal_weight=14119.2 5719.34 8399.82 7931.02 1122.04 306.408 1450.62 4268.72 3201.78 927.675 755.011 387.212 2274.11 815.631 224.309 468.799 2048.82 6808.98 441.732 172.528 1019.56 591.322 480.801 5872.67 5554.77 317.904 296.271 4561.22 865.504 993.546
internal_count=49249 19680 29569 27734 4172 1436 9782 9898 7833 2050 1676 869 5783 2736 858 1835 5207 23562 2954 631 2573 1878 1514 20535 19544 991 1204 16109 3083 3435
is_linear=0
shrinkage=0.05


Tree=21
num_leaves=31
num_cat=0
split_feature=82 77 30 41 21 41 82 6 48 19 31 81 11 79 11 50 20 40 43 28 80 39 41 49 79 81 80 39 55 58
split_gain=828.564 648.997 522.86 742.02 592.26 665.448 506.989 486.165 470.45 708.744 735.048 433.398 414.271 409.882 385.147 382.471 473.556 378.977 342.726 360.146 365.271 385.785 422.544 490.611 366.998 329.561 329.479 326.831 322.387 307.428
threshold=11.435 0.62949539483261108 0.19801839054149953 49.000000000000007 5.0026737967914441 27.500000000000004 15.555000000000001 5.8638663474052377 25.424632352941178 14.261363636363638 0.60598214285714291 7.2750000000000012 0.1346153250227379 0.062442079324043644 0.11809123339539827 25.514835164835169 4.4142857142857155 3.5000000000000004 65.20714285714287 1.9335714285714289 1.9450000000000001 28.017796030116362 64.000000000000014 6.5000000000000009 0.49109087286096298 9.3550000000000022 5.0050000000000008 24.108145106091722 22.062500000000004 22.150735294117649
decision_type=8 10 10 8 10 10 8 10 2 10 10 8 10 10 10 8 8 2 8 8 10 2 8 2 10 8 10 2 2 2
left_child=1 18 7 4 6 12 17 27 11 10 13 -5 -6 -10 -7 16 -8 -4 19 -1 -21 22 23 -22 -24 -9 -20 -2 -11 -27
right_child=2 -3 3 8 5 14 15 25 9 28 -12 -13 -14 -15 -16 -17 -18 -19 26 20 21 -23 24 -25 -26 29 -28 -29 -30 -31
leaf_value=-0.0085494744333350983 0.040318475437236795 0.10563399627699835 -0.018625431519196736 -0.12954765235352714 0.18070186372085589 -0.037480880349164095 -0.025835589308057117 -0.13182446187455749 0.047650267580576222 -0.16405047225926228 0.17328582948172516 -0.03871856707176026 0.056262596521501264 -0.055502996108702352 0.077217018072673449 0.0066555755396212673 -0.14834389336098694 0.094223040262284341 0.021294553253012577 0.064821382351553908 0.019513886447654831 -0.012123868360331315 0.016781058796860839 0.14536796518689124 0.077617995086553537 0.026735240945332278 -0.02535656847407497 0.0081825034850310265 -0.01633676153132289 -0.058744309472451885
leaf_weight=567.33963268995285 1071.2338662259281 234.23188960552216 143.19853359460831 143.72420945763588 114.4299617819488 209.32789045572281 193.44870481267571 74.759984791278839 238.84809729084373 74.120829310268164 77.909101113677025 1450.3576723523438 162.34619081765413 159.9176384806633 111.2537806071341 244.1988831423223 132.81529336422682 153.22742661833763 855.62216021120548 768.75548796355724 141.05631171166897 538.00798207521439 1608.5791526734829 171.64796061813831 292.28391526639462 198.2101673707366 677.07239858806133 3021.4203168824315 73.155654791742563 222.06940546631813
leaf_count=1223 5728 684 338 299 395 582 1008 202 1193 272 293 6794 458 431 414 1038 434 332 2014 1698 321 1265 3478 400 575 1087 1765 12826 328 1340
internal_value=0.00986648 0.0242577 -0.000323233 -0.0143541 0.0132653 0.0515299 -0.0131312 0.0109392 -0.0325849 0.00421821 0.0338541 -0.0469839 0.108176 0.0062472 0.0024399 -0.0406718 -0.0760071 0.0398285 0.0208481 0.028407 0.0343637 0.0258337 0.0350606 0.0888402 0.0261715 -0.035814 0.000683185 0.0166017 -0.0912827 -0.0184631
internal_weight=14124.6 5854.6 8269.97 3682.28 1464.25 597.358 866.889 4587.69 2218.03 623.951 476.675 1594.08 276.776 398.766 320.582 570.463 326.264 296.426 5620.37 4087.67 3520.33 2751.58 2213.57 312.704 1900.86 495.04 1532.69 4092.65 147.276 420.28
internal_count=49215 13423 35792 14609 4999 1849 3150 21183 9610 2517 1917 7093 853 1624 996 2480 1442 670 12739 8960 7737 6039 4774 721 4053 2629 3779 18554 600 2427
is_linear=0
shrinkage=0.05


Tree=22
num_leaves=31
num_cat=0
split_feature=82 31 36 41 63 44 24 57 82 55 19 79 12 30 76 13 46 5 56 20 21 79 2 50 14 78 39 55 41 70
split_gain=731.719 441.064 405.578 423.846 630.632 1024.71 679.034 558.516 692.816 536.327 518.4 431.951 465.791 461.476 621.821 490.492 432.043 395.059 423.181 387.211 387.14 369.419 361.647 333.914 320.885 317.835 355.593 292.665 273.526 546.828
threshold=10.175000000000002 0.57138235294117656 0.092911335639317486 49.000000000000007 1.0000000180025095e-35 0.53302249079790176 -0.51266666666666627 213.26470588235296 17.795000000000005 21.01213235294118 18.919871794871799 -0.058905989503344844 0.59321261107238887 0.35027652772626622 0.87317923365959305 0.54052408741068236 66.060661764705898 7.741666666666668 4.5702356202356205 3.2727272727272729 4.9533482142857155 -1.0499293085629828 1.0000000180025095e-35 23.932051282051287 0.24809090909090911 4.5000000000000009 22.550308008213559 19.507904411764709 109.00000000000001 0.015605360734037206
decision_type=8 10 8 8 2 8 10 2 8 2 10 10 10 8 8 8 2 10 2 8 8 10 2 10 8 8 2 2 8 2
left_child=1 21 25 4 7 -6 20 19 9 -9 11 13 16 -5 -15 -16 17 23 -19 -4 -7 24 -17 -13 -1 -2 -27 -10 29 -23
right_child=2 -3 3 10 5 6 -8 8 27 -11 -12 12 -14 14 15 22 -18 18 -20 -21 -22 28 -24 -25 -26 26 -28 -29 -30 -31
leaf_value=0.019494094913550059 -0.0024488556892955315 0.090550828767715419 0.0065200068432300848 0.027324514813887663 0.17571509148389963 0.0038388437740514746 -0.055370570739628193 -0.022688696470535549 -0.12849358725385618 0.089708849472637769 -0.12521759481842451 -0.049522327365039476 0.038816164387198801 0.063103019571368865 -0.011815793173814341 -0.060679751994802605 0.019743878131075417 -0.10773514365513435 -0.018034016356312767 -0.11102714789715729 0.12901572456044391 0.026348387386774193 -0.19237748558745915 0.031924383094094677 -0.071697764196328548 0.10809078227278382 0.022366879529081701 -0.016499543944594769 0.016851578222450533 0.10464948957231911
leaf_weight=189.61812162399292 1523.9968524575233 232.97690019011497 110.90531347692013 910.34523105248809 133.79764930158854 114.44851763546467 182.38177343457937 157.88324019312859 67.766753673553467 320.68009524047375 108.24122117832303 424.10473544895649 196.9108695089817 178.35701224207878 557.61189530417323 224.25924701243639 231.43685132265091 455.74339140951633 185.2786367982626 188.72954930737615 133.34946838393807 1001.0339384675026 67.643651489168406 177.95726148784161 194.65780591964722 130.32225650921464 1552.8048756420612 387.39440055936575 3479.3926044553518 286.31029789149761
leaf_count=301 3970 525 379 5998 360 411 585 317 301 813 522 968 414 337 3872 1317 740 1199 463 464 410 2373 487 496 309 817 9117 2163 8104 692
internal_value=0.00890464 0.0233972 -4.27264e-05 -0.00826411 0.011667 0.0554153 0.0176781 -0.00836647 0.0107072 0.0526577 -0.0178999 -0.0146481 -0.0332656 0.00141574 -0.0215349 -0.0393581 -0.0429113 -0.0545829 -0.0818767 -0.0676419 0.0714491 0.0203429 -0.0917511 -0.0254353 -0.026766 0.0140936 0.0290646 -0.0334189 0.0241454 0.0438306
internal_weight=14106.3 5383.99 8722.35 5515.23 1797.34 563.977 430.18 1233.36 933.724 478.563 3717.89 3609.65 1671.43 1938.22 1027.87 849.515 1474.52 1243.08 641.022 299.635 247.798 5151.01 291.903 602.062 384.276 3207.12 1683.13 455.161 4766.74 1287.34
internal_count=49224 12304 36920 23016 6203 1766 1406 4437 3594 1130 16813 16291 4280 12011 6013 5676 3866 3126 1662 843 821 11779 1804 1464 610 13904 9934 2464 11169 3065
is_linear=0
shrinkage=0.05


Tree=23
num_leaves=31
num_cat=0
split_feature=82 77 39 33 17 7 76 41 9 24 82 55 12 73 59 53 21 46 39 29 29 28 10 41 41 33 0 19 19 69
split_gain=688.781 572.378 572.283 554.453 609.237 521.698 536.72 445.638 507.173 495.21 479.694 883.635 517.103 472.22 541.786 412.782 384.52 423.061 326.762 308.903 373.248 795.876 398.191 458.009 378.353 439.099 382.873 338.567 323.433 331.176
threshold=7.0750000000000011 0.35650708437270534 27.552361396303905 1.788888888888889 2.5166666666666671 11.561416666666668 0.86435643813550811 24.500000000000004 12.981166666666669 2.0706875000000013 16.535000000000004 27.605294117647063 0.65286517246194675 8.5000000000000018 1.0000000180025095e-35 2.9309523809523812 4.6457513123359586 62.781250000000007 26.016427104722798 0.049287238404049798 0.099036352551231499 13.564218137254903 0.12376006485644875 80.500000000000014 155.50000000000003 2.3875000000000006 8.5000000000000018 5.2613636363636376 2.4083333333333337 0.057034913333537392
decision_type=8 8 2 10 8 10 10 8 10 10 8 2 10 2 2 8 10 2 2 8 10 10 10 10 8 10 2 10 10 2
left_child=1 -1 7 -4 5 15 -7 9 19 16 12 13 -10 -12 18 -5 -2 -18 -15 27 21 24 23 -22 25 26 -21 -9 -26 -30
right_child=2 -3 3 4 -6 6 -8 8 10 -11 11 -13 -14 14 -16 -17 17 -19 -20 20 22 -23 -24 -25 28 -27 -28 -29 29 -31
leaf_value=0.020339056589503423 0.02882760744878753 0.089317473615624657 -0.0012328098447094891 -0.019742703560667794 -0.093688178161301483 -0.018191107180160735 0.14161991970542273 0.0080639389619013273 -0.013463852888975959 -0.036892618961189859 -0.0035873167866804809 0.12464874710574912 0.083062468471636175 -0.11473237779402012 -0.044825566332432565 -0.15388038821785163 0.041048154770613972 0.17753878709283644 -0.25328385611594745 0.04314644871329238 0.010473825984996155 0.14632302232194933 0.065558094993963936 -0.087488609661401123 0.021197005762190427 -0.028447337160604786 0.12273565244564827 -0.043416678279543493 0.0063831097848612642 -0.09651229744923126
leaf_weight=4019.3994948714972 237.05874078348279 324.21948245167732 1654.1156748458743 210.95808262005448 423.12254908308387 130.39617130532861 86.77026678621769 1587.1262708604336 848.29021482169628 127.86784164607525 171.9633640088141 62.0029625184834 164.84159308671951 130.1434566155076 200.94335149228573 77.960427820682526 99.926673214882612 132.81717865169048 65.021947965025902 678.18358903378248 270.98177009820938 142.25896571576595 130.36272305250168 211.91532368212938 897.22686589881778 162.19231095910072 194.31806134432554 398.76830615103245 183.73522159457207 134.99663052707911
leaf_count=8830 897 908 6571 904 1611 600 198 7386 1964 417 887 305 384 706 935 299 304 423 262 2971 1022 423 603 673 4058 515 863 1883 931 657
internal_value=0.0089318 0.0255072 0.00159548 -0.018601 -0.0494842 -0.0124147 0.0460189 0.00881045 0.00508196 0.0501261 -0.0190047 -0.0532237 0.00230788 -0.0728227 -0.102795 -0.0563437 0.0738383 0.119364 -0.161949 0.0130126 0.0231191 0.0320355 -0.0116678 -0.0326081 0.0247498 0.0469583 0.0609923 -0.00229004 0.00582892 -0.0373631
internal_weight=14159.9 4343.62 9816.27 2583.32 929.207 506.085 217.166 7232.94 6635.27 597.67 1643.21 630.075 1013.13 568.072 396.109 288.919 469.803 232.744 195.165 4992.07 3006.17 2392.91 613.26 482.897 2250.65 1034.69 872.502 1985.89 1215.96 318.732
internal_count=49390 9738 39652 10183 3612 2001 798 29469 27428 2041 5443 3095 2348 2790 1903 1203 1624 727 968 21985 12716 10418 2298 1695 9995 4349 3834 9269 5646 1588
is_linear=0
shrinkage=0.05


Tree=24
num_leaves=31
num_cat=0
split_feature=9 58 29 6 58 51 44 80 73 29 29 9 48 26 5 39 44 14 30 28 29 30 73 19 51 46 48 76 80 26
split_gain=615.842 491.867 458.018 584.459 685.505 542.065 439.664 461.462 391.522 611.55 1088.75 479.182 558.229 456.34 439.593 377.208 380.231 375.025 393.648 636.011 598.149 489.411 358.381 532.205 351.549 351.059 397.879 379.581 329.287 404.391
threshold=12.527250000000002 16.485294117647062 0.13415625258969846 6.692984501590451 22.393382352941178 4.5605578073730948 0.63096006144393246 11.355000000000002 10.500000000000002 0.1016802242036411 0.074288353365780019 17.107416666666669 19.393382352941178 15.500000000000002 17.81666666666667 24.792607802874745 0.58338808585194935 0.63964285714285729 0.58322854619077436 13.380875000000001 0.091566354273644512 0.32932601779262732 15.500000000000002 4.6076923076923082 4.5953069088907244 63.029411764705891 19.665441176470591 1.1640918828487585 3.7450000000000006 15.500000000000002
decision_type=10 2 10 8 2 8 10 10 2 10 10 10 2 2 10 2 10 10 10 10 10 10 2 8 10 2 2 8 8 2
left_child=15 -2 6 4 -4 -5 8 -8 9 10 13 14 -13 -3 -10 16 -1 18 19 21 -21 22 -17 24 -24 26 27 -18 -23 -30
right_child=1 2 3 5 -6 -7 7 -9 11 -11 -12 12 -14 -15 -16 17 25 -19 -20 20 -22 28 23 -25 -26 -27 -28 -29 29 -31
leaf_value=0.011738664172121981 0.066399397844868688 -0.0042604561335268503 -0.0051405499659176439 -0.058984247642282266 0.16855388188884768 0.07716222973844282 -0.044130914208975136 0.075222701463861577 -0.052971200932404497 -0.074091165149510738 0.10364166134798816 0.0022113565384273984 -0.14659793419710435 -0.14202617858932362 0.057429069987513709 0.0026541976156211084 -0.061607039181347682 0.10514981348900376 -0.057595556998053958 0.15567148233036543 0.016293674854085307 0.054154375111863801 -0.0040568442868543671 0.10484154166365467 0.072371882986342825 0.023761012637789524 0.1004295405385135 0.059923973370890088 -0.067352941094200619 0.0080471633629202732
leaf_weight=2504.8217673897743 181.254568323493 212.44369587674737 111.3077704757452 250.06186205521226 114.88301434740424 102.18740958347917 141.50194958224893 186.81256094574928 562.01193792000413 264.7386510707438 218.62502048164606 84.412660222500563 247.35931497067213 82.864777740091085 106.50666712597013 4375.9301730617881 88.141930758953094 92.328164100646973 247.0611129142344 133.58575903624296 180.45589964091778 99.600821748375893 562.33887926116586 217.68551547080278 204.37016777694225 1097.8209277652204 417.9257505312562 229.67575953528285 525.91652275249362 268.11613413691521
leaf_count=8076 569 849 283 857 351 288 805 533 1823 838 601 319 947 332 285 15111 230 236 997 439 620 219 1789 686 569 5270 1403 996 1826 841
internal_value=0.00758417 -0.0130989 -0.0184868 0.0208972 0.083433 -0.0193816 -0.0293023 0.0238041 -0.0391112 -0.0125013 0.0193072 -0.0597923 -0.108844 -0.0432669 -0.035323 0.0128578 0.0244108 0.00559905 0.00423514 0.00656937 0.0758876 0.00307699 0.00878929 0.0360312 0.0163834 0.0417063 0.0684143 0.0261317 -0.0311589 -0.041915
internal_weight=14112.7 2866.97 2685.72 578.44 226.191 352.249 2107.28 328.315 1778.96 778.672 513.933 1000.29 331.772 295.308 668.519 11245.8 4338.39 6907.39 6815.06 6568 314.042 6253.96 5360.32 984.395 766.709 1833.56 735.743 317.818 893.633 794.033
internal_count=48988 9680 9111 1779 634 1145 7332 1338 5994 2620 1782 3374 1266 1181 2108 39308 15975 23333 23097 22100 1059 21041 18155 3044 2358 7899 2629 1226 2886 2667
is_linear=0
shrinkage=0.05


Tree=25
num_leaves=31
num_cat=0
split_feature=82 33 56 39 44 58 6 10 14 30 44 9 79 33 6 41 12 70 79 82 22 39 22 52 10 7 77 6 4 77
split_gain=615.941 476.072 598.656 565.479 594.096 875.714 578.311 519.224 681.422 433.149 425.217 568.596 408.137 384.856 630.438 354.1 556.303 532.44 447.012 389.312 349.194 376.293 415.264 339.85 322.215 318.154 511.318 306.275 411.406 301.16
threshold=2.7950000000000004 1.9411764705882355 4.7278127910894439 22.63518138261465 0.54813265147993195 26.454044117647062 9.2630988335437756 0.11953870957131844 0.58160256410256428 0.12520403011293701 0.59546493490781682 16.323666666666671 -1.0499293085629828 3.7321428571428577 6.4267928756102117 106.50000000000001 0.31510210312474402 0.31267486030680408 0.5471295017260619 14.965000000000002 0.98529411764705899 23.805612594113622 0.75490951097420111 218.04166666666671 0.048782046419241547 12.054142857142859 0.68394690111848655 4.4170942988227475 16.935345126648699 0.20712320445937255
decision_type=8 10 2 2 8 2 10 8 10 10 8 8 8 10 8 8 10 2 10 8 10 2 10 10 10 10 8 10 10 8
left_child=9 12 3 -3 5 6 7 8 24 -1 11 -6 -2 -12 -15 16 17 20 19 -18 21 22 -14 -11 -5 -4 -27 29 -29 -17
right_child=1 2 25 4 10 -7 -8 -9 -10 23 13 -13 15 14 -16 27 18 -19 -20 -21 -22 -23 -24 -25 -26 26 -28 28 -30 -31
leaf_value=0.018144733773921971 -0.036436004686108768 0.092575204414186069 -0.0097916998720411902 0.053783484961523999 -0.043946603193080386 -0.1044556094704075 0.13052091817493269 -0.063736800151983394 0.12531356443378061 0.12542588601480684 -0.043205967964307312 -0.13818260132948743 0.057025492795553051 0.11616787086166239 -0.022795618264381437 0.00021829101690267429 0.02112861222119472 0.15286715395873898 0.10159667923321639 -0.050410907253886542 -0.036245171298238565 0.025898087145884058 0.18114247921936952 0.041070969062180662 -0.046817570232829425 0.13029625061848618 0.0080500147830580432 -0.022374132505646734 0.086566811720280357 0.026323086251699646
leaf_weight=1727.8641575276852 475.62020540237427 102.12715186923742 258.94507827237248 138.18557366356254 581.12278648093343 147.05159292370081 116.37153223901987 174.02685608714819 148.56812938302755 179.95938238501549 776.65466171503067 220.83021513000131 216.72719249874353 113.71873295679688 282.04194080457091 2546.9043276011944 401.00136037170887 120.57162811979651 95.293235376477242 360.0127618573606 124.44192368164659 486.29670947417617 97.858217500150204 355.92494663596153 184.91187647730112 155.57211185991764 188.85337211936712 1312.7527213618159 91.804592564702034 1950.3150342032313
leaf_count=3741 755 361 718 480 2079 466 362 563 414 360 2987 711 984 430 1079 6591 1088 524 257 2203 473 1817 398 908 489 378 580 5022 382 11635
internal_value=0.00645098 0.0018912 -0.0133164 -0.0224969 -0.0266032 0.0068385 0.0284231 0.0098489 0.0370767 0.030346 -0.0419973 -0.0700357 0.00848409 -0.0227752 0.0173266 0.0112261 0.0299805 0.0544287 9.0776e-05 -0.0127363 0.0414507 0.0535534 0.0960863 0.0695797 -0.00375831 0.0320727 0.0634843 0.00517732 -0.015197 0.0115425
internal_weight=14132.3 11868.6 3588.98 2985.61 2883.48 909.116 762.064 645.692 471.666 2263.75 1974.37 801.953 8279.6 1172.42 395.761 7803.98 1902.2 1045.9 856.307 761.014 925.324 800.882 314.585 535.884 323.097 603.371 344.425 5901.78 1404.56 4497.22
internal_count=49235 44226 12097 10421 10060 2774 2308 1946 1383 5009 7286 2790 32129 4496 1509 31374 7744 4196 3548 3291 3672 3199 1382 1268 969 1676 958 23630 5404 18226
is_linear=0
shrinkage=0.05


Tree=26
num_leaves=31
num_cat=0
split_feature=82 36 58 39 77 27 12 29 36 55 27 29 82 29 41 80 19 51 9 44 45 47 25 73 41 36 73 39 17 39
split_gain=643.721 557.748 544.228 675.196 670.919 407.61 395.681 353.453 335.87 421.007 509.969 465.872 516.909 795.787 575.264 513.384 485.735 443.736 430.262 394.177 402.697 385.891 384.45 382.363 371.082 366.686 320.231 325.34 319.651 316.066
threshold=7.0750000000000011 0.29657359496960423 18.205882352941178 26.799452429842578 0.60826835057361806 21.512980769230776 0.33041654472575527 0.086702826997623481 0.092911335639317486 27.466544117647061 16.473863636363642 0.075135246148403403 17.465000000000003 0.092257366331987306 73.500000000000014 17.385000000000002 5.2613636363636376 4.6775254668930399 8.8305000000000025 0.62431685829475891 22.26136363636364 0.56580871875878758 0.11500000000000005 16.500000000000004 105.50000000000001 0.41951047462620389 16.500000000000004 25.030800821355239 1.4580419580419581 21.544147843942508
decision_type=8 10 2 2 10 10 8 10 8 2 10 8 8 8 10 8 8 8 8 10 10 2 8 2 10 10 2 2 10 2
left_child=1 29 3 4 -2 8 -3 28 -4 11 -11 16 13 22 19 -14 -10 18 -17 20 -15 25 -13 24 -20 -19 27 -18 -5 -1
right_child=2 6 5 7 -6 -7 -8 -9 9 10 -12 12 15 14 -16 17 26 21 23 -21 -22 -23 -24 -25 -26 -27 -28 -29 -30 -31
leaf_value=-0.051659269607842812 0.030424722959938713 0.13169071700587812 0.010592413257440822 -0.011341287317842159 0.13109673342817801 -0.090312596250401195 0.01978325299977568 -0.073234880637537095 0.017167108020385916 0.011343168122592739 0.15202509704021805 0.03214162215977772 -0.16025362348240998 -0.039411907126971998 -0.043402092249768438 0.012850600589734648 -0.023128148707948496 0.0053419289526432934 -0.02893861583594794 0.093915318273265366 0.039152777266079825 -0.015294017768828438 0.13342919618744703 -0.1891435148945477 -0.12811356600347018 0.1499593519401049 0.025993531229653907 -0.074171514828954885 0.10366202426086485 0.020628572896376346
leaf_weight=156.42558701336384 746.66396172717214 191.54753103852272 2713.5136229991913 306.79279385507107 211.99892148375511 137.39648559316993 134.62213335931301 182.12298969551921 354.50183250010014 413.23555034399033 75.358850207179785 205.17655339837074 67.033420950174332 280.27972210943699 538.37592276930809 260.88563190028071 496.8047551959753 86.84615932404995 423.00489269942045 157.34009419381618 387.24939014017582 292.85048954933882 172.73762774467468 54.561161044985056 120.74455012381077 87.655964575707912 132.58075101301074 844.65578122809529 74.195480056107044 3869.507603392005
leaf_count=288 3565 429 11727 1223 519 546 357 607 1929 1807 239 443 144 609 1192 1918 2254 366 2472 422 768 1265 321 272 725 247 459 3224 344 8713
internal_value=0.0069091 0.0229148 -0.000182725 0.027295 0.0528008 -0.00522165 0.0857041 -0.0161437 -0.00377897 -0.0109325 0.0333076 -0.0152934 -0.00359063 0.0145706 -0.00324297 -0.0262757 -0.0353431 -0.0193899 -0.040701 0.0229889 0.00615571 0.0197926 0.0786683 -0.064034 -0.0511561 0.0784267 -0.0479747 -0.0552991 0.0112678 0.0178077
internal_weight=14176.7 4352.1 9824.56 1521.77 958.663 8302.79 326.17 563.111 8165.39 5451.88 488.594 4963.28 3134.74 1741.16 1363.25 1393.58 1828.54 1326.55 859.196 824.869 667.529 467.353 377.914 598.311 543.749 174.502 1474.04 1341.46 380.988 4025.93
internal_count=49394 9787 39607 6258 4084 33349 786 2174 32803 21076 2046 19030 11164 3755 2991 7409 7866 7265 5387 1799 1377 1878 764 3469 3197 613 5937 5478 1567 9001
is_linear=0
shrinkage=0.05


Tree=27
num_leaves=31
num_cat=0
split_feature=82 20 15 54 59 82 33 15 56 24 41 58 31 19 28 27 39 39 28 43 20 52 17 31 73 32 17 50 22 33
split_gain=675.965 462.094 691.241 620.314 503.651 526.14 416.19 441.07 446.818 441.878 393.028 1056.93 670.994 619.247 513.102 394.051 380.751 384.455 429.901 380.21 392.761 413.915 344.342 333.82 321.831 313.005 298.279 295.236 294.91 378.168
threshold=11.435 0.69047619047619035 0.79197500966506207 22.408333333333335 0.75000000000000011 16.535000000000004 5.7416666666666671 0.46201902600304345 4.5892843150058775 -0.59396428571428739 49.000000000000007 20.843750000000004 0.57845238095238105 16.630681818181824 16.974040178571432 14.769230769230772 32.125941136208084 21.184120465434635 1.9335714285714289 65.20714285714287 -0.16666666666666674 173.70833333333334 3.0333333333333337 0.7030844155844157 9.5000000000000018 0.13392857142857145 2.4833333333333338 23.303846153846155 0.78404875463698998 1.0627450980392157
decision_type=8 10 8 8 2 10 10 10 2 10 8 2 10 10 10 10 2 2 8 8 8 10 10 8 2 8 10 10 8 8
left_child=16 25 4 -4 5 6 7 -3 9 23 11 12 -6 15 26 -12 17 -1 -19 20 -20 -22 -11 24 -9 -2 -13 -10 29 -23
right_child=1 2 3 -5 10 -7 -8 8 27 22 13 14 -14 -15 -16 -17 -18 18 19 -21 21 28 -24 -25 -26 -27 -28 -29 -30 -31
leaf_value=-0.062084838766019015 0.0016440968431006378 -0.00097174530615536212 0.12022663674677919 -0.019269068206807825 0.22224483580987631 -0.1192562056412801 0.086423812958207613 0.054095402531194083 0.057009951969534137 -0.15298674939484966 -0.023134886046880083 -0.0010312040002303066 0.033092232002252385 -0.138193376795198 0.085060666358455342 0.060581542589065389 -0.0561559041843568 -0.0096339498068278226 -0.042389044314600687 0.0070376253743403977 0.11478604637850276 -0.015658251423242384 -0.039549398474258077 -0.12379299810512155 -0.065438326374237604 0.03238399319841484 -0.10771683392317828 -0.062822379261243566 0.050600330243817764 0.04042262945264976
leaf_weight=129.55978314578533 3671.0456788502634 510.51906842365861 168.59515216574073 149.88944097235799 93.250139385461807 193.11952835321426 70.241268333047628 112.24435497820377 115.14251901954412 235.24721604585648 751.44252082332969 131.63380942493677 94.113332748413086 99.52386386692524 87.599661432206631 171.86578881368041 156.15774683654308 781.47648343443871 141.88812041282654 1281.1093895733356 185.36860306560993 478.38941584527493 94.537091266363859 80.180496085435152 111.01143160462379 1068.3690490461886 129.47661345079541 91.210113473236561 1892.2922859340906 805.90396626293659
leaf_count=215 15823 3095 527 557 343 468 188 391 349 956 3935 492 274 390 315 566 381 1753 315 3275 348 1005 418 393 447 5063 431 338 4167 1931
internal_value=0.00764923 -0.00158833 -0.0153906 0.0547205 -0.0224443 -0.0420181 -0.0314397 -0.0376312 -0.059895 -0.0806889 -0.00217177 0.0324707 0.127913 -0.0203421 -0.0190299 -0.00750312 0.0206387 0.0227535 0.0247389 0.0303535 0.0388741 0.0423153 -0.120686 -0.0369648 -0.00536816 0.00857892 -0.0541424 0.00399523 0.0380515 0.019537
internal_weight=14082.4 8230.26 3490.84 318.485 3172.36 1613.45 1420.33 1350.09 839.573 633.221 1558.91 536.074 187.363 1022.83 348.71 923.308 5852.15 5695.99 5566.43 4784.95 3503.84 3361.95 329.784 303.436 223.256 4739.41 261.11 206.353 3176.59 1284.29
internal_count=49149 35759 14873 1084 13789 7043 6575 6387 3292 2605 6746 1855 617 4891 1238 4501 13390 13009 12794 11041 7766 7451 1374 1231 838 20886 923 687 7103 2936
is_linear=0
shrinkage=0.05


Tree=28
num_leaves=31
num_cat=0
split_feature=39 82 49 31 22 17 20 56 33 20 44 76 36 53 41 0 56 75 52 19 77 82 55 27 13 18 33 41 14 58
split_gain=522.28 551.822 714.905 702.779 424.948 410.338 392.092 381.325 376.002 374.435 380.822 371.849 337.041 366.407 326.502 313.908 435.471 825.58 443.097 543.997 343.139 418.691 333.898 311.727 347.28 311.176 296.32 277.668 398.256 315.363
threshold=24.792607802874745 15.315000000000003 7.5000000000000009 0.64323863636363654 0.77158385093167714 4.2111111111111121 0.73863636363636387 4.2947332421340638 3.9375000000000004 4.6904761904761916 0.57389500019856254 0.68304183308808086 0.15028919689381195 2.3205128205128207 104.50000000000001 7.5000000000000009 4.5955145215981137 10.215000000000002 192.56818181818184 9.3798076923076952 0.31707785216047946 6.9150000000000009 27.034375000000001 15.959375000000003 0.51511829114069452 4.5192307692307701 4.0588235294117654 184.50000000000003 0.11800000000000002 17.093750000000004
decision_type=2 10 2 10 8 10 10 2 10 10 10 8 8 10 8 2 2 10 10 10 8 8 2 10 8 10 8 8 10 2
left_child=4 11 3 -3 6 8 12 -7 9 10 -6 -2 -1 -14 -15 22 18 -18 -17 20 -20 -22 23 -13 -25 -8 -21 29 -29 -12
right_child=1 2 -4 -5 5 7 25 -9 -10 -11 27 15 13 14 -16 16 17 -19 19 26 21 -23 -24 24 -26 -27 -28 28 -30 -31
leaf_value=-0.0060441144088842777 0.0315926592522177 -0.075680381835989366 -0.10806142078384073 0.077447775168010824 0.014589711161175765 -0.10643087018181641 -0.034921836409025485 0.031690203444409079 0.10806161356513865 -0.062416329314093424 0.15280264897752077 -0.010883605057878439 0.0083489133073696535 0.19542639070484924 0.049327725206391726 0.10280945821150367 0.015353644450878832 0.1565278555829413 -0.0086743841985490542 -0.070955971407460391 0.17775257963862165 0.029793487089573314 0.030062093329973689 -0.15414473273845741 -0.023148548753999534 0.043924700672052286 0.016849540505172601 0.058451682852773516 -0.021172076282136257 0.056012273891171471
leaf_weight=366.42917058989406 891.8041994124651 143.27061116695404 272.46865141391754 154.89716824889183 1798.7749914675951 107.50564838573337 851.83034604787827 91.960795793682337 149.28898390755057 111.77932656928897 93.339854635298252 4269.9878864847124 145.65662667900324 72.468991246074438 81.667891602963209 98.61849457025528 397.96442372351885 139.11199960112572 658.16747854650021 377.35788745433092 53.893101200461388 376.32954748719931 478.07863685488701 80.21536722779274 135.34991905093193 145.774439599365 128.34436289593577 350.98375273123384 282.82372222840786 820.4624964594841
leaf_count=1618 2107 321 572 315 5581 372 3389 292 533 388 248 14828 655 269 368 271 1290 289 1553 1547 135 2534 2120 291 537 676 411 1690 1138 2811
internal_value=0.0054446 -0.00219871 -0.0496749 0.00386216 0.0175361 0.0267467 -0.00354159 -0.0429119 0.0306091 0.0272352 0.0302476 0.00115778 0.0261371 0.0653605 0.118834 -0.00261926 0.0129608 0.0521431 0.000505308 -0.00588422 0.0140276 0.0486972 -0.00961942 -0.0138545 -0.0723811 -0.023368 -0.0486822 0.0484255 0.0229438 0.0660551
internal_weight=14126.6 8655.86 570.636 298.168 5470.75 3806.92 1663.83 199.466 3607.45 3458.16 3346.38 8085.22 666.223 299.794 154.137 7193.42 2229.79 537.076 1692.71 1594.09 1088.39 430.223 4963.63 4485.55 215.565 997.605 505.702 1547.61 633.807 913.802
internal_count=49149 29121 1208 636 20028 13053 6975 664 12389 11856 11468 27913 2910 1292 637 25806 8030 1579 6451 6180 4222 2669 17776 15656 828 4065 1958 5887 2828 3059
is_linear=0
shrinkage=0.05


Tree=29
num_leaves=31
num_cat=0
split_feature=82 4 55 33 59 28 44 29 27 33 33 44 21 79 56 39 54 76 41 21 69 33 76 0 70 47 30 28 52 48
split_gain=479.966 544.231 544.608 580.415 664.779 418.09 639.471 663.802 571.11 408.899 393.734 430.138 419.045 388.585 385.705 347.482 417.192 456.664 455.201 387.301 340.753 303.438 286.03 328.952 266.072 262.999 365.279 553.039 318.679 338.422
threshold=14.775 6.4797291946801421 23.196875000000002 3.8708333333333336 0.75000000000000011 13.564218137254903 0.63862511251125131 0.1016802242036411 11.312500000000002 1.9411764705882355 5.4392156862745109 0.50036390101892303 5.5798550724637694 0.2708444108521208 4.3961172663986678 24.484599589322386 20.516666666666669 0.85152411531630012 47.000000000000007 5.2863756613756623 0.0032362798491830757 3.3875000000000002 0.95223908457934336 2.5000000000000004 0.6084721715748983 0.62288413789810448 0.20568442293978753 9.4846158088235306 173.70833333333334 20.878676470588239
decision_type=8 10 2 10 2 10 10 10 10 10 8 10 10 10 2 2 10 10 10 10 2 10 8 2 2 2 8 8 8 2
left_child=5 9 10 21 -5 8 7 20 25 24 11 -3 14 -9 -12 19 18 -18 -17 -13 -7 -4 -11 -24 -2 28 -27 -28 -1 -30
right_child=1 2 3 4 -6 6 -8 13 -10 22 12 15 -14 -15 -16 16 17 -19 -20 -21 -22 -23 23 -25 -26 26 27 -29 29 -31
leaf_value=0.073046906661766858 0.009269835210088298 0.061663550730554031 -0.010287686176024968 -0.0096272359318360159 0.13411916382840103 0.036385880703050065 0.14381912528973759 0.023479244899986568 -0.040929966092137761 0.022794761062407361 -0.10477243164734212 -0.051323814242181867 -0.18614702164468908 -0.073672766337897488 0.027520971384541456 0.073511171559355631 -0.058925870209892733 -0.18101601405179157 -0.075151013878438033 0.075515915114896789 0.13544489245949823 -0.11935423902503005 -0.092403173624582502 0.0024057883233981905 0.080012007077040315 0.030524812228827383 -0.10907916664464368 0.00032681421309948405 0.034825321709139975 0.0061228477417092945
leaf_weight=263.4449285119772 4171.369574200362 115.22437651082873 598.08214263245463 166.41023722663522 154.44618839770555 199.43699043989182 141.86118400096893 281.39388200640678 494.23723179101944 155.95486369729042 153.47779304161668 123.4994895607233 86.287704639136791 160.9905157238245 85.098335918039083 99.191777240484953 297.40174700319767 103.03612822294235 104.93937820196152 115.52372505515814 154.17315979301929 70.419160086661577 245.06152071431279 145.56346331164241 136.3196197040379 328.07707111537457 174.1737529784441 339.10760092735291 1610.8220730125904 2831.8392290025949
leaf_count=514 18597 408 3632 569 547 390 352 639 1162 333 648 646 376 276 288 466 1936 224 534 522 355 331 1217 916 1000 828 428 838 3787 6406
internal_value=0.00602734 -0.00309924 -0.0232847 0.00459356 0.0597677 0.0153462 0.0463892 0.0288667 0.0105205 0.00635554 -0.0447578 -0.0285842 -0.0922589 -0.0119623 -0.0576664 -0.0409694 -0.0611194 -0.0907134 -0.00290661 0.0100391 0.0798355 -0.0219377 -0.0343448 -0.0571574 0.0115266 0.0151109 -0.0106269 -0.0369383 0.0197136 0.0165353
internal_weight=14106.9 7127.31 2273.04 989.358 320.856 6979.56 937.856 795.995 6041.7 4854.27 1283.68 958.817 324.864 442.384 238.576 843.592 604.569 400.438 204.131 239.023 353.61 668.501 546.58 390.625 4307.69 5547.46 841.358 513.281 4706.11 4442.66
internal_count=49165 33190 11127 5079 1116 15975 2012 1660 13963 22063 6048 4736 1312 915 936 4328 3160 2160 1000 1168 745 3963 2466 2133 19597 12801 2094 1266 10707 10193
is_linear=0
shrinkage=0.05


Tree=30
num_leaves=31
num_cat=0
split_feature=39 82 49 33 54 57 9 14 11 76 48 20 24 30 77 30 39 54 69 51 31 24 29 77 51 52 39 47 82 0
split_gain=418.775 598.222 592.655 395.897 822.927 580.402 544.866 620.715 450.486 354.68 348.45 492.87 503.757 474.209 576.302 330.264 345.931 327.578 378.111 306.637 471.581 305.543 304.741 293.884 345.445 289.55 286.6 305.161 326.245 318.662
threshold=24.792607802874745 17.465000000000003 7.5000000000000009 3.6306818181818188 20.033333333333335 237.34375000000003 14.74116666666667 0.65522727272727288 0.13629877334070647 0.68304183308808086 25.424632352941178 3.1269841269841279 2.5375500000000009 0.5508449099912337 0.69773512943114946 0.43878247737643933 24.340862422997947 22.881944444444446 0.041691126855600544 4.8826179120296773 0.56029411764705894 -2.1650555555555555 0.089590344540613251 0.58866305220824267 4.2809169644869449 244.85164835164838 21.184120465434635 0.52775027502750282 1.3750000000000002 10.500000000000002
decision_type=2 10 2 10 10 2 10 10 10 8 2 10 10 10 8 10 2 8 2 10 10 10 10 8 10 10 2 2 8 2
left_child=3 9 -3 6 -5 -6 15 -8 -9 -2 11 19 23 17 -15 26 -17 18 22 -11 -21 -16 -12 -13 25 -25 -1 28 -28 -30
right_child=1 2 -4 4 5 -7 7 8 -10 10 13 12 -14 14 21 16 -18 -19 -20 20 -22 -23 -24 24 -26 -27 27 -29 29 -31
leaf_value=-0.040822747509448511 0.029813577710835922 -0.002711174049423737 -0.14551359512466019 -0.03390358536301287 0.22496562928855912 0.061611019323112283 -0.08168801991958427 0.093942192391954227 -0.038191023039127622 -0.0099360381861828221 0.020315526830617534 -0.086597447130566371 -0.14796581051772514 0.17677906359513262 -0.051213131295857063 -0.066385871138497421 0.052502580181272032 -0.013880059644325716 0.06829746029136298 0.0084815205532259019 0.12114997025770613 0.08945164936905553 -0.074687653155555964 -0.11097403955730922 0.048680894519918562 0.01718786895420631 0.071519070358222428 0.03060390335572288 -0.03333902225454826 0.066255605718488417
leaf_weight=176.38372025638819 919.44428385794163 148.92338585853577 140.94322800636292 132.03172964602709 85.521131422370672 149.43536687269807 309.37464879825711 119.47250101342797 137.99567155539989 3976.8371472246945 412.46779841557145 157.97032250463963 111.28607556596398 92.835343852639198 76.352751091122627 215.16635227203369 84.489423871040344 1008.6811011470854 347.46899950131774 625.79577739909291 108.09738396853209 76.140556268393993 105.06313635036349 95.243426896631718 160.93628480285406 80.862671252340078 117.8153920173645 3340.7740590684116 544.86833577230573 93.219398770481348
leaf_count=355 2156 319 304 471 268 588 1093 415 504 14612 1432 389 362 211 360 916 264 3601 1338 1793 256 364 318 300 557 452 223 12961 1799 277
internal_value=0.00494572 -0.00191883 -0.0724082 0.0157215 0.0658241 0.121771 0.0121319 -0.0340672 0.0232488 0.000534943 -0.0030888 -0.00992131 -0.0523156 0.014052 0.0792721 0.017865 -0.0328016 0.0054747 0.0280344 -0.00445497 0.0252191 0.0191466 0.000922239 -0.0305571 -0.00411272 -0.0523611 0.0214249 0.0241143 -0.00456939 -0.0187082
internal_weight=14151.9 8645.35 289.867 5506.55 366.988 234.956 5139.56 566.843 257.468 8355.48 7436.04 5317.03 606.299 2119.01 245.329 4572.72 299.656 1873.68 865 4710.73 733.893 152.493 517.531 495.013 337.042 176.106 4273.06 4096.68 755.903 638.088
internal_count=49258 29124 623 20134 1327 856 18807 2012 919 28501 26345 18721 2060 7624 935 16795 1180 6689 3088 16661 2049 724 1750 1698 1309 752 15615 15260 2299 2076
is_linear=0
shrinkage=0.05


Tree=31
num_leaves=31
num_cat=0
split_feature=55 15 52 73 47 20 73 29 39 21 47 31 33 33 3 41 21 77 6 17 6 82 33 33 27 59 58 15 81 79
split_gain=408.779 405.513 582.681 388.942 360.379 351.246 427.761 448.898 509.269 402.694 339.032 382.735 335.123 548.236 432.709 435.376 607.015 598.052 472.372 312.638 307.409 491.819 360.95 382.004 374.082 307.247 300.12 287.99 280.665 368.072
threshold=20.771875000000005 0.81709307124637354 241.03571428571431 15.500000000000002 0.51001551934375355 1.8090909090909089 16.500000000000004 0.076728589200759631 26.668035592060239 4.9533482142857155 0.59360018470348497 0.526966911764706 6.2426470588235299 7.4874999999999998 14.268333333333336 86.500000000000014 5.1116780045351478 0.2876291170104221 6.5448950728907951 1.0954545454545457 4.03216236424388 17.985000000000003 4.1380952380952394 3.3541666666666665 13.925384615384617 0.75000000000000011 20.211397058823533 0.64190321038076581 7.9650000000000007 0.021244221356095792
decision_type=2 10 10 2 2 10 2 10 2 10 2 10 8 8 10 8 10 10 10 10 10 10 10 10 10 2 2 10 10 10
left_child=5 3 -3 12 -5 -1 7 26 9 -9 -6 19 20 -14 15 16 17 -15 -17 -12 27 22 23 28 -25 -24 -7 -2 -22 -30
right_child=1 2 -4 4 10 6 -8 8 -10 -11 11 -13 13 14 -16 18 -18 -19 -20 -21 21 -23 25 24 -26 -27 -28 -29 29 -31
leaf_value=0.0014135948695045029 0.0051484609749164979 0.17312793797883119 -0.0026056660286833937 0.10935072071846458 0.0058467805795690692 0.026717591548241767 -0.11340432067185745 -0.0057441628846123284 -0.055677457753791237 0.10198361239290062 0.06353403188925455 0.14260134853764031 0.15081672956031861 0.11120025667130549 -0.094148608212411264 0.021345314885682854 0.18688554200684859 -0.060733088101575031 -0.080286244199992182 -0.016824217686988788 -0.021729206014381282 -0.12210837772315952 -0.0097308647391640656 -0.14677508154021549 -0.021727086826106419 0.10016404217970974 -0.078190876230994688 0.072069238066395716 0.075432208987480445 -0.015867303134818267
leaf_weight=2909.8961995504797 3945.3974863886833 91.785099361091852 95.886287566274405 135.36724326387048 959.61521380767226 84.253594920039177 138.98619749769568 177.95343131944537 185.78328122198582 168.06997113674879 352.81367954611778 99.340502634644508 80.736593931913376 106.88798868656158 80.603618189692497 1212.3581948690116 89.385607041418552 94.326141580939293 125.24200674146414 183.43928164616227 1166.2184319160879 101.67181959748268 125.48138616979122 104.76285021007061 138.60142037644982 127.63959665596485 346.92317079007626 166.60877602547407 198.36521869897842 246.73002967238426
leaf_count=8824 14495 268 435 432 3006 280 338 417 557 481 1283 328 233 511 378 4735 374 250 430 806 5312 259 399 341 535 387 1257 496 584 654
internal_value=0.00579423 0.0111897 0.0838031 0.00979662 0.0313086 -0.00769327 -0.0317206 -0.0198259 0.0109135 0.0467243 0.0246217 0.0529142 0.00520351 0.0242987 0.0182364 0.0238543 0.0792164 0.0306988 0.0117765 0.0360653 -0.000205134 -0.015243 -0.0100328 -0.0176817 -0.0759378 0.0458612 -0.057677 0.0078768 -0.00884132 0.0249
internal_weight=14041.1 10029.3 187.671 9841.59 1730.58 4011.87 1101.97 962.983 531.807 346.023 1595.21 635.593 8111.02 1789.54 1708.8 1628.2 290.6 201.214 1337.6 536.253 6321.48 2209.47 2107.8 1854.68 243.364 253.121 431.177 4112.01 1611.31 445.095
internal_count=49085 36931 703 36228 5855 12154 3330 2992 1455 898 5423 2417 30373 6911 6678 6300 1135 761 5165 2089 23462 8471 8212 7426 876 786 1537 14991 6550 1238
is_linear=0
shrinkage=0.05


Tree=32
num_leaves=31
num_cat=0
split_feature=20 81 57 14 82 24 9 41 40 41 47 14 24 6 76 80 24 55 36 82 51 41 47 13 47 18 29 50 41 39
split_gain=376.572 477.846 538.932 431.93 671.754 590.595 490.437 386.219 309.706 397.805 397.892 377.392 417.722 332.18 293.601 296.5 248.132 324.689 294.094 291.3 277.497 367.735 273.476 269.731 296.723 264.437 339.481 258.309 270.141 257.828
threshold=1.1180555555555558 12.065000000000003 232.21323529411768 0.80045454545454564 15.315000000000003 0.1581742424242423 19.182000000000006 49.000000000000007 1.5000000000000002 105.50000000000001 0.59717295280561677 0.173452380952381 2.9328333333333347 6.5448950728907951 0.36088412940849773 16.025000000000002 3.4859484126984133 24.444117647058828 0.2430903752461363 7.1450000000000005 4.8340235378848648 119.50000000000001 0.55242541696030079 0.34840835101069029 0.59532700076427569 1.0871212121212122 0.054818495879860846 29.984343434343437 3.5000000000000004 22.466803559206024
decision_type=10 10 2 10 10 8 10 8 2 8 2 10 8 8 8 10 10 2 10 10 10 8 2 10 2 10 8 10 10 2
left_child=8 3 -3 4 14 -6 -5 -7 9 10 11 -1 -13 -12 -2 16 18 23 19 22 25 -22 -16 -18 -25 26 -20 28 -27 -30
right_child=1 2 -4 6 5 7 -8 -9 -10 -11 13 12 -14 -15 15 -17 17 -19 20 -21 21 -23 -24 24 -26 27 -28 -29 29 -31
leaf_value=-0.014355307450984385 0.071863870477297614 0.13838319788967504 0.00090385624324281302 0.13770617337402366 -0.13699997194598459 0.017530418796538199 -0.0097191901204875617 -0.09115753158646589 0.0040961542133309296 0.01524831961675319 0.05385733335890857 0.16608868165266197 0.023890376084258112 0.20647669269717386 0.026471240118632472 0.080837359107755524 -0.0080367462756189469 0.014390037096061216 -0.013691934541920497 -0.10927038004027317 0.0067266400479593317 0.10868579565507447 -0.03417808189914056 -0.12281400117307154 -0.01428173490872608 -0.074678487316466771 0.13365217930829298 0.072805583414500497 0.06474877657412996 -0.013646718426594649
leaf_weight=191.59570801630616 114.91926980018616 116.56499862670898 181.11946402490139 102.0537180788815 189.45572708547115 200.16752514243126 124.37530513107777 136.84429427981377 6025.1354831792414 2578.2338796630502 69.760988209396601 86.65685772895813 126.70325819030404 74.004790775477886 251.07676297053695 88.918084040284157 150.88757076114416 196.20422208309174 78.878738321363926 95.958896458148956 239.75841907039285 139.24995673447847 707.98786667361856 208.08530064672232 90.531462788581848 163.48018845915794 76.175587017089128 89.324572581797838 114.25864215940237 1164.4833025187254
leaf_count=598 326 295 504 293 403 435 487 315 20734 8979 426 325 448 295 856 205 547 811 309 269 685 400 3239 732 446 777 305 409 471 3887
internal_value=0.00468761 -0.00631533 0.05502 -0.010192 -0.0135894 -0.066604 0.0570402 -0.0267417 0.0107238 0.0234887 0.062109 0.0365678 0.08215 0.133303 -0.00654438 -0.00889963 -0.0110391 -0.0392275 -0.00519577 -0.0266602 0.00577492 0.0443745 -0.0182895 -0.062611 -0.0900678 -0.00292022 0.0590883 -0.00923245 -0.0143604 -0.00659677
internal_weight=14172.9 5020.76 297.684 4723.08 4496.65 526.468 226.429 337.012 9152.09 3126.96 548.722 404.956 213.36 143.766 3970.18 3855.26 3766.34 645.709 3120.63 1055.02 2065.61 379.008 959.065 449.504 298.617 1686.6 155.054 1531.55 1442.22 1278.74
internal_count=49211 17406 799 16607 15827 1153 780 750 31805 11071 2092 1371 773 721 14674 14348 14143 2536 11607 4364 7243 1085 4095 1725 1178 6158 614 5544 5135 4358
is_linear=0
shrinkage=0.05


Tree=33
num_leaves=31
num_cat=0
split_feature=82 20 41 29 29 56 82 73 52 81 39 26 22 12 52 56 3 45 82 41 40 29 45 0 56 39 28 9 50 29
split_gain=434.171 396.115 391.752 760.208 420.543 347.814 313.845 846.096 336.585 353.313 297.034 299.213 545.456 429.613 468.91 370.075 364.269 293.13 282.477 351.187 602.789 387.798 352.252 282.011 319.294 278.329 269.333 385.364 268.002 267.548
threshold=13.545000000000002 0.69047619047619035 12.500000000000002 0.13481746141544729 0.11413741652586011 4.1663029100529103 16.535000000000004 11.500000000000002 213.5192307692308 10.345000000000001 32.125941136208084 14.500000000000002 0.86240703177822864 0.061183233669552188 196.47222222222226 4.6282355227361061 5.7873015873015872 17.035714285714288 1.7250000000000003 68.000000000000014 1.5000000000000002 0.080235065427444893 15.035714285714286 8.5000000000000018 4.4298245614035094 26.265571526351817 17.400446428571431 8.6580833333333356 23.029285714285717 0.11413741652586011
decision_type=8 10 8 10 10 2 10 2 10 10 2 2 10 10 10 2 10 10 10 8 2 10 8 2 2 2 10 10 10 10
left_child=10 -2 3 4 5 -3 8 -8 -4 17 11 18 13 -13 -15 16 -16 -10 28 20 -20 -22 -21 26 -25 -26 27 -19 -1 -18
right_child=1 2 6 -5 -6 -7 7 -9 9 -11 -12 12 -14 14 15 -17 29 23 19 22 21 -23 -24 24 25 -27 -28 -29 -30 -31
leaf_value=0.0087932389847616838 0.0066503963019607943 -0.066707120724290539 0.020100889350499918 0.097028442213285215 -0.13726971689146683 0.089240159428391613 0.004344584448105389 -0.14518929612872131 -0.10707463711417833 0.053795746692729934 -0.051452212390086842 0.0024951229669589185 -0.0094034776372848537 0.13519288955754791 0.081733759328252886 0.095469038589780716 0.030393019609506373 -0.015494428667988792 0.095941238637515538 0.065108629281822553 -0.071898980605038368 0.041655369459858899 -0.013932505589720768 -0.025777409886008618 0.0054846927663789319 0.13983728624493469 0.044800211114141827 -0.084528906707520113 0.057781531289308519 -0.042784128042375309
leaf_weight=667.50854825973511 4625.802214730531 70.224897012114525 473.28795245289803 202.32148437947035 70.273157317191362 70.818103943020105 199.87971355021 178.49925358593464 126.53377268835902 121.58677780628204 162.05653412640095 455.09582988917828 630.68210339546204 173.60557512938976 252.71821327507496 297.81823037564754 466.38326291739941 376.02841993793845 235.60195837914944 149.96792410314083 138.47304582595825 162.16135981678963 2127.4681123942137 309.67704576998949 92.817828811705112 65.033990848809481 76.857498090714216 437.5484937094152 479.44648005068302 169.50576451420784
leaf_count=1411 20621 365 1731 506 244 370 493 443 649 333 414 836 1264 360 522 669 1148 2477 618 340 355 394 5078 1932 444 332 442 2634 1221 435
internal_value=0.00581829 -0.00240424 -0.0169885 0.0279815 -0.0382721 0.0116715 -0.0245652 -0.0663944 -0.0169254 -0.0278422 0.0152023 0.0168962 0.0306436 0.0445558 0.058618 0.0473086 0.0310784 -0.0345604 0.00840114 -0.000126877 0.0362382 -0.010713 -0.0087014 -0.0277297 0.00371402 0.061369 -0.0442252 -0.0526799 0.0293037 0.01085
internal_weight=14065.7 7497.19 2871.39 413.638 211.316 141.043 2457.75 378.379 2079.37 1606.08 6568.49 6406.44 2445.81 1815.13 1360.03 1186.43 888.607 1484.5 3960.63 2813.67 536.236 300.634 2277.44 1357.96 467.529 157.852 890.434 813.577 1146.96 635.889
internal_count=49081 34016 13395 1485 979 735 11910 936 10974 9243 15065 14651 5234 3970 3134 2774 2105 8910 9417 6785 1367 749 5418 8261 2708 776 5553 5111 2632 1583
is_linear=0
shrinkage=0.05


Tree=34
num_leaves=31
num_cat=0
split_feature=39 28 50 56 53 28 82 58 28 52 9 14 55 3 47 43 47 56 58 28 75 55 36 46 81 0 3 22 41 54
split_gain=410.77 623.001 409.943 525.567 485.969 390.387 465.112 391.387 351.555 293.522 277.365 350.29 262.705 282.324 271.635 287.112 347.096 251.269 329.437 419.454 284.278 267.48 362.641 267.41 288.156 233.296 220.192 219.677 352.091 273.145
threshold=28.16837782340863 16.585650000000005 21.768333333333338 5.3734810735204137 2.3923076923076927 12.848143382352943 13.265000000000002 26.362132352941178 15.609282805429865 173.70833333333334 19.340166666666672 0.74154761904761923 21.653125000000003 7.3261363636363646 0.55398959619114807 61.88194444444445 0.60822793236586348 4.660096489557545 21.514705882352946 9.408212500000003 10.965000000000002 20.31213235294118 0.42258846477803752 62.150735294117659 2.3150000000000004 7.5000000000000009 3.5683333333333338 0.80576285240464351 70.500000000000014 23.75961538461539
decision_type=2 10 10 2 10 8 10 2 8 10 10 10 2 10 2 8 2 2 2 10 10 2 8 2 10 2 10 10 8 10
left_child=2 17 -1 4 10 6 9 8 -7 -6 11 27 13 -10 -14 26 -17 18 20 23 -2 -21 -23 -20 -25 -19 -16 -4 29 -29
right_child=1 -3 3 -5 5 7 -8 -9 12 -11 -12 -13 14 -15 15 16 -18 25 19 21 -22 22 -24 24 -26 -27 -28 28 -30 -31
leaf_value=-0.00013904765256637764 -0.0022332784041454701 -0.10685753388453741 -0.0025066679793979206 -0.07625274036691615 0.10879213942664052 0.10865531803775839 -0.094243407218375208 0.12624171560441319 0.03160026989759683 0.020604792797599296 -0.0659663041287398 0.11073232461177934 0.11153247180902591 -0.080532509036500388 0.039607478914280299 0.021036072247060326 0.14309778058803188 0.002459856089364327 0.02787556698332392 -0.14284166771300863 0.080674440631854416 -0.098210656968543572 0.034465684896763264 -0.009410532630070266 -0.092541881354188074 0.07624156720280191 -0.069801253112366388 0.027071956703894326 0.011731824141290923 0.14411357116142917
leaf_weight=5453.6547681391239 854.45679051801562 161.28682741522789 1866.3297638222575 140.87867177277803 100.40361880138516 181.54606619477272 83.086262449622154 179.35410657525063 140.09306443482637 1375.7302376590669 122.16454301774502 83.868196487426758 135.4130039960146 92.258671283721924 87.700861860066652 162.66729841381311 90.097210228443146 330.00099416449666 271.07409211620688 110.02442610263824 116.61931943893433 132.00546546280384 83.380195837467909 358.7471658475697 146.09227637946606 157.69630696251988 94.605246376246214 100.21756285056472 809.53878800943494 99.317532856017351
leaf_count=17790 3090 625 7357 341 248 588 222 522 533 5223 504 217 459 331 318 645 436 1004 790 306 240 638 380 1661 339 475 356 334 2903 326
internal_value=0.00559465 -0.0118559 0.00976148 0.0188418 0.0211626 0.0365493 0.0201732 0.0584546 0.0459882 0.0266727 0.00755848 0.010615 0.0316996 -0.013078 0.049928 0.0305422 0.0649371 -0.00583139 -0.0134312 -0.0321381 0.0077961 -0.079695 -0.046927 -0.0121164 -0.0336028 0.0264243 -0.0172397 0.00765734 0.02644 0.0857569
internal_weight=14120.3 2721.38 11398.9 5945.27 5804.39 2722.96 1559.22 1163.74 984.381 1476.13 3081.44 2959.27 802.835 232.352 570.484 435.071 252.765 2560.1 2072.4 1101.32 971.076 325.41 215.386 775.914 504.839 487.697 182.306 2875.4 1009.07 199.535
internal_count=49201 9548 39653 21863 21522 9881 5693 4188 3666 5471 11641 11137 3078 864 2214 1755 1081 8923 7444 4114 3330 1324 1018 2790 2000 1479 674 10920 3563 660
is_linear=0
shrinkage=0.05


Tree=35
num_leaves=31
num_cat=0
split_feature=82 36 39 33 54 27 76 26 10 27 55 19 33 43 29 10 10 82 29 80 29 9 51 73 55 20 77 44 21 79
split_gain=346.842 355.993 329.081 332.319 769.43 518.725 505.415 379.054 454.633 318.911 321.951 559.73 530.203 556.072 402.925 376.981 347.954 770.151 309.929 288.916 558.162 298.811 297.509 268.21 267.892 471.704 449.566 334.893 266.333 260.196
threshold=2.6150000000000007 0.1540452736558296 24.792607802874745 3.6306818181818188 20.033333333333335 9.7937500000000011 0.90762333119154726 14.500000000000002 0.12065625543106191 21.512980769230776 20.31213235294118 7.1909090909090922 4.6458333333333348 60.607692307692311 0.076728589200759631 0.092908141939445674 0.2046877488745554 15.905000000000003 0.11673406797916892 10.565000000000003 0.11673406797916892 12.443833333333336 4.7729020979020982 6.5000000000000009 24.759375000000002 1.3333333333333339 0.2308502706732796 0.55036158368451182 4.6573385518591008 -0.15952187741079618
decision_type=8 10 2 10 10 10 10 2 8 10 2 10 10 10 10 10 10 10 10 10 8 10 8 2 2 10 8 10 10 8
left_child=1 -1 3 5 -5 24 -6 -7 -9 10 11 -4 16 -14 -13 -16 17 19 -17 21 22 -12 28 -23 25 27 -26 -2 -21 -27
right_child=2 -3 9 4 6 7 -8 8 -10 -11 12 14 13 -15 15 18 -18 -19 -20 20 -22 23 -24 -25 26 29 -28 -29 -30 -31
leaf_value=0.01715059365335388 -0.0060790436951790108 0.097636023958932297 -0.00040011197529144768 -0.038035953812009998 0.031666399568183297 -0.077964983652681522 0.17903072632404265 0.060748760080957392 -0.05195406100670405 -0.089325709867154157 -0.0019429910960669734 -0.10752901354424788 0.14548813938861452 0.014801456093755336 0.035217387766183619 -0.11388825661186378 0.1011576206145626 -0.12601965008960614 -0.012949195514419785 -0.016565820002906944 -0.036791097908850913 0.052747275845372033 0.12198425560344595 -0.07118964374430542 -0.0085539334495888224 0.019330916043951721 0.061893049424174652 0.039286399823602047 0.073144203720022088 -0.043712705224468087
leaf_weight=1986.8527154177427 676.59791028127074 146.67964190244675 1114.6805063784122 134.93074427545071 108.10493418574333 276.3348640576005 126.31329628825188 164.72529927641153 193.4970245808363 111.0162174589932 3938.8696333728731 254.00071389600635 124.25429316982627 233.21776811406016 151.90872149169445 144.27451344206929 78.891905922442675 125.1211663633585 160.1972847469151 145.57113513350487 218.68679064512253 51.096478901803493 135.55292418599129 275.07481608912349 349.72289928793907 229.61862835288048 640.44383002072573 1018.36056214571 189.72677153348923 564.68785877898335
leaf_count=4349 2344 392 3409 472 561 1057 318 533 565 389 15669 748 266 626 397 345 264 300 365 324 501 410 312 1680 1052 557 3314 4689 470 2396
internal_value=0.00416369 0.0227271 0.000843755 0.0115462 0.0569131 0.00746037 0.111495 -0.0340799 -0.000103846 -0.0055957 -0.0043175 -0.022515 0.00170637 0.0605062 -0.0571668 -0.0289636 -0.00237919 -0.00400679 -0.0609956 -0.000900718 0.0291038 -0.00575729 0.0597218 -0.0516724 0.0150438 0.00628776 0.0370279 0.0211844 0.0342627 -0.0254866
internal_weight=14069 2133.53 11935.5 4483.34 369.349 4113.99 234.418 634.557 358.222 7452.14 7341.13 1825.06 5516.06 357.472 710.381 456.381 5158.59 5079.7 304.472 4954.58 689.538 4265.04 470.851 326.171 3479.43 2489.26 990.167 1694.96 335.298 794.306
internal_count=49074 4741 44333 17858 1351 16507 879 2155 1098 26475 26086 5264 20822 892 1855 1107 19930 19666 710 19366 1607 17759 1106 2090 14352 9986 4366 7033 794 2953
is_linear=0
shrinkage=0.05


Tree=36
num_leaves=31
num_cat=0
split_feature=56 56 77 66 5 14 54 82 31 17 43 28 82 29 36 3 82 29 54 17 24 41 52 45 33 14 28 9 5 31
split_gain=323.358 514.021 409.599 459.788 340.84 322.912 574.577 285.702 323.708 562.932 278.077 336.96 309.054 275.577 263.724 386.824 601.396 549.864 596.235 385.19 313.779 341.725 356.248 337.474 362.681 598.559 376.92 291.999 276.873 287.207
threshold=3.6888532023427172 3.5590624036187939 0.62085904424275551 9.5000000000000018 26.166666666666671 0.81083333333333341 22.809090909090912 11.435 0.5661250000000001 2.0954545454545461 65.20714285714287 1.9335714285714289 3.3950000000000005 0.012539865596588288 0.13675758761759904 18.06753246753247 16.135000000000002 0.1127030710714879 23.31666666666667 2.6794871794871802 2.5375500000000009 214.50000000000003 194.75961538461542 23.408333333333335 3.5339366515837107 0.69630681818181828 14.965441176470589 4.7098333333333349 17.083333333333339 0.7030844155844157
decision_type=2 2 10 2 10 10 10 8 10 10 8 8 10 8 8 10 10 10 10 10 8 8 8 10 10 8 10 10 10 10
left_child=1 -1 3 -3 5 7 -7 8 10 -10 11 -2 -12 -13 -9 16 20 19 -19 -17 21 22 -16 24 26 -26 -22 -24 29 -29
right_child=4 2 -4 -5 -6 6 -8 14 9 -11 12 13 -14 -15 15 17 -18 18 -20 -21 23 -23 27 -25 25 -27 -28 28 -30 -31
leaf_value=-0.0061918657200562797 -0.020659836610296432 0.02410218022228848 0.18642034244637787 0.1461544666617037 -0.07258885353623111 0.15487602489610808 -0.018547620937933423 0.0068203580231846923 0.11778843975300035 -0.0023396231778683462 0.016139198507096605 0.084328689277607352 -0.031286041720867866 0.017972804880340341 0.10888140727900877 0.035504796753467599 -0.095668151033556137 0.011505828963597413 0.16973837394139019 -0.097631401035822948 -0.012146666742464805 -0.048614652000562475 0.092885397874818365 -0.055757001135710443 0.12294952225623701 -0.025101502644826662 -0.097238432275718642 0.00093758562845667147 0.067606224912764454 -0.086996254505620194
leaf_weight=456.07467061281204 558.4650487601757 365.45048295333982 61.703139960765839 97.012579973787069 146.95024660229683 94.613582462072372 95.048222575336695 3272.8313034363091 186.23094949126244 203.46244388818741 599.97219823300838 164.14963048696518 801.18658037483692 3013.5114321261644 95.510103050619364 115.62284726649523 231.02611581981182 131.91229133307934 107.73942107334733 100.84757272899151 894.38803015649319 239.31517722830176 92.579424344003201 621.60062278434634 120.5119668468833 155.18086773529649 151.38721656054258 733.35976136103272 131.38066276535392 105.31778834760189
leaf_count=2398 1174 2027 153 379 457 314 310 13982 392 424 1441 350 2065 6703 293 319 534 372 310 419 4067 1442 493 2791 429 489 579 3387 380 329
internal_value=0.0049388 0.0326283 0.066353 0.0499656 0.00287462 0.00373204 0.068324 0.00277176 0.0113468 0.055223 0.00800843 0.0151313 -0.0109817 0.021426 -0.00372079 -0.0122859 -0.0178247 0.0310282 0.0830516 -0.0266834 -0.0124141 0.00565372 0.0168998 -0.0254048 -0.0110962 0.0398256 -0.0245457 0.00853787 0.000400628 -0.0101953
internal_weight=14144.3 980.241 524.166 462.463 13164.1 13017.2 189.662 12827.5 5526.98 389.693 5137.28 3736.13 1401.16 3177.66 7300.51 4027.68 3571.56 456.122 239.652 216.47 3340.53 1397.46 1158.15 1943.07 1321.47 275.693 1045.78 1062.64 970.058 838.678
internal_count=49202 4957 2559 2406 44245 43788 624 43164 12549 816 11733 8227 3506 7053 30615 16633 15213 1420 682 738 14679 6324 4882 8355 5564 918 4646 4589 4096 3716
is_linear=0
shrinkage=0.05


Tree=37
num_leaves=31
num_cat=0
split_feature=40 30 44 33 43 6 42 42 27 54 9 38 50 79 17 33 27 30 41 20 42 9 41 57 14 79 76 41 47 30
split_gain=311.629 415.527 665.112 436.929 554.452 715.887 430.242 422.152 416.554 506.561 441.668 344.735 332.717 332.598 324.654 505.986 511.526 409.363 955.271 417.573 517.427 360.049 489.438 397.416 384.845 353.887 308.294 305.019 304.557 302.177
threshold=1.5000000000000002 0.73044605472152158 0.55636450280631167 1.9411764705882355 62.035714285714292 10.190892026570802 12.500000000000002 12.500000000000002 10.503333333333336 18.75961538461539 12.873333333333337 2.5000000000000004 17.871363636363636 -1.0499293085629828 4.6306818181818192 3.9375000000000004 10.967777777777778 0.13849405894408021 162.50000000000003 1.4606060606060607 9.5000000000000018 15.534833333333337 64.000000000000014 229.68750000000003 0.12519230769230774 0.18179797263758327 0.82708748339973448 103.50000000000001 0.58727670796636333 0.44709254305838897
decision_type=2 10 10 10 8 10 2 2 10 8 10 8 10 8 10 10 10 10 10 8 2 10 8 2 10 10 8 8 2 8
left_child=14 3 -3 8 7 6 11 26 10 -10 13 -6 -11 -2 15 16 17 21 19 20 -19 22 23 -1 28 -25 -5 29 -24 -15
right_child=1 2 -4 4 5 -7 -8 -9 9 12 -12 -13 -14 27 -16 -17 -18 18 -20 -21 -22 -23 24 25 -26 -27 -28 -29 -30 -31
leaf_value=-0.0051309246034654775 -0.04636916934033869 0.16207485143316036 -0.013761163954267018 0.068525607945204639 -0.026749294868879371 0.074579833094484196 -0.11714830489417356 0.086729020240440421 0.14169466694809332 0.098346310643582652 -0.057980223536384823 -0.096602615171069189 -0.011891886270320822 0.047164432165463614 -0.075408647817499397 0.1140934615184221 -0.070061305665641976 0.010535440981517015 0.14870985682951338 -0.023635233136578528 0.13926906509772113 -0.067026180648134523 0.0040533024437726895 0.054586228273960848 -0.011232886841660001 0.1994343893615903 -0.014194541490963176 0.0014831767074474415 0.050443494671086143 -0.036526688927599887
leaf_weight=93.820377666503191 311.83046579360962 98.094666875898838 117.29284226149321 128.49220164120197 1343.6768135651946 135.0969302020967 181.80106561630964 148.34505962580442 112.72221086546779 94.640178199857473 304.87866993993521 202.68373287841678 240.11038891598582 706.80983304232359 98.121347796171904 126.94370332360268 175.99745567142963 214.49633578583598 183.04900202527642 299.09795604646206 121.87440495565534 148.02874192595482 779.64476450160146 90.970120947808027 1485.9000000208616 79.344407618045807 864.47716681659222 4442.4505390040576 647.03122214600444 126.48040327429771
leaf_count=346 495 345 415 314 5004 523 573 326 323 269 1280 915 798 2546 406 489 602 808 517 1111 443 617 2450 511 5229 187 2261 15914 2684 434
internal_value=0.00332462 -0.00179974 0.0666994 -0.00338559 -0.0190876 -0.0358911 -0.0445652 0.00835237 0.00405765 0.0505102 0.000522076 -0.0359616 0.0194746 0.00372398 0.0141028 0.0160947 0.0131887 0.0167411 0.0483943 0.0193098 0.057453 0.00893617 0.0124958 0.077535 0.00657301 0.122837 -0.00343222 0.00669304 0.0251129 0.0344329
internal_weight=14104.2 9559.88 215.388 9344.5 3004.57 1863.26 1728.16 1141.31 6339.92 447.473 5892.45 1546.36 334.751 5587.57 4544.32 4446.2 4319.25 4143.26 818.518 635.469 336.371 3324.74 3176.71 264.135 2912.58 170.315 992.969 5275.74 1426.68 833.29
internal_count=49135 32735 760 31975 9916 7015 6492 2901 22059 1390 20669 5919 1067 19389 16400 15994 15505 14903 2879 2362 1251 12024 11407 1044 10363 698 2575 18894 5134 2980
is_linear=0
shrinkage=0.05


Tree=38
num_leaves=31
num_cat=0
split_feature=82 36 13 48 79 32 76 55 33 20 33 50 24 58 6 10 82 77 79 14 41 5 33 33 82 41 77 11 77 77
split_gain=353.973 489.998 440.678 525.741 320.234 319.503 332.623 313.56 460.616 415.105 355.129 409.957 402.52 303.033 480.274 296.344 381.651 265.03 264.85 260.699 268.217 497.977 345.284 312.079 363.471 249.315 246.621 241.919 240.554 230.944
threshold=10.175000000000002 0.29950740759595068 0.3688059682489227 21.343750000000004 0.30420240799217041 0.12132352941176472 1.8637490123856786 22.516911764705885 6.1801470588235299 3.8181818181818183 5.6791666666666671 18.042222222222225 1.6888051948051956 19.393382352941178 5.2759945971663234 0.19898885489537174 18.185000000000006 0.61276519091199588 0.34966355787406417 0.12519230769230774 103.50000000000001 8.5166666666666675 1.5857142857142861 1.2857142857142858 4.785000000000001 162.50000000000003 0.21740884297665611 0.049232799456968658 0.52454061624649873 0.33546257043718702
decision_type=8 10 10 2 10 10 10 2 10 10 8 10 8 2 10 10 10 10 10 8 8 8 10 10 10 8 10 10 10 10
left_child=1 19 4 -4 -3 6 7 9 15 13 11 -11 17 14 29 16 18 -13 -9 -1 21 22 27 24 -22 -20 -25 -21 -16 -2
right_child=5 2 3 -5 -6 -7 -8 8 -10 10 -12 12 -14 -15 28 -17 -18 -19 25 20 23 -23 -24 26 -26 -27 -28 -29 -30 -31
leaf_value=0.027456717234831424 0.018024760084407926 0.038472550196168971 0.062227748115885252 -0.048061165099697795 0.11370493397280566 0.10011006696081584 -0.10176580087631222 0.012396436128784855 0.11506492818240094 0.054275357589245177 -0.10643666421604991 -0.042464213807551249 0.00077114308303839177 -0.01097264265717997 0.04352828433483806 0.091013758019939384 -0.089622562773108302 -0.15215136621324077 -0.047381970753545027 0.0081477833212704465 -0.0059438006784468863 0.10523177711688768 -0.037960895418893359 0.06658448289092278 -0.057930599137921847 0.0073623525176620633 -0.0035641529087438967 0.091643050646306512 0.17719790600188021 -0.081610252516644208
leaf_weight=1160.7508882731199 412.60563793033361 295.14855574071407 217.59754268825054 212.70052145421505 273.41828237473965 74.999249942600727 83.17572309076786 3107.0837779529393 96.721829697489738 123.68404844403267 179.80733868852258 115.30456802994013 211.52297317236662 2955.774409186095 68.485215213149786 97.30209694430232 106.9042594730854 106.35840255022049 405.33332630991936 265.46761035919189 1463.097907692194 154.11827522516251 268.34701383113861 215.74419984221458 435.64734590053558 425.55497126281261 296.73353308439255 128.0277636796236 66.873336270451546 66.678443863987923
leaf_count=2595 2082 808 577 522 441 251 220 16588 283 382 490 427 713 12053 462 384 278 213 808 635 3209 363 607 510 1019 895 721 319 139 143
internal_value=0.00427378 0.0143461 0.0459346 0.00772583 0.0747872 -0.00196064 -0.00285927 -0.00188485 0.00776841 -0.0113849 -0.0455306 -0.0257091 -0.0486189 -0.00432886 0.0275866 0.00523582 0.00315039 -0.0955413 0.00569101 0.00714645 -0.000164978 0.0245965 0.00568908 -0.008551 -0.0178958 -0.0193685 0.0260394 0.0354773 0.110382 0.00402239
internal_weight=14091 5386.8 998.865 430.298 568.567 8704.17 8629.17 8545.99 4238.9 4307.09 736.677 556.87 433.186 3570.42 614.643 4142.18 4044.88 221.663 3937.97 4387.93 3227.18 815.961 661.842 2411.22 1898.75 830.888 512.478 393.495 135.359 479.284
internal_count=49137 12326 2348 1099 1249 36811 36560 36340 19236 17104 2225 1735 1353 14879 2826 18953 18569 640 18291 9978 7383 1924 1561 5459 4228 1703 1231 954 601 2225
is_linear=0
shrinkage=0.05


Tree=39
num_leaves=31
num_cat=0
split_feature=82 58 14 80 27 76 5 5 47 79 10 15 24 39 82 3 15 27 45 43 39 79 52 45 77 39 7 14 22 82
split_gain=257.838 378.554 395.678 373.729 338.584 368.584 304.703 339.555 630.333 286.562 392.115 437.79 945.222 281.29 269.286 363.625 283.583 261.348 273.822 253.007 312.695 251.364 233.053 225.721 218.545 218.254 454.112 256.537 350.557 218.591
threshold=9.2950000000000017 16.485294117647062 0.5863068181818184 9.6250000000000018 21.512980769230776 1.8637490123856786 27.550000000000001 23.158333333333335 0.56580871875878758 0.25063396281063566 0.1347191991023394 0.58753850701061694 -3.5943392857142853 21.544147843942508 16.025000000000002 18.475000000000005 0.80644959587953668 9.7937500000000011 27.825757575757578 62.160256410256416 21.775496235455169 -1.0499293085629828 178.10000000000002 32.035714285714292 0.59232957155153942 24.683093771389462 8.2692653846153874 0.12519230769230774 0.91341829085457282 4.535000000000001
decision_type=8 2 10 10 10 10 10 10 2 10 10 10 10 2 10 10 10 10 10 10 2 10 8 8 10 2 10 10 10 10
left_child=3 2 17 13 5 6 7 9 -9 14 11 24 -13 -1 16 -16 19 18 -2 -3 -21 -15 -23 25 -11 26 27 28 -24 -27
right_child=1 4 -4 -5 -6 -7 -8 8 -10 10 -12 12 -14 21 15 -17 -18 -19 -20 20 -22 22 23 -25 -26 29 -28 -29 -30 -31
leaf_value=-0.053343377057812058 0.012639537784943578 0.017926480132153196 0.11165007556064016 0.075927661169754024 -0.075867744618729221 -0.10186497937846457 -0.096350774848175738 0.1558269467369946 -0.028017589019578789 -0.005499484060021792 0.043667127344072756 0.021470552423177042 -0.13067575550695718 -0.02875674541843273 -0.10689236857206981 0.017428716658506992 0.11661600768418945 -0.060058069292717155 0.12425428974917802 0.10224263725679245 -0.0068875376393751908 0.062209111760693027 0.023726572018736153 -0.028480703807449936 -0.063191761246275222 0.018535414823249545 0.10713360128024757 0.0038383525958565396 0.10713360128024757 -0.013532999409103547
leaf_weight=164.75037866830826 273.43258048966527 2450.7889224328101 139.90221676230431 228.90688526630402 155.96717736497521 89.916224226355553 81.316525094211102 95.464561387896538 89.73583472520113 1628.6356719881296 252.15588568150997 173.35046009719372 246.44024845957756 334.50904512405396 121.35710041224957 112.79582019150257 57.888864997774363 90.393738798797131 67.861428547650576 66.29970034211874 2663.7322207987309 257.57327122986317 364.77233052253723 299.34866777062416 181.58638429641724 1467.1290808022022 174.30198600888252 801.3303769081831 133.21007917821407 831.95962545275688
leaf_count=303 1274 10727 396 600 568 234 255 254 370 3502 550 341 431 531 338 296 300 319 242 296 16642 508 912 568 314 3296 507 1945 337 1983
internal_value=0.00460177 -0.000456776 0.0388897 0.0136404 -0.00311712 -0.00174297 -0.000635713 0.000332146 0.067076 -0.00122995 -0.0153178 -0.022004 -0.067946 0.0106727 0.00516108 -0.0471851 0.00750934 0.0151058 0.0351307 0.00626795 -0.00420081 0.0129449 0.0161726 0.0132461 -0.0113184 0.0165636 0.0315786 0.0213684 0.0495126 0.00693014
internal_weight=14096.8 9039.02 571.59 5057.79 8467.43 8311.46 8221.55 8140.23 185.2 7955.03 2482.17 2230.01 419.791 4828.88 5472.86 234.153 5238.71 431.688 341.294 5180.82 2730.03 4664.13 4329.63 4072.05 1810.22 3772.7 1473.61 1299.31 497.982 2299.09
internal_count=49139 37649 2231 11490 35418 34850 34616 34361 624 33737 5138 4588 772 10890 28599 634 27965 1835 1516 27665 16938 10587 10056 9548 3816 8980 3701 3194 1249 5279
is_linear=0
shrinkage=0.05


Tree=40
num_leaves=31
num_cat=0
split_feature=33 39 51 81 10 14 46 42 55 52 46 76 73 43 46 19 9 79 41 12 55 55 47 79 70 57 10 56 33 24
split_gain=321.266 392.617 383.386 624.421 479.135 451.633 450.623 400.655 418.823 382.959 316.262 407.194 312.58 399.879 310.702 331.335 418.681 305.339 348.552 434.679 467.619 505.638 454.268 375.8 446.879 364.406 431.428 355.782 351.222 314.128
threshold=1.9411764705882355 22.63518138261465 4.6511022286821717 10.675000000000002 0.089838050634476779 0.63516666666666677 64.332720588235318 11.500000000000002 19.302757352941182 196.47222222222226 59.941176470588239 0.79176965182551784 14.500000000000002 62.408333333333339 63.30330882352942 10.483333333333336 14.529083333333334 -1.0499293085629828 106.50000000000001 0.33334578384355323 20.31213235294118 21.493933823529414 0.58832618561317174 -0.51098662346294443 0.25364580473857118 235.82352941176472 0.083309444840392127 4.0320639905780746 1.7573529411764708 -2.1650555555555555
decision_type=10 2 10 10 8 10 2 2 2 8 2 8 2 10 2 8 10 8 8 10 2 2 2 8 2 2 10 2 8 10
left_child=17 -2 4 6 5 12 14 8 -6 -10 -11 -12 -3 -14 15 -4 -17 -1 19 22 -21 -22 25 -24 28 -19 -27 29 -25 -23
right_child=1 2 3 -5 7 -7 -8 -9 9 10 11 -13 13 -15 -16 16 -18 18 -20 20 21 27 23 24 -26 26 -28 -29 -30 -31
leaf_value=-0.026603608026272131 0.077501623973586675 -0.02346920413800755 0.065806392154829377 0.11789218771122421 0.041250338783577312 0.10745011104719 -0.056687940832734221 -0.10086288616109979 0.047487394067508355 -0.12591763672898207 0.045193151833320143 -0.052566968569422334 0.11464446578844177 -0.0062683094919264775 0.10287278127528775 -0.096956584119380934 0.036528277699713958 -0.018360918141198983 0.0048880326582617711 -0.070248013433484122 0.11290088431930211 0.14649994382558132 0.17021976365552294 0.006744960245057852 0.17576708316561071 0.026971507016765428 0.15835809227713693 -0.028298754112728749 0.10360252551406685 -0.00310155069033752
leaf_weight=607.28195762634277 124.53764100372791 760.59417831152678 140.77558635920286 128.58064068853855 181.73442931100726 93.744149681180716 242.61752546951175 227.30940996855497 111.62600283324718 119.45277898013592 121.96192610263824 804.72008556500077 105.42689471691847 191.00195414200425 103.92500577867031 117.83335319161415 115.38117535784841 342.95220497250557 7599.2871885634959 187.38605499640107 116.86935586109757 63.532655574381351 93.176666855812073 268.97476184368134 70.919189210981131 341.11817255243659 75.667617082595825 362.79771146550775 142.67042331025004 76.818557403981686
leaf_count=964 432 2884 391 311 530 358 852 712 291 306 294 3018 285 748 340 312 348 1064 27428 666 453 354 170 1127 302 1351 323 1485 626 401
internal_value=0.00325009 -0.00941254 -0.0124682 0.0168443 -0.0216298 0.00286862 -0.00132632 -0.0396134 -0.029152 -0.0402292 -0.0496253 -0.0396658 -0.00649918 0.036976 0.0268381 0.00549153 -0.0310419 0.0077668 0.0099118 0.0277169 -0.00124757 0.0196857 0.0452162 0.0786789 0.0606881 0.0197875 0.0511467 -0.00214689 0.0404841 0.0651758
internal_weight=14040.7 3691.22 3566.69 849.113 2717.57 1150.77 720.533 1566.8 1339.5 1157.76 1046.13 926.682 1057.02 296.429 477.915 373.99 233.215 10349.5 9742.17 2142.88 807.404 620.018 1335.48 575.741 482.564 759.738 416.786 503.149 411.645 140.351
internal_count=49126 12412 11980 2554 9426 4275 2243 5151 4439 3909 3618 3312 3917 1033 1391 1051 660 36714 35750 8322 3359 2693 4963 2225 2055 2738 1674 2240 1753 755
is_linear=0
shrinkage=0.05


Tree=41
num_leaves=31
num_cat=0
split_feature=82 50 79 79 17 52 14 57 39 41 82 20 41 39 46 28 57 79 24 31 33 40 0 79 28 59 5 9 27 22
split_gain=355.606 662.794 397.821 412.455 280.704 292.548 317.434 274.589 261.756 470.019 402.841 353.848 293.366 283.129 644.991 272.723 401.483 343.287 261.578 260.644 428.675 257.54 253.642 249.822 297.818 244.254 240.997 332.35 364.318 289.309
threshold=15.205000000000002 17.707142857142863 0.43089808943488334 0.30591166030098249 4.6833333333333345 199.26666666666668 0.51041666666666685 227.78125000000003 27.500342231348395 68.000000000000014 11.815000000000003 1.8397435897435896 44.500000000000007 27.207392197125262 62.818014705882355 17.400446428571431 230.43566176470591 -0.51098662346294443 2.5375500000000009 0.38385416666666677 1.1882352941176473 2.5000000000000004 5.5000000000000009 -0.84513445122160136 13.89664285714286 0.75000000000000011 18.983333333333338 13.345833333333335 3.268333333333334 0.79425508521165489
decision_type=10 10 10 10 10 8 10 2 2 8 8 10 8 2 2 8 2 8 8 10 10 2 2 10 10 2 10 10 10 10
left_child=4 -2 3 23 5 6 19 -8 9 10 21 13 -10 -11 -15 17 -17 -12 -18 20 -1 22 -7 -3 -25 -26 27 28 -13 -30
right_child=1 2 -4 -5 -6 8 7 -9 12 11 15 26 -14 14 -16 16 18 -19 -20 -21 -22 -23 -24 24 25 -27 -28 -29 29 -31
leaf_value=0.013026330189361028 0.073440001936806026 -0.10617762771971695 0.020707863983799195 -0.13775119732696495 -0.059389396243145758 0.048872004868384486 0.025478289298559494 0.12442891660677494 -0.053521517508961725 0.0040284334322970806 0.062475719593249025 -0.054120228290265943 -0.005260768950178539 0.16295663147284339 -0.015470613036037398 -0.029792832283292506 0.14049666795948004 -0.028009804808000416 0.032427603350964791 -0.029508603190379557 0.10424253581522457 0.02905549225501651 0.14726121720642477 -0.083633692813579727 -0.037548630522408588 0.06023595485048408 0.053434086000815041 -0.072893966821864567 -0.021040559781015086 0.052812277570344485
leaf_weight=1005.7829945683479 137.62653008103371 114.02285718917847 180.40486785769463 143.20731657743454 172.47203529626131 122.41165032982826 148.96651316061616 132.55810075253248 359.001938842237 5523.9957594238222 134.99280041456223 331.30338253453374 2515.5075555369258 90.179177682846785 113.59136882051826 107.99154069647193 113.06620673462749 456.3816406391561 111.5130113363266 273.31596099585295 146.79454213380814 219.58301840722561 143.58803154528141 128.90747298300266 132.09362083673477 121.80377845466137 94.667072020471096 316.14670866727829 290.64990865066648 242.27062706276774
leaf_count=2704 268 181 352 231 993 305 370 357 1665 19990 215 1300 8969 266 513 472 512 2327 549 756 442 508 363 439 391 374 390 1124 1107 748
internal_value=0.0016537 -0.0277408 -0.0447823 -0.0632454 0.00379451 0.00463766 0.0239203 0.0723455 0.00171881 0.00616977 0.0325021 0.0008657 -0.0113046 0.00616931 0.063903 0.0130952 0.0492468 -0.00728411 0.0872175 0.0143154 0.0247241 0.0693258 0.102336 -0.041536 -0.0220553 0.00941445 -0.0229455 -0.0291113 -0.0130292 0.0125697
internal_weight=14124.8 958.066 820.44 640.035 13166.7 12994.3 1707.42 281.525 11286.8 8412.33 1409.53 7002.8 2874.51 5727.77 203.771 923.945 332.571 591.374 224.579 1425.89 1152.58 485.583 266 496.828 382.805 253.897 1275.04 1180.37 864.224 532.921
internal_count=49181 2236 1968 1616 46945 45952 4629 727 41323 30689 5251 25438 10634 20769 779 4075 1533 2542 1061 3902 3146 1176 668 1385 1204 765 4669 4279 3155 1855
is_linear=0
shrinkage=0.05


Tree=42
num_leaves=31
num_cat=0
split_feature=55 33 17 36 57 33 52 82 10 9 47 54 53 55 20 80 57 17 59 3 17 36 33 0 82 29 14 31 31 39
split_gain=249.907 300.502 537.624 446.545 362.144 482.423 423.673 574.66 350.751 407.492 392.021 455.603 347.047 341.442 386.082 481.796 341.41 444.47 338.972 337.513 552.451 311.598 544.138 565.853 306.058 292.088 284.809 280.041 454.387 547.778
threshold=20.771875000000005 4.1380952380952394 4.6833333333333345 0.72711874405610644 229.93750000000003 5.854166666666667 234.62019230769235 9.6650000000000009 0.2046877488745554 12.981166666666669 0.58779552614879949 19.90454545454546 1.6794871794871797 27.466544117647061 4.2583333333333337 11.275 214.81250000000003 1.9258241758241761 0.75000000000000011 14.268333333333336 2.3452380952380958 0.25042649975264036 0.55844155844155852 5.5000000000000009 11.515000000000002 0.026973732273855192 0.21038461538461542 0.31332720588235302 0.25566964285714294 26.161533196440796
decision_type=2 8 10 10 2 8 8 10 10 8 2 10 8 2 10 10 2 8 2 10 10 10 10 2 10 10 8 8 10 2
left_child=27 8 3 4 6 18 16 -8 9 21 11 -11 -12 14 15 -14 17 26 -6 20 -7 -2 23 -23 -24 -13 -3 28 -1 -30
right_child=1 2 -4 -5 5 19 7 -9 -10 10 12 25 13 -15 -16 -17 -18 -19 -20 -21 -22 22 24 -25 -26 -27 -28 -29 29 -31
leaf_value=-0.0028154125825891191 0.0014045396041899461 0.065971369398556676 -0.0808973276782321 0.1230906754521441 0.041884729139113626 0.021120327269692405 -0.0088894535370324969 -0.14769661731657527 0.10457604356823416 -0.0082551280925145798 -0.059474266881672101 0.0015194719672849306 -0.0045433245646882142 0.10979465959130903 -0.088391828339540263 0.10000201519800951 -0.029048292629375885 0.11814958968403899 0.15630368795011873 -0.065005789089611174 0.13919158804864207 0.0095096785215404381 0.027079676026304331 0.18002201290636921 -0.050307429154008265 -0.091982451920523178 -0.037628291711161811 -0.017384800049574083 0.0065268197676417589 0.15126980947476262
leaf_weight=1258.2651049122214 3823.3856301046908 125.19426981732249 122.84775774925947 111.71845810115337 131.92382588237524 1153.7325406447053 352.27331688255072 93.633808210492134 81.37733531370759 587.25148193910718 164.90375393256545 105.04816864430904 419.09776755794883 92.582453656941652 89.247528605163097 148.48109784722328 193.87663575261831 154.46669453382492 128.01580783352256 97.155583713203669 107.45222440361977 85.941513784229755 863.42492260411382 111.50067188963294 148.97872206568718 406.03748425096273 138.92500212788582 2527.4502602629364 151.49635019898415 114.0993405804038
leaf_count=3560 14454 299 456 327 485 4929 1413 229 283 1802 649 398 1949 399 342 360 553 352 436 343 393 339 3282 406 418 1414 321 7933 418 292
internal_value=0.00330078 0.00753089 0.0210637 0.0255832 0.021469 0.0363349 -0.00127428 -0.0383021 0.00200106 0.000801688 -0.0182081 -0.0383279 0.00597662 0.0204388 0.00769599 0.022934 0.0257026 0.0510703 0.0986172 0.0243525 0.0312822 0.00840529 0.0305098 0.106224 0.0156535 -0.0727987 0.0115422 -0.00718 0.00974582 0.0690423
internal_weight=14089.8 10038.5 2911.22 2788.37 2676.65 1618.28 1058.37 445.907 7127.26 7045.88 2012.65 1098.34 914.313 749.409 656.826 567.579 612.463 418.586 259.94 1358.34 1261.18 5033.23 1209.85 197.442 1012.4 511.086 264.119 4051.31 1523.86 265.596
internal_count=49234 37031 10536 10080 9753 6586 3167 1642 26495 26212 7313 3614 3699 3050 2651 2309 1525 972 921 5665 5322 18899 4445 745 3700 1812 620 12203 4270 710
is_linear=0
shrinkage=0.05


Tree=43
num_leaves=31
num_cat=0
split_feature=82 63 81 14 43 9 21 58 41 41 52 58 6 22 44 29 39 81 58 20 11 29 6 56 58 41 41 5 46 74
split_gain=313.295 821.361 384.641 290.241 274.885 431.625 347.692 529.106 342.802 306.003 394.725 648.487 389.146 355.344 438.516 375.76 325.793 305.189 273.027 269.221 260.122 370.626 580.117 283.541 278.962 256.922 481.77 324.434 361.717 253.657
threshold=17.985000000000003 1.0000000180025095e-35 12.155000000000003 0.81083333333333341 63.516666666666673 7.036666666666668 5.2505144032921818 20.303308823529417 60.500000000000007 194.50000000000003 190.30303030303034 19.909926470588239 6.6002926889580671 0.77442071785552036 0.58413772411723941 0.049935910047883052 27.760438056125945 3.4550000000000005 28.483455882352946 -5.855104760820765e-16 0.090915790961039786 0.080235065427444893 4.5574899099804265 4.5892843150058775 19.000000000000004 64.000000000000014 44.500000000000007 7.0833333333333348 62.849264705882355 2.5000000000000004
decision_type=10 2 10 10 8 10 10 2 8 8 8 2 10 10 10 8 2 10 2 10 10 10 10 2 2 10 10 10 2 2
left_child=2 -2 3 4 9 29 19 8 -8 10 11 -1 -11 20 18 17 -17 -16 25 -7 21 -12 -23 24 -22 26 -15 28 -27 -6
right_child=1 -3 -4 -5 5 6 7 -9 -10 12 13 -13 -14 14 15 16 -18 -19 -20 -21 23 22 -24 -25 -26 27 -28 -29 -30 -31
leaf_value=0.12502995645101159 -0.10061354974348524 0.048808574711506902 0.076348606529556357 0.075586617546595833 -0.012368338970164443 0.051863278475051428 0.16718523643092131 -0.022713379933935129 0.024280658118262084 0.0015772417152280318 -0.0024817902350623426 0.00064387978204007298 -0.067389585401640334 -0.024207501632842167 0.063840456174001872 0.058252312839257039 -0.044246957920461925 0.19009143173511178 0.076171280205649033 -0.042010434584854539 0.020455198489672231 -0.0031685596647145183 0.1488765795954827 0.030547283967831448 -0.082491302655445908 0.064042721743776038 0.10447839815232246 -0.057028206285403872 -0.035051579151391746 0.012485837791231684
leaf_weight=210.81200849637389 233.00947733223438 150.73255442082882 179.30554755032063 134.71477127447724 1605.6968309953809 79.929765973240137 68.793334972113371 405.19900723174214 106.28634580224752 2436.3049035966396 1334.8482014350593 207.39412239566445 222.27879892289639 147.39251840859652 111.95616252347827 360.78844732418656 97.870502043515444 84.765025645494461 133.09432461857796 1407.2191883213818 87.064826436340809 143.40300539880991 110.46783612668514 124.73185799643397 264.19580913707614 180.48460241407156 141.99799462035298 288.05748308449984 186.03505712747574 2842.3024592883885
leaf_count=499 570 365 479 558 5925 393 259 1901 517 7984 4287 530 773 462 501 1286 253 214 349 5540 299 483 442 383 1015 503 407 686 471 10752
internal_value=0.00255256 -0.0419467 0.00380167 0.00283425 0.00209667 -0.00526155 -0.024132 0.00868301 0.0810622 0.00907087 0.0174473 0.0634939 -0.00421211 0.0123605 0.0290516 0.0612673 0.0363319 0.118927 0.00941002 -0.0369335 -0.00165178 0.00806564 0.063316 -0.0340345 -0.056989 -7.35969e-05 0.0390784 -0.017416 0.0137867 0.00351289
internal_weight=14087.1 383.742 13703.4 13524.1 13389.4 6515.43 2067.43 580.279 175.08 6873.94 4215.36 418.206 2658.58 3797.15 1732.44 655.38 458.659 196.721 1077.06 1487.15 2064.71 1588.72 253.871 475.992 351.261 943.968 289.391 654.577 366.52 4448
internal_count=49086 935 48151 47672 47114 25287 8610 2677 776 21827 13070 1029 8757 12041 5132 2254 1539 715 2878 5933 6909 5212 925 1697 1314 2529 869 1660 974 16677
is_linear=0
shrinkage=0.05


Tree=44
num_leaves=31
num_cat=0
split_feature=80 58 19 30 50 36 28 76 59 6 36 0 15 19 44 27 9 80 58 36 17 31 31 50 27 46 33 50 10 54
split_gain=281.117 274.541 546.961 310.632 305.706 527.583 257.017 242.6 227.529 338.574 349.004 460.775 310.161 375.224 498.214 654.401 303.028 521.479 417.585 380.669 443.667 579.721 405.901 386.66 377.803 346.488 333.244 328.384 309.156 306.802
threshold=1.7350000000000001 16.485294117647062 14.035714285714286 0.38829571043226957 20.809722222222224 0.17233388947604159 2.3538333333333337 0.36088412940849773 0.75000000000000011 4.1367944265215302 0.26113414843514432 7.5000000000000009 0.79197500966506207 8.5192307692307718 0.51274553906132858 13.275294117647062 19.507500000000004 17.970000000000002 29.218750000000004 0.25042649975264036 2.226495726495727 0.53378571428571442 0.62627403846153851 22.902222222222225 15.320000000000002 62.211397058823536 1.5339366515837105 22.003571428571433 0.043762426385139407 20.033333333333335
decision_type=8 2 10 10 8 8 10 8 2 8 8 2 10 10 10 10 10 10 2 10 8 10 10 10 8 2 10 10 10 10
left_child=6 2 3 4 -2 -6 -1 -3 9 10 -9 -12 13 -11 15 -15 17 18 19 -10 21 23 -23 -21 26 -25 -22 -18 -20 -26
right_child=1 7 -4 -5 5 -7 -8 8 16 12 11 -13 -14 14 -16 -17 27 -19 28 20 24 22 -24 25 29 -27 -28 -29 -30 -31
leaf_value=0.0091757194103449079 -0.038396697300752271 0.060227995837876115 0.12593172065805788 -0.05782799279029216 0.0061159562021553798 0.12760981480447878 0.054781063466833403 -0.0040252048281493071 -0.0023416195955227167 -0.00781917045129462 0.019289724592459867 0.14309322427936885 0.053731422547163059 -0.058420578540413305 -0.053304920783542153 0.098337808155265272 0.0111792252506433 0.12122199984056106 -0.0037898736651967519 -0.0088108677837278101 0.024754652142917548 0.1707302847091148 0.047360337228079641 0.14928589462331684 -0.011189789969727852 0.029243407510276754 -0.045328009270812306 -0.11070950341205442 -0.089279445746911962 0.082047161479445657
leaf_weight=998.86896626651287 128.56174103170633 154.35210065543652 121.37474872916937 131.04332669824362 245.26733307540417 139.66413217410445 446.61837869882584 1678.9304804317653 3061.7318917885423 2166.4185392819345 356.13075344264507 94.403684377670288 142.5503544472158 128.78247295320034 1258.7709207013249 135.78781097754836 104.75704583153129 96.657556891441345 231.53068664297462 355.62910959869623 282.23277509585023 142.51170214265585 126.474550165236 91.142505247145891 145.59155940264463 174.8195308111608 422.24422193318605 115.55061246082187 193.81176614016294 222.10612693801522
leaf_count=2172 435 448 378 407 882 521 987 6647 11896 7807 1306 328 504 420 4521 328 372 220 900 1171 995 378 384 304 422 764 1390 490 675 703
internal_value=0.00241409 2.62292e-05 0.0290211 0.0106047 0.0281472 0.0504138 0.0232947 -0.00184491 -0.00266688 -0.00951542 0.00646737 0.0454906 -0.0183958 -0.0211962 -0.0402026 0.0221013 0.00441364 0.00670176 0.00464877 0.00867849 0.0258614 0.0519237 0.113113 0.0253054 0.00418516 0.0707859 -0.0172557 -0.0529624 -0.0428621 0.0451993
internal_weight=14094.3 12648.8 765.911 644.537 513.493 384.931 1445.49 11882.9 11728.6 5961.78 2129.46 450.534 3832.31 3689.76 1523.34 264.57 5766.79 5546.48 5449.83 5024.48 1962.75 890.577 268.986 621.591 1072.17 265.962 704.477 220.308 425.342 367.698
internal_count=49155 45996 2623 2245 1838 1403 3159 43373 42925 21861 8281 1634 13580 13076 5269 748 21064 20202 19982 18407 6511 3001 762 2239 3510 1068 2385 862 1575 1125
is_linear=0
shrinkage=0.05


Tree=45
num_leaves=31
num_cat=0
split_feature=39 28 73 56 50 51 4 21 22 31 30 73 29 55 79 46 14 14 21 33 52 57 25 46 6 77 71 36 40 31
split_gain=243.967 476.189 289.958 330.408 355.609 333.954 501.535 324.053 322.775 518.499 468.414 324.339 307.758 391.176 305.505 284.143 283.227 417.826 450.694 271.768 265.684 537.73 260.985 273.094 255.409 233.256 207.792 292.91 319.651 240.079
threshold=28.16837782340863 16.585650000000005 3.5000000000000004 5.5317673378076071 21.768333333333338 4.822503516174403 15.754868879496657 3.5917508417508421 0.89915254237288156 0.5183461538461539 0.35027652772626622 12.500000000000002 0.1245488300678534 23.171875000000004 -0.26649318650821896 60.606617647058833 0.80045454545454564 0.6422500000000001 4.4258813160987076 1.8397435897435896 228.04545454545459 260.27389705882359 0.046547619047619039 62.906250000000007 6.2477517310238726 0.71525258343584708 0.061913134359406215 0.25502657275418128 7.5000000000000009 0.31332720588235302
decision_type=2 10 2 2 8 8 10 8 8 10 10 2 10 2 10 2 10 10 10 10 10 2 10 2 10 10 2 10 2 10
left_child=2 26 14 4 12 8 7 -7 16 10 11 -10 -4 24 -1 -13 17 25 -19 -16 -20 -22 23 -17 -14 -6 29 -28 -29 -2
right_child=1 -3 3 -5 5 6 -8 -9 9 -11 -12 15 13 -15 19 22 -18 18 20 -21 21 -23 -24 -25 -26 -27 27 28 -30 -31
leaf_value=0.014786754381453805 0.0054067445246449948 -0.091383973492801196 -0.0051572146845573217 -0.080068318191443943 0.0020505965344049357 0.098297210797250609 0.134875391999142 0.020303769458638786 0.0093052330095233556 0.11936876550555464 -0.073544363564877577 -0.013432004374575391 0.12431705055480778 -0.03255249555162653 -0.019317626401017945 0.10687591173857643 0.093649469594836041 0.041905472852263391 -0.14954630066056801 -0.093407046066179666 0.043226556558484085 -0.13950748248244402 0.14547893727787606 0.02120205795839894 0.026871458023461144 0.08006924750983109 -0.0049100139165660847 0.0011290333414346676 0.13201454456182055 -0.028579116589767719
leaf_weight=381.09122698381543 1029.4947844184935 167.74146286770701 3967.997267447412 102.13737279176712 2212.2524508163333 150.8969108723104 124.33387104049325 1089.5750313252211 979.3650919906795 140.78553141653538 123.57937715947628 119.16230446845293 131.84925238415599 122.84030961617827 388.56317979097366 150.31217762082815 78.181417752057314 91.924958597868681 101.04814997687936 181.1342304199934 82.051333118230104 77.370689645409584 97.477960094809532 243.12815467268229 137.59818397089839 99.142007976770401 326.49248840659857 84.579997312277555 103.06235015019774 1047.6811387240887
leaf_count=1716 3800 638 13145 189 9198 499 357 3458 3779 423 442 331 392 417 820 469 342 362 265 381 327 313 320 993 404 261 1316 351 380 3070
internal_value=0.00333852 -0.00999715 0.00657408 0.00898569 0.00987466 0.0178116 0.0395212 0.0298628 0.0113573 0.0274666 0.0198483 0.0271513 -0.000976895 0.0412127 -0.0198449 0.0557375 0.000460066 -0.00230913 -0.0529439 -0.0429966 -0.0864504 -0.0457747 0.0725204 0.0541214 0.0748381 0.00543021 -0.00469557 0.0237343 0.0733365 -0.0117405
internal_weight=14132.9 2759.05 11373.8 10423 10320.9 5960.59 1364.81 1240.47 4595.78 1853.81 1713.03 1589.45 4360.29 392.288 950.789 610.081 2741.97 2663.79 352.395 569.697 260.47 159.422 490.918 393.44 269.447 2311.39 2591.31 514.135 187.642 2077.18
internal_count=49158 9555 39603 36686 36497 22139 4314 3957 17825 6757 6334 5892 14358 1213 2917 2113 11068 10726 1267 1201 905 640 1782 1462 796 9459 8917 2047 731 6870
is_linear=0
shrinkage=0.05


Tree=46
num_leaves=31
num_cat=0
split_feature=39 27 43 29 56 6 48 82 79 81 15 58 27 43 51 55 33 14 34 35 76 21 43 29 45 20 81 33 31 43
split_gain=272.611 336.562 387.945 263.656 347.474 323.374 253.892 322.201 639.734 489.758 437.281 381.616 319.531 330.342 247.064 233.537 282.399 222.069 246.796 347.193 244.42 215.501 210.019 221.689 318.546 197.573 199.826 197.73 307.699 431.12
threshold=28.16837782340863 15.727941176470589 60.160256410256416 0.16391646301045415 4.2798544947825539 8.2280299092265565 29.281250000000004 14.775 0.44733137740914508 11.115 0.7702266976506581 21.181985294117649 3.3113445378151263 62.303846153846159 3.9043015726179466 23.726838235294121 -6.1062266354383602e-17 0.086833333333333346 inf 7.5000000000000009 0.88248347537321659 4.8170801458497179 65.033333333333346 0.073787836430755857 25.516666666666669 0.85714285714285732 10.945000000000002 0.72077922077922085 0.52426470588235308 62.809090909090919
decision_type=2 10 10 10 2 8 2 10 10 10 10 2 10 8 10 2 10 8 8 8 8 8 10 8 10 8 10 10 10 10
left_child=3 15 -3 6 5 -5 7 10 9 11 17 -9 -8 -14 -15 -2 -17 -1 20 -20 22 -16 23 -19 -25 -22 27 -27 29 -29
right_child=1 2 -4 4 -6 -7 12 8 -10 -11 -12 -13 13 14 21 16 -18 18 19 -21 25 -23 -24 24 -26 26 -28 28 -30 -31
leaf_value=0.026631333926828944 -0.01760116251915925 0.0059755759542766199 -0.12153659482681536 0.078371603707081794 0.11431012743822909 -0.058706596021059265 -0.0044519149565411332 -0.14030341255689605 0.066050677271347807 0.026282908280486041 0.10562147161285181 -0.041095559801487005 0.12392401423296928 0.090554324853170498 -0.046345795454552162 0.098987833605941267 0.0051536784473532405 0.006733337050901133 0.015024164180167165 0.11985332080444044 0.0032429436594401378 0.05349316477301308 -0.0099815014920100874 0.027774114098706559 0.11163786936260245 -0.0026406222274162738 0.059195939359878547 -0.015174703432185049 -0.0015050276194538727 -0.08361480591714851
leaf_weight=993.06093761697412 1546.5247433707118 103.802888315171 138.94909826293588 80.166762568056583 128.82249917089939 90.560952097177505 344.45073340460658 167.2167830914259 136.2599326223135 137.5589387267828 106.63912173360586 231.66764406859875 137.18829163908958 114.91194017231464 115.39863066002727 87.486860547214746 855.92251405119896 669.50322017073631 399.45989068225026 97.572690971195698 3233.2713181897998 99.903303541243076 562.45320415496826 463.80977948009968 149.27832074463367 1295.1476863659918 87.732567921280861 490.47227152809501 606.47665836662054 433.36195301637053
leaf_count=3391 5232 227 475 315 518 338 1125 412 282 377 528 530 372 403 333 358 3280 1536 1395 353 12575 335 1516 1069 329 5392 205 1962 1978 2081
internal_value=0.00304047 -0.0111372 -0.0672104 0.00644792 0.0526566 0.00574128 0.0051932 0.00306201 -0.0303623 -0.0549291 0.00540995 -0.0829315 0.0320923 0.0589754 0.0316997 -0.0056456 0.013951 0.00427185 0.00165322 0.0358026 -0.000474911 1.41003e-05 0.0154802 0.0266449 0.0483423 -0.00526604 -0.0147078 -0.0170227 -0.029185 -0.047335
internal_weight=14105 2732.69 242.752 11372.3 299.55 170.728 11072.8 10260.9 672.703 536.443 9588.24 398.884 811.853 467.402 330.214 2489.93 943.409 9481.6 8488.54 497.033 7991.51 215.302 1845.04 1282.59 613.088 6146.46 2913.19 2825.46 1530.31 923.834
internal_count=49222 9572 702 39650 1171 653 38479 35911 1601 1319 34310 942 2568 1443 1071 8870 3638 33782 30391 1748 28643 668 4450 2934 1398 24193 11618 11413 6021 4043
is_linear=0
shrinkage=0.05


Tree=47
num_leaves=31
num_cat=0
split_feature=40 69 33 13 30 82 33 43 73 54 6 27 82 27 55 55 14 36 36 81 53 31 47 30 19 47 36 13 14 25
split_gain=301.828 384.843 402.517 308.926 523.233 315.5 271.033 415.535 629.628 447.174 511.675 402.056 577.822 391.527 330.818 464.046 322.547 432.726 383.24 313.709 294.249 404.069 269.515 757.637 265.649 264.16 280.864 496.586 374.336 357.551
threshold=1.5000000000000002 0.15792112713185405 3.9375000000000004 0.72834907693248818 0.73044605472152158 18.185000000000006 1.9411764705882355 62.035714285714292 15.500000000000002 31.763888888888893 9.930307037946255 10.371428571428574 13.365 9.5225000000000026 20.454227941176473 25.529411764705888 0.57408333333333339 0.54765877020467213 0.28164273200109835 10.805000000000001 2.2583333333333337 0.69707142857142868 0.50848885949254119 0.1212604140696968 16.964285714285719 0.46101200379836221 0.26648175717722061 0.43168858643059493 0.68522727272727291 -0.16499999999999992
decision_type=2 2 10 10 10 8 10 8 2 10 10 10 10 10 2 2 8 8 10 8 8 10 2 10 10 2 10 8 10 10
left_child=1 2 24 4 6 -5 11 8 16 10 20 12 13 22 -13 19 18 -18 -8 -16 21 -9 23 -2 25 -1 -27 29 -29 -28
right_child=3 -3 -4 5 -6 -7 7 9 -10 -11 -12 14 -14 -15 15 -17 17 -19 -20 -21 -22 -23 -24 -25 -26 26 27 28 -30 -31
leaf_value=-0.06438005081396056 -0.0054707256903071041 -0.017032518472156814 0.10374204264882576 -0.0028936920949254319 0.088087541176718756 -0.13000738121376351 0.018236752303539397 -0.05438335898248392 0.090102838521851455 0.084548273810458888 0.055138518075302727 -0.027054328060806251 -0.12716800333923142 -0.074518997297213341 0.1557482499720716 -0.021082477171397686 0.08037547951798929 -0.020405977668435916 -0.075054817267477106 0.043920569537151573 -0.02616088980026763 -0.17344977505924974 -0.00016473645898948017 0.11241191724614247 -0.06464937927655437 0.013072582935529264 0.16822722982187555 -0.012988614399947468 0.096585808987618302 0.058956354666570357
leaf_weight=91.143119867891073 394.62163197994232 857.42322311922908 137.62313136085868 100.39458659291267 160.12227733805776 94.100384186953306 182.12278412282467 546.18967283517122 195.37709076330066 80.525244500488043 142.73252566158772 111.93185254558921 87.724396973848343 163.93003985285759 142.6956454962492 97.916596487164497 182.89208762347698 252.38274285942316 276.04985769093037 113.16786463558674 975.65807519853115 81.380849368870258 4997.7037709206343 207.15137322619557 96.24161484465003 2511.871653329581 101.57849504426122 355.9228646568954 98.73735599219799 285.15949267148972
leaf_count=223 1297 3713 475 245 559 469 591 2188 443 327 547 294 201 623 284 342 491 576 645 508 3531 265 17887 526 441 8828 340 1203 293 889
internal_value=0.00249325 0.0131187 0.0201498 -0.00253472 -0.00123973 -0.0647442 -0.00279839 -0.0154063 0.00903784 -0.0299752 -0.0353024 0.00302184 -0.000540391 0.00140873 0.0476824 0.0713379 -0.00877018 0.0220272 -0.0380126 0.106651 -0.0433836 -0.0700748 0.00364449 0.0352278 0.0168722 0.0191682 0.0214576 0.0464444 0.0109671 0.0880167
internal_weight=14122.5 4535.7 3678.28 9586.77 9392.28 194.495 9232.15 2915.31 1088.82 1826.49 1745.96 6316.84 5851.13 5763.41 465.712 353.78 893.447 435.275 458.173 255.864 1603.23 627.571 5599.48 601.773 3540.65 3444.41 3353.27 841.398 454.66 386.738
internal_count=49244 16405 12692 32839 32125 714 31566 9604 2746 6858 6531 21962 20534 20333 1428 1134 2303 1067 1236 792 5984 2453 19710 1823 12217 11776 11553 2725 1496 1229
is_linear=0
shrinkage=0.05


Tree=48
num_leaves=31
num_cat=0
split_feature=20 63 56 58 20 2 79 0 19 44 70 10 52 41 40 56 47 17 46 47 63 3 56 58 19 33 44 58 27 82
split_gain=276.641 438.279 574.546 386.986 481.881 349.839 325.85 324.687 475.849 535.759 408.11 242.588 228.254 221.501 362.597 662.096 498.111 476.769 553.199 478.124 417.144 312.072 296.893 410.143 539.567 367.052 517.303 309.157 291.491 454.667
threshold=3.1269841269841279 1.0000000180025095e-35 4.1369115856901431 19.000000000000004 5.4142857142857155 1.5000000000000002 -1.1385443093090097 5.5000000000000009 17.31666666666667 0.59017828945479611 1.0000000180025095e-35 0.095802992021695552 238.5192307692308 106.50000000000001 1.5000000000000002 3.6888532023427172 0.54378821598777105 3.2583333333333337 60.454044117647065 0.59717295280561677 1.0000000180025095e-35 14.804545454545456 4.7843067625092184 24.031250000000004 16.258333333333336 0.75961538461538469 0.57643015836534583 25.485294117647062 15.053125000000003 6.9150000000000009
decision_type=10 2 2 2 10 2 10 2 10 10 2 10 10 8 2 2 2 8 2 2 2 10 2 2 10 8 8 2 10 10
left_child=13 2 6 -3 -5 7 -2 10 9 -9 -4 -8 -6 14 16 20 -1 18 -18 -19 -16 -15 23 24 25 26 -17 -25 29 -29
right_child=1 3 5 4 12 -7 11 8 -10 -11 -12 -13 -14 21 15 22 17 19 -20 -21 -22 -23 -24 27 -26 -27 -28 28 -30 -31
leaf_value=-0.031992209839969324 0.0052807164261516725 0.10458136883710467 -0.063335123187218761 -0.03838245712166146 -0.00058184341331312241 -0.076847549148020874 -0.058795396168806038 0.11471408327739235 -0.06190300086099626 -0.022113892802232971 0.055488274608691671 -0.13998421127554017 0.093709545174956693 0.002227759499599052 0.034978018610531625 -0.044332046513292117 0.15086340626046774 0.057574028122489497 0.01144558696894539 0.20627032405153789 0.19767107638216813 -0.091670511203144303 0.040781083182575908 -0.099217411694675878 0.11970751358791501 -0.016877987358816487 0.10510185389436162 -0.00067954426445402186 0.067713321125075332 -0.12705579794097346
leaf_weight=175.83051139488816 99.139004718512297 107.8481536321342 246.86124920845032 327.30750965699553 113.69908543303609 149.60016851872206 200.98694384098053 202.02666948363185 92.805553056299686 110.03122806176543 101.11634248122573 172.79922972619534 146.33709984272718 8631.5489121712744 94.212515335530043 89.870867036283016 84.536400616168976 124.80319508910179 424.30584902688861 95.905442774295807 67.393467653542757 88.403664160519838 357.14005525037646 174.38125716522336 96.91283642500639 930.82097866386175 159.58293380588293 228.27616671100259 76.382745634764433 102.4194603562355
leaf_count=745 875 313 745 962 241 512 480 562 343 414 367 449 488 30203 525 316 238 369 1778 401 235 363 1041 717 352 2815 557 1122 300 256
internal_value=0.00252175 -0.0143522 -0.0306995 0.017987 0.00193578 -0.00728047 -0.0752782 0.0066271 0.0370268 0.0665522 -0.028747 -0.0966019 0.052637 0.00543358 0.0165016 0.0062399 0.0434108 0.0616027 0.0348582 0.122827 0.103623 0.00126541 -0.000906188 -0.00893404 0.00691816 -0.00243651 0.0513032 -0.0437058 -0.0197413 -0.0400845
internal_weight=14073.3 2070.56 1375.37 695.192 587.344 902.441 472.925 752.841 404.863 312.058 347.978 373.786 260.036 12002.7 3282.77 2377.39 905.381 729.551 508.842 220.709 161.606 8719.95 2215.79 1858.65 1277.19 1180.27 249.454 581.46 407.078 330.696
internal_count=49084 6751 4747 2004 1691 2943 1804 2431 1319 976 1112 929 729 42333 11767 8236 3531 2786 2016 770 760 30566 7476 6435 4040 3688 873 2395 1678 1378
is_linear=0
shrinkage=0.05


Tree=49
num_leaves=31
num_cat=0
split_feature=82 80 29 41 58 28 29 73 55 12 28 39 28 48 48 58 73 31 45 54 55 55 13 50 27 80 28 36 24 78
split_gain=365.618 447.727 386.918 377.591 361.985 344.412 413.435 392.771 323.693 317.491 269.694 283.157 290.033 346.743 425.563 465.073 305.654 275.332 316.653 267.725 252.537 538.204 353.725 251.961 240.886 375.135 260.488 343.146 288.046 262.34
threshold=14.675000000000002 17.970000000000002 0.089197494829356155 24.500000000000004 21.941176470588239 13.564218137254903 0.086702826997623481 6.5000000000000009 21.356580882352944 0.50844586819320037 12.522062500000002 21.544147843942508 1.9335714285714289 28.593750000000004 23.63602941176471 18.205882352941178 11.500000000000002 0.35033333333333339 25.845238095238098 21.516666666666669 27.671139705882357 28.253125000000004 0.72834907693248818 22.688750000000002 21.945404411764709 21.050000000000001 11.112485576923079 0.39882253313150279 -5.6387499999999982 5.5000000000000009
decision_type=8 8 8 10 2 10 10 2 2 8 10 2 8 2 2 2 2 8 10 8 2 2 10 10 10 8 10 10 10 8
left_child=5 2 -2 -4 -5 10 -7 -8 -9 -10 11 -1 -13 14 -14 -16 17 18 -17 -15 22 -22 24 -21 25 -3 29 28 -28 -27
right_child=1 20 3 4 -6 6 7 8 9 -11 -12 12 13 19 15 16 -18 -19 -20 23 21 -23 -24 -25 -26 26 27 -29 -30 -31
leaf_value=-0.048194774225642736 0.015143631288460295 0.06682223598997851 -0.016976029054966941 -0.16355476781077499 -0.048211238346593313 0.094826600236618694 -0.051709134064594521 0.088294572149817646 -0.0431459972056807 0.056110173263664791 -0.041212846558994466 -0.016209863804155233 0.022256849891987566 0.10110430136195817 0.062407324913626862 0.030309496413971557 0.0051019446435616421 -0.079113216770669001 -0.072052462992254998 -0.020755355391832056 0.16374614474912708 0.012050549510319822 -0.086323304919086324 0.074671989394744689 -0.097312653373493263 -0.0098530856752381511 -0.098190639061624022 0.0011585549123863635 -0.018395302082333864 0.013768683205403989
leaf_weight=205.94974136352539 200.35054351389408 198.14610688388348 210.85873039066792 136.19277028739452 137.26465791463852 247.54265020787716 150.19878482818604 206.89650647342205 154.93939869105816 165.71459786593914 276.8571702092886 811.58193112909794 2916.3107373863459 196.92920923233032 180.4310567677021 177.5958317220211 507.53463223576546 323.59275488555431 129.99578641355038 144.46659618616104 68.109835900366306 381.1283123344183 125.0821000598371 131.12857010960579 64.138121053576469 2365.0687737315893 225.69833227619529 520.95496194064617 226.81943677738309 2334.6913272626698
leaf_count=406 457 429 465 309 299 548 290 404 363 387 628 1811 6643 495 438 426 1290 748 290 350 455 2086 679 358 216 6132 1381 2508 1395 16532
internal_value=0.00307942 -0.00481482 -0.0432452 -0.0673807 -0.106044 0.0112773 0.0396554 0.0193945 0.0396979 0.00816475 0.00689676 0.00922989 0.0113809 0.0161395 0.0115998 -0.0119591 -0.023787 -0.0469879 -0.0130445 0.0567206 -0.000766922 0.035362 -0.00345035 0.0247549 -0.00168968 -0.000628714 -0.0029959 -0.0265228 -0.0583229 0.00188189
internal_weight=14122.2 7194.5 684.667 484.316 273.457 6927.67 925.292 677.749 527.551 320.654 6002.37 5725.52 5519.57 4707.99 4235.46 1319.15 1138.72 631.184 307.592 472.524 6509.84 449.238 6060.6 275.595 5935.52 5871.38 5673.23 973.473 452.518 4699.76
internal_count=49218 33343 1530 1073 608 15875 1992 1444 1154 750 13883 13255 12849 11038 9835 3192 2754 1464 716 1203 31813 2541 29272 708 28593 28377 27948 5284 2776 22664
is_linear=0
shrinkage=0.05


Tree=50
num_leaves=31
num_cat=0
split_feature=58 14 82 36 57 47 29 6 3 17 28 21 76 57 10 19 29 16 9 28 55 28 79 79 25 82 76 11 30 55
split_gain=275.895 384.771 252.708 295.791 243.186 518.731 619.094 282.641 551.009 459.542 435.724 422.035 273.822 262.076 261.842 446.748 353.587 302.372 300.222 451.009 437.243 406.046 361.105 329.353 359.287 310.351 268.742 255.301 228.628 222.254
threshold=16.485294117647062 0.57912878787878797 2.6150000000000007 0.15228006974767511 221.99816176470591 0.54621575607491113 0.089590344540613251 12.089819977552585 18.770256410256412 4.7596153846153859 14.760825000000002 5.3347889374090256 0.68304183308808086 214.14889705882356 0.13338079242513101 13.345238095238097 0.11522259026866991 0.069047619047619066 13.069666666666668 17.067875000000004 22.693750000000005 11.192647058823532 0.10122254533270351 -1.0499293085629828 0.055000000000000021 13.735000000000001 1.6944561253896373 0.095494770674389606 0.45352316557309447 22.665625000000002
decision_type=2 10 8 10 2 2 10 10 10 10 10 10 8 2 10 10 10 10 10 10 2 8 10 8 10 8 10 10 8 2
left_child=1 29 3 -2 5 6 13 8 9 14 -10 -12 -7 -4 17 16 -16 18 23 20 25 -22 -23 -6 -25 -20 27 -26 -27 -1
right_child=2 -3 4 -5 7 12 -8 -9 10 -11 11 -13 -14 -15 15 -17 -18 -19 19 -21 21 22 -24 24 26 28 -28 -29 -30 -31
leaf_value=-0.036303795001588847 0.011329529683333802 0.10123130766058963 -0.007440265585788833 0.086259508212713665 -0.045725465138982263 0.066573841268011996 -0.13797541712548522 -0.067978807842622752 -0.012421035629787155 -0.10195465540559899 0.01458788454882572 0.14712759698705663 -0.0075511638727952775 -0.087823377942139999 0.12683430725269937 -0.022207615926505695 0.0097980925169638237 0.089649454493955949 -0.035140554183893731 0.052618101254558194 -0.076080190505234957 -0.012218961773483819 0.11161947775969648 -0.00050278911855777526 0.034185448375889549 -0.046008753916623422 0.10150611180700862 -0.048852426101806748 -0.15221645519418092 0.029276512643700209
leaf_weight=167.72015091776848 1856.7239523231983 152.28877429291606 419.00156184285879 140.81596197187901 342.0685715675354 132.48247416317463 161.69973428547382 142.84851762279868 134.58207984268665 108.31377458944917 95.275893744081259 162.6147663667798 1869.2353571876884 132.86649229750037 158.18367372080684 181.13034075498581 108.83890603110194 89.918959986418486 258.89317962527275 148.22833755239844 117.87233680486679 149.51486689224839 95.907508492469788 5087.9025853239 667.65423416346312 78.864345710724592 125.01414559781551 106.53689454123378 146.79470882192254 551.30285344645381
leaf_count=397 4081 436 1158 378 543 317 459 485 563 507 339 486 6563 450 543 550 474 273 513 595 490 797 261 20993 2826 340 306 483 648 1987
internal_value=0.0020685 0.0293037 0.000271356 0.0166522 -0.00264563 -0.0156707 -0.0522415 0.00151312 0.00270794 -0.000143046 0.0604683 0.0984072 -0.00261445 -0.026917 0.00127215 0.0383421 0.0793447 -0.000973129 -0.00209762 -0.0275988 -0.0416686 -0.000181721 0.0364319 0.00191944 0.00464878 -0.072709 0.0337656 0.0227103 -0.115465 0.01395
internal_weight=14091.1 871.312 13219.8 1997.54 11222.2 2715.29 713.568 8506.96 8364.11 7971.64 392.473 257.891 2001.72 551.868 7863.32 448.153 267.023 7415.17 7325.25 996.075 847.847 363.295 245.422 6329.18 5987.11 484.552 899.205 774.191 225.659 719.023
internal_count=49241 2820 46421 4459 41962 8947 2067 33015 32530 31142 1388 825 6880 1608 30635 1567 1017 29068 28795 3644 3049 1548 1058 25151 24608 1501 3615 3309 988 2384
is_linear=0
shrinkage=0.05


Tree=51
num_leaves=31
num_cat=0
split_feature=80 30 55 36 56 46 82 41 29 17 51 81 10 45 27 18 4 5 56 15 29 31 27 40 59 17 41 40 58 41
split_gain=216.868 261.158 225.525 436.975 613.95 255.576 397.913 306.664 237.386 280.354 385.536 342.121 308.951 253.482 236.049 354.382 339.685 260.236 317.461 299.196 472.115 299.536 261.328 233.529 229.183 224.411 217.409 208.717 274.291 400.459
threshold=1.8450000000000004 0.12520403011293701 20.771875000000005 0.72711874405610644 4.4075967474777906 61.514705882352949 12.765000000000002 27.500000000000004 0.093885672950846141 0.80909090909090919 4.8826179120296773 3.7950000000000004 0.046771399018377187 20.861904761904764 16.604166666666671 4.5773809523809534 18.014415186044765 12.016666666666667 4.3677176672970326 0.44894895767993459 0.079403815801283653 0.34557692307692317 3.268333333333334 2.5000000000000004 0.75000000000000011 2.3693181818181821 113.50000000000001 1.5000000000000002 19.000000000000004 239.50000000000003
decision_type=8 10 2 10 2 2 10 8 10 10 10 10 10 10 10 8 10 10 2 10 10 10 10 2 2 10 10 2 2 8
left_child=1 -1 14 5 -5 6 7 -4 9 11 12 26 -11 25 16 -16 17 19 24 21 -21 22 -2 -24 -19 -14 -9 28 29 -7
right_child=2 -3 3 4 -6 27 -8 8 -10 10 -12 -13 13 -15 15 -17 -18 18 -20 20 -22 -23 23 -25 -26 -27 -28 -29 -30 -31
leaf_value=0.010679914597267755 -0.012786008948986662 0.066511114198523222 0.082566398952925391 0.0027814203645186606 0.15145315189395769 0.08312968579329949 -0.073427627251285571 0.013040140559037315 -0.046164618078873718 0.070560520923516334 0.11887832566793069 -0.098671177033019905 0.064397268432758864 -0.055832166703379073 -0.10817355047353741 0.0059995946383140418 0.063874351822842609 -0.11969315455553134 0.011871468637215948 -0.014703741849256366 0.096563266593760161 -0.043421086026046857 -0.0081655720480073527 0.063251114490381385 -0.031186287141546001 -0.040903221957205194 -0.035791201103806729 0.0012930231689851754 0.010432953702482976 -0.019297676235979014
leaf_weight=1276.7345427274704 1317.5577893331647 249.70260307192802 94.414151728153229 165.98813051730394 118.4334451071918 336.50698635727167 235.32452253997326 549.10017197579145 356.35170406848192 146.79400713741779 92.02843527123332 113.77431851625443 129.45968451350927 189.51180596277118 145.8667373880744 126.32222096994519 159.87889342010021 148.91988505423069 155.67547732591629 208.20083522424102 174.51252692192793 557.74696026742458 208.81866647675633 251.79141690209508 144.67548228055239 81.786119680851698 388.2774990350008 4401.4665957540274 1504.0406155437231 132.58539170026779
leaf_count=2766 4409 585 404 525 328 1287 556 1900 1109 430 273 234 450 630 354 387 493 446 459 673 447 1653 648 892 428 325 1177 17685 6665 646
internal_value=0.00205531 0.0198506 -9.58109e-05 0.0041205 0.0650022 0.00213464 -0.0118555 -0.00505831 -0.00913801 -0.00131133 0.0247679 -0.0171879 0.00876265 -0.0139927 -0.0106769 -0.0553581 -0.00700674 -0.010603 -0.0458113 -0.00476992 0.0361521 -0.0114871 -0.00145183 0.0309266 -0.0763334 0.0236284 -0.0072032 0.00735201 0.0208603 0.0541999
internal_weight=14162.2 1526.44 12635.8 9035.84 284.422 8751.42 2376.82 2141.5 2047.08 1690.73 639.58 1051.15 547.552 400.758 3599.97 272.189 3327.78 3167.9 449.271 2718.63 382.713 2335.91 1778.17 460.61 293.595 211.246 937.378 6374.6 1973.13 469.092
internal_count=49264 3351 45913 34624 853 33771 7488 6932 6528 5419 2108 3311 1835 1405 11289 741 10548 10055 1333 8722 1120 7602 5949 1540 874 775 3077 26283 8598 1933
is_linear=0
shrinkage=0.05


Tree=52
num_leaves=31
num_cat=0
split_feature=82 79 52 21 76 14 58 30 53 56 76 30 41 52 14 43 29 22 77 19 39 41 21 55 44 40 24 19 73 46
split_gain=404.96 652.239 512.992 488.679 218.495 228.804 263.81 347.859 302.915 276.621 342.558 379.756 303.988 287.943 307.835 484.882 242.031 240.14 299.322 207.15 193.336 239.892 257.376 338.694 234.156 471.008 223.753 249.574 295.171 374.863
threshold=16.135000000000002 0.41413204081438365 221.27922077922082 5.6926105390672328 0.53015115005476465 0.07522727272727274 29.218750000000004 0.55250429940307033 2.9198717948717952 4.7278127910894439 1.3382448537378118 0.27575306919182074 44.500000000000007 210.11250000000004 0.57408333333333339 62.035714285714292 0.095040582025635631 0.82650501672240806 0.21010996418934991 9.0416666666666696 27.500342231348395 30.000000000000004 4.8294489611562792 22.230330882352941 0.58622844827586218 4.5000000000000009 -3.3877999999999999 6.8397435897435903 5.5000000000000009 64.788602941176478
decision_type=10 10 8 10 8 8 2 10 10 2 8 8 10 8 10 10 10 10 10 10 2 8 10 2 8 2 8 10 2 2
left_child=4 2 -2 -4 -1 -6 9 8 17 13 11 -11 -13 14 16 -16 -7 -8 -19 -14 21 22 23 -15 26 -26 -23 -28 -29 -30
right_child=1 -3 3 -5 5 6 7 -9 -10 10 -12 12 19 20 15 -17 -18 18 -20 -21 -22 24 -24 -25 25 -27 27 28 29 -31
leaf_value=0.027763589022434306 -0.13327946840451907 0.046143172772262181 -0.06859813864699757 0.05630344380934249 0.024284221281441608 0.013985209333982524 -0.02179843330887352 -0.113507439484346 -0.092763310178315475 -0.0052463461334770253 0.00056789655657709162 0.01867504352738748 0.059322678268805086 -0.064462465170900027 0.12753978847679989 -0.0050506075103872918 -0.046101266330253104 -0.013208284083901282 0.11486595710233483 0.14314943561909962 -0.020207310979210889 0.036579750239172329 0.095636825655147042 0.062813249304388669 0.00072957135143239982 0.090939801285813804 -0.0074658321600867749 0.036340144913326482 -0.075816176109955669 0.010140442706591583
leaf_weight=842.36408130824566 174.80238863825798 181.91202341020107 245.22825388610363 113.94961331784725 1009.7375192046165 1476.2437737211585 450.68316868320107 102.10265639051795 107.17622221261263 231.69935162365437 916.67734177410603 166.23000827431679 144.18487015366554 94.431224402040243 143.24618384242058 131.95811055973172 188.05848836153746 98.242300264537334 83.873777449131012 155.02997152507305 1876.256262421608 187.54411049559712 125.62588116899133 114.58147595822811 2425.8607488200068 152.87543381750584 1387.1590739749372 101.87391136586666 513.24189664423466 168.07918292656541
leaf_count=2135 358 353 648 320 3383 3957 1713 355 330 532 3360 351 284 345 330 401 587 459 195 340 7622 677 522 538 10648 537 5089 344 1585 788
internal_value=0.00116868 -0.0354439 -0.0632726 -0.0289267 0.00312792 0.00147263 -0.000524778 -0.0274534 -0.0154425 0.00159668 0.0206659 0.0470541 0.0730448 -0.00179184 0.0152895 0.0641757 0.00717211 -0.00222105 0.0460816 0.103087 -0.00642841 -0.00152104 0.0393829 0.00527738 -0.0043012 0.00611069 -0.015686 -0.0202172 -0.0427634 -0.0546272
internal_weight=14110.9 715.892 533.98 359.178 13395 12552.7 11542.9 842.078 739.975 10700.9 1613.82 697.144 465.445 9087.04 1939.51 275.204 1664.3 632.799 182.116 299.215 7147.53 5271.27 334.639 209.013 4936.63 2578.74 2357.9 2170.35 783.195 681.321
internal_count=49086 1679 1326 968 47407 45272 41889 3052 2697 38837 4867 1507 975 33970 5275 731 4544 2367 654 624 28695 21073 1405 883 19668 11185 8483 7806 2717 2373
is_linear=0
shrinkage=0.05


Tree=53
num_leaves=31
num_cat=0
split_feature=55 14 52 27 59 27 29 52 73 44 28 9 41 6 53 29 81 58 41 24 77 46 33 3 77 36 0 47 20 81
split_gain=236.508 336.103 531.398 303.611 258.157 450.505 383.678 352.37 441.956 334.661 550.06 318.153 302.531 300.366 284.319 288.913 362.525 272.234 362.578 352.714 249.273 244.57 235.267 299.363 222.961 277.337 259.588 222.442 255.239 277.547
threshold=20.771875000000005 0.81083333333333341 239.81666666666669 16.604166666666671 0.75000000000000011 5.9900000000000011 0.05555959233596628 164.10000000000002 3.5000000000000004 0.51436070491188612 11.489933333333335 15.219000000000003 37.500000000000007 3.5356931920423063 1.3452380952380956 0.1127030710714879 3.8750000000000004 21.941176470588239 43.500000000000007 3.4859484126984133 0.74675820912156998 63.30330882352942 3.8708333333333336 14.804545454545456 0.44169892285065299 0.25795002285885932 5.5000000000000009 0.48753024816173735 3.0333333333333337 6.5250000000000012
decision_type=2 10 10 10 2 10 8 10 2 8 10 10 8 8 10 10 10 2 8 8 8 2 10 8 10 10 2 2 10 10
left_child=3 4 -3 -1 5 11 27 8 -8 10 -7 12 -2 -11 15 16 -15 18 -16 21 -5 -19 -9 -24 25 -14 -27 -6 29 -29
right_child=1 2 -4 20 6 9 7 22 -10 13 -12 -13 24 14 17 -17 -18 19 -20 -21 -22 -23 23 -25 -26 26 -28 28 -30 -31
leaf_value=-0.0046314067282790606 0.10425676933734472 0.16330718871015604 -0.0074572665215424079 -0.015101674788071546 0.062878329679021669 -0.050153432351727457 0.023617191643249984 0.012632904107508345 0.14283280747105739 0.014326442540514687 0.094164253354724448 -0.084566366669313719 0.0078247820513392668 -0.020143467030723599 -0.13860765779184067 -0.066550043168063178 0.10893305944917547 -0.036067771026773533 -0.050714508594457898 -0.075102368834798608 -0.1104508703416385 0.055758999907215327 0.11085179717608702 0.014438667637183589 -0.04689157410640872 0.004466870089248451 0.11796326829716069 -0.0082611369843673312 -0.082914049451327618 0.07092331110057401
leaf_weight=3785.246485106647 84.669661976397038 85.284509550780058 96.344348516315222 149.84009419381618 118.2518726401031 117.24522387236357 181.96504427492619 2094.8994912393391 135.36847252771258 318.31707592308521 148.73625541105866 87.471019297838211 2539.4483871608973 129.6421069316566 158.77140411734581 104.65558678284287 92.410664364695549 138.70432225614786 450.92237966135144 196.06130012497306 125.92282517254353 149.83008705452085 147.01089566573501 177.31518154591322 167.64851209521294 89.682214684784412 114.20004224777222 1690.7710875011981 105.00143024325371 117.40849141776562
leaf_count=11438 365 244 422 296 354 365 586 8262 406 1286 431 413 9183 583 521 354 204 505 1558 754 448 698 483 521 468 372 479 6434 424 318
internal_value=0.00185109 0.00596997 0.073181 -0.00832896 0.00472414 -0.00310875 0.0130823 0.0252993 0.0747613 -0.0215504 0.0305991 0.00888898 0.0116451 -0.0295382 -0.0393675 0.00156401 0.0338213 -0.0515782 -0.0737924 -0.0235349 -0.0588832 0.0116439 0.018783 0.0583473 0.00891651 0.0123429 0.0683048 -0.00337954 -0.00750558 -0.00308318
internal_weight=14099 10038 181.629 4061.01 9856.41 5088.42 4767.99 2736.56 317.334 2005.3 265.981 3083.12 2995.65 1739.31 1421 326.708 222.053 1094.29 609.694 484.596 275.763 288.534 2419.23 324.326 2910.98 2743.33 203.882 2031.43 1913.18 1808.18
internal_count=49175 36993 666 12182 36327 18539 17788 10258 992 7259 796 11280 10867 6463 5177 1141 787 4036 2079 1957 744 1203 9266 1004 10502 10034 851 7530 7176 6752
is_linear=0
shrinkage=0.05


Tree=54
num_leaves=31
num_cat=0
split_feature=73 17 56 52 41 58 41 6 19 36 9 27 2 13 41 28 55 25 39 18 41 36 28 39 45 73 12 51 20 44
split_gain=195.062 194.332 775.932 360.68 228.828 474.058 467.929 369.351 348.378 282.134 324.577 266.156 439.298 369.844 605.95 413.528 390.192 366.914 349.905 370.595 289.267 487.537 404.86 303.721 402.005 457.142 395.942 399.44 543.336 465.886
threshold=2.5000000000000004 4.6306818181818192 4.4532482935566646 253.67948717948721 166.50000000000003 16.562500000000004 162.50000000000003 4.9910586558457641 12.211111111111112 0.35526819094558043 12.443833333333336 4.4928571428571438 4.5000000000000009 0.43168858643059493 61.500000000000007 3.7292687500000006 25.137500000000003 0.029999999999999947 29.110198494182068 1.9128787878787883 97.500000000000014 0.44631056516782136 13.172183035714287 22.911704312114995 16.966666666666672 16.500000000000004 0.51968725531957471 4.5667209554831709 6.2967032967032974 0.55636450280631167
decision_type=2 10 2 10 8 2 10 10 10 10 8 10 2 10 10 10 2 10 2 8 10 8 10 2 8 2 8 10 10 8
left_child=-1 4 3 -3 5 8 11 9 -2 -6 -11 13 18 14 17 -16 -15 -7 20 -20 23 22 -22 -13 -25 26 -26 28 29 -28
right_child=1 2 -4 -5 7 6 -8 -9 -10 10 -12 12 -14 16 15 -17 -18 -19 19 -21 21 -23 -24 24 25 -27 27 -29 -30 -31
leaf_value=-0.031841309161360146 0.030590203298914993 -0.12673557907385621 0.069460693184728806 -0.0065389028911791687 0.00071645956216529589 0.052576692980671108 0.077310736920688183 -0.030105716073538964 0.12438252503075593 0.11868431838487835 -0.0083720932549460128 0.090650991870326131 -0.077982777360758329 -0.070570139784405891 0.0073149215041790451 0.097982515286634916 0.063478246760723417 0.1703592683887083 0.0020276215020070729 -0.079917286295605461 -0.0084990433267657008 -0.070910962084088078 0.089417131992781854 -0.043356886720798959 0.0046030517981609101 -0.051563000078180668 0.12918618423126191 0.10909512320519857 -0.074879163815688723 0.023583076500897342
leaf_weight=395.33828125149012 321.34514975175261 160.21584670990705 128.22828879207373 102.0252772718668 4949.0796421654522 202.40613798052073 230.37052228301764 1000.1997862942517 142.734749160707 109.51414745301008 91.973072431981564 131.84811051934958 183.37830355018377 204.76987421512604 1564.1721470877528 135.77769038453698 72.869100950658321 98.294719889760017 297.86054079979658 255.9591593593359 788.82488894090056 278.43614206463099 120.8592923283577 277.19834574311972 818.60056300833821 193.25739142671227 143.01696322485805 232.17509706690907 98.599534872919321 382.33696129918098
leaf_count=1232 1044 567 515 507 17784 785 448 4008 436 362 371 465 776 835 5175 537 324 373 932 985 2540 720 302 834 2789 523 491 666 254 1390
internal_value=0.00274024 0.00373921 -0.0309837 -0.0801754 0.0047589 0.0108246 0.00744037 -0.00231761 0.0596429 0.00308342 0.0609318 0.00494511 -0.00251623 0.0187028 0.0262089 0.01461 -0.0352863 0.0915151 0.000945712 -0.0359207 0.00684656 -0.0131455 0.00459386 0.0172793 0.0127295 0.0210712 0.0294787 0.0532308 0.0323021 0.0525222
internal_weight=14111.7 13716.3 390.469 262.241 13325.9 7175.09 6711.01 6150.77 464.08 5150.57 201.487 6480.64 4202.35 2278.29 2000.65 1699.95 277.639 300.701 4018.97 553.82 3465.15 1188.12 909.684 2277.03 2145.18 1867.99 1674.73 856.129 623.953 525.354
internal_count=48970 47738 1589 1074 46149 23624 22144 22525 1480 18517 733 21696 13667 8029 6870 5712 1159 1158 12891 1917 10974 3562 2842 7412 6947 6113 5590 2801 2135 1881
is_linear=0
shrinkage=0.05


Tree=55
num_leaves=31
num_cat=0
split_feature=82 30 52 41 81 44 27 36 56 19 4 49 17 24 30 2 5 55 47 31 45 27 79 52 27 47 49 58 58 41
split_gain=203.123 434.361 280.779 250.052 225.431 467.055 258.333 276.064 636.807 386.579 278.689 265.223 237.83 206.811 200.418 372.974 283.414 278.273 367.868 333.124 503.682 350.083 432.149 371.784 299.569 361.55 339.273 274.845 256.796 246.468
threshold=2.6150000000000007 0.16160359625104395 219.83333333333337 166.50000000000003 12.065000000000003 0.55036158368451182 21.76213235294118 0.66605255148599152 4.4075967474777906 14.851648351648354 14.351658432013243 5.5000000000000009 5.3484848484848486 10.257666666666669 0.20568442293978753 5.5000000000000009 8.1833333333333353 27.466544117647061 0.55832022448025176 0.53535714285714298 22.105555555555558 11.932291666666668 -0.6962645315534246 225.92857142857147 15.959375000000003 0.61999365623602209 3.5000000000000004 22.66727941176471 23.97058823529412 166.50000000000003
decision_type=8 10 10 10 10 10 10 10 2 8 10 2 10 10 10 2 8 2 2 10 10 10 8 10 10 2 2 2 2 8
left_child=1 3 -3 -1 6 -6 7 12 9 -9 -11 -10 13 14 29 17 -17 19 -19 -16 24 -22 -23 -24 25 26 -21 -26 -25 -2
right_child=4 2 -4 -5 5 -7 -8 8 11 10 -12 -13 -14 -15 15 16 -18 18 -20 20 21 22 23 28 27 -27 -28 -29 -30 -31
leaf_value=0.018284522167734837 0.01743176835263904 0.13125829087832477 0.035702581963077989 -0.02434260810006586 0.11516366879094282 -0.010025298603802069 -0.069975119917886464 0.072370949706968252 0.04467281068656509 0.023754405597689585 -0.079420938575740285 0.15497138375689148 -0.07465694586223226 -0.0728156023980326 -0.021600830673955938 -0.025830004916139539 -0.14866793389168112 0.11040922689173233 -0.0002811543930705481 0.069653801015571989 0.12232808061469938 0.097102604516862964 -0.065204597697086544 0.076368779418637289 -0.11595443278496283 -0.08082957325745338 -0.014114429296326975 -0.0097412866089705494 -0.022653998038334202 -0.0027197478056307746
leaf_weight=1301.2235346287489 2482.1963004022837 116.43305569887161 225.94406816363335 466.60416743159294 127.49265632033348 176.97089914977551 132.84156426787376 110.16903875395656 109.1315834634006 108.32948377728462 162.92632910236716 110.18908249214292 110.25547771528363 98.812333915382624 2269.1487977206707 114.84695595130324 79.057798963040113 114.37207909673452 214.8099761903286 201.96023510396481 109.51731432974339 150.56056833267212 146.86018815636635 150.67613025009632 122.94896528869867 107.65108308196068 298.20071905851364 120.14653465896845 114.55631998181343 3900.5280359610915
leaf_count=2860 9343 242 644 943 285 531 463 343 291 268 506 312 481 427 8848 460 316 417 934 552 411 239 392 595 290 312 970 327 464 15668
internal_value=0.00272857 0.0170255 0.0684861 0.00702603 0.000201689 0.0426024 -0.000910869 -0.000107611 0.0328616 -0.00621486 -0.0382806 0.10054 -0.00192635 -0.00117679 -0.000508353 -0.00883027 -0.0764186 -0.0056326 0.0383954 -0.00946353 0.00862145 0.0409415 0.0249112 -0.0016356 -0.0169277 0.00185884 0.0197819 -0.063715 0.0336755 0.00511854
internal_weight=14055.4 2110.2 342.377 1767.83 11945.2 304.464 11640.7 11507.9 600.746 381.425 271.256 219.321 10907.1 10796.9 10698 4315.31 193.905 4121.41 329.182 3792.23 1523.08 672.171 562.653 412.093 850.908 607.812 500.161 243.095 265.232 6382.72
internal_count=49134 4689 886 3803 44445 816 43629 43166 1720 1117 774 603 41446 40965 40538 15527 776 14751 1351 13400 4552 2101 1690 1451 2451 1834 1522 617 1059 25011
is_linear=0
shrinkage=0.05


Tree=56
num_leaves=31
num_cat=0
split_feature=15 52 53 82 36 32 45 82 27 27 82 47 58 82 41 11 13 34 78 81 19 36 30 57 35 25 5 82 26 50
split_gain=194.948 349.138 235.41 189.896 388.789 349.622 348.819 337.221 272.263 480.837 334.693 260.274 260.086 256.496 287.792 256.232 251.874 237.14 423.955 250.156 256.879 342.689 478.4 309.154 232.307 225.387 206.136 418.121 336.503 385.072
threshold=0.79197500966506207 240.18333333333337 2.4083333333333337 11.435 0.25795002285885932 0.12132352941176472 26.839743589743595 5.3850000000000007 21.76213235294118 20.491250000000004 18.185000000000006 0.60225453352997194 22.093750000000004 7.5650000000000004 36.500000000000007 0.041345450802444568 0.2817851625984143 inf 4.5000000000000009 12.255000000000001 4.6076923076923082 0.65560884229429373 0.60635973237710317 234.31250000000003 7.5000000000000009 0.19999999999999998 17.250000000000004 14.405000000000003 12.500000000000002 24.151923076923079
decision_type=10 10 10 8 10 10 8 10 10 10 10 2 2 8 10 8 10 8 8 10 8 10 8 2 8 10 10 10 2 8
left_child=3 -2 -3 4 7 8 13 -1 9 10 17 -9 -8 15 -15 -6 -17 19 -19 20 -5 25 23 -23 -20 26 27 -22 -28 -30
right_child=1 2 -4 5 6 -7 12 11 -10 -11 -12 -13 -14 14 -16 16 -18 18 24 -21 21 22 -24 -25 -26 -27 28 -29 29 -31
leaf_value=0.0065087097925411817 0.085039198002266211 -0.068957592233171536 0.050813417232599793 0.0051156451000520329 -0.0091343043550093407 0.10861319773897869 0.12129322296483028 -0.011945783017534718 -0.085831122026480716 0.11859634230993377 -0.076578188634980324 -0.0822128793359167 0.034939727849880059 0.04510205253296657 -0.017444502448326404 0.10689466058319917 0.023533221845408691 -0.044034477242770022 0.039319501641470252 0.072248536763891938 -0.015304870447928484 0.12946175418983905 -0.040667801604230364 0.017734709538605568 0.13962841202963938 -0.072989583095448812 -0.051905722146400449 -0.084221681017366531 0.090158136873560418 -0.034113934497735553
leaf_weight=3441.2990225106478 192.0289355777204 88.644788183271885 74.693227734416723 2934.7301895096898 152.57893531024456 68.538739368319511 154.54801514744759 429.31394211947918 99.33811092376709 79.541910197585821 155.51647236943245 189.4347568154335 201.13051018118858 259.40241071581841 625.1213910728693 193.47144028544426 171.0097519159317 129.24594084918499 249.61395657062531 102.36668318510056 2776.9241389147937 120.0450749732554 149.97345572710037 127.50380206853151 74.651219431310892 184.07651140540838 120.44928945600986 238.12996478378773 182.14443096518517 93.840664457529783
leaf_count=7613 501 359 337 14600 329 238 379 1047 326 284 380 535 502 619 1436 427 418 299 1069 270 12728 267 461 373 306 931 561 547 564 332
internal_value=0.00299892 0.0395086 -0.0142113 0.00204934 0.00890172 -0.00300557 0.0285422 0.00039603 -0.00399786 -0.00293371 -0.00421448 -0.0335565 0.0726966 0.0172933 0.000928611 0.0452323 0.067954 -0.00270068 0.0323023 -0.00496297 -0.00611412 -0.0143667 0.0296343 0.0722179 0.0627706 -0.0192383 -0.0163174 -0.0207741 0.0175442 0.0479324
internal_weight=14059.3 355.367 163.338 13703.9 5817.31 7886.63 1757.26 4060.05 7818.09 7718.75 7639.21 618.749 355.679 1401.58 884.524 517.06 364.481 7483.7 453.511 7030.18 6927.82 3993.09 397.522 247.549 324.265 3595.56 3411.49 3015.05 396.434 275.985
internal_count=49038 1197 696 47841 13305 34536 4110 9195 34298 33972 33688 1582 881 3229 2055 1174 845 33308 1674 31634 31364 16764 1101 640 1375 15663 14732 13275 1457 896
is_linear=0
shrinkage=0.05


Tree=57
num_leaves=31
num_cat=0
split_feature=70 77 13 70 39 26 36 43 20 27 76 33 70 20 50 36 46 21 13 53 75 41 33 35 58 39 36 14 46 22
split_gain=197.08 233.056 228.938 236.34 187.658 310.944 280.475 269.537 355.034 343.591 383.243 396.141 346.344 324.91 263.696 390.641 346.502 376.379 352.279 215.344 249.331 289.625 221.197 213.757 203.824 281.195 203.7 268.756 202.78 311.187
threshold=0.032332735961768229 0.70694637284687201 0.77744695042160294 0.025155606042702821 28.451745379876801 5.5000000000000009 0.16824367668090956 65.51666666666668 3.1010101010101017 3.3113445378151263 1.1172106407468989 0.75961538461538469 0.0048071035046587524 1.3333333333333339 23.351923076923082 0.5678045932206498 63.242647058823536 5.1116780045351478 0.39377207333890524 1.8090909090909093 22.490000000000006 105.50000000000001 4.0588235294117654 4.5000000000000009 19.878676470588239 26.12594113620808 0.51356841251798502 0.58160256410256428 61.939338235294123 0.82167318982387483
decision_type=2 10 10 2 2 2 10 10 10 8 8 8 2 10 10 10 2 10 10 10 8 8 8 8 2 2 8 10 2 8
left_child=2 -2 3 4 7 -6 -7 9 -9 13 11 -11 14 -1 15 28 18 -18 -16 20 -12 22 -22 -23 -10 -26 27 -21 29 -13
right_child=1 -3 -4 -5 5 6 -8 8 24 10 19 12 -14 -15 16 -17 17 -19 -20 26 21 23 -24 -25 25 -27 -28 -29 -30 -31
leaf_value=-0.0063018350363887882 0.0076485830689868133 0.057612201902760778 -0.073413813744028875 -0.055777425084596335 0.042973479423721483 -0.0044230942225170307 -0.046203538383293961 -0.0045378611427607718 -0.12099681951599367 0.092874463028811693 -0.042013811751727886 0.097289548312510479 0.077558101112517722 -0.088981154961315451 0.0044505373712786876 0.081788113918302943 -0.019497915271610385 0.088760065006914801 -0.094466597326181442 0.01174391841706757 0.017131564949818538 -0.042013811751727886 0.14386279781113692 0.026329245297014831 -0.081855895345450458 0.027599127158949743 -0.029501068425752827 0.088911023144214424 -0.004964082040995672 -0.0015954360266156997
leaf_weight=1640.7747875452042 2751.6686497293413 254.08565150201321 111.77003053948283 198.20447976142168 202.12738738581538 922.09454749152064 711.06293804943562 1659.5764001533389 98.393042981624603 215.45162999629974 510.78242439031601 148.86948056519032 244.5981223732233 127.12215755879879 183.35424356162548 267.15396469831467 186.27064302563667 139.72995318472385 175.63671466708183 1565.2961942516267 87.442363098263741 178.8198176138103 56.136152770370245 158.25999457761645 137.4240660816431 101.1709647513926 268.52782608941197 120.65021105855703 569.65707519650459 169.52497541904449
leaf_count=4958 10985 624 459 602 623 2917 2702 7090 339 476 1099 304 587 447 417 535 493 393 416 5939 636 1079 389 773 534 367 956 550 1214 339
internal_value=0.000528694 0.0118899 -0.00253318 -0.00180926 -0.000817962 -0.0153863 -0.0226311 0.0021507 -0.0140535 0.00676459 0.0131882 0.028477 0.0217806 -0.0122939 0.0143286 0.0288943 -0.0102421 0.027033 -0.0440728 0.00124469 -0.0177251 0.00811943 0.0673331 -0.0172271 -0.0607632 -0.0355224 0.0108716 0.0173156 0.012908 0.0447994
internal_weight=14161.6 3005.75 11155.9 11044.1 10845.9 1835.28 1633.16 9010.62 1996.56 7014.06 5246.16 2300.25 2084.8 1767.9 1840.2 1155.21 684.992 326.001 358.991 2945.91 991.441 480.658 143.579 337.08 336.988 238.595 1954.47 1685.95 888.052 318.394
internal_count=49242 11609 37633 37174 36572 6242 5619 30330 8330 22000 16595 5174 4698 5405 4111 2392 1719 886 833 11421 3976 2877 1025 1852 1240 901 7445 6489 1857 643
is_linear=0
shrinkage=0.05


Tree=58
num_leaves=31
num_cat=0
split_feature=82 56 81 49 73 51 36 17 45 18 5 15 41 40 22 81 56 43 20 48 77 82 47 41 77 44 54 31 20 76
split_gain=200.546 598.255 243.355 217.025 206.989 387.24 230.885 193.632 268.912 262.541 264.374 248.949 201.519 181.782 335.364 333.063 308.19 265.097 264.595 246.874 352.027 330.93 239.067 398.213 272.237 379.684 236.622 343.241 271.561 267.041
threshold=17.985000000000003 4.4532482935566646 12.155000000000003 7.5000000000000009 17.500000000000004 4.5096189419163899 0.070498339966891033 4.6306818181818192 18.75961538461539 5.6076923076923082 22.81666666666667 0.81709307124637354 83.500000000000014 1.5000000000000002 0.77158385093167714 5.7750000000000012 4.3765259838977721 60.436507936507944 0.73863636363636387 29.218750000000004 0.53331483536810953 15.315000000000003 0.54169067757226519 107.50000000000001 0.33892391256259036 0.63790316483252918 17.035714285714288 0.5661250000000001 1.1999999999999995 1.2602872008936448
decision_type=10 2 10 2 2 10 10 10 10 10 10 10 10 2 10 10 2 8 10 2 10 10 2 8 10 8 8 10 8 10
left_child=2 3 4 -2 7 6 -6 9 -9 10 11 13 -10 14 18 17 -17 -16 22 21 -21 26 -1 24 25 -24 27 28 -15 -28
right_child=1 -3 -4 -5 5 -7 -8 8 12 -11 -12 -13 -14 19 15 16 -18 -19 -20 20 -22 -23 23 -25 -26 -27 29 -29 -30 -31
leaf_value=-0.025265588898337927 -0.029861244923486508 0.050482465467612571 0.059474109025298975 -0.12106754296581237 0.049442305501701957 0.086896653703634225 -0.02557511465505076 -0.13370253937572621 0.036832049956234646 0.084978118741763808 -0.08292886803799851 0.08569024616493999 -0.07235593479187423 0.026215349446560007 0.051197986336074724 0.033209204159645442 0.11734545249796594 -0.0046586751386625894 -0.027244274082432348 0.011780357278647334 0.11627445299608002 -0.066063668404205467 0.049126122687724767 0.0066951724455267805 0.010029190236472354 0.20920112386508324 -0.0033362955524518694 0.088579400219037749 -0.032532026389790511 -0.035217060448394129
leaf_weight=402.26675263047218 127.71950386464596 141.2029492855072 190.4564912468195 134.15957418084145 166.56374731659889 205.10619032382965 263.44107037782669 60.408167254179716 94.645137187093496 93.970738027244806 90.974700953811407 87.553649768233299 74.741673700511456 595.82566110417247 308.66492661088705 299.18176765739918 171.17936792969704 675.963249348104 682.18405593559146 575.2147735953331 92.793657585978508 216.18441486358643 88.353484939783812 1273.2689640559256 96.95088055729866 63.846975866705179 5651.5276696830988 149.26471275836229 292.45275781303644 742.26667384803295
leaf_count=1281 309 350 499 315 310 384 510 238 561 531 369 263 359 1900 1031 695 419 3001 2782 2011 209 439 429 4770 255 291 21478 436 982 1662
internal_value=0.00247468 -0.032242 0.003498 -0.0768687 0.00270482 0.0305474 0.00353042 0.00132961 -0.0440563 0.00215749 0.00153093 0.00215396 -0.0114889 0.00155618 0.0102247 0.0294465 0.064013 0.0128857 -0.000510822 -0.00267883 0.0264478 -0.00522616 0.00897378 0.0180314 0.0757062 0.117204 -0.00344769 0.0186894 0.0068588 -0.00704232
internal_weight=14108.3 403.082 13705.3 261.879 13514.8 635.111 430.005 12879.7 229.795 12649.9 12555.9 12464.9 169.387 12377.4 4061.86 1454.99 470.361 984.628 2606.87 8315.53 668.008 7647.52 1924.69 1522.42 249.151 152.2 7431.34 1037.54 888.278 6393.79
internal_count=49069 974 48095 624 47596 1204 820 46392 1158 45234 44703 44334 920 44071 14954 5146 1114 4032 9808 29117 2220 26897 7026 5745 975 720 26458 3318 2882 23140
is_linear=0
shrinkage=0.05


Tree=59
num_leaves=31
num_cat=0
split_feature=55 82 27 82 44 77 12 43 58 77 6 44 28 28 51 24 31 43 27 3 20 39 73 12 22 28 12 18 41 31
split_gain=255.565 395.712 320.04 612.053 608.679 559.373 431.47 339.675 328.884 332.131 317.598 263.13 246.903 290.585 750.453 246.539 236.308 429.265 327.018 255.089 263.597 248.831 272.319 245.654 238.778 223.899 235.552 221.648 241.07 195.375
threshold=20.771875000000005 17.465000000000003 15.320000000000002 14.675000000000002 0.55110075526273505 0.67957513662366142 0.54794333076176061 60.825757575757585 26.362132352941178 0.80102107097991537 7.5787628345936566 0.61931426332288408 15.16578492647059 13.564218137254903 4.8008302328786003 3.1380000000000003 0.31332720588235302 56.759615384615394 4.2273809523809538 17.589204545454546 2.5857142857142863 26.302532511978104 11.500000000000002 0.53152061520852756 0.72994422994423003 12.522062500000002 0.33334578384355323 2.7817460317460321 113.50000000000001 0.5661250000000001
decision_type=2 10 10 10 8 8 10 10 2 8 10 8 10 10 8 8 8 8 10 10 10 2 2 10 10 10 10 10 10 10
left_child=1 16 3 12 7 -6 -5 -4 9 -7 -9 -11 13 25 -15 -14 17 -1 -19 20 23 22 -20 27 -22 29 -27 -18 -29 -2
right_child=2 -3 4 6 5 8 -8 10 -10 11 -12 -13 15 14 -16 -17 19 18 21 -21 24 -23 -24 -25 -26 26 -28 28 -30 -31
leaf_value=0.079422682187061069 0.005114874848281754 -0.099907873532189106 0.14663989463958002 -0.14193779462876852 0.065643413696128403 -0.11629249882201216 -0.022531305599658959 -0.017017701343343232 0.053890462611878048 -0.064543237841036535 0.10680292013170832 0.060956195290100879 0.0017520153433156545 0.0016970990657566626 0.157064949583791 -0.091854564212717482 -0.0088815437256999641 -0.015531994100381849 -0.038319373758561301 0.045717227507057076 0.0047280041685108382 0.10562962252927044 0.07177254475089298 0.054308147404791056 -0.075386963449306801 0.010314023593860067 -0.082273874433656413 -0.024604946353601512 -0.12400289194393328 0.062273183390841008
leaf_weight=186.87815367430449 7734.7725017219782 116.44358588755131 137.78067898750305 114.57827840745449 224.05462834239006 133.65251238644123 220.41144931316376 102.90869945287704 83.486847657710314 96.635720435529947 102.77200712263584 72.012590982019901 154.64727060869336 247.30431037396193 112.35683750361204 127.97600862383842 1353.6645491309464 1000.2046770602465 121.6163961365819 152.86308616027236 126.86356528475881 103.59219791740179 102.69591819494963 128.74379331991076 346.3200918212533 127.15182456374168 147.90787248313427 181.61503757163882 91.368642896413803 151.46164416521788
leaf_count=345 29080 242 310 312 590 293 586 313 312 463 295 376 734 949 297 615 4398 2906 365 502 472 340 295 464 956 408 599 598 304 492
internal_value=0.00119272 -0.00947907 0.0054367 0.00255922 0.0329893 0.0029732 -0.0636734 0.0861218 -0.0334995 -0.0577322 0.0450689 -0.0109117 0.00508642 0.00661328 0.0505344 -0.0408088 -0.00675169 0.00868282 -0.00132324 -0.0165701 -0.0208611 0.0419331 0.0121784 -0.0119179 -0.053943 0.00467176 -0.039591 -0.0171897 -0.058205 0.0062204
internal_weight=14104.7 4012.87 10091.9 9138.57 953.304 609.842 334.99 343.461 385.788 302.301 205.681 168.648 8803.58 8520.95 359.661 282.623 3896.43 1514.99 1328.11 2381.44 2228.58 327.905 224.312 1755.39 473.184 8161.29 275.06 1626.65 272.984 7886.23
internal_count=49211 12187 37024 34072 2952 2034 898 918 1444 1132 608 839 33174 31825 1246 1349 11945 4251 3906 7694 7192 1000 660 5764 1428 30579 1007 5300 902 29572
is_linear=0
shrinkage=0.05


Tree=60
num_leaves=31
num_cat=0
split_feature=77 82 41 81 28 14 54 82 80 45 28 30 51 43 41 80 79 25 45 46 36 30 50 82 77 81 74 11 29 48
split_gain=208.749 228.351 342.63 249.338 224.923 179.436 354.913 219.22 371.787 285.581 241.357 502.413 455.219 368.838 355.86 346.597 344.314 311.76 315.053 219.821 207.808 203.821 192.583 203.412 219.272 291.133 219.293 183.983 180.876 164.394
threshold=0.86887288952813713 18.185000000000006 23.500000000000004 12.155000000000003 16.585650000000005 0.79033333333333344 22.320512820512821 15.205000000000002 15.915000000000001 26.160256410256412 15.101669117647061 0.5508449099912337 4.7409733854457476 64.39230769230771 70.500000000000014 11.045000000000002 0.016946244346887861 -0.24401785714285712 23.839743589743595 63.514705882352949 0.50411835335994326 0.5298596204860313 21.768333333333338 12.595000000000001 0.5212786160734203 7.5850000000000009 3.5000000000000004 0.094628336939451399 0.092257366331987306 21.272058823529417
decision_type=10 10 10 10 8 10 10 10 10 8 10 10 8 8 10 10 8 10 10 2 10 10 8 10 8 8 2 10 8 2
left_child=1 3 -3 5 -2 7 -7 8 10 -9 11 21 15 17 16 -13 -15 -12 19 -19 -18 22 29 24 26 -26 27 -24 -29 -1
right_child=4 2 -4 -5 -6 6 -8 9 -10 -11 13 12 -14 14 -16 -17 20 18 -20 -21 -22 -23 23 -25 25 -27 -28 28 -30 -31
leaf_value=0.004220975519973095 -0.0018130680249606815 0.0070882212731044891 -0.098387228354623768 0.059100401009961868 0.10243912751286871 0.12671519528836808 -0.019659474187802721 -0.067514324904435916 0.09265569491819127 0.017376533200006129 -0.062450521739443321 -0.035410349203258001 0.1501578938016761 0.040838143550815831 -0.14853353548414297 0.10192630580494866 -0.037624011458582678 -0.044252099384395505 0.084682767374053253 0.050739447615613747 -0.15719975591826596 -0.072571611641460448 -0.0020676031590645817 -0.039296292708411673 0.083815752834846463 0.015796897562674193 0.017960749291194719 -0.0040215119349160068 -0.096669806198421721 -0.015110462848386861
leaf_weight=1835.0599403753877 103.20754896104336 162.91261051595211 144.78190855681896 179.88669873774052 102.67384673655033 79.800827246159315 84.477971710264683 265.80989465117455 107.58026383817196 157.04023090004921 142.80804989114404 113.34055474027991 103.22648169472814 94.663694009184837 93.080925669521093 75.853351965546608 107.13113367930055 162.80148749426007 136.42595775425434 95.972274616360664 54.705734174698591 94.987636625766754 3167.2334351986647 239.71522229909897 173.21692159771919 1632.2017863616347 1486.5240505635738 105.60179178416729 104.30015562474728 2742.2814611159265
leaf_count=5929 412 312 375 463 386 299 389 585 242 326 549 640 298 248 393 150 699 521 502 311 308 370 7820 561 480 12078 3704 284 316 9297
internal_value=0.000565031 -0.000174691 -0.0426999 0.000787965 0.0504218 4.07124e-06 0.0517806 -0.000639715 0.000525563 -0.0360205 -0.000258322 0.00162259 0.0662359 -0.0253933 -0.0652992 0.0198983 -0.034635 0.000609421 0.0234967 -0.00896257 -0.0787614 -1.44608e-05 0.000591835 0.00586136 0.00749017 0.0223656 0.00196486 -0.00507934 -0.0502985 -0.00736124
internal_weight=14149.3 13943.4 307.695 13635.7 205.881 13455.8 164.279 13291.6 12868.7 422.85 12761.1 11873.5 292.42 887.589 349.581 189.194 256.501 538.008 395.2 258.774 161.837 11581.1 11486.1 6908.79 6669.08 1805.42 4863.66 3377.14 209.902 4577.34
internal_count=49247 48449 687 47762 798 47299 688 46611 45700 911 45458 41927 1088 3531 1648 790 1255 1883 1334 832 1007 40839 40469 25243 24682 12558 12124 8420 600 15226
is_linear=0
shrinkage=0.05


Tree=61
num_leaves=31
num_cat=0
split_feature=55 33 82 0 52 47 2 54 47 79 58 58 73 31 82 59 28 30 77 33 19 41 24 28 44 5 52 30 46 7
split_gain=181.318 484.106 284.953 325.438 476.466 330.529 404.728 405.098 254.006 347.193 252.527 279.321 504.912 355.676 285.876 413.352 249.331 523.329 475.601 409.706 305.432 358.917 267.259 249.016 243.759 346.785 239.978 219.693 293.875 277.144
threshold=23.726838235294121 6.1801470588235299 17.465000000000003 8.5000000000000018 187.70000000000002 0.51285907624678206 2.5000000000000004 17.035714285714288 0.58990988066125927 -0.036249133191855208 15.636029411764708 20.181985294117649 4.5000000000000009 0.28968750000000004 7.3050000000000006 0.75000000000000011 5.6451166666666674 0.17762147121770702 0.62949539483261108 3.3137254901960786 11.516666666666667 45.500000000000007 4.8865357142857153 14.566785714285716 0.6230052627111452 8.0166666666666675 232.04166666666671 0.5508449099912337 64.332720588235318 15.99277777777778
decision_type=2 10 10 2 10 2 2 10 2 10 2 2 2 8 10 2 10 10 10 10 10 8 10 8 10 10 10 10 2 10
left_child=2 10 3 16 -5 26 7 -7 9 -9 -2 12 13 -12 -14 23 17 20 -18 -20 21 -1 -23 -16 -10 -26 -6 -13 29 -29
right_child=1 -3 -4 4 5 6 -8 8 24 -11 11 27 14 -15 15 -17 18 -19 19 -21 -22 22 -24 -25 25 -27 -28 28 -30 -31
leaf_value=0.098182290473435754 0.058932745678491563 0.12278078093942435 -0.054352672770481295 0.11906810980893703 0.014951722799771007 0.068123954257542876 0.073063097896226156 -0.0048200482916496007 -0.0089887234755449893 -0.073564824686514194 -0.0277140334840143 0.0093587339430960242 -0.0073588276233118102 0.088881254437546978 -0.046530745876574665 -0.0053477361138483072 -0.03009983044853572 0.088497117141875484 0.070617003489175087 -0.019046487070226575 -0.078635409856187388 -0.00021485264824883904 -0.079470378061196945 -0.14491700765418611 -0.0051288186507577535 0.14302991345813487 0.12103317575393016 0.038778436307336239 -0.02070983349304456 0.15439163013714963
leaf_weight=89.413476459681988 220.17543083429337 90.263296589255333 261.74947842955589 105.09212863445282 105.38964533060789 166.03057331219316 182.90941092371941 434.82899587973952 464.53719412907958 317.17004162073135 97.210498593747616 2761.0996035337448 1212.6989976912737 196.50740702450275 129.71058529615402 243.50885532796383 2021.3982158862054 162.57405107840896 243.66382764279842 265.13712033629417 127.48663959279656 3348.9762157201767 108.85786822065711 129.33747082948685 86.127691369503736 71.841881442815065 107.5611221306026 129.41841428726912 92.32139527797699 86.54242342710495
leaf_count=360 914 258 596 282 223 418 508 1793 1752 592 264 11391 4345 651 319 571 7437 506 534 523 495 11267 389 289 408 295 414 471 463 340
internal_value=0.00139859 0.00860031 -0.0030777 -0.00147538 0.0158916 0.0102335 0.00295518 -0.00541079 -0.0143363 -0.0338737 0.00663239 0.00435372 -0.0101376 0.0503291 -0.0205151 -0.0521843 -0.00704503 0.000989769 -0.0192262 0.0239475 -0.00290467 -0.000161543 -0.00273219 -0.0960214 0.00928157 0.0627271 0.0688486 0.0138388 0.0538038 0.0856064
internal_weight=14059.5 5388.79 8670.75 8409 2041.49 1936.4 1723.45 1540.54 1374.51 751.999 5298.53 5078.36 2008.97 293.718 1715.26 502.557 6367.51 3837.31 2530.2 508.801 3674.73 3547.25 3457.83 259.048 622.507 157.97 212.951 3069.38 308.282 215.961
internal_count=49068 20276 28792 28196 6685 6403 5766 5258 4840 2385 20018 19104 6439 915 5524 1179 21511 13017 8494 1057 12511 12016 11656 608 2455 703 637 12665 1274 811
is_linear=0
shrinkage=0.05


end of trees

feature_importances:
draft=98
cl_fut=96
bonus_prev=70
age=69
use_prev=54
tsh_prev=53
o_fpa_prev=50
sl_bias=50
ppr_prev=48
o_pa_prev=45
csh_prev=44
bonus_cur=43
sl_share=43
car_cur=42
snp_prev=41
pos_share=41
o_ypc_prev=39
sl_ratio=39
o_pyd=36
t_prate_prev=34
snp_cur=33
t_plays=33
t_prate=32
ppr_sd=30
week=30
cl_now=30
use_l3=29
rec_cur=28
ypt_cur=27
cl_sd=27
t_plays_prev=26
o_fpa=25
o_pa=24
tsh_cur=22
csh_ew=21
catch_cur=21
d_use=21
o_ypc=21
csh_cur=20
snp_ew=20
t_pf=20
t_pf_prev=20
o_pyd_prev=20
ppr_l3=17
o_sk=17
ppr_cur=16
tsh_ew=15
d_snp=15
g=14
exp=13
home=13
vac_car=11
miss=10
tgt_cur=10
tm_change=10
dome=10
sl_rank=9
g_prev=8
vac_tgt=7
ppr_ew=6
o_g=6
sl_now=6
use_cur=5
depth=5
t_g=5
wk_since=3
patt_prev=3
rest=3
vac_pos=3
dc_eff=2
h=2
patt_cur=1

parameters:
[boosting: gbdt]
[objective: regression]
[metric: l2]
[tree_learner: serial]
[device_type: cpu]
[data_sample_strategy: bagging]
[data: ]
[valid: ]
[num_iterations: 62]
[learning_rate: 0.05]
[num_leaves: 31]
[num_threads: 0]
[seed: 1]
[deterministic: 1]
[force_col_wise: 0]
[force_row_wise: 1]
[histogram_pool_size: -1]
[max_depth: -1]
[min_data_in_leaf: 300]
[min_sum_hessian_in_leaf: 0.001]
[bagging_fraction: 0.8]
[pos_bagging_fraction: 1]
[neg_bagging_fraction: 1]
[bagging_freq: 1]
[bagging_seed: 18467]
[bagging_by_query: 0]
[feature_fraction: 0.8]
[feature_fraction_bynode: 1]
[feature_fraction_seed: 26500]
[extra_trees: 0]
[extra_seed: 15724]
[early_stopping_round: 0]
[early_stopping_min_delta: 0]
[first_metric_only: 0]
[max_delta_step: 0]
[lambda_l1: 0]
[lambda_l2: 1]
[linear_lambda: 0]
[min_gain_to_split: 0]
[drop_rate: 0.1]
[max_drop: 50]
[skip_drop: 0.5]
[xgboost_dart_mode: 0]
[uniform_drop: 0]
[drop_seed: 6334]
[top_rate: 0.2]
[other_rate: 0.1]
[min_data_per_group: 100]
[max_cat_threshold: 32]
[cat_l2: 10]
[cat_smooth: 10]
[max_cat_to_onehot: 4]
[top_k: 20]
[monotone_constraints: 0,0,0,0,0,0,0,1,1,0,0,0,0,0,0,0,0,0,0,0,0,0,0,0,0,0,0,0,0,0,0,0,0,0,0,0,0,0,0,0,0,0,0,0,0,0,0,0,0,0,0,0,0,0,0,0,0,0,0,0,0,0,1,0,0,0,0,0,0,0,0,0,0,0,0,1,0,0,0,0,0,0,0]
[monotone_constraints_method: advanced]
[monotone_penalty: 0]
[feature_contri: ]
[forcedsplits_filename: ]
[refit_decay_rate: 0.9]
[cegb_tradeoff: 1]
[cegb_penalty_split: 0]
[cegb_penalty_feature_lazy: ]
[cegb_penalty_feature_coupled: ]
[path_smooth: 0]
[interaction_constraints: ]
[verbosity: -1]
[saved_feature_importance_type: 0]
[use_quantized_grad: 0]
[num_grad_quant_bins: 4]
[quant_train_renew_leaf: 0]
[stochastic_rounding: 1]
[linear_tree: 0]
[max_bin: 255]
[max_bin_by_feature: ]
[min_data_in_bin: 3]
[bin_construct_sample_cnt: 200000]
[data_random_seed: 41]
[is_enable_sparse: 1]
[enable_bundle: 1]
[use_missing: 1]
[zero_as_missing: 0]
[feature_pre_filter: 1]
[pre_partition: 0]
[two_round: 0]
[header: 0]
[label_column: ]
[weight_column: ]
[group_column: ]
[ignore_column: ]
[categorical_feature: ]
[forcedbins_filename: ]
[precise_float_parser: 0]
[parser_config_file: ]
[objective_seed: 19169]
[num_class: 1]
[is_unbalance: 0]
[scale_pos_weight: 1]
[sigmoid: 1]
[boost_from_average: 1]
[reg_sqrt: 0]
[alpha: 0.9]
[fair_c: 1]
[poisson_max_delta_step: 0.7]
[tweedie_variance_power: 1.5]
[lambdarank_truncation_level: 30]
[lambdarank_norm: 1]
[label_gain: ]
[lambdarank_position_bias_regularization: 0]
[eval_at: ]
[multi_error_top_k: 1]
[auc_mu_weights: ]
[num_machines: 1]
[local_listen_port: 12400]
[time_out: 120]
[machine_list_filename: ]
[machines: ]
[gpu_platform_id: -1]
[gpu_device_id: -1]
[gpu_device_id_list: ]
[gpu_use_dp: 0]
[num_gpu: 1]

end of parameters

pandas_categorical:[]
