tree
version=v4
num_class=1
num_tree_per_iteration=1
label_index=0
max_feature_idx=83
objective=regression
feature_names=g wk_since miss ppr_cur ppr_ew ppr_l3 ppr_sd use_cur use_ew use_l3 tsh_cur tsh_ew csh_cur csh_ew snp_cur snp_ew patt_cur rec_cur tgt_cur car_cur bonus_cur ypt_cur catch_cur ypa_cur d_use d_snp g_prev ppr_prev use_prev tsh_prev csh_prev snp_prev patt_prev bonus_prev tm_change depth pos_share dc_depth dc_eff age exp draft t_g t_plays t_prate t_pf t_plays_prev t_prate_prev t_pf_prev o_g o_fpa o_ypc o_pyd o_sk o_pa o_fpa_prev o_ypc_prev o_pyd_prev o_pa_prev home spread total implied dome temp wind rest new_hc inj vac_tgt vac_car vac_pos qb_out week h sl_now sl_ratio sl_share sl_rank sl_bias cl_now cl_sd cl_fut pred
feature_infos=[0:15] [1:14] [0:15] [-0.59999999999999998:29] [-0.59999999999999998:29] [-0.59999999999999998:30.199999999999999] [0:21.778888860545663] [-0.36699999999999999:36.173999999999999] [-0.36699999999999994:36.173999999999999] [-0.36699999999999999:36.173999999999999] [0:0.3783783783783784] [0:0.39435520794683437] [0:0.21052631578947367] [0:0.26438560448411402] [0.01:1] [0.01:1] [0:9.6999999999999993] [0:11] [0:19] [0:6] [-2:12.000000000000002] [-10:64] [0:1] [0:38] [-15.231999999999999:16.703272727272729] [-0.67000000000000004:0.81666666666666665] [0:17] [-0.057142857142857148:20.850666666666665] [-0.221:18.926000000000002] [0:0.28734271422489815] [0:0.20977684274825334] [0.01:0.99187499999999995] [0:11.166666666666666] [-0.66666666666666663:6] [0:1] [1:12] [0:1] [1:6] [1:6] [20.903490759753595:41.286789869952088] [0:19] [4:256] [0:15] [43:94] [0.22448979591836735:0.83606557377049184] [0:59] [54.875:70.9375] [0.4380664652567976:0.67543859649122806] [13.882352941176471:35.3125] [0:15] [0:38.299999999999997] [1.45:8.882352941176471] [82:466] [0:10] [0:59] [6.2999999999999998:20.86470588235294] [3.1710526315789473:5.756317689530686] [152.8235294117647:334.875] [13.882352941176471:35.3125] [0:1] none none none [0:1] none none [4:17] [0:1] [0:3] [0:0.92093392964683618] [0:1] [0:1] [0:1] [2:18] [2:4] [-0.059999999999999998:24.149999999999999] [-0.0070935960591132999:8.6937499999999996] [0:1] [1:10] [-0.51031261712118858:2.3456756756756754] [-0.029999999999999999:22.43] [0.84999999999999998:20.149999999999999] [0:25.440000000000001] [0:24.066956606643494]
tree_sizes=1668 1738 1743 1733 1732 1737 1733 1737 1748 1723 1736 1745 1734 1749 1739 1737 1743 1746 1743 1739 1737 1742 1756 1749 1745 1740 1742 1740 1733 1759 1743 1744 1745 1739 1758 1752 1741 1751 1754 1749 1751 1749 1758 1759 1751 1748 1755 1735 1746 1763 1747 1769 1765 1766 1760 1752 1779 1757 1760 1767 1774 1773 1772 1760 1758 1767 1760 1770 1777 1764 1765 1752 1760 1770 1766 1769 1756 1776 1772 1769 1760 1770 1772 1780 1760 1759 1766 1772 1762 1752 1770 1746 1765 1752 1762 1762 1785 1770 1772 1772 1767 1800 1778 1770 1765 1761 1770 1766 1774 1768 1779 1753 1775 1771 1766 1758 1762 1753 1759 1759 1755 1764 1758 1778 1759 1756 1775 1764 1774 1767 1765 1749 1750 1777 1765 1762 1774 1763 1775 1760 1769 1783 1749 1757 1766 1768 1775 1772 1757 1766 1750 1772 1766 1765 1774 1766 1747 1761 1756 1767 1767 1767 1755 1761 1776 1776 1786 1773 1753 1758 1769 1772 1767 1758 1744 1775 1755 1765 1777 1768 1783 1756 1758 1776 1776 1765 1766 1770 1772 1768 1778 1765 1762 1770 1765 1756 1778 1762 1775 1776 1764 1766 1772 1780 1769 1791 1775 1760 1773 1769 1772 1757 1768 1750 1774 1774 1760 1760 1774 1763 1780 1764 1773 1773 1771 1773 1769 1772 1751 1780 1778 1766 1765 1770 1779 1761 1780 1762 1765 1782 1767 1769 1771 1770 1773 1768 1768 1761 1766 1761 1774 1779 1764 1774 1762 1765 1763 1788 1773 1753 1764 1763 1743 1763 1762 1758 1764 1754 1768 1765 1761 1780 1774 1757 1765 1766 1767 1765 1771 1773 1753 1773 1764 1772 1766 1769 1770 1777 1763 1785 1767 1765 1757 1746 1766 1765 1786 1744 1760 1769

Tree=0
num_leaves=15
num_cat=0
split_feature=36 3 36 75 11 75 82 27 31 75 82 3 11 27
split_gain=19915.5 3420.67 1943.2 1120.52 948.805 890.823 567.23 491.847 462.884 277.331 272.392 271.104 239.518 226.813
threshold=0.2383229192058193 5.241428571428572 0.082100351356509671 4.5850000000000009 0.1872165089926083 1.135 3.4850000000000008 6.8798295454545464 0.85001838235294125 7.6450000000000005 2.0150000000000001 0.60384615384615403 0.071475694507710588 11.099095022624438
decision_type=8 10 10 10 10 10 10 10 10 10 8 10 10 8
left_child=2 3 5 7 8 11 -4 12 13 -5 -7 -1 -2 -3
right_child=1 4 6 9 -6 10 -8 -9 -10 -11 -12 -13 -14 -15
leaf_value=2.9852360052889537 3.0568330522881833 3.155524247191237 3.0488584491697419 3.1332270113758769 3.2323132300096811 3.0369875061525899 3.1227970616637482 3.1565436026702334 3.2549911580523503 3.1905833328147772 3.1110230009120863 3.0235842424948962 3.1026186402397222 3.1991423720171701
leaf_weight=2687.838583894074 872.09909171611071 1525.8060474097729 2750.5845013409853 639.05272923409939 915.3076474443078 463.40582267940044 285.53892742097378 196.30581532418728 151.64661367237568 316.5993890017271 168.82396498322487 563.22233977913857 423.63186751306057 374.86649858206511
leaf_count=7346 2405 4327 7557 1490 2482 1076 754 660 443 709 423 1702 1152 1128
internal_value=3.08205 3.15386 3.02584 3.11008 3.18994 3.00242 3.05582 3.083 3.17098 3.15232 3.05677 2.99186 3.07181 3.16418
internal_weight=12334.7 5415.32 6919.41 2447.69 2967.63 3883.29 3036.12 1492.04 2052.32 955.652 632.23 3251.06 1295.73 1900.67
internal_count=33654 14796 18858 6416 8380 10547 8311 4217 5898 2199 1499 9048 3557 5455
is_linear=0
shrinkage=1


Tree=1
num_leaves=15
num_cat=0
split_feature=83 83 83 27 83 83 9 17 28 48 76 32 48 17
split_gain=22420.2 2676.93 2038.58 646.481 473.617 328.083 281.229 248.25 243.269 204.148 196.689 178.247 144.891 174.439
threshold=4.0333603767404504 1.3540660386833963 6.9827087096402591 11.837500000000002 2.8269974047177802 5.761419550488255 15.960000000000003 1.4580419580419581 2.1330000000000005 28.545955882352946 0.75571172894282446 1.0000000180025095e-35 21.181985294117649 3.6547619047619051
decision_type=2 2 2 10 2 2 10 10 10 2 8 8 2 8
left_child=1 8 5 6 7 -2 9 -3 -1 10 -4 -7 -12 -14
right_child=2 4 3 -5 -6 11 -8 -9 -10 -11 12 -13 13 -15
leaf_value=-0.092082046701919107 0.032595495447662104 -0.041515609319802554 0.15511301111914733 0.15800262151032782 -0.0019134203214742672 0.063533160122303978 0.17663496534182521 0.023516510987070128 -0.048496217798422447 0.1468696583373309 0.10281316659448353 0.13105519720988099 0.04947977905455192 0.09324217666467649
leaf_weight=2918.4777619540691 1300.2462814152241 2839.3069657757878 110.46688050031662 640.52403163164854 1289.3503771796823 630.00970283150673 114.1992781162262 154.12657300382853 363.62937269359827 178.2961595878005 720.88100770115852 116.34691333025694 436.51346600055695 485.96880207955837
leaf_count=7573 3704 7941 251 1797 3529 1785 292 371 1001 425 1858 305 1260 1373
internal_value=0.000100646 -0.0532988 0.0854355 0.114071 -0.0272511 0.0478041 0.10025 -0.0381605 -0.0872694 0.0956462 0.090358 0.0742202 0.0859135 0.0726101
internal_weight=12298.3 7564.89 4733.45 2686.85 4282.78 2046.6 2046.33 2993.43 3282.11 1932.13 1753.83 746.357 1643.36 922.482
internal_count=33465 20415 13050 7256 11841 5794 5459 8312 8574 5167 4742 2090 4491 2633
is_linear=0
shrinkage=0.05


Tree=2
num_leaves=15
num_cat=0
split_feature=36 7 36 75 7 75 8 39 10 33 75 75 31 30
split_gain=16320.7 2813.84 1647.48 1054.22 691.856 651.288 601.117 561.709 472.895 324.473 266.94 258.444 214.241 209.916
threshold=0.2383229192058193 7.6378333333333339 0.048208593840708115 4.9750000000000005 2.8546666666666671 1.135 13.215318783554414 32.398357289527731 0.080138459166169435 0.75961538461538469 7.4250000000000007 2.7250000000000005 0.84581250000000008 0.0057994895118997922
decision_type=8 10 10 10 10 10 10 2 10 8 10 10 10 8
left_child=2 3 5 7 11 -1 9 8 -2 -3 -5 -4 -11 -6
right_child=1 6 4 10 13 -7 -8 -9 -10 12 -12 -13 -14 -15
leaf_value=-0.086979564300189854 -0.013219553403937557 0.058251978067860137 -0.044497670031655945 0.050454873685132608 0.001589615268674751 -0.01847641214942224 0.15408730817915339 0.11935063541200577 0.042387410163048159 0.09793330428070475 0.095489356177615017 0.00030375170372372648 0.15547079676257969 0.071181760564524479
leaf_weight=2632.0484969690442 1201.9347523972392 465.64259798824787 2800.0469925403595 797.96959382295609 655.20646903663874 400.34909118711948 557.07529282569885 112.22502080351114 559.49156423658133 966.70301771908998 565.31479455530643 363.68319845199585 198.34802491217852 128.84233456850052
leaf_count=7200 3430 1095 7641 1888 1844 931 1635 405 1644 2733 1298 925 587 458
internal_value=0.000323685 0.0653733 -0.0502323 0.0357505 -0.0289314 -0.0779446 0.109166 0.0113989 0.00445722 0.0937345 0.0691857 -0.0393491 0.107854 0.0131018
internal_weight=12404.9 5424.7 6980.18 3236.94 3947.78 3032.4 2187.77 1873.65 1761.43 1630.69 1363.28 3163.73 1165.05 784.049
internal_count=33714 14715 18999 8665 10868 8131 6050 5479 5074 4415 3186 8566 3320 2302
is_linear=0
shrinkage=0.05


Tree=3
num_leaves=15
num_cat=0
split_feature=83 83 83 83 83 27 13 17 10 28 21 47 55 56
split_gain=18574.9 2377.81 1819.57 495.107 443.481 358.289 208.597 196.478 191.002 183.867 178.919 163.638 174.779 137.262
threshold=4.0829830057635155 1.2995483511663568 9.095366925243944 5.761419550488255 2.8269974047177802 11.837500000000002 0.0088901471736282604 1.3798076923076925 0.18367872329541449 2.1330000000000005 10.247641509433963 0.58711549024993148 12.953125000000002 4.1437127301011154
decision_type=2 2 2 2 2 10 10 10 8 10 8 2 2 2
left_child=1 9 3 -2 7 8 -5 -3 13 -1 -10 12 -7 -4
right_child=2 4 5 6 -6 11 -8 -9 10 -11 -12 -13 -14 -15
leaf_value=-0.085613809769076829 0.03147456104926049 -0.038568078339632467 0.11168270434169014 0.067818061544928518 -0.0010119551779262863 0.21300286202160199 0.1352994275283845 0.012374005034651445 0.16305484636142964 -0.045219427310857013 0.10071294521259158 0.12510908090883152 0.13157431048817445 0.059609920523977469
leaf_weight=2833.157810755074 1233.5615104883909 2904.9697430729866 230.65435808897018 1746.3697530180216 1359.2587724104524 174.44614613801241 122.86740502715111 202.01302786916494 202.37782181799412 316.83528736233711 287.08882816880941 266.30263798683882 117.72664348781109 290.49778959155083
leaf_count=7365 3542 8216 558 4994 3728 451 270 466 447 874 751 797 340 746
internal_value=-0.000161112 -0.0483059 0.0783193 0.0560989 -0.0248346 0.122195 0.0723237 -0.035253 0.104213 -0.0815665 0.126769 0.154491 0.180753 0.0828263
internal_weight=12288.1 7616.23 4671.89 3102.8 4466.24 1569.09 1869.24 3106.98 1010.62 3149.99 489.467 558.475 292.173 521.152
internal_count=33545 20649 12896 8806 12410 4090 5264 8682 2502 8239 1198 1588 791 1304
is_linear=0
shrinkage=0.05


Tree=4
num_leaves=15
num_cat=0
split_feature=83 83 83 83 27 83 83 12 55 55 18 29 58 56
split_gain=17087.5 2665.02 1487.28 576.115 286.08 269.631 267.871 189.367 181.758 275.064 149.32 108.176 127.168 106.151
threshold=4.6521224450548297 1.4472898573692821 9.3884999101612667 2.9335527926775855 11.837500000000002 0.9054371708094523 5.761419550488255 0.0086846728151075987 13.44871323529412 14.467647058823532 6.1909090909090922 0.1516612691185095 18.352941176470591 4.1437127301011154
decision_type=2 2 2 2 10 2 2 10 2 2 8 8 2 2
left_child=1 5 6 -3 8 -1 -2 11 10 -10 -4 13 -13 -8
right_child=2 3 4 -5 -6 -7 7 -9 9 -11 -12 12 -14 -15
leaf_value=-0.086140787895556375 0.036046806725279365 -0.030420738009791806 0.063946885917158885 0.0064453953288595052 0.15230177337928708 -0.057895980423943762 0.077419045888335911 0.13015085807728749 0.19621880213488807 0.098410420643482224 0.11730167072018183 0.039290570322047136 0.09019738824395547 0.045040544470223529
leaf_weight=2113.6185131892562 792.69274016469717 2910.7875918000937 302.69667061418295 1665.6163930371404 545.02428718656301 1425.8086597174406 391.22030540555716 124.40762121975422 118.23644381016493 192.75564862787724 238.24987680464983 153.98526357859373 649.8003019541502 737.40796922892332
leaf_count=5227 2243 8041 652 4638 1564 4103 1232 257 288 510 672 375 1728 2127
internal_value=0.000311954 -0.0422084 0.0815672 -0.0170046 0.12383 -0.0747823 0.060812 0.0703343 0.105458 0.136106 0.0876191 0.066418 0.0805059 0.0563226
internal_weight=12362.3 8115.83 4246.48 4576.4 1396.96 3539.43 2849.51 2056.82 851.939 310.992 540.947 1932.41 803.786 1128.63
internal_count=33657 22009 11648 12679 3686 9330 7962 5719 2122 798 1324 5462 2103 3359
is_linear=0
shrinkage=0.05


Tree=5
num_leaves=15
num_cat=0
split_feature=83 83 83 83 33 83 83 82 33 32 15 52 24 83
split_gain=15081.6 1930.01 1374.6 407.977 347.493 324.282 210.949 195.53 170.357 149.397 274.609 109.543 150.685 102.19
threshold=4.0829830057635155 1.3890916676443608 9.1772418601304029 5.761419550488255 0.64583333333333337 2.3736383639577308 14.241248018299212 0.53500000000000014 1.3541666666666667 1.0000000180025095e-35 0.6374830447707448 240.3484848484849 1.5866666666666667 0.78584357326651344
decision_type=2 2 2 2 8 2 2 10 10 8 8 10 8 2
left_child=1 7 3 -2 -4 -3 8 13 -6 -5 -11 12 -10 -1
right_child=2 5 4 9 6 -7 -8 -9 11 10 -12 -13 -14 -15
leaf_value=-0.085525918221063937 0.02863291625339345 -0.035384711792908072 0.030553276173092676 0.059177944035099642 0.084472962941654031 -0.0077710223460386134 0.16683342089902448 -0.041844410666020092 0.18241235290132873 0.14010982825731075 0.042145894400336316 0.099432643096203838 0.11809519162468861 -0.066403493989750928
leaf_weight=1683.649446927011 1271.2162154614925 2206.7224210649729 131.25186832249165 1649.8331186175346 472.9688241481781 2052.2275898009539 180.03448352217674 449.05658920109272 143.15130826085806 166.6412548199296 126.85236715525389 296.6886737421155 284.54711004346609 1241.3623187094927
leaf_count=4035 3601 6146 310 4678 1143 5626 511 1104 352 414 343 989 653 3734
internal_value=-0.00101897 -0.0444702 0.0691959 0.0506903 0.108567 -0.0220837 0.115974 -0.0727128 0.108193 0.0650969 0.0980552 0.123543 0.139998 -0.0774359
internal_weight=12356.2 7633.02 4723.19 3214.54 1508.64 4258.95 1377.39 3374.07 1197.36 1943.33 293.494 724.387 427.698 2925.01
internal_count=33639 20645 12994 9036 3958 11772 3648 8873 3137 5435 757 1994 1005 7769
is_linear=0
shrinkage=0.05


Tree=6
num_leaves=15
num_cat=0
split_feature=83 83 83 83 83 83 12 36 28 27 47 33 51 51
split_gain=13699.6 1652.33 1252.33 571.717 287.525 203.908 192.933 165.85 174.637 165.638 124.142 173.837 137.339 135.6
threshold=4.0333603767404504 1.3540660386833963 10.016333557130105 5.761419550488255 2.4296287419700007 14.837125319116364 0.010811093668236528 0.042243247278641614 2.1330000000000005 12.116666666666669 0.62469028741328059 1.7823529411764707 3.859099264705883 4.3893623966342679
decision_type=2 2 2 2 2 2 10 8 8 10 2 8 10 8
left_child=1 7 3 -2 -3 10 9 -1 -9 -5 11 13 -13 -4
right_child=2 4 5 6 -6 -7 -8 8 -10 -11 -12 12 -14 -15
leaf_value=-0.075477528277397066 0.026081754951656252 -0.032616557502657462 0.11849012006150202 0.060841710340595781 -0.0066259017240415845 0.17267656205377788 0.12615309704319788 -0.06398097306450351 -0.017578813031536519 0.12131748826153706 0.060130163065319403 0.1801602674108852 0.11665935551423195 0.057108720589939203
leaf_weight=2280.7130115777254 1271.1622942388058 2360.5213738381863 179.87815890461206 2118.7082661688328 1937.9705145135522 134.16165646910667 133.16729409992695 725.07121707499027 282.66514626145363 119.86784809082747 130.27732548117638 123.32413164526224 320.26058526337147 186.24408528953791
leaf_count=5949 3642 6583 504 5930 5331 399 258 1810 896 294 386 369 832 424
internal_value=0.000279506 -0.0413197 0.0671826 0.0531671 -0.020903 0.114622 0.0676667 -0.0679929 -0.0509957 0.0641327 0.106161 0.113484 0.134679 0.0875064
internal_weight=12304 7586.94 4717.05 3642.91 4298.49 1074.15 2371.74 3288.45 1007.74 2238.58 939.984 809.707 443.585 366.122
internal_count=33607 20569 13038 10124 11914 2914 6482 8655 2706 6224 2515 2129 1201 928
is_linear=0
shrinkage=0.05


Tree=7
num_leaves=15
num_cat=0
split_feature=83 83 83 83 83 83 33 83 32 15 30 39 47 56
split_gain=12180.2 1539.38 1166.67 372.317 296.805 234.883 223.351 174.257 160.9 147.976 133.829 122.371 131.189 121.455
threshold=3.9849404684618133 1.4472898573692821 9.095366925243944 5.761419550488255 14.837125319116364 2.6333673605956407 0.71008403361344541 0.89159629070344348 1.0000000180025095e-35 0.6374830447707448 0.0036626940785155801 24.778918548939085 0.58080080663481348 4.4759874266329236
decision_type=2 2 2 2 2 2 8 2 8 8 10 2 2 2
left_child=1 7 3 -2 6 -3 -4 -1 10 -10 13 -8 -13 -5
right_child=2 5 4 8 -6 -7 11 -9 9 -11 -12 12 -14 -15
leaf_value=-0.073172959310697006 0.025660257641505903 -0.027859623896652991 0.03638942852276697 0.06791591427580225 0.17013350502906943 -0.0029981362480520648 0.072304489912626696 -0.050464582870224553 0.12480686320996998 0.052032352933471297 0.0040387977825167495 0.12490954465515065 0.08615526576313158 0.03700056929291802
leaf_weight=2037.1720563471317 1377.1084005534649 2481.7105120569468 164.89684222638607 981.83592781424522 131.51240653544664 1539.332644186914 335.50246763974428 1464.959706351161 167.18212852627039 123.43778275698423 125.63856901228428 516.91813838481903 400.42414757609367 476.11564254760742
leaf_count=5028 3896 6890 387 2902 386 4201 772 4273 408 337 311 1225 1273 1287
internal_value=0.000245792 -0.03946 0.0624656 0.045427 0.098171 -0.0183453 0.0913805 -0.063691 0.0599294 0.0941811 0.0535881 0.0985835 0.108105 0.0578523
internal_weight=12323.7 7523.17 4800.57 3251.32 1549.25 4021.04 1417.74 3502.13 1874.21 290.62 1583.59 1252.84 917.342 1457.95
internal_count=33576 20392 13184 9141 4043 11091 3657 9301 5245 745 4500 3270 2498 4189
is_linear=0
shrinkage=0.05


Tree=8
num_leaves=15
num_cat=0
split_feature=83 83 83 83 83 83 29 17 56 27 56 76 13 20
split_gain=11005.1 1643.24 864.732 439.686 205.899 188.997 160.923 147.995 141.561 126.194 139.595 158.964 120.669 107.138
threshold=4.6521224450548297 1.2995483511663568 10.016333557130105 2.9335527926775855 6.1182802405481311 14.241248018299212 0.030222910544731831 1.591666666666667 4.0234430333374052 12.116666666666669 4.0642923425413029 0.89826395089285727 0.0053441750363697115 0.81666666666666654
decision_type=2 2 2 2 2 2 10 10 2 10 2 8 8 10
left_child=1 6 4 7 -2 8 -1 -3 -4 10 11 -6 13 -12
right_child=2 3 5 -5 9 -7 -8 -9 -10 -11 12 -13 -14 -15
leaf_value=-0.067190625327461548 0.033141487605401504 -0.029176205045725365 0.061338333279141594 0.0043693888485827536 0.12986799185728756 0.14984276313195319 -0.032942060965179203 0.028626702286838696 0.10605866186912771 0.10533660650621574 0.057669401877112753 0.064067279723197756 0.078379220931855842 0.027480310260149327
leaf_weight=2731.7973321154714 1024.480580508709 3177.4761773198843 250.12245135009289 1663.4394749999046 119.75281269848347 183.93142078816891 395.61862124502659 113.96986971050501 651.68451152741909 146.35562535375357 568.32056759297848 408.08415625244379 284.43914806097746 614.80019470304251
leaf_count=7110 2906 8838 740 4621 265 528 1081 277 1665 321 1343 1401 647 1807
internal_value=-0.000242636 -0.0344978 0.0648636 -0.0165807 0.0516305 0.103371 -0.0628701 -0.0271666 0.0937368 0.060455 0.0571119 0.0792131 0.0491143 0.0420183
internal_weight=12334.3 8082.3 4251.97 4954.89 3166.23 1085.74 3127.42 3291.45 901.807 2141.75 1995.4 527.837 1467.56 1183.12
internal_count=33550 21927 11623 13736 8690 2933 8191 9115 2405 5784 5463 1666 3797 3150
is_linear=0
shrinkage=0.05


Tree=9
num_leaves=15
num_cat=0
split_feature=83 83 83 83 83 12 75 75 6 5 22 33 11 51
split_gain=10276.1 1567.86 756.538 278.456 258.512 200.573 203.084 200.093 144.762 142.859 130.692 128.797 120.303 119.563
threshold=4.7720898982763451 1.7868418121732252 10.016333557130105 0.9054371708094523 3.0802567397680378 0.0085902361319340342 7.4250000000000007 14.275 8.223418282144852 13.558333333333334 0.69716905901116444 1.0666666666666667 0.18113777783476934 4.6716820121266567
decision_type=2 2 2 2 2 10 10 8 8 10 8 8 10 8
left_child=1 3 5 -1 -3 6 -2 11 9 -9 -8 -4 -12 -13
right_child=2 4 7 -5 -6 -7 10 8 -10 -11 12 13 -14 -15
leaf_value=-0.065744634011837624 0.038416811270874832 -0.019397366433781569 0.044612098129191036 -0.040193971816764762 0.0069966655773913396 0.10572476183400717 0.043763505020889097 0.10931712789690756 0.094322293042664693 0.19297421617686097 0.067276732392565042 0.11264942299512322 0.11670082290486315 0.060749608629649302
leaf_weight=2099.6646311357617 1779.8381108939648 2305.9606609120965 160.57865829765797 2182.2932939082384 1550.9987606704235 164.54806658625603 433.01061651110649 96.832512177526951 173.986228749156 122.15955028682947 539.22128887474537 356.48010627925396 162.76100261509418 167.241505458951
leaf_count=5186 5364 6338 307 6284 4352 348 1170 422 633 441 1252 735 306 375
internal_value=0.000754554 -0.031911 0.0647074 -0.0527352 -0.00878447 0.0520604 0.0489957 0.100777 0.129364 0.156648 0.0655367 0.0841951 0.0788859 0.0962235
internal_weight=12295.6 8138.92 4156.66 4281.96 3856.96 3079.38 2914.83 1077.28 392.978 218.992 1134.99 684.3 701.982 523.722
internal_count=33513 22160 11353 11470 10690 8440 8092 2913 1496 863 2728 1417 1558 1110
is_linear=0
shrinkage=0.05


Tree=10
num_leaves=15
num_cat=0
split_feature=83 83 83 83 33 39 51 6 80 21 83 36 57 20
split_gain=9362.83 1308.95 796.743 347.102 243.637 160.543 182.991 253.391 243.698 271.29 155.585 141.581 126.718 109.035
threshold=4.6521224450548297 1.2995483511663568 9.1772418601304029 2.8269974047177802 0.71008403361344541 24.346338124572213 4.4083551293228718 8.223418282144852 8.0650000000000031 9.6715686274509824 6.1182802405481311 0.12252053533379727 231.58823529411768 -1.5457720573627176e-16
decision_type=2 2 2 2 8 2 10 10 10 10 2 8 2 8
left_child=1 11 10 13 -4 -6 7 8 -7 -10 -2 -1 -8 -3
right_child=2 3 4 -5 5 6 12 -9 9 -11 -12 -13 -14 -15
leaf_value=-0.059772960682720068 0.028570852786050257 0.023119617630596116 0.030422541593441068 0.0020268131797167035 0.06269577122615641 0.086079663155108732 0.11334633347219868 0.058252141610392917 0.20658696498494866 0.11975180046495154 0.053279943958921154 -0.021095863779663757 0.054085347714067283 -0.02725236817978012
leaf_weight=2896.1048012599349 1026.4274117723107 110.66796146333218 159.31171525269747 1813.0206041112542 291.10423492640257 175.55404251813889 148.29912855476141 133.93855123221874 165.28854875266552 211.36071582138538 1697.9711642488837 259.19601985067129 237.99878905713558 3018.8371898084879
leaf_count=7539 2874 290 384 5064 666 715 342 403 286 517 4740 700 646 8450
internal_value=8.58644e-05 -0.0314486 0.0602028 -0.0153816 0.0891695 0.0960059 0.104981 0.12056 0.13554 0.158305 0.0439846 -0.0566035 0.0770695 -0.0254643
internal_weight=12345.1 8097.83 4247.25 4942.53 1522.86 1363.54 1072.44 686.142 552.203 376.649 2724.4 3155.3 386.298 3129.51
internal_count=33616 22043 11573 13804 3959 3575 2909 1921 1518 803 7614 8239 988 8740
is_linear=0
shrinkage=0.05


Tree=11
num_leaves=15
num_cat=0
split_feature=83 83 83 83 29 83 82 39 51 19 79 8 11 14
split_gain=8054.51 1291.97 629.482 272.876 155.139 154.527 143.97 132.934 204.671 115.526 111.011 101.831 97.6602 96.924
threshold=4.6521224450548297 1.3890916676443608 10.016333557130105 2.3736383639577308 0.031299741335819441 5.6941947579988872 14.075000000000001 24.778918548939085 4.3893623966342679 0.36038961038961043 -0.28210604169850068 12.910533851323645 0.072692813026839095 0.51458041958041967
decision_type=2 2 2 2 10 2 8 2 10 10 10 10 8 8
left_child=1 4 5 -3 -1 -2 7 -4 -9 11 -8 -7 -5 -14
right_child=2 3 6 12 -6 9 10 8 -10 -11 -12 -13 13 -15
leaf_value=-0.056435641570560302 0.024657419179044574 -0.024959258247379334 0.038018600473465988 -0.0074568490263146603 -0.023677279828326299 0.045515109172605379 0.0747751330072393 0.11791211879003856 0.050224979906905054 0.10039613016180622 0.12967834045902096 0.086481748609657724 0.039201050125121872 0.0016722395534396663
leaf_weight=2987.2341674491763 733.48828335106373 2189.6110569015145 186.20600774884224 1743.6475986689329 413.47184333950281 2146.5167091786861 143.27176196873188 257.4818834066391 200.98791752755642 112.31455063819885 287.65838354825974 163.83955925703049 252.66299295425415 534.998170748353
leaf_count=7776 2095 6088 384 4861 1164 5920 765 522 402 205 830 443 703 1414
internal_value=0.000173709 -0.0289687 0.0560976 -0.0120386 -0.0524609 0.0448147 0.0891329 0.0739385 0.0884127 0.0509048 0.11164 0.0484564 -0.000856689 0.013745
internal_weight=12353.4 8121.63 4231.77 4720.92 3400.71 3156.16 1075.61 644.676 458.47 2422.67 430.93 2310.36 2531.31 787.661
internal_count=33572 22006 11566 13066 8940 8663 2903 1308 924 6568 1595 6363 6978 2117
is_linear=0
shrinkage=0.05


Tree=12
num_leaves=15
num_cat=0
split_feature=83 83 83 12 9 83 75 6 57 50 83 56 50 40
split_gain=7142.68 1002.96 652.29 261.217 221.377 191.62 171.644 167.009 157.502 131.977 129.013 127.285 155.547 102.951
threshold=4.309840822059642 1.7679584404685647 9.095366925243944 0.010883500557413604 16.594666666666672 0.89159629070344348 7.4250000000000007 6.3598391959517491 227.84375000000003 14.305000000000001 2.9335527926775855 3.9866605957555801 10.669047619047621 3.5000000000000004
decision_type=2 2 2 10 10 2 10 10 2 10 2 2 10 2
left_child=1 5 3 6 7 -1 -2 9 -9 11 -3 -4 -13 -10
right_child=2 10 4 -5 -6 -7 -8 8 13 -11 -12 12 -14 -15
leaf_value=-0.05685906043769709 0.024940535312223566 -0.017513971709906175 0.053201022312066151 0.11050302230443106 0.12870555820721094 -0.035579849440243283 0.05257320996225822 0.086529395117247304 -0.0057605612794592309 0.048937510341164621 0.002015414403099412 0.08135980012471461 0.1378872762439409 0.049886321596625365
leaf_weight=2059.793815292418 2042.5036886632442 2171.8743231296539 159.04110596328974 111.00931742787361 174.07474014908075 2192.8042156621814 776.80472633242607 156.53716076165438 146.05669348686934 235.13899663090706 1384.1891355514526 301.62726176530123 212.36298678070307 191.30512041598558
leaf_count=5064 6042 5933 430 230 486 6346 1985 393 447 589 3835 697 492 579
internal_value=-0.0005875 -0.0295139 0.0495308 0.0355591 0.0754675 -0.0458976 0.0325701 0.0687707 0.045217 0.0815162 -0.00991378 0.0928089 0.104937 0.0258489
internal_weight=12315.1 7808.66 4506.46 2930.32 1576.14 4252.6 2819.31 1402.07 493.899 908.17 3556.06 673.031 513.99 337.362
internal_count=33548 21178 12370 8257 4113 11410 8027 3627 1419 2208 9768 1619 1189 1026
is_linear=0
shrinkage=0.05


Tree=13
num_leaves=15
num_cat=0
split_feature=36 3 75 27 36 77 41 11 56 56 43 15 3 41
split_gain=5279.99 1044.02 567.171 483.734 377.092 255.884 244.76 231.555 137.973 206.92 146.544 144.23 147.721 132.808
threshold=0.2383229192058193 5.1041666666666679 2.7650000000000001 11.837500000000002 0.048208593840708115 0.43468975998323028 145.50000000000003 0.072692813026839095 5.0455900918549483 4.4637807588916472 60.607692307692311 0.90300943102542619 6.9527777777777784 166.50000000000003
decision_type=8 8 10 8 10 8 10 10 2 2 8 10 10 8
left_child=2 7 4 5 13 -3 -5 -2 9 11 -11 12 -7 -1
right_child=1 3 -4 6 -6 8 -8 -9 -10 10 -12 -13 -14 -15
leaf_value=-0.030493261120555695 -0.011587632959160002 0.0099737294685027632 0.010401124010896608 0.070802053832154765 -0.022432778312290593 0.029229882688234055 0.1358957398877359 0.023938184902189734 0.10029218177391049 -0.025575023387703795 0.034301861105686914 0.10859696235355468 0.064215742251446079 -0.05420862494434639
leaf_weight=837.36928743124008 917.99667001515627 515.07965409755707 808.24942502379417 750.54365859925747 3235.9500887989998 477.14831721037626 180.28990360349417 914.83321799337864 124.31048601865768 129.36320190131664 474.50818187743425 120.97732672095299 832.77067054063082 2040.6620838940144
leaf_count=2311 2517 1264 2044 2157 9012 1372 470 2337 259 314 1368 371 2358 5446
internal_value=1.13441e-05 0.0368788 -0.0289514 0.0524967 -0.0341545 0.0416631 0.0835421 0.006148 0.049215 0.0460468 0.0214538 0.0564034 0.0515039 -0.0473216
internal_weight=12360.1 5437.82 6922.23 3604.99 6113.98 2674.16 930.834 1832.83 2159.08 2034.77 603.871 1430.9 1309.92 2878.03
internal_count=33600 14787 18813 9933 16769 7306 2627 4854 6042 5783 1682 4101 3730 7757
is_linear=0
shrinkage=0.05


Tree=14
num_leaves=15
num_cat=0
split_feature=83 83 83 83 83 75 12 56 27 57 30 30 51 52
split_gain=6532.14 1021.99 600.166 177.677 164.183 156.193 133.062 139.578 154.392 167.476 140.937 180.447 239.296 131.681
threshold=4.7720898982763451 1.7868418121732252 10.016333557130105 0.9054371708094523 3.0442140685305268 13.865 0.0085902361319340342 4.4759874266329236 11.099095022624438 251.91176470588238 0.0036626940785155801 0.0020920868347338939 3.3659344124448185 245.48076923076925
decision_type=2 2 2 2 2 8 10 2 8 2 10 10 8 10
left_child=1 3 6 -1 -3 13 7 10 9 -9 11 12 -2 -4
right_child=2 4 5 -5 -6 -7 -8 8 -10 -11 -12 -13 -14 -15
leaf_value=-0.053187915420986769 0.11597299484126827 -0.015942339727484375 0.084415250205062478 -0.032824501331973975 0.0050523272099094706 0.10732422529015401 0.083551262638497284 0.029541539642736071 0.064903761236024843 -0.018136272796939738 -0.0073899640914128241 0.095322111402617912 0.038101554127806268 0.037472665679038945
leaf_weight=2100.995237596333 104.66636759787798 2261.2466114759445 424.658646941185 2201.8016064018011 1582.0676229670644 413.42367015779018 163.58203293383121 511.73937591910362 169.18959228694439 286.60801766812801 120.74098706245422 183.49088910222054 1558.360220529139 234.16127529740334
leaf_count=5219 342 6186 806 6318 4451 1535 340 1286 450 789 292 370 4619 558
internal_value=1.06196e-05 -0.0260428 0.0508926 -0.0427777 -0.007301 0.0831329 0.0397121 0.0372409 0.0216584 0.0124239 0.0448899 0.0483105 0.0430693 0.0678127
internal_weight=12316.7 8146.11 4170.62 4302.8 3843.31 1072.24 3098.38 2934.8 967.537 798.347 1967.26 1846.52 1663.03 658.82
internal_count=33561 22174 11387 11537 10637 2899 8488 8148 2525 2075 5623 5331 4961 1364
is_linear=0
shrinkage=0.05


Tree=15
num_leaves=15
num_cat=0
split_feature=83 83 83 83 17 31 24 4 53 33 76 46 11 58
split_gain=5351.08 732.649 596.902 177.877 153.621 153.609 190.734 149.106 148.002 123.177 98.0228 93.1326 133.984 111.785
threshold=4.0333603767404504 1.0985581870711181 9.3884999101612667 6.1971418729679177 1.7416666666666669 0.81029411764705894 1.9040000000000008 13.74840434770058 2.3693181818181821 0.24999999999999989 0.77282857142857153 64.97058823529413 0.18938516242521508 18.029411764705888
decision_type=2 2 2 2 10 10 8 8 10 8 8 2 10 2
left_child=1 -1 3 -2 9 7 -7 8 -4 -3 -5 12 13 -12
right_child=2 4 5 10 -6 6 -8 -9 -10 -11 11 -13 -14 -15
leaf_value=-0.047203322113322323 0.017667058888675886 -0.027912926468198165 0.018335579742349846 0.079145686448429134 0.021417125464213194 0.12886010240672327 0.066094516968847813 0.08713733252225303 0.06629113625741001 -0.010822023107447789 -0.0017876417588148946 0.016842905755418195 0.09324721872764713 0.04491437393216937
leaf_weight=2662.0379066467285 1582.6904236972332 1621.3119430169463 317.09043607860804 151.73412749171257 277.91299909353256 197.78874787688255 322.3016899600625 270.23558655381203 327.82534798234701 3017.6260613724589 148.60269870609045 421.79601134359837 124.31806870549917 925.6768693625927
leaf_count=6801 4476 4372 830 336 722 554 784 772 801 8593 370 1504 307 2393
internal_value=6.43208e-05 -0.0260798 0.0414266 0.0298669 -0.014636 0.0684075 0.0901656 0.0559573 0.0427774 -0.0168 0.0407464 0.0371041 0.0442142 0.0384585
internal_weight=12368.9 7578.89 4790.06 3354.82 4916.85 1435.24 520.09 915.151 644.916 4638.94 1772.13 1620.39 1198.6 1074.28
internal_count=33615 20488 13127 9386 13687 3741 1338 2403 1631 12965 4910 4574 3070 2763
is_linear=0
shrinkage=0.05


Tree=16
num_leaves=15
num_cat=0
split_feature=83 83 17 83 33 31 6 4 28 44 3 56 50 17
split_gain=4861.89 811.992 434.203 190.975 167.017 139.913 202.188 170.591 136.973 112.951 102.265 110.364 102.727 96.8832
threshold=4.6521224450548297 1.2995483511663568 3.8397435897435903 2.9335527926775855 3.1291666666666669 0.787638888888889 8.1184229939094035 14.50985545445368 2.1330000000000005 0.56597197476895533 5.1041666666666679 4.0642923425413029 14.249000000000001 1.5505050505050508
decision_type=2 2 10 2 10 10 8 10 10 10 8 2 8 10
left_child=1 8 4 13 10 7 -7 9 -1 -4 12 -12 -2 -3
right_child=2 3 5 -5 -6 6 -8 -9 -10 -11 11 -13 -14 -15
leaf_value=-0.045733303948996822 0.0037124731203394042 -0.018591833584911958 0.070314788787619903 0.0039103973091506273 0.071184129751994674 0.11754194713419652 0.046669056057078287 0.10326277334043271 -0.011036572419754148 0.026666940230834782 0.055497683996083791 0.028718829833931033 0.04119015185634628 0.025467981009329677
leaf_weight=2843.6222842261195 588.86663841456175 3140.8506570383906 247.4776673913002 1675.7159567326307 266.92632599920034 275.71842772513628 161.29236645251513 152.40960792452097 316.87860427796841 372.68746098130941 534.40616523474455 1389.7190918251872 264.33128409087658 129.08606696873903
leaf_count=7380 1580 8843 591 4642 638 820 459 441 887 1031 1683 3693 697 312
internal_value=0.000248974 -0.0224672 0.0435323 -0.00981332 0.0334438 0.0688744 0.0915504 0.0559458 -0.0422591 0.0441698 0.0297923 0.0361813 0.0153582 -0.0168452
internal_weight=12360 8106.15 4253.84 4945.65 3044.25 1209.59 437.011 772.575 3160.5 620.165 2777.32 1924.13 853.198 3269.94
internal_count=33697 22064 11633 13797 8291 3342 1279 2063 8267 1622 7653 5376 2277 9155
is_linear=0
shrinkage=0.05


Tree=17
num_leaves=15
num_cat=0
split_feature=83 83 83 83 51 39 17 55 83 32 82 76 50 20
split_gain=4862.1 617.453 576.436 226.158 164.259 183.842 156.061 138.612 126.605 122.548 136.871 122.485 119.705 100.94
threshold=3.9849404684618133 1.0985581870711181 10.016333557130105 5.761419550488255 4.3893623966342679 24.517453798767971 1.8397435897435901 11.582426470588237 3.0802567397680378 1.0000000180025095e-35 8.9550000000000018 0.86096685295653164 12.479285714285718 -1.6838382540148204e-16
decision_type=2 2 2 2 8 2 10 2 2 8 8 10 10 8
left_child=1 -1 3 -2 5 -4 8 -7 13 -5 -11 -6 -9 -3
right_child=2 6 4 9 11 7 -8 12 -10 10 -12 -13 -14 -15
leaf_value=-0.043544894715671037 0.014575974947611023 0.027314859173906948 0.038917619512545222 0.035540419821977011 0.085543506518255485 0.14554813225919769 0.029453670588752867 0.053667856803877007 0.0028955333394120042 0.091665481499866891 0.026208852184405801 0.033279145494663952 0.11768987837909457 -0.02047388920466886
leaf_weight=2641.0361663103104 1342.2798653766513 112.98415199667215 134.27749463170767 2019.3155504539609 171.03637763112783 149.41504886001348 201.43134970963001 149.69841898232698 787.02687922865152 219.06069797277451 127.01062759011984 328.82286433875561 147.51277724653482 3789.8207203224301
leaf_count=6790 3820 306 317 5562 513 432 525 466 2141 463 409 752 446 10662
internal_value=0.000975775 -0.0240668 0.0403651 0.030984 0.0724893 0.0906051 -0.0135429 0.106023 -0.0153955 0.040285 0.0677872 0.0512975 0.0857316 -0.0190838
internal_weight=12320.7 7532.3 4788.43 3707.67 1080.76 580.904 4891.26 446.626 4689.83 2365.39 346.071 499.859 297.211 3902.8
internal_count=33604 20424 13180 10254 2926 1661 13634 1344 13109 6434 872 1265 912 10968
is_linear=0
shrinkage=0.05


Tree=18
num_leaves=15
num_cat=0
split_feature=83 83 9 27 3 50 56 66 11 43 41 50 44 52
split_gain=4218.32 685.381 320.741 227.963 141.113 135.158 185.884 184.721 125.162 119.436 108.7 112.514 102.632 129.337
threshold=4.7720898982763451 1.7868418121732252 16.594666666666672 11.099095022624438 0.45192307692307704 11.012698412698414 4.3205336084905666 5.5000000000000009 0.072692813026839095 59.516666666666673 43.500000000000007 9.25346153846154 0.53058996524373947 237.22500000000002
decision_type=2 2 10 10 10 8 2 2 8 8 10 10 8 10
left_child=1 4 3 5 -1 6 10 -7 -3 -5 11 -2 13 -9
right_child=2 8 -4 9 -6 7 -8 12 -10 -11 -12 -13 -14 -15
leaf_value=-0.040636220022470693 0.087281911911292226 -0.011054013863629373 0.10310869054154473 0.022418744804720073 -0.020864468519456073 0.097775689739173013 -0.0028408032260793365 0.029736082535601685 0.009400081134146622 0.07525246411649178 0.01787936693962245 0.02352740876338414 0.030516309174796159 0.087688259474790531
leaf_weight=3010.9806898161769 161.52023863047361 2854.7680644914508 196.45672472566366 135.46052704751492 1293.7681990414858 128.44729755073786 540.59519194811583 191.44719211757183 1012.4311749339104 527.47896094620228 334.2324797436595 122.22554722428322 1628.0417447015643 195.87343488633633
leaf_count=7900 431 7936 549 238 3645 351 1431 379 2776 1604 924 343 4570 551
internal_value=-0.000110964 -0.0209779 0.040858 0.0377486 -0.0347002 0.0323592 0.0185753 0.0397962 -0.00569809 0.0645068 0.037284 0.0599983 0.0360543 0.0591936
internal_weight=12333.7 8171.95 4161.78 3965.32 4304.75 3302.38 1158.57 2143.81 3867.2 662.939 617.978 283.746 2015.36 387.321
internal_count=33628 22257 11371 10822 11545 8980 3129 5851 10712 1842 1698 774 5500 930
is_linear=0
shrinkage=0.05


Tree=19
num_leaves=15
num_cat=0
split_feature=83 83 83 69 33 28 3 3 81 56 56 20 55 7
split_gain=3633.12 462.37 382.671 162.253 143.324 133.858 97.9429 96.4114 127.77 115.839 212.069 98.7313 92.5837 130.819
threshold=3.926662912294629 1.7679584404685647 6.8996995854971157 0.29718230653520988 2.9321266968325794 2.1330000000000005 7.8759615384615396 11.169047619047621 10.255000000000001 4.0055557198044793 4.3998369535179362 0.91608391608391615 12.509375000000002 8.9077435897435908
decision_type=2 2 2 2 10 10 10 10 10 2 2 10 2 8
left_child=1 5 6 4 7 -1 -2 11 9 -9 -11 12 13 -4
right_child=2 -3 3 -5 -6 -7 -8 8 -10 10 -12 -13 -14 -15
leaf_value=-0.036443316173511785 0.014397116426577983 -0.0075855857026487913 -0.0088207828732697214 0.095131669906976732 0.07115116529543529 -0.011396343103391222 0.052792142542667675 0.021001427975872553 0.0081576535114572055 0.11855493352766532 0.041471868643466664 0.017506745561140003 0.058713327299859633 0.046005071920396934
leaf_weight=3599.2752770408988 1937.4153580889106 3223.5129831880331 165.97123441100121 157.95808693766594 384.28472179919481 627.55801445990801 180.91792224347591 106.06760788708925 114.58701311051846 181.80302037298679 177.52913993597031 698.67284585535526 449.75891660898924 313.32774467766285
leaf_count=9623 5418 8841 388 402 1038 1713 576 394 298 456 500 2014 1140 750
internal_value=9.64162e-05 -0.0218523 0.0336839 0.0459859 0.0429554 -0.0327282 0.0176996 0.0380176 0.0555394 0.0671628 0.0806926 0.031744 0.0424204 0.0270412
internal_weight=12318.6 7450.35 4868.29 2749.96 2592 4226.83 2118.33 2207.72 579.987 465.4 359.332 1627.73 929.058 479.299
internal_count=33551 20177 13374 7380 6978 11336 5994 5940 1648 1350 956 4292 2278 1138
is_linear=0
shrinkage=0.05


Tree=20
num_leaves=15
num_cat=0
split_feature=83 83 83 33 14 10 54 55 14 76 55 73 76 56
split_gain=3427.87 425.156 352.079 189.752 165.67 187.983 140.261 186.392 166.016 171.466 148.166 142.342 140.571 133.549
threshold=3.926662912294629 1.0985581870711181 6.1182802405481311 0.82352941176470573 0.40045454545454556 0.15423897063197226 25.585714285714293 9.6411764705882366 0.85041666666666693 0.93145548551597146 13.236838235294121 8.5000000000000018 0.96358262059694522 4.4818308874912658
decision_type=2 2 2 8 8 8 10 2 10 10 2 2 10 2
left_child=1 -1 -2 13 -5 -6 7 -7 10 -10 -9 -8 -12 -4
right_child=2 -3 3 4 5 6 11 8 9 -11 12 -13 -14 -15
leaf_value=-0.03698611249818342 0.014222223301540493 -0.012063163685093921 0.036572484287619736 0.11022822236911978 0.028606337260161142 0.12242678914889937 0.070610596659425623 0.029056606002817655 0.051448277353062483 0.14077235648015315 0.10237846766735446 0.0023018188712303224 0.034204202441177466 -0.0064125020900606972
leaf_weight=2653.9405459314585 1645.6133218035102 4818.1978979110718 508.17710668593645 107.25385563820601 885.62557831406593 130.81314367800951 123.40746988356113 446.59935835003853 107.03760443627834 110.64765174686909 181.86298252642155 197.25644957274199 131.37171114981174 279.68670175224543
leaf_count=6808 4647 13419 1358 266 2626 339 359 1066 465 274 488 562 279 656
internal_value=0.000333672 -0.020919 0.033038 0.0426774 0.0496121 0.0467569 0.0579779 0.0664069 0.0587928 0.0972871 0.0476512 0.0287282 0.0739858 0.0213243
internal_weight=12327.5 7472.14 4855.35 3209.74 2421.88 2314.62 1429 1108.33 977.519 217.685 759.834 320.664 313.235 787.864
internal_count=33612 20227 13385 8738 6724 6458 3832 2911 2572 739 1833 921 767 2014
is_linear=0
shrinkage=0.05


Tree=21
num_leaves=15
num_cat=0
split_feature=83 83 83 32 27 17 10 21 33 39 73 55 6 75
split_gain=3051.59 435.616 329.223 271.186 253.056 173.72 137.077 171.035 222.959 130.587 165.966 171.666 116.218 109.847
threshold=3.551210097468767 6.1182802405481311 0.9054371708094523 1.0000000180025095e-35 11.099095022624438 1.8397435897435901 0.1764835858585859 10.247641509433963 1.1715686274509804 27.141683778234093 9.5000000000000018 14.104705882352944 8.223418282144852 6.5050000000000008
decision_type=2 2 2 10 10 10 10 10 8 2 2 2 10 10
left_child=2 -2 -1 4 6 -4 9 8 -8 10 13 -12 -6 -3
right_child=1 3 5 -5 12 -7 7 -9 -10 -11 11 -13 -14 -15
leaf_value=-0.037777979973128067 0.010764935305489762 0.087864501887858382 -0.015864463765080664 0.11640642088095808 0.073756679170230169 0.03928752909843413 0.02872283591267373 0.02196613211849073 0.10984015545838569 0.0053926629410685697 -0.0014094347694105914 0.062268760799167669 0.022340328134165317 0.037951902380607111
leaf_weight=2111.9840014353395 2001.7700042277575 163.22595344483852 4887.9445955678821 112.68987914919853 573.63218788057566 146.14579807221889 154.21571309864521 301.35074695199728 189.51900745183229 677.36956013739109 419.71683877706528 140.50770702213049 137.2588627487421 345.37310156226158
leaf_count=5215 5578 510 13731 266 1649 355 325 835 419 2004 1121 422 380 811
internal_value=1.13339e-05 0.0290829 -0.021212 0.0404819 0.0376873 -0.0142558 0.0298787 0.0495698 0.073636 0.0225802 0.0334576 0.0146439 0.0638745 0.0541115
internal_weight=12362.7 5216.63 7146.07 3214.86 3102.17 5034.09 2391.28 645.085 343.735 1746.19 1068.82 560.225 710.891 508.599
internal_count=33621 14320 19301 8742 8476 14086 6447 1579 744 4868 2864 1543 2029 1321
is_linear=0
shrinkage=0.05


Tree=22
num_leaves=15
num_cat=0
split_feature=83 83 83 32 29 51 30 13 73 83 53 50 53 43
split_gain=2881.93 453.115 235.511 195.261 170.202 190.118 180.022 182.198 176.397 124.394 118.481 113.774 102.297 100.712
threshold=4.6521224450548297 1.0801702477537665 14.241248018299212 1.0000000180025095e-35 0.14667305011060525 3.6814663664508869 0.0025166191832858504 0.00075420398138820394 6.5000000000000009 3.1544610841666372 1.2071428571428573 10.887386363636365 3.2403846153846159 61.759615384615394
decision_type=2 2 2 10 8 8 10 8 2 2 10 8 10 10
left_child=1 -1 3 4 11 8 10 -8 -6 -3 -7 -2 -13 -12
right_child=2 9 -4 -5 5 6 7 -9 -10 -11 13 12 -14 -15
leaf_value=-0.03474883269738032 0.00082650211083127613 -0.01378887927162911 0.089446254829221666 0.092512638198277819 0.032395479009452374 0.055783515800888556 0.09719115311789181 0.026412555798771012 0.11219671303264277 0.0035109681182551341 -0.0022544416705885871 0.020837609911599785 0.060547853496078191 0.028819124665262416
leaf_weight=2601.7281467840075 633.392573595047 4129.1552901566029 177.87211189419031 123.37212046980858 125.30274403095245 245.97161120176315 192.90714330971241 173.1045891046524 156.92166145145893 1387.9232870042324 409.92072381079197 1110.886628113687 189.49331991374493 714.95361589640379
leaf_count=6630 1831 11556 518 252 329 583 383 373 475 3845 906 3319 528 2118
internal_value=-8.44108e-05 -0.0175516 0.0332474 0.0307738 0.0288239 0.0389777 0.0327578 0.0638797 0.0770058 -0.00943693 0.0244078 0.0182075 0.0266663 0.0175035
internal_weight=12372.9 8118.81 4254.1 4076.23 3952.85 2019.08 1736.86 366.012 282.224 5517.08 1370.85 1933.77 1300.38 1124.87
internal_count=33646 22031 11615 11097 10845 5167 4363 756 804 15401 3607 5678 3847 3024
is_linear=0
shrinkage=0.05


Tree=23
num_leaves=15
num_cat=0
split_feature=83 83 33 11 6 55 58 11 30 30 28 4 24 82
split_gain=2460.98 458.024 176.496 179.872 251.473 171.842 134.701 109.669 106.65 142.64 105.614 97.8952 108.824 99.4058
threshold=4.7720898982763451 1.8731887157391232 1.8708333333333336 0.21452715888791649 6.8386280243029534 9.8088235294117663 28.352941176470591 0.072692813026839095 0.004285644910644911 0.0020920868347338939 2.1330000000000005 13.968070883952477 3.1280000000000014 9.8850000000000033
decision_type=2 2 10 10 8 2 2 8 10 10 8 10 10 10
left_child=1 10 3 6 -5 -4 8 -3 9 -2 -1 12 13 -7
right_child=2 7 5 4 -6 11 -8 -9 -10 -11 -12 -13 -14 -15
leaf_value=-0.032864251407553495 0.023674314998552534 -0.0079497144751713555 0.10157259896259077 0.10377394500504478 0.014947500315020174 0.031067403991661902 -0.0086191451938554316 0.011484827886204653 -0.022003701101316765 0.066937406254373208 -0.017314823486215616 0.078254604497099853 -0.01163426992379888 0.075996263929664465
leaf_weight=2658.4016588702798 2052.437857106328 2703.4381861388683 134.97310274094343 164.119847625494 154.74311221390963 527.82553974539042 332.3483968898654 991.24927860498428 112.57234169542789 209.50622533261776 1860.220632404089 150.49008566886187 110.79001517593861 160.93174371123314
leaf_count=6760 5711 7527 373 368 387 1604 854 2725 280 483 5411 512 320 396
internal_value=1.35115e-05 -0.0157931 0.0315915 0.0253724 0.0608483 0.0488953 0.0211725 -0.00273392 0.0253442 0.0277092 -0.0264681 0.0413124 0.0342701 0.0416602
internal_weight=12324 8213.31 4110.74 3025.73 318.863 1085.01 2706.86 3694.69 2374.52 2261.94 4518.62 950.037 799.547 688.757
internal_count=33711 22423 11288 8083 755 3205 7328 10252 6474 6194 12171 2832 2320 2000
is_linear=0
shrinkage=0.05


Tree=24
num_leaves=15
num_cat=0
split_feature=83 83 56 4 56 58 48 22 52 48 11 28 30 79
split_gain=2292.04 386.101 210.261 211.348 135.761 127.087 128.179 146.858 146.479 126.544 184.223 150.097 112.535 127.673
threshold=4.8947369070626925 1.7868418121732252 5.220595385532774 13.968070883952477 4.3651865001037722 23.788602941176475 28.211397058823533 0.72187060478199727 234.06250000000003 22.150735294117649 0.20720212865356061 10.458823529411767 0.0032355112587670732 0.055686438831731071
decision_type=2 2 2 10 2 2 2 10 8 2 8 8 8 8
left_child=1 -1 3 4 5 9 7 8 -7 10 11 -2 13 -6
right_child=2 -3 -4 -5 12 6 -8 -9 -10 -11 -12 -13 -14 -15
leaf_value=-0.025249304559503499 0.043941044283757939 -0.0035177780481049389 0.08991497540222837 0.064035174452410512 -0.021648765074498713 0.11625748999961256 0.10274294773234396 0.0046122313130132122 0.0413104939695213 0.010996681026143011 0.085845224397297637 -0.0083952679430826151 0.038826505130844187 0.016485996339818371
leaf_weight=4277.3181224763393 412.53279224038124 3914.2521514520049 145.85433477163315 385.3587481379509 323.93755042552948 87.182313002645969 102.13916341215372 178.28636109083891 258.91081082820892 798.96417556703091 166.38754321634769 204.44001394510269 303.80934737622738 675.3889273032546
leaf_count=11413 1043 10850 265 1135 492 233 286 530 996 2121 379 592 767 2240
internal_value=0.000337035 -0.0148668 0.0311364 0.0289141 0.0250433 0.032593 0.0516521 0.0415239 0.0604705 0.0250187 0.0392878 0.0266134 0.0122312 0.00411511
internal_weight=12234.8 8191.57 4043.19 3897.34 3511.98 2208.84 626.519 524.379 346.093 1582.32 783.36 616.973 1303.14 999.326
internal_count=33342 22263 11079 10814 9679 6180 2045 1759 1229 4135 2014 1635 3499 2732
is_linear=0
shrinkage=0.05


Tree=25
num_leaves=15
num_cat=0
split_feature=7 27 17 27 56 53 73 80 39 39 5 6 14 33
split_gain=1707.6 343.389 278.573 228.766 150.445 133.225 129.222 118.953 114.071 116.82 111.33 320.253 110.343 109.938
threshold=3.3396000000000003 8.4591666666666701 3.7207792207792214 1.4358288770053478 5.220595385532774 2.63961038961039 12.500000000000002 9.6250000000000018 22.889801505817939 32.907597535934293 14.44166666666667 7.6979274774204907 0.80690476190476201 -1.0000000180025095e-35
decision_type=10 10 10 8 2 10 2 10 2 2 10 8 10 10
left_child=1 3 4 -1 -2 10 7 -7 -5 13 12 -12 -4 -10
right_child=2 -3 5 8 -6 6 -8 -9 9 -11 11 -13 -14 -15
leaf_value=-0.028358235230931089 0.013835108203486863 0.040029726420651536 0.00074101990323323201 0.015104628697415377 0.067639108852695695 0.07694729725643483 0.0990906242948182 0.013965516477071794 -0.023312279889921617 0.036366790512157118 0.11568952907083391 -0.0012550535752898452 0.044910772999191807 -0.0067933814660160298
leaf_weight=2736.2860228717327 3285.3325736373663 273.83495106548071 338.87444103509188 407.87970430403948 134.3671310544014 144.49171504378319 171.00965998321772 155.79303193092346 1781.016424998641 117.64958269894123 122.02049534022808 111.65620142966509 241.67725925147533 2319.3869832754135
leaf_count=7132 9387 706 852 1155 244 417 441 396 5041 361 324 343 749 6057
internal_value=-0.000254775 -0.0148537 0.0234357 -0.0169002 0.0159683 0.0432724 0.064429 0.044426 -0.010118 -0.01256 0.0309625 0.0600434 0.019174 -0.0139723
internal_weight=12341.3 7636.05 4705.22 7362.22 3419.7 1285.52 471.294 300.285 4625.93 4218.05 814.228 233.677 580.552 4100.4
internal_count=33605 20452 13153 19746 9631 3522 1254 813 12614 11459 2268 667 1601 11098
is_linear=0
shrinkage=0.05


Tree=26
num_leaves=15
num_cat=0
split_feature=83 83 83 33 14 15 54 22 51 6 17 28 58 46
split_gain=1843.33 308.193 189.283 169.029 173.715 137.048 162.46 168.753 205.15 130.675 129.519 121.675 110.508 138.205
threshold=3.1544610841666372 5.761419550488255 1.0985581870711181 0.68627450980392168 0.43809090909090914 0.77277917449852251 25.516666666666669 0.68989800874210794 4.4217277272354734 7.4839412799795548 1.7596153846153848 11.011907692307693 18.264705882352946 64.757352941176478
decision_type=2 2 2 8 8 10 10 10 8 8 10 8 2 2
left_child=2 -2 -1 -3 -5 12 7 11 9 -9 -4 -7 -6 -14
right_child=1 3 10 4 5 6 -8 8 -10 -11 -12 -13 13 -15
leaf_value=-0.027715160645780397 0.0063808947790540754 0.0060161084209632868 -0.012095853935903561 0.082052939380813178 -0.0053970610580161352 0.065562752015121351 0.015076096236452849 0.11773481350332776 0.026392399655167931 0.054138398877681765 0.04318259917851542 -0.001725958980670361 0.03929221438971621 0.0041343727529614283
leaf_weight=2687.6917267665267 2160.8393695950508 591.75411536544561 3973.3646223917603 185.69874250888824 284.76543368399143 113.49166050553322 311.29122050851583 232.00638153403997 155.27007434517145 127.95948781818151 107.90682033449411 162.46618370711803 943.16798824816942 397.44510009139776
leaf_count=6840 6081 1630 11108 469 728 355 877 554 379 356 251 498 2368 1251
internal_value=0.00019834 0.0212372 -0.0174134 0.0303909 0.0353377 0.0321287 0.0457381 0.0577677 0.0746538 0.0953404 -0.0106241 0.0260843 0.022875 0.02888
internal_weight=12435.1 5666.16 6768.96 3505.32 2913.56 2727.86 1102.49 791.194 515.236 359.966 4081.27 275.958 1625.38 1340.61
internal_count=33745 15546 18199 9465 7835 7366 3019 2142 1289 910 11359 853 4347 3619
is_linear=0
shrinkage=0.05


Tree=27
num_leaves=15
num_cat=0
split_feature=83 7 83 58 12 15 20 14 5 40 51 51 4 51
split_gain=1788.9 273.056 237.345 200.694 198.831 147.915 294.726 159.531 154.238 153.859 93.4742 99.8114 90.4703 89.88
threshold=3.926662912294629 9.0463636363636386 1.4472898573692821 30.091911764705888 0.020988774743877746 0.74336670470417965 0.84523809523809534 0.69050000000000022 9.7166666666666703 6.5000000000000009 3.8988053201506596 4.1539907460960102 6.9066384326178882 4.5481739305891855
decision_type=2 8 2 2 10 10 10 10 10 2 10 10 10 10
left_child=2 4 -1 5 -2 7 8 9 -7 -3 -8 -12 -11 -13
right_child=1 3 -4 -5 -6 6 10 -9 -10 12 11 13 -14 -15
leaf_value=-0.024070959373329828 0.010930992176615133 0.024050053103923646 -0.0062369790490128772 -0.026953739344638034 0.079565546607523407 0.12545245910556241 0.067593588278799341 -0.0088184208973772008 0.054249601893910641 0.041382091111390323 -0.014826909636695661 0.064815891517907995 0.10001367987801252 0.01403572514302831
leaf_weight=3532.2320273816586 2610.9512191191316 594.45551627129316 3954.8142528012395 113.63442036509514 109.00653901696205 179.2883226275444 170.24660140275955 226.63540140539408 135.95714572072029 139.22185696661472 120.43729439377785 163.28737034648657 128.05354132503271 187.09047104418278
leaf_count=9297 7271 1580 10938 314 202 473 558 598 367 335 353 499 310 539
internal_value=0.000697636 0.0242552 -0.0146528 0.0375323 0.0137099 0.0411276 0.0554791 0.0284782 0.0950132 0.038286 0.0359203 0.0243483 0.069741 0.037818
internal_weight=12365.3 4878.27 7487.05 2158.31 2719.96 2044.67 956.307 1088.37 315.245 861.731 641.062 470.815 267.275 350.378
internal_count=33634 13399 20235 5926 7473 5612 2789 2823 840 2225 1949 1391 645 1038
is_linear=0
shrinkage=0.05


Tree=28
num_leaves=15
num_cat=0
split_feature=83 83 83 56 76 56 47 8 56 32 58 15 56 30
split_gain=1710.38 289.057 194.84 159.19 173.502 211.16 134.089 164.105 127.471 177.574 140.6 251.383 127.329 132.929
threshold=4.6521224450548297 1.4472898573692821 10.016333557130105 4.0234430333374052 2.3499439713133126 4.3651865001037722 0.61142941330539557 13.048039595008364 5.220595385532774 1.0000000180025095e-35 22.029411764705888 0.63011495961802078 4.4759874266329236 0.0033389074693422525
decision_type=2 2 2 2 8 2 2 10 2 8 2 8 2 10
left_child=1 -1 8 -4 6 -6 7 -5 9 12 -11 -12 13 -2
right_child=2 -3 3 4 5 -7 -8 -9 -10 10 11 -13 -14 -15
leaf_value=-0.02394884924497509 0.02430180620303073 -0.0048769235651982788 0.013200330772116922 0.037098059785828558 0.16120301571503701 0.040414278000346485 0.0029092415047708448 0.10009564980580266 0.071542216378805132 0.018668688628118879 0.12356818805648462 0.020171619746010633 -0.0037878910171541603 -0.023726110111634259
leaf_weight=3513.4879549145699 1656.4990292191505 4571.7492829039693 292.88187238574028 318.13385161757469 78.035733617842197 68.354831829667091 145.68789675831795 153.74778412282467 114.00219738483429 234.86155531555414 120.44973583519459 114.82936792075634 801.84767242521048 156.9948997348547
leaf_count=9231 4827 12655 884 600 314 337 392 359 206 593 313 326 2155 379
internal_value=0.000338244 -0.0131667 0.025989 0.0445989 0.0566033 0.105459 0.0448706 0.0577921 0.0198298 0.0178966 0.0461582 0.0734038 0.0128005 0.0201332
internal_weight=12341.6 8085.24 4256.33 1056.84 763.96 146.391 617.57 471.882 3199.48 3085.48 470.141 235.279 2615.34 1813.49
internal_count=33571 21886 11685 2886 2002 651 1351 959 8799 8593 1232 639 7361 5206
is_linear=0
shrinkage=0.05


Tree=29
num_leaves=15
num_cat=0
split_feature=7 27 18 77 50 55 0 11 29 48 27 31 53 58
split_gain=1166.57 331.524 175.345 150.799 142.852 130.935 158.746 120.187 139.899 112.747 116.048 103.563 180.021 107.492
threshold=3.1807916666666673 8.4591666666666701 6.1602564102564115 0.027125573331539834 15.161818181818184 14.51654411764706 9.5000000000000018 0.041684157731358085 0.062685997890128034 28.972426470588239 3.8610294117647066 0.63437500000000013 1.1909090909090911 28.211397058823533
decision_type=10 10 10 8 8 2 2 10 8 2 8 8 10 2
left_child=1 3 7 -1 -5 6 -4 -2 -9 10 -10 -12 -13 -14
right_child=2 -3 5 4 -6 -7 -8 8 9 -11 11 12 13 -15
leaf_value=-0.024581941200916307 0.066172651422337511 0.043432822899967791 0.034719513620820236 -0.014954696125482831 0.0041498385409764306 -0.0023932420682769404 0.090487116421027469 -0.0043127803797870529 0.047367880113540789 0.050571411778717268 -0.0018999867306336968 0.079185895936391831 0.019956764217553075 -0.018767020887819411
leaf_weight=2492.1979500353336 109.06437662243843 253.56885918974876 469.66421294212341 3355.2908098623157 1380.622370146215 146.03908186405897 175.58982641994953 885.8845484405756 256.84546288847923 247.07522109150887 866.073939666152 116.08778523653746 1369.9849802553654 205.35388075560331
leaf_count=5985 316 649 1392 9549 3835 475 472 2734 621 591 2359 332 3766 494
internal_value=-0.000275085 -0.0126545 0.0188295 -0.0146279 -0.00938561 0.0403493 0.0500118 0.0146226 0.0131819 0.0182441 0.0153891 0.0121603 0.0193565 0.0149002
internal_weight=12329.3 7481.68 4847.66 7228.11 4735.91 791.293 645.254 4056.37 3947.31 3061.42 2814.35 2557.5 1691.43 1575.34
internal_count=33570 20018 13552 19369 13384 2339 1864 11213 10897 8163 7572 6951 4592 4260
is_linear=0
shrinkage=0.05


Tree=30
num_leaves=15
num_cat=0
split_feature=83 5 83 79 73 79 47 25 42 20 17 44 33 41
split_gain=1193.4 206.31 160.157 124.088 137.367 149.356 146.643 213.623 137.145 119.758 84.6295 100.735 81.3709 120.109
threshold=3.1914656858460146 7.2166666666666677 0.78584357326651344 -0.3097395789875228 16.500000000000004 0.27215712367502909 0.59245212554193205 0.039128787878787909 7.5000000000000009 1.6794871794871797 1.4494949494949496 0.58341924398625444 2.2678571428571432 137.50000000000003
decision_type=2 8 2 8 2 8 2 10 2 10 10 10 8 8
left_child=2 12 -1 -3 5 6 7 9 -8 -5 -4 -12 -2 -14
right_child=1 3 10 4 -6 -7 8 -9 -10 -11 11 -13 13 -15
leaf_value=-0.027824640810196224 0.0020100652467098449 0.0030278921524753096 -0.011644346924662791 0.023672136056373666 -0.0089601494079439084 0.024198050231041188 0.056838167657569875 0.1164047394041349 -0.014309524081415793 0.080611811782064155 0.050742475608587072 -0.013189954971772012 0.0087763678972786734 0.05550507373749719
leaf_weight=1727.3759249746799 2094.7725914120674 481.62724703550339 4776.4713818654418 231.9127913415432 197.15001524239779 1314.2909170091152 134.49265997111797 153.28732991218567 134.79663883149624 153.84945151209831 120.84704204648733 123.97859827429056 490.84507423639297 190.30531893670559
leaf_count=4164 5733 693 13452 431 539 4779 296 319 320 320 267 344 1367 554
internal_value=-0.000552656 0.0165596 -0.0146952 0.0261302 0.0309232 0.0346301 0.0515408 0.0665791 0.021303 0.0465305 -0.0101739 0.0184454 0.00689528 0.021894
internal_weight=12326 5577.33 6748.67 2801.41 2319.78 2122.63 808.339 539.05 269.289 385.762 5021.3 244.826 2775.92 681.15
internal_count=33578 15351 18227 7697 7004 6465 1686 1070 616 751 14063 611 7654 1921
is_linear=0
shrinkage=0.05


Tree=31
num_leaves=15
num_cat=0
split_feature=36 28 6 56 3 50 56 58 52 81 28 47 48 55
split_gain=918.729 261.536 142.964 142.016 135.283 124.587 98.4394 177.375 189.207 162.037 116.84 128.418 97.7482 141.999
threshold=0.24488769337422642 3.9215000000000004 0.98210154372317737 5.220595385532774 12.331111111111113 15.644155844155845 4.41583001648796 23.242647058823533 220.58571428571432 8.2050000000000018 11.979636363636365 0.57869460203336531 20.909926470588239 13.236838235294121
decision_type=8 8 8 2 8 10 2 2 10 10 8 2 2 2
left_child=2 -2 -1 4 6 -6 7 9 -9 12 -8 -12 13 -3
right_child=1 3 -4 -5 5 -7 10 8 -10 -11 11 -13 -14 -15
leaf_value=-0.023511359182069258 -0.0050826011887157539 0.0019398318792020848 -0.0075813578915077092 0.070048509373249773 0.029448234307942262 0.085613807453246607 -0.0079988928664141493 0.08587515712280161 0.025981570786354949 0.052370457850668954 0.075425533418137292 0.0027921433028999503 -0.0087494233422904504 0.061768993303804767
leaf_weight=1960.2362376153469 1198.8850509524345 310.6429136171937 5003.0749021917582 144.084492623806 843.20571405440569 111.34152261912823 762.18532469123602 177.02776610851288 514.66004422307014 194.12139740586281 98.565274365246296 156.72665449231863 692.33626662194729 144.73232404142618
leaf_count=5288 3295 787 13742 263 2273 326 2031 393 1707 384 280 506 1948 366
internal_value=-9.87851e-05 0.0154841 -0.0120685 0.021426 0.0196599 0.0360823 0.0145118 0.0208621 0.0414123 0.0102459 0.00181204 0.0310199 0.0030817 0.0210491
internal_weight=12311.8 5348.51 6963.31 4149.63 4005.55 954.547 3051 2033.52 691.688 1341.83 1017.48 255.292 1147.71 455.375
internal_count=33589 14559 19030 11264 11001 2599 8402 5585 2100 3485 2817 786 3101 1153
is_linear=0
shrinkage=0.05


Tree=32
num_leaves=15
num_cat=0
split_feature=83 8 17 81 83 79 51 33 2 46 48 41 41 28
split_gain=1052.79 206.323 205.01 141.503 137.742 124.764 122.221 112.544 136.909 85.511 109.331 68.0969 77.4098 107.505
threshold=3.1914656858460146 13.215318783554414 1.7596153846153848 10.985000000000001 0.80028876793375769 0.49061888420555294 4.4083551293228718 2.2678571428571432 1.5000000000000002 64.788602941176478 25.562500000000004 13.500000000000002 28.500000000000004 11.664800000000001
decision_type=2 10 10 8 2 8 10 10 2 2 2 8 8 10
left_child=2 7 4 6 -1 -5 -3 11 9 10 -9 -2 -13 -14
right_child=1 3 -4 5 -6 -7 -8 8 -10 -11 -12 12 13 -15
leaf_value=-0.026096992694794204 0.03713231487632223 0.08381771854734435 0.052560340243112597 -0.041569868486963424 -0.0098063031462275723 0.041234001681007389 0.024818301334416145 0.010544424134159486 0.076907107600297897 -0.0093969803411576604 0.061444351074052432 -0.013795555283804673 0.0085043435364629948 0.044220627170292535
leaf_weight=1771.2287407293916 218.50610762089491 241.44866164028645 116.19091229885817 72.80860723555088 4854.0740652531385 117.66250763833523 139.35168513655663 242.96073784679174 133.14081358164549 166.93043786287308 186.16658143699169 353.54205690324306 3495.023903220892 223.29838646203279
leaf_count=4290 530 555 274 171 13652 619 331 662 352 548 420 929 9616 570
internal_value=0.000295921 0.0163364 -0.0130071 0.0447856 -0.0141648 0.00952998 0.0623488 0.0130903 0.0312396 0.0209271 0.0327176 0.00999906 0.00853426 0.0106605
internal_weight=12332.3 5590.84 6741.49 571.271 6625.3 190.471 380.8 5019.57 729.199 596.058 429.127 4290.37 4071.86 3718.32
internal_count=33519 15303 18216 1676 17942 790 886 13627 1982 1630 1082 11645 11115 10186
is_linear=0
shrinkage=0.05


Tree=33
num_leaves=15
num_cat=0
split_feature=83 3 20 15 45 83 83 81 40 57 47 11 27 17
split_gain=1003.92 171.448 186.807 201.079 233.897 142.027 141.805 104.55 90.6701 118.225 89.7544 98.1486 92.088 85.4795
threshold=3.234791976539483 6.9527777777777784 0.83333333333333337 0.74336670470417965 22.226495726495731 1.0801702477537665 14.837125319116364 9.5050000000000008 6.5000000000000009 236.08823529411768 0.53521216503487012 0.17498577929771011 11.308333333333335 1.4580419580419581
decision_type=2 8 8 10 10 2 2 10 2 2 2 8 8 10
left_child=5 -2 3 -3 -5 -1 7 8 10 -10 11 -4 -12 -7
right_child=1 2 6 4 -6 13 -8 -9 9 -11 12 -13 -14 -15
leaf_value=-0.021208770138934234 0.0076935986857656971 0.019731497919062112 0.067723519739569332 0.12127314024902464 0.029392283281217957 -0.0081259169605137887 0.07267421750738122 -0.011181676421055994 0.067180170483056897 0.017159100360971357 -0.0014149111973897892 0.011754229317096094 0.033143013400078983 0.02217892611158568
leaf_weight=2600.4644337296486 2708.0125629380345 257.9455701559782 143.35671620070934 157.16769180446863 124.69548923522234 3974.1065500676632 115.87233005464077 301.42341649532318 210.85109006613493 269.16022433340549 798.28859761357307 172.3832793533802 253.11422768980265 246.20752992480993
leaf_count=6628 7456 588 298 431 320 11169 346 760 464 866 2391 430 808 618
internal_value=0.000804309 0.0166712 0.0253348 0.0517472 0.0808729 -0.0120192 0.0190185 0.0160924 0.0205467 0.0392255 0.0139646 0.0372998 0.00692814 -0.00635314
internal_weight=12333 5512.27 2804.26 539.809 281.863 6820.78 2264.45 2148.58 1847.15 480.011 1367.14 315.74 1051.4 4220.31
internal_count=33573 15158 7702 1339 751 18415 6363 6017 5257 1330 3927 728 3199 11787
is_linear=0
shrinkage=0.05


Tree=34
num_leaves=15
num_cat=0
split_feature=83 4 6 32 31 56 33 57 6 51 41 42 55 20
split_gain=822.126 231.546 198.127 189.456 112.955 160.834 140.64 141.239 101.085 87.2708 84.572 76.7305 76.4693 136.973
threshold=2.9335527926775855 13.74840434770058 7.1188034646007905 1.0000000180025095e-35 0.81029411764705894 5.220595385532774 1.7573529411764708 237.03125000000003 0.95981747013873575 4.1539907460960102 144.00000000000003 5.5000000000000009 13.114705882352943 -5.3376106953132521e-17
decision_type=2 10 8 10 8 2 10 2 8 10 8 2 2 10
left_child=8 3 -3 4 5 -2 12 -8 -1 -4 11 -10 -6 -14
right_child=1 2 9 -5 6 -7 7 -9 10 -11 -12 -13 13 -15
leaf_value=-0.02241640894775692 0.002479657959063547 0.091323445969853048 -0.0054566358738067228 0.071459353233284936 0.003503165421335816 0.055392239405449788 0.090513950733898119 0.016157751179333612 0.012546696950992059 0.049638675240442048 -0.014003353037979331 -0.009631143450682278 0.080770330278429073 0.012098991921723624
leaf_weight=1995.5280054137111 3922.3907739669085 161.83036002516747 143.29398299753666 121.29865673184395 691.19384671002626 148.07933539152145 131.21124463528395 124.56036836653948 714.4107635691762 142.85072124004364 2836.7070667594671 856.43168725818396 101.62622065842152 249.88183925300837
leaf_count=5300 10877 443 431 265 1868 284 273 400 1723 422 7905 2347 279 765
internal_value=-0.000654653 0.0127449 0.0472708 0.00991962 0.00851623 0.00441769 0.0213511 0.0545066 -0.0130814 0.0221254 -0.00885085 0.000456785 0.0131737 0.0321257
internal_weight=12341.3 5938.22 447.975 5490.24 5368.94 4070.47 1298.47 255.772 6403.08 286.145 4407.55 1570.84 1042.7 351.508
internal_count=33582 16307 1296 15011 14746 11161 3585 673 17275 853 11975 4070 2912 1044
is_linear=0
shrinkage=0.05


Tree=35
num_leaves=15
num_cat=0
split_feature=3 33 69 6 31 58 9 50 15 56 39 58 58 39
split_gain=735.453 230.346 157.088 156.36 122.455 172.827 130.159 111.06 129.931 99.8898 135.759 120.439 108.712 99.8156
threshold=5.1041666666666679 2.2678571428571432 0.29298808979100688 0.98210154372317737 0.84581250000000008 24.125000000000004 16.594666666666672 14.506190476190477 0.58168444702000932 4.0642923425413029 24.373716632443536 19.968750000000004 21.500000000000004 31.908281998631079
decision_type=10 10 2 8 10 2 10 8 10 2 2 2 2 2
left_child=1 3 4 -1 6 -6 9 -5 13 10 -2 -12 -13 -9
right_child=2 -3 -4 7 5 -7 -8 8 -10 -11 11 12 -14 -15
leaf_value=-0.019976243106700899 -0.0095696094994573901 0.035749234427941159 0.066863719269328006 -0.0090945769235565611 0.07259133575516391 -0.0018449013674442284 0.064733767893740954 -0.0013653892193502962 0.047748550960320588 0.0060808550526633099 0.074935677828831551 -0.012373553026249685 0.045007998560938609 0.046233431893402614
leaf_weight=2126.2538786008954 176.90092100948095 308.11231455206871 178.30819049477577 4394.2576298713684 223.13244715332985 119.51116745173931 123.94135536253452 2047.9914688542485 160.03325732797384 1775.4161220788956 174.10119184851646 129.21419341117144 225.77767235040665 115.39770999550819
leaf_count=5669 550 903 454 11927 636 430 331 5404 454 4793 499 444 715 305
internal_value=0.000472123 -0.00668019 0.0214055 -0.00816226 0.0186342 0.0466988 0.0149268 -0.00442053 0.00441955 0.012414 0.0283093 0.0409681 0.0241455 0.00119378
internal_weight=12278.3 9152.05 3126.3 8843.93 2948 342.644 2605.35 6717.68 2323.42 2481.41 705.994 529.093 354.992 2163.39
internal_count=33514 24662 8852 23759 8398 1066 7332 18090 6163 7001 2208 1658 1159 5709
is_linear=0
shrinkage=0.05


Tree=36
num_leaves=15
num_cat=0
split_feature=83 83 56 3 6 51 80 58 15 58 27 28 31 56
split_gain=703.983 178.318 113.874 112.323 131.029 151.716 109.54 108.656 110.033 124.04 95.6258 83.297 76.1768 85.4096
threshold=5.6941947579988872 1.8731887157391232 5.220595385532774 12.331111111111113 8.1184229939094035 4.3293581809331769 5.8750000000000009 28.264705882352946 0.47000013976641575 21.454044117647062 7.4428571428571439 4.2843333333333335 0.8289204545454546 3.8535685320356858
decision_type=2 2 2 8 8 10 10 2 10 2 10 10 10 2
left_child=1 11 3 7 5 -5 -3 8 9 -2 -9 -1 13 -10
right_child=2 6 -4 4 -6 -7 -8 10 12 -11 -12 -13 -14 -15
leaf_value=-0.015800088360655284 0.012170234080674261 -0.001925616376698831 0.067706233490296266 0.091601035307362286 0.018391756220009162 0.020641246556629609 0.03951047858068403 0.013229144129751595 0.034432326895262481 0.083384748745320897 -0.04632469521962225 0.022782490270084058 0.035017210357648099 0.0028939111173834769
leaf_weight=4343.9314053058624 125.16975816339254 4169.1255489438772 114.91335874795914 164.48864800482988 557.96481716632843 139.61264239996672 164.84065490961075 127.65775303542614 250.93817443400621 119.29560440778732 140.98840783536434 143.69575208425522 295.72041188180447 1452.7304474562407
leaf_count=11571 310 11552 218 487 1556 340 445 347 818 346 365 458 802 3899
internal_value=-5.51275e-05 -0.00757503 0.0189523 0.0172725 0.0328384 0.0591979 -0.00034086 0.0119208 0.0155192 0.04712 -0.0180812 -0.0145599 0.0116338 0.00755677
internal_weight=12311.1 8821.59 3489.48 3374.57 862.066 304.101 4333.97 2512.5 2243.85 244.465 268.646 4487.63 1999.39 1703.67
internal_count=33514 24026 9488 9270 2383 827 11997 6887 6175 656 712 12029 5519 4717
is_linear=0
shrinkage=0.05


Tree=37
num_leaves=15
num_cat=0
split_feature=7 33 56 6 3 6 28 14 56 15 79 58 41 82
split_gain=571.979 228.196 157.538 131.339 124.054 147.115 132.41 123.402 140.315 131.082 120.287 107.868 93.1127 92.0056
threshold=4.0277777777777786 2.4660633484162902 5.220595385532774 0.98210154372317737 12.331111111111113 7.1188034646007905 11.438823529411765 0.50087121212121222 4.4592349942417195 0.70097998189742261 0.59665541460769755 21.454044117647062 144.00000000000003 9.1650000000000009
decision_type=10 10 2 8 10 8 8 10 2 10 8 2 8 10
left_child=1 3 4 -1 7 -6 -7 10 9 -9 11 -2 -5 -11
right_child=2 -3 -4 12 5 6 -8 8 -10 13 -12 -13 -14 -15
leaf_value=-0.019753787841547028 0.018506220295173886 0.047661692265075849 0.067461895108520201 0.0018556189439538715 0.066263982773342542 0.053785526555671863 -0.011912904967187428 0.00031910377517649732 -0.011362632789174321 0.038448355067828163 0.0038779444670632617 0.069778718783891663 -0.010768542318332163 0.0038397457058868935
leaf_weight=2089.2113870754838 194.42069694399834 180.88096486032009 137.84882640838623 2623.3735993877053 225.3396535590291 124.2651175186038 197.06351195275784 986.26355486363173 889.62571001797915 578.30115993320942 293.5117379501462 218.46769791841507 3293.8026122748852 287.62491662800312
leaf_count=5552 412 498 265 6678 591 420 587 2646 2431 1904 1085 465 9284 696
internal_value=-6.80731e-05 -0.00772217 0.0150935 -0.00897921 0.01327 0.0353793 0.0135822 0.00975566 0.00494988 0.0127869 0.0283754 0.0457386 -0.00517227 0.0269705
internal_weight=12320 8187.27 4132.73 8006.39 3994.88 546.668 321.329 3448.22 2741.82 1852.19 706.4 412.888 5917.18 865.926
internal_count=33514 22012 11502 21514 11237 1598 1007 9639 7677 5246 1962 877 15962 2600
is_linear=0
shrinkage=0.05


Tree=38
num_leaves=15
num_cat=0
split_feature=83 29 56 43 55 11 49 48 30 52 20 56 31 41
split_gain=586.936 127.545 111.605 102.447 97.5683 97.473 91.2992 88.1715 101.81 163.96 124.725 119.024 149.86 99.0413
threshold=5.6941947579988872 0.038521105231119575 5.220595385532774 60.211111111111116 13.709411764705882 0.10121466115902214 10.500000000000002 28.545955882352946 0.0028093434343434347 220.58571428571432 3.7007434154171886e-16 4.1861080288499659 0.82406250000000003 26.500000000000004
decision_type=2 8 2 8 2 10 2 2 8 8 10 2 8 10
left_child=1 -1 3 4 -2 -3 -7 8 10 -10 13 -11 -13 -5
right_child=2 5 -4 7 -6 6 -8 -9 9 11 -12 12 -14 -15
leaf_value=-0.013927309022732634 -0.010732791433478772 -0.0037601107590810785 0.06442818915060268 -0.0088279674908216636 0.028469457815611766 0.0048937196954730233 0.056737739582244921 0.046362900348157154 0.072329897021846931 -0.014213347699734006 0.00066675971511193316 -0.0029076759257992664 0.075230419520153691 0.040438471129605365
leaf_weight=3787.4302429109812 584.78825876861811 4647.0794499516487 119.85944056510925 131.38932763785124 216.70486485213041 248.20066604018211 128.25564254820347 288.64519204944372 194.10256323963404 178.01932982355356 1091.382445782423 113.34117458760738 132.61667029559612 450.39115740358829
leaf_count=9926 1218 13131 226 366 533 617 321 864 442 525 3465 315 385 1214
internal_value=-0.0001186 -0.00700034 0.0171965 0.0155038 -0.000111158 -0.0017761 0.0226601 0.020353 0.0170576 0.0343847 0.0106401 0.0168835 0.0393572 0.0293161
internal_weight=12312.2 8810.97 3501.24 3381.38 801.493 5023.54 376.456 2579.89 2291.24 618.08 1673.16 423.977 245.958 581.78
internal_count=33548 23995 9553 9327 1751 14069 938 7576 6712 1667 5045 1225 700 1580
is_linear=0
shrinkage=0.05


Tree=39
num_leaves=15
num_cat=0
split_feature=83 27 39 58 83 20 7 55 41 77 33 76 52 53
split_gain=579.468 153.237 145.669 97.5936 87.1939 94.5096 146.972 165.063 170.808 119.198 90.7375 77.197 99.7094 110.657
threshold=5.761419550488255 1.4725000000000001 32.77481177275839 30.625000000000004 14.837125319116364 0.76923076923076927 9.0463636363636386 13.265882352941178 48.000000000000007 0.78620935420063931 2.2678571428571432 0.75020661157024804 189.83974358974362 3.2583333333333337
decision_type=2 8 2 2 2 10 10 2 10 10 10 8 8 8
left_child=1 -1 -3 4 5 6 9 8 -8 10 -2 -7 -13 -14
right_child=3 2 -4 -5 -6 11 7 -9 -10 -11 -12 12 13 -15
leaf_value=-0.015605495617995707 0.017382265234231954 -0.0030407758596848046 0.043207458681516646 -0.025000918098651403 0.059288674405445156 0.042291321505020241 -0.012759981825684353 0.088549097981885302 0.059878196432344113 -0.014696018765074516 0.062376515355619125 -0.037909348666923318 0.0040384181748789319 0.043359194620352773
leaf_weight=2957.1017941683531 609.03609634190798 5757.4121017456055 174.45050923526287 126.93130678683519 131.60272138565779 163.50820827484131 143.43382417410612 172.7060561478138 183.85075309872627 240.90946084260941 136.75172987580299 117.07863440364599 1194.4830174520612 209.50726334750652
leaf_count=7808 1583 15802 581 379 388 371 344 419 459 526 367 287 3630 624
internal_value=0.000426635 -0.00630958 -0.00167361 0.0178815 0.0195366 0.0178688 0.0270542 0.0491168 0.0281023 0.015836 0.0257051 0.00975112 0.00622771 0.00993266
internal_weight=12318.8 8888.96 5931.86 3429.8 3302.87 3171.27 1486.69 499.991 327.285 986.697 745.788 1684.58 1521.07 1403.99
internal_count=33568 24191 16383 9377 8998 8610 3698 1222 803 2476 1950 4912 4541 4254
is_linear=0
shrinkage=0.05


Tree=40
num_leaves=15
num_cat=0
split_feature=83 17 27 56 32 30 18 18 54 79 66 20 59 44
split_gain=532.473 105.052 98.8359 133.928 88.9959 86.7464 86.9293 121.426 126.994 176.898 120.061 179.972 112.34 99.7188
threshold=3.3654829838699185 1.7596153846153848 13.99375 4.1760907603940822 1.0000000180025095e-35 0.0071790860106077511 4.0333333333333341 4.3205128205128212 25.035714285714288 -0.12367150973170606 6.5000000000000009 0.73863636363636387 0.75000000000000011 0.59751190989377823
decision_type=2 10 10 2 10 10 8 8 10 8 2 10 2 8
left_child=1 -1 4 -4 5 6 -2 -8 10 -10 11 -9 -11 -14
right_child=2 -3 3 -5 -6 -7 7 8 9 12 -12 -13 13 -15
leaf_value=-0.0098254558093862718 0.0038264826068101425 0.033469571943572356 0.002536930845197469 0.068934588991244564 0.049914860040048553 -0.033919349353813161 0.061267280921311285 0.094520806292579765 -0.057964944824664355 -0.016501774531056765 0.015412274147954028 0.0092409816968069547 0.0024501612349472992 0.073582189361292488
leaf_weight=6792.6809385567904 2520.5251092687249 142.10515967011452 136.4376387745142 170.51841919124126 137.29267100989819 112.81081204116344 145.83474209159613 126.79969298094511 127.94213539361954 205.48694262653589 1389.6373075693846 120.37945678830147 103.83788695931435 92.880978360772133
leaf_count=18457 7090 347 424 498 289 310 381 304 188 676 3648 355 346 315
internal_value=0.000228431 -0.00893357 0.0120149 0.0395258 0.0103463 0.00923806 0.0102522 0.0172503 0.0142611 -0.00699746 0.0211466 0.053193 0.00931891 0.0362375
internal_weight=12325.2 6934.79 5390.38 306.956 5083.43 4946.14 4833.32 2312.8 2166.96 530.148 1636.82 247.179 402.206 196.719
internal_count=33628 18804 14824 922 13902 13613 13303 6213 5832 1525 4307 659 1337 661
is_linear=0
shrinkage=0.05


Tree=41
num_leaves=15
num_cat=0
split_feature=83 39 55 43 77 29 47 53 55 39 46 44 40 6
split_gain=405.204 149.264 114.668 108.591 127.399 118.354 108.96 146.556 106.304 105.89 107.234 103.878 93.0867 85.1977
threshold=2.4296287419700007 22.832306639288163 13.179080882352944 59.894444444444453 0.43468975998323028 0.24763565643354832 0.5783078599253787 3.2583333333333337 14.109375000000002 30.911704312114995 62.150735294117659 0.59428906309718965 5.5000000000000009 1.7902155206124291
decision_type=2 2 2 8 8 8 2 10 2 2 2 8 2 10
left_child=-1 2 -2 8 -5 6 7 9 13 10 11 -6 -12 -3
right_child=1 3 -4 4 5 -7 -8 -9 -10 -11 12 -13 -14 -15
leaf_value=-0.010105102414491814 0.016872149996697748 0.0096061888697352368 0.064591591718251781 -0.0014179062800948718 0.06531178853010898 -0.013105322689455433 0.0094184383804382932 0.068600531973639203 0.020994025934483837 -0.017091528191417012 0.0013452489325122979 0.013683499084794964 0.052295209844434844 -0.02117405843776236
leaf_weight=5608.0089702755213 386.10461779683828 305.65960481762886 186.58164440840483 1696.5185961276293 274.13303607702255 317.01593487709761 1380.5795264467597 202.61208909749985 286.73495154082775 146.72082071751356 393.36001913994551 151.83590760827065 115.13093920052052 843.84115230292082
leaf_count=15159 978 684 513 4318 594 1058 4833 521 692 382 1233 396 385 1783
internal_value=-0.000194302 0.00811781 0.0325047 0.00582865 0.00952043 0.0157431 0.0191792 0.0296604 -0.00619395 0.0223064 0.028504 0.0469841 0.0129612 -0.0129882
internal_weight=12294.8 6686.83 572.686 6114.14 4677.91 2981.39 2664.37 1283.79 1436.24 1081.18 934.46 425.969 508.491 1149.5
internal_count=33529 18370 1491 16879 13720 9402 8344 3511 3159 2990 2608 990 1618 2467
is_linear=0
shrinkage=0.05


Tree=42
num_leaves=15
num_cat=0
split_feature=83 14 25 57 76 33 24 39 58 52 6 10 57 58
split_gain=375.223 121.217 147.414 142.382 192.448 75.738 87.4815 74.9611 84.5597 76.3135 66.8488 64.9299 61.7625 60.5284
threshold=2.6333673605956407 0.84414285714285719 0.085000000000000062 229.90625000000003 1.0007063039393385 2.8166666666666669 0.71400000000000019 22.643394934976047 15.029411764705884 252.55238095238099 0.95981747013873575 0.22366338213657336 237.39338235294119 22.878676470588239
decision_type=2 10 8 2 10 10 10 2 2 10 8 10 2 2
left_child=10 5 3 -3 -5 7 13 9 -9 12 -1 -10 -2 -7
right_child=1 2 -4 4 -6 6 -8 8 11 -11 -12 -13 -14 -15
leaf_value=-0.017024174326560605 -0.006878819004540424 0.090614494799940506 -0.0026371073884973398 -0.0092327748408640564 0.07800723771052083 0.021187120375219613 -0.0041765051753794987 0.04351217825200502 0.0020640330273025529 0.054269117114559798 -0.0057827664123107393 -0.034006201292096791 0.035451863576651289 0.068556251956284772
leaf_weight=1970.7466097176075 211.1976835206151 128.41900075227022 231.72267930954695 154.91857179254293 105.57829433679581 149.37706811726093 154.44873454421759 119.41296973079443 4553.911546677351 136.41674444824457 4021.8633360639215 127.27785251289606 144.25602918863297 123.9798875823617
leaf_count=5245 440 364 691 622 266 386 397 327 12525 422 10963 310 332 383
internal_value=-0.000511712 0.00796587 0.0289362 0.0477066 0.0262883 0.00568598 0.0258975 0.00404764 0.00214068 0.0226173 -0.00948187 0.00107626 0.0103518 0.0428428
internal_weight=12333.5 6340.92 620.639 388.916 260.497 5720.28 427.806 5292.47 4800.6 491.87 5992.61 4681.19 355.454 273.357
internal_count=33673 17465 1943 1252 888 15522 1166 14356 13162 1194 16208 12835 772 769
is_linear=0
shrinkage=0.05


Tree=43
num_leaves=15
num_cat=0
split_feature=83 75 33 44 24 47 55 29 57 82 57 14 59 39
split_gain=364.894 130.661 103.865 104.557 133.62 94.2691 90.5183 89.8175 87.4566 85.5849 161.836 79.4677 84.4047 74.4923
threshold=2.3736383639577308 7.4250000000000007 0.71008403361344541 0.58219156656656668 -4.4395333333333316 0.56396943157178703 9.3851102941176503 0.26130802740501596 275.83272058823536 9.7050000000000018 240.82352941176472 0.69535714285714301 0.75000000000000011 22.558521560574953
decision_type=2 8 8 10 8 2 2 8 2 10 2 10 2 2
left_child=13 -2 -3 4 -4 -5 -6 9 -7 11 -11 12 -8 -1
right_child=1 2 3 5 6 8 7 -9 -10 10 -12 -13 -14 -15
leaf_value=0.030164270389181225 0.00066689082390545239 -0.00098399089983509458 0.079552907774127379 0.032377094985652909 0.061310823698316301 -0.0085624232041299399 0.0081081386125879864 -0.011821264857719761 0.033712351615494483 0.012676142020832054 0.083896682337678857 -0.0053184697528659399 0.050110022601038542 -0.010346633506846108
leaf_weight=114.94454309344292 3308.3023862093687 819.62489253282547 114.73396995663643 285.74449521303177 142.36837202310562 674.84894032776356 251.07087653875351 195.03728510439396 148.38163708895445 167.70639809966087 151.84272436797619 280.17329762876034 228.24893741309643 5455.1218591183424
leaf_count=343 7598 2805 306 967 373 2302 741 587 640 335 363 861 699 14603
internal_value=-2.79901e-05 0.00777206 0.014564 0.0193893 0.0278539 0.00768761 0.023613 0.0193558 -0.00091103 0.0249968 0.0466747 0.0158267 0.0281718 -0.00950538
internal_weight=12338.2 6768.08 3459.78 2640.16 1531.18 1108.98 1416.45 1274.08 823.231 1079.04 319.549 759.493 479.32 5570.07
internal_count=33523 18577 10979 8174 4265 3909 3959 3586 2942 2999 698 2301 1440 14946
is_linear=0
shrinkage=0.05


Tree=44
num_leaves=15
num_cat=0
split_feature=77 39 41 15 20 39 9 31 77 28 42 54 56 15
split_gain=281.11 120.769 153.04 118.453 84.0759 80.5699 65.8719 74.5434 80.1572 78.4703 87.5222 65.0533 89.262 85.1535
threshold=0.25033116300939895 32.127310061601655 182.00000000000003 0.56750538739658785 -1.9860656329405574e-16 22.558521560574953 16.594666666666672 0.88310096153846163 0.75551890265542987 10.5975 8.5000000000000018 23.31666666666667 4.537791666666668 0.7785512338215842
decision_type=8 2 8 10 8 2 10 10 10 8 2 10 2 10
left_child=4 3 -3 5 -1 -2 7 8 -5 11 -11 13 -13 -10
right_child=1 2 -4 6 -6 -7 -8 -9 9 10 -12 12 -14 -15
leaf_value=0.028248881261334288 0.026618621231943768 0.015204667272521797 0.08661330478043755 0.014584403541135233 -0.009827519686051122 -0.0043046612532495815 0.041926704109733925 0.040814655121586163 -0.0017442174102946968 -0.040679645361745224 0.0074578464499081912 0.017148449548270255 -0.041878959039795084 0.054536963776453111
leaf_weight=147.81310938298702 225.74162244051695 309.80667937546968 98.270294331014156 1565.3506872579455 5706.0237569659948 2966.1929535642266 171.07023246586323 181.75893504172564 137.39474102854729 230.09973095357418 159.20827384293079 141.71876548230648 115.27117249369621 130.44839812815189
leaf_count=348 613 1011 247 4748 13191 10213 472 549 332 482 342 413 274 321
internal_value=-0.000934172 0.00628038 0.0325705 0.0044944 -0.00886141 -0.00211004 0.0119355 0.00999259 0.00771764 -0.00404391 -0.0210251 0.0085683 -0.00938761 0.0257675
internal_weight=12286.2 6432.33 408.077 6024.26 5853.84 3191.93 2832.32 2661.25 2479.49 914.141 389.308 524.833 256.99 267.843
internal_count=33556 20017 1258 18759 13539 10826 7933 7461 6912 2164 824 1340 687 653
is_linear=0
shrinkage=0.05


Tree=45
num_leaves=15
num_cat=0
split_feature=83 17 79 79 82 55 59 81 15 24 58 58 0 56
split_gain=340.953 142.319 103.24 102.606 108.93 103.702 203.117 154.65 91.8261 141.244 91.5942 84.4996 104.596 94.1172
threshold=3.1544610841666372 1.7596153846153848 -0.35193692666713755 0.51498221947670986 13.445000000000002 10.121139705882355 0.75000000000000011 5.3450000000000006 0.8421983660769542 0.5711999999999996 21.393382352941178 20.393382352941178 7.5000000000000009 4.2629475015812792
decision_type=2 10 8 10 10 2 2 10 8 8 2 2 2 2
left_child=1 -1 -2 5 -5 6 10 -8 11 -10 -4 -7 13 -13
right_child=2 -3 3 4 -6 8 7 -9 9 -11 -12 12 -14 -15
leaf_value=-0.0083942010556258707 -0.010871957896564036 0.047098297508492384 0.036199204742382557 0.00063986489564282648 0.053414318317694498 -0.0080803321033324615 0.036890913969608995 0.11344744959812941 0.074578922243466891 0.016857801409315493 -0.020076543251188687 0.051113230915513022 -0.0015222077623820111 0.011665401318025322
leaf_weight=6574.4771379902959 568.54422861337662 116.62593203037977 140.17851737141609 2011.1494478732347 101.77551412582397 598.13413281738758 168.08601547032595 109.25583310425282 134.99940249323845 484.63204761594534 147.28291598707438 269.89220643043518 512.35727605968714 344.0098492577672
leaf_count=17829 808 268 364 5942 326 1556 554 248 466 1391 465 915 1469 907
internal_value=0.00019429 -0.00742007 0.00930772 0.0115941 0.00320597 0.0176839 0.0369024 0.0673488 0.0130393 0.0295334 0.00739628 0.0070988 0.0151601 0.0290629
internal_weight=12281.4 6691.1 5590.3 5021.75 2112.92 2908.83 564.803 277.342 2344.02 619.631 287.461 1724.39 1126.26 613.902
internal_count=33508 18097 15411 14603 6268 8335 1631 802 6704 1857 829 4847 3291 1822
is_linear=0
shrinkage=0.05


Tree=46
num_leaves=15
num_cat=0
split_feature=83 83 58 32 53 17 41 80 28 31 45 21 75 48
split_gain=325.654 129.266 114.848 95.6595 107.863 104.952 144.408 101.19 85.1927 109.474 132.295 150.333 83.8079 87.4354
threshold=5.6941947579988872 0.75022998474025526 30.625000000000004 1.0000000180025095e-35 1.0954545454545457 3.9128787878787885 13.500000000000002 13.075000000000001 4.15759090909091 0.55588095238095248 23.730303030303034 10.481379310344829 10.195000000000002 22.424632352941178
decision_type=2 2 2 10 8 8 8 10 8 8 10 8 10 2
left_child=1 -1 3 4 -2 -6 -7 12 -3 10 -10 -12 -8 -14
right_child=2 8 -4 -5 5 6 7 -9 9 -11 11 -13 13 -15
leaf_value=-0.017735438694302188 0.047396634527703041 -0.0064381280180273882 -0.033436528381862805 0.057714440985854466 0.0025201542748019253 0.067591116152012465 0.019856248313461514 0.051737157071100028 0.0045726031825737068 -0.00064643350641291222 0.089751089416036572 0.01243540132321699 -0.039039665000460244 0.011320279359314752
leaf_weight=1613.6862824037671 214.04276902228594 4411.0060002580285 127.01711395382881 124.27831150591373 1704.4071006923914 148.37696949392557 669.70355278998613 163.88946425914764 390.53360286355019 2195.4065718203783 124.78774294257164 126.44930079579353 149.96488156914711 200.10189101099968
leaf_count=3862 587 11604 382 281 4668 313 2027 434 997 6869 380 420 336 465
internal_value=0.000159397 -0.00494166 0.0130662 0.0148259 0.0131688 0.0107412 0.0212508 0.0153896 -0.00209128 0.00466672 0.022815 0.0510412 0.00950318 -0.0103031
internal_weight=12363.7 8861.87 3501.78 3374.76 3250.49 3036.44 1332.04 1183.66 7248.18 2837.18 641.771 251.237 1019.77 350.067
internal_count=33625 24132 9493 9111 8830 8243 3575 3262 20270 8666 1797 800 2828 801
is_linear=0
shrinkage=0.05


Tree=47
num_leaves=15
num_cat=0
split_feature=83 6 6 9 55 21 55 36 76 41 81 41 76 22
split_gain=299.981 113.526 111.204 116.014 77.6634 181.29 122.393 151.339 193.729 111.146 105.631 113.399 103.566 91.7867
threshold=6.0471018366373004 1.0986823793845584 8.1184229939094035 16.594666666666672 9.6411764705882366 9.146428571428574 13.44871323529412 0.85940734511027406 0.85436485866775957 34.500000000000007 4.4150000000000009 55.500000000000007 1.0791748214936496 0.72187060478199727
decision_type=2 8 10 10 2 10 2 8 8 10 10 8 8 10
left_child=1 -1 3 4 5 -2 9 8 -8 -6 11 -10 -11 -14
right_child=2 -3 -4 -5 6 -7 7 -9 10 12 -12 -13 13 -15
leaf_value=-0.014127328372049733 0.08336401739678756 -0.001273262093434202 -0.010800397033746228 0.062146356422030362 -0.017102824117634717 0.0064912413165605053 0.081269691841782177 0.079793127934088201 0.074635414674202552 -0.0066995091481510645 -0.0066321854941730962 0.0053073466801287902 0.010839991360950513 0.051486829011525084
leaf_weight=2301.5604930445552 127.89927315711975 6763.8615964129567 423.64218562841415 132.54083874076605 482.08216528594494 189.83137049525976 104.02878272533417 113.33639603108168 101.344617202878 435.6684804558754 430.01316630840302 139.61336612701416 393.92050024122 214.146140627563
leaf_count=6182 306 18579 1281 373 1222 502 199 302 415 896 996 601 1222 556
internal_value=0.000154629 -0.00453789 0.0130897 0.0166255 0.0143951 0.0376001 0.0113267 0.0260702 0.018121 0.00273156 0.00822395 0.034654 0.0119003 0.0252158
internal_weight=12353.5 9065.42 3288.07 2864.43 2731.88 317.731 2414.15 888.336 775 1525.82 670.971 240.958 1043.74 608.067
internal_count=33632 24761 8871 7590 7217 808 6409 2513 2211 3896 2012 1016 2674 1778
is_linear=0
shrinkage=0.05


Tree=48
num_leaves=15
num_cat=0
split_feature=83 77 52 9 14 32 56 58 57 83 45 75 48 41
split_gain=254.687 94.4873 89.3597 117.613 118.774 140.784 90.8059 137.707 143.43 206.667 119.616 114.19 143.985 122.32
threshold=5.761419550488255 0.016724979929656037 176.53571428571431 16.594666666666672 0.47033333333333344 1.0000000180025095e-35 4.3651865001037722 23.726102941176475 222.79595588235296 9.3884999101612667 24.961538461538463 9.2650000000000023 21.181985294117649 55.500000000000007
decision_type=2 8 8 10 8 8 2 2 2 2 10 10 2 8
left_child=1 -1 -2 4 5 -4 7 8 9 -6 -9 12 13 -10
right_child=2 -3 3 -5 6 -7 -8 10 11 -11 -12 -13 -14 -15
leaf_value=-0.012968259742859936 -0.022375004939656343 -0.0013157081707860143 0.012417720577583691 0.053229665446819667 0.00037746843856226848 0.082748311886776962 -0.0030361900765026239 0.019120501517308968 0.075874447939397419 0.073707917840369341 0.070651508946195887 -0.033302145489334516 -0.016223455917486911 0.0024943626365775875
leaf_weight=2380.1191881299019 182.28015964478254 6459.0704523399472 173.17499382793903 175.41295988112688 233.5496709048748 120.2929565384984 1111.6040035560727 315.15193822234869 106.02247286587954 162.2504111379385 175.20888605713844 260.68744085729122 287.75243274122477 121.14985168725252
leaf_count=5932 374 18235 464 502 524 287 2964 1034 254 344 579 591 1016 387
internal_value=3.04913e-05 -0.00445449 0.0116047 0.0135214 0.0112336 0.0414294 0.00802463 0.0154209 0.006096 0.0305478 0.0376392 -0.0064052 0.00724988 0.0369237
internal_weight=12263.7 8839.19 3424.54 3242.26 3066.85 293.468 2773.38 1661.77 1171.41 395.8 490.361 775.612 514.925 227.172
internal_count=33487 24167 9320 8946 8444 751 7693 4729 3116 868 1613 2248 1657 641
is_linear=0
shrinkage=0.05


Tree=49
num_leaves=15
num_cat=0
split_feature=83 41 48 39 28 20 37 20 58 46 54 54 44 50
split_gain=195.114 100.067 199.156 72.8391 56.2681 80.1954 51.9583 48.0911 100.816 47.7348 66.733 72.4758 56.7693 101.491
threshold=2.4296287419700007 13.500000000000002 20.242647058823533 22.558521560574953 2.2653235294117651 -0.16666666666666666 3.5000000000000004 1.3923076923076925 20.181985294117649 67.468750000000014 19.90454545454546 23.105555555555558 0.57198957589090671 15.161818181818184
decision_type=2 8 2 2 10 10 8 8 2 2 8 10 8 8
left_child=3 2 -2 -1 6 -6 7 -5 -9 12 -11 -12 13 -3
right_child=1 9 -4 4 5 -7 -8 8 -10 10 11 -13 -14 -15
leaf_value=0.030652472519964252 0.074584720602992857 0.0036017364316181378 -0.0053211969351900611 -0.010341004491205888 0.035735173309175687 -0.0035722944861303531 -0.020474898562483943 0.042152357780079384 -0.0078980066434989372 -0.014948270276574076 0.068857178748548645 0.013681461328069688 -0.0014472406150167841 0.028960821942686295
leaf_weight=121.6048067137599 147.99853174388409 2109.0172400921583 163.33837653696537 2781.7828508168459 147.29690964519978 1037.1376581639051 1076.4298284724355 141.03803461045027 344.19418027997017 89.474411688745022 96.820575028657913 153.66438830643892 3440.2696286141872 484.45670130848885
leaf_count=356 274 5371 479 8088 322 2833 2343 362 960 342 378 653 9654 1185
internal_value=-0.00063319 0.0051475 0.0327804 -0.00747319 -0.00831728 0.00134202 -0.010951 -0.00780776 0.00670645 0.00379278 0.0219945 0.0351977 0.00276376 0.00834811
internal_weight=12334.5 6685.04 311.337 5649.48 5527.88 1184.43 4343.44 3267.02 485.232 6373.7 339.959 250.485 6033.74 2593.47
internal_count=33600 18336 753 15264 14908 3155 11753 9410 1322 17583 1373 1031 16210 6556
is_linear=0
shrinkage=0.05


Tree=50
num_leaves=15
num_cat=0
split_feature=83 69 81 48 33 73 56 33 57 33 33 33 20 39
split_gain=233.571 100.804 88.1612 100.888 129.679 130.768 128.42 136.41 180.342 132.37 90.9697 116.61 87.2444 86.4618
threshold=6.9827087096402591 0.29298808979100688 10.595000000000001 21.181985294117649 0.64583333333333337 16.500000000000004 4.4328090421038677 2.1213235294117649 229.3602941176471 1.1764705882352942 2.9321266968325794 1.0627450980392157 -8.1416355139178143e-16 22.832306639288163
decision_type=2 2 10 2 8 2 2 8 2 8 10 8 8 2
left_child=12 2 3 6 -5 10 7 8 -2 -8 11 -6 -1 -14
right_child=1 -3 -4 4 5 -7 9 -9 -10 -11 -12 -13 13 -15
leaf_value=0.039024860564566999 0.10265616080502271 0.050738169175661742 -0.021342341960298591 -0.039175370587329471 0.04482695480460322 -0.036018028054939692 -0.033659564222436426 0.0065075076592870235 0.030895397935720076 0.034199650005462358 0.046571065824976311 0.0011942042518621617 0.014923546912619309 -0.005269375463337049
leaf_weight=117.89461541175842 142.13346753269434 166.20244620740414 197.7151775509119 145.63591074198484 188.07470640540123 135.39015916734934 144.75414730608463 190.34434206783772 228.92149423807859 140.75712058693171 197.62079498171806 805.70952926576138 562.51954231411219 8951.9046508148313
leaf_count=318 296 418 521 427 445 334 325 589 623 358 587 2346 1623 24423
internal_value=9.19139e-05 0.0131354 0.0106333 0.0133671 0.00545121 0.0103755 0.0271069 0.0409713 0.0585856 -0.000202356 0.0156734 0.00948851 -0.00354257 -0.00407407
internal_weight=12315.6 2683.26 2517.06 2319.34 1472.43 1326.8 846.911 561.399 371.055 285.511 1191.41 993.784 9632.32 9514.42
internal_count=33633 7269 6851 6330 4139 3712 2191 1508 919 683 3378 2791 26364 26046
is_linear=0
shrinkage=0.05


Tree=51
num_leaves=15
num_cat=0
split_feature=28 39 19 20 11 58 71 54 28 54 18 44 55 25
split_gain=244.639 163.623 100.436 94.9454 72.6093 86.9636 81.3264 100.444 150.621 108.677 195.204 103.442 134.03 94.7126
threshold=3.5600666666666672 22.832306639288163 0.65476190476190488 -8.1416355139178143e-16 0.090607514938525771 30.625000000000004 0.038139433854903829 18.839743589743595 11.299033333333334 22.118055555555561 6.4833333333333343 0.56482636002586128 12.628860294117649 -0.0018333333333332977
decision_type=10 2 10 8 8 2 2 8 10 8 10 8 2 10
left_child=1 -1 3 -2 -5 6 7 8 -6 10 -9 12 -11 -13
right_child=2 -3 -4 4 5 -7 -8 9 -10 11 -12 13 -14 -15
leaf_value=0.018241188626856364 0.049911401249963433 -0.007663715607522068 0.054352522104504399 -0.0020842390186915191 0.014530475553480761 -0.03072535962500729 -0.0079260154198865906 0.024742499657082851 -0.042045481261237451 0.011194252046408466 0.098669212895794639 0.014019956012796804 0.064461687066337425 -0.021721850896490084
leaf_weight=668.75392165035009 129.96431908756495 6787.3270498216152 118.44723808765411 1551.3247000351548 386.05771805346012 118.103649713099 405.39230024069548 409.97848115861416 168.01584057509899 285.75521546602249 113.58175780624151 743.72972813993692 200.90344630181789 245.80356454849243
leaf_count=1856 333 18407 233 4537 1001 323 1082 1034 453 705 356 2005 515 733
internal_value=0.000357008 -0.00533811 0.00906305 0.00792456 0.00673512 0.0111803 0.0128626 0.0161644 -0.00267031 0.0213817 0.0409378 0.0144227 0.0332713 0.0051286
internal_weight=12333.1 7456.08 4877.06 4758.61 4628.65 3077.32 2959.22 2553.83 554.074 1999.75 523.56 1476.19 486.659 989.533
internal_count=33573 20263 13310 13077 12744 8207 7884 6802 1454 5348 1390 3958 1220 2738
is_linear=0
shrinkage=0.05


Tree=52
num_leaves=15
num_cat=0
split_feature=77 20 79 7 39 15 30 39 47 55 21 58 55 46
split_gain=175.761 105.196 96.1541 78.8014 75.347 196.752 69.0531 60.337 57.8257 133.321 119.446 130.75 103.699 108.999
threshold=0.39650076439612708 -9.9303281647027871e-17 0.30803897762257337 4.0277777777777786 32.127310061601655 0.58168444702000932 0.0061653943527345068 23.82888432580425 0.55534271160211512 16.272205882352946 10.007812500000002 21.849264705882359 14.79294117647059 62.242647058823536
decision_type=8 8 10 8 2 10 10 2 2 2 8 2 2 2
left_child=1 2 -1 -2 8 -6 7 -3 10 -10 11 -5 13 -12
right_child=3 6 -4 4 5 -7 -8 -9 9 -11 12 -13 -14 -15
leaf_value=0.042237310876428041 -0.0031205651808407318 0.0037816485245101058 -0.0036105078667304051 0.0090283748862243687 0.089545397131719356 0.0055963022090579715 0.029021117715970685 -0.0097475164546316339 0.0016664207133115227 0.055447592035073545 0.039843347694752215 0.067136443868512766 -0.033983645267228128 -0.0061733050990606057
leaf_weight=213.47550490498543 1469.3937320932746 970.87517574429512 244.67758776247501 181.01172810792923 104.63591621816158 206.14664553105831 129.70074144005775 5433.034885212779 2373.8403640687466 120.11661393195391 240.55877200514078 207.98950342833996 133.3016367033124 274.90949214994907
leaf_count=393 6092 2452 708 396 277 655 267 12353 7062 492 567 505 380 888
internal_value=-0.000129524 -0.00533811 0.0177977 0.00672596 0.0104911 0.0340573 -0.00696292 -0.00769614 0.00840834 0.00427787 0.0183209 0.0401898 0.00516672 0.0153373
internal_weight=12303.7 6991.76 458.153 5311.9 3842.51 310.783 6533.61 6403.91 3531.73 2493.96 1037.77 389.001 648.77 515.468
internal_count=33487 16173 1101 17314 11222 932 15072 14805 10290 7554 2736 901 1835 1455
is_linear=0
shrinkage=0.05


Tree=53
num_leaves=15
num_cat=0
split_feature=29 39 46 5 39 36 6 30 20 29 20 58 46 14
split_gain=184.538 129.935 85.7674 68.6846 95.2291 136.755 90.72 88.0772 118.341 72.904 93.3578 108.391 67.4093 109.136
threshold=0.059608350004478498 22.643394934976047 61.676470588235297 13.558333333333334 25.49760438056126 0.86792811506012268 8.1184229939094035 0.0033389074693422525 0.73863636363636387 0.22433593153799011 -4.5334106838860555e-16 21.393382352941178 63.636029411764717 0.36922619047619049
decision_type=10 2 2 10 2 8 8 10 8 10 10 2 2 10
left_child=1 2 -1 4 5 -2 -5 9 -9 10 11 -6 13 -12
right_child=3 -3 -4 6 7 -7 -8 8 -10 -11 12 -13 -14 -15
leaf_value=0.040173090292853889 0.011785981465714317 -0.0063606714775947234 0.0010878050011363873 0.045085453682959013 -0.0023340092603768817 0.063421102993571329 0.00073793788440134408 -0.055293278354889758 0.0047662917523560904 -0.027650137521641211 -0.019110078584803993 0.051332074342404055 -0.0085902726143141754 0.015997478624827859
leaf_weight=252.33758720010519 1083.7406805828214 6891.0265798419714 314.85529506951571 269.72202787548304 160.72746340185404 144.57583951205015 200.95465228706598 151.25786024332047 177.4764142036438 166.38587511330843 273.7279425188899 225.64427467435598 853.7568766772747 1140.4343992099166
leaf_count=494 2887 19028 1017 747 402 305 587 304 364 421 701 552 2756 2978
internal_value=0.000469842 -0.00446655 0.0185165 0.00806277 0.00610793 0.0179102 0.0261931 0.00150064 -0.0229523 0.00435763 0.00637371 0.029059 0.00249784 0.00919329
internal_weight=12306.6 7458.22 567.193 4848.4 4377.73 1228.32 470.677 3149.41 328.734 2820.68 2654.29 386.372 2267.92 1414.16
internal_count=33543 20539 1511 13004 11670 3192 1334 8478 668 7810 7389 954 6435 3679
is_linear=0
shrinkage=0.05


Tree=54
num_leaves=15
num_cat=0
split_feature=11 56 83 83 31 56 58 14 14 76 6 25 41 67
split_gain=159.901 142.987 128.22 58.8577 53.8257 133.592 116.222 172.37 94.2546 94.0776 92.7988 110.51 64.5813 95.4667
threshold=0.072692813026839095 5.220595385532774 9.1772418601304029 0.75022998474025526 0.81029411764705894 4.0102233132720952 22.468750000000004 0.81516666666666682 0.81516666666666682 0.97024499115448093 7.2353252703937807 0.010000000000000038 30.000000000000004 1.0000000180025095e-35
decision_type=10 2 2 2 8 2 2 10 10 10 10 8 8 2
left_child=2 4 3 -1 12 8 7 9 -6 -7 11 -8 13 -2
right_child=1 -3 -4 -5 5 6 10 -9 -10 -11 -12 -13 -14 -15
leaf_value=-0.012993587614916306 -0.029393020735973427 0.05901237322371812 0.038610272127167139 -0.0023035014339675025 0.0084683722724460918 0.048741805747197824 0.061169629130767657 0.084765885717993816 -0.056117531179175985 -0.011739581883599463 -0.032809345117197984 0.00039063374151181103 0.0064583285570012708 0.023704809770689447
leaf_weight=1606.2533645406365 306.48426648229361 135.50091111660004 175.84037978202105 6477.5532129406929 142.21859323233366 128.31277600675821 110.59865549206734 160.6596936583519 92.473496191203594 127.25573934614658 106.96303033083677 226.77994817495346 2290.8304603770375 115.95854477584362
leaf_count=3865 775 251 424 18070 444 341 338 394 341 289 309 609 6456 362
internal_value=0.000446779 0.008728 -0.00350814 -0.00442897 0.00692395 0.0162744 0.0253882 0.0443414 -0.0171099 0.0186978 0.00757448 0.020437 0.00314485 -0.0147964
internal_weight=12203.7 3944.04 8259.65 8083.81 3808.54 1095.26 860.57 416.228 234.692 255.569 444.342 337.379 2713.27 422.443
internal_count=33268 10909 22359 21935 10658 3065 2280 1024 785 630 1256 947 7593 1137
is_linear=0
shrinkage=0.05


Tree=55
num_leaves=15
num_cat=0
split_feature=27 39 53 39 50 9 81 39 33 27 63 57 5 41
split_gain=128.625 86.6734 165.061 91.7419 88.7957 85.8842 114.695 100.617 84.0896 112.572 117.033 122.742 101.285 85.2826
threshold=2.2908088235294124 32.127310061601655 3.5505050505050506 33.935660506502401 12.36396103896104 17.22933333333334 10.860000000000001 22.832306639288163 2.0588235294117649 5.722500000000001 1.0000000180025095e-35 231.58823529411768 7.1583333333333341 130.00000000000003
decision_type=8 2 8 2 10 10 10 2 10 8 2 2 8 8
left_child=-1 5 3 4 -3 6 7 -2 9 10 -9 13 -13 -12
right_child=1 2 -4 -5 -6 -7 -8 8 -10 -11 11 12 -14 -15
leaf_value=-0.0072584548957678454 0.019635339086681445 0.0015856854168091088 0.079837308957789871 -0.014666209195748596 0.066522015567780854 0.040756902144524598 -0.047133426924320272 -0.0011048945053311063 0.015425255395528373 -0.0079065482030732642 0.07722139727650984 -0.0044402910608391999 0.047421094687617113 0.021686538674464843
leaf_weight=4141.024576947093 749.1490695104003 111.34865245223045 102.50525955855846 203.72393493354321 98.94167336076498 140.88443142920732 118.35776096582413 1782.9233550280333 808.9076731801033 3282.9291536062956 134.17878149449825 404.14283341169357 121.68091710656881 143.7315182313323
leaf_count=10894 2072 352 282 663 299 398 316 5005 2406 8863 283 1096 345 336
internal_value=-7.59096e-05 0.00355023 0.0233567 0.00921401 0.0323085 0.00221648 0.00149162 0.00227269 0.000322416 -0.00176123 0.00603831 0.0218658 0.00762819 0.0486802
internal_weight=12344.4 8203.41 516.52 414.014 210.29 7686.89 7546 7427.64 6678.49 5869.59 2586.66 803.734 525.824 277.91
internal_count=33610 22716 1596 1314 651 21120 20722 20406 18334 15928 7065 2060 1441 619
is_linear=0
shrinkage=0.05


Tree=56
num_leaves=15
num_cat=0
split_feature=12 41 33 41 55 3 30 3 77 27 20 55 20 6
split_gain=147.281 137.289 78.5862 101.522 224.803 94.8002 87.4382 97.2539 70.0235 91.2353 68.155 126.881 67.2992 140.735
threshold=0.025124007936507941 148.00000000000003 -1.0000000180025095e-35 13.500000000000002 12.490808823529415 12.331111111111113 0.0071790860106077511 10.252272727272729 0.2783999855409493 0.10312500000000001 3.6181818181818186 11.784926470588237 0.89898989898989889 3.0430528130616232
decision_type=10 8 8 10 2 10 10 10 10 10 10 2 10 10
left_child=1 2 12 4 -4 6 7 -5 -3 -10 11 -7 13 -1
right_child=-2 8 3 5 -6 10 -8 -9 9 -11 -12 -13 -14 -15
leaf_value=-0.012634732085376688 0.057514934520842657 -0.0085217203249043118 -0.0038766522236178256 0.0066262265457750109 0.087322364812279368 0.0031934728410748501 -0.032103324875999116 -0.021305340824359927 0.046353063682501118 0.0002420877807681929 0.0062138605544068935 0.080387809767716978 -0.038883084951784185 0.040229458650858557
leaf_weight=676.28123977780342 110.96232928335667 4527.4477268904448 152.16476515680552 4616.6789121031761 120.42943596839905 92.51337718218565 165.4420030862093 333.23020313680172 125.6266103386879 701.97512255609035 182.42595772445202 124.63776928186417 152.20981311053038 153.64811560511589
leaf_count=1517 264 13279 347 12128 314 279 391 934 337 2042 463 442 355 344
internal_value=0.000431276 -9.58396e-05 0.00463593 0.0068552 0.0365861 0.00537928 0.00354424 0.00474194 -0.00607732 0.00728904 0.0288038 0.0476659 -0.00843535 -0.00281114
internal_weight=12235.7 12124.7 6769.66 5787.52 272.594 5514.93 5115.35 4949.91 5355.05 827.602 399.577 217.151 982.139 829.929
internal_count=33436 33172 17514 15298 661 14637 13453 13062 15658 2379 1184 721 2216 1861
is_linear=0
shrinkage=0.05


Tree=57
num_leaves=15
num_cat=0
split_feature=77 43 81 55 27 19 41 43 14 48 24 81 31 66
split_gain=176.762 96.8919 100.41 94.6952 213.285 81.6274 80.7246 84.6025 79.1759 146.406 144.203 139.884 143.728 92.706
threshold=0.42997231691801135 59.320512820512825 10.985000000000001 9.6411764705882366 8.9568750000000019 0.36931818181818188 20.500000000000004 50.166666666666679 0.85041666666666693 28.352941176470591 1.9040000000000008 4.5550000000000006 0.26781250000000006 9.5000000000000018
decision_type=10 10 10 2 8 10 8 8 10 2 8 10 10 2
left_child=5 -2 3 4 -3 6 -1 -8 9 11 -10 12 -5 -13
right_child=1 2 -4 8 -6 -7 7 -9 10 -11 -12 13 -14 -15
leaf_value=0.03546854328764127 -0.0038607902463238621 0.0067074383373725583 -0.028328610272117322 0.077071703350724677 0.092385043428866817 0.037002167997859207 0.038620405725678993 -0.0055061842833398836 0.075417870158933059 0.050020934330908241 0.0041870903001192871 -0.010547783201122233 0.0096673876633814049 0.033186793754208015
leaf_weight=124.28458093106747 945.61753292381763 167.80214409530163 125.35441514849663 113.36261491477489 127.31292612850666 119.75769291818142 109.01432946324348 8668.9073169454932 133.71013061702251 194.01451210677624 150.62393492460251 962.06052331626415 257.54482315480709 137.62797692418098
leaf_count=428 1978 450 350 337 300 293 228 24723 321 491 328 2332 671 320
internal_value=-0.000204231 0.00966744 0.0150658 0.0175014 0.043856 -0.00383215 -0.00438557 -0.00495383 0.0134903 0.00931241 0.0378308 0.00391143 0.0304204 -0.00504914
internal_weight=12337 3315.03 2369.41 2244.06 295.115 9021.96 8902.21 8777.92 1948.94 1664.61 284.334 1470.6 370.907 1099.69
internal_count=33550 7878 5900 5550 750 25672 25379 24951 4800 4151 649 3660 1008 2652
is_linear=0
shrinkage=0.05


Tree=58
num_leaves=15
num_cat=0
split_feature=12 41 17 20 20 36 51 14 45 55 11 82 51 56
split_gain=128.232 120.554 94.4432 146.39 151.749 105.534 78.0813 160.032 78.254 65.6356 79.8529 64.3513 56.0828 110.707
threshold=0.025124007936507941 148.00000000000003 3.4833333333333338 0.91608391608391615 0.48076923076923056 0.87743572239151579 3.9099839228295825 0.75041666666666684 22.105555555555558 16.617647058823533 0.17709071464441248 8.6250000000000018 4.8828107118333728 5.1671252271516463
decision_type=10 8 8 8 10 10 8 10 8 2 10 10 8 2
left_child=1 2 9 4 -4 6 7 -5 11 10 12 -8 13 -1
right_child=-2 -3 3 5 -6 -7 8 -9 -10 -11 -12 -13 -14 -15
leaf_value=-0.0039682655148905671 0.051977412376052037 -0.0055311464076520933 0.019480151599721326 -0.0019704118276419229 0.080809045818244857 -0.03527170216497575 0.006850293105825302 0.079725655906052503 0.010953687642585657 0.029927777676401535 -0.04001661555249561 -0.044273029478070172 0.012482892160050415 0.042981387031149593
leaf_weight=3431.6651961132884 119.18916703760624 5361.0674984827638 356.3632301017642 129.02962039411068 140.22986307740211 140.70515725016594 115.22044204175472 110.87980177998543 1034.7000095397234 180.85321278870106 124.61642337590456 130.58252628147602 787.8269350156188 129.3297227025032
leaf_count=9148 284 15631 809 368 334 369 348 380 2568 535 278 328 1827 242
internal_value=0.000584555 7.71281e-05 0.00449102 0.013135 0.036926 0.00600476 0.00984533 0.0359616 0.00492806 0.000481728 -0.000715146 -0.0203783 0.000419987 -0.00225154
internal_weight=12292.3 12173.1 6812 2157.71 496.593 1661.12 1520.41 239.909 1280.5 4654.29 4473.44 245.803 4348.82 3560.99
internal_count=33449 33165 17534 5504 1143 4361 3992 748 3244 12030 11495 676 11217 9390
is_linear=0
shrinkage=0.05


Tree=59
num_leaves=15
num_cat=0
split_feature=83 20 32 29 58 24 33 59 54 39 58 53 5 25
split_gain=106.267 92.1431 81.544 76.897 91.9508 83.8843 82.5987 167.708 107.521 95.8618 118.379 67.8795 86.1373 61.6801
threshold=0.78584357326651344 -0.16666666666666666 1.0000000180025095e-35 0.18574979050989218 14.400735294117649 -4.959830769230769 1.8708333333333336 1.0000000180025095e-35 21.679487179487186 22.832306639288163 18.849264705882359 2.9309523809523812 7.0166666666666666 -0.072999999999999968
decision_type=2 8 10 8 2 8 10 2 10 2 2 10 10 10
left_child=-1 -2 3 4 -3 -6 9 8 -8 10 -5 -11 -13 -9
right_child=1 2 -4 6 5 -7 7 13 -10 11 -12 12 -14 -15
leaf_value=-0.011160866494291375 0.040703866854022407 0.042003654167745208 0.035355845578371514 0.064415526437645046 0.031274530846766478 -0.0029289420165647855 -0.037281515956957265 0.083638980289797604 0.031243250182515905 0.0037407578264940151 0.010011590520519538 -0.0048932498874715118 -0.056554214731411069 0.031270436836513392
leaf_weight=1716.2474553659558 152.50058521330357 119.06238394975662 175.73747269809246 123.84407855570316 182.72212716937065 7383.8991768136621 111.97127053141594 115.53393813222647 115.05717577040195 1130.6348308026791 504.94824969768524 264.81865884363651 115.18334250152111 112.31630878895521
leaf_count=4159 399 284 443 330 526 20320 319 300 304 3500 1333 793 267 321
internal_value=0.000378344 0.00224609 0.00168133 0.00110227 -0.00141037 -0.00209896 0.0085437 0.0278681 -0.0025687 0.0044239 0.020812 -0.0024068 -0.0206597 0.0580739
internal_weight=12324.5 10608.2 10455.7 10280 7685.68 7566.62 2594.31 454.879 227.028 2139.43 628.792 1510.64 380.002 227.85
internal_count=33598 29439 29040 28597 21130 20846 7467 1244 623 6223 1663 4560 1060 621
is_linear=0
shrinkage=0.05


Tree=60
num_leaves=15
num_cat=0
split_feature=83 81 27 41 29 79 11 20 58 20 2 30 58 20
split_gain=130.405 76.3815 139.146 66.403 108.864 55.077 79.6965 68.1114 65.9753 114.118 73.8668 100.752 150.559 72.1091
threshold=2.2944452637775519 10.985000000000001 14.638333333333334 13.500000000000002 0.16345144333398196 0.97656665967553835 0.051299727863941678 -9.4368957093138286e-16 19.545955882352946 2.3484848484848491 1.5000000000000002 0.0035794439952654966 23.323529411764707 0.84523809523809534
decision_type=2 10 10 8 10 10 8 8 2 10 2 8 2 10
left_child=-1 2 3 4 -2 7 -7 -5 9 -9 13 12 -12 -10
right_child=1 -3 -4 5 -6 6 -8 8 10 -11 11 -13 -14 -15
leaf_value=-0.0055811464589054123 0.062338907535582501 -0.028761067548028055 0.050543602638504298 0.043819091913886887 -0.0031811567905460497 0.018655275680538208 -0.017247010191746241 0.0087648614012464637 0.0043450617828000816 0.054264181895578446 -0.023783944472748935 0.047331178858536771 0.030203908898585236 -0.010616243936377362
leaf_weight=5400.1338931247592 125.66582098603249 164.70662975311279 166.95612412691116 111.25388938188553 126.74057099223137 203.5425828397274 632.66543388366699 1241.6839245185256 1921.2264549434185 154.11767894029617 245.52918893843889 186.31487227976322 270.22956885397434 1385.1514365151525
leaf_count=14586 380 457 516 284 263 574 1746 3238 5118 435 671 498 798 4022
internal_value=0.000244365 0.0047802 0.00560022 0.00445655 0.0295567 0.00345461 -0.00849614 0.00526768 0.00446609 0.0138239 0.00120492 0.0159224 0.00450647 -0.00192404
internal_weight=12335.9 6935.78 6771.08 6604.12 252.406 6351.72 836.208 5515.51 5404.25 1395.8 4008.45 702.074 515.759 3306.38
internal_count=33586 19000 18543 18027 643 17384 2320 15064 14780 3673 11107 1967 1469 9140
is_linear=0
shrinkage=0.05


Tree=61
num_leaves=15
num_cat=0
split_feature=31 57 20 41 6 50 44 80 39 31 52 76 48 82
split_gain=108.019 167.124 109.614 88.1082 76.6273 77.9443 81.3997 111.143 102.204 89.6928 82.0808 149.507 112.669 71.9036
threshold=0.84581250000000008 237.03125000000003 -8.1416355139178143e-16 108.50000000000001 0.95981747013873575 11.158571428571429 0.56797212543554021 9.4800000000000022 32.77481177275839 0.57088235294117662 247.57777777777781 0.86096685295653164 22.878676470588239 10.675000000000002
decision_type=10 2 8 10 8 8 8 10 2 8 10 10 2 10
left_child=2 -2 -1 -3 -4 -6 7 10 13 -10 -7 -12 -13 -8
right_child=1 3 4 -5 5 6 8 -9 9 -11 11 12 -14 -15
leaf_value=0.037525911098797951 0.053433163348556939 -0.025966132350867754 -0.010122699498213185 0.035323062240449121 -0.0054842688174222796 -0.00040320670748770094 -0.0010197452863247671 0.04791672922502125 0.00048332376647262774 0.063963224469774732 0.0037438885032928353 0.074533117095192072 0.011991619783254415 -0.036577233108931871
leaf_weight=181.89084367454052 234.62735607475042 168.87378352880478 2102.291155256331 88.566341258585453 3517.6722636669874 1154.6589426547289 3483.4257676079869 191.82774893939495 110.5928248167038 111.02687141299248 499.71400339156389 172.53840963542461 123.85476014018059 147.22997276484966
leaf_count=479 545 619 5636 300 9645 2510 10039 428 290 324 1571 422 359 375
internal_value=7.6672e-05 0.0230052 -0.000881596 -0.00482591 -0.00148624 0.000423293 0.00389007 0.0116999 -0.000455595 0.0324299 0.00811584 0.0204567 0.0485269 -0.00247134
internal_weight=12288.8 492.067 11796.7 257.44 11614.8 9512.54 5994.87 2142.59 3852.28 221.62 1950.77 796.107 296.393 3630.66
internal_count=33542 1464 32078 919 31599 25963 16318 5290 11028 614 4862 2352 781 10414
is_linear=0
shrinkage=0.05


Tree=62
num_leaves=15
num_cat=0
split_feature=83 81 5 55 44 33 36 29 50 15 55 32 54 25
split_gain=83.3588 89.2028 70.5383 62.7645 59.8384 87.6879 81.1717 59.0768 99.5694 51.1803 104.635 56.4711 48.0649 60.7064
threshold=2.3736383639577308 9.7750000000000004 13.558333333333334 11.914705882352942 0.65393656633960939 0.60769230769230764 0.05968582060112098 0.14270488446522758 12.917424242424245 0.89461701128864013 12.509375000000002 1.0000000180025095e-35 12.633333333333335 0.15763888888888891
decision_type=2 10 10 2 8 8 8 10 8 10 2 10 8 8
left_child=4 2 9 -3 -1 -6 -7 -4 -9 11 -11 12 -2 -14
right_child=1 3 7 -5 5 6 -8 8 -10 10 -12 -13 13 -15
leaf_value=-0.0070113762862574263 -0.0266697888640063 -0.045005253703404288 -0.0023022501509636132 -0.002873927408035461 -0.0048166591572227496 0.0099348507587755167 0.061965975433343978 0.066000130360887532 0.0037496777011322233 -0.0026252798955446171 0.064890590305598864 0.037606229719004791 -0.0017832220263604389 0.0087695003409742431
leaf_weight=4591.4175373092294 141.47064980119467 151.05218580365181 127.68272542208433 211.51231399178505 582.93270570784807 227.63896422088146 111.12026558071375 148.04027437418699 113.11631241440773 132.57937406003475 100.08102307468653 112.62991760671139 3177.7379219084978 2384.8726752102375
leaf_count=12307 390 385 367 566 1547 715 314 442 305 399 333 254 8686 6502
internal_value=-0.000108945 0.0035948 0.00495478 -0.0205023 -0.00467757 0.0069433 0.0271343 0.0255703 0.0391544 0.00362566 0.0265707 0.00270348 0.00200783 0.00274184
internal_weight=12313.9 6800.78 6438.21 362.564 5513.11 921.692 338.759 388.839 261.157 6049.37 232.66 5816.71 5704.08 5562.61
internal_count=33512 18629 17678 951 14883 2576 1029 1114 747 16564 732 15832 15578 15188
is_linear=0
shrinkage=0.05


Tree=63
num_leaves=15
num_cat=0
split_feature=12 11 8 6 11 54 24 51 81 56 53 43 29 24
split_gain=105.451 96.5298 163.326 83.8381 105.081 148.802 98.1834 94.6662 94.9908 81.767 76.7057 76.4754 74.6028 73.4909
threshold=0.025124007936507941 0.10121466115902214 5.6891581883576565 8.1184229939094035 0.2180059232816576 23.449494949494952 3.4906666666666677 5.0147301284276304 7.1550000000000011 4.3946815064030433 1.8257575757575759 50.166666666666679 0.24890176508813364 -0.054599999999999753
decision_type=10 10 10 8 10 10 10 10 10 2 10 8 8 8
left_child=1 11 -3 4 6 -6 7 8 10 -10 13 -1 -5 -4
right_child=-2 2 3 12 5 -7 -8 -9 9 -11 -12 -13 -14 -15
leaf_value=0.034824643431848039 0.047689754969164805 0.063434108128051739 0.016234001920783361 -0.0032236425199763385 0.06481135157206791 -0.0052562473525789855 -0.017168372679862015 -0.02162989300840798 0.057966071780854528 0.007175351417083981 0.015532108543034096 -0.0036835737211985044 -0.047566197999293583 -0.038432626146426757
leaf_weight=129.81094197183847 113.3441012352705 122.53691262751818 103.30643301457167 561.49739375710487 184.61102895438671 127.80849876254797 396.22056946903467 197.55396286398172 205.44220530986786 129.11578051745892 785.93210387974977 8999.3732446655631 113.17743454873562 149.24756839871407
leaf_count=268 272 307 328 1605 494 356 1084 457 507 285 2205 24677 278 464
internal_value=-0.000103301 -0.000550988 0.00710731 0.00475003 0.00933245 0.0362219 0.00504495 0.0106562 0.0153138 0.0384442 0.00783235 -0.00313226 -0.0107215 -0.0160956
internal_weight=12319 12205.6 3076.45 2953.91 2279.24 312.42 1966.82 1570.6 1373.04 334.558 1038.49 9129.18 674.675 252.554
internal_count=33587 33315 8370 8063 6180 850 5330 4246 3789 792 2997 24945 1883 792
is_linear=0
shrinkage=0.05


Tree=64
num_leaves=15
num_cat=0
split_feature=6 50 47 66 33 83 3 82 3 81 44 11 25 41
split_gain=94.5272 67.4376 77.2429 97.9378 97.5315 132.441 114.591 89.2871 134.154 79.1191 91.4336 164.508 100.162 93.0291
threshold=0.98210154372317737 11.012698412698414 0.61727736976493197 7.5000000000000009 2.1380952380952385 10.127431496782211 6.2366666666666681 10.375000000000002 8.8035714285714306 9.1650000000000009 0.57026773691019994 0.071475694507710588 0.055916666666666621 58.500000000000007
decision_type=8 8 2 2 10 2 8 10 10 8 8 10 10 8
left_child=-1 -2 3 4 9 6 -6 8 -4 10 11 -3 -13 -12
right_child=1 2 7 -5 5 -7 -8 -9 -10 -11 13 12 -14 -15
leaf_value=-0.0095091844878277751 -0.0034209128424710755 0.0077631915845225892 -0.0068953077086557268 -0.005497530459215018 0.049419938731086611 0.070991125184856993 -0.017930320322692244 -0.051902618539750228 0.05386009676459666 4.9709860939248374e-05 -0.022507923569831369 0.031756695451523306 0.08188007712169422 0.012418611468128117
leaf_weight=2140.8914426192641 3631.5217427834868 571.98392999172211 1138.3968714401126 1093.4496804699302 113.29084731638432 153.72607906162739 140.32171725481749 95.870290085673332 97.735351197421551 1530.3786193728447 238.83640642464161 312.9015631377697 147.00564558804035 929.27934317290783
leaf_count=5720 9986 1190 3529 2825 322 430 355 253 383 4963 568 646 309 2059
internal_value=3.94897e-05 0.00204545 0.00507015 0.00780704 0.0113234 0.0345264 0.0122315 -0.00567622 -0.002052 0.0087812 0.0148523 0.0256904 0.0479211 0.00526428
internal_weight=12335.6 10194.7 6563.18 5231.17 4137.72 407.339 253.613 1332 1236.13 3730.39 2200.01 1031.89 459.907 1168.12
internal_count=33538 27818 17832 13667 10842 1107 677 4165 3912 9735 4772 2145 955 2627
is_linear=0
shrinkage=0.05


Tree=65
num_leaves=15
num_cat=0
split_feature=20 77 79 24 20 70 46 46 31 24 28 57 56 81
split_gain=65.9944 65.1734 66.6614 77.4221 95.6355 56.2894 55.2991 67.8913 122.055 124.346 118.321 118.487 71.6604 81.7339
threshold=-0.16666666666666666 0.24671727123267431 -0.3097395789875228 -4.5111818181818171 1.1547619047619049 1.0000000180025095e-35 59.060661764705891 61.181985294117659 0.048181818181818194 -3.8079999999999981 3.3623076923076929 232.94117647058826 4.3715833071039247 6.1350000000000007
decision_type=8 8 8 8 10 2 2 2 10 10 10 2 2 10
left_child=-1 -2 5 4 -4 -3 -5 8 -8 -10 -11 -12 -9 -14
right_child=1 2 3 6 -6 -7 7 12 9 10 11 -13 13 -15
leaf_value=0.031908376883796372 -0.0047613924283911504 -0.018037019519182938 0.06717435253826684 -0.01503850641793014 0.0043548371287119407 0.0097465924630194371 0.060582068386558288 0.007308384631096127 -0.016264652758829084 -0.016788105305931594 0.074854767772057546 0.014841156221400165 0.0005436304766010977 -0.025480201407054665
leaf_weight=154.045191437006 5783.2946076989174 636.82236671447754 107.40392427146435 378.41743442416191 137.68677532672882 254.51762139797211 136.66522956639528 2439.3112022280693 289.64045016467571 120.6381883919239 144.32321608811617 190.94944228231907 1114.9542334601283 412.63569124042988
leaf_count=402 13393 917 300 1060 475 376 344 8970 769 425 302 576 4092 1073
internal_value=-0.000506281 -0.00091994 0.0025712 0.00463671 0.0320448 -0.0101015 0.00334581 0.0047833 0.0173204 0.00931972 0.0255735 0.0408207 0.00199145 -0.00649805
internal_weight=12301.3 12147.3 6363.97 5472.63 245.091 891.34 5227.54 4849.12 882.217 745.551 455.911 335.273 3966.9 1527.59
internal_count=33474 33072 19679 18386 775 1293 17611 16551 2416 2072 1303 878 14135 5165
is_linear=0
shrinkage=0.05


Tree=66
num_leaves=15
num_cat=0
split_feature=39 55 49 33 39 56 41 47 53 82 29 80 55 41
split_gain=78.4801 123.235 142.405 73.2906 93.357 64.6458 93.1348 99.5378 101.594 87.1929 68.1852 89.6091 76.9313 137.094
threshold=22.832306639288163 13.114705882352943 7.5000000000000009 0.24999999999999989 32.364134154688578 3.8003262134059326 137.50000000000003 0.59360018470348497 2.1180555555555558 8.7550000000000008 0.24890176508813364 12.635000000000003 13.909375000000002 148.00000000000003
decision_type=2 2 2 10 2 2 10 2 10 8 10 10 2 8
left_child=1 -1 -3 4 -2 6 7 8 -5 -9 11 12 -7 -14
right_child=3 2 -4 5 -6 10 -8 9 -10 -11 -12 -13 13 -15
leaf_value=0.0013436581222446772 -0.0071201546898874693 0.077277746861396351 0.0012615508541466089 -0.027555608070134886 0.033586392259285107 -0.0031462338337842639 -0.020446591449863199 0.092179282005560581 0.029948985723282612 0.026187529268794266 -0.033492904240983605 0.041709286268662098 0.021681018384611287 -0.011586785824466494
leaf_weight=535.23021280020475 4916.8737477734685 139.15817397087812 109.99578458815813 120.53853902220726 144.02613241970539 4142.1386891156435 133.88456689566374 83.704970955848694 207.86631435155869 125.25906929373741 143.90201782435179 132.57163152098656 917.33190461993217 466.46376553922892
leaf_count=1415 13535 412 323 452 381 10521 442 242 542 566 351 370 2548 1512
internal_value=-0.000406983 0.0148865 0.0438575 -0.00144819 -0.0059553 0.0020757 0.0167538 0.026043 0.00882278 0.052935 0.000375068 0.00124213 0.000263923 0.0104665
internal_weight=12318.9 784.384 249.154 11534.6 5060.9 6473.66 671.253 537.369 328.405 208.964 5802.41 5658.51 5525.93 1383.8
internal_count=33612 2150 735 31462 13916 17546 2244 1802 994 808 15302 14951 14581 4060
is_linear=0
shrinkage=0.05


Tree=67
num_leaves=15
num_cat=0
split_feature=12 21 45 78 41 27 79 83 55 39 36 58 22 46
split_gain=96.0367 61.388 66.0217 83.9932 139.99 109.449 63.4632 41.0667 42.7399 45.4036 52.5518 48.9074 84.3917 44.2942
threshold=0.025124007936507941 8.146428571428574 17.519230769230774 1.0000000180025095e-35 205.00000000000003 6.5500000000000016 1.2689681264499315 0.68805268009915155 15.318750000000003 26.672142368240934 0.54859166598888065 19.363970588235297 0.85912698412698429 59.757352941176478
decision_type=10 10 10 10 8 8 10 2 2 2 10 2 8 2
left_child=1 2 3 4 5 -1 -3 -4 9 11 13 12 -9 -11
right_child=-2 6 7 -5 -6 -7 -8 8 -10 10 -12 -13 -14 -15
leaf_value=0.024512465759338853 0.046813415380069327 0.0027188996189310807 -0.015868948900841517 0.00046616869930720404 -0.010977256116741512 0.12331396101259758 0.033938666727615384 0.042966917287555507 -0.023869606477826523 0.015927759182327077 -0.040902423555241658 -0.0018146979625393101 -0.0042384059098202415 -0.010831656989230944
leaf_weight=59.974822893738747 109.48088212311268 5822.2168186903 1009.7719579562545 1799.9490677416325 94.018626347184181 52.679617345333099 166.47583955526352 182.46915212273598 255.14156363159418 184.47172459959984 121.54786867648363 1291.9275343343616 195.30480120331049 931.47866482287645
leaf_count=345 264 16809 2393 3846 537 311 527 479 833 422 259 3482 554 2407
internal_value=0.000406544 -1.48318e-05 -0.00351101 0.00394028 0.0340489 0.0713926 0.00359228 -0.00709488 -0.00428908 -0.00256304 -0.00981725 0.00281607 0.0186155 -0.0063979
internal_weight=12276.9 12167.4 6178.74 2006.62 206.673 112.654 5988.69 4172.11 3162.34 2907.2 1237.5 1669.7 377.774 1115.95
internal_count=33468 33204 15868 5039 1193 656 17336 10829 8436 7603 3088 4515 1033 2829
is_linear=0
shrinkage=0.05


Tree=68
num_leaves=15
num_cat=0
split_feature=27 39 41 9 56 5 81 31 48 39 47 46 31 10
split_gain=62.9765 65.6229 88.6421 74.2752 70.9613 106.101 58.8714 62.6845 54.6146 54.8836 75.2002 104.537 67.4913 95.6573
threshold=1.4358288770053478 32.127310061601655 94.500000000000014 16.594666666666672 4.3986952588278543 7.5416666666666687 10.595000000000001 0.84581250000000008 31.213235294117649 22.832306639288163 0.57514249977664622 62.781250000000007 0.57777083333333346 0.16024645003128465
decision_type=8 2 10 10 2 10 10 10 2 2 2 2 8 10
left_child=-1 3 4 6 5 -3 7 8 9 10 11 -2 13 -11
right_child=1 2 -4 -5 -6 -7 -8 -9 -10 12 -12 -13 -14 -15
leaf_value=-0.0067011592549783214 0.068743964386242043 -0.0068961618392796228 0.046589661234386355 0.033484051691655727 -0.021750810863389425 0.054498419904928465 -0.032172551580172605 0.020097620925134493 0.034139792807035496 0.0010450657392210884 0.00081175257139838814 0.0030866389186748784 -0.0070791796090891382 0.046128589571254791
leaf_weight=2953.2589313462377 116.25422817468643 160.01138135045767 182.01859326660633 166.95234940946102 156.67238517850637 124.34291796386242 139.64894719421864 386.13114367425442 111.21418727189302 3440.1350517272949 494.44746474176645 125.72696762531996 3661.5283048003912 120.82715028524399
leaf_count=7808 240 583 441 468 477 352 363 1127 456 8911 1361 443 10229 330
internal_value=-0.000334427 0.00166935 0.0173351 0.000553656 0.00518324 0.0200475 -8.97483e-05 0.000443817 -0.000498931 -0.000987184 0.0120064 0.0347833 -0.00231353 0.00258732
internal_weight=12339.2 9385.91 623.045 8762.87 441.027 284.354 8595.91 8456.26 8070.13 7958.92 736.429 241.981 7222.49 3560.96
internal_count=33589 25781 1853 23928 1412 935 23460 23097 21970 21514 2044 683 19470 9241
is_linear=0
shrinkage=0.05


Tree=69
num_leaves=15
num_cat=0
split_feature=27 39 1 26 49 46 46 45 81 27 57 46 57 29
split_gain=75.283 81.2209 137.076 67.043 60.2993 68.9571 58.1515 96.3009 57.5267 63.6257 74.0527 81.0306 95.7145 74.5119
threshold=2.2908088235294124 32.127310061601655 2.5000000000000004 1.5000000000000002 11.500000000000002 61.676470588235297 67.264705882352956 17.639610389610393 10.860000000000001 14.638333333333334 283.64338235294127 64.656250000000014 290.45588235294127 0.11718470137615682
decision_type=8 2 8 2 2 2 2 10 10 10 2 2 2 10
left_child=3 6 -3 -1 -5 -6 8 -8 9 10 -2 12 -12 -14
right_child=1 2 -4 4 5 -7 7 -9 -10 -11 11 -13 13 -15
leaf_value=0.028443519225818642 -0.0012640021605031693 0.0093051881700403211 0.074391445671021378 -0.0097612408551586757 0.028820453485902543 -0.0040464452267110528 0.068797511275236853 0.0079886356890510359 -0.031054832658877058 0.036570716106931397 0.059888003711011786 -0.016706448003948847 0.02628223082977307 -0.031823540672458399
leaf_weight=138.63588009774685 6361.0797628313303 428.60615170747042 98.829155296087265 3246.6268781721592 228.16399728506804 524.99759835749865 78.516740813851357 361.29670376330614 142.66592702269554 121.86898600310087 152.13690643757582 130.69107159972191 203.11510153859854 74.673373639583588
leaf_count=505 16354 1398 230 8569 529 1314 291 1411 393 421 469 594 824 288
internal_value=-0.000125808 0.0026619 0.0216185 -0.00561743 -0.00680483 0.00593532 0.00134815 0.0189759 0.000266804 0.000905535 0.000272393 0.0176764 0.0281429 0.0106045
internal_weight=12291.9 8153.48 527.435 4138.42 3999.79 753.162 7626.04 439.813 7186.23 7043.57 6921.7 560.616 429.925 277.788
internal_count=33590 22673 1628 10917 10412 1843 21045 1702 19343 18950 18529 2175 1581 1112
is_linear=0
shrinkage=0.05


Tree=70
num_leaves=15
num_cat=0
split_feature=20 78 9 10 50 55 41 79 20 29 55 66 28 46
split_gain=85.7488 67.1134 56.9894 61.3403 116.379 49.363 94.337 198.159 65.6234 97.6092 63.4741 84.7335 65.0788 90.5974
threshold=-8.1416355139178143e-16 2.5000000000000004 16.594666666666672 0.21612016058954667 12.129670329670331 13.824852941176472 55.500000000000007 -0.014689891142087267 1.6794871794871797 0.14023550615332334 12.031250000000002 5.5000000000000009 1.4003641025641029 60.665441176470594
decision_type=8 10 10 10 10 2 8 8 10 10 2 2 10 2
left_child=-1 2 3 5 -5 10 7 -7 9 -9 -2 -12 13 -13
right_child=1 -3 -4 4 -6 6 -8 8 -10 -11 11 12 -14 -15
leaf_value=0.033025683246388993 0.0043004132314234797 -0.0055421112837711721 0.029585570335861806 -0.051894163358861822 0.018603577266525517 0.088847559971003368 0.0033947042368064669 -0.0011856378512245102 -0.02645704292206686 0.06157658570699235 0.028932995297780775 0.049225839565289586 -0.014621394902232339 -0.0040994065400660291
leaf_weight=196.04723937064409 3511.51129129529 3980.0329723209143 187.1071205958724 142.00443228334188 98.423476576805115 105.94510436058044 1541.2091472223401 157.15746313333511 86.930880323052406 101.21743325144053 155.05016972869635 96.938396796584129 1494.6165959984064 425.91285444051027
leaf_count=520 9975 9182 518 426 329 157 5178 617 347 312 407 229 3910 1444
internal_value=0.000307691 -0.000225802 0.0023855 0.001739 -0.0230771 0.00251914 0.0092891 0.0293689 0.0109161 0.0235438 0.000144812 -0.00657091 -0.0093125 0.00586237
internal_weight=12280.1 12084.1 8104.02 7916.92 240.428 7676.49 1992.46 451.251 345.306 258.375 5684.03 2172.52 2017.47 522.851
internal_count=33551 33031 23849 23331 755 22576 6611 1433 1276 929 15965 5990 5583 1673
is_linear=0
shrinkage=0.05


Tree=71
num_leaves=15
num_cat=0
split_feature=6 12 48 73 3 46 11 73 33 53 7 48 28 51
split_gain=72.453 69.1361 53.4314 102.94 155.225 148.257 98.0886 97.2658 88.521 105.148 203.213 68.4791 66.0286 94.1802
threshold=2.9460829522429512 0.021459247265698884 23.726102941176475 16.500000000000004 8.8839743589743616 62.849264705882355 0.2366597094466357 16.500000000000004 0.64583333333333337 2.8397435897435903 8.9763333333333346 29.420955882352946 11.011907692307693 3.6914038448382027
decision_type=8 10 2 2 8 2 10 2 8 8 10 2 10 10
left_child=-1 2 3 6 5 -5 -2 8 -4 12 11 -11 13 -10
right_child=1 -3 7 4 -6 -7 -8 -9 9 10 -12 -13 -14 -15
leaf_value=-0.0037594769607078903 0.0026453229353643731 0.042052294756120073 -0.013063754545974901 0.075122032321472451 -0.017350435612160691 0.0094361678330196277 0.041450889067020713 -0.03109083879079598 0.047493128920076094 -0.0012270467335168058 0.074775636411266846 0.041284345681708134 -0.027660313034355205 -0.0027929034614244171
leaf_weight=4831.22909745574 4004.7555315047503 117.02105970680714 773.13209350407124 193.8719457834959 132.35964649915695 154.20370493084192 168.75685402750969 259.66123607754707 105.66020968556404 421.2467834353447 145.15960178524256 121.1931814327836 210.57644984126091 732.34312679618597
leaf_count=13192 10812 272 2149 423 301 409 416 683 366 1200 430 274 674 2100
internal_value=0.00102028 0.004083 0.00347884 0.00675044 0.0286432 0.0461324 0.00422399 -0.00202035 0.000999021 0.00726518 0.0224452 0.00832944 -0.00270089 0.00359649
internal_weight=12371.2 7539.94 7422.92 4653.95 480.435 348.076 4173.51 2768.97 2509.31 1736.18 687.6 542.44 1048.58 838.003
internal_count=33701 20509 20237 12361 1133 832 11228 7876 7193 5044 1904 1474 3140 2466
is_linear=0
shrinkage=0.05


Tree=72
num_leaves=15
num_cat=0
split_feature=28 52 50 45 21 3 17 52 53 70 79 36 20 48
split_gain=82.223 64.94 70.6314 61.8819 79.103 97.6352 215.492 78.0722 81.6425 106.71 82.4583 91.813 95.1422 77.2513
threshold=4.1960555555555565 164.10000000000002 5.2100000000000017 21.408333333333335 11.562608695652175 9.8041666666666689 3.7207792207792214 303.23376623376629 2.6794871794871802 0.097356692759245814 -0.28210604169850068 0.77450671689619244 0.55844155844155852 22.060661764705888
decision_type=10 8 8 8 10 10 10 10 10 2 8 8 8 2
left_child=-1 -2 -3 4 5 6 -4 8 13 10 -10 12 -12 -5
right_child=1 2 3 7 -6 -7 -8 -9 9 -11 11 -13 -14 -15
leaf_value=-0.0030534631011778792 -0.028675630388766804 -0.028479145630565264 -0.0082076681179667973 0.016926938076309416 0.027042420472120427 -0.038844197481546668 0.062507252100762328 0.049256802432706276 -0.020122811264011012 0.068396056703030519 0.043905325457726553 0.063583913425225347 -0.0066068175919704658 -0.0043546898252309054
leaf_weight=7956.7572706416249 133.55205222219229 137.63849118351936 877.36996325105429 725.23641612380743 216.65887252241373 186.60987505316734 121.79391374439001 134.84461172670126 125.39269065856934 114.41347463428974 152.63168366253376 117.51821824163198 236.52849956601858 1032.1501774340868
leaf_count=21654 271 377 2289 1814 805 468 279 553 188 314 415 320 751 2910
internal_value=-4.02079e-05 0.00551901 0.00661845 0.0078206 -0.000666502 -0.00574786 0.000466065 0.0123299 0.0103223 0.024164 0.016062 0.0250391 0.0132662 0.00443242
internal_weight=12269.1 4312.34 4178.79 4041.15 1402.43 1185.77 999.164 2638.72 2503.87 746.485 632.071 506.678 389.16 1757.39
internal_count=33408 11754 11483 11106 3841 3036 2568 7265 6712 1988 1674 1486 1166 4724
is_linear=0
shrinkage=0.05


Tree=73
num_leaves=15
num_cat=0
split_feature=20 46 81 33 28 57 29 59 81 25 41 21 55 17
split_gain=59.3256 52.6066 67.109 63.8551 97.1944 154.19 74.8833 188.89 70.4639 62.7011 59.6208 56.3496 52.6066 111.784
threshold=-0.16666666666666666 68.625000000000014 10.595000000000001 2.1380952380952385 7.9447058823529408 237.94117647058826 0.19660090567223215 1.0000000180025095e-35 6.5850000000000009 0.077071428571428569 13.500000000000002 9.2535714285714317 14.467647058823532 3.8090909090909095
decision_type=8 2 10 10 10 2 10 2 10 8 8 10 2 10
left_child=-1 2 3 10 5 -5 8 -8 11 -3 -2 -6 -12 -14
right_child=1 9 -4 4 6 -7 7 -9 -10 -11 12 -13 13 -15
leaf_value=0.03076529773098426 0.023542547354988556 -0.0043569050756520136 -0.029380290581456178 0.0804934672580426 -0.017983404962064384 -0.00096445724315997051 -0.020458191234488783 0.070266084598714793 -0.040339652370944806 0.042823990556020756 -0.0006095693410432864 0.026733485048365837 -0.0064192682840926718 -0.053529592888865822
leaf_weight=151.61895176768303 228.77123560011387 132.21491348743439 205.25829777121544 116.15467554330826 143.40477173030376 115.18935765326023 113.21354264765978 114.5928248167038 131.99976651370525 149.24941969662905 8817.0626165494323 136.5936931297183 1667.4944432452321 135.24854208528996
leaf_count=400 539 508 535 287 388 373 344 366 284 575 23435 572 4728 350
internal_value=-0.000215248 -0.000602553 -0.00110762 -0.000609995 0.0124062 0.0401049 0.00234386 0.0252862 -0.0103722 0.0207243 -0.00165625 0.00384867 -0.00220125 -0.00998138
internal_weight=12358.1 12206.4 11925 11719.7 871.149 231.344 639.805 227.806 411.998 281.464 10848.6 279.998 10619.8 1802.74
internal_count=33684 33284 32201 31666 2614 660 1954 710 1244 1083 29052 960 28513 5078
is_linear=0
shrinkage=0.05


Tree=74
num_leaves=15
num_cat=0
split_feature=12 24 57 79 53 17 20 41 28 56 69 58 36 54
split_gain=68.1007 56.262 131.315 127.293 45.1455 59.962 58.8424 53.7295 125.246 92.8348 54.5238 62.6445 42.5461 75.4995
threshold=0.025124007936507941 -4.738888888888888 227.84375000000003 0.12858638812548231 1.0954545454545457 6.2678571428571432 -9.4368957093138286e-16 60.000000000000007 9.7252000000000027 4.2615670915636867 0.10602767265212591 22.150735294117649 0.81775094017254857 25.845238095238098
decision_type=10 8 2 8 10 10 8 10 8 2 2 2 10 10
left_child=1 2 -1 -4 7 6 -6 10 -9 -10 -3 -12 -8 -14
right_child=-2 4 3 -5 5 -7 12 8 9 -11 11 -13 13 -15
leaf_value=0.061290150680521439 0.037519471230258991 -0.010914431581150458 -0.042129717668493265 0.03264719582288677 0.029593655919374559 0.031305269101089619 -0.0029195382169446044 0.002615482144688634 0.0097918850869125398 0.06952775932275089 0.0479117174805129 -0.0047872907299732065 -0.0070553938721083526 -0.053702150648045968
leaf_weight=118.84037668257952 115.44400195777416 622.2796828225255 108.97040957212448 116.96988929063082 133.83596220612526 126.42362608760595 9341.2113949358463 669.96691039949656 116.65547466278076 147.07467947155237 96.807200275361538 132.79441499710083 363.10940261185169 113.13591439276934
leaf_count=286 279 1589 202 471 351 326 25736 1602 340 353 306 428 956 303
internal_value=-0.000536853 -0.000899771 0.0189814 -0.00344424 -0.00147913 -0.00277753 -0.00321362 0.00584644 0.0141247 0.0432417 -0.00323274 0.0175437 -0.00366384 -0.018226
internal_weight=12323.5 12208.1 344.781 225.94 11863.3 10077.7 9951.29 1785.58 933.697 263.73 851.881 229.602 9817.46 476.245
internal_count=33528 33249 959 673 32290 27672 27346 4618 2295 693 2323 734 26995 1259
is_linear=0
shrinkage=0.05


Tree=75
num_leaves=15
num_cat=0
split_feature=4 55 81 24 20 28 20 28 42 58 73 46 25 22
split_gain=60.5091 97.394 126.855 56.9792 168.535 63.884 68.5203 48.4388 44.05 62.8095 50.1525 86.9988 136.384 85.5597
threshold=13.968070883952477 13.514705882352944 9.2950000000000017 -4.5111818181818171 0.89898989898989889 15.633066666666668 -0.19090909090909103 13.398823529411766 3.5000000000000004 15.029411764705884 13.500000000000002 61.617647058823536 0.11500000000000005 0.75782013685239502
decision_type=10 2 10 8 10 10 8 10 2 2 2 2 10 8
left_child=3 2 -2 4 -1 6 -5 8 -8 -10 -11 12 13 -12
right_child=1 -3 -4 5 -6 -7 7 -9 9 10 11 -13 -14 -15
leaf_value=0.059872870493056819 0.068337297496450372 -0.015649735749709411 -0.00020493597693918257 0.036582225541348615 -0.011293332422127543 -0.037850535593475981 0.0031490031405424727 0.027719397577076678 0.027684679599905806 -0.0078217848542477889 0.019841942179003577 -0.0050477518038909586 0.051140895003566306 -0.012375527728190602
leaf_weight=145.69170156866312 143.07560110837221 135.12340977787971 127.00348310172558 119.60459591448307 191.58444853872061 117.22501405328512 3331.1659613922238 140.95895227044821 155.21058905869722 4425.3495664447546 412.63765891641378 2303.201679341495 185.67039111256599 409.7299977466464
leaf_count=350 434 422 332 318 587 299 8568 459 453 12480 1084 6444 429 871
internal_value=-4.82187e-05 0.0189295 0.0362238 -0.000693895 0.0195341 -0.00128363 -0.000907089 -0.00130485 -0.00167182 -0.00370686 -0.00434013 0.000313935 0.0125574 0.00379463
internal_weight=12343.2 405.202 270.079 11938 337.276 11600.8 11483.5 11363.9 11223 7891.8 7736.59 3311.24 1008.04 822.368
internal_count=33530 1188 766 32342 937 31405 31106 30788 30329 21761 21308 8828 2384 1955
is_linear=0
shrinkage=0.05


Tree=76
num_leaves=15
num_cat=0
split_feature=28 31 73 79 31 58 39 58 30 51 40 47 58 43
split_gain=62.036 67.4507 81.7469 58.022 54.3594 138.908 182.392 149.639 102.677 89.1077 70.2021 63.5402 62.3506 54.1021
threshold=2.1330000000000005 0.29494047619047631 14.500000000000002 -0.3097395789875228 0.81029411764705894 22.363970588235297 25.874058863791927 19.332720588235297 0.0034204925509273339 3.8357848438964601 4.5000000000000009 0.57869460203336531 22.150735294117649 54.396103896103902
decision_type=8 8 2 8 10 2 2 2 10 10 2 2 2 10
left_child=-1 2 -2 -3 8 6 -6 -8 13 -10 -7 -12 -11 -5
right_child=1 3 -4 4 5 10 7 -9 9 12 11 -13 -14 -15
leaf_value=-0.0051188756281040203 0.0086280563474620924 -0.0085069893140863519 0.058767822219265853 0.016778546812939693 0.092281634363063081 -0.030130450596517883 -0.03081622761137582 0.049607048910684015 -0.056815920397993061 -0.028324270597918328 0.043709434645016261 -0.013228203007074982 0.018120678973122559 0.0019651339139030574
leaf_weight=3549.5284726172686 291.4363059848547 1183.1564157009125 111.98062723875046 694.8831487968564 109.45393592119217 156.92906027287245 102.57115532457829 130.14986944198608 126.58095874637365 153.37296671420336 95.063719168305397 99.289630301296711 134.92390182614326 5398.3217536062002
leaf_count=9447 850 1719 295 1810 225 445 323 423 300 343 321 382 337 16456
internal_value=0.000459012 0.00271225 0.0226568 0.00175007 0.00343617 0.0167338 0.0393594 0.0141805 0.0020169 -0.0220211 -0.00535432 0.0147028 -0.00660038 0.00365697
internal_weight=12337.6 8788.11 403.417 8384.7 7201.54 693.457 342.175 232.721 6508.08 414.878 351.282 194.353 288.297 6093.2
internal_count=33676 24229 1145 23084 21365 2119 971 746 19246 980 1148 703 680 18266
is_linear=0
shrinkage=0.05


Tree=77
num_leaves=15
num_cat=0
split_feature=27 44 57 39 33 18 19 39 51 43 82 19 63 75
split_gain=50.6711 118.135 35.6008 196.419 189.305 110.727 75.9163 77.011 64.7249 59.6961 58.8006 84.2229 76.6938 117.732
threshold=14.638333333333334 0.6001443001443002 236.5588235294118 31.809719370294321 1.5147058823529413 6.8944444444444457 0.20714285714285716 22.558521560574953 4.1112456281947809 71.354166666666671 10.375000000000002 0.095454545454545472 1.0000000180025095e-35 4.1050000000000013
decision_type=10 8 2 2 8 10 10 2 8 10 10 10 2 10
left_child=2 -2 3 5 -5 10 7 8 -4 -9 11 12 -1 -14
right_child=1 -3 6 4 -6 -7 -8 9 -10 -11 -12 -13 13 -15
leaf_value=-0.0057279151620058862 0.060994669643355919 -0.013161542601187102 0.05344221751597087 0.0089233762618556173 0.085027168780308277 0.040736671312728095 -0.033359172570233082 -0.004153644775512901 0.0044969636819266945 0.027195007231894455 -0.033897653474433347 0.029465622168827491 0.00033119027539347894 0.03565493792949833
leaf_weight=3466.3329695388675 106.57620590925217 106.66571494936943 108.48097223043442 206.57003881037235 134.48159113526344 160.80504015833139 199.50166305154562 5745.3676994889975 176.87174112349749 154.99581833183765 133.47446130216122 224.55396462976933 1041.3322287499905 303.97544604539871
leaf_count=8333 338 301 344 504 286 442 503 17672 502 522 267 497 2354 631
internal_value=-9.04454e-05 0.0240127 -0.000518703 0.00236393 0.0390931 7.05616e-06 -0.00307911 -0.00209728 0.0232259 -0.00332568 -0.00126749 -0.000396135 -0.00179558 0.00833323
internal_weight=12270 213.242 12056.7 5671.53 341.052 5330.47 6385.22 6185.72 285.353 5900.36 5169.67 5036.19 4811.64 1345.31
internal_count=33496 639 32857 13314 790 12524 19543 19040 846 18194 12082 11815 11318 2985
is_linear=0
shrinkage=0.05


Tree=78
num_leaves=15
num_cat=0
split_feature=58 46 81 41 52 81 51 10 11 12 30 21 25 46
split_gain=49.909 48.0365 52.802 65.3466 111.76 50.6304 101.541 62.2956 64.0705 61.007 54.7881 71.3043 42.6903 42.652
threshold=14.750000000000002 68.625000000000014 9.2250000000000032 80.500000000000014 239.91428571428574 8.2750000000000004 4.2720254819595525 0.22752294496119121 0.21452715888791649 0.018310903471001998 0.0034204925509273339 10.481379310344829 0.083090909090909118 61.939338235294123
decision_type=2 2 10 10 8 10 8 10 10 10 10 8 8 2
left_child=-1 2 5 4 -4 7 -7 8 9 10 13 -12 -3 -2
right_child=1 12 3 -5 -6 6 -8 -9 -10 -11 11 -13 -14 -15
leaf_value=0.023547247580012497 0.0030087976499849904 -0.0015963037803658653 -0.063984620140811285 0.007967026707998941 -0.0023034850504226405 0.051231950215176049 -0.0076505150899229546 -0.036771610916528051 0.033355018052897478 0.034875028926051328 -0.039592823313496922 0.0018767158742431036 0.037647860728471608 -0.0037149076137154725
leaf_weight=204.89595450460911 3651.992264829576 130.27390985935926 142.42604169249535 151.67577087879181 150.6558803319931 134.2080354988575 159.20526012778282 123.78695488721132 131.19917025417089 112.04003475606441 216.72253958880901 197.68879444152117 146.86335761100054 6656.0301213786006
leaf_count=530 8709 512 315 382 410 302 354 398 365 259 464 519 561 19495
internal_value=-0.000863201 -0.0012783 -0.00176115 -0.0186425 -0.0323937 -0.00109998 0.019365 -0.00164315 -0.00124329 -0.00166529 -0.00205032 -0.0198535 0.0192609 -0.00133273
internal_weight=12309.7 12104.8 11827.6 444.758 293.082 11382.9 293.413 11089.5 10965.7 10834.5 10722.4 414.411 277.137 10308
internal_count=33575 33045 31972 1107 725 30865 656 30209 29811 29446 29187 983 1073 28204
is_linear=0
shrinkage=0.05


Tree=79
num_leaves=15
num_cat=0
split_feature=7 12 14 24 73 14 36 6 57 36 41 48 77 75
split_gain=78.3903 84.8152 42.7741 95.6727 54.6873 69.8112 78.9964 87.0395 110.118 60.5817 53.8759 51.0731 49.2842 52.2402
threshold=17.044769230769234 0.025124007936507941 0.88904545454545458 -4.7957499999999982 7.5000000000000009 0.82958333333333345 0.94412517021757913 4.1847017593279237 242.49448529411768 0.77450671689619244 137.50000000000003 18.029411764705888 0.8218784443394741 9.7650000000000023
decision_type=10 10 10 10 2 10 8 10 2 10 8 2 8 8
left_child=1 2 4 -4 5 6 7 9 -9 10 11 -1 13 -13
right_child=-2 -3 3 -5 -6 -7 -8 8 -10 -11 -12 12 -14 -15
leaf_value=0.03048311362166824 -0.039889633760583049 0.042940671311636446 -0.014969948503225083 0.042316878012358408 -0.0034657643414546715 -0.033923549304367716 0.041596799335254148 0.00019108857875877635 0.055123171011628537 -0.034529921812587606 -0.0037312879113403047 0.006695451187905101 0.032536359335050412 -0.021168600135364826
leaf_weight=235.6380842924118 124.29228613525629 112.20001649856567 125.41502496600151 171.66445567458868 7755.8202040717006 118.46135559678078 140.20669469237328 189.18912599235773 175.2110038548708 114.90497031062841 1748.2846964597702 935.26846142113209 145.12311683595181 204.05724927783012
leaf_count=557 349 270 426 581 21403 305 363 460 596 280 4800 1938 746 510
internal_value=-0.000542321 -0.00013727 -0.000541598 0.0181636 -0.00101554 0.00372748 0.00488312 0.00349887 0.0266821 0.000994739 0.00225385 0.0091354 0.0051984 0.00169071
internal_weight=12295.7 12171.4 12059.2 297.079 11762.2 4006.34 3887.88 3747.68 364.4 3383.28 3268.37 1520.09 1284.45 1139.33
internal_count=33584 33235 32965 1007 31958 10555 10250 9887 1056 8831 8551 3751 3194 2448
is_linear=0
shrinkage=0.05


Tree=80
num_leaves=15
num_cat=0
split_feature=79 24 52 45 30 6 25 73 41 76 73 6 82 25
split_gain=41.35 72.2047 113.164 69.7375 66.8151 67.3758 56.823 74.7333 53.1998 68.0301 61.0518 42.7486 55.2159 51.0543
threshold=-0.10374864218162071 -4.5111818181818171 251.05000000000004 28.925824175824179 0.0020920868347338939 6.1310048869081841 0.1893650793650794 14.500000000000002 81.500000000000014 1.0142437647776679 16.500000000000004 5.0141338663326671 11.865 0.0016666666666666915
decision_type=8 8 10 10 10 10 10 2 8 8 2 10 10 10
left_child=3 2 -2 4 5 8 11 -8 9 -1 -10 12 -3 -13
right_child=1 6 -4 -5 -6 -7 7 -9 10 -11 -12 13 -14 -15
leaf_value=0.033352119755035103 0.056754002015543398 -0.0011706724810648858 -0.011830823460004088 -0.027974717226841441 0.018533242894811355 -0.031439860733855345 0.0023014544263657631 0.043944999274093156 -0.011284966332173553 -0.0035848791444063216 0.01262898531406987 0.016484755357599985 -0.037115217184407023 -0.0041601203431973618
leaf_weight=206.38188588619232 142.87465555220842 7119.1611358225346 102.84149689972401 302.51825374364853 325.2849817276001 226.91447895765305 290.03116585314274 170.51815810799599 1486.461705327034 312.07615506649017 324.37804269790649 754.2298384308815 107.47102233767509 495.67924406379461
leaf_count=305 411 21857 418 424 495 341 1073 563 2191 458 570 2599 261 1728
internal_value=-0.000268881 0.00143365 0.0281171 -0.00517793 -0.0027757 -0.00549351 0.000696949 0.0177818 -0.00295347 0.0111545 -0.00699662 -0.000233295 -0.00171028 0.00830079
internal_weight=12366.8 9182.81 245.716 3184.02 2881.5 2556.21 8937.09 460.549 2329.3 518.458 1810.84 8476.54 7226.63 1249.91
internal_count=33694 28910 829 4784 4360 3865 28081 1636 3524 763 2761 26445 22118 4327
is_linear=0
shrinkage=0.05


Tree=81
num_leaves=15
num_cat=0
split_feature=12 53 28 41 9 20 56 28 45 5 41 21 31 41
split_gain=55.1766 45.6094 120.647 279.149 52.396 45.008 49.4615 87.282 115.247 63.3468 86.5549 51.7424 76.8467 63.6798
threshold=0.025124007936507941 1.2264957264957268 9.4585000000000008 71.500000000000014 16.594666666666672 -8.1416355139178143e-16 3.8003262134059326 7.5664285714285722 23.679487179487186 5.9416666666666673 79.000000000000014 8.382783882783885 0.56033088235294126 11.500000000000002
decision_type=10 8 8 10 10 8 2 10 8 10 8 8 10 8
left_child=1 2 -1 -4 5 -3 7 9 -9 10 -7 12 -8 -13
right_child=-2 4 3 -5 -6 6 11 8 -10 -11 -12 13 -14 -15
leaf_value=-0.0013489864091488959 0.035105128532712443 0.024837646711741615 -0.002298347998337539 0.09731407931221947 0.026777059766341912 0.051859972089866591 -0.0038613414049209309 0.07382331612252703 0.00050629969011318371 -0.035763353882363541 0.00048735299583130406 0.029500376490746813 -0.024650946215145311 -0.0012147485764472041
leaf_weight=634.00116962939501 113.63383392989635 164.49014020711184 176.24309932440519 115.98556692153215 170.85630682110786 91.619584172964096 1824.9476115852594 106.33167389780283 107.09395299851894 99.231670238077641 714.687121078372 171.75962137430906 586.84846778213978 7265.5583073347807
leaf_count=1758 276 435 522 321 477 329 4513 340 373 374 2345 458 1293 19776
internal_value=0.000577622 0.00025396 0.0109146 0.0374349 -0.000620489 -0.00104334 -0.00143371 0.00852325 0.0372078 0.00172902 0.00638176 -0.00256568 -0.00892808 -0.000501534
internal_weight=12343.3 12229.7 926.23 292.229 11303.4 11132.6 10968.1 1118.96 213.426 905.538 806.307 9849.11 2411.8 7437.32
internal_count=33590 33314 2601 843 30713 30236 29801 3761 713 3048 2674 26040 5806 20234
is_linear=0
shrinkage=0.05


Tree=82
num_leaves=15
num_cat=0
split_feature=20 41 3 6 56 57 10 53 28 81 32 27 56 83
split_gain=44.3675 47.5822 45.6842 90.0461 79.1218 116.031 54.9537 39.1706 97.2121 37.4595 40.5054 44.998 70.6723 62.3953
threshold=-0.16666666666666666 7.0000000000000009 12.331111111111113 10.250026654845914 4.4449640912776571 237.15625000000003 0.20953675132743263 1.0954545454545457 9.4585000000000008 10.085000000000003 1.0000000180025095e-35 11.308333333333335 4.3200201955782322 7.6601563950028977
decision_type=8 8 10 8 2 2 10 8 8 10 10 10 2 2
left_child=-1 -2 6 4 5 -4 7 8 -3 10 11 13 -13 -9
right_child=1 2 3 -5 -6 -7 -8 9 -10 -11 -12 12 -14 -15
leaf_value=0.02712115659581766 0.032900968103112181 -0.0013323678047433745 0.076010392401810595 -0.019998518477809354 -0.0043318819281887916 0.010679134229633718 -0.033127949058559363 -0.00046794299478722319 0.039736898673658066 -0.028962222513146049 0.026427088942571661 -0.0041875590153656007 0.044891232225797661 -0.013260799151029077
leaf_weight=153.23448354750872 108.79631834477186 473.85322007536888 127.2800505682826 145.84943862259388 144.80056001991034 145.35850366204977 129.33693899214268 9067.7312605679035 206.00656722486019 119.28417161107063 132.87687142193317 162.21969690918922 132.65908946841955 1064.1080701723695
leaf_count=402 275 1314 313 426 403 484 386 24729 579 275 318 474 378 2798
internal_value=0.000472541 0.00013453 -0.000163981 0.0137257 0.0255282 0.041345 -0.00084616 -0.000475698 0.0111523 -0.00121695 -0.000900823 -0.00125159 0.0179689 -0.0018127
internal_weight=12313.4 12160.2 12051.4 563.289 417.439 272.639 11488.1 11358.7 679.86 10678.9 10559.6 10426.7 294.879 10131.8
internal_count=33554 33152 32877 1626 1200 797 31251 30865 1893 28972 28697 28379 852 27527
is_linear=0
shrinkage=0.05


Tree=83
num_leaves=15
num_cat=0
split_feature=32 27 20 26 53 37 25 44 79 58 73 77 41 55
split_gain=55.6953 47.5561 39.7863 41.6211 69.5878 58.5798 71.0079 123.403 146.317 66.5916 142.132 207.767 88.536 80.0816
threshold=1.0000000180025095e-35 15.345220588235296 -0.16666666666666666 16.500000000000004 3.63961038961039 2.5000000000000004 -0.26972222222222214 0.62030490132616312 0.46276509363995827 19.790441176470591 12.500000000000002 0.73213567262787904 58.500000000000007 11.881617647058826
decision_type=10 10 8 2 10 8 10 10 8 2 2 10 8 2
left_child=1 2 -1 5 -5 6 7 -4 -9 10 12 13 -8 -12
right_child=-2 -3 3 4 -6 -7 9 8 -10 -11 11 -13 -14 -15
leaf_value=0.024140248759291459 0.027389159127368445 0.028061587870575541 0.0047028477080872846 -0.0041123241754187009 -0.031435077013319962 -0.0045356081956108973 -0.043438343765327007 0.088068338665426973 0.018626582495923884 -0.0045680077678817398 0.03952833926042694 0.093261606543805511 0.0044987051587583099 -0.0046925858991105759
leaf_weight=155.36524989455938 179.71228641271591 142.27430684119463 1462.3605220615864 2349.4835984408855 257.76058283448219 3705.8822609037161 135.03185894340277 99.837799891829491 309.55268400907516 2670.7213039249182 170.50777937471867 99.125759840011597 329.40373370796442 253.5528684258461
leaf_count=400 453 441 4392 3758 422 10275 393 196 1285 8917 485 267 1056 828
internal_value=-0.000164383 -0.00057446 -0.000916325 -0.00124704 -0.00682456 0.000328018 0.00358751 0.0115056 0.0357346 -0.000465728 0.010621 0.0284685 -0.00950209 0.0131391
internal_weight=12320.6 12140.9 11998.6 11843.2 2607.24 9235.98 5530.09 1871.75 409.39 3658.34 987.622 523.186 464.436 424.061
internal_count=33568 33115 32674 32274 4180 28094 17819 5873 1481 11946 3029 1580 1449 1313
is_linear=0
shrinkage=0.05


Tree=84
num_leaves=15
num_cat=0
split_feature=81 41 55 32 41 76 10 29 55 28 58 21 45 46
split_gain=48.0452 87.9397 117.134 64.4416 57.411 53.5981 50.0149 53.0153 70.8482 123.973 116.904 50.0947 49.2889 54.8441
threshold=9.5050000000000008 13.500000000000002 12.358823529411767 1.0000000180025095e-35 40.000000000000007 0.92550360003235987 0.2356516674045874 0.18574979050989218 12.330147058823529 12.2865 22.093750000000004 16.867595818815335 27.133928571428573 63.909926470588239
decision_type=10 8 2 10 10 10 10 10 2 10 2 10 10 2
left_child=1 2 -1 6 -2 -6 7 11 10 -10 -9 -3 13 -13
right_child=4 3 -4 -5 5 -7 -8 8 9 -11 -12 12 -14 -15
leaf_value=-0.0046638896769176669 -0.043288171017606444 -0.0013639399726305275 0.063683596194384573 0.033475389417005501 -0.028188209180792831 0.016066101724665827 -0.030290638385988979 -0.033271549981553364 0.062882274829691914 -0.00098561552444425215 0.032377023671361152 -0.0093004665251362247 0.049487885508266889 0.037108217148006453
leaf_weight=123.2008817717433 134.4822418987751 10409.309726148844 126.35858945548534 142.01651772856712 121.67978405952454 153.72386142611504 136.31713539361954 149.3885732665658 153.30957362055779 149.62231041491032 122.51657901704311 181.19498609751463 89.344362318515778 96.903427943587303
leaf_count=302 347 28360 314 327 324 396 417 359 323 453 350 593 305 333
internal_value=0.000169496 0.000750833 0.0300583 0.000119412 -0.0166399 -0.00351773 -0.000295822 6.70117e-05 0.0148485 0.0314376 -0.00368099 -0.000722745 0.0173961 0.00694566
internal_weight=12289.4 11879.5 249.559 11629.9 409.886 275.404 11487.9 11351.6 574.837 302.932 271.905 10776.8 367.443 278.098
internal_count=33503 32436 616 31820 1067 720 31493 31076 1485 776 709 29591 1231 926
is_linear=0
shrinkage=0.05


Tree=85
num_leaves=15
num_cat=0
split_feature=19 77 79 24 21 81 46 43 59 44 66 55 49 28
split_gain=64.6134 49.657 90.2608 74.1465 91.4168 60.3926 80.0647 106.578 70.0093 119.69 95.2544 79.8865 167.161 71.9836
threshold=0.80909090909090919 0.44115001481977861 -0.28210604169850068 -4.5111818181818171 9.8024390243902459 4.3550000000000013 63.545955882352949 61.207142857142863 0.75000000000000011 0.6659126924838531 5.5000000000000009 10.306433823529414 9.5000000000000018 11.072980392156865
decision_type=10 8 8 8 8 8 2 10 2 8 2 2 2 8
left_child=1 -1 -3 4 -4 6 7 -5 10 11 -7 12 -10 -11
right_child=-2 2 3 5 -6 8 -8 -9 9 13 -12 -13 -14 -15
leaf_value=-0.0030964284588054329 0.037284867349174376 -0.012687990843331191 0.072022546728160955 0.0057190233602544211 0.0074207562889273167 0.03786184476558771 -0.0057944192364879034 0.059893377555539862 0.00039298713372779617 0.022714647942495197 -0.0078058099155369574 -0.0014785289608469226 0.078263405723526497 0.082653478278015155
leaf_weight=7188.1373391896486 113.66427734494209 745.94675582647324 92.066033601760864 175.8946987092495 133.68832079321146 121.49664372205734 197.26977902650833 187.14309012889862 200.71477188169956 146.24110288918018 1684.0853765755892 1207.8675396069884 103.96357201784849 76.129181660711765
leaf_count=16617 277 1083 279 487 447 429 531 523 703 613 6366 4638 357 286
internal_value=-7.41991e-05 -0.000423555 0.00336398 0.00613381 0.0339678 0.00459361 0.0198311 0.0337333 0.00217726 0.00934737 -0.0047136 0.004299 0.0271334 0.0435131
internal_weight=12374.3 12260.6 5072.51 4326.56 225.754 4100.81 560.308 363.038 3540.5 1734.92 1805.58 1512.55 304.678 222.37
internal_count=33636 33359 16742 15659 726 14933 1541 1010 13392 6597 6795 5698 1060 899
is_linear=0
shrinkage=0.05


Tree=86
num_leaves=15
num_cat=0
split_feature=20 43 77 10 6 39 31 5 82 51 80 8 29 36
split_gain=45.3956 40.4565 71.9962 79 100.714 63.2019 102.878 67.5393 121.861 60.514 60.0153 54.733 52.2907 61.7165
threshold=-0.16666666666666666 60.211111111111116 0.56538505241030601 0.091183010937475231 3.8119694514992601 25.359342915811094 0.83573529411764713 12.203333333333337 10.285000000000002 4.0298148148148156 13.705000000000002 7.0850240662100115 0.16345144333398196 0.53081779496000714
decision_type=8 8 10 10 8 2 10 10 8 8 8 10 10 10
left_child=-1 2 3 -2 -5 6 12 9 -9 11 -10 -7 13 -3
right_child=1 5 -4 4 -6 7 -8 8 10 -11 -12 -13 -14 -15
leaf_value=0.027481591559007829 -0.0053868439031453125 0.0034651002413355562 -0.020402745994646785 0.053048341129813062 8.0326933107768885e-05 -0.0071679490400300069 0.055116499126777407 0.057971670378333756 -0.02419719589473417 -0.00010490104438889194 0.018234922676966553 -0.030708980146331052 -0.030515757509308569 0.024097681777503988
leaf_weight=145.86190590262413 2099.925876416266 2653.4500775039196 635.01608747243881 139.12014111876488 249.62501209229231 1249.1507369279861 105.40755379199982 126.45911218225956 141.15302470326424 3752.0681550875306 200.39133021235466 307.06910184770823 98.678059712052345 418.8754735738039
leaf_count=386 4898 8141 1314 300 644 3747 201 276 312 10150 781 960 278 1198
internal_value=-0.000150859 -0.0004841 -0.00538952 -0.00155205 0.0191235 0.00120895 0.00675503 -0.00193751 0.0162508 -0.00354383 0.000679184 -0.0118297 0.00513058 0.00628504
internal_weight=12322.3 12176.4 3123.69 2488.67 388.745 9052.7 3276.41 5776.29 468.003 5308.29 341.544 1556.22 3171 3072.33
internal_count=33586 33200 7156 5842 944 26044 9818 16226 1369 14857 1093 4707 9617 9339
is_linear=0
shrinkage=0.05


Tree=87
num_leaves=15
num_cat=0
split_feature=3 51 24 52 14 58 12 30 56 6 36 79 36 41
split_gain=45.8855 87.3224 76.3196 187.585 71.8545 58.534 52.8078 63.4129 52.4976 50.1973 42.3849 122.532 49.6238 41.2723
threshold=12.331111111111113 3.8273592816278015 -4.738888888888888 236.76785714285717 0.7856349206349208 22.181985294117649 0.021845454466525339 0.00307718527495834 4.2878574969190124 4.7134745779223897 0.87743572239151579 0.11793023354926707 0.83057584893188197 28.500000000000004
decision_type=10 8 8 10 10 2 10 10 2 8 10 10 10 8
left_child=2 -2 3 -1 -3 -6 7 10 -9 -10 12 -12 13 -4
right_child=1 4 6 -5 5 -7 -8 8 9 -11 11 -13 -14 -15
leaf_value=0.066520975891741801 0.05077879697183877 0.031237832708106511 -0.013760571590928618 -0.014084790594684832 0.0091104256337012982 -0.037015954364822669 0.033198081547117758 -0.033550948153514629 -0.023455050045102076 0.018405352351901542 -0.014976212026076711 0.058597352841777722 -0.029478675335695301 0.00052456159491179354
leaf_weight=140.33942871540785 127.70732831209898 152.77305924147367 531.92315175384283 146.91784502565861 154.42821402847767 122.56449244916439 113.01261484622955 264.5283267647028 142.88685560971498 141.60112624615431 114.30378824472427 110.45826776325703 145.83432298153639 9870.5904712751508
leaf_count=316 421 398 1487 460 416 388 275 598 336 288 301 310 394 27136
internal_value=0.000647085 0.0146494 -2.00059e-05 0.0253893 0.0038204 -0.0113594 -0.000660466 -0.00100133 -0.0175613 -0.00262795 -0.000155856 0.0212806 -0.000614593 -0.000207148
internal_weight=12279.9 557.473 11722.4 287.257 429.766 276.993 11435.1 11322.1 549.016 284.488 10773.1 224.762 10548.3 10402.5
internal_count=33524 1623 31901 776 1202 804 31125 30850 1222 624 29628 611 29017 28623
is_linear=0
shrinkage=0.05


Tree=88
num_leaves=15
num_cat=0
split_feature=39 55 49 52 7 18 52 15 51 7 11 43 79 6
split_gain=42.6699 91.0813 125.723 111.897 90.417 72.6084 58.0048 62.9003 96.2626 147.487 72.4687 63.8651 56.972 68.4322
threshold=22.832306639288163 13.114705882352943 7.5000000000000009 239.91428571428574 3.6362045454545462 1.4833333333333336 233.70000000000002 0.73006321273964303 3.9709090481675644 11.361454545454547 0.13888579399156051 54.95454545454546 0.10143618627328373 5.3765047301190991
decision_type=2 2 2 8 10 10 10 10 10 10 10 8 8 8
left_child=1 3 -3 4 -1 -5 7 11 -9 10 -10 -2 13 -8
right_child=6 2 -4 5 -6 -7 12 8 9 -11 -12 -13 -14 -15
leaf_value=0.0086950851847517469 0.024168833098989925 0.064860424021270346 -0.0040681215401339238 -0.00039003360007514232 -0.047193429492110354 0.053006623985562606 -0.0055712121236108636 -0.013499344145496035 0.03571357139371404 0.067100044865843672 -0.011906024348293248 -0.00044461120144242522 -0.00066936848073504026 -0.026626176681701683
leaf_weight=132.06643130630255 277.90733258426189 151.20873344689608 116.811304718256 142.95038848370314 158.38094212114811 113.76522228121758 1461.3253129124641 184.78779255598783 141.68081045895815 165.04878848791122 180.74739377200603 4785.0393194258213 3761.854059740901 523.78887403011322
leaf_count=324 488 428 348 392 348 355 2511 485 352 427 381 11173 14665 863
internal_value=4.84041e-05 0.011095 0.0349158 -0.000615762 -0.0218383 0.0233869 -0.000736749 0.00282043 0.0171784 0.0288113 0.00906462 0.000910937 -0.00428652 -0.0111373
internal_weight=12297.4 815.183 268.02 547.163 290.447 256.716 11482.2 5735.21 672.265 487.477 322.428 5062.95 5746.97 1985.11
internal_count=33540 2195 776 1419 672 747 31345 13306 1645 1160 733 11661 18039 3374
is_linear=0
shrinkage=0.05


Tree=89
num_leaves=15
num_cat=0
split_feature=58 31 56 24 31 48 31 58 77 77 54 57 82 39
split_gain=47.0625 60.2215 97.0584 113.919 67.7554 56.9251 70.4927 51.2853 57.5448 51.0173 50.516 49.7153 57.1187 81.7357
threshold=29.906250000000004 0.81029411764705894 4.0102233132720952 -1.1423999999999987 0.86266544117647059 27.735294117647062 0.54885620915032696 29.420955882352946 0.7614309543406983 0.73213567262787904 21.809090909090912 275.83272058823536 10.775 29.022587268993842
decision_type=2 10 2 8 10 2 10 2 10 10 10 2 10 2
left_child=1 7 4 -4 -3 6 -2 8 9 -1 -5 12 13 -10
right_child=5 2 3 10 -6 -7 -8 -9 11 -11 -12 -13 -14 -15
leaf_value=0.00010796215158732324 -0.0076545116288251076 0.013292307419103156 0.06661681759405795 -0.0040424214035204254 -0.048703912711385619 0.018645386322073808 -0.045045987782644771 0.031293310722365617 -0.018558795241308615 0.030788215348089572 0.029633687325031341 0.017977464173002337 -0.04099273314917224 0.02243864767648146
leaf_weight=9526.2111634090543 428.19489281624556 86.527266077697277 124.05715795606375 225.69077312201262 88.109690643846989 121.90506959706545 177.96044921875 126.18837040662766 556.45647165179253 136.45537966489792 218.41773162782192 121.14813220500946 181.72803512215614 154.57176686823368
leaf_count=26309 1176 291 352 617 325 285 491 284 1417 295 538 379 426 325
internal_value=-9.96983e-05 0.000678241 0.0144395 0.024451 -0.0180859 -0.0124203 -0.0186883 -0.000269238 -0.000645177 0.000544367 0.0125492 -0.0119711 -0.0160507 -0.00962729
internal_weight=12273.6 11545.6 742.803 568.166 174.637 728.06 606.155 10802.8 10676.6 9662.67 444.109 1013.9 892.756 711.028
internal_count=33510 31558 2123 1507 616 1952 1667 29435 29151 26604 1155 2547 2168 1742
is_linear=0
shrinkage=0.05


Tree=90
num_leaves=15
num_cat=0
split_feature=6 11 79 25 79 8 15 29 58 21 25 77 41 28
split_gain=48.4748 67.1635 152.918 176.974 56.8823 63.4242 49.7167 82.704 49.4186 39.0578 33.8015 55.6135 83.6682 164.31
threshold=8.1184229939094035 0.21452715888791649 -0.014689891142087267 0.019999999999999938 0.8643784921349571 9.4624402452509013 0.89461701128864013 0.15465955731606768 14.750000000000002 10.912878787878789 0.11500000000000005 0.44115001481977861 84.000000000000014 10.306800000000001
decision_type=10 10 8 8 10 10 10 10 2 10 8 8 10 8
left_child=1 6 -3 -4 5 -2 8 -8 -1 -7 -10 -12 -13 -14
right_child=4 2 3 -5 -6 9 7 -9 10 -11 11 12 13 -15
leaf_value=0.025450414453063921 6.9713064676226615e-05 0.064654654863234989 0.051205419086271381 -0.033530163494550069 0.015661627419568586 -0.064816425506790731 0.054814773227722893 -0.006196325450437818 -0.003604385855506563 -0.022033057730727092 -0.0016675471643442183 6.0544302010676824e-05 0.0065408713859532635 0.055670874469010381
leaf_weight=181.91303478181362 150.21975996345282 132.41797739267349 98.60102640837431 160.58819577097893 112.19171634316444 100.80280045419931 107.3775792196393 113.5705780684948 5370.7239608764648 115.43050462752581 3763.6646320521832 1170.2625576555729 584.92228459566832 239.20085969567299
leaf_count=474 443 204 365 504 354 266 342 329 14686 397 8506 4003 1984 823
internal_value=0.000197505 0.000824383 0.0211614 -0.00122206 -0.0153874 -0.02491 0.000131975 0.0235676 -0.00032787 -0.0421842 -0.000751495 0.00190965 0.00865775 0.020851
internal_weight=12401.9 11923.2 391.607 259.189 478.645 366.453 11531.6 220.948 11310.7 216.233 11128.8 5758.05 1994.39 824.123
internal_count=33680 32220 1073 869 1460 1106 31147 671 30476 663 30002 15316 6810 2807
is_linear=0
shrinkage=0.05


Tree=91
num_leaves=15
num_cat=0
split_feature=5 55 21 41 76 55 44 50 45 28 83 27 41 66
split_gain=62.733 109.982 165.329 81.3604 89.7759 78.7104 142.436 117.311 83.4105 86.0732 102.238 59.5612 47.9549 81.7618
threshold=7.2166666666666677 9.6411764705882366 10.403296703296705 82.500000000000014 0.90849247637301322 13.44871323529412 0.5759951793327337 12.012916666666667 20.483333333333338 11.664800000000001 6.6562144864305388 7.5016666666666678 95.500000000000014 5.5000000000000009
decision_type=10 2 10 10 10 2 10 10 10 10 2 8 8 2
left_child=12 2 -2 5 -5 8 -7 -8 -3 10 -10 -6 13 -1
right_child=1 3 -4 4 11 6 7 -9 9 -11 -12 -13 -14 -15
leaf_value=0.036894847263121304 0.074464727521431295 -0.037132089560600837 -0.002127376688317141 0.001030870448406454 0.061584030050166577 0.043948183881297842 0.027040039076853834 -0.042746770770031355 0.026155016742220774 0.025786122716734024 -0.030618424822909995 0.018260902447296612 -0.0028765889594301519 0.0025355413580312645
leaf_weight=186.79373601824045 144.95755869150162 242.12815154343843 136.10153866559267 370.33065965026617 139.5922279804945 206.01060916483402 105.62487802654505 137.5300812125206 107.7398521900177 185.45207981020212 292.87021097540855 184.96380123496056 7630.2318563684821 2221.9466360062361
leaf_count=461 370 589 387 1174 301 564 351 492 355 505 796 464 20902 5826
internal_value=0.000757523 0.00829497 0.0374993 0.00411624 0.017872 -0.00337509 0.0134599 -0.0124453 -0.0125107 -0.00229256 -0.0153227 0.0370262 -0.000934955 0.00521425
internal_weight=12292.3 2253.3 281.059 1972.24 694.887 1277.36 449.166 243.155 828.19 586.062 400.61 324.556 10039 2408.74
internal_count=33537 6348 757 5591 1939 3652 1407 843 2245 1656 1151 765 27189 6287
is_linear=0
shrinkage=0.05


Tree=92
num_leaves=15
num_cat=0
split_feature=6 41 79 9 54 54 77 41 36 51 57 52 41 7
split_gain=53.7488 90.785 76.7921 62.6127 82.7945 117.794 78.8176 46.2569 52.0937 65.8841 92.0928 74.9683 64.8854 59.3633
threshold=8.1184229939094035 36.500000000000007 0.8643784921349571 12.786666666666667 17.696153846153852 22.320512820512821 0.74211794506823847 13.500000000000002 0.73267684813085787 4.8004065040650419 226.79411764705884 260.05000000000007 85.500000000000014 11.197222222222225
decision_type=10 8 8 10 10 10 10 8 10 10 2 10 10 10
left_child=3 -2 -3 7 -5 -6 -7 -1 13 10 -10 12 -12 -9
right_child=1 2 -4 4 5 6 -8 8 9 -11 11 -13 -14 -15
leaf_value=0.023243008898598493 -0.058408978859149974 -0.021151842428207342 0.027738842096082503 -0.023453211626319075 0.060099004887745104 0.037618234812755919 -0.01668122713038403 0.00034191610994086815 -0.037716565964747921 -0.04654309963114231 -0.0034249041220972345 -0.027210205285209212 0.04702104286101539 -0.028773374870692561
leaf_weight=198.95703907310963 102.46554583311081 246.94246323406696 117.82525003701448 102.08424144983292 161.55696922540665 114.71089477837086 157.27517521381378 10199.763962380588 164.44219978153706 129.09640228748322 125.47435653954744 109.15586622804403 128.29889513552189 177.12879063934088
leaf_count=491 318 607 517 263 476 442 352 27688 350 300 301 387 308 519
internal_value=-0.000454629 -0.0170677 -0.00532678 0.00020637 0.0168916 0.0264235 0.00627364 -0.000590717 -0.00102256 -0.0146711 -0.00679573 0.00727956 0.0221633 -0.000157793
internal_weight=12235.2 467.233 364.768 11767.9 535.627 433.543 271.986 11232.3 11033.4 656.468 527.371 362.929 253.773 10376.9
internal_count=33319 1442 1124 31877 1533 1270 794 30344 29853 1646 1346 996 609 28207
is_linear=0
shrinkage=0.05


Tree=93
num_leaves=15
num_cat=0
split_feature=6 56 56 81 30 53 41 6 44 50 28 4 39 56
split_gain=43.1393 53.7126 60.3746 43.1348 42.6233 117.088 117.456 117.933 89.2363 45.1483 98.9391 70.014 58.2602 103.742
threshold=2.9460829522429512 5.220595385532774 4.8239488953889333 2.4650000000000003 0.0020920868347338939 1.7817460317460319 43.500000000000007 7.3097677245123203 0.56018360750539575 11.383766233766236 14.246266666666669 13.74840434770058 32.127310061601655 4.2989508397271399
decision_type=8 2 2 8 10 8 10 8 8 8 10 10 2 2
left_child=1 2 -1 -4 9 -6 7 -7 -8 11 12 -2 -11 -14
right_child=4 -3 3 -5 5 6 8 -9 -10 10 -12 -13 13 -15
leaf_value=-0.0040387357875387095 -0.005919707235941085 -0.03291303926708216 0.033845618648522251 0.0013658887033798557 -0.021888712286915323 0.082613649568570424 0.033484558863647554 0.016032696220309818 -0.0087482383421135131 0.0045384345551680444 -0.037718906547861933 0.032370261860278172 -0.00012436931983755441 0.068191015164499769
leaf_weight=4270.9923222884536 2339.1804107129574 146.55949324369431 184.84143804013729 227.37901742756367 197.47253472357988 127.40659299492836 201.17320144176483 139.2215248644352 327.21281763911247 3732.4074566289783 132.62630888074636 124.81625546514988 122.84894721955061 100.47041814774275
leaf_count=11928 6534 287 423 559 505 338 456 304 743 10071 394 375 437 315
internal_value=0.000479105 -0.0032103 -0.00227393 0.0159766 0.00284096 0.0124917 0.0210482 0.0480378 0.007364 0.00137748 0.00459915 -0.00396774 0.00602715 0.0307774
internal_weight=12374.6 4829.77 4683.21 412.22 7544.84 992.487 795.014 266.628 528.386 6552.35 4088.35 2464 3955.73 223.319
internal_count=33669 13197 12910 982 20472 2346 1841 642 1199 18126 11217 6909 10823 752
is_linear=0
shrinkage=0.05


Tree=94
num_leaves=15
num_cat=0
split_feature=43 83 27 57 70 77 51 27 39 54 18 59 42 57
split_gain=37.7742 42.5059 42.7892 33.7889 77.1809 74.2666 62.3628 67.4343 37.766 35.2399 71.459 80.3792 115.081 89.332
threshold=49.45000000000001 0.44300204783753344 0.1791666666666667 201.43014705882356 0.13444887630756719 0.75170617548666341 4.3393975012546564 3.7799107142857147 26.44216290212184 24.035714285714288 4.2583333333333337 0.75000000000000011 6.5000000000000009 232.94117647058826
decision_type=8 2 10 2 2 10 10 8 2 10 10 2 2 2
left_child=-1 2 -2 4 5 6 8 -8 -3 -5 -11 13 -13 -12
right_child=1 3 -4 9 -6 -7 7 -9 -10 10 11 12 -14 -15
leaf_value=0.028775073934091535 -0.022566135041906781 -0.0049690552912888897 0.0077786575383985371 0.0032430429993351934 0.023438874215966469 -0.045809933931608357 -0.012540649129989277 0.034688368632953964 -0.031427209890793881 0.00052863918717087582 -0.072724584742933654 0.033138131278028178 -0.026051068877792669 -0.018058694261188057
leaf_weight=110.29757883399725 403.36890439689159 282.6500448435545 162.41343723982573 6685.5090852379799 166.65986104309559 147.85883095860481 152.58176217973232 148.01126065850258 257.75230049341917 3062.8224485814571 100.6027911901474 151.12008171528578 177.46853011846542 286.67205489426851
leaf_count=229 839 619 399 18451 382 282 327 346 545 8997 253 445 544 875
internal_value=-0.000221781 -0.000486587 -0.013857 0.000165577 -0.00794443 -0.0132521 -0.00748032 0.0107527 -0.0176234 0.0010618 -0.00279723 -0.0170079 0.00118839 -0.03241
internal_weight=12295.8 12185.5 565.782 11619.7 1155.51 988.854 840.995 300.593 540.402 10464.2 3778.69 715.863 328.589 387.275
internal_count=33533 33304 1238 32066 2501 2119 1837 673 1164 29565 11114 2117 989 1128
is_linear=0
shrinkage=0.05


Tree=95
num_leaves=15
num_cat=0
split_feature=58 58 31 29 58 57 70 81 79 81 51 21 20 36
split_gain=50.671 67.8104 57.932 46.7849 40.5941 52.1604 62.274 47.4517 66.3277 55.0224 89.233 49.2517 44.7638 41.3086
threshold=29.906250000000004 29.281250000000004 0.66373626373626382 0.081639781466471315 14.750000000000002 201.43014705882356 0.13444887630756719 9.5050000000000008 0.10662707461067862 8.1450000000000014 4.1590252233315832 11.318536585365855 -0.16666666666666666 0.67524809930369489
decision_type=2 2 10 10 2 2 2 10 10 10 8 8 8 8
left_child=1 4 3 -2 -1 6 13 9 -9 12 -11 -10 -7 -6
right_child=2 -3 -4 -5 5 7 -8 8 11 10 -12 -13 -14 -15
leaf_value=0.022966939073108161 -0.012923239249770346 0.034318297425927811 -0.044503870005140667 0.022251501853203674 -0.010773710823070451 0.030021192143622769 0.019088403055375305 -0.041656069458500276 0.028519829089320842 0.054420592952742756 0.0011819216421593615 -0.01963891445243833 0.00082464402351121633 -0.040223114126868915
leaf_weight=197.8560446947813 504.6854282990098 149.85885965824127 117.66383063048124 115.31766729056835 760.29775549471378 132.16355981677771 152.1550120189786 150.98309920728207 93.794421747326851 128.20905089378357 201.48519371449947 119.67828516662121 9297.2285980060697 140.53997170180082
leaf_count=522 1353 409 330 289 1666 346 357 239 295 307 474 400 26186 274
internal_value=0.000202538 0.00101617 -0.0124926 -0.00635561 0.000574428 0.000175998 -0.0104097 0.00127798 -0.016411 0.00194019 0.0219869 0.00155512 0.00123701 -0.0154076
internal_weight=12261.9 11524.2 737.667 620.003 11374.4 11176.5 1052.99 10123.5 364.456 9759.09 329.694 213.473 9429.39 900.838
internal_count=33447 31475 1972 1642 31066 30544 2297 28247 934 27313 781 695 26532 1940
is_linear=0
shrinkage=0.05


Tree=96
num_leaves=15
num_cat=0
split_feature=81 9 31 57 39 11 15 30 58 12 30 6 83 39
split_gain=63.4023 62.9084 38.9536 108.857 69.7071 60.4275 49.1419 46.9835 86.4134 46.1483 72.5893 127.567 74.483 48.0384
threshold=10.985000000000001 16.594666666666672 0.84581250000000008 237.28125000000003 26.672142368240934 0.2211080391645501 0.89461701128864013 0.0033389074693422525 22.968750000000004 0.0043668954996186121 0.0020920868347338939 3.4957967925225772 11.180905634285313 32.127310061601655
decision_type=10 10 10 2 2 10 10 10 2 10 10 10 2 2
left_child=1 2 5 -4 -5 6 7 9 -9 10 12 -12 13 -1
right_child=-2 -3 3 4 -6 -7 -8 8 -10 -11 11 -13 -14 -15
leaf_value=-0.001253366825685161 -0.031388385943027557 0.033228637306896742 0.040505854949195418 -0.045414493000189363 0.013316884697602355 -0.027431559515229229 0.030296075648579737 -0.032597850882949884 0.0080528261335875723 -0.018055810359276048 -0.00023047502037957108 0.060287189571943733 0.039947951627187644 0.013824039587203544
leaf_weight=9318.6178672537208 158.20950496196747 142.94192094355822 207.7219500541687 84.132224135100842 123.46423080563545 204.57075457274914 130.61464260518551 299.8776667714119 230.60590048134327 331.27011653780937 230.77975463867188 138.84031307697296 114.72838072478771 559.04097479581833
leaf_count=25552 438 400 459 222 543 535 439 674 572 817 506 305 321 1647
internal_value=-4.08298e-05 0.000371019 -2.39584e-05 0.0150022 -0.0105887 -0.000565107 -7.86836e-05 -0.000434832 -0.0149447 0.000286321 0.000874399 0.0226031 6.84693e-05 -0.000398725
internal_weight=12275.4 12117.2 11974.3 415.318 207.596 11558.9 11354.4 11223.8 530.484 10693.3 10362 369.62 9992.39 9877.66
internal_count=33430 32992 32592 1224 765 31368 30833 30394 1246 29148 28331 811 27520 27199
is_linear=0
shrinkage=0.05


Tree=97
num_leaves=15
num_cat=0
split_feature=46 53 18 32 46 0 14 55 39 17 44 10 29 27
split_gain=41.7579 51.9599 48.3413 47.4762 51.0675 82.8009 93.6134 72.6826 62.364 56.6072 53.7373 74.6946 69.6391 150.458
threshold=68.625000000000014 1.7596153846153848 8.9045454545454561 1.0000000180025095e-35 61.939338235294123 11.500000000000002 0.87788888888888894 12.112132352941179 22.889801505817939 0.73030303030303034 0.62170307686675297 0.054130447592335075 0.060119923294742271 3.9982905982905987
decision_type=2 10 10 10 2 2 10 2 2 10 10 8 10 10
left_child=2 -2 3 4 5 6 8 -7 9 -1 12 -12 -10 -14
right_child=1 -3 -4 -5 -6 7 -8 -9 10 -11 11 -13 13 -15
leaf_value=0.044637263246990126 0.052779853175861396 0.0053045962766702223 -0.0324100857520195 0.025501273165735489 -0.0026466369865952538 0.0034365792900217275 0.043293686744555596 0.045554421088741553 -0.005474711912311447 0.0031746783842397995 0.00051606040081511974 -0.035166199629453936 0.044268062956813833 0.00089536538410056826
leaf_weight=142.99302393198013 81.536872804164886 191.89068990200758 113.82017361372709 181.41185255348682 7602.884237408638 195.45577244460583 130.88709887862206 214.63434375077486 1583.848413027823 192.58238400518894 331.11496119946241 262.2424001544714 257.55668795108795 882.31634896248579
leaf_count=317 343 691 316 450 21847 436 362 495 3665 401 982 758 617 1965
internal_value=0.00031615 0.0196026 -0.000121554 0.000187947 -0.000203461 0.00422549 0.00190939 0.0255375 0.000415003 0.0209226 -0.00166534 -0.0152868 0.00130659 0.0107257
internal_weight=12365.2 273.428 12091.7 11977.9 11796.5 4193.63 3783.54 410.09 3652.65 335.575 3317.08 593.357 2723.72 1139.87
internal_count=33645 1034 32611 32295 31845 9998 9067 931 8705 718 7987 1740 6247 2582
is_linear=0
shrinkage=0.05


Tree=98
num_leaves=15
num_cat=0
split_feature=30 6 54 25 31 18 25 77 14 57 58 83 82 40
split_gain=36.1467 35.9836 30.6593 57.0533 63.742 50.5333 54.6949 46.4275 45.9401 96.8581 57.0726 172.332 101.865 65.5217
threshold=0.012515316774017534 0.69419358430899047 25.211111111111112 0.11500000000000005 0.32154761904761914 1.2071428571428573 0.0050000000000000122 0.85415400771160843 0.89809090909090927 236.26470588235296 27.330882352941178 8.5360144779468978 6.3850000000000007 9.5000000000000018
decision_type=10 8 10 8 10 10 10 10 10 2 2 2 8 2
left_child=1 -1 8 4 5 -4 -7 -6 10 -10 13 12 -12 -3
right_child=-2 2 3 -5 7 6 -8 -9 9 -11 11 -13 -14 -15
leaf_value=-0.0063658917246781068 -0.022693026243435069 1.360219241396206e-05 -0.0081180426494352458 0.0045519881410257196 -0.012538545959465776 0.050469297735126609 -0.0024704012995819626 -0.045880597979400188 0.06196544059073375 -0.0095136088347465148 0.022408175497711402 0.066192364991117261 -0.015282322602534698 0.024732775067911231
leaf_weight=1641.6269581839442 169.06066003441811 6344.5330685526133 267.04590105265379 1382.2073961794376 936.66811331361532 101.64622216671705 92.817669175565243 116.79085655510426 97.372323915362358 91.006170131266117 386.61042408645153 135.91845414042473 332.57825997471809 278.90238554775715
leaf_count=4333 411 17039 854 3958 2648 343 291 324 279 405 752 290 876 918
internal_value=0.000199742 0.000518661 0.001589 -0.00279219 -0.00949136 0.00599492 0.0253178 -0.016275 0.00324471 0.0275658 0.00262848 0.0147771 0.00498174 0.00105806
internal_weight=12374.8 12205.7 10564.1 2897.18 1514.97 461.51 194.464 1053.46 7666.92 188.378 7478.54 855.107 719.189 6623.44
internal_count=33721 33310 28977 8418 4460 1488 634 2972 20559 684 19875 1918 1628 17957
is_linear=0
shrinkage=0.05


Tree=99
num_leaves=15
num_cat=0
split_feature=41 55 82 10 53 29 43 76 20 58 50 41 76 54
split_gain=36.5248 132.687 41.4085 76.3852 45.0423 104.266 37.2758 63.1672 36.0767 33.8873 41.7552 28.9913 59.1169 72.2506
threshold=13.500000000000002 12.775000000000002 14.345000000000001 0.22752294496119121 1.0954545454545457 0.15244345960892988 62.392307692307703 0.58484500574052822 -0.19090909090909103 15.029411764705884 12.795833333333336 100.50000000000001 0.8844239099821628 24.912878787878793
decision_type=8 2 10 10 8 8 10 10 8 2 8 8 8 10
left_child=1 -1 3 4 5 6 -2 -8 -6 10 -10 12 13 -11
right_child=2 -3 -4 -5 8 -7 7 -9 9 11 -12 -13 -14 -15
leaf_value=-0.0096662817631331527 -0.013916517143466436 0.056930885969428441 0.025488096549993396 -0.034634555969903329 0.026660678331268145 0.041049788311799153 -0.0055195196090856991 0.044556587851745127 -0.0042127486782505066 0.024670098213486868 0.038841232059835001 -0.0035943906969359038 -0.0014838305571317633 -0.01049798789101297
leaf_weight=187.1205615028739 257.44074679166079 123.32950460165739 150.84021677076817 163.39357241243124 114.58928230404854 212.98301341384649 173.72706873714924 97.617808267474174 109.98365998268127 515.41636563837528 114.02773430943489 7264.3790650144219 2567.6877768263221 202.97256840765476
leaf_count=418 637 326 422 539 301 592 551 273 330 1002 308 19934 7371 463
internal_value=-1.56813e-05 0.016888 -0.000456382 -0.000790327 -0.000311936 0.0116012 -0.000315093 0.0125931 -0.00112446 -0.00142241 0.0177781 -0.00183173 0.00206483 0.014733
internal_weight=12255.5 310.45 11945.1 11794.2 11630.8 741.769 528.786 271.345 10889.1 10774.5 224.011 10550.5 3286.08 718.389
internal_count=33467 744 32723 32301 31762 2053 1461 824 29709 29408 638 28770 8836 1465
is_linear=0
shrinkage=0.05


Tree=100
num_leaves=15
num_cat=0
split_feature=25 26 27 31 48 56 58 31 27 29 15 55 33 36
split_gain=29.0116 67.8235 112.036 80.2118 59.9743 42.7469 40.411 38.649 32.2697 42.8511 36.4145 80.3096 38.5118 39.2222
threshold=0.14279220779220778 15.500000000000002 2.4843750000000004 0.54885620915032696 21.941176470588239 4.0102233132720952 31.029411764705888 0.66373626373626382 15.635416666666668 0.24125877476882782 0.89461701128864013 13.114705882352943 3.837662337662338 0.81775094017254857
decision_type=10 2 10 10 2 2 2 8 10 10 10 2 10 10
left_child=6 3 -3 5 -4 -2 8 -8 9 10 12 -12 13 -1
right_child=1 2 4 -5 -6 -7 7 -9 -10 -11 11 -13 -14 -15
leaf_value=0.00075595936419543082 0.035206879983607643 -0.010229425212715741 0.066696977087558659 -0.039408942054091782 0.019296791985779965 -0.00074281081541216487 -0.0041499839456836584 -0.04209416785576689 0.025900716145304471 -0.030124464091697552 -0.00089867328842342404 0.054096404616718247 -0.028365634035558154 -0.015202066917603944
leaf_weight=9892.6642452254891 102.8342525139451 152.35550770163536 135.33031837642193 115.48946548998356 132.96099279075861 405.8841402977705 173.360013499856 108.75646793842316 120.33339028060436 115.99869530647993 197.93844579905272 98.856754146516323 118.91076420247555 399.63952182978392
leaf_count=26811 393 380 289 374 351 1162 551 369 415 261 579 324 258 946
internal_value=0.000517966 0.00848284 0.0239753 -0.001979 0.0433651 0.00657901 -0.00022402 -0.0188746 0.000258423 -2.90159e-05 0.000299787 0.0175393 -0.0001933 0.000134909
internal_weight=12271.3 1044.85 420.647 624.208 268.291 508.718 11226.5 282.116 10944.3 10824 10708 296.795 10411.2 10292.3
internal_count=33463 2949 1020 1929 640 1555 30514 920 29594 29179 28918 903 28015 27757
is_linear=0
shrinkage=0.05


Tree=101
num_leaves=15
num_cat=0
split_feature=10 11 29 58 48 36 58 29 32 13 12 30 48 29
split_gain=33.0207 70.5616 37.5828 30.9679 61.302 69.8363 45.7919 37.9438 38.9788 47.5328 44.4466 43.1333 61.1786 72.0537
threshold=0.24456110913344684 0.2366597094466357 0.23925845496105111 29.545955882352946 27.735294117647062 0.57149826363345724 29.213235294117649 0.20727460156605779 1.0000000180025095e-35 0.013814564910740823 0.0071457749766573311 1.0000000180025095e-35 22.323529411764707 0.1516612691185095
decision_type=10 10 10 2 2 8 2 10 10 10 10 10 2 10
left_child=1 2 3 6 5 -5 7 8 9 10 11 -1 13 -13
right_child=-2 -3 -4 4 -6 -7 -8 -9 -10 -11 -12 12 -14 -15
leaf_value=0.00056318863833257652 -0.021096146490161144 0.035747830937597612 -0.025507138889657738 -0.0080417096024298727 0.021565552600940202 -0.050142369748789134 0.029441072681759602 0.020172552576820893 0.025443800147897946 -0.028776468236330538 0.030240061971922284 -0.011077687223099686 -0.024579884219054247 0.032695035869890969
leaf_weight=9415.6843992546201 185.54561176151037 136.25689324736595 145.14478942751884 527.43846773356199 130.15886644273996 120.28488366305828 135.70602732896805 234.56262162327766 146.12971416115761 145.25753294676542 118.53908064961433 317.93348161131144 426.26400148868561 132.31285455822945
leaf_count=26266 528 366 380 1488 307 339 317 634 345 307 271 748 990 278
internal_value=-0.000219662 0.000101342 -0.000306515 4.27388e-06 -0.00963245 -0.0159252 0.000682103 0.000322593 -0.00011431 -0.000470495 -7.28253e-05 -0.000424854 -0.0110272 0.00182965
internal_weight=12317.2 12131.7 11995.4 11850.3 777.882 647.723 11072.4 10936.7 10702.1 10556 10410.7 10292.2 876.51 450.246
internal_count=33564 33036 32670 32290 2134 1827 30156 29839 29205 28860 28553 28282 2016 1026
is_linear=0
shrinkage=0.05


Tree=102
num_leaves=15
num_cat=0
split_feature=41 55 28 27 53 82 32 41 39 56 46 24 56 56
split_gain=34.5089 171.758 34.9525 54.5376 68.2185 45.4861 37.2698 38.811 68.3123 66.9459 95.2745 80.9377 71.0535 88.116
threshold=13.500000000000002 12.60919117647059 15.885375000000002 13.095378151260507 2.5419580419580421 11.565000000000003 1.0000000180025095e-35 80.500000000000014 32.77481177275839 3.8535685320356858 67.264705882352956 3.3306690738754701e-16 3.9816625916870421 4.2989508397271399
decision_type=8 2 10 10 8 10 10 8 2 2 2 10 2 2
left_child=1 -1 3 5 -5 6 7 9 -9 -2 11 12 -11 -14
right_child=2 -3 -4 4 -6 -7 -8 8 -10 10 -12 -13 13 -15
leaf_value=-0.014757035732604963 0.028183899982689532 0.061620703186564554 -0.022259111677590308 -0.0042034718524937105 0.054242363440452336 -0.023197349362513924 0.025119400730323427 -0.0026948782742945206 0.028561473456877214 -0.0286706069982261 0.043155924332652355 -0.016011959965475078 0.025865098027147961 -0.0017677943804637634
leaf_weight=179.43787711858749 277.44264837354422 123.45708321779966 182.20072666555643 97.484658174216747 101.0544053837657 219.33240613341331 141.83329652249813 8785.4936137422919 177.36136111617088 130.67877966910601 130.80901169031858 598.53831701725721 503.36604887992144 673.78320381045341
leaf_count=401 970 323 497 386 301 510 327 23962 532 363 521 1571 1205 1659
internal_value=-0.000165853 0.0164741 -0.000586525 -0.000251083 0.0256676 -0.000695388 -0.000261196 -0.000582599 -0.00207324 0.00518801 0.00204391 -0.000798218 0.00617139 0.0100604
internal_weight=12322.3 302.895 12019.4 11837.2 198.539 11638.6 11419.3 11277.5 8962.85 2314.62 2037.18 1906.37 1307.83 1177.15
internal_count=33528 724 32804 32307 687 31620 31110 30783 24494 6289 5319 4798 3227 2864
is_linear=0
shrinkage=0.05


Tree=103
num_leaves=15
num_cat=0
split_feature=48 31 6 58 31 27 20 10 46 46 21 73 50 69
split_gain=39.5001 80.7993 66.7021 48.3822 79.8831 53.6957 41.1208 32.4983 30.5019 67.0012 64.1835 49.9016 56.0179 89.9714
threshold=30.091911764705888 0.34696691176470595 2.7693954720923837 30.091911764705888 0.61358974358974383 15.345220588235296 1.0839160839160842 0.03802512377414894 63.667279411764717 63.575367647058833 13.011627906976747 17.500000000000004 9.3170940170940195 0.24607969033661056
decision_type=2 10 10 2 10 10 8 8 2 2 10 2 10 2
left_child=3 7 -3 5 6 8 -5 -2 9 -1 11 12 13 -10
right_child=1 2 -4 4 -6 -7 -8 -9 10 -11 -12 -13 -14 -15
leaf_value=0.00092660861272927334 0.0083811635882429496 0.058486505323604346 0.011476558114820503 -0.013687636218768118 -0.046821483936078552 0.030046227706940234 0.020802670996702612 -0.026506841688977822 -0.0025351456965083145 0.028094490774264944 0.014822716201754987 0.018540366266728166 -0.010976182330827604 0.042283164387295617
leaf_weight=6345.2190163806081 145.70684906840324 122.52068224549294 195.57185813039541 299.89554975181818 144.18592719733715 147.16057668626308 120.26272574812174 121.62963201850653 1087.5194164216518 234.36155763268471 431.11544851958752 204.29260241985321 2553.6694798916578 123.8212288916111
leaf_count=16374 385 335 570 825 377 457 339 289 3016 477 1593 419 7709 339
internal_value=5.69403e-05 0.0127199 0.0297101 -0.000578165 -0.0148472 0.000146797 -0.00378945 -0.0075314 -0.000256633 0.00189844 -0.00347863 -0.00546962 -0.006777 0.00207721
internal_weight=12276.9 585.429 318.093 11691.5 564.344 11127.2 420.158 267.336 10980 6579.58 4400.42 3969.3 3765.01 1211.34
internal_count=33504 1579 905 31925 1541 30384 1164 674 29927 16851 13076 11483 11064 3355
is_linear=0
shrinkage=0.05


Tree=104
num_leaves=15
num_cat=0
split_feature=43 46 81 27 57 31 15 24 39 30 56 24 15 43
split_gain=46.9725 38.7949 49.4756 76.6933 41.7678 43.1096 36.3385 105.959 35.6154 32.6032 77.7149 63.8189 37.5406 31.3431
threshold=49.45000000000001 68.468750000000014 10.595000000000001 14.788701923076925 309.28125000000006 0.61358974358974383 0.89461701128864013 2.8560000000000016 28.735112936344972 0.0034204925509273339 4.5800301257169354 2.3800000000000003 0.86745585918000478 58.839743589743598
decision_type=8 2 10 10 2 8 10 8 2 10 2 8 10 8
left_child=-1 2 3 4 6 -6 9 -8 -3 12 11 -11 13 -2
right_child=1 8 -4 -5 5 -7 7 -9 -10 10 -12 -13 -14 -15
leaf_value=0.031163308226574454 -0.00729012805111627 0.026681177447583165 -0.025444474595765227 0.03930648839262791 0.038446257131988917 -0.0070788983996595391 0.049066192822044413 -0.012320066334372824 -0.011686444082349524 -0.0061346152438884576 0.016419117706591744 -0.046001098356975981 -0.03030290434856598 -9.415784023148366e-05
leaf_weight=113.55432014167309 1836.2871988788247 226.18375369906425 210.16681922972202 115.69854332506657 129.4683388993144 86.012168742716312 128.87919880449772 152.55042278766632 81.77362859249115 206.08048071712255 150.62823363393545 195.39244119077921 112.2841489315033 8579.4256697446108
leaf_count=234 3952 914 545 389 578 424 438 429 327 501 336 423 288 23790
internal_value=-0.000705111 -0.001004 -0.00145792 -0.00102464 -0.00143106 0.0203255 -0.00184544 0.0158656 0.0164884 -0.00229669 -0.0141295 -0.0256033 -0.00167488 -0.00136338
internal_weight=12324.4 12210.8 11902.9 11692.7 11577 215.481 11361.5 281.43 307.957 11080.1 552.101 401.473 10528 10415.7
internal_count=33568 33334 32093 31548 31159 1002 30157 867 1241 29290 1260 924 28030 27742
is_linear=0
shrinkage=0.05


Tree=105
num_leaves=15
num_cat=0
split_feature=46 81 45 58 57 45 47 26 57 27 56 29 20 82
split_gain=34.7501 45.189 39.3969 27.4769 31.292 47.1985 62.0231 41.8089 41.4041 33.2297 81.0347 43.0838 42.2348 35.5845
threshold=68.625000000000014 10.860000000000001 24.320512820512821 14.750000000000002 201.43014705882356 19.90454545454546 0.58276453715384158 15.500000000000002 198.14338235294119 12.936875000000002 4.1518288288288296 0.20367477842910112 -0.16666666666666666 11.865
decision_type=2 10 10 2 2 8 2 2 2 10 2 10 8 10
left_child=1 3 -2 -1 5 6 -5 8 -7 11 -11 12 -6 -14
right_child=2 -3 -4 4 9 7 -8 -9 -10 10 -12 -13 13 -15
leaf_value=0.017549654117377318 0.035890446659010221 -0.02667875657834793 -0.0015465398221953123 -0.015035962853655764 0.02888198149192038 0.0052943820544672738 0.031706999221239936 -0.029626913251459653 -0.027226796850431331 -0.013305958049950092 0.03744888444952834 -0.024941375211529445 -0.00013128646669415117 -0.025817301092028802
leaf_weight=205.16852356493473 137.33983936905861 166.74595312774181 142.67053764313459 141.75860968977213 122.97486089169979 289.15877091884613 140.2443243637681 313.51559492945671 146.75375646352768 136.57168478518724 183.11843756586313 176.93009342253208 9892.8321653753519 135.69967764616013
leaf_count=524 449 447 625 289 323 743 316 602 289 387 534 521 27183 293
internal_value=-0.000503374 -0.000908589 0.016878 -0.000544812 -0.000864143 -0.00917529 0.00823992 -0.0157307 -0.00569141 -5.82975e-05 0.0157925 -0.0005504 -0.000122876 -0.000481393
internal_weight=12331.5 12051.5 280.01 11884.7 11679.6 1031.43 282.003 749.428 435.913 10648.1 319.69 10328.4 10151.5 10028.5
internal_count=33525 32451 1074 32004 31480 2239 605 1634 1032 29241 921 28320 27799 27476
is_linear=0
shrinkage=0.05


Tree=106
num_leaves=15
num_cat=0
split_feature=58 7 27 29 29 52 7 58 50 19 4 47 22 15
split_gain=46.9668 42.2456 39.7217 33.3945 113.538 87.1431 119.876 100.906 86.2156 82.4859 83.66 79.6332 74.9415 71.5916
threshold=14.750000000000002 17.044769230769234 15.345220588235296 0.09566802814609987 0.090953840606726608 251.53571428571431 8.2489333333333352 22.909926470588239 11.641428571428571 0.087121212121212141 9.1913722900292711 0.57374218123827714 0.71362433862433872 0.75211956924627676
decision_type=2 10 10 10 10 10 10 2 10 10 8 2 10 10
left_child=-1 2 3 4 -2 6 7 -5 -6 10 13 -9 -12 -8
right_child=1 -3 -4 5 8 -7 9 11 -10 -11 12 -13 -14 -15
leaf_value=0.023643615124435753 7.9995141473263845e-05 -0.029700215958363835 0.027538922966348446 -0.021468005842626679 0.0034783196258584685 -0.01749376836452458 0.0034245799975397189 0.027030126500768262 0.069537928228922755 0.047752928669730681 0.017555975449904497 -0.014292541768494399 -0.025490430176311831 0.055138300614839167
leaf_weight=202.05746085941792 8682.7921558693051 122.47935258597136 125.74163290113211 705.26188003271818 93.765190422534943 968.56444511562586 133.71673834323883 257.90425515174866 103.62980177998543 157.28953964263201 179.41490852832794 211.23987237364054 229.13509137183428 133.26884018629789
leaf_count=521 23686 337 397 1649 292 3199 307 530 323 364 481 612 481 304
internal_value=-0.000203944 -0.000603955 -0.000304074 -0.000601668 0.000934562 -0.00518477 0.000760542 -0.0095263 0.0383345 0.0152605 0.0076357 0.00843309 -0.00658987 0.0293475
internal_weight=12306.3 12104.2 11981.7 11856 8880.19 2975.8 2007.23 1174.41 197.395 832.825 675.536 469.144 408.55 266.986
internal_count=33483 32962 32625 32228 24301 7927 4728 2791 615 1937 1573 1142 962 611
is_linear=0
shrinkage=0.05


Tree=107
num_leaves=15
num_cat=0
split_feature=69 6 80 73 6 27 77 21 31 75 81 9 31 57
split_gain=45.92 122.615 35.4115 58.3114 48.5997 45.2954 52.989 42.7549 48.1945 40.8064 35.61 54.7473 42.8754 128.281
threshold=0.27000541491143309 4.7134745779223897 1.0950000000000004 13.500000000000002 1.9268590173431808 5.2651442307692315 0.30938738974405094 7.3371212121212128 0.28343750000000006 2.5650000000000004 10.985000000000001 16.594666666666672 0.84454044117647065 237.28125000000003
decision_type=2 10 8 2 8 10 10 8 8 10 10 10 10 2
left_child=2 -2 3 -1 5 6 -4 -5 -9 -7 11 12 -6 -14
right_child=1 -3 4 7 10 9 -8 8 -10 -11 -12 -13 13 -15
leaf_value=-0.00082419260890989545 0.0020623390317966932 0.051282804842495013 -0.0082485565421897295 0.0010185128040653558 -0.0013462169798058618 -0.0072331207142336462 0.020607498240777677 0.054745951635273828 0.012983740732023514 -0.042552898340234221 -0.024039472588295807 0.033125509284041309 0.042499738757086437 -0.014426875827811436
leaf_weight=941.80583110451698 737.64088822156191 151.75091239064932 1867.2516936212778 165.37176562845707 7026.7060034200549 156.29835217446089 172.95036032795906 132.91235259175301 144.39940187335014 171.6516869366169 154.86476147174835 122.47433878481388 207.96245915442705 187.26490422338247
leaf_count=2019 1882 390 5603 370 19494 471 486 315 329 383 427 368 446 696
internal_value=-0.000429002 0.0105087 -0.0012793 0.00621541 -0.0023105 -0.00857281 -0.0057935 0.0211602 0.0331247 -0.0257929 -0.000383467 0.000105244 -0.000444035 0.0155587
internal_weight=12341.3 889.392 11451.9 1384.49 10067.4 2368.15 2040.2 442.684 277.312 327.95 7699.27 7544.41 7421.93 395.227
internal_count=33679 2272 31407 3033 28374 6943 6089 1014 644 854 21431 21004 20636 1142
is_linear=0
shrinkage=0.05


Tree=108
num_leaves=15
num_cat=0
split_feature=48 75 33 41 79 46 15 7 33 56 31 51 36 50
split_gain=37.883 58.9452 102.039 38.1048 33.8769 47.2631 74.8819 160.81 85.9644 50.8993 120.829 88.1807 83.2255 73.8395
threshold=29.718750000000004 4.8550000000000013 0.37499999999999989 128.50000000000003 1.2291901805214307 63.667279411764717 0.8157014671014079 11.442428571428573 2.2159090909090913 4.1350688068194712 0.84581250000000008 4.6613814756671905 0.25523563377894559 10.625833333333334
decision_type=2 8 10 8 8 2 10 10 10 2 10 8 10 8
left_child=4 2 -2 -3 5 9 8 -8 -7 11 13 -1 -13 -11
right_child=1 3 -4 -5 -6 6 7 -9 -10 10 -12 12 -14 -15
leaf_value=0.00047149294312624648 -0.0019879116168956012 0.016800843481442999 0.057311732789746078 -0.012166762053829935 0.0073380411390382419 -0.0058988981027446813 -0.012027966739060821 0.060359382756403325 -0.036660447986901788 -0.0074069663675270306 0.041288890167112971 -0.0071155222348255947 -0.048045822726775683 0.0071225505228024568
leaf_weight=1639.1968519836664 141.40509708225727 191.56500896066427 147.82715271413326 275.58522375673056 1143.0751521810889 3520.9316404312849 188.18073755502701 128.23109784722328 241.8431361168623 1312.5485076010227 207.93360960483551 318.37019437551498 203.07906700670719 2614.9480820149183
leaf_count=3753 330 592 381 735 7510 8741 423 335 628 2920 435 634 412 5712
internal_value=-0.000115383 0.0107166 0.0284133 -0.000277458 -0.000827563 -0.00172781 -0.00591968 0.0174059 -0.00788524 0.000988579 0.00423782 -0.00522948 -0.0231173 0.00226621
internal_weight=12274.7 756.382 289.232 467.15 11518.3 10375.3 4079.19 316.412 3762.77 6296.08 4135.43 2160.65 521.449 3927.5
internal_count=33541 2038 711 1327 31503 23993 10127 758 9369 13866 9067 4799 1046 8632
is_linear=0
shrinkage=0.05


Tree=109
num_leaves=15
num_cat=0
split_feature=46 28 51 56 43 52 20 53 42 27 47 27 28 39
split_gain=37.6208 54.9536 96.9236 109.515 82.741 74.1286 51.5541 48.1178 41.8921 101.754 114.584 73.3866 97.329 106.374
threshold=68.625000000000014 12.054708333333336 3.3890543559195834 4.0234430333374052 61.88194444444445 243.05000000000004 -8.1416355139178143e-16 2.0801282051282057 4.5000000000000009 9.4111111111111132 0.54161941382854317 5.7000000000000002 4.1960555555555565 25.29089664613279
decision_type=2 10 10 2 10 10 8 10 2 10 2 10 10 2
left_child=1 6 -3 -4 -5 -6 -1 -2 9 11 -11 12 -8 -14
right_child=7 2 3 4 5 -7 8 -9 -10 10 -12 -13 13 -15
leaf_value=0.026714871876654941 0.041546902741716657 -0.059940490262440388 -0.045214066804848956 0.035851544850438531 0.013020520822170742 -0.044114182993183981 0.001187255620336907 -0.00046072614652778525 -0.0028375931314476304 0.064304940959125506 0.0022150510699067002 -0.014484080009209116 0.066072700671533743 0.0088869573735983389
leaf_weight=174.60784432291985 118.85800733417273 101.31396912783384 134.5759589895606 150.18422856926918 130.2837236225605 99.155218504369259 2703.0722450464964 158.02396439760923 7290.2564923390746 140.25191185623407 156.93534082174301 614.87891010195017 124.32739349454641 232.67810378968716
leaf_count=456 490 316 461 383 350 362 7032 570 19857 253 395 1531 317 728
internal_value=-0.000532244 -0.000951526 -0.0154926 -0.00663556 0.00712333 -0.0117553 -0.000167674 0.0176566 -0.000586785 0.0035439 0.0316346 0.00126427 0.00443237 0.0289309
internal_weight=12329.4 12052.5 615.513 514.199 379.623 229.439 11437 276.882 11262.4 3972.14 297.187 3674.96 3060.08 357.005
internal_count=33501 32441 1872 1556 1095 712 30569 1060 30113 10256 648 9608 8077 1045
is_linear=0
shrinkage=0.05


Tree=110
num_leaves=15
num_cat=0
split_feature=53 28 79 80 36 44 24 14 82 54 18 80 11 54
split_gain=37.5373 90.8528 106.436 54.3349 31.5569 54.6951 74.429 50.5444 89.8408 53.1131 71.4256 75.2303 46.5837 43.0883
threshold=1.2264957264957268 10.171720588235296 0.46444877166780757 1.9450000000000001 0.017445125105441089 0.58219156656656668 -3.9897454545454538 0.69535714285714301 8.4350000000000005 17.183333333333337 6.8090909090909095 5.5150000000000006 0.029655519527259883 25.118055555555561
decision_type=8 8 8 8 10 10 8 10 10 8 10 10 8 10
left_child=1 3 -3 -1 -2 6 -6 8 -8 -9 11 -11 -7 -13
right_child=4 2 -4 -5 5 12 7 9 -10 10 -12 13 -14 -15
leaf_value=0.02362312379029665 -0.006085339282674262 0.067639359733822207 0.0058451578040868511 -0.009142840309085876 0.032383981836637959 0.0045973892579901842 0.0029932920071043139 -0.035716649001450711 0.035130113351228669 0.018417889964727523 0.033361515952421178 -0.00920951047976897 -0.0075787849287932713 -0.042939747505586795
leaf_weight=169.33395403623581 2359.0913452282548 123.92154562473297 158.06646322458982 490.93689655512571 216.74929213523865 1098.8392943665385 3874.9646971896291 148.26079181581736 229.42664411664009 165.6153160482645 112.97853887081146 262.88676549494267 2748.8975696861744 147.63988342881203
leaf_count=360 6229 209 604 1450 543 3483 9789 367 447 622 368 557 8178 318
internal_value=-0.000143418 0.00944121 0.0331441 -0.000716621 -0.000938804 0.000409801 0.00377471 0.00251359 0.00479779 -0.00867472 -0.00281346 -0.00995271 -0.00410121 -0.021415
internal_weight=12307.6 942.259 281.988 660.271 11365.4 9006.26 5158.52 4941.77 4104.39 837.381 689.121 576.142 3847.74 410.527
internal_count=33524 2623 813 1810 30901 24672 13011 12468 10236 2232 1865 1497 11661 875
is_linear=0
shrinkage=0.05


Tree=111
num_leaves=15
num_cat=0
split_feature=29 57 43 77 48 41 33 50 40 29 73 52 33 80
split_gain=50.8099 40.7511 36.1166 66.2496 80.4273 67.3466 48.6795 47.0749 41.8043 55.5569 41.133 106.733 57.75 52.1784
threshold=0.24890176508813364 176.21323529411768 58.392307692307703 0.57156890261016013 21.303308823529417 80.500000000000014 0.57983193277310929 21.789583333333336 5.5000000000000009 0.038521105231119575 17.500000000000004 249.82857142857145 0.64583333333333337 11.875000000000002
decision_type=10 2 10 10 2 8 10 8 2 8 2 10 8 10
left_child=1 -1 3 5 -5 6 -3 10 -7 -10 13 12 -12 -4
right_child=-2 2 7 4 -6 8 -8 -9 9 -11 11 -13 -14 -15
leaf_value=-0.028928525115856352 -0.026632862002950938 0.0013294668131198755 9.9452132650581211e-07 0.0007201022464884911 -0.03593806754620392 -0.0086117189506639668 0.035033273422070951 0.030065042450454826 -0.015799140480371173 0.022934337336015482 0.02132657809130575 0.04946413561889363 -0.017353865738637352 0.022845042731975303
leaf_weight=118 178.19683174788952 225.84887723624706 8191.5796736776829 276.04110656678677 325.61629769206047 1449.3125753104687 202.95849570631981 146.17588725686073 140.8974599763751 265.85004828125238 179.90519642829895 157.22904747724533 205.81107798218727 256.83616381883621
leaf_count=226 415 429 24294 598 624 3425 505 471 311 583 319 322 397 682
internal_value=-0.000202821 0.000187227 0.000475341 -0.00439929 -0.019146 -0.000509475 0.0173262 0.00201554 -0.00463718 0.00951121 0.00155623 0.0148834 0.000695903 0.000698087
internal_weight=12320.3 12142.1 12024.1 2886.52 601.657 2284.87 428.807 9137.54 1856.06 406.748 8991.36 542.945 385.716 8448.42
internal_count=33601 33186 32960 6475 1222 5253 934 26485 4319 894 26014 1038 716 24976
is_linear=0
shrinkage=0.05


Tree=112
num_leaves=15
num_cat=0
split_feature=21 44 79 33 66 27 5 79 10 52 24 41 21 79
split_gain=38.3544 38.3638 72.3675 91.8261 43.2427 51.5418 49.4841 43.2385 38.8776 38.2995 82.2051 128.129 119.985 91.466
threshold=8.146428571428574 0.65224636234584343 0.46576853395336465 0.55397727272727282 8.5000000000000018 5.7000000000000002 7.2166666666666677 0.33871270549223315 0.02492873684050155 233.70000000000002 0.82044444444444464 81.500000000000014 10.007812500000002 1.1534806968504734
decision_type=10 10 10 8 2 10 10 8 10 10 8 8 10 8
left_child=1 4 3 -3 6 -6 7 8 -1 10 11 12 -2 -12
right_child=9 2 -4 -5 5 -7 -8 -9 -10 -11 13 -13 -14 -15
leaf_value=-0.0045371857510989166 0.079542538177489769 0.00085789291694258704 -0.0089125048613930297 0.058573808832912279 -0.0098166975182728058 -0.045894283122574625 0.022186920719904985 0.0016395700461424622 -0.018774696147682346 -0.0010661394229944834 -0.0057434879419788129 0.0056661773111921082 0.020100889406777334 0.032781576075992559
leaf_weight=2063.4152254313231 129.63303425908089 149.37997391074896 268.05337399244308 126.98672082275152 628.8856967613101 116.71849521994591 192.27683030813932 2168.9611085876822 624.05101157724857 3367.276484824717 1273.3644290864468 837.84792365133762 245.34978543221951 174.25745213776827
leaf_count=3678 282 357 836 405 1629 256 440 7609 1024 10995 2570 2084 578 880
internal_value=-0.000378684 -0.00309383 0.0095848 0.0274931 -0.00428653 -0.0155183 -0.00262506 -0.00361178 -0.007849 0.00247659 0.00695925 0.0165557 0.040807 -0.00108661
internal_weight=12366.5 6338.73 544.42 276.367 5794.31 745.604 5048.7 4856.43 2687.47 6027.73 2660.45 1212.83 374.983 1447.62
internal_count=33623 16234 1598 762 14636 1885 12751 12311 4702 17389 6394 2944 860 3450
is_linear=0
shrinkage=0.05


Tree=113
num_leaves=15
num_cat=0
split_feature=55 55 4 43 22 11 33 43 25 26 41 73 27 22
split_gain=47.428 95.8094 214.396 77.3349 66.4911 63.6827 52.8025 50.7316 85.0962 109.836 57.1547 54.5357 65.5404 81.8616
threshold=14.640625000000002 14.257647058823531 6.4185920837347874 64.038461538461561 0.78979857050032498 0.12069821629875969 0.41428571428571437 60.033333333333339 0.14500000000000007 16.500000000000004 36.500000000000007 9.5000000000000018 2.4187500000000006 0.65419580419580436
decision_type=2 2 10 8 10 10 10 8 10 2 8 2 10 8
left_child=1 7 6 4 -2 -5 -3 10 -9 -10 -1 12 -12 -14
right_child=3 2 -4 5 -6 -7 -8 8 9 -11 11 -13 13 -15
leaf_value=-0.03004581322181929 0.0083195111869414796 -0.0099976056106235514 0.083865185443088394 -0.011963849481931202 -0.02027208265819555 -0.045087937563002972 0.030562892650689275 -5.7445843648815002e-05 0.0087830229821145352 0.060932910695051884 -0.0073296703084719354 -0.011939805511499259 -0.014522037048144053 0.029416398457337463
leaf_weight=234.96456472575665 822.64126318693161 234.09426904469728 108.63077978044748 762.99704797565937 269.00314655900002 178.58605711907148 120.83713562786579 6683.9436433389783 516.81323498487473 124.6265877187252 625.88126447051764 1135.9359140843153 148.34792324900627 366.003996565938
leaf_count=459 2314 637 319 2191 694 524 337 19151 1677 197 1499 2481 365 812
internal_value=-0.00081924 0.000558581 0.0227473 -0.00779595 0.00126186 -0.0182875 0.00385837 -0.000489304 0.00161317 0.0189944 -0.00662078 -0.00419052 0.00353325 0.0167402
internal_weight=12333.3 10300.1 463.562 2033.23 1091.64 941.583 354.931 9836.52 7325.38 641.44 2511.13 2276.17 1140.23 514.352
internal_count=33657 27934 1293 5723 3008 2715 974 26641 21025 1874 5616 5157 2676 1177
is_linear=0
shrinkage=0.05


Tree=114
num_leaves=15
num_cat=0
split_feature=57 77 50 57 9 82 47 27 69 83 6 36 80 22
split_gain=41.4672 111.442 69.3758 39.0276 71.5518 62.5299 64.8449 122.142 59.1465 115.242 53.1756 67.1651 98.66 50.6364
threshold=201.43014705882356 0.7462499062476563 15.878409090909093 229.3602941176471 12.025333333333334 6.8250000000000011 0.63206282497258559 2.2908088235294124 0.27854062523321105 7.6601563950028977 7.3097677245123203 0.68924867022320269 7.7150000000000007 0.70057471264367821
decision_type=2 10 10 2 10 10 2 10 2 2 10 8 10 10
left_child=1 2 -1 4 5 6 -2 -8 10 -10 -5 12 -12 -7
right_child=3 -3 -4 8 -6 13 7 -9 9 -11 11 -13 -14 -15
leaf_value=-0.0072773411284831101 0.0037524821820792763 -0.045896002244501362 0.030085885384288653 -0.00051253396694413231 0.033152292494577365 -0.03881956300766249 0.00073452686997151008 0.065205827192732699 0.0037274935589200263 0.060821139989392481 -0.028739657538812892 -0.038067163795503116 0.03145174322232528 0.00093429074679171251
leaf_weight=919.30251883715391 2392.6792407259345 168.50077521800995 142.6339105963707 6845.8514948636293 225.39309006929398 143.20485445857048 171.11380913108587 127.76170548796654 430.06009930372238 110.29668905586004 146.20799196511507 219.06157929450274 125.65127457678318 180.09394247829914
leaf_count=1954 5885 341 335 20088 572 342 430 310 1180 289 554 631 343 361
internal_value=0.000459011 -0.00824679 -0.00223532 0.0014232 0.0060413 0.00400414 0.00650114 0.0284199 -0.000476979 0.0154722 -0.00165359 -0.0175321 -0.000906342 -0.01674
internal_weight=12347.8 1230.44 1061.94 11117.4 3240.25 3014.85 2691.55 298.876 7877.13 540.357 7336.77 490.921 271.859 323.299
internal_count=33615 2630 2289 30985 7900 7328 6625 740 23085 1469 21616 1528 897 703
is_linear=0
shrinkage=0.05


Tree=115
num_leaves=15
num_cat=0
split_feature=39 66 54 46 83 66 40 28 28 22 66 53 3 54
split_gain=31.1247 74.9815 100.336 87.083 65.7269 49.425 60.3649 72.5299 105.981 141.763 132.85 64.3318 63.1312 70.2302
threshold=22.889801505817939 7.5000000000000009 23.925824175824179 61.393382352941181 6.8149794824414114 7.5000000000000009 11.500000000000002 4.8330060606060616 5.5639545454545463 0.77859477124183019 4.5000000000000009 2.0741758241758248 5.3050000000000006 22.630681818181824
decision_type=2 2 8 2 2 2 2 10 10 8 2 8 8 8
left_child=1 2 4 -4 -1 6 7 11 9 -9 -10 -2 -12 -14
right_child=5 -3 3 -5 -6 -7 -8 8 10 -11 12 -13 13 -15
leaf_value=-0.001848769613799026 0.0054478161444862913 0.039254615373275986 0.058560828458584895 0.0023211229515823777 -0.048373255293829936 -0.0069506019272635999 -0.02680601882377788 0.0085034598595880393 0.043568865475639484 0.075796253555674334 -0.011154758850168263 -0.0053448250912483536 0.018550515466329975 -0.0024044416682957055
leaf_weight=251.75223477184772 2160.4521192535758 166.94104095548391 109.41174712777138 183.0060016438365 107.73970079421997 2429.5633749365807 188.95369508117437 199.64335607737303 201.83266107738018 128.04223956167698 701.02947876602411 3821.7643086463213 711.43637200444937 910.83870672434568
leaf_count=726 6063 474 221 623 259 6557 633 553 525 265 1931 10259 1892 2475
internal_value=5.15176e-05 0.00946269 0.00178513 0.0234918 -0.0158877 -0.000622084 0.00108235 0.00168176 0.00824049 0.0349485 0.00476214 -0.00144685 0.00137358 0.00679096
internal_weight=12272.4 818.851 651.91 292.418 359.492 11453.6 9023.99 8835.04 2852.82 327.686 2525.14 5982.22 2323.3 1622.28
internal_count=33456 2303 1829 844 985 31153 24596 23963 7641 818 6823 16322 6298 4367
is_linear=0
shrinkage=0.05


Tree=116
num_leaves=15
num_cat=0
split_feature=18 9 28 28 20 10 24 3 81 55 55 36 56 56
split_gain=41.2721 52.6884 37.1168 38.2058 38.152 47.5751 34.8734 70.6049 45.781 94.9288 87.5802 48.7601 51.274 74.644
threshold=8.9045454545454561 16.11866666666667 15.885375000000002 13.622177777777779 -8.1416355139178143e-16 0.21612016058954667 -0.47600000000000048 12.510000000000002 3.1950000000000007 14.040625 14.51654411764706 0.18594086447302324 3.9014344685242519 4.2553295810903302
decision_type=10 10 10 10 8 10 10 10 10 2 2 10 2 2
left_child=1 2 3 4 -1 6 7 8 -6 11 -11 -10 -13 -14
right_child=-2 -3 -4 -5 5 -7 -8 -9 9 10 -12 12 13 -15
leaf_value=0.023083850124575481 -0.028580213632935444 0.032512996151504887 -0.025931504411627421 0.026784825753152608 -0.00045484235198862619 -0.029613475245359056 -0.0028870866101580687 0.040076552750540423 0.021009582984264589 0.058118260567622482 0.013163774947284605 0.025586788058563112 -0.024239849021905967 0.0038770035852959172
leaf_weight=184.45463453233242 118.51300641149282 129.7704886496067 129.36026540398598 139.80363812297583 4959.0822538957 131.0670839548111 4462.6331351399422 123.54783803224564 272.74477283656597 156.95700721442699 347.6714726537466 141.99568292498589 370.73929201066494 646.06733754277229
leaf_count=487 349 379 345 544 14284 385 12170 343 646 364 788 382 785 1430
internal_value=0.000659612 0.000946069 0.000603902 0.000893618 0.000584542 0.000225203 0.000568377 0.0027655 0.00209125 0.00860937 0.0272335 0.00202984 -0.00245164 -0.00638846
internal_weight=12314.4 12195.9 12066.1 11936.8 11797 11612.5 11481.4 7018.81 6895.26 1936.18 504.628 1431.55 1158.8 1016.81
internal_count=33681 33332 32953 32608 32064 31577 31192 19022 18679 4395 1152 3243 2597 2215
is_linear=0
shrinkage=0.05


Tree=117
num_leaves=15
num_cat=0
split_feature=50 9 31 24 79 53 28 5 5 82 11 58 6 53
split_gain=36.7651 49.326 40.9994 39.5112 66.1947 48.5791 60.983 42.1647 72.3552 79.5151 55.826 73.8863 66.894 71.7664
threshold=5.8625000000000016 16.594666666666672 0.61358974358974383 3.642121212121213 -0.16308671148135082 2.8516483516483522 7.6330666666666671 7.2166666666666677 9.8166666666666682 10.375000000000002 0.18113777783476934 20.454044117647062 5.0786838731829231 2.1055555555555561
decision_type=8 10 10 10 8 10 10 10 10 8 10 2 8 8
left_child=2 3 -1 7 -5 6 -6 -2 10 -10 11 -9 -13 -14
right_child=1 -3 -4 4 5 -7 -8 8 9 -11 -12 12 13 -15
leaf_value=-0.0039262285670077267 0.00036008636346924442 0.0273934052661607 -0.033154071736227989 -0.03167143727531422 0.005403311695577004 0.025214019735098261 -0.037082249446753431 -0.012992113396820482 0.017086635196694511 -0.014599993028516754 0.04830235834205629 0.0052886278772987343 0.078365086360435363 0.015810107601726377
leaf_weight=508.65239234268665 9269.1602844968438 176.65396226942539 156.16338701546192 242.52802658081055 241.71832788735628 138.25146210193634 128.6571101769805 174.75510572642088 349.38472120463848 454.20662105083466 148.45503157377243 187.4311241954565 92.977019123733044 90.763538368046284
leaf_count=1309 25118 492 388 379 851 479 390 469 802 1485 368 502 302 309
internal_value=0.000597296 0.00124784 -0.0108313 0.000844506 -0.010235 2.86378e-05 -0.00941499 0.00161833 0.00939866 -0.000819195 0.0212077 0.013765 0.0263638 0.0477172
internal_weight=12359.8 11694.9 664.816 11518.3 751.155 508.627 370.375 10767.1 1497.97 803.591 694.382 545.927 371.172 183.741
internal_count=33643 31946 1697 31454 2099 1720 1241 29355 4237 2287 1950 1582 1113 611
is_linear=0
shrinkage=0.05


Tree=118
num_leaves=15
num_cat=0
split_feature=81 31 43 20 52 41 28 39 57 9 43 27 6 51
split_gain=38.3169 56.3572 116.72 47.3402 33.8167 60.6329 82.9006 56.418 73.9219 179.685 48.6039 110.735 45.9841 43.6137
threshold=10.595000000000001 0.84581250000000008 62.720779220779228 2.4142857142857146 229.04545454545459 28.500000000000004 11.011907692307693 32.907597535934293 263.18750000000006 4.1886666666666672 58.966666666666676 4.5830357142857148 1.4136830332641279 4.1242328503468073
decision_type=10 10 8 8 10 8 10 2 2 10 8 8 10 8
left_child=1 4 -3 -4 7 6 -6 8 10 -10 11 -1 -13 -12
right_child=-2 2 3 -5 5 -7 -8 -9 9 -11 13 12 -14 -15
leaf_value=0.0044891843032671538 -0.021000268015950684 0.052241519421432875 -0.021063363529656435 0.020332779132219307 -0.008405567310024023 -0.0015637126076907327 -0.060335594642934046 0.02696940313240195 0.0027402151048441111 0.0669901631002493 -0.0068959185491615687 -0.013503318006488499 -0.04805965838407758 0.0051672260984441006
leaf_weight=491.04424333572388 214.02187718451023 157.08171548694372 146.28013940155506 129.05141428858042 306.35437343269587 5871.863246910274 101.78047466278076 225.25774502009153 460.80439911037683 141.4991751536727 1038.238044269383 188.86722857505083 197.677335254848 2684.7379380464554
leaf_count=920 559 437 520 357 981 18125 247 535 1369 395 2518 349 342 6013
internal_value=-7.78406e-05 0.000292694 0.0179979 -0.0016571 -0.000362689 -0.00286074 -0.0214717 0.00252739 0.00146419 0.0179205 -0.000693679 -0.0112719 -0.0312537 0.00180219
internal_weight=12354.6 12140.5 432.413 275.332 11708.1 6280 408.135 5428.13 5202.87 602.304 4600.56 877.589 386.545 3722.98
internal_count=33667 33108 1314 877 31794 19353 1228 12441 11906 1764 10142 1611 691 8531
is_linear=0
shrinkage=0.05


Tree=119
num_leaves=15
num_cat=0
split_feature=75 41 24 41 79 75 59 41 39 36 22 10 47 81
split_gain=48.0321 113.493 77.6408 66.8077 184.872 42.6208 88.3355 178.165 121.224 78.4294 85.8665 54.1302 40.0925 39.0485
threshold=10.935 85.500000000000014 -2.1414999999999993 19.500000000000004 0.082750125289471552 7.4250000000000007 0.75000000000000011 81.500000000000014 28.793976728268312 0.45920529889666656 0.74305019305019315 0.17094781577212953 0.65005548667292323 7.7950000000000008
decision_type=10 10 10 8 8 10 2 8 2 10 10 8 2 10
left_child=3 2 -2 4 -1 12 9 11 -9 -7 -11 -8 13 -5
right_child=1 -3 -4 5 -6 6 7 8 -10 10 -12 -13 -14 -15
leaf_value=0.070162042020365981 -0.047652255621824582 0.018775025891970429 -0.0066392647001449201 0.00032587887608164553 -0.014750610391518156 0.030219542143206407 -0.022165343829482719 0.021975230443164861 0.085745910791679911 -0.027234044819532496 0.015362878420921298 0.020100240993701675 -0.017198585183718321 -0.026741241515418825
leaf_weight=122.86926484107971 221.97809945046902 197.77067184448242 239.95331883430481 9637.1171612739563 132.25962812453508 134.49925419688225 176.17903886735439 172.06862084567547 131.76545758545399 340.22913624346256 180.29240627586842 131.36321479082108 352.08448100090027 134.11583815515041
leaf_count=174 523 505 567 26906 506 341 429 422 280 780 390 272 1143 348
internal_value=0.000259609 -0.0128549 -0.0264081 0.00100361 0.0262573 0.000435671 0.0090796 0.0227321 0.0498216 -0.00367847 -0.0124786 -0.00410544 -0.00064645 -4.83315e-05
internal_weight=12304.5 659.702 461.931 11644.8 255.129 11389.7 1266.4 611.376 303.834 655.021 520.522 307.542 10123.3 9771.23
internal_count=33586 1595 1090 31991 680 31311 2914 1403 702 1511 1170 701 28397 27254
is_linear=0
shrinkage=0.05


Tree=120
num_leaves=15
num_cat=0
split_feature=53 53 36 36 20 56 3 57 57 43 48 14 36 5
split_gain=41.3393 79.9082 108.121 79.8562 96.078 77.6736 75.6532 69.7344 93.7534 62.7738 61.0854 56.8384 86.6984 84.5007
threshold=2.2403846153846159 2.1483516483516487 0.26193537372399006 0.72408372579387248 1.6181818181818184 4.6768789503639594 8.1435606060606087 259.65625000000006 224.70588235294119 63.759615384615394 23.148897058823533 0.47033333333333344 0.18763853215918261 5.0066666666666677
decision_type=10 10 10 10 10 2 8 2 2 10 2 10 10 10
left_child=1 3 -3 4 11 6 -5 8 -6 -8 -9 13 -13 -1
right_child=-2 2 -4 5 7 -7 9 10 -10 -11 -12 12 -14 -15
leaf_value=0.0027059463041496333 -0.0027682883157008459 0.0039800432067788709 0.055406308368278825 0.0062824955043013818 0.043899014457057635 0.017862675732752506 -0.020334229440574673 0.075705714380475325 -0.010312936197478756 -0.065795957601228153 0.01747708263660221 0.018891449587428936 -0.016441629828169248 0.045200809056204855
leaf_weight=3532.2789830639958 6073.5985332280397 265.84680546075106 165.21582096070051 126.92837217450142 127.61682959645987 128.14196444302797 182.9923333376646 96.68274500221014 209.1583651304245 130.47519299387932 85.005720376968384 218.45887924730778 831.63111610710621 120.00025183707476
leaf_count=9506 16610 716 441 344 278 278 469 323 609 395 341 577 2323 353
internal_value=0.000165694 0.0030304 0.0237731 0.00148211 0.00342089 -0.0162963 -0.0262535 0.0238266 0.0102992 -0.0394059 0.0487074 0.00116645 -0.00908002 0.00411416
internal_weight=12294 6220.43 431.063 5789.37 5220.83 568.538 440.396 518.464 336.775 313.468 181.688 4702.37 1050.09 3652.28
internal_count=33563 16953 1157 15796 14310 1486 1208 1551 887 864 664 12759 2900 9859
is_linear=0
shrinkage=0.05


Tree=121
num_leaves=15
num_cat=0
split_feature=36 57 63 46 20 75 79 26 15 55 57 6 14 82
split_gain=32.9126 76.3646 87.6599 140.022 95.2384 186.321 59.7188 66.1599 49.4167 138.38 78.7009 179.792 72.4048 49.7779
threshold=0.7048399930747492 201.43014705882356 1.0000000180025095e-35 64.060661764705898 1.1010101010101014 7.4250000000000007 0.73241312705114947 15.500000000000002 0.69136088226857195 14.461764705882354 231.58823529411768 5.5324095413122967 0.67612500000000009 5.9850000000000012
decision_type=10 2 2 2 8 10 10 2 10 2 2 8 10 8
left_child=8 -2 4 -4 5 -3 7 -6 12 10 11 -10 -1 -12
right_child=1 2 3 -5 6 -7 -8 -9 9 -11 13 -13 -14 -15
leaf_value=0.00027881997254792682 -0.041541148427006389 -0.017722585862265959 -0.044698324571240344 0.011891788512236219 0.0077506131504224479 0.060887971342930447 0.024779015371066374 -0.036272566347941418 0.075626144273282542 -0.026825045870668848 0.040682113986666324 -0.00036550633300283557 -0.030698908848734864 3.887422679399013e-05
leaf_weight=9725.7630445286632 146.04818922281265 128.24826823174953 259.21851473301649 187.89150428771973 147.317162938416 180.59052929282188 107.6207699328661 200.8994190171361 165.65292784571648 189.85563945770264 92.406676962971687 146.02954931557178 191.35946080833673 389.40636011213064
leaf_count=26367 287 451 594 457 412 406 332 543 449 627 253 385 524 1429
internal_value=-0.000176037 -0.00751372 -0.00338176 -0.0209437 0.00690072 0.0282923 -0.00762272 -0.0176792 0.000738599 0.0114238 0.0205976 0.0401352 -0.000321957 0.00790194
internal_weight=12258.3 1357.83 1211.79 447.11 764.676 308.839 455.837 348.217 10900.5 983.351 793.496 311.682 9917.12 481.813
internal_count=33516 3482 3195 1051 2144 857 1287 955 30034 3143 2516 834 26891 1682
is_linear=0
shrinkage=0.05


Tree=122
num_leaves=15
num_cat=0
split_feature=82 63 22 41 55 41 0 31 53 28 41 8 80 19
split_gain=40.3088 98.1861 72.8939 68.2163 268.348 55.09 65.6487 63.0893 41.327 92.8599 152.648 53.6543 44.4782 32.2504
threshold=11.865 1.0000000180025095e-35 0.74883177570093473 19.500000000000004 12.878125000000002 28.500000000000004 9.5000000000000018 0.48656250000000006 1.1909090909090911 9.7252000000000027 62.000000000000007 14.225101063802194 1.9450000000000001 0.069047619047619066
decision_type=10 2 8 8 2 8 2 10 8 8 10 10 8 10
left_child=3 2 -2 4 -1 6 7 -5 9 12 -11 13 -7 -10
right_child=1 -3 -4 5 -6 8 -8 -9 11 10 -12 -13 -14 -15
leaf_value=-0.013974705834455294 0.026007531409589571 -0.046990709314841228 -0.026470329136883738 0.0016636175172278105 0.081157040906756114 0.023863985390589766 0.015734242161820438 -0.043749119553520156 -0.00035396200151489431 -0.0035068266199425159 0.078782255210717078 0.032389637707371764 -0.0078406316604079755 -0.012002710953194246
leaf_weight=189.22259595245123 148.93567906320095 155.91733884811401 117.45856435596943 115.21113683283329 120.62105053663254 148.6038286536932 110.66083655506372 226.07126317918301 9605.767175540328 110.76065026968718 113.56556913256645 120.19817753881216 423.54972288757563 632.36078980565071
leaf_count=468 450 318 266 350 332 313 306 593 26327 331 311 438 1224 1606
internal_value=-0.000452465 -0.0156146 0.00285653 8.61301e-05 0.0232017 -0.000532888 -0.0176268 -0.0284585 0.000161199 0.0111291 0.0383169 -0.000683144 0.000421188 -0.00107455
internal_weight=12338.9 422.312 266.394 11916.6 309.844 11606.7 451.943 341.282 11154.8 796.48 224.326 10358.3 572.154 10238.1
internal_count=33633 1034 716 32599 800 31799 1249 943 30550 2179 642 28371 1537 27933
is_linear=0
shrinkage=0.05


Tree=123
num_leaves=15
num_cat=0
split_feature=6 45 41 4 55 17 41 58 45 20 27 46 57 77
split_gain=32.148 58.4303 45.5083 40.7534 62.1141 44.5195 45.2328 40.2735 36.7992 41.1678 34.3575 31.7095 75.6853 89.6578
threshold=8.1184229939094035 28.033333333333335 30.000000000000004 13.968070883952477 12.056250000000002 5.3205128205128212 13.500000000000002 22.514705882352946 30.033333333333335 -4.5334106838860555e-16 7.5016666666666678 65.93933823529413 245.54595588235296 0.2103367864663567
decision_type=10 10 10 10 2 10 8 2 10 8 10 2 2 10
left_child=3 2 -2 5 -5 6 -1 -4 9 -8 -10 -11 13 -13
right_child=1 -3 7 4 -6 -7 8 -9 10 11 -12 12 -14 -15
leaf_value=0.022936028093181723 -0.048761843267378022 0.020732961381486458 0.0087308389950693753 0.047868334506830708 -0.0022382094358488081 -0.030480375409765517 0.024249707628441076 -0.030473583802510418 -0.0058564718173660033 -0.00091550479554099347 -0.033446193034252773 0.0058080643118686333 -0.005937732456999501 0.042517561297628029
leaf_weight=213.95986095815897 111.04693232476711 100.39004522562027 132.3272562623024 111.44058688730001 137.27760249376297 118.35078125447035 179.43919834494591 128.06177046149969 672.32306965440512 8996.8861263170838 134.76793271303177 509.68828709423542 602.45260372757912 246.18744146823883
leaf_count=531 338 357 360 296 406 283 462 391 1958 23344 353 1634 2373 657
internal_value=-0.000178979 -0.0129655 -0.0221046 0.000328073 0.0203143 -9.94412e-05 0.000214324 -0.0105931 -0.000216301 0.000572415 -0.0104991 0.000159824 0.0072777 0.0178047
internal_weight=12394.6 471.826 371.436 11922.8 248.718 11674.1 11555.7 260.389 11341.7 10534.7 807.091 10355.2 1358.33 755.876
internal_count=33743 1446 1089 32297 702 31595 31312 751 30781 28470 2311 28008 4664 2291
is_linear=0
shrinkage=0.05


Tree=124
num_leaves=15
num_cat=0
split_feature=48 22 6 6 41 83 39 10 56 11 52 36 41 55
split_gain=27.6906 51.4903 48.9684 59.2208 46.7538 83.4008 39.9298 32.4691 99.3269 54.4987 91.879 58.6664 45.6619 53.7085
threshold=17.593750000000004 0.63702239789196324 2.2831545811647129 3.8388543054968132 48.000000000000007 5.017603766954271 21.757700205338811 0.2356516674045874 4.1962800875273532 0.18938516242521508 233.36607142857147 0.81775094017254857 33.000000000000007 12.705882352941179
decision_type=2 8 8 10 8 2 2 10 2 10 8 8 8 2
left_child=1 2 -1 -4 -3 -6 -2 9 -9 12 -11 -12 13 -8
right_child=6 4 3 -5 5 -7 7 8 -10 10 11 -13 -14 -15
leaf_value=-0.010215945237832478 0.028974765813551247 0.015831089064501428 0.050044267413649479 -0.00094442679397479991 -0.0085073376481908242 -0.046331154036117025 -0.025519617368139486 -0.054631559716477519 0.010673534178209583 0.038601177144409443 0.013262072409794878 -0.032194925626077613 0.0012542177412108023 0.0042893055563068784
leaf_weight=190.25344698131084 126.60168331116438 126.68884107470512 110.94154105335474 115.83933435380459 683.27505316585302 184.49154899269342 352.59744953364134 101.23851138353348 134.63756948709488 254.12013564258814 216.10237760841846 104.4588884934783 9415.1930687129498 263.4363696500659
leaf_count=619 314 403 332 414 1881 427 1058 309 389 554 668 287 25195 797
internal_value=0.000319515 -0.00626984 0.00846306 0.0241095 -0.0124505 -0.0165929 0.00116798 0.000840627 -0.0174679 0.00124942 0.0162102 -0.00160471 0.000390794 -0.012786
internal_weight=12379.9 1411.49 417.034 226.781 994.455 867.767 10968.4 10841.8 235.876 10605.9 574.681 320.561 10031.2 616.034
internal_count=33647 4076 1365 746 2711 2308 29571 29257 698 28559 1509 955 27050 1855
is_linear=0
shrinkage=0.05


Tree=125
num_leaves=15
num_cat=0
split_feature=11 56 50 28 33 46 77 58 73 81 50 58 55 30
split_gain=33.7496 215.327 37.7496 46.2877 50.0203 82.6486 95.6564 87.4064 81.8416 66.5871 45.7593 69.1552 55.0059 45.4022
threshold=0.2366597094466357 4.1437127301011154 19.887500000000003 12.054708333333336 2.0588235294117649 64.757352941176478 0.69898716037380748 23.272058823529417 9.5000000000000018 6.0750000000000011 9.639230769230771 23.90808823529412 12.290625000000002 0.0043926661573720407
decision_type=10 2 10 10 10 2 8 2 2 10 8 2 2 10
left_child=2 -2 3 4 13 6 9 -7 -8 -6 -5 12 -12 -1
right_child=1 -3 -4 10 5 7 8 -9 -10 -11 11 -13 -14 -15
leaf_value=-0.00029039628786381119 -0.031001105092741538 0.053620445061708391 0.016645992851031906 0.011024455751773091 0.024493987569144313 -0.050594828993311372 0.077417046379984575 0.016320714445888798 0.01635724351640222 -0.022613261529810587 -0.068824026432422081 0.0034407065411618588 -0.018170838012288897 -0.022184082036754441
leaf_weight=10281.189806222916 132.43041706830263 171.39213967323303 326.69644017517567 116.53683723509312 180.06386369466782 90.69827926158905 113.85478464514017 103.54783316701651 106.38486531376839 127.11366581916809 102.56991259008646 131.80496294051409 113.12592406570911 241.38217628002167
leaf_count=27751 349 471 991 348 441 299 298 350 321 279 281 444 361 580
internal_value=0.000324397 0.0167548 -9.17466e-05 -0.000560162 7.91489e-05 0.012804 0.0230616 -0.0150229 0.0481299 0.00499033 -0.0160184 -0.025093 -0.0424644 -0.000794686
internal_weight=12338.8 303.823 12035 11708.3 11244.2 721.663 527.417 194.246 220.24 307.178 464.038 347.501 215.696 10522.6
internal_count=33564 820 32744 31753 30319 1988 1339 649 619 720 1434 1086 642 28331
is_linear=0
shrinkage=0.05


Tree=126
num_leaves=15
num_cat=0
split_feature=81 41 41 46 4 10 50 9 59 43 43 77 40 7
split_gain=45.7887 63.9218 63.1459 43.9209 40.1954 63.9466 52.0264 31.3997 161.111 31.5657 33.4717 52.8427 43.6963 37.7107
threshold=9.5050000000000008 76.500000000000014 13.500000000000002 63.545955882352949 13.968070883952477 0.21612016058954667 11.986190476190478 11.774666666666668 0.75000000000000011 50.166666666666679 58.392307692307703 0.57156890261016013 5.5000000000000009 10.952857142857143
decision_type=10 10 8 2 10 10 8 10 2 8 8 10 2 10
left_child=2 3 -1 -2 5 7 -6 9 -9 -4 11 12 -11 -12
right_child=1 -3 4 -5 6 -7 -8 8 -10 10 13 -13 -14 -15
leaf_value=0.026254468064379845 -0.050042006859249623 0.010368523978235589 0.022128534447028038 -0.0097555157585944921 0.046709734062553028 -0.034685666432214442 -0.0030269295497835774 -0.017515869020963977 0.047607161710299668 -0.0084960988456603114 0.00092440524811215896 -0.029898966498693686 0.012661579891629225 -0.024551194971065709
leaf_weight=235.37132505327463 138.88143546879292 146.8962429612875 153.18003036826849 132.18334560096264 104.02071963995695 132.23612946271896 105.06603177636862 193.72710856050253 184.57417760789394 1068.1475938260555 8992.6853424906731 222.03551788628101 315.25756352394819 146.64830433577299
leaf_count=582 313 397 312 370 342 415 317 560 507 2364 25432 484 630 415
internal_value=9.6138e-05 -0.0161489 0.000670287 -0.0305046 0.000149738 -0.000249326 0.0218216 0.000157547 0.0142996 -0.000334633 -0.000656903 -0.00731293 -0.00366891 0.000512986
internal_weight=12270.9 417.961 11852.9 271.065 11617.6 11408.5 209.087 11276.3 378.301 10898 10744.8 1605.44 1383.41 9139.33
internal_count=33440 1080 32360 683 31778 31119 659 30704 1067 29637 29325 3478 2994 25847
is_linear=0
shrinkage=0.05


Tree=127
num_leaves=15
num_cat=0
split_feature=77 46 69 69 53 81 50 8 44 19 19 58 31 45
split_gain=44.5447 57.8592 58.7516 113.529 51.8618 50.8547 71.7523 64.0637 46.7156 46.054 57.8971 60.5087 69.668 68.2705
threshold=0.43468975998323028 58.911764705882355 0.29718230653520988 0.36293179866713493 3.759615384615385 4.5850000000000009 11.641428571428571 5.0991825534371387 0.58527369572454468 0.20714285714285716 0.10555555555555557 28.264705882352946 0.62066666666666681 23.408333333333335
decision_type=8 2 2 2 10 8 8 8 10 10 10 2 8 8
left_child=-1 -2 4 -4 5 6 -3 -8 -6 10 11 -7 -13 -14
right_child=1 2 3 -5 8 9 7 -9 -10 -11 -12 12 13 -15
leaf_value=-0.0017843664681126477 -0.016681265337736676 0.00075614313191078386 0.068234051824255612 -0.0010988123464353535 -0.030409961971638297 0.0062530619310547531 0.017044309009244387 0.064723667615024683 0.0061479764082890843 -0.018559585625292942 0.032211015212059602 0.011781843984855656 -0.056398605333097797 -0.0044725173557193963
leaf_weight=7182.5559202283621 307.17088074982166 253.45131382346153 105.61933901906013 132.2457006201148 193.7194744348526 2856.3611643910408 168.56201311945915 121.31339004635811 158.01270002871752 215.24637521803379 186.99200920015574 157.57873065024614 125.9870413094759 126.58727723360062
leaf_count=16624 911 671 345 411 524 10491 495 270 499 482 520 565 362 344
internal_value=0.000754138 0.00432268 0.00566953 0.0298439 0.00440331 0.00594437 0.0202067 0.0371521 -0.0140157 0.00382725 0.00522752 0.00367346 -0.0142628 -0.0304941
internal_weight=12291.4 5108.85 4801.68 237.865 4563.81 4212.08 543.327 289.875 351.732 3668.75 3453.51 3266.51 410.153 252.574
internal_count=33514 16890 15979 756 15223 14200 1436 765 1023 12764 12282 11762 1271 706
is_linear=0
shrinkage=0.05


Tree=128
num_leaves=15
num_cat=0
split_feature=53 39 81 15 39 57 53 77 75 80 26 27 56 81
split_gain=25.0661 48.2013 42.5438 59.4701 38.4509 46.0331 34.4924 120.059 41.5681 46.0714 77.805 52.4951 44.1225 65.7758
threshold=3.4226190476190479 30.332648870636554 6.7350000000000012 0.62175339594262569 33.935660506502401 251.91176470588238 3.2583333333333337 0.33302930779572049 2.9650000000000003 2.6250000000000004 16.500000000000004 3.6055555555555561 4.3946815064030433 6.4750000000000005
decision_type=10 2 10 10 2 2 10 10 8 8 2 8 2 10
left_child=4 2 3 -2 6 -6 8 -8 9 -1 11 -11 -10 -14
right_child=1 -3 -4 -5 5 -7 7 -9 12 10 -12 -13 13 -15
leaf_value=0.0026519610888578703 -0.011593869500181035 0.016744653557127048 -0.034803859288335869 0.017951479132519821 -0.00033225150772038325 -0.040431034643585002 -0.0031634738005901879 0.057834893957721151 0.0013798055925855058 0.015932675157214218 -0.0076332503597874996 0.058552750351556875 -0.0031115721984563247 -0.023399235224061746
leaf_weight=2639.2113262563944 1003.7996565923095 196.12122880667448 149.36323072016239 204.15183340758085 167.62037155777216 123.92925216257572 259.53650512546301 115.98514288663864 4320.6682149395347 160.81609062850475 164.72527629137039 131.77114002406597 2224.8704088330269 486.08614338934422
leaf_count=5707 2610 474 375 542 450 401 716 285 13508 447 252 323 6411 1100
internal_value=-0.000432076 -0.00636838 -0.00971789 -0.00658979 0.00042267 -0.017457 0.000920569 0.0157803 0.000368111 0.00519415 0.0198276 0.0352613 -0.00175757 -0.00675652
internal_weight=12348.7 1553.44 1357.31 1207.95 10795.2 291.55 10503.7 375.522 10128.1 3096.52 457.313 292.587 7031.62 2710.96
internal_count=33601 4001 3527 3152 29600 851 28749 1001 27748 6729 1022 770 21019 7511
is_linear=0
shrinkage=0.05


Tree=129
num_leaves=15
num_cat=0
split_feature=82 82 32 58 38 20 56 28 77 63 26 46 21 4
split_gain=50.2812 50.4687 45.5482 41.3133 37.3926 40.4824 52.4221 53.9351 82.5424 39.5029 34.7287 34.4102 36.6556 28.1566
threshold=14.345000000000001 11.565000000000003 1.0000000180025095e-35 22.878676470588239 3.5000000000000004 4.5227272727272743 4.8628101808391939 10.171720588235296 0.59821071970604689 1.0000000180025095e-35 14.500000000000002 61.181985294117659 12.504545454545456 3.8765938047938597
decision_type=10 10 10 2 8 8 2 8 8 2 2 2 8 10
left_child=1 2 4 -3 5 -1 7 9 -9 10 -7 12 -6 -13
right_child=-2 3 -4 -5 11 6 -8 8 -10 -11 -12 13 -14 -15
leaf_value=-0.00039954444661757484 0.026855265283485519 -0.037354813015237846 0.028017130235345578 1.796853855732775e-05 0.025007694928130743 0.014173909755046073 -0.021523954344122451 0.0074573076611897512 0.056730426608088094 0.024029905454270334 -0.012384996534377269 -0.0092150049928628412 -0.0054366864989078383 -0.034610767992507854
leaf_weight=8820.651651032269 168.66652324795723 166.08704496920109 141.9081978648901 132.65349531173706 145.00893686711788 199.7419099137187 121.6107072532177 192.69678285717964 151.5751500800252 199.4226940497756 317.22164306044579 1072.5013382062316 305.44464530050755 120.76369462907314
leaf_count=24787 461 367 349 314 308 573 254 485 487 480 743 2747 663 357
internal_value=-0.000174878 -0.000554248 -3.90864e-05 -0.020815 -0.000383313 0.000765366 0.0094495 0.0130177 0.0292526 0.00518586 -0.00211574 -0.00736986 0.00439758 -0.011812
internal_weight=12256 12087.3 11788.5 298.741 11646.6 10002.9 1182.27 1060.66 344.272 716.386 516.964 1643.72 450.454 1193.27
internal_count=33375 32914 32233 681 31884 27809 3022 2768 972 1796 1316 4075 971 3104
is_linear=0
shrinkage=0.05


Tree=130
num_leaves=15
num_cat=0
split_feature=69 6 13 81 54 21 28 3 58 43 3 39 81 80
split_gain=28.2247 81.4145 45.1122 40.1721 32.8144 37.4943 29.4074 35.2806 68.0064 60.0522 42.3501 56.2088 51.98 37.8264
threshold=0.27000541491143309 4.7873175123584994 0.021952857529710001 3.6850000000000005 29.035714285714288 9.3371212121212146 15.633066666666668 12.331111111111113 19.483455882352946 63.033333333333339 10.252272727272729 27.325119780971942 8.2050000000000018 9.5550000000000015
decision_type=2 10 10 10 8 10 10 10 2 10 10 2 10 10
left_child=2 3 6 4 5 -2 7 10 -9 -10 12 13 -1 -12
right_child=1 -3 -4 -5 -6 -7 -8 8 9 -11 11 -13 -14 -15
leaf_value=-0.00031353435610490194 -0.0069890187452505336 0.040504499587307022 -0.028280262631897347 -0.023110217132160885 0.029623626536480124 0.024996047560271899 -0.018244041067198274 0.050061366810059342 0.029113436621311217 -0.017480352995085057 0.020946924742979114 -0.037180978731226985 0.021885892091025989 -0.018864971370936758
leaf_weight=9992.2020352929831 361.98655403405428 163.00043685734272 143.7439810782671 133.93533103168011 126.27629233151674 121.5629758015275 220.08349254727364 100.97191029042006 119.48927675932646 161.3218716904521 112.1034726575017 177.69545488059521 269.83613803982735 125.27595226466656
leaf_count=27435 878 389 305 330 347 342 555 306 332 576 343 499 615 328
internal_value=0.000130329 0.00861617 -0.000543991 0.00158262 0.00703483 0.00108693 -0.000188033 0.000172918 0.0150876 0.00237895 -0.000361751 -0.0159998 0.000272266 -5.46284e-05
internal_weight=12329.5 906.762 11422.7 743.761 609.826 483.55 11279 11058.9 381.783 280.811 10677.1 415.075 10262 237.379
internal_count=33580 2286 31294 1897 1567 1220 30989 30434 1214 908 29220 1170 28050 671
is_linear=0
shrinkage=0.05


Tree=131
num_leaves=15
num_cat=0
split_feature=79 6 41 6 58 51 48 57 45 20 6 44 82 10
split_gain=34.7937 55.0723 50.5635 46.4858 94.6471 104.794 97.8451 146.344 94.0723 103.083 76.269 69.3718 47.6211 52.4647
threshold=-0.3687485228534606 3.9843294197863717 126.00000000000001 5.7297420753307389 26.156250000000004 3.6044748969197191 19.545955882352946 237.28125000000003 25.679487179487186 1.788888888888889 6.8386280243029534 0.59027860083663808 11.865 0.19107207679926733
decision_type=8 10 10 10 2 10 2 2 10 10 10 10 10 10
left_child=1 2 -1 12 5 -5 -7 8 9 -8 -6 -9 13 -2
right_child=3 -3 -4 4 10 6 7 11 -10 -11 -12 -13 -14 -15
leaf_value=-0.010158221195929006 -5.7838466830823338e-05 -0.028335370830182643 0.018811967922257991 0.064312801263500419 0.018589724047843998 -0.021399282189102548 0.023419782078850985 -0.022699104840363315 0.0089405874958172812 0.086229727354763697 -0.030901216517234903 0.023609071513316818 -0.027505544021976309 0.02477977669879744
leaf_weight=498.63384795188904 9608.2684965506196 258.32635486125946 214.62033969163895 105.33045749366283 120.47598901391029 177.81415359675884 121.71395196765661 208.12325600534678 160.52910570055246 142.54935589432716 216.29188228398561 130.90093937516212 153.26684983074665 216.42282635718584
leaf_count=699 26895 369 303 392 378 520 321 714 470 373 610 560 349 587
internal_value=0.000473515 -0.00860315 -0.00142687 0.00125038 0.00983514 0.0172481 0.0119209 0.0196955 0.0392123 0.0574982 -0.0131936 -0.00480216 5.89951e-05 0.000491762
internal_weight=12333.3 971.581 713.254 11361.7 1383.73 1046.96 941.631 763.817 424.792 264.263 336.768 339.024 9977.96 9824.69
internal_count=33540 1371 1002 32169 4338 3350 2958 2438 1164 694 988 1274 27831 27482
is_linear=0
shrinkage=0.05


Tree=132
num_leaves=15
num_cat=0
split_feature=52 81 31 45 58 5 17 58 81 52 41 31 39 39
split_gain=32.7857 49.1134 113.46 36.0984 25.2945 33.0714 30.7231 27.9182 77.1473 63.2561 26.775 56.1473 32.5221 46.65
threshold=303.23376623376629 4.1650000000000009 0.72383333333333344 11.375000000000002 29.545955882352946 8.8166666666666682 1.5166666666666668 28.123161764705888 10.595000000000001 256.0384615384616 22.000000000000004 0.76562500000000011 22.098562628336762 22.778918548939085
decision_type=8 10 8 8 2 8 10 2 8 10 8 8 2 2
left_child=3 -2 -3 -1 7 6 -6 10 9 -9 11 -5 -12 -14
right_child=1 2 -4 4 5 -7 -8 8 -10 -11 12 -13 13 -15
leaf_value=0.022715769179034298 0.0025443319140795598 0.058430724320687168 -0.0086181096044608378 -0.03088969973239767 -0.0097078332365626713 0.011348644719765785 -0.037563707775522939 0.03553298684690382 -0.014369369593062831 -0.00210403995841891 -0.026412178788664906 0.0079760296971441522 0.016789077071387475 -0.0016928796524877155
leaf_weight=151.96504275500774 1481.9825806394219 130.99264039099216 120.44747345149517 223.4848021492362 376.46490782499313 127.20963422954082 133.85991858690977 276.53384071588516 242.2937416061759 186.58547201752663 126.02344959229231 157.9849234521389 355.221410125494 8220.3621935546398
leaf_count=456 4662 392 345 624 988 341 346 501 687 478 409 356 942 22046
internal_value=-0.000353211 0.0060187 0.0264054 -0.00139785 -0.00175147 -0.0113936 -0.0170737 -0.00112236 0.00845248 0.0203976 -0.00186682 -0.0148148 -0.00129756 -0.000925444
internal_weight=12311.4 1733.42 251.44 10578 10426 637.534 510.325 9788.49 705.413 463.119 9083.08 381.47 8701.61 8575.58
internal_count=33573 5399 737 28174 27718 1675 1334 26043 1666 979 24377 980 23397 22988
is_linear=0
shrinkage=0.05


Tree=133
num_leaves=15
num_cat=0
split_feature=82 10 12 41 24 76 30 79 66 39 73 33 75 59
split_gain=39.5996 65.0512 41.3334 26.8843 78.0159 232.939 83.6631 67.9226 66.6636 63.9196 55.1771 65.402 58.5783 184.105
threshold=14.345000000000001 0.24456110913344684 0.023675058471073655 80.500000000000014 0.13949999999999954 0.81481060606060618 0.0024274132730015088 1.5901671335972367 5.5000000000000009 32.77481177275839 17.500000000000004 0.3874999999999999 8.7650000000000023 0.75000000000000011
decision_type=10 10 10 8 8 8 10 8 2 2 2 8 10 2
left_child=1 2 3 4 5 -1 -7 8 -6 10 12 -12 -5 -14
right_child=-2 -3 -4 9 7 6 -8 -9 -10 -11 11 -13 13 -15
leaf_value=0.076187886460318571 0.024559161071675426 -0.036452760057851474 0.029809923179174504 -0.0034347292888110164 0.029934868966916845 -0.00075526595114194664 0.047133409235032453 0.031804583493329229 -0.0066220342384516019 0.027247129404963089 0.036278999391821623 -0.0015878956291372317 -0.017064337039420237 0.047993685520055548
leaf_weight=138.4742836356163 169.71208357810974 118.15803856402636 119.49870327115059 8049.3198565915227 134.12769991159439 656.7502583861351 104.90500405430794 143.96331713348627 1617.8956984877586 195.87921290844679 204.63446450233459 255.78658106923103 217.13997961580753 216.06167116761208
leaf_count=267 460 351 272 22596 287 1888 309 1145 3642 582 378 494 537 521
internal_value=0.000644771 0.000309363 0.000672701 0.000378491 0.00466777 0.0167802 0.00589373 -0.00108849 -0.00380791 -0.000934224 -0.00155446 0.0152842 -0.00247014 0.0154195
internal_weight=12342.3 12172.6 12054.4 11934.9 2796.12 900.13 761.655 1895.99 1752.02 9138.82 8942.94 460.421 8482.52 433.202
internal_count=33729 33269 32918 32646 7538 2464 2197 5074 3929 25108 24526 872 23654 1058
is_linear=0
shrinkage=0.05


Tree=134
num_leaves=15
num_cat=0
split_feature=57 58 7 50 29 29 46 79 20 53 77 83 8 46
split_gain=38.6598 31.9279 34.8223 28.8569 78.8606 76.5393 43.1446 82.6706 64.1046 42.4082 46.1496 153.969 82.3748 97.6684
threshold=176.21323529411768 14.750000000000002 17.044769230769234 10.887386363636365 0.23304866928920245 0.23304866928920245 65.93933823529413 -1.0000000180025095e-35 -1.5499866902234324e-17 4.1125000000000007 0.42997231691801135 8.0907188215689061 4.1338286826006225 62.906250000000007
decision_type=2 2 10 10 10 10 2 8 8 10 10 2 8 2
left_child=-1 -2 3 5 9 6 -3 -8 -9 10 -5 12 -12 -14
right_child=1 2 -4 4 -6 -7 7 8 -10 -11 11 -13 13 -15
leaf_value=-0.027171545707283667 0.020429337511541367 -0.0034111589587694662 -0.026284074894070066 0.00010712471999904555 0.041465377362043622 -0.041538019795781103 0.04657843068835419 0.039254111164208884 -0.0048616700099765936 -0.019743871385007598 0.00015016327589270964 -0.0052911965515939343 0.057573902020583136 0.014455241151045232
leaf_weight=127.5 194.72698986530304 4339.2859888076782 123.0389501079917 4807.6515715569258 126.50459036976099 121.27030047029257 124.74828732013702 96.767040446400642 521.14297921210527 220.49973398447037 212.36343294382095 788.48675180971622 275.15581466257572 252.11033836007118
leaf_count=240 504 11094 337 14078 331 322 230 364 1891 562 627 1704 617 756
internal_value=0.000110335 0.000397568 7.10778e-05 0.000346084 0.0025198 -0.00244568 -0.00150483 0.00962328 0.00209929 0.00176212 0.00251358 0.0100796 0.0264507 0.0370233
internal_weight=12331.3 12203.8 12009 11886 6682.77 5203.21 5081.94 742.658 617.91 6556.27 6335.77 1528.12 739.63 527.266
internal_count=33657 33417 32913 32576 18675 13901 13579 2485 2255 18344 17782 3704 2000 1373
is_linear=0
shrinkage=0.05


Tree=135
num_leaves=15
num_cat=0
split_feature=75 41 48 41 24 32 10 3 36 6 55 10 53 26
split_gain=32.2425 72.1174 203.499 54.0442 54.3737 44.5981 32.9859 56.381 37.2545 32.4604 83.9041 58.9949 50.3477 52.2144
threshold=10.935 19.500000000000004 21.303308823529417 85.500000000000014 -2.8559999999999999 1.0000000180025095e-35 0.20953675132743263 12.008333333333335 0.68924867022320269 6.3598391959517491 11.699448529411766 0.1764835858585859 1.9128787878787883 15.500000000000002
decision_type=10 8 2 10 10 10 10 10 10 10 2 10 10 2
left_child=1 2 -1 4 -2 6 7 9 -8 11 -11 -3 -12 -14
right_child=3 5 -4 -5 -6 -7 8 -9 -10 10 12 -13 13 -15
leaf_value=0.073179377565136955 -0.038643099023410371 -9.0698050958830056e-05 -0.015918590721621755 0.010956808134680409 -0.003925205872381112 0.027654651754884841 -0.048634801100364083 0.031797185158087736 0.0019736752162466519 -0.036075996906451212 0.028984934499866635 0.026542164028548993 -0.032833654689562952 0.010775046825599214
leaf_weight=122.72498650848866 210.80521848797798 10194.244489178061 132.34909545630217 201.04070089757442 241.75603471696377 145.43800948560238 73.011859320104122 138.34390757977962 71.340676985681057 219.49662164598703 122.01480986177921 211.26004972308874 127.15426257252693 147.02918164432049
leaf_count=256 508 27575 410 519 579 342 302 435 309 668 390 535 431 392
internal_value=0.000221574 0.000825464 0.0270679 -0.0105774 -0.0201465 0.000238509 -0.000116648 0.000191575 -0.023782 -0.000208004 -0.0113538 0.00045252 0.00239886 -0.00949458
internal_weight=12358 11704.4 255.074 653.602 452.561 11449.3 11303.9 11159.5 144.353 11021.2 615.695 10405.5 396.198 274.183
internal_count=33651 32045 666 1606 1087 31379 31037 30426 611 29991 1881 28110 1213 823
is_linear=0
shrinkage=0.05


Tree=136
num_leaves=15
num_cat=0
split_feature=82 10 7 58 77 55 56 76 3 8 30 11 14 21
split_gain=27.7903 64.3969 42.2781 151.196 31.594 23.451 120.996 181.442 75.4956 102.663 71.2558 62.8401 61.0237 59.1587
threshold=14.345000000000001 0.24456110913344684 12.564606060606062 19.878676470588239 0.70322196162866712 13.824852941176472 4.9872965352245062 1.2613088424667336 8.8839743589743616 9.6453341260294874 0.0035794439952654966 0.14348025317762536 0.84041666666666681 9.2535714285714317
decision_type=10 10 10 2 10 2 2 8 10 10 10 10 10 10
left_child=1 2 5 -4 -5 8 10 -8 9 11 13 -1 -10 -7
right_child=-2 -3 3 4 -6 6 7 -9 12 -11 -12 -13 -14 -15
leaf_value=-0.00093600869514325665 0.019778365997098268 -0.037915344896066787 0.069222753169208839 -0.024786014230048899 0.01088595901147292 -0.004196214834126309 0.083765013468444907 0.00013828498403168003 -0.010971275870500632 0.03181881503501699 -0.03413044094643361 -0.027767617912822257 -0.049676501189089221 0.0112525798137878
leaf_weight=7531.3536407798529 168.30579574406147 113.64871864020824 97.955301232635975 103.21346542984247 152.55594094097614 1595.1466985046864 110.66821938753128 154.7506690621376 568.49577405303717 234.1803018450737 144.67367448657751 223.72902905195951 123.32868590205908 1011.9808273687959
leaf_count=19859 458 333 299 490 350 4616 274 422 1459 579 341 491 333 3339
internal_value=-0.000339451 -0.000619373 -0.000264562 0.0167412 -0.00354962 -0.000780157 0.00301648 0.0351906 -0.00209992 -0.000726807 -9.84574e-05 -0.00171356 -0.0179328 0.00180239
internal_weight=12334 12165.7 12052 353.725 255.769 11698.3 3017.22 265.419 8681.09 7989.26 2751.8 7755.08 691.824 2607.13
internal_count=33643 33185 32852 1139 840 31713 8992 696 22721 20929 8296 20350 1792 7955
is_linear=0
shrinkage=0.05


Tree=137
num_leaves=15
num_cat=0
split_feature=9 13 57 30 77 43 51 45 77 58 76 51 44 27
split_gain=31.5153 29.5019 88.6183 30.047 37.5175 66.5237 82.2196 94.0103 93.3773 97.7967 101.825 108.155 113.991 76.516
threshold=18.054666666666673 0.011951834180980067 237.39338235294119 0.0073447323957069096 0.42343232016033655 60.160256410256416 3.6314576764491879 22.345238095238098 0.78620935420063931 20.788602941176475 1.2128985937809471 4.0739374060407281 0.57984037778558339 7.6998161764705895
decision_type=10 10 2 10 10 8 8 10 10 2 8 10 10 10
left_child=1 3 -3 4 -1 -6 7 -7 9 13 11 -11 -13 -8
right_child=-2 2 -4 -5 5 6 8 -9 -10 10 -12 12 -14 -15
leaf_value=-0.00038823660425718295 0.026754743630409247 0.013149486927058186 -0.04052484540767308 -0.019155921881739795 -0.0071167219964787505 0.0071743725664935275 0.013930555554280744 0.068859723816841328 -0.0056991514882692058 0.01185749357511752 0.0029705693653693539 0.092826723802115707 0.027457660970747449 -0.029501134812433872
leaf_weight=8815.0010976344347 114.69351176917553 147.29244543612003 159.06097869575024 182.3465634137392 715.43149913847446 125.74189580976963 266.14021430909634 120.89530539512634 835.27105292677879 178.31469838321209 263.31060372292995 141.77490440011024 127.35307434201241 162.47046101093292
leaf_count=25219 318 296 397 445 1539 292 630 325 2089 400 700 332 333 351
internal_value=0.000781001 0.000535459 -0.0147598 0.000929301 0.00124256 0.00613612 0.0104059 0.0375669 0.00699613 0.0162999 0.0276626 0.0421544 0.0621098 -0.00256314
internal_weight=12355.1 12240.4 306.353 11934.1 11751.7 2936.7 2221.27 246.637 1974.64 1139.36 710.753 447.443 269.128 428.611
internal_count=33666 33348 693 32655 32210 6991 5452 617 4835 2746 1765 1065 665 981
is_linear=0
shrinkage=0.05


Tree=138
num_leaves=15
num_cat=0
split_feature=57 39 7 12 3 17 39 57 66 10 10 29 58 75
split_gain=40.8146 126.714 91.9216 76.5079 107.172 71.1681 68.7021 64.798 63.1205 208.012 70.9453 83.3907 81.6184 86.8419
threshold=237.03125000000003 32.907597535934293 12.564606060606062 0.0072328140742462998 9.0261363636363665 5.3205128205128212 33.935660506502401 213.63602941176472 5.5000000000000009 0.072073605596133669 0.16024645003128465 0.18515791026128356 21.941176470588239 11.980000000000002
decision_type=2 2 10 10 10 10 2 2 2 10 10 10 2 10
left_child=1 2 3 4 -1 -4 8 -6 9 -2 11 -10 -12 -14
right_child=6 -3 5 -5 7 -7 -8 -9 10 -11 12 -13 13 -15
leaf_value=0.0010261154339797484 -0.0054187429512915714 0.039918151843726303 0.058455487361826181 0.036745694857008716 -0.0056864480465794705 0.006626800606891789 -0.031804419929573939 -0.051556972559884777 -0.0023186958904346487 0.06747965092647748 -0.048653162959478885 0.03550485657980338 -0.020740021690919458 0.027973402820635859
leaf_weight=4905.8665868341923 335.78450309485197 223.80709605664015 120.76666785031557 138.52073550969362 149.68828832358122 145.87421066313982 194.99415764212608 158.13293922692537 5028.9698264524341 137.02915592491627 168.08118182420731 149.07348641008139 353.72166634351015 122.3392596244812
leaf_count=11427 944 529 325 292 348 354 612 374 15576 408 531 414 1080 333
internal_value=7.73227e-05 0.00310861 0.00163558 0.000205578 -0.000772104 0.0302317 -0.00265167 -0.0293416 -0.00174372 0.0158062 -0.00317141 -0.00122313 -0.0188068 -0.00818913
internal_weight=12332.6 5842.66 5618.85 5352.21 5213.69 266.641 6489.99 307.821 6295 472.814 5822.19 5178.04 644.142 476.061
internal_count=33547 13649 13120 12441 12149 679 19898 722 19286 1352 17934 15990 1944 1413
is_linear=0
shrinkage=0.05


Tree=139
num_leaves=15
num_cat=0
split_feature=45 6 7 51 38 21 76 27 56 58 58 47 36 80
split_gain=33.1819 40.4751 57.4632 86.5755 110.677 100.127 114.712 77.4332 59.1586 50.0952 49.3033 47.9655 44.3419 63.8718
threshold=29.183333333333337 8.1184229939094035 9.5466000000000015 4.8618520928215139 1.5000000000000002 9.6715686274509824 0.99747617474995287 13.433333333333335 4.3205336084905666 24.63602941176471 20.485294117647062 0.65886529862576404 0.73267684813085787 8.7050000000000018
decision_type=10 10 10 8 10 10 10 8 2 2 2 2 10 10
left_child=1 2 11 4 5 6 -4 8 -7 10 -3 12 13 -1
right_child=-2 9 3 -5 -6 7 -8 -9 -10 -11 -12 -13 -14 -15
leaf_value=0.0010735057889324951 -0.0075033144680562124 -0.022278938558981914 0.023294230010104635 -0.018452863436602872 -0.027208235605841652 0.016513924189669231 0.088123167411888012 0.044964606032231909 -0.028395749744733779 -0.038217085165190956 0.021499128734988972 -0.021327651724475268 -0.015008556922632072 0.030394401367134352
leaf_weight=8785.6587906554341 1288.4406137168407 133.51045478880405 166.28675813227892 178.38258748501539 107.2348757237196 176.99392416328192 115.95283351838589 122.9320482686162 123.71065637469292 143.13077795505524 122.24029215425253 246.90616342425346 414.80063789337873 188.74995645880699
leaf_count=23756 3653 363 463 439 349 591 251 357 354 426 385 756 1016 402
internal_value=8.60887e-05 0.000973507 0.00156096 0.0130165 0.0199345 0.0271246 0.0501451 0.0117057 -0.00199491 -0.014643 -0.00135225 0.000381031 0.000954111 0.0016935
internal_weight=12314.9 11026.5 10627.6 991.494 813.111 705.876 282.24 423.637 300.705 398.882 255.751 9636.12 9389.21 8974.41
internal_count=33561 29908 28734 2804 2365 2016 714 1302 945 1174 748 25930 25174 24158
is_linear=0
shrinkage=0.05


Tree=140
num_leaves=15
num_cat=0
split_feature=52 45 22 44 27 57 5 6 58 27 15 11 14 28
split_gain=31.845 45.6395 77.6633 28.2607 125.464 70.7667 55.3489 30.7421 53.5822 107.303 61.5383 52.5995 44.6338 52.4988
threshold=303.23376623376629 24.788888888888895 0.68457101658255237 0.6659126924838531 8.2675000000000018 239.03125000000003 1.6583333333333334 6.7794890821109783 24.93933823529412 9.1000000000000014 0.85536845312927856 0.2366597094466357 0.66522727272727289 11.262223776223779
decision_type=8 10 8 10 8 2 10 8 2 10 10 10 8 10
left_child=3 -2 -3 7 6 -6 -5 11 10 -10 12 -1 -9 -14
right_child=1 2 -4 4 5 -7 -8 8 9 -11 -12 -13 13 -15
leaf_value=-0.0010457755548119708 0.0026494458143274786 0.065686983593548881 0.0054143816866273941 0.010899100606597399 0.072368853534468536 0.011871107688308947 -0.027901205421375138 0.0035422988169109245 -0.0079411189623401334 -0.053738997916335844 0.026157734684277768 0.031487282011439709 -0.0075091156058374482 -0.041606559547512564
leaf_weight=7538.6015323549509 1501.3816007450223 80.806916572153568 154.75143455713987 190.90105824172497 95.476417973637581 97.820097669959068 175.5496249422431 717.17268600314856 569.87181389331818 164.08784281462431 172.73381618410349 125.32485658675432 596.23838756978512 138.45354557037354
leaf_count=19901 4392 354 622 570 282 385 564 1850 1446 435 519 320 1613 345
internal_value=-0.000405234 0.00586754 0.0262808 -0.00143529 0.0094884 0.0419719 -0.00771368 -0.00204625 -0.00703668 -0.0182391 -0.00196755 -0.000509738 -0.00532942 -0.0139826
internal_weight=12319.2 1736.94 235.558 10582.2 559.747 193.297 366.451 10022.5 2358.56 733.96 1624.6 7663.93 1451.86 734.692
internal_count=33598 5368 976 28230 1801 667 1134 26429 6208 1881 4327 20221 3808 1958
is_linear=0
shrinkage=0.05


Tree=141
num_leaves=15
num_cat=0
split_feature=24 53 25 12 39 43 31 51 14 10 47 47 81 38
split_gain=25.6659 51.4629 35.3118 26.4942 22.5825 63.5614 98.8222 49.2203 50.0457 59.4033 51.8064 77.8194 65.3916 48.9309
threshold=5.2407272727272733 2.9309523809523812 0.12999999999999998 0.024233398955312197 25.164955509924713 60.160256410256416 0.83573529411764713 4.0298148148148156 0.50087121212121222 0.084606934570031392 0.55455046698240895 0.59638498425106945 5.0850000000000009 3.5000000000000004
decision_type=10 10 10 10 2 8 10 8 10 10 2 2 10 8
left_child=3 2 -2 4 5 -1 -7 8 9 -6 12 -12 -10 -9
right_child=1 -3 -4 -5 7 6 -8 13 10 -11 11 -13 -14 -15
leaf_value=-0.0075733394941569559 -0.036170417008642035 0.017157701197707279 -0.0032943802174998042 0.024291628553230235 -0.0048330546355859786 0.005054786138468978 0.054604023962566486 0.0031517637833983398 -0.021537034995417148 0.033342235141237492 -0.041479763968870709 -0.0048662492971478762 0.02868089576356769 -0.010407280657656774
leaf_weight=1037.4559046551585 186.14484518021345 112.86973368376493 145.31803441047668 113.26417806744576 1385.5362547710538 2931.8495492935181 103.22367507219315 4530.9938098713756 141.00642750412226 108.98943484574556 330.01177777349949 258.95879533886909 118.27543994784355 778.88150828331709
leaf_count=2541 495 311 436 278 3940 8914 194 11927 436 258 871 905 255 1726
internal_value=-0.000111506 -0.0118954 -0.0218104 0.000331745 9.82426e-05 0.00310575 0.0067574 -0.00150247 -0.0075377 -0.00202866 -0.0172302 -0.0254171 0.00139283 0.00116126
internal_weight=12282.8 444.333 331.463 11838.4 11725.2 4072.53 3035.07 7652.65 2342.78 1494.53 848.252 588.971 259.282 5309.88
internal_count=33487 1242 931 32245 31967 11649 9108 20318 6665 4198 2467 1776 691 13653
is_linear=0
shrinkage=0.05


Tree=142
num_leaves=15
num_cat=0
split_feature=57 52 17 52 11 43 69 57 39 41 24 11 11 21
split_gain=26.3011 25.8319 52.2426 108.235 104.09 87.1628 128.866 88.6509 54.8057 63.8927 87.3057 52.0957 67.7159 37.8037
threshold=176.21323529411768 232.39743589743594 3.379807692307693 193.26785714285717 0.14348025317762536 61.207142857142863 0.066343610093610103 232.3602941176471 32.77481177275839 81.500000000000014 -1.1865714285714282 0.048557380281868304 0.11509620761073855 10.540064102564104
decision_type=2 8 10 10 10 10 2 2 2 8 8 8 10 8
left_child=-1 2 4 -4 8 -5 7 -7 9 10 -2 -11 13 -13
right_child=1 -3 3 5 -6 6 -8 -9 -10 11 -12 12 -14 -15
leaf_value=-0.023418914464799816 0.049157003845834428 -0.0021981919681213855 -0.018401849901826469 0.06083999181606331 -0.035505685009343251 0.061354717318846258 -0.024167257449631333 0.004472731279991698 0.033786981783188737 0.0029908368075907753 0.0054802467570626116 -0.024531346816454479 0.023015629752091343 -0.005500670505771417
leaf_weight=123.5 144.98554241657257 7311.4295585155487 183.24999993294477 133.82576715946198 192.2671844214201 143.98895438760519 141.27344776690006 130.15635276585817 130.71524924039841 1947.5800066962838 530.56011948734522 499.84019036591053 134.11382208019495 546.40253565460443
leaf_count=236 334 22158 397 260 392 301 326 334 323 4537 1181 1098 322 1359
internal_value=-0.000554359 -0.000320434 0.00250496 0.0148008 0.000319256 0.0258918 0.0145143 0.0344632 0.00207863 0.000980302 0.014913 -0.00203256 -0.0103166 -0.0146073
internal_weight=12293.9 12170.4 4858.96 732.495 4126.46 549.245 415.419 274.145 3934.2 3803.48 675.546 3127.94 1180.36 1046.24
internal_count=33558 33322 11164 1618 9546 1221 961 635 9154 8831 1515 7316 2779 2457
is_linear=0
shrinkage=0.05


Tree=143
num_leaves=15
num_cat=0
split_feature=20 82 56 20 33 12 43 41 55 26 4 31 56 10
split_gain=38.5198 104.991 61.1917 57.8301 87.7831 26.7748 53.7651 43.8771 139.306 40.0656 30.2147 33.4911 61.5714 36.6711
threshold=3.1010101010101017 11.275 4.2267423408937042 2.8166666666666669 1.0787878787878789 0.0043668954996186121 61.033333333333339 19.500000000000004 12.572242647058825 15.500000000000002 13.74840434770058 0.84041666666666681 4.2615670915636867 0.19801482857111544
decision_type=10 8 2 10 10 10 10 8 2 2 10 10 2 10
left_child=3 -2 -3 5 -5 7 -7 8 -1 -8 11 13 -13 -9
right_child=1 2 -4 4 -6 6 9 10 -10 -11 -12 12 -14 -15
leaf_value=-0.01122857741382019 0.0091205473304502901 -0.064444968150939849 -0.014193444317040447 -0.0024538462554476231 0.052590763249422856 0.012775511203916127 -0.036133178906257044 0.00044862799766113865 0.060229953548550257 -0.00073952144336008707 0.025745977630928635 -0.03730263057252034 0.0046186304682418909 -0.023464751503238037
leaf_weight=155.64566753059626 246.66134631633759 110.39275249838829 134.43374385684729 160.68423039466143 130.74829212576151 154.99908626079559 209.73102609813213 10194.741905204952 120.04261154681444 128.9144740998745 110.28975105285645 168.4667542129755 180.88437190651894 161.87885508686304
leaf_count=375 570 365 407 443 432 376 547 27737 321 331 356 529 472 432
internal_value=-0.00019081 -0.0138931 -0.0370219 0.00037733 0.0223368 -0.000176934 -0.0115588 0.000330609 0.0199917 -0.0227015 -0.000172322 -0.000441704 -0.0156457 7.26213e-05
internal_weight=12368.5 491.488 244.826 11877 291.433 11585.6 493.645 11091.9 275.688 338.646 10816.3 10706 349.351 10356.6
internal_count=33693 1342 772 32351 875 31476 1254 30222 696 878 29526 29170 1001 28169
is_linear=0
shrinkage=0.05


Tree=144
num_leaves=15
num_cat=0
split_feature=29 82 48 66 41 57 73 8 29 25 43 80 67 80
split_gain=44.1106 42.791 35.3356 60.5643 76.2448 87.9008 64.281 62.904 62.863 62.6137 61.8554 70.9672 64.0356 54.9397
threshold=0.24890176508813364 13.725000000000003 19.363970588235297 6.5000000000000009 119.00000000000001 211.34191176470591 14.500000000000002 1.8856550177644664 0.10304525921088671 0.034999999999999955 59.759615384615394 9.3650000000000002 1.0000000180025095e-35 2.3150000000000004
decision_type=10 10 2 2 8 2 2 10 10 10 8 8 2 10
left_child=1 2 3 13 5 -5 8 -8 -6 10 -7 -12 -13 -1
right_child=-2 -3 -4 4 6 9 7 -9 -10 -11 11 12 -14 -15
leaf_value=-0.01056929365122895 -0.025393311833102769 0.02888530147173567 0.00090180019123138513 -0.024708436989682846 -0.011007004095918699 -0.0079760800076454259 -0.0082534361664053334 0.034056715138548674 -0.044112594896937446 -0.0084106442672203068 0.0486549809636442 -0.017495318829567005 0.038320753796234112 -0.053637312928835959
leaf_weight=210.16872622817755 176.51135916262865 123.41767410933971 9173.6867791712284 168.85386671125889 919.6676469668746 125.01625670492649 229.41639392077923 141.06792837381363 169.18365684896708 212.01621742546558 263.38305571675301 106.09513930976391 97.886720202863216 113.88905555009842
leaf_count=607 417 360 25311 365 2680 310 597 384 401 541 516 360 299 265
internal_value=-0.000650211 -0.000285805 -0.000589972 -0.00555288 -0.00284298 0.00799153 -0.0100692 0.00790515 -0.0161866 0.0148779 0.0232131 0.0315551 0.00934595 -0.0258239
internal_weight=12230.3 12053.7 11930.3 2756.64 2432.59 973.251 1459.34 370.484 1088.85 804.397 592.381 467.365 203.982 324.058
internal_count=33413 32996 32636 7325 6453 2391 4062 981 3081 2026 1485 1175 659 872
is_linear=0
shrinkage=0.05


Tree=145
num_leaves=15
num_cat=0
split_feature=9 20 3 17 56 50 56 79 36 73 33 21 36 75
split_gain=40.9724 32.0997 32.4776 104.921 84.3188 68.0831 127.056 60.0825 67.4723 43.9833 87.0602 143.194 49.4071 42.688
threshold=16.594666666666672 -8.1416355139178143e-16 9.8041666666666689 4.1483516483516496 4.2429188563284947 11.252692307692309 4.0234430333374052 -0.12367150973170606 0.81775094017254857 16.500000000000004 0.35828877005347598 8.146428571428574 0.47028885116940655 3.0050000000000003
decision_type=10 8 10 10 2 8 2 8 10 2 8 10 8 10
left_child=1 -1 3 9 5 -4 -7 -6 -9 -3 11 -11 13 -12
right_child=-2 2 4 -5 7 6 -8 8 -10 10 12 -13 -14 -15
leaf_value=0.02030091292614615 0.023258083247020379 -0.0011900322717548605 -0.014795161346165771 0.045438957799018215 -0.053816566938848634 -0.01165530916972881 0.059870949958091751 -0.0010977489114264453 -0.048407440761266594 -0.0011236053470684803 0.00025422604756777614 0.053902310475462345 0.02228192180645712 -0.028950552026254201
leaf_weight=191.5421611815691 192.17964798212051 9587.3693055212498 201.72173991799355 127.32662629336119 119.77729976177216 123.14548737555742 123.66422219574451 289.76198177039623 100.87905725836754 242.55226052552462 435.42212104052305 229.5942740291357 169.80413080006838 174.56777946650982
leaf_count=506 543 26502 573 292 187 445 318 919 290 531 1108 550 426 410
internal_value=0.000412585 4.83624e-05 -0.000278598 0.000493313 -0.00909756 0.00671257 0.02428 -0.0229767 -0.0134074 -3.87951e-05 0.0087713 0.0256916 -0.00149334 -0.00813734
internal_weight=12309.3 12117.1 11925.6 10966.6 958.95 448.531 246.81 510.418 390.641 10839.3 1251.94 472.147 779.794 609.99
internal_count=33600 33057 32551 29819 2732 1336 763 1396 1209 29527 3025 1081 1944 1518
is_linear=0
shrinkage=0.05


Tree=146
num_leaves=15
num_cat=0
split_feature=25 44 26 46 83 45 3 5 71 29 80 10 59 45
split_gain=28.4811 82.8541 138.004 61.4914 36.1621 33.9758 47.4974 39.7839 31.1489 62.9534 44.9767 56.1484 55.5413 37.303
threshold=0.11500000000000005 0.57519828048160759 16.500000000000004 61.939338235294123 4.5411587384409957 20.26136363636364 4.1207142857142864 7.9166666666666687 0.040946156652634617 0.16826146441213211 11.875000000000002 0.21612016058954667 0.75000000000000011 11.375000000000002
decision_type=10 10 2 2 2 10 10 10 2 10 10 10 2 8
left_child=8 2 3 -2 -5 6 -3 -7 10 -10 11 13 -12 -1
right_child=1 5 -4 4 -6 7 -8 -9 9 -11 12 -13 -14 -15
leaf_value=0.025151985539401001 0.031212516269554298 -0.0071605508345497408 0.060162456043033954 0.0088454254049084493 -0.024066656733713158 -0.0050134560491504054 0.032297512458882363 -0.040812566341127614 -0.0035812317540200541 -0.036495387328949885 0.041137580219077152 -0.031825462159386829 -0.0020264587262525816 8.2895969891657668e-05
leaf_weight=149.96235627681017 173.07809083163738 202.64809906482697 159.9573227763176 192.86849830299616 145.63289702683687 311.83727412670851 121.02697379887104 102.47975400090218 1466.5009373277426 160.29113168269396 149.47319102287292 135.31721139699221 147.48292519152164 8711.7181945368648
leaf_count=446 423 578 239 609 426 1023 331 307 4058 375 394 507 389 23465
internal_value=0.000399181 0.00708539 0.0197802 0.00706096 -0.00534347 -0.00447736 0.00764745 -0.0139452 -0.000464371 -0.00684476 0.000653054 2.01038e-05 0.0197654 0.000509919
internal_weight=12330.3 1409.53 671.537 511.579 338.501 737.992 323.675 414.317 10920.7 1626.79 9293.95 8997 296.956 8861.68
internal_count=33570 3936 1697 1458 1035 2239 909 1330 29634 4433 25201 24418 783 23911
is_linear=0
shrinkage=0.05


Tree=147
num_leaves=15
num_cat=0
split_feature=17 73 41 75 3 36 27 11 83 75 80 58 36 21
split_gain=35.8525 61.7931 46.5953 49.4858 40.1652 47.4107 147.227 72.1719 52.5929 39.5396 47.2118 43.3375 40.6458 57.8736
threshold=4.7596153846153859 12.500000000000002 68.500000000000014 12.420000000000002 12.510000000000002 0.89020634984148117 11.099095022624438 0.058829941261816655 7.6601563950028977 10.195000000000002 9.4800000000000022 24.63602941176471 0.74586834072091157 9.745370370370372
decision_type=10 2 10 8 10 8 8 10 2 10 10 2 10 8
left_child=4 2 3 -2 5 9 7 -7 -9 10 12 -11 -1 -14
right_child=1 -3 -4 -5 -6 6 -8 8 -10 11 -12 -13 13 -15
leaf_value=-0.00032486315248853867 -0.059805953095934221 0.0078421310684276702 0.00070116232901785503 -0.015156706820971717 0.026553940328458404 -0.021769300797710358 0.059596584682079949 0.040007964416761417 -0.0043116597978094477 -0.029386543857558185 0.025742290197566388 0.0063725478657119354 -0.038639784538177006 0.0028729146022722879
leaf_weight=10111.748806253076 123.3950572013855 228.99547388404608 117.83914683759212 125.6540707424283 140.15367911756039 208.08866090327501 132.95480119436979 130.38682806491852 136.10546422749758 243.64985229074955 168.0623421818018 129.14869596064091 167.90400270372629 166.68032513558865
leaf_count=27760 231 592 376 424 420 519 378 341 321 585 387 327 406 500
internal_value=-0.000564808 -0.0125188 -0.0252139 -0.0374295 4.32147e-05 -0.000279501 0.0133055 0.000238978 0.0174411 -0.00103183 -0.000468931 -0.0170146 -0.000893045 -0.0180124
internal_weight=12330.8 595.884 366.888 249.049 11734.9 11594.7 607.536 474.581 266.492 10987.2 10614.4 372.799 10446.3 334.584
internal_count=33567 1623 1031 655 31944 31524 1559 1181 662 29965 29053 912 28666 906
is_linear=0
shrinkage=0.05


Tree=148
num_leaves=15
num_cat=0
split_feature=31 24 25 58 46 50 41 41 35 82 73 48 46 56
split_gain=38.4008 37.636 51.1916 53.39 63.0016 48.3875 32.1529 43.6299 50.114 34.5868 63.0958 70.0049 72.2958 95.8364
threshold=0.91828571428571426 3.4906666666666677 0.04000000000000007 23.843750000000004 61.970588235294123 12.917424242424245 13.500000000000002 28.500000000000004 1.5000000000000002 4.3350000000000009 16.500000000000004 21.454044117647062 63.545955882352949 4.2861179473156517
decision_type=10 10 10 2 2 10 8 8 10 10 2 2 2 2
left_child=1 6 5 4 -4 -3 -1 8 -8 -9 11 -11 13 -13
right_child=-2 2 3 -5 -6 -7 7 9 -10 10 -12 12 -14 -15
leaf_value=0.019596466848713315 -0.027047047987628737 -0.0080176518939772384 0.0374048840823272 -0.023273618911341103 -0.0048033589772611901 -0.048843491947442835 -0.02538711474676042 0.00093319101245389392 0.0078121671045810904 -0.00055976515652521092 -0.016067116982759692 0.012468951407793969 0.0082486627299770948 0.057955339144025668
leaf_weight=255.06357263028622 119.48238898068666 169.52804190665483 137.88761119544506 167.10768313705921 242.72274983674288 126.5451031550765 303.14464963972569 8503.2684041038156 180.8920539394021 745.18508756160736 237.68499150872231 242.81247022747993 629.97267381846905 221.61312711238861
leaf_count=589 423 475 305 524 697 371 768 23879 555 1691 529 516 1654 502
internal_value=0.00104231 0.00132043 -0.00886026 0.000203954 0.0105458 -0.0255728 0.00208004 0.00167451 -0.0129895 0.00234652 0.00812875 0.011262 0.0193047 0.0342519
internal_weight=12282.9 12163.4 843.791 547.718 380.61 296.073 11319.6 11064.6 484.037 10580.5 2077.27 1839.58 1094.4 464.426
internal_count=33478 33055 2372 1526 1002 846 30683 30094 1323 28771 4892 4363 2672 1018
is_linear=0
shrinkage=0.05


Tree=149
num_leaves=15
num_cat=0
split_feature=82 75 59 24 46 43 4 14 15 29 15 83 80 58
split_gain=54.4085 51.0701 113.436 49.9531 124.783 32.9101 33.052 53.8501 49.3421 44.4498 40.9692 33.3566 61.5147 71.8992
threshold=14.345000000000001 11.095000000000001 1.0000000180025095e-35 -4.738888888888888 64.029411764705898 50.166666666666679 10.102586591405467 0.89809090909090927 0.6374830447707448 0.14270488446522758 0.84631158326511013 7.4896968351272593 7.7150000000000007 23.272058823529417
decision_type=10 10 2 8 2 8 10 10 10 10 10 2 8 2
left_child=1 3 -3 4 -1 -5 7 11 -8 -10 -11 -7 -13 -14
right_child=-2 2 -4 5 -6 6 8 -9 9 10 -12 12 13 -15
leaf_value=0.044512656250259054 0.028523396962167796 0.010316451252691634 -0.040528909402839243 0.022270536415076883 -0.022505202618961086 -0.00085844436937001177 0.03384230094695536 0.032866812502152884 -0.013215281219058002 0.029514771944289177 -0.010741267800547691 -0.036035802392733088 -0.016944011871766015 0.013574368585084932
leaf_weight=190.8135297074914 162.76190832257271 202.25239291787148 237.85143268108368 157.01161355525255 108.10844608396292 9511.796265207231 163.06616170704365 112.45628902316093 242.97578982263803 186.05182299762964 94.81278458237648 189.58259668946266 468.39067202061415 326.80837617814541
leaf_count=505 444 488 557 327 339 26014 431 363 740 501 392 378 1249 937
internal_value=-0.000105189 -0.000489686 -0.0171922 0.000137227 0.0202807 -0.000390242 -0.000707166 -0.00139572 0.00991386 0.00241489 0.0159355 -0.00176589 -0.010521 -0.00440037
internal_weight=12354.7 12192 440.104 11751.9 298.922 11453 11295.9 10609 686.907 523.84 280.865 10496.6 984.782 795.199
internal_count=33665 33221 1045 32176 844 31332 31005 28941 2064 1633 893 28578 2564 2186
is_linear=0
shrinkage=0.05


Tree=150
num_leaves=15
num_cat=0
split_feature=57 39 39 81 3 50 63 52 79 55 44 57 57 36
split_gain=30.4453 26.1328 58.1464 45.9888 80.2186 98.1302 117.894 60.4487 47.2437 57.9805 50.8693 98.9881 94.611 100.341
threshold=176.21323529411768 26.778918548939085 26.616016427104729 4.9350000000000014 5.1041666666666679 9.6839743589743623 1.0000000180025095e-35 189.83974358974362 -0.29002263178714976 15.008823529411766 0.5469068877551021 247.79227941176472 247.43750000000003 0.64989248019703749
decision_type=2 2 2 10 10 10 2 10 10 2 10 2 2 10
left_child=-1 2 3 4 -2 -6 -7 -5 -9 10 11 -10 13 -12
right_child=1 -3 -4 7 5 6 -8 8 9 -11 12 -13 -14 -15
leaf_value=-0.024207965068087037 0.0013600994615872311 -0.0025521806485044535 0.026027974098014391 -0.03795337087246594 -0.015990303699547907 0.018674979432260881 0.083964987408591665 -0.025995255706446688 -0.035328150388571122 -0.031683662980169107 0.0083327975020686448 0.022597127726648285 -0.009040421371420148 0.067679195964778935
leaf_weight=129 5011.0570451542735 5239.4176166430116 244.35925055295229 142.2151622325182 120.87184655666351 261.51947744935751 93.424085691571236 191.22767359018326 169.9442593306303 115.81390905380249 162.81405059993267 128.82246670126915 220.66726721823215 126.06459234654903
leaf_count=243 13837 14192 580 267 407 990 336 281 381 324 412 376 645 313
internal_value=-0.000138755 0.000117119 0.00211834 0.00124833 0.00322511 0.0228224 0.0360475 -0.00737221 -0.0034424 0.00124747 0.00599912 -0.0103598 0.0155925 0.0343753
internal_weight=12357.2 12228.2 6988.8 6744.44 5486.87 475.815 354.944 1257.57 1115.35 924.127 808.313 298.767 509.546 288.879
internal_count=33584 33341 19149 18569 15570 1733 1326 2999 2732 2451 2127 757 1370 725
is_linear=0
shrinkage=0.05


Tree=151
num_leaves=15
num_cat=0
split_feature=24 24 48 48 29 57 29 39 6 7 7 57 56 36
split_gain=43.6967 56.2325 32.3612 42.7417 48.8152 38.5855 107.279 56.8373 54.9319 52.7807 38.227 42.0601 48.9762 58.8401
threshold=-6.2515999999999989 -4.5111818181818171 18.781250000000004 18.264705882352946 0.07966413314651169 268.50000000000006 0.15612198296547505 24.058863791923343 5.2997762363196079 2.6553500000000003 6.2557500000000008 233.03125000000003 4.3070916343982883 0.065694113315108091
decision_type=8 8 2 2 10 2 8 2 10 10 10 2 2 10
left_child=-1 -2 3 5 -5 7 -7 9 10 -3 11 12 13 -9
right_child=1 2 -4 4 -6 6 -8 8 -10 -11 -12 -13 -14 -15
leaf_value=-0.02618717453935035 0.02566009164458051 -0.0055742542780787526 0.0011349171676831847 -0.0068587823447972974 -0.047351877335237276 -0.0045890782269137134 0.053815511149916839 -0.00076909933121154005 -0.032338038290829173 -0.042730660345063939 0.027765875411750136 -0.012528773135841487 -0.0072076774316410927 0.046438987932883591
leaf_weight=156.41534362733364 214.16179613023996 204.4785302951932 9647.6572268456221 191.84910153597593 121.03207029402256 291.92802286148071 106.53861496597528 126.81639087200165 123.03986378014088 179.03125225752592 133.22165230661631 417.55385626852512 245.20580789446831 136.57706449180841
leaf_count=421 600 492 26409 543 327 982 382 273 291 398 358 1135 601 330
internal_value=-1.29725e-05 0.000326418 -0.000130667 -0.00549046 -0.0226237 -0.00275141 0.0111223 -0.00628656 -0.000855428 -0.0229857 0.00282813 -0.000785094 0.00886199 0.0237927
internal_weight=12295.5 12139.1 11924.9 2277.27 312.881 1964.39 398.467 1565.92 1182.41 383.51 1059.37 926.153 508.599 263.393
internal_count=33542 33121 32521 6112 870 5242 1364 3878 2988 890 2697 2339 1204 603
is_linear=0
shrinkage=0.05


Tree=152
num_leaves=15
num_cat=0
split_feature=24 41 33 48 58 73 58 41 11 44 50 30 41 54
split_gain=28.0202 50.9774 43.8709 40.976 40.128 44.9625 37.263 32.4569 32.4029 60.8535 44.9864 58.9947 66.1325 66.8901
threshold=3.4906666666666677 13.500000000000002 2.1291666666666669 20.454044117647062 24.281250000000004 13.500000000000002 14.750000000000002 22.000000000000004 0.10121466115902214 0.64667736941689136 11.012698412698414 0.0071790860106077511 137.50000000000003 26.174242424242429
decision_type=10 8 10 2 2 2 2 8 10 10 10 8 10 10
left_child=1 -1 3 -2 5 -5 -3 -8 -9 10 -10 12 13 -12
right_child=2 6 -4 4 -6 -7 7 8 9 -11 11 -13 -14 -15
leaf_value=0.0237753786613632 -0.019814359648031545 0.023144050253057501 -0.03618712845549403 -0.0024128898429921428 -0.01750303919662571 0.033562709264766427 -0.021054247394633657 -0.00083390597898523773 -0.00018642371089366128 -0.016788300078564109 0.033728181181831123 -0.012745850139396978 -0.012798068224637568 0.0013549477875215805
leaf_weight=240.20526748150587 259.04881177097559 178.45817290246487 120.13539046049118 192.05103621631861 143.17658465355635 157.3664245903492 176.14380279183388 8711.1526535525918 769.00753845274448 256.42219212651253 616.22904843837023 157.92813067138195 130.87508578598499 215.30839332938194
leaf_count=570 662 472 371 532 459 422 501 23666 2076 782 1603 424 404 616
internal_value=0.000374495 0.00103258 -0.00826141 -0.00375588 0.0047121 0.0138389 0.00054324 0.000175611 0.000521954 0.00602414 0.00912749 0.0155151 0.020161 0.0253575
internal_weight=12323.5 11451.7 871.778 751.643 492.594 349.417 11211.5 11033.1 10856.9 2145.77 1889.35 1120.34 962.413 831.537
internal_count=33560 31114 2446 2075 1413 954 30544 30072 29571 5905 5123 3047 2623 2219
is_linear=0
shrinkage=0.05


Tree=153
num_leaves=15
num_cat=0
split_feature=44 27 57 53 59 27 56 53 5 76 57 43 48 56
split_gain=26.6461 90.735 81.9302 27.2805 55.7937 37.2767 93.7227 68.3847 79.2325 85.7986 65.8193 87.1176 63.2139 54.9039
threshold=0.6659126924838531 8.1488970588235308 239.03125000000003 4.4807692307692317 1.0000000180025095e-35 7.5016666666666678 5.0275146000952455 2.8397435897435903 13.558333333333334 0.92837309432801729 207.65625000000003 61.964285714285722 19.393382352941178 5.1809001680077822
decision_type=10 8 2 10 2 10 2 8 8 8 2 8 2 2
left_child=3 -2 -3 5 -5 13 7 8 12 -10 -9 -12 -7 -1
right_child=1 2 -4 4 -6 6 -8 10 9 -11 11 -13 -14 -15
leaf_value=0.00077548854174726517 -0.0040778429015467365 0.065885144479416166 0.0038867520114660341 -0.0087310461177053222 0.036509888823501056 0.007424880442401716 0.034884235889469921 -0.027583983694637739 -0.026853272368025729 0.031228970827766586 0.041386370780220991 -0.0026132616109528855 -0.028763835571853087 -0.01956922461750869
leaf_weight=9069.8403287157416 409.95451371371746 109.97852105647326 102.76239060610533 130.99433415383101 140.34497939795256 140.4260613322258 122.00572341680527 140.43945693969727 106.94988109171391 153.79392474889755 160.83236813545227 368.68604180216789 841.42063484340906 343.20301592350006
leaf_count=24810 1309 323 433 319 331 382 274 282 232 522 384 1078 2320 645
internal_value=-0.000387191 0.00968313 0.0360957 -0.000923066 0.0147171 -0.00129503 -0.00743034 -0.0101465 -0.0170843 0.00739367 0.0027276 0.0108037 -0.0235858 3.17129e-05
internal_weight=12341.6 622.695 212.741 11718.9 271.339 11447.6 2034.55 1912.55 1242.59 260.744 669.958 529.518 981.847 9413.04
internal_count=33644 2065 756 31579 650 30929 5474 5200 3456 754 1744 1462 2702 25455
is_linear=0
shrinkage=0.05


Tree=154
num_leaves=15
num_cat=0
split_feature=47 53 45 83 6 58 41 29 83 28 58 81 14 12
split_gain=23.7124 27.8834 26.755 43.7487 43.3135 96.9801 41.6663 108.304 40.4787 74.0973 58.8703 39.1145 37.0912 32.2236
threshold=0.65023298238667315 0.83974358974358987 29.035714285714288 14.241248018299212 8.223418282144852 23.843750000000004 19.500000000000004 0.16345144333398196 10.677139083815804 10.765541666666669 21.454044117647062 7.6650000000000009 0.82519230769230789 0.010883500557413604
decision_type=2 8 10 2 10 2 8 10 2 10 2 10 8 10
left_child=1 -1 3 4 6 -6 7 -3 11 -10 -11 13 -4 -8
right_child=-2 2 12 -5 5 -7 8 -9 9 10 -12 -13 -14 -15
leaf_value=0.018152450791773841 -0.011387331887730525 0.053094248970449676 -0.0032803102160168887 0.029866289689383686 0.0034128046370967531 -0.052765130236246641 0.00010367677816060289 -0.011816240657253438 0.049985381176230373 -0.027952141812385235 0.024377418104585179 -0.02012799264599854 -0.027334656911958202 0.026336596681089328
leaf_weight=214.38197223097086 447.39156848937273 128.6514485925436 1067.3742767199874 127.12939677387476 207.43110948055983 120.90577429533005 8980.0520770475268 126.82525490224361 114.70531223714352 98.430739991366863 115.97333317995071 236.04160964488983 187.65495498478413 117.60969185829163
leaf_count=574 1276 382 3011 353 580 367 24312 242 311 294 375 580 572 266
internal_value=-0.000100812 0.000326477 -3.68577e-06 0.000830723 0.000467601 -0.0173714 0.00105984 0.0209506 0.00053183 0.0177389 0.00033521 -7.67319e-05 -0.00689587 0.000445659
internal_weight=12290.6 11843.2 11628.8 10373.8 10246.6 328.337 9918.29 255.477 9662.81 329.109 214.404 9333.7 1255.03 9097.66
internal_count=33495 32219 31645 28062 27709 947 26762 624 26138 980 669 25158 3583 24578
is_linear=0
shrinkage=0.05


Tree=155
num_leaves=15
num_cat=0
split_feature=77 77 79 14 47 41 76 50 41 82 10 48 48 14
split_gain=27.7527 73.2302 91.702 44.172 38.7015 37.8563 37.4153 41.3299 52.2804 115.046 138.282 90.3552 96.4271 142.018
threshold=0.42997231691801135 0.52807134646048881 0.51498221947670986 0.53038461538461557 0.61053345388788438 134.50000000000003 0.69513379114373686 10.589444444444448 84.000000000000014 10.675000000000002 0.20040352589111632 19.363970588235297 21.093750000000004 0.68033333333333357
decision_type=8 8 10 10 2 8 8 8 10 10 10 2 2 8
left_child=3 2 -2 -1 5 -5 -3 -8 9 10 -9 -10 13 -13
right_child=1 6 -4 4 -6 -7 7 8 11 -11 -12 12 -14 -15
leaf_value=-0.00080720333552327457 0.044982723844766821 0.02853544708397342 -0.0011615646603269011 -0.029693269515830734 0.010318974326743491 -0.0040490326764750515 -0.0067393982845405853 -0.00014897998919200463 -0.011691995358789445 -0.02965278234404807 0.063331430926324553 0.01566271850368401 0.010067118142551002 0.097299678016236096
leaf_weight=6419.0703785121441 219.09294301271439 118.22326885163784 210.68061132729053 352.53620603680611 135.2230170071125 243.31614449620247 1474.2510465234518 1443.5303492471576 325.9364775121212 311.66034319996834 90.207866959273815 137.85181750357151 751.1899978145957 86.322826407849789
leaf_count=14871 469 290 637 770 331 610 4827 5288 1042 693 326 481 2643 321
internal_value=-0.000116739 0.00267416 0.022412 -0.00213441 -0.0137707 -0.0192458 0.000879879 0.000166313 0.0034028 -0.00200939 0.0036235 0.0110736 0.0186853 0.0473911
internal_weight=12319.1 5168.95 429.774 7150.15 731.075 595.852 4739.17 4620.95 3146.7 1845.4 1533.74 1301.3 975.365 224.175
internal_count=33599 17017 1106 16582 1711 1380 15911 15621 10794 6307 5614 4487 3445 802
is_linear=0
shrinkage=0.05


Tree=156
num_leaves=15
num_cat=0
split_feature=20 58 75 58 82 10 27 55 47 58 79 11 14 29
split_gain=31.4903 83.4929 58.4762 74.9762 30.24 46.7569 33.6294 56.6733 54.602 112.69 30.9568 37.8932 30.8974 69.9969
threshold=3.1010101010101017 26.500000000000004 10.935 21.849264705882359 14.075000000000001 0.23086567599846677 10.426470588235295 14.79294117647059 0.52619518747205574 19.545955882352946 0.25811969286359537 0.16541837449494154 0.84041666666666681 0.15567615739731747
decision_type=10 2 8 2 10 10 10 2 2 2 8 8 10 8
left_child=4 2 -2 -4 5 6 12 8 -8 -10 -11 -12 -1 -14
right_child=1 -3 3 -5 -6 -7 7 -9 9 10 11 -13 13 -15
leaf_value=-0.00093116721748312764 0.019342183085577266 -0.050336216193864095 -0.046895769674496393 0.012750986918056754 0.025572091874007059 -0.030242267756017051 0.042686349138552133 -0.021488453475435276 0.053596492091931729 -0.031104050643693509 -0.020470306809616041 0.028237395112267208 0.032999312989838887 -0.016836406131378465
leaf_weight=10738.764242470264 178.30406823754311 112.97871592640877 113.45023404806852 96.990856520831585 114.12777408957481 126.92352928966284 158.4058318734169 106.98706763982773 95.374462567269802 101.45517683029175 78.027693212032318 79.742220006883144 195.83998085558414 108.96581360697746
leaf_count=29026 390 280 352 322 314 381 303 323 309 181 322 325 586 309
internal_value=-0.000446761 -0.0127045 -0.00166678 -0.0194747 7.08714e-05 -0.000178119 0.000151605 0.0114732 0.0183758 0.00742631 -0.00970138 0.004171 -0.000484977 0.0151866
internal_weight=12406.3 501.724 388.745 210.441 11904.6 11790.5 11663.6 619.992 513.005 354.6 259.225 157.77 11043.6 304.806
internal_count=33723 1344 1064 674 32379 32065 31684 1763 1440 1137 828 647 29921 895
is_linear=0
shrinkage=0.05


Tree=157
num_leaves=15
num_cat=0
split_feature=4 4 56 4 41 55 43 56 41 82 78 28 20 47
split_gain=39.4533 62.4944 51.6235 32.9196 45.1743 148.656 34.7466 36.4421 80.9262 80.7189 50.8181 50.0021 31.7426 29.1695
threshold=15.132574383016982 13.968070883952477 4.2267423408937042 12.215858359965537 19.500000000000004 12.684375000000001 50.166666666666679 3.8003262134059326 71.500000000000014 8.8150000000000031 1.5000000000000002 4.2621250000000002 2.1483516483516487 0.66059550247433874
decision_type=10 10 2 10 8 2 8 2 8 8 8 10 10 2
left_child=1 3 -2 4 5 -1 -6 8 9 -8 -10 -12 -5 -9
right_child=2 -3 -4 12 6 -7 7 13 10 -11 11 -13 -14 -15
leaf_value=-0.0093471400435447549 -0.04174643649862244 0.035942081358373429 0.0018915004163518126 -0.037108150485054718 0.023680709620325643 0.064038012919538451 0.073365207512025285 -0.00027921388954396377 0.029170548100690408 0.011008646547200445 0.0027099117424039219 -0.031767420902369149 -0.002308265923739243 -0.017754791189473863
leaf_weight=167.84445358067751 124.44959063827991 126.01528174430132 147.23190365731716 109.86440420150757 159.65743066370487 115.9383434727788 86.344397887587547 9835.8217647448182 147.61119019985199 128.94448855519295 672.40607712417841 123.63283634930849 160.59076642245054 243.72673237323761
leaf_count=410 367 362 425 286 324 310 218 26088 412 553 2289 481 461 663
internal_value=0.000630219 0.00105474 -0.0181776 0.000683939 0.00108383 0.0207537 0.000592331 0.000262252 0.00865496 0.0362411 0.00232962 -0.0026779 -0.0165293 -0.000703498
internal_weight=12350.1 12078.4 271.681 11952.4 11681.9 283.783 11398.1 11238.5 1158.94 215.289 943.65 796.039 270.455 10079.5
internal_count=33649 32857 792 32495 31748 720 31028 30704 3953 771 3182 2770 747 26751
is_linear=0
shrinkage=0.05


Tree=158
num_leaves=15
num_cat=0
split_feature=73 39 8 75 9 54 41 56 39 39 26 8 46 51
split_gain=27.9429 76.0107 59.8627 48.3748 81.6036 79.2436 43.0471 118.243 87.293 81.6806 57.8688 47.0637 60.5246 46.9618
threshold=9.5000000000000018 22.392881587953458 15.999147923486577 10.810000000000002 12.025333333333334 25.845238095238098 93.500000000000014 3.7749120026347751 32.592744695414105 25.920602327173174 8.5000000000000018 1.9948666088965481 62.150735294117659 4.0172670807453423
decision_type=2 2 10 10 10 8 8 2 2 2 2 10 2 10
left_child=1 -1 -2 4 6 -5 7 -3 -8 10 -9 -11 -13 -12
right_child=2 3 -4 5 -6 -7 8 9 -10 11 13 12 -14 -15
leaf_value=0.03131547126807991 -0.002702299386012662 0.053955652682179271 0.032386422623748183 -0.040633694184837317 0.036599417925686585 0.010794176876450862 -0.0026576502021417917 -0.0028151074218985481 0.040019539201081748 0.0095294931432132746 0.050318915091433394 -0.041314097013414923 -0.0018614410860270606 0.01085799812091375
leaf_weight=222.26372399181128 6561.2131001204252 132.53878229111433 122.84921930730343 168.04898518323898 170.52697866410017 133.88913276791573 3559.4955610111356 179.1132405102253 122.99317715317011 254.72017669677734 170.58135766535997 162.82789109647274 239.31803373992443 135.72172459959984
leaf_count=584 18083 411 332 425 574 337 9586 471 305 620 438 351 676 323
internal_value=0.000135484 0.00272305 -0.00205264 0.00154709 0.00269359 -0.0178686 0.00152011 0.00943517 -0.00122178 0.00422679 0.0197594 -0.00726418 -0.0178986 0.0329262
internal_weight=12336.1 5652.04 6684.06 5429.78 5127.84 301.938 4957.31 1274.82 3682.49 1142.28 485.416 656.866 402.146 306.303
internal_count=33516 15101 18415 14517 13755 762 13181 3290 9891 2879 1232 1647 1027 761
is_linear=0
shrinkage=0.05


Tree=159
num_leaves=15
num_cat=0
split_feature=28 8 73 53 75 66 24 7 18 5 58 63 5 21
split_gain=34.1436 54.343 125.588 62.5526 32.5796 28.7513 56.408 52.5978 71.4661 47.0432 45.4356 41.6388 104.99 196.203
threshold=15.633066666666668 13.5830428661283 12.500000000000002 2.4641025641025647 11.095000000000001 7.5000000000000009 -4.7957499999999982 8.6747222222222238 3.759615384615385 5.5833333333333348 23.426470588235297 1.0000000180025095e-35 6.5416666666666679 9.925824175824177
decision_type=10 10 2 10 10 2 8 10 10 10 2 2 10 10
left_child=1 4 3 -3 5 6 -1 8 9 -7 -9 -8 -13 -14
right_child=-2 2 -4 -5 -6 7 11 10 -10 -11 -12 12 13 -15
leaf_value=0.029745870450849834 -0.018368772440276109 -0.026923921061646802 0.057389845998347178 0.025491858177185439 -0.017772230259293673 -0.0019934259812509946 -0.001037626333284805 -0.0058788585462827307 0.031733665547950762 -0.028012538948179101 -0.051789620433283327 0.0022257557027173819 0.070188569773521253 0.00045972706347991089
leaf_weight=176.11523208022118 238.00490526109934 124.11153391748667 136.73601308465004 103.44147976487875 247.94684657454491 1853.379189312458 6126.4713202267885 113.02305802702904 145.36639090627432 190.71277787536383 102.51004911959171 2303.0345591381192 172.10259388387203 241.84241731464863
leaf_count=506 597 424 405 317 607 4966 17113 325 385 549 307 5881 405 725
internal_value=0.000344649 0.000716167 0.0197065 -0.00308937 0.000121858 0.000511734 0.00180699 -0.00434468 -0.00201884 -0.00443351 -0.0278529 0.0012473 0.00639802 0.0295496
internal_weight=12274.8 12036.8 364.289 227.553 11672.5 11424.6 9019.57 2404.99 2189.46 2044.09 215.533 8843.45 2716.98 413.945
internal_count=33512 32915 1146 741 31769 31162 24630 6532 5900 5515 632 24124 7011 1130
is_linear=0
shrinkage=0.05


Tree=160
num_leaves=15
num_cat=0
split_feature=79 24 8 55 76 22 41 55 28 24 73 39 28 0
split_gain=27.8225 41.2925 62.7305 104.087 37.5047 28.3358 35.5053 27.1077 60.991 50.1286 80.9453 47.7018 40.0923 39.7383
threshold=-0.12367150973170606 4.0327777777777785 4.7428270442910998 12.397058823529415 0.8809378915339181 0.70853559870550176 175.50000000000003 15.071875000000002 9.3308000000000018 -4.5111818181818171 12.500000000000002 27.141683778234093 1.7705333333333335 13.500000000000002
decision_type=8 10 10 2 10 10 8 2 10 8 2 2 8 2
left_child=1 2 4 -4 5 -1 -7 9 -9 10 -2 -10 -11 -14
right_child=7 -3 3 -5 -6 6 -8 8 11 12 -12 -13 13 -15
leaf_value=-0.0086109545791490365 -0.001772250340939581 -0.023984989658566654 -0.0074964858776457831 0.031343985035425161 -0.020194327738255059 0.016327999636099134 -0.0088139492196519405 -0.00133608168431976 -0.05934851734917175 -0.0046034597479358017 0.058427085825563753 -0.0072911793700409155 0.004015259369169597 -0.025965474381665563
leaf_weight=1034.6250630021095 124.57121782749891 250.65148907899857 378.97740763425827 315.11737376451492 437.42593818902969 318.34391498565674 249.76825994253159 973.24743138998747 87.027032598853111 2112.6771038323641 100.12414019554853 88.635744027793407 5712.0005547404289 111.72021464258432
leaf_count=1570 395 391 586 474 671 491 386 3289 282 6265 320 333 17827 283
internal_value=-0.000402976 -0.00460276 -0.00281786 0.0101567 -0.00723482 -0.00368747 0.00527838 0.000943879 -0.00624353 0.00195636 0.0251926 -0.0332714 0.0012954 0.00343576
internal_weight=12294.9 2984.91 2734.26 694.095 2040.16 1602.74 568.112 9310 1148.91 8161.09 224.695 175.663 7936.4 5823.72
internal_count=33563 4569 4178 1060 3118 2447 877 28994 3904 25090 715 615 24375 18110
is_linear=0
shrinkage=0.05


Tree=161
num_leaves=15
num_cat=0
split_feature=36 52 29 77 17 24 3 48 50 29 66 10 20 41
split_gain=40.016 54.4251 50.7629 50.3578 70.6036 26.0962 33.8525 59.5804 73.0807 33.5545 29.8124 55.3218 43.7917 33.6221
threshold=0.81775094017254857 254.458041958042 0.16173889870450628 0.86378878110167567 4.0333333333333341 -6.2515999999999989 12.331111111111113 27.029411764705888 11.05192307692308 0.21432290674627472 13.500000000000002 0.063040597308431548 -0.16666666666666666 126.00000000000001
decision_type=10 8 8 8 8 8 10 2 10 10 2 10 8 10
left_child=5 3 -3 -2 -5 -1 9 8 -8 10 12 13 -7 -12
right_child=1 2 -4 4 -6 6 7 -9 -10 -11 11 -13 -14 -15
leaf_value=-0.020920359014577665 0.021413100085119062 -0.0057062793760893488 -0.047834092290932884 0.011076090296877249 -0.041327572619468421 0.030641587171485875 0.035289733677990688 0.048990457884094743 -0.018814811907734628 -0.019095572857967931 -0.0091271340439259656 -0.032169015625701639 0.0012147209560557379 0.022106878601328529
leaf_weight=135.68281856924295 165.6962576508522 134.41216264665127 152.53783608973026 134.44802741706371 121.57434426993132 127.01921095699072 104.98641316592693 98.886625230312347 150.83486953377724 211.73658784478903 276.36106816679239 189.2570893317461 10190.132328934968 123.98825339972973
leaf_count=376 316 413 419 348 293 328 330 289 477 536 801 553 27660 348
internal_value=9.37994e-05 -0.0114321 -0.0281891 9.50542e-06 -0.0138722 0.000798328 0.00105698 0.0162408 0.00344009 0.000571157 0.000954669 -0.00997076 0.00157994 0.000577025
internal_weight=12317.6 708.669 286.95 421.719 256.022 11608.9 11473.2 354.708 255.821 11118.5 10906.8 589.606 10317.2 400.349
internal_count=33487 1789 832 957 641 31698 31322 1096 807 30226 29690 1702 27988 1149
is_linear=0
shrinkage=0.05


Tree=162
num_leaves=15
num_cat=0
split_feature=6 11 24 79 20 20 3 9 10 27 45 51 81 75
split_gain=27.2488 69.3362 68.4815 54.6585 37.6574 37.6416 27.6004 73.0046 58.0483 50.6331 53.0804 55.9185 43.5391 44.1024
threshold=8.1184229939094035 0.2366597094466357 5.4262857142857159 0.88508753573989152 3.2792207792207795 2.0666666666666673 9.8041666666666689 8.978666666666669 0.17480834738161091 11.308333333333335 20.033333333333335 4.3925215500504793 8.4850000000000012 10.025
decision_type=10 10 8 10 10 10 10 10 10 10 10 10 10 10
left_child=1 6 -3 4 5 -2 8 -8 12 10 -9 -12 13 -1
right_child=3 2 -4 -5 -6 -7 7 9 -10 -11 11 -13 -14 -15
leaf_value=0.00054757480930714734 -0.029161906824234203 0.055685998556219155 0.0012779616030840699 0.021696280748764861 -0.045546773415113817 0.0081830571809746819 0.02340508265317668 -0.053420257055389164 0.025513577214198065 0.0087555450362364114 0.0057992298224122593 -0.041295734432234027 0.031360435896986082 -0.024462896240533175
leaf_weight=10516.243218161166 131.19270899891853 112.82320325821638 117.67368737608194 98.231323421001434 103.557870618999 137.13063640892506 132.20516515523195 127.95729274302721 235.14778781682253 130.42060750722885 149.32964000850916 107.79946436733007 111.76523517072201 178.26620155572891
leaf_count=28619 368 306 301 291 322 452 342 314 582 441 452 270 232 426
internal_value=0.000472065 0.00093814 0.028035 -0.0113221 -0.0200786 -0.0101167 0.000401466 -0.00962176 0.000990267 -0.0181206 -0.0272221 -0.0140285 0.000454321 0.000128428
internal_weight=12389.7 11919.6 230.497 470.113 371.881 268.323 11689.1 647.712 11041.4 515.507 385.086 257.129 10806.3 10694.5
internal_count=33718 32285 607 1433 1142 820 31678 1819 29859 1477 1036 722 29277 29045
is_linear=0
shrinkage=0.05


Tree=163
num_leaves=15
num_cat=0
split_feature=31 53 73 79 75 48 58 58 69 54 52 53 24 27
split_gain=28.1194 60.7569 93.3413 91.0226 110.472 89.3512 75.916 68.5427 54.8099 51.8016 57.4964 66.5356 69.5937 98.9444
threshold=0.57777083333333346 2.63961038961039 12.500000000000002 -0.096895118360023236 8.3350000000000026 20.303308823529417 19.332720588235297 20.545955882352946 0.13275231118117767 16.516666666666669 245.48076923076925 2.3205128205128207 3.4906666666666664 7.6998161764705895
decision_type=10 8 2 8 10 2 2 2 2 10 10 10 8 10
left_child=-1 9 5 -4 -5 7 -7 -3 -8 -2 11 12 13 -11
right_child=1 2 3 4 -6 6 8 -9 -10 10 -12 -13 -14 -15
leaf_value=0.0014363957272066909 -0.042014644238960897 0.045555617518594139 -0.0042513095478237777 0.016127992346932792 0.086842393140324214 -0.041080830683363295 -0.013289488324679917 -0.0025721261717552967 0.027839120937283669 -0.0039636632056848807 -0.016718995704817271 -0.022502149066498851 -0.0095337801284566086 0.04884779422957021
leaf_weight=9186.8470000475645 117.07282148301601 128.18740712106228 160.70529210567474 137.36788360029459 92.031067788600922 193.25517680495977 345.04559461027384 172.87772690504789 104.77602334320545 165.2396744042635 870.84772695600986 211.12386013567448 263.01016676425934 190.09750401973724
leaf_count=24965 313 264 264 521 247 512 1007 445 301 363 2823 483 622 466
internal_value=3.8302e-05 -0.00403623 0.00406437 0.0246051 0.0447512 -0.0044398 -0.0149582 0.0180027 -0.00366898 -0.00998228 -0.00775334 0.00166835 0.00994395 0.0243471
internal_weight=12338.5 3151.64 1334.25 390.104 229.399 944.142 643.077 301.065 449.822 1817.39 1700.32 829.471 618.347 355.337
internal_count=33596 8631 3561 1032 768 2529 1820 709 1308 5070 4757 1934 1451 829
is_linear=0
shrinkage=0.05


Tree=164
num_leaves=15
num_cat=0
split_feature=48 75 45 24 56 30 12 76 41 73 33 44 36 56
split_gain=33.3978 57.0969 54.8296 34.7746 33.2197 30.5827 28.3582 61.9789 50.6327 44.8319 32.3816 71.0058 49.3386 39.2444
threshold=29.718750000000004 8.9650000000000016 25.211111111111112 3.642121212121213 4.6306925996204944 0.012515316774017534 0.0045249795249795262 1.0202618851008614 17.500000000000004 11.500000000000002 2.9705882352941182 0.59679029038696807 0.9119179469042854 5.220595385532774
decision_type=2 8 10 10 2 10 10 10 8 2 10 8 10 2
left_child=3 2 -2 5 -5 6 8 9 -1 -8 12 -12 13 -10
right_child=1 -3 -4 4 -6 -7 7 -9 10 -11 11 -13 -14 -15
leaf_value=0.023969690365586948 0.040955999981552249 -0.0048128215494559791 0.0042240392135156034 -0.016182766362147005 0.0086934074820895439 -0.023578689031793006 -0.0055698318024958761 0.016508647546491038 0.00093212496614122052 -0.045604946419535886 0.044807649937963046 -0.0071213370944605368 -0.030990951219743153 -0.016960528348212791
leaf_weight=232.18394912034273 206.13243371248245 340.29592239111662 199.89219050109386 614.66095849871635 170.92024470120668 133.39052866399288 140.00367973744869 125.8737804889679 9294.1044816821814 139.3395384028554 125.02009708434343 137.33027976751328 126.30098228901625 315.90435487031937
leaf_count=540 527 1026 475 1739 458 320 328 305 25686 370 370 462 318 588
internal_value=4.51994e-05 0.0102892 0.0229271 -0.000617274 -0.0107662 0.000123977 0.000423429 -0.0125328 0.000937765 -0.0256312 0.000400586 0.017701 -6.73538e-05 0.000342246
internal_weight=12301.4 746.321 406.025 11555 785.581 10769.5 10636.1 405.217 10230.8 279.343 9998.66 262.35 9736.31 9610.01
internal_count=33512 2028 1002 31484 2197 29287 28967 1003 27964 698 27424 832 26592 26274
is_linear=0
shrinkage=0.05


Tree=165
num_leaves=15
num_cat=0
split_feature=54 33 17 30 48 41 28 50 54 77 29 30 77 48
split_gain=27.4838 73.3119 154.151 64.2001 35.1092 35.2421 54.6738 63.4002 35.0579 56.6464 76.1707 42.4534 77.3125 32.6864
threshold=28.519230769230774 3.0333333333333337 2.035714285714286 0.001810383244206774 17.468750000000004 43.500000000000007 4.15759090909091 11.641428571428571 25.118055555555561 0.86378878110167567 0.18171579775990046 0.0056478230904465935 0.38551661353964778 18.781250000000004
decision_type=10 8 8 10 2 8 10 10 10 10 10 10 10 2
left_child=8 3 -3 4 -2 -6 -7 -8 11 10 -10 13 -13 -1
right_child=1 2 -4 -5 5 6 7 -9 9 -11 -12 12 -14 -15
leaf_value=-0.005491353332347907 0.031877370701714432 0.0023632057511479001 0.078610418971030521 -0.029801611603725894 -0.022735828809659644 -0.0017906027690786409 -0.0012491364001308858 0.052886344411079061 -0.0078273506250719597 -0.040774882758213726 0.031889784441692014 0.0073659320587446415 -0.042039000658432316 0.0024064350898079893
leaf_weight=1616.1826937571168 108.04520001262426 193.6502892151475 99.840987682342529 150.2627110928297 124.88732135295868 635.26413761079311 102.55149029195309 113.32783351838589 1697.4140706136823 116.8759755641222 128.97314444929361 155.38145139813423 159.94312196969986 6897.9674234390259
leaf_count=4247 323 625 306 377 358 1760 334 356 4868 340 370 346 357 18623
internal_value=-0.000209511 0.00606407 0.0284801 0.000715418 0.00496892 0.00196062 0.00560673 0.0272826 -0.00109973 -0.00717786 -0.00500675 0.000238651 -0.0177476 0.000906783
internal_weight=12300.6 1527.83 293.491 1234.34 1084.08 976.031 851.143 215.879 10772.7 1943.26 1826.39 8829.47 315.325 8514.15
internal_count=33590 4439 931 3508 3131 2808 2450 690 29151 5578 5238 23573 703 22870
is_linear=0
shrinkage=0.05


Tree=166
num_leaves=15
num_cat=0
split_feature=8 12 29 80 30 29 66 29 20 28 27 50 47 51
split_gain=28.2973 28.5088 25.3648 28.4 41.9635 32.0823 26.6321 67.4815 65.3505 47.7687 118.397 65.0997 67.7043 85.8573
threshold=17.148697894597351 0.024233398955312197 0.24763565643354832 12.815000000000003 0.0073447323957069096 0.22433593153799011 7.5000000000000009 0.20727460156605779 0.91608391608391615 4.4208333333333334 3.8610294117647066 13.044155844155846 0.59532700076427569 4.3843711843711857
decision_type=10 10 10 10 10 10 2 8 10 10 10 8 2 8
left_child=1 2 3 4 5 6 9 -8 -9 -1 -11 -12 -13 -14
right_child=-2 -3 -4 -5 -6 -7 7 8 -10 10 11 12 13 -15
leaf_value=-0.0012120331528454086 0.023647876005446378 0.023749661190730662 -0.021527122836751209 0.024473329030281349 -0.025982213262868249 -0.026282874036633194 -0.0087507685173442741 0.0024691529720723433 0.047331443078467428 0.044317440329078805 -0.0032451569869721151 0.0046179202103277797 0.0024655653977761257 0.052381156892246518
leaf_weight=6326.6162084415555 122.09519202262163 119.54685510694981 143.26016671210527 112.35291321575642 160.54912734031677 116.81800741702318 1979.7226728573442 376.93618462234735 102.49904339760542 193.07762697339058 1441.4261169731617 793.12099640071392 150.96584060043097 199.96464747935534
leaf_count=17351 350 283 360 296 413 327 5250 1152 275 485 3971 1854 600 682
internal_value=-0.000205262 -0.000445566 -0.000686609 -0.000435072 -0.000673447 -0.000323402 -5.89201e-05 -0.00467486 0.0121389 0.00118815 0.0066517 0.00382286 0.0127231 0.0309761
internal_weight=12339 12216.9 12097.3 11954 11841.7 11681.1 11564.3 2459.16 479.435 9105.17 2778.56 2585.48 1144.05 350.93
internal_count=33649 33299 33016 32656 32360 31947 31620 6677 1427 24943 7592 7107 3136 1282
is_linear=0
shrinkage=0.05


Tree=167
num_leaves=15
num_cat=0
split_feature=25 26 81 46 73 66 33 21 26 10 51 25 39 39
split_gain=26.4103 59.8373 38.565 34.2344 56.362 33.1759 139.628 58.1466 62.1449 37.1564 32.1787 28.5371 24.6036 47.4034
threshold=0.14279220779220778 16.500000000000004 4.495000000000001 62.939338235294123 13.500000000000002 10.500000000000002 1.7238095238095241 9.7905701754385976 12.500000000000002 0.046501427988576101 4.169754145225844 -0.26972222222222214 34.343600273785086 32.907597535934293
decision_type=10 2 10 2 2 2 10 8 2 10 10 8 2 2
left_child=5 2 3 4 -2 11 7 9 -9 -7 -4 -1 13 -13
right_child=1 -3 10 -5 -6 6 -8 8 -10 -11 -12 12 -14 -15
leaf_value=0.020079171066545921 -0.00094571829285454998 0.029984602343237368 -0.032167445110781505 -0.0019605116901292847 0.045736734133645929 -0.0029853163967779109 -0.060884691009080553 -0.0094054653445549124 0.029695470501793483 -0.039494475350560776 0.0017677080203331967 -5.2778234416853504e-05 -0.014781858561817449 0.027011239326038956
leaf_weight=178.82052230834961 128.70864151418209 235.48285648226738 126.60127581655979 320.17554353177547 128.84679075330496 159.00762615352869 115.26769613474607 198.99455899745226 205.88251154124737 123.31444405019283 154.14999140799046 9832.6451326534152 273.45904474705458 163.50186655670404
leaf_count=481 395 371 317 1207 352 396 323 610 591 320 428 26592 790 481
internal_value=0.000301401 0.00771434 0.00157779 0.00896173 0.0224946 -0.000420007 -0.0102106 -0.00163467 0.0105018 -0.0190151 -0.0135948 0.000332844 -1.29124e-05 0.000392552
internal_weight=12344.9 1093.97 858.482 577.731 257.555 11250.9 802.467 687.199 404.877 282.322 280.751 10448.4 10269.6 9996.15
internal_count=33654 3070 2699 1954 747 30584 2240 1917 1201 716 745 28344 27863 27073
is_linear=0
shrinkage=0.05


Tree=168
num_leaves=15
num_cat=0
split_feature=24 25 75 0 81 41 59 3 58 75 56 6 82 55
split_gain=34.4762 41.9603 30.2986 75.6751 125.498 96.6287 158.489 141.668 121.69 74.9214 65.4191 57.7736 48.4205 40.7143
threshold=-6.6111111111111081 -0.28472222222222215 7.4250000000000007 9.5000000000000018 6.5850000000000009 62.000000000000007 0.75000000000000011 9.0261363636363665 19.393382352941178 9.2050000000000018 4.3986952588278543 5.0786838731829231 6.455000000000001 11.942830882352942
decision_type=8 8 10 2 10 8 2 10 2 10 2 10 10 2
left_child=-1 -2 12 5 -5 8 11 -8 -4 -10 -6 -7 -3 -11
right_child=1 2 3 4 10 6 7 -9 9 13 -12 -13 -14 -15
leaf_value=-0.024669185805099667 0.030051255269823135 0.00015884886687531113 -0.046186360100092194 0.061704361535217439 0.023010001882591207 -0.027546850451859919 0.066084698702763761 0.003228983881401238 0.023469620843934481 -0.032283498998125743 -0.020871102978262696 0.013104227947953274 -0.020131707295566688 0.001635702963875456
leaf_weight=131.65389976650476 121.69754391908646 9717.7479092553258 191.99547632038593 146.88152557611465 232.85608683526516 201.42288582026958 193.06874646246433 166.79964269697666 209.29404671490192 164.76477064192295 132.44190008938313 153.00667387247086 302.19611792266369 189.53479604423046
leaf_count=352 335 27391 435 345 545 461 430 411 474 374 288 390 710 432
internal_value=0.000682614 0.000959927 0.000662469 0.00630925 0.0228397 0.000537619 0.0137129 0.0370406 -0.0119193 -0.000184712 0.00708699 -0.0100104 -0.000455051 -0.0141847
internal_weight=12255.4 12123.7 12002 1982.07 512.18 1469.89 714.298 359.868 755.589 563.594 365.298 354.43 10019.9 354.3
internal_count=33373 33021 32686 4585 1178 3407 1692 841 1715 1280 833 851 28101 806
is_linear=0
shrinkage=0.05


Tree=169
num_leaves=15
num_cat=0
split_feature=39 55 73 73 55 40 80 56 17 48 41 48 56 82
split_gain=22.7242 99.6845 125.577 52.7676 53.6915 28.2012 40.1041 29.9828 135.67 237.134 52.5427 69.0722 40.6287 39.7725
threshold=22.889801505817939 13.114705882352943 11.500000000000002 12.500000000000002 11.750000000000002 1.0000000180025095e-35 3.3750000000000004 4.9872965352245062 1.3205128205128207 23.323529411764707 34.500000000000007 20.303308823529417 5.0757919347466869 13.725000000000003
decision_type=2 2 2 2 2 2 10 2 10 2 8 2 2 10
left_child=1 3 -3 4 -1 6 -2 10 12 -10 11 -7 -9 -12
right_child=5 2 -4 -5 -6 7 -8 8 9 -11 13 -13 -14 -15
leaf_value=-0.031620318930878487 -0.0044621271122157495 0.062342401539519303 -0.0057224397710733191 0.01544333970983457 0.0094248220351222083 0.015185435881119215 -0.0357451422288406 0.014391984528733288 0.06718267285112238 -0.017775142008777559 0.00053963257737882104 -0.020471171896878332 -0.017909187485127702 0.02643093199830724
leaf_weight=209.38568638265133 783.68308199942112 156.32415553927422 118.76524313539267 217.33071419596672 127.6388024315238 174.00005945563316 116.93347790837288 140.00308606028557 207.19218318164349 135.0791871547699 8859.0351732298732 608.11405973881483 314.07926668226719 149.85213616490364
leaf_count=549 2133 460 355 589 341 491 262 347 444 339 24340 1697 678 444
internal_value=0.000507247 0.00849461 0.0330423 -0.0037243 -0.0160937 -7.01389e-05 -0.00855897 0.000652706 0.00997623 0.0336995 -0.000106567 -0.0125292 -0.00794032 0.000973189
internal_weight=12317.4 829.445 275.089 554.355 337.024 11488 900.617 10587.4 796.354 342.271 9791 782.114 454.082 9008.89
internal_count=33469 2294 815 1479 890 31175 2395 28780 1808 783 26972 2188 1025 24784
is_linear=0
shrinkage=0.05


Tree=170
num_leaves=15
num_cat=0
split_feature=73 28 82 59 14 47 43 14 66 5 82 9 19 45
split_gain=26.2119 45.4009 102.689 110.706 57.3227 71.9084 81.5546 60.517 45.0417 114.014 36.3294 35.8605 34.8966 73.5029
threshold=9.5000000000000018 11.748400000000002 10.205000000000002 0.75000000000000011 0.73763888888888907 0.60440384615384624 64.759615384615401 0.69535714285714301 5.5000000000000009 1.4166666666666672 0.84500000000000008 16.594666666666672 0.14835164835164838 23.75961538461539
decision_type=2 10 8 2 10 2 10 10 2 10 8 10 10 10
left_child=1 4 -3 -4 7 6 -6 8 9 -1 -2 12 -12 -14
right_child=10 2 3 -5 5 -7 -8 -9 -10 -11 11 -13 13 -15
leaf_value=-0.0013049898437373381 0.0083582263091208954 -0.054586232323064587 -0.030206912993194602 0.033283025388817819 0.027507340898791244 0.053216157321456029 -0.020775200946989588 -0.033208050832254817 0.0016542005692708796 0.061757399670823138 -0.0029856181527140339 0.024418258995504771 -0.040913865695473478 0.0063571213781133942
leaf_weight=199.52115716785192 738.37111891806126 110.12401275336742 132.62991760671139 140.22520095854998 226.27500362694263 121.47225345671177 141.25971209257841 117.55013969540596 4359.2925116121769 110.81955470889807 5490.1647710204124 112.68766637891531 181.9684657305479 148.93878465145826
leaf_count=542 1624 211 448 440 559 394 336 346 11564 301 15768 303 438 356
internal_value=2.92205e-05 0.00253204 -0.0140684 0.00242411 0.00373944 0.0200278 0.00894422 0.00207176 0.00296679 0.02134 -0.00209368 -0.00339546 -0.00393799 -0.0196825
internal_weight=12331.3 5659.17 382.979 272.855 5276.19 489.007 367.535 4787.18 4669.63 310.341 6672.13 5933.76 5821.07 330.907
internal_count=33630 15141 1099 888 14042 1289 895 12753 12407 843 18489 16865 16562 794
is_linear=0
shrinkage=0.05


Tree=171
num_leaves=15
num_cat=0
split_feature=6 49 53 39 58 36 11 12 30 36 52 55 43 53
split_gain=42.6412 65.3411 82.1961 52.2267 80.7797 48.8904 37.6473 24.8652 42.8304 25.4489 27.5953 29.5818 28.0094 35.8863
threshold=7.0502882794291351 4.5000000000000009 1.9198717948717952 29.99315537303217 22.468750000000004 0.61762083164554016 0.2366597094466357 0.019365341945987113 0.0073447323957069096 0.89919995786625972 271.35384615384618 16.885882352941181 58.696153846153855 1.1483516483516485
decision_type=10 2 10 2 2 10 10 10 10 10 8 2 8 8
left_child=6 -2 -3 4 5 -4 7 8 9 10 11 -1 -12 -14
right_child=1 2 3 -5 -6 -7 -8 -9 -10 -11 12 -13 13 -15
leaf_value=-0.00126509632712934 0.017683851524865044 0.010207009107053633 -0.023896206771683359 -0.058273478249685533 -0.044803472298310831 0.02247440767544643 0.022517997124656304 0.023282442770024184 -0.025691207408012708 0.018091031994900565 -0.0096326420929344746 -0.025619158125471171 0.027898419303966082 0.0041764981252575802
leaf_weight=7672.1380968317389 160.52771832048893 192.9356594234705 108.02128832042217 110.93710256367922 176.39156734198332 117.76837760210037 189.31773593276739 113.42314441502094 160.69574229419231 194.89421521127224 334.70431580394506 125.75145906209946 169.36986234039068 2495.7532683834434
leaf_count=19152 541 592 325 292 503 315 485 252 378 473 960 495 659 8189
internal_value=-0.000343961 -0.0110315 -0.017576 -0.0280221 -0.0195537 0.000282437 0.00046538 9.28591e-05 -0.000145033 0.000230718 -9.32989e-05 -0.00166107 0.00398124 0.00569394
internal_weight=12322.6 866.582 706.054 513.118 402.181 225.79 11456 11266.7 11153.3 10992.6 10797.7 7797.89 2999.83 2665.12
internal_count=33611 2568 2027 1435 1143 640 31043 30558 30306 29928 29455 19647 9808 8848
is_linear=0
shrinkage=0.05


Tree=172
num_leaves=15
num_cat=0
split_feature=22 39 41 53 82 31 56 41 25 44 5 31 27 56
split_gain=28.408 48.4676 89.1753 53.0496 39.6261 51.2807 45.913 100.896 46.8073 55.015 77.0992 53.3831 80.2299 49.0816
threshold=0.69716905901116444 32.127310061601655 94.500000000000014 2.2583333333333337 11.425000000000002 0.84581250000000008 3.8003262134059326 113.00000000000001 0.10720779220779224 0.57872775529739384 7.5416666666666687 0.56700000000000006 2.6389140271493221 4.9489862057503755
decision_type=10 2 10 10 10 10 2 8 8 10 10 8 10 2
left_child=1 -1 3 -3 5 6 7 -2 13 10 11 12 -10 -8
right_child=4 2 -4 -5 -6 -7 8 -9 9 -11 -12 -13 -14 -15
leaf_value=-0.0033909423421702336 0.048113896395216037 -0.019986207287716464 0.047994277494430075 0.02365462071196656 -0.014407495058645657 0.031428420728898808 -0.0055827488545391376 -0.0010614030368812438 0.0025783039647269959 -0.0013791502337960595 0.044004469752076579 -0.012000572545555602 0.047762470448955777 0.018608942218565079
leaf_weight=6821.8926820233464 169.63843116909266 164.61944013088942 131.80062933266163 119.16212403774261 324.17646206915379 159.35598506033421 2251.8545476123691 268.23660322278738 281.76407937705517 876.09094028919935 194.82960875332355 217.06699937582016 149.93746165931225 230.20321948826313
leaf_count=19343 526 459 345 368 728 538 5630 871 628 2352 457 532 368 482
internal_value=-0.000363761 -0.00238035 0.0141772 -0.00164236 0.00248498 0.00362885 0.00266745 0.018056 0.00105986 0.00739762 0.0165033 0.00818948 0.0183457 -0.00333245
internal_weight=12360.6 7237.47 415.582 283.782 5123.15 4798.98 4639.62 437.875 4201.75 1719.69 843.598 648.769 431.702 2482.06
internal_count=33627 20515 1172 827 13112 12384 11846 1397 10449 4337 1985 1528 996 6112
is_linear=0
shrinkage=0.05


Tree=173
num_leaves=15
num_cat=0
split_feature=79 83 55 46 52 76 54 11 53 45 54 48 33 48
split_gain=35.6084 50.3286 77.7213 45.58 39.7607 34.118 30.7213 27.8237 97.3949 126.256 90.1906 127.751 68.5309 29.1913
threshold=-0.28210604169850068 4.9540387699382897 11.897242647058826 61.617647058823536 239.69047619047623 2.0153418040533451 22.118055555555561 0.19140878581769868 1.9045454545454548 25.738636363636367 19.483333333333338 22.363970588235297 1.6904761904761907 29.906250000000004
decision_type=8 2 2 2 8 10 10 10 10 10 10 2 10 2
left_child=1 3 -3 4 -1 7 -7 13 12 10 -10 -12 -9 -2
right_child=5 2 -4 -5 -6 6 -8 8 9 -11 11 -13 -14 -15
leaf_value=-0.0031480309945480277 -0.00142230334478348 -0.037714359071979106 -0.0023565264029919331 -0.007932193232950021 0.026123016705657583 0.0012797507258476258 0.030193371662816382 -0.048741634061548897 0.0046011632279697439 -0.014984505107834304 0.020875482024042241 0.097712095485010197 0.0097737431953230647 0.010479176471425163
leaf_weight=233.41632223129272 8744.9901070892811 284.67670661211014 341.18117994070053 894.18599420785904 229.28789609670639 186.77593876421452 179.97875392436981 100.7791516110301 125.39111023396254 162.55247133225203 113.3813601359725 103.68972471356392 97.874088756740093 546.47329442948103
leaf_count=337 26084 415 495 1335 328 470 477 281 340 478 313 335 346 1585
internal_value=-0.000619459 -0.0067566 -0.0184738 -0.00134247 0.011382 0.000555423 0.0155121 5.11375e-06 0.00958395 0.0212405 0.0384286 0.0578583 -0.0200072 -0.000721271
internal_weight=12344.6 1982.75 625.858 1356.89 462.704 10361.9 366.755 9995.13 703.668 505.015 342.462 217.071 198.653 9291.46
internal_count=33619 2910 910 2000 665 30709 947 29762 2093 1466 988 648 627 27669
is_linear=0
shrinkage=0.05


Tree=174
num_leaves=15
num_cat=0
split_feature=20 82 79 27 41 48 51 21 28 58 52 7 63 50
split_gain=29.5158 76.0165 38.0558 37.2595 35.4891 125.551 48.8058 50.9264 44.8952 79.3461 114.195 86.2646 71.3791 66.4721
threshold=3.1010101010101017 11.275 0.68518812074048796 14.638333333333334 28.500000000000004 19.968750000000004 4.4217277272354734 9.2535714285714317 10.171720588235296 18.029411764705888 248.34523809523813 8.8665476190476209 1.0000000180025095e-35 13.905000000000003
decision_type=10 8 8 10 8 2 8 8 10 2 10 8 2 8
left_child=3 -2 -3 4 5 -1 7 -7 -6 -10 11 -11 -12 -13
right_child=1 2 -4 -5 8 6 -8 -9 9 10 12 13 -14 -15
leaf_value=0.026801451210013684 0.007385226539496588 -0.047812063900799083 -0.0072725543279626272 0.027831030510217132 -0.00017410147145332928 0.01734603797838322 -0.037429636800805709 -0.024025563774321815 -0.025551816859276856 -0.00017972067777787326 0.013014577577859378 0.067984926601663415 -0.039364549005691148 0.021186211861274132
leaf_weight=172.84368151426315 245.84684954583645 147.5936753153801 95.512123443186283 120.73082083463669 10121.052369594574 119.3531552106142 264.65639501810074 194.01847865432501 120.2984472066164 131.47126688063145 167.06903509050608 178.48775646090508 105.1551701053977 133.63427699357271
leaf_count=466 566 298 465 430 27413 270 660 597 342 318 655 440 339 327
internal_value=-0.000186667 -0.0122123 -0.0319798 0.000311412 2.52833e-05 -0.0104831 -0.0216591 -0.0082634 0.000746291 0.0118744 0.018191 0.0338085 -0.00728853 0.0480798
internal_weight=12317.7 488.953 243.106 11828.8 11708 750.872 578.028 313.372 10957.2 836.116 715.818 443.593 272.224 312.122
internal_count=33586 1329 763 32257 31827 1993 1527 867 29834 2421 2079 1085 994 767
is_linear=0
shrinkage=0.05


Tree=175
num_leaves=15
num_cat=0
split_feature=29 29 26 59 82 8 77 36 20 27 50 32 48 73
split_gain=31.9024 25.9912 57.7141 52.6383 48.0348 26.6147 56.401 31.3189 53.9315 44.3662 48.3051 44.6431 28.1528 45.3707
threshold=0.24890176508813364 0.20727460156605779 14.500000000000002 1.0000000180025095e-35 11.865 12.910533851323645 0.8218784443394741 0.86792811506012268 1.1010101010101014 10.681985294117649 12.273214285714287 1.0000000180025095e-35 24.97058823529412 16.500000000000004
decision_type=10 10 2 2 10 10 8 10 8 10 8 10 2 2
left_child=1 4 -3 -4 5 7 -7 9 -9 11 -11 12 13 -1
right_child=-2 2 3 -5 -6 6 -8 8 -10 10 -12 -13 -14 -15
leaf_value=1.6467216598007025e-06 -0.020924372491410347 0.041347280252642303 0.022767818926537731 -0.023969127545012226 -0.023651209496901957 0.042914830915742497 -0.0033102241528063115 0.038078508053158475 -0.0067675990812136938 -0.046813553549620975 -0.0012939942208396869 0.031125660067048463 -0.0042060531310296632 0.012057873912486437
leaf_weight=6661.4054308161139 177.39411586523056 122.31306590884924 118.66000933945179 120.33281308412552 210.38152496516705 111.74154777824879 158.81450041383505 140.85609784722328 126.62124850600958 105.31131633371115 129.13660431653261 113.61718261241913 3161.2675482109189 882.90024376660585
leaf_count=18326 414 410 338 336 491 242 588 354 321 348 361 288 8701 2102
internal_value=6.64765e-05 0.000374308 0.0135654 -0.000766041 -3.06357e-05 0.000400066 0.0158688 2.90203e-05 0.0169027 -0.000380782 -0.0218528 8.64864e-05 -0.000245806 0.00141398
internal_weight=12340.8 12163.4 361.306 238.993 11802.1 11591.7 270.556 11321.1 267.477 11053.6 234.448 10819.2 10705.6 7544.31
internal_count=33620 33206 1084 674 32122 31631 830 30801 675 30126 709 29417 29129 20428
is_linear=0
shrinkage=0.05


Tree=176
num_leaves=15
num_cat=0
split_feature=57 52 58 41 53 48 76 81 24 48 14 56 41 59
split_gain=28.3999 24.5125 37.1061 30.3415 64.5122 28.6313 47.4569 43.9057 38.9993 60.2897 59.6935 40.2499 39.6813 36.0454
threshold=176.21323529411768 139.75000000000003 14.750000000000002 13.500000000000002 2.0333333333333337 19.000000000000004 1.1428374112075772 4.8650000000000011 -0.57119999999999971 16.424632352941178 0.44345238095238099 4.1236111111111118 119.00000000000001 1.0000000180025095e-35
decision_type=2 8 2 8 10 2 10 8 8 2 10 2 8 2
left_child=-1 -2 -3 4 -4 6 8 -8 9 -5 12 -12 13 -10
right_child=1 2 3 5 -6 -7 7 -9 10 -11 11 -13 -14 -15
leaf_value=-0.023644351415893401 -0.022213315861010441 0.023911593777492187 -0.0089297087849761099 0.043210891455755594 0.038421086257436114 0.0013504784788128063 -0.0088486109895090492 -0.046227936888095247 0.037405595390860115 0.00087655365498945153 0.001058051505521602 -0.03258725693707594 -0.0046016059552797511 -0.0012342970943843195
leaf_weight=121 115.62048130482435 170.50695343315601 133.47279635816813 108.63892135769129 154.22968413680792 9228.3919258490205 226.33718286454678 119.8412003070116 120.37203528732061 361.23279519379139 129.58904207497835 281.61285258829594 912.44173261523247 119.93491551280022
leaf_count=229 259 485 318 280 387 25472 561 312 316 1031 408 720 2499 315
internal_value=0.000359756 0.000600099 0.000820516 0.000487569 0.016499 8.93558e-05 -0.00479913 -0.0218846 -0.00188167 0.0107356 -0.00567685 -0.0220072 0.000162448 0.0181956
internal_weight=12303.2 12182.2 12066.6 11896.1 287.702 11608.4 2380 346.178 2033.82 469.872 1563.95 411.202 1152.75 240.307
internal_count=33592 33363 33104 32619 705 31914 6442 873 5569 1311 4258 1128 3130 631
is_linear=0
shrinkage=0.05


Tree=177
num_leaves=15
num_cat=0
split_feature=57 77 46 14 33 39 57 58 46 52 46 47 4 47
split_gain=24.2018 62.1439 37.0762 93.5856 29.0846 43.433 46.5801 46.4655 28.9378 37.2507 66.7655 75.4565 123.669 49.9559
threshold=201.43014705882356 0.7614309543406983 65.060661764705898 0.32690476190476198 1.0787878787878789 28.735112936344972 196.88235294117649 17.468750000000004 59.119485294117659 233.70000000000002 61.181985294117659 0.56957953842072695 5.9608082926679353 0.59360018470348497
decision_type=2 10 2 10 10 2 2 2 2 10 2 2 10 2
left_child=1 2 4 -4 5 6 7 -1 -2 -10 11 12 -11 -12
right_child=8 -3 3 -5 -6 -7 -8 -9 9 10 13 -13 -14 -15
leaf_value=0.023625023415839205 -0.0082006357211283441 -0.034317082494320555 -0.01382560321671311 0.048199017763551337 -0.026136328690850748 0.021714358005552974 -0.026753254959143009 -0.014713752515211516 0.0049141273558289825 0.0081340944874733305 -0.0078843373655831835 -0.0046430988633618378 0.061426626477493917 0.003000274445453878
leaf_weight=147.91863125562668 790.84647504985332 170.20101176202297 128.97834527492523 113.50819550454617 157.90022859722376 145.87247962504625 217.19252038002014 167.43221808969975 4828.5379498675466 381.73770970106125 2747.6623572185636 436.97769182920456 151.50337025523186 1709.2284528389573
leaf_count=304 2053 341 330 297 354 278 395 387 11662 796 8226 1466 309 6414
internal_value=0.000262863 -0.00633135 -0.0018884 0.0152869 -0.00688062 -0.00236701 -0.00899163 0.00328729 0.00100896 0.00171988 -0.00112245 0.010757 0.0233621 -0.00371033
internal_weight=12295.5 1249 1078.8 242.487 836.316 678.416 532.543 315.351 11046.5 10255.6 5427.11 970.219 533.241 4456.89
internal_count=33612 2686 2345 627 1718 1364 1086 691 30926 28873 17211 2571 1105 14640
is_linear=0
shrinkage=0.05


Tree=178
num_leaves=15
num_cat=0
split_feature=58 31 28 79 24 22 48 36 53 47 28 55 36 56
split_gain=24.2385 59.9462 53.7909 27.3003 56.3431 92.6917 35.1003 66.5641 41.5744 53.1735 35.6342 52.2271 60.5805 55.2112
threshold=30.091911764705888 0.65572727272727283 3.1130000000000004 -0.28210604169850068 -4.5111818181818171 0.69081537019681361 18.781250000000004 0.57817011687840336 1.1339285714285716 0.59532700076427569 2.2653235294117651 15.111764705882356 0.64989248019703749 4.9489862057503755
decision_type=2 10 10 8 8 10 2 10 10 2 8 2 8 2
left_child=3 2 -2 -1 5 -5 7 8 9 -6 -8 13 -13 -12
right_child=1 -3 -4 4 6 -7 10 -9 -10 -11 11 12 -14 -15
leaf_value=-0.004734135010536245 -0.013067309958241874 -0.04239973535349361 0.023221241612771226 -0.0063016392449016263 -0.0065220006629573418 0.051361397094893436 -0.0025088541376595925 -0.031013953895307939 -0.004874726293041933 0.04088214934634634 0.0051375726527990283 -0.016288103686584367 0.020658872480018256 0.025304498824421724
leaf_weight=1899.4419835209846 329.96162877231836 111.88680228590965 146.69578698277473 132.51375403255224 114.82621575891972 145.55105148255825 2343.0097520798445 216.66067475825548 1379.0912887975574 120.49826209247112 4370.9559488669038 514.67363452911377 140.4433297291398 367.07318051159382
leaf_count=2801 929 309 396 464 308 385 6761 679 4029 345 13341 1656 406 840
internal_value=0.000256033 -0.00963705 -0.00187393 0.000752567 0.00181148 0.0239576 0.00116539 -0.00505786 -0.00155742 0.0178216 0.00263884 0.00487526 -0.00834803 0.00670499
internal_weight=12333.3 588.544 476.657 11744.7 9845.3 278.065 9567.23 1831.08 1614.42 235.324 7736.16 5393.15 655.117 4738.03
internal_count=33649 1634 1325 32015 29214 849 28365 5361 4682 653 23004 16243 2062 14181
is_linear=0
shrinkage=0.05


Tree=179
num_leaves=15
num_cat=0
split_feature=27 28 50 7 20 7 77 77 63 22 56 28 50 54
split_gain=25.11 27.6674 69.6218 33.9601 28.4353 50.0297 26.1305 55.8604 81.4935 71.775 64.1636 93.6575 69.7669 66.8292
threshold=15.345220588235296 14.246266666666669 11.986190476190478 14.770000000000001 -8.1416355139178143e-16 13.346428571428573 0.43468975998323028 0.56538505241030601 1.0000000180025095e-35 0.69959349593495945 3.819227416367005 7.6330666666666671 10.625833333333334 28.763888888888893
decision_type=10 10 8 10 8 10 10 10 2 10 2 10 8 10
left_child=1 3 -3 4 -1 6 -6 8 9 -8 11 -9 -12 -14
right_child=-2 2 -4 -5 5 -7 7 10 -10 -11 12 -13 13 -15
leaf_value=0.02008035551926864 0.019908612992626428 0.010502095427460049 -0.045460807406819972 0.025563820643763016 -0.0011666285367964871 -0.032488144689350178 0.030086385156841214 -0.0067925376984654534 0.04752552138042649 -0.013181268924335677 -0.01594048712936616 0.056475800917775432 0.00030476730862214499 0.035501082239251427
leaf_weight=174.95333725959063 160.91043635457754 110.91673161834478 109.77729976177216 131.71652875840664 8807.7527319341898 117.53931905329227 170.39571410417557 114.00343166291714 168.13585431873798 216.55041232705116 622.44595313072205 118.71766982972622 1182.764613494277 151.2298471480608
leaf_count=460 509 293 310 378 24745 405 468 348 465 466 1457 278 2663 353
internal_value=0.000347561 8.7886e-05 -0.0174144 0.00041184 0.000130003 -0.000170794 0.000160812 0.00442016 0.0185716 0.00590053 0.000825077 0.025586 -0.00213183 0.00431844
internal_weight=12357.8 12196.9 220.694 11976.2 11844.5 11669.5 11552 2744.24 555.082 386.946 2189.16 232.721 1956.44 1333.99
internal_count=33598 33089 603 32486 32108 31648 31243 6498 1399 934 5099 626 4473 3016
is_linear=0
shrinkage=0.05


Tree=180
num_leaves=15
num_cat=0
split_feature=33 50 80 56 75 30 22 79 48 79 81 20 44 81
split_gain=35.1958 60.3634 43.8297 84.2172 39.7255 34.2346 32.8335 27.1799 43.9129 45.1547 80.6953 74.5642 86.4546 73.9897
threshold=3.4142156862745101 13.561250000000001 11.875000000000002 4.2989508397271399 10.810000000000002 0.0097870037595449606 0.74560862865947619 0.61100849067112228 23.788602941176475 -0.096895118360023236 5.6250000000000009 -8.2341540993032434e-17 0.6243314743314744 7.4450000000000012
decision_type=10 8 10 2 10 10 8 10 2 8 10 10 10 10
left_child=2 -2 4 -4 5 7 -6 8 9 -1 11 12 -11 -12
right_child=1 -3 3 -5 6 -7 -8 -9 -10 10 13 -13 -14 -15
leaf_value=-0.0010721300712649301 -0.035186272708209336 0.0098312933202846821 -0.0029811190564864466 0.04748530380134483 -0.0014014503063698933 0.027757177554150032 -0.036952179026893704 -0.0033821093292531025 -0.0037547968681280299 0.011049520647542603 0.048293205466954009 0.00023778150470694446 0.055641482010865662 0.0025523374534171389
leaf_weight=2221.9633870720863 178.15311785042286 126.82343059778214 194.74393826723099 142.5029254257679 130.10827997326851 113.90986469388008 128.84424588084221 3431.0914917439222 2351.7081054896116 693.34387741237879 222.19842013716698 2046.9490620940924 128.10088601708412 146.5935368090868
leaf_count=3415 469 297 488 348 336 282 297 9979 6733 2204 497 7281 454 343
internal_value=0.000250016 -0.0164949 0.000678635 0.0184207 0.000161936 0.000604286 -0.0191642 0.000326713 0.00195612 0.00441652 0.00818303 0.00534695 0.0180626 0.0301674
internal_weight=12257 304.977 11952.1 337.247 11614.8 11355.9 258.953 11241.9 7810.86 5459.15 3237.19 2868.39 821.445 368.792
internal_count=33423 766 32657 836 31821 31188 633 30906 20927 14194 10779 9939 2658 840
is_linear=0
shrinkage=0.05


Tree=181
num_leaves=15
num_cat=0
split_feature=58 59 6 83 58 47 80 3 11 75 44 47 58 3
split_gain=36.2318 52.449 68.9183 46.71 23.9792 84.0239 45.7116 53.1984 67.9877 44.2135 51.1352 33.5837 32.5563 63.332
threshold=30.091911764705888 0.75000000000000011 4.2452085322503477 3.5029168655053455 27.242647058823533 0.51344918058638633 8.9550000000000018 6.0050000000000008 0.071475694507710588 2.8050000000000002 0.56859045504994465 0.51344918058638633 19.363970588235297 1.834848484848485
decision_type=2 2 8 2 2 2 10 10 10 8 8 2 2 10
left_child=4 3 -3 -2 11 -6 7 8 9 10 -7 12 13 -1
right_child=1 2 -4 -5 5 6 -8 -9 -10 -11 -12 -13 -14 -15
leaf_value=-0.00097968049520887036 -0.007798074128406815 -0.019663516165563954 0.028087595302984231 -0.046713989172694023 0.044638956683763727 -0.01166899229111832 0.032022644191105634 -0.02774633907222622 0.038084599859502362 -0.01090953687464094 0.026955765826282219 0.0011437153971900864 -0.0025829420078840324 -0.046678206311654626
leaf_weight=164.25826342403889 166.89347859472036 155.38076627999544 145.23104756325483 143.10870339721441 134.32251510024071 137.81432457268238 122.36008834838867 149.12070371955633 127.68405151367188 478.15098781883717 223.59091903269291 9309.3018604665995 718.51109021157026 139.87676052004099
leaf_count=339 460 420 399 399 225 301 292 395 297 1288 514 26279 1616 298
internal_value=0.000404063 -0.0114596 0.00342255 -0.0258556 0.00102388 0.00722934 0.00314004 -5.14943e-05 0.0042425 -0.000943564 0.0122355 0.000198598 -0.00839766 -0.0220813
internal_weight=12315.6 610.614 300.612 310.002 11705 1373.04 1238.72 1116.36 967.24 839.556 361.405 10331.9 1022.65 304.135
internal_count=33522 1678 819 859 31844 3312 3087 2795 2400 2103 815 28532 2253 637
is_linear=0
shrinkage=0.05


Tree=182
num_leaves=15
num_cat=0
split_feature=81 47 5 11 41 73 57 6 76 27 75 14 45 48
split_gain=19.2146 17.7466 16.9186 65.8684 55.6352 51.0291 56.2467 71.6999 58.6248 45.5368 41.2662 20.1208 19.1093 37.12
threshold=1.1950000000000001 0.66059550247433874 11.141666666666669 0.21274391147665264 9.0000000000000018 15.500000000000002 261.53125000000006 7.1800420847156916 0.82313846153846171 10.926250000000001 10.685 0.89809090909090927 28.345238095238098 30.091911764705888
decision_type=8 2 10 10 10 2 2 10 10 8 8 10 10 2
left_child=-1 2 3 11 -4 6 7 10 -8 -9 -6 12 13 -2
right_child=1 -3 4 -5 5 -7 8 9 -10 -11 -12 -13 -14 -15
leaf_value=0.018956205782020615 0.00033285980647491595 -0.012939858119690723 -0.036669400153607756 0.034618638533105817 0.0045177645019393612 -0.026760886888598498 0.0012282263588734546 0.041096233960913768 0.059616624556352117 -0.0041808245889037761 -0.031238350207011968 0.01946697918305066 -0.0055852592612504011 0.017050641546778385
leaf_weight=134.18357774615288 8983.2346185594797 258.27279213070869 127.18886248022318 141.61412846297026 129.03300482034683 162.01409354805946 89.957169011235237 111.09358040243387 81.415318518877029 109.72213580459356 213.38231478631496 135.79005068540573 1269.5995304509997 343.78639288246632
leaf_count=275 24081 713 372 376 251 415 388 295 235 308 587 446 3777 1014
internal_value=0.000209624 1.15047e-06 0.000283132 0.000861854 -0.00585842 -0.00145178 0.00415885 -0.00348399 0.0291522 0.0186809 -0.0177904 0.00041325 0.000167273 0.000950825
internal_weight=12290.3 12156.1 11897.8 10874 1023.81 896.618 734.604 563.231 171.372 220.816 342.415 10732.4 10596.6 9327.02
internal_count=33533 33258 32545 29694 2851 2479 2064 1441 623 603 838 29318 28872 25095
is_linear=0
shrinkage=0.05


Tree=183
num_leaves=15
num_cat=0
split_feature=28 58 4 52 28 39 39 24 38 58 41 50 39 21
split_gain=37.629 29.5765 33.5752 26.8736 46.4396 45.2944 40.5134 82.301 38.8212 49.7157 72.9828 60.6412 64.9081 57.8229
threshold=15.633066666666668 14.750000000000002 16.417732085615487 233.70000000000002 12.610823529411766 32.77481177275839 22.392881587953458 -0.95200000000000062 3.5000000000000004 27.330882352941178 103.00000000000001 16.056923076923081 23.471594798083505 8.2554347826086971
decision_type=10 2 10 10 10 2 2 10 8 2 8 10 2 10
left_child=1 -1 3 4 5 8 7 -5 9 11 -11 12 -3 -14
right_child=-2 2 -4 6 -6 -7 -8 -9 -10 10 -12 -13 13 -15
leaf_value=0.019025205109844064 -0.020055690427558445 -0.013636789665996055 -0.026430256311816308 0.050059957361444751 0.031538440732686801 0.024440354135551238 -0.0033298787522401761 -0.010579973977742256 -0.0095599605797879964 0.037811757931622579 0.0017009035539928493 -0.018705160450488648 -0.00093136985244331779 0.012549942736234788
leaf_weight=197.9173923432827 239.82588718086481 538.48227794468403 121.74650648981333 105.93996798247099 131.41248009353876 207.84567181020975 5711.9044448211789 116.76058715581894 786.38783595710993 231.63306727260351 351.34435854107141 372.75090119987726 1776.1664028614759 1439.2205631658435
leaf_count=534 594 1318 377 367 394 510 17787 348 1664 416 720 893 4100 3557
internal_value=-0.000485417 -9.55644e-05 -0.000415373 -0.000144055 0.00226518 0.00158533 -0.00251293 0.0183616 0.000716717 0.00243434 0.0160889 0.00050189 0.00241358 0.00510495
internal_weight=12329.3 12089.5 11891.6 11769.8 5835.24 5703.83 5934.6 222.701 5495.99 4709.6 582.977 4126.62 3753.87 3215.39
internal_count=33579 32985 32451 32074 13572 13178 18502 715 12668 11004 1136 9868 8975 7657
is_linear=0
shrinkage=0.05


Tree=184
num_leaves=15
num_cat=0
split_feature=47 20 8 31 47 53 20 56 9 58 80 28 58 15
split_gain=22.8866 113.472 74.0364 52.2364 50.8658 100.134 66.4082 65.6719 58.8203 59.9604 47.3923 58.3736 83.1632 80.5515
threshold=0.61142941330539557 -2.3360942809821001e-16 15.127597593478596 0.80814903846153852 0.59532700076427569 1.3452380952380956 2.4142857142857146 3.819227416367005 4.1886666666666672 21.941176470588239 13.075000000000001 8.5838750000000008 23.272058823529417 0.82414804683831544
decision_type=2 8 10 10 2 8 10 2 10 2 10 10 2 10
left_child=4 -2 3 -3 10 -6 7 -7 -9 -10 11 -1 -13 -14
right_child=1 2 -4 -5 5 6 -8 8 9 -11 -12 12 13 -15
leaf_value=0.00065950216297725394 -0.051181838356763799 -0.0020851883611138935 -0.044453902154804784 0.033906769247582839 0.053210851210240322 0.045002572179901536 -0.032675190527068007 -0.0021753268795183301 0.061565149473716531 0.0011672494791941039 0.029501397960594616 -0.022198515825573039 0.016317559063189196 -0.028938589581379279
leaf_weight=6953.8417885378003 122.88822219520807 2530.4298848956823 99.140564233064651 103.99115615338087 122.11708454042673 114.36808710545301 101.6962423324585 641.74830962717533 81.128580510616302 82.319648467004299 127.44561302661896 711.97443306446075 370.36899827420712 132.74710758030415
leaf_count=17254 358 8037 273 447 457 451 324 2112 270 335 341 1623 877 390
internal_value=-0.000457817 -0.0043784 -0.00225639 -0.000652115 0.000728882 0.0106108 0.0054698 0.00971924 0.00465808 0.0313382 -0.00063412 -0.00110783 -0.0112143 0.00434301
internal_weight=12296.2 2856.45 2733.56 2634.42 9439.76 1143.38 1021.26 919.565 805.197 163.448 8296.38 8168.93 1215.09 503.116
internal_count=33549 9115 8757 8484 24434 3949 3492 3168 2717 605 20485 20144 2890 1267
is_linear=0
shrinkage=0.05


Tree=185
num_leaves=15
num_cat=0
split_feature=20 58 51 79 10 11 55 36 27 3 83 3 55 5
split_gain=30.6836 59.702 63.4364 44.5735 41.566 73.1716 78.2909 22.7086 94.864 56.6326 39.2864 57.0279 55.0015 27.4952
threshold=3.1010101010101017 26.218750000000004 4.3351832492928306 0.59665541460769755 0.24456110913344684 0.21452715888791649 12.290625000000002 0.89919995786625972 10.624705882352943 5.1041666666666679 10.524108284551039 10.876388888888892 13.046875000000002 3.2333333333333338
decision_type=10 2 8 8 10 10 2 8 8 10 2 10 2 8
left_child=4 2 3 -2 5 7 -7 10 9 -9 11 13 -12 -1
right_child=1 -3 -4 -5 -6 6 -8 8 -10 -11 12 -13 -14 -15
leaf_value=0.0022086885548357367 0.038673296040736611 -0.042257958247665317 -0.025680165302067272 -0.0074387364066539861 -0.027258892995712814 0.0015242651650404443 0.057167551081850614 -0.015499156339324933 0.047870062987621864 0.021411135746221912 0.0013107663585959881 0.035832742149044958 -0.038464155289129005 -0.0029542111317742933
leaf_weight=5763.2000737339258 105.70052571594715 122.87178526818752 160.32301446795464 102.45925926417112 132.23510245233774 136.25986835360527 117.01697733253241 265.40243212133646 126.97729121148586 169.39507251977921 191.46308425813913 110.59469259530306 158.07515804469585 4665.3650762587786
leaf_count=15791 190 315 396 437 383 345 339 659 365 417 516 360 437 12638
internal_value=2.2263e-06 -0.012228 -0.00212715 0.0160492 0.000510938 0.000826998 0.0273559 0.000237859 0.0100318 -0.00110295 -0.000268307 0.000279373 -0.0167355 -0.000101069
internal_weight=12327.3 491.355 368.483 208.16 11836 11703.7 253.277 11450.5 561.775 434.798 10888.7 10539.2 349.538 10428.6
internal_count=33588 1338 1023 627 32250 31867 684 31183 1441 1076 29742 28789 953 28429
is_linear=0
shrinkage=0.05


Tree=186
num_leaves=15
num_cat=0
split_feature=28 29 82 75 39 53 39 54 48 26 75 7 6 47
split_gain=32.8832 27.818 47.337 46.2489 26.5017 50.0347 27.1776 27.554 57.5851 53.774 79.4814 69.556 47.2428 39.1882
threshold=15.885375000000002 0.23114611646365471 12.035000000000002 11.395000000000001 33.935660506502401 2.4494949494949503 32.77481177275839 28.148351648351653 17.218750000000004 14.500000000000002 3.9850000000000008 5.329600000000001 2.9239263392162935 0.619228852340175
decision_type=10 10 10 10 2 8 2 10 2 2 10 10 10 2
left_child=1 2 3 4 6 -6 7 -1 -9 10 13 12 -11 -10
right_child=-2 -3 -4 -5 5 -7 -8 8 9 11 -12 -13 -14 -15
leaf_value=-0.0011896511964173558 -0.019978966265245958 0.021187685530196898 -0.022647897068142513 0.02676339149886818 -0.03597352896019898 0.0062052739151427713 0.019263970478926778 0.038173386377666402 -0.0025039451361894725 -0.0059153096408829306 0.043971766033411935 -0.030773921843351357 0.031101063608391013 0.030251413891474007
leaf_weight=9609.8357923328876 209.97790452092886 150.99308339506388 232.13835145533085 159.46882981061935 143.2768836915493 136.65579514950514 181.25807286798954 126.85463269799948 471.70605005323887 319.97371184825897 155.41747431457043 212.57573103904724 116.86436869204044 112.19534768909216
leaf_count=25875 542 465 521 389 445 452 516 358 1470 799 419 602 350 392
internal_value=-0.000408815 -6.84023e-05 -0.000338095 0.000104705 -0.000264482 -0.0154341 0.000112423 -0.000201302 0.00606214 0.00310357 0.0123172 -0.0073884 0.00403585 0.00383088
internal_weight=12339.2 12129.2 11978.2 11746.1 11586.6 279.933 11306.7 11125.4 1515.59 1388.73 739.319 649.414 436.838 583.901
internal_count=33595 33053 32588 32067 31678 897 30781 30265 4390 4032 2281 1751 1149 1862
is_linear=0
shrinkage=0.05


Tree=187
num_leaves=15
num_cat=0
split_feature=81 57 57 41 10 8 53 28 41 80 29 28 27 73
split_gain=29.0104 55.8937 68.2629 46.0148 26.6058 38.4401 23.6243 108.274 86.3863 46.617 34.812 78.6448 112.235 127.533
threshold=9.2250000000000032 256.79044117647067 222.79595588235296 13.500000000000002 0.23086567599846677 14.225101063802194 1.1483516483516485 9.7252000000000027 62.000000000000007 1.9150000000000003 0.09566802814609987 4.1960555555555565 3.8610294117647066 5.5000000000000009
decision_type=10 2 2 8 10 10 8 8 10 8 8 10 10 2
left_child=3 2 -2 -1 5 6 7 9 -9 -5 11 -8 -13 -14
right_child=1 -3 -4 4 -6 -7 10 8 -10 -11 -12 12 13 -15
leaf_value=0.022028038554754815 0.0043121197718471544 0.013499526316440186 -0.041478476997391794 0.021062543539627981 -0.021410924319395799 0.028881779884054899 -0.0006205148647951519 0.0064089686663937762 0.068965662821135823 -0.012237834537929565 -0.0041210209461914468 0.044235244446611741 0.048550528588847487 -0.006116173918105202
leaf_weight=239.70941424369812 134.98447248339653 148.08435362577438 203.33040477335453 141.06439255177975 143.0731885433197 114.72248079627752 5363.8025023117661 109.95679337531328 110.25338502973318 403.03802596777678 4363.9878794327378 243.51697356253862 131.89255397766829 540.2522574365139
leaf_count=592 334 423 475 298 453 383 14104 328 296 1187 12207 691 367 1535
internal_value=-0.000100404 -0.0120566 -0.0232496 0.000389046 -5.7452e-05 0.000209526 -8.13233e-05 0.00840372 0.0378996 -0.00358155 -0.000691371 0.00169238 0.0152269 0.00466707
internal_weight=12391.7 486.399 338.315 11905.3 11665.6 11522.5 11407.8 764.313 220.21 544.102 10643.5 6279.46 915.662 672.145
internal_count=33673 1232 809 32441 31849 31396 31013 2109 624 1485 28904 16697 2593 1902
is_linear=0
shrinkage=0.05


Tree=188
num_leaves=15
num_cat=0
split_feature=50 46 24 48 82 21 21 80 5 54 17 15 17 15
split_gain=26.4109 32.8191 23.6586 44.6461 43.0346 51.2887 44.4203 41.0141 29.1653 73.8989 63.1158 57.3086 64.5402 45.686
threshold=5.8625000000000016 64.303308823529434 4.0327777777777785 18.781250000000004 8.8850000000000033 10.15587044534413 9.44590643274854 12.445000000000002 13.558333333333334 23.925824175824179 5.2613636363636376 0.89461701128864013 4.6794871794871806 0.81017027808327369
decision_type=8 2 10 2 8 10 10 8 10 10 10 10 10 10
left_child=1 -1 8 -4 5 -5 -6 -8 10 -10 11 12 13 -2
right_child=2 -3 3 4 6 -7 7 -9 9 -11 -12 -13 -14 -15
leaf_value=-0.017945264051148265 0.0001224035020237113 0.0060102613191419726 -0.036796311048608747 0.032232373843059867 -0.044802525519536583 -0.011173834581464774 -0.027808535085233312 0.017651865874458838 -0.0033589628749436822 0.041963255915709284 -0.036907386259778761 0.028547790229159542 0.036566531430476501 -0.018901070876491403
leaf_weight=448.97379890829325 9854.1651266291738 208.95795711874962 118.83651368319988 139.0300003439188 92.975484721362591 131.65191251039505 90.032592460513115 108.06803319603205 232.73778825998306 145.45203871279955 113.43875771760941 177.10057780891657 117.89323107153177 325.04676930606365
leaf_count=1061 26790 607 333 343 254 317 209 499 658 412 297 580 292 881
internal_value=-0.000600992 -0.0103395 -5.00045e-05 -0.00908875 -0.00317241 0.0111574 -0.0164908 -0.00304484 0.000511763 0.0141367 2.37924e-05 0.000427253 -5.9119e-05 -0.000486859
internal_weight=12304.4 657.932 11646.4 680.595 561.758 270.682 291.076 198.101 10965.8 378.19 10587.6 10474.2 10297.1 10179.2
internal_count=33533 1668 31865 1955 1622 660 962 708 29910 1070 28840 28543 27963 27671
is_linear=0
shrinkage=0.05


Tree=189
num_leaves=15
num_cat=0
split_feature=83 3 43 41 40 76 41 55 58 31 24 41 57 20
split_gain=25.0103 31.3618 22.3848 70.9537 70.4118 66.3611 39.2017 89.986 30.9662 47.3765 40.5459 31.7959 29.9387 28.8038
threshold=14.837125319116364 15.478409090909093 58.625874125874127 36.500000000000007 5.5000000000000009 0.88787565331010476 13.500000000000002 12.358823529411767 28.755514705882359 0.6836607142857144 0.63466666666666749 40.000000000000007 309.28125000000006 2.5857142857142863
decision_type=2 10 8 8 2 10 8 2 2 8 10 10 2 10
left_child=1 2 3 -1 -5 -6 7 -4 12 10 -10 -11 13 -8
right_child=-2 -3 6 4 5 -7 8 -9 9 11 -12 -13 -14 -15
leaf_value=-0.034771763189911827 0.021947630318892519 -0.025663747947931043 -0.0097069851167359347 -0.0070859555784847849 0.031241054878933847 -0.0091655261965517456 0.00053831071517299153 0.052313964226869653 -0.0068536807398414772 -0.0039193340706669333 0.02481613461956117 -0.037440665667451647 0.027712066510908625 0.013175416070903693
leaf_weight=177.03586470335722 129.16679594665766 117.67722502350807 116.24157349765301 1422.672754317522 267.64429175853729 162.83261626958847 8330.148000381887 116.16863983124495 472.4750324562192 115.75019364804029 127.49021925032139 181.96386866271496 106.97596384584904 475.72698713093996
leaf_count=332 380 381 301 3126 559 314 23480 308 1240 355 337 496 535 1407
internal_value=0.000146809 -8.59611e-05 0.000165451 -0.00462173 -0.00172422 0.015971 0.00113355 0.0213851 0.000651659 -0.00819457 -9.38759e-05 -0.0244644 0.00154345 0.00122243
internal_weight=12320 12190.8 12073.1 2030.19 1853.15 430.477 10042.9 232.41 9810.53 897.679 599.965 297.714 8912.85 8805.87
internal_count=33551 33171 32790 4331 3999 873 28459 609 27850 2428 1577 851 25422 24887
is_linear=0
shrinkage=0.05


Tree=190
num_leaves=15
num_cat=0
split_feature=57 82 10 32 13 10 15 15 55 82 15 27 6 59
split_gain=20.1046 27.0343 54.5208 34.3203 28.7414 30.3601 24.1616 28.0683 50.6074 55.4096 36.288 26.9008 39.425 28.9103
threshold=176.21323529411768 14.345000000000001 0.23086567599846677 1.0000000180025095e-35 0.011951834180980067 0.20291387435981259 0.90300943102542619 0.79637434095577364 12.913529411764708 6.5950000000000006 0.76829107678774589 10.426470588235295 5.2997762363196079 1.0000000180025095e-35
decision_type=2 10 10 10 10 10 10 10 2 10 10 10 10 2
left_child=-1 2 3 4 5 6 7 10 9 -9 11 -2 13 -13
right_child=1 -3 -4 -5 -6 -7 -8 8 -10 -11 -12 12 -14 -15
leaf_value=-0.020044725667089446 -0.00083393699954280212 0.020046539414557533 -0.028704645177709022 0.023683277679096712 -0.018080522677363393 0.018582536843158734 0.017365580457712228 0.028754921959252125 -0.031918463518954325 -0.014393898178105401 0.022480758499235656 0.0073502497418851164 -0.011457241961326282 0.043079782000786403
leaf_weight=126 10023.568522818387 164.11638598144054 165.86809749901295 150.98341172933578 220.24987060576677 217.28083004802465 190.46131327748299 111.09674423933029 195.33388909697533 220.2612532377243 175.71977899223566 113.08179337531328 106.25810843706131 113.38660437613726
leaf_count=238 27239 451 522 362 487 598 595 428 559 502 522 304 335 312
internal_value=-0.000254027 -4.74578e-05 -0.000323836 7.62229e-05 -0.000230763 0.000113646 -0.000244706 -0.000549546 -0.0118026 0.000115903 1.42726e-05 -0.00036906 0.0135962 0.0253498
internal_weight=12293.7 12167.7 12003.6 11837.7 11686.7 11466.4 11249.2 11058.7 526.692 331.358 10532 10356.3 332.727 226.468
internal_count=33454 33216 32765 32243 31881 31394 30796 30201 1489 930 28712 28190 951 616
is_linear=0
shrinkage=0.05


Tree=191
num_leaves=15
num_cat=0
split_feature=69 81 73 69 13 58 31 21 71 83 82 39 14 82
split_gain=28.0774 83.622 40.1767 34.0773 31.5656 26.4816 39.8699 38.5782 26.7373 59.7998 45.3021 32.568 36.9118 31.7073
threshold=0.27000541491143309 5.8250000000000011 7.5000000000000009 0.24296083574045027 0.020445517309771205 30.091911764705888 0.65572727272727283 11.988636363636365 0.027665603193485017 8.0907188215689061 14.345000000000001 27.612594113620812 0.53038461538461557 11.865
decision_type=2 10 2 2 10 2 8 8 2 2 10 2 10 10
left_child=3 2 -2 4 5 8 7 -7 10 11 13 12 -10 -1
right_child=1 -3 -4 -5 -6 6 -8 -9 9 -11 -12 -13 -14 -15
leaf_value=0.0014832740566715927 0.016573125850474685 0.042746233291237709 -0.0074754998558810145 -0.016932160922874421 -0.022358864258427282 -0.015594842365568184 -0.029424116344586027 0.019500949620913283 -0.00049138076009491022 -0.030090556637895734 0.032434886381207527 -0.013472420550351702 0.028617381953721689 -0.019798237190778386
leaf_weight=8772.0822581872344 276.29272122681141 146.47713306546211 463.79282409697771 319.77163092792034 160.33521756529808 179.99130991846323 188.08054322004318 137.00850790739059 704.7027023434639 215.55883949249983 115.54348357021809 390.78808050602674 127.80797179043293 177.58796660602093
leaf_count=24111 704 333 1208 786 341 463 564 401 2060 579 327 999 363 419
internal_value=-0.000202503 0.00836576 0.00151271 -0.00086434 -0.000402859 -8.10943e-05 -0.0112527 -0.000412686 0.000457103 -0.00587234 0.00146227 -0.00158373 0.0040064 0.00105882
internal_weight=12375.8 886.563 740.086 11489.3 11169.5 11009.2 505.08 317 10504.1 1438.86 9065.21 1223.3 832.511 8949.67
internal_count=33658 2245 1912 31413 30627 30286 1428 864 28858 4001 24857 3422 2423 24530
is_linear=0
shrinkage=0.05


Tree=192
num_leaves=15
num_cat=0
split_feature=10 59 46 44 83 52 53 46 22 58 40 39 76 27
split_gain=25.8245 94.2937 25.48 57.3079 46.6805 39.1808 39.9599 29.4843 79.6698 26.8311 25.7997 74.0548 50.8026 30.6166
threshold=0.23086567599846677 0.75000000000000011 59.485294117647065 0.51388175174146411 1.8520507934463826 247.23611111111114 2.1291666666666669 59.757352941176478 0.77459677419354855 22.60477941176471 11.500000000000002 32.77481177275839 0.12858918128654975 13.542727272727275
decision_type=10 2 2 8 2 8 10 2 8 2 2 2 10 10
left_child=2 -2 3 -1 -5 9 -7 8 -4 -6 11 13 -13 -9
right_child=1 -3 7 4 5 6 -8 10 -10 -11 -12 12 -14 -15
leaf_value=0.025388866134330636 0.013387075495071328 -0.043545443155603256 0.053228206541511648 0.0035104170619360874 -0.035280495462137323 -0.017412921399665302 0.014704601181970291 0.0004214008038409124 -0.0087651159239445966 -0.0091925767185200413 -0.017138133665733069 0.0053670275810021872 0.052037229286003288 -0.021284429988961871
leaf_weight=128.32804979383945 144.23056102544069 144.96786464005709 93.736531488597393 450.38950961083174 296.75738713890314 252.8488000780344 155.65151480585337 9845.2994349747896 113.89091293513775 148.65760650485754 205.48687458783388 117.85086339712143 114.91648834943771 164.18465387821198
leaf_count=267 421 421 357 1121 595 568 445 26992 312 331 709 340 261 547
internal_value=-0.000463834 -0.0152035 -0.000109969 -0.00636806 -0.00950962 -0.016373 -0.00516911 0.000731962 0.0193437 -0.0266137 0.000360276 0.000712979 0.028532 6.32714e-05
internal_weight=12377.2 289.198 12088 1432.63 1304.3 853.915 408.5 10655.4 207.627 445.415 10447.7 10242.3 232.767 10009.5
internal_count=33687 842 32845 3327 3060 1939 1013 29518 669 926 28849 28140 601 27539
is_linear=0
shrinkage=0.05


Tree=193
num_leaves=15
num_cat=0
split_feature=80 53 45 63 77 29 45 59 77 31 39 50 43 44
split_gain=22.2227 57.6645 92.1107 112.35 94.9803 140.919 84.6542 132.672 53.0621 47.4129 28.0887 40.1555 65.1871 46.8653
threshold=7.6450000000000005 2.8819444444444451 24.788888888888895 1.0000000180025095e-35 0.70322196162866712 0.16826146441213211 25.267857142857146 1.0000000180025095e-35 0.68471495580010833 0.68745192307692315 26.16837782340863 14.012597402597406 57.88194444444445 0.61367961442858976
decision_type=10 10 8 2 8 8 10 2 10 10 2 8 8 10
left_child=10 2 3 4 -2 -6 7 -3 -4 -10 -1 13 -13 -12
right_child=1 6 8 -5 5 -7 -8 -9 9 -11 11 12 -14 -15
leaf_value=0.0022089710832151194 -0.029997434729358355 0.00331098725413208 0.043191098250393516 -0.037598540159192513 0.057586194756599755 -0.0098084187558534174 -0.0076152097473025891 0.066321065445294147 -0.013947287511493718 0.021219898470195415 -0.009863002510358548 0.028350634311809966 -0.00051643106264141693 0.0036290923673814
leaf_weight=5421.2112879008055 145.77856273949146 167.6249662488699 131.98903349041939 263.18719935417175 133.15980644524097 183.29384692013264 181.73884597420692 165.76184703409672 163.01050318777561 229.80415469408035 2414.4252005293965 220.82535224407911 1651.8628166690469 876.82883355766535
leaf_count=15252 342 361 346 556 375 366 453 371 342 520 6356 459 4686 2829
internal_value=0.000561705 0.00575351 -5.10144e-05 -0.0115882 0.0032708 0.0186425 0.0198141 0.0347446 0.0158882 0.00662784 -0.000304626 -0.00294337 0.00290086 -0.00626854
internal_weight=12350.5 1765.35 1250.22 725.419 462.232 316.454 515.126 333.387 524.804 392.815 10585.2 5163.94 1872.69 3291.25
internal_count=33614 4032 2847 1639 1083 741 1185 732 1208 862 29582 14330 5145 9185
is_linear=0
shrinkage=0.05


Tree=194
num_leaves=15
num_cat=0
split_feature=11 40 76 47 76 59 31 20 10 83 4 48 52 57
split_gain=28.6878 67.748 88.1383 121.157 82.4957 73.5686 42.2171 76.9726 46.9772 48.4651 72.8232 41.7428 42.7954 43.8686
threshold=0.19140878581769868 2.5000000000000004 0.93145548551597146 0.58711549024993148 0.9484213705249287 0.75000000000000011 0.57777083333333346 -2.7542071187816379e-16 0.15423897063197226 8.0907188215689061 10.471709015565866 17.093750000000004 193.26785714285717 215.42647058823533
decision_type=10 2 10 2 10 2 10 8 10 2 8 2 8 2
left_child=6 4 5 -4 -2 -3 8 -8 9 -1 -11 -9 -13 -14
right_child=1 2 3 -5 -6 -7 7 11 -10 10 -12 12 13 -15
leaf_value=0.0014273217903666112 0.016471859266045701 -0.022412267924097853 0.072216671529706608 0.0049107081296771863 -0.040155505233900331 0.025039494476243585 -0.040298270436736568 0.020171256939385599 0.026845045359261466 -0.03814503878870884 0.012563308584824233 -0.02703513448720879 0.011623764830582885 -0.0071324614320430737
leaf_weight=8562.7690802663565 125.88110519200563 164.95277526974678 137.42068162560463 129.63983199000359 129.625024497509 159.85748212784529 153.48711852729321 166.87594917416573 174.68596586585045 186.30438075959682 113.19482558220625 211.24836563318968 388.54560555517673 1560.7711433172226
leaf_count=23159 328 530 283 340 294 515 397 369 480 543 325 509 946 4595
internal_value=0.000309845 0.00918328 0.0184631 0.0396844 -0.0123013 0.0009466 -0.000343719 -0.00611974 0.00124248 0.000734852 -0.0190019 -0.00384943 -0.0057132 -0.00338985
internal_weight=12365.3 847.377 591.871 267.061 255.506 324.81 11517.9 2480.93 9036.95 8862.27 299.499 2327.44 2160.57 1949.32
internal_count=33613 2290 1668 623 622 1045 31323 6816 24507 24027 868 6419 6050 5541
is_linear=0
shrinkage=0.05


Tree=195
num_leaves=15
num_cat=0
split_feature=55 43 21 57 58 41 3 55 29 46 22 17 31 25
split_gain=26.5455 61.323 60.1635 52.0328 51.0976 59.8758 74.6633 50.9424 166.794 76.8451 90.8485 43.4117 41.8817 54.9762
threshold=14.79294117647059 64.038461538461561 8.7550000000000008 209.56985294117649 20.878676470588239 63.500000000000007 6.7354166666666675 14.257647058823531 0.13507468981553702 61.031250000000007 0.71362433862433872 0.93095238095238109 0.24585714285714289 0.10899999999999999
decision_type=2 8 8 2 2 8 8 2 10 2 10 10 8 8
left_child=7 2 11 -3 -4 -6 -7 -1 9 -9 -11 -2 -5 -14
right_child=1 3 4 12 5 6 -8 8 -10 10 -12 -13 13 -15
leaf_value=0.00071924110335328136 0.0049097397797525566 -0.047400932641768777 0.033218370230497944 0.015757650464416451 0.03445222828081225 0.0065083611355011353 -0.041064419902646206 -0.026646190266843672 0.070509119244075089 -0.0032661002649157465 0.048613914254905112 -0.034737628661235975 -0.032076931874799396 -0.0024924976861231568
leaf_weight=9817.4704731553793 127.99359261244535 104.97490990161896 189.27738615870476 130.20115568488836 119.41932306438684 330.68888138234615 108.79420723766088 150.14434265345335 111.71415972709656 229.54592859745026 132.33027794212103 148.35033940523863 275.42350405454636 363.99996983259916
leaf_count=26554 367 178 562 396 339 957 297 324 304 668 360 353 886 1105
internal_value=0.000611185 -0.00482478 0.00347606 -0.0145414 0.0108379 0.00321276 -0.00533479 0.00160029 0.0154444 0.00331624 0.015787 -0.0164228 -0.0100038 -0.0152658
internal_weight=12340.3 1899.12 1024.52 874.6 748.18 558.902 439.483 10441.2 623.735 512.021 361.876 276.344 769.625 639.423
internal_count=33650 5440 2875 2565 2155 1593 1254 28210 1656 1352 1028 720 2387 1991
is_linear=0
shrinkage=0.05


Tree=196
num_leaves=15
num_cat=0
split_feature=32 52 83 48 24 52 33 58 48 24 54 52 52 56
split_gain=32.3313 28.2091 62.4975 43.3462 43.4204 101.299 38.1345 44.0166 106.357 35.9307 30.8576 30.4591 32.8954 34.3888
threshold=0.060661764705882359 187.70000000000002 7.4896968351272593 25.187500000000004 -4.738888888888888 237.84523809523813 -1.5728159515523047e-16 15.511029411764708 20.454044117647062 5.0818095238095253 14.035714285714286 194.3666666666667 205.76388888888891 3.9846099266082207
decision_type=10 8 2 2 8 10 8 2 2 10 8 8 8 2
left_child=1 2 -1 4 5 -3 -6 8 -8 -5 -9 -12 -13 -14
right_child=-2 3 -4 9 6 -7 7 10 -10 -11 11 12 13 -15
leaf_value=-0.0019963151821406617 -0.024830093386826398 0.0582486704493324 -0.033560693721413744 -0.003203830695924332 0.024547178947000349 -0.0076528606091555602 -0.011594627653486955 0.019810072480068826 0.060243070142520075 -0.030700547014490265 0.021678465987034809 -0.011671078339797063 -0.0060695964159301515 0.0027190607378416386
leaf_weight=806.80711925774813 132.53723676502705 110.64799673855305 193.70336784422398 3121.8597897589207 181.49586478620768 121.63632371276617 102.85747726261616 206.07973619550467 101.69438683241606 122.53227932751179 160.82866626232862 578.6326958835125 1430.2865572422743 5004.9874301403761
leaf_count=1879 375 243 409 8729 422 389 282 570 377 343 369 1248 4691 13461
internal_value=-0.000360618 -9.37392e-05 -0.00813473 0.000622451 0.00259955 0.0238543 0.0019609 0.00141731 0.0242393 -0.00425145 0.00078162 0.000232382 -0.000262396 0.000765078
internal_weight=12376.6 12244 1000.51 11243.5 7999.15 232.284 7766.86 7585.37 204.552 3244.39 7380.82 7174.74 7013.91 6435.27
internal_count=33787 33412 2288 31124 22052 632 21420 20998 659 9072 20339 19769 19400 18152
is_linear=0
shrinkage=0.05


Tree=197
num_leaves=15
num_cat=0
split_feature=46 45 53 11 51 8 13 54 0 54 31 52 57 47
split_gain=26.0373 52.6651 30.9577 26.5447 91.3946 70.6582 63.4505 80.4222 138.588 150.011 91.9794 85.8892 71.7677 68.2389
threshold=68.625000000000014 23.449494949494952 2.1909090909090914 0.10121466115902214 3.3111209668477666 5.6891581883576565 0.0018627508180497846 23.639610389610393 9.5000000000000018 21.148351648351653 0.6836607142857144 224.81666666666669 257.09375000000006 0.5560511811023624
decision_type=2 10 10 10 10 10 10 10 2 10 10 10 2 2
left_child=3 -2 -3 -1 -5 -6 7 8 10 -10 12 -9 -7 -13
right_child=1 2 -4 4 5 6 -8 11 9 -11 -12 13 -14 -15
leaf_value=-0.0014996101111101083 0.038443789278029133 0.018498883606556656 -0.026593621716234136 -0.032503804645447582 0.042658295986908679 0.0028993054647259244 0.021716251758655783 0.020829964550196978 0.011192922080157625 0.078309042755845132 -0.019113998865900973 0.0045918039068660469 0.047867990053070013 -0.026705011014963583
leaf_weight=9033.880832709372 129.83494012057781 72.474924005568027 78.024843722581863 161.73407289385796 124.8277685791254 401.72086478769779 438.19817436486483 185.75849629193544 230.99916779249907 129.53185401856899 398.80659783631563 254.32179015129805 112.93067870289087 549.83422118425369
leaf_count=24500 428 327 326 522 306 949 1008 412 600 343 1119 699 400 1629
internal_value=0.000203589 0.0152396 -0.00490003 -0.000148251 0.00393566 0.00603119 0.00432399 0.000949462 0.00925334 0.0354564 -0.00111614 -0.00973593 0.0128405 -0.0168137
internal_weight=12302.9 280.335 150.5 12022.5 2988.66 2826.93 2702.1 2263.9 1273.99 360.531 913.458 989.915 514.652 804.156
internal_count=33568 1081 653 32487 7987 7465 7159 6151 3411 943 2468 2740 1349 2328
is_linear=0
shrinkage=0.05


Tree=198
num_leaves=15
num_cat=0
split_feature=24 24 47 20 82 3 6 41 6 47 29 81 50 28
split_gain=20.0178 30.0214 19.4069 53.3219 46.1009 74.1164 40.9435 56.4955 38.3717 36.1896 69.849 53.771 85.4678 47.8466
threshold=-6.0230666666666659 -4.7957499999999982 0.61727736976493197 -2.3360942809821001e-16 11.005000000000001 9.7050000000000018 2.5342814395099418 94.500000000000014 3.2612943103044705 0.59532700076427569 0.14538870287920122 2.1050000000000004 12.703000000000001 4.7150901960784326
decision_type=8 8 2 8 10 10 8 8 8 2 10 10 8 8
left_child=-1 -2 9 -4 5 6 7 -5 -8 -3 11 -11 13 -13
right_child=1 2 3 4 -6 -7 8 -9 -10 10 -12 12 -14 -15
leaf_value=-0.016663939286809183 0.025888518221162712 -0.00027398092532885862 -0.038506085467157371 0.040631593636020154 -0.03569221507659983 0.039087713144844202 -0.030087735572330916 0.00085651920911017062 -0.0050152624029132882 -0.0037025631462550266 0.039844582906035486 0.019131068177623656 0.039785243380879048 -0.020409581754217983
leaf_weight=176.01147139817476 112.3113145083189 8142.3664415404201 105.85077152401209 101.55764820426702 98.371479496359825 109.22728811204433 175.38392525166273 689.68915102630854 1136.9131968542933 800.10678403824568 155.14791094511747 152.24233394861221 228.9239300340414 151.78876447677612
leaf_count=488 317 20018 299 266 244 423 531 2223 3564 3118 525 426 676 467
internal_value=2.92718e-05 0.000272253 3.13207e-05 -0.00397351 -0.00237594 -0.00087937 -0.00297226 0.00600655 -0.00838647 0.00103672 0.00820329 0.00449362 0.0167822 -0.000611955
internal_weight=12335.9 12159.9 12047.6 2416.99 2311.14 2212.77 2103.54 791.247 1312.3 9630.58 1488.21 1333.06 532.955 304.031
internal_count=33585 33097 32780 7550 7251 7007 6584 2489 4095 25230 5212 4687 1569 893
is_linear=0
shrinkage=0.05


Tree=199
num_leaves=15
num_cat=0
split_feature=43 14 81 11 58 58 52 46 81 41 18 11 9 58
split_gain=35.5299 75.4179 32.9224 45.9196 39.8513 37.3004 33.5775 36.0908 63.3414 28.2961 32.8438 30.4906 111.511 69.0096
threshold=55.720779220779228 0.56839743589743608 9.5050000000000008 0.24038423716185292 20.514705882352946 23.90808823529412 311.25000000000006 62.121323529411775 4.1650000000000009 13.500000000000002 6.7596153846153859 0.10121466115902214 5.7126666666666681 18.029411764705888
decision_type=8 10 10 10 2 2 10 2 10 8 10 10 10 2
left_child=1 -1 3 6 -4 -6 9 -8 -9 -2 11 -11 -13 -14
right_child=2 -3 4 -5 5 -7 7 8 -10 10 -12 12 13 -15
leaf_value=-0.00050167976507893965 0.018130418474081499 -0.034892202205976365 -0.0353198391245702 0.02683802783545974 0.018198729964568248 -0.020419527273891208 -0.0052654781430597954 0.010797435822828905 0.065722319743854452 -0.0016119105832899301 -0.021338429944573398 0.03862568294954196 -0.024801096333989886 0.004916519112711704
leaf_weight=517.61075314134359 203.0973042845726 229.38769570738077 140.43641075491905 163.88344175368547 118.18783243000507 130.54073397815228 158.05754283070564 210.30583866685629 69.194830507040024 8256.1221723333001 187.69800467789173 221.89107040315866 223.70403459668159 1494.6828286126256
leaf_count=1146 502 518 359 466 309 356 577 1043 261 22267 641 529 609 3975
internal_value=-0.000533411 -0.0110948 0.000148909 0.000646727 -0.0141285 -0.00206998 0.000254993 0.0138121 0.0245808 -0.000306561 -0.000668871 -0.000286326 0.00535213 0.00103563
internal_weight=12324.8 746.998 11577.8 11188.6 389.165 248.729 11024.8 437.558 279.501 10587.2 10384.1 10196.4 1940.28 1718.39
internal_count=33558 1664 31894 30870 1024 665 30404 1881 1304 28523 28021 27380 5113 4584
is_linear=0
shrinkage=0.05


Tree=200
num_leaves=15
num_cat=0
split_feature=4 56 33 57 33 56 27 21 40 26 51 58 48 47
split_gain=26.0984 30.694 125.627 50.1454 81.9998 41.1673 91.734 49.4008 40.7867 211.359 63.2511 40.3722 55.7188 48.9834
threshold=17.905111757829896 3.9014344685242519 2.3639705882352948 222.79595588235296 -1.0000000180025095e-35 3.9816625916870421 8.0247596153846175 10.75320512820513 9.5000000000000018 11.500000000000002 4.5908328968046108 20.424632352941178 23.426470588235297 0.60376643768400406
decision_type=10 2 10 2 10 2 10 10 2 2 8 2 2 2
left_child=1 2 3 4 -1 6 7 -3 -7 -10 -11 12 -5 -13
right_child=-2 5 -4 11 -6 8 -8 -9 9 10 -12 13 -14 -15
leaf_value=-0.012825987233186668 -0.022890281331331083 -0.011190554032787542 0.055992550098362709 -0.026287186563475881 0.042860411804450008 -0.00035085218224034577 -0.053472222464133023 0.021941341288812768 0.078748320418713505 -0.025299213703388619 0.022465342179995712 0.012667085266358966 0.0126607486635272 -0.013399028015515489
leaf_weight=105.20978933572769 120.54315633326769 575.18038500845432 118.89024009555578 288.62209650874138 175.18228180706501 9383.555917263031 110.64859606325626 138.83822641521692 99.109384261071682 167.84274698793888 116.61561939120293 603.94479040056467 133.73375240713358 255.79132910072803
leaf_count=328 349 1492 455 733 550 24138 325 507 287 551 344 2065 395 1118
internal_value=0.000165096 0.000393385 0.00666711 0.0028805 0.0219942 -0.000603061 -0.0113237 -0.00472651 0.000303184 0.0162628 -0.00570771 -0.00131354 -0.013954 0.00490526
internal_weight=12393.7 12273.2 1681.37 1562.48 280.392 10591.8 824.667 714.019 9767.12 383.568 284.458 1282.09 422.356 859.736
internal_count=33637 33288 5644 5189 878 27644 2324 1999 25320 1182 895 4311 1128 3183
is_linear=0
shrinkage=0.05


Tree=201
num_leaves=15
num_cat=0
split_feature=82 3 24 4 57 20 41 10 52 69 54 53 33 57
split_gain=26.0732 33.4748 31.9121 61.1598 51.3259 45.4317 39.7288 51.2221 38.6788 33.7648 31.7159 30.6378 62.9349 86.3127
threshold=14.345000000000001 15.173863636363638 3.642121212121213 13.74840434770058 246.48713235294119 0.50000000000000022 13.500000000000002 0.20953675132743263 207.39015151515153 0.029932522293977023 24.75961538461539 2.5166666666666671 1.7823529411764707 218.27389705882356
decision_type=10 10 10 10 2 10 8 10 10 2 10 10 10 2
left_child=1 2 3 6 8 -6 -1 11 -4 -10 -7 -8 -13 -14
right_child=-2 -3 4 -5 5 10 7 -9 9 -11 -12 12 13 -15
leaf_value=0.022095592224047764 0.02045696167536179 -0.026281761706202174 -0.020092269866593876 0.035068574765130749 0.0030613845490509695 -0.021015285421967015 0.0030472404680529711 -0.027847754632886204 -0.0037452674678862367 0.02866702575133916 -0.059536068913005426 -0.0044902230848821272 -0.018088370303501487 0.035917224013009397
leaf_weight=218.93366724252701 165.24687841534615 114.38989200443029 138.93770985305309 132.76647911965847 105.69087678939104 134.26785057038069 6864.2967029735446 154.63436217606068 171.76652873307467 149.63871973752975 89.817180812358856 3521.5031841248274 109.43641136586666 224.18391543626785
leaf_count=515 457 388 296 372 330 463 18694 458 462 389 284 9538 269 648
internal_value=0.000790076 0.000520496 0.000777816 0.00146171 -0.00892828 -0.0239527 0.00105636 0.000630772 0.00186334 0.0113872 -0.036651 0.00104415 -0.00252234 0.0182008
internal_weight=12295.5 12130.3 12015.9 11225.8 790.119 329.776 11093 10874.1 460.343 321.405 224.085 10719.4 3855.12 333.62
internal_count=33563 33106 32718 30494 2224 1077 30122 29607 1147 851 747 29149 10455 917
is_linear=0
shrinkage=0.05


Tree=202
num_leaves=15
num_cat=0
split_feature=28 20 29 6 75 53 36 55 14 14 43 27 47 53
split_gain=34.4426 19.1035 24.0069 67.9148 82.3319 49.2705 30.2393 44.8433 54.0469 33.0282 56.3849 24.3602 45.9102 67.8014
threshold=15.885375000000002 -0.22222222222222221 0.18574979050989218 1.6041745408427153 6.0850000000000009 2.5419580419580421 0.83057584893188197 13.265882352941178 0.79577380952380972 0.84041666666666681 62.577380952380956 5.722500000000001 0.59532700076427569 2.6547619047619051
decision_type=10 8 10 10 10 10 10 2 10 10 10 10 2 10
left_child=1 -1 6 -4 -5 -6 9 8 -8 11 -11 -3 13 -13
right_child=-2 2 3 4 5 -7 7 -9 -10 10 -12 12 -14 -15
leaf_value=0.019978537977512076 -0.019870572759774746 0.00071998415342170536 0.037326040175949711 -0.033440180227423615 -0.004076952420119676 0.029609047815362607 -0.0046247664869769637 0.011659828170966778 -0.046570612288601917 0.040173890051661582 -0.0094756822360670349 -0.01971733795390614 0.0059400768897362108 0.0055697242655341882
leaf_weight=121.17479287832975 214.25056058913469 8813.2511370182037 162.07609932124615 133.75042585283518 238.04384326934814 198.21948367357254 170.24822718650103 126.4816297441721 139.27270628511906 131.06970421969891 100.29003171622753 794.89645051956177 570.43709446489811 396.91120482236147
leaf_count=318 533 24237 380 591 475 393 422 313 331 375 361 1796 2097 933
internal_value=-4.5457e-05 0.000307306 0.0001066 0.00887345 0.00073212 0.0112612 -0.000465 -0.0133595 -0.023588 5.64182e-05 0.0187036 -0.000353255 -0.00571805 -0.0112983
internal_weight=12310.4 12096.1 11974.9 732.09 570.014 436.263 11242.9 436.003 309.521 10806.9 231.36 10575.5 1762.24 1191.81
internal_count=33555 33022 32704 1839 1459 868 30865 1066 753 29799 736 29063 4826 2729
is_linear=0
shrinkage=0.05


Tree=203
num_leaves=15
num_cat=0
split_feature=41 9 15 82 22 27 30 50 76 45 53 36 10 50
split_gain=32.2436 34.6119 36.9805 95.0264 48.1265 41.5004 33.8103 25.9409 55.2541 49.8246 32.1191 40.8132 70.4965 29.3725
threshold=9.0000000000000018 16.594666666666672 0.87546734008451799 8.6950000000000021 0.70241518113858559 14.396041666666667 0.0071790860106077511 18.225000000000005 1.0202618851008614 19.90454545454546 3.577380952380953 0.50200197054137197 0.057054384746220189 16.538181818181823
decision_type=8 10 10 10 10 10 10 10 10 10 10 10 10 10
left_child=-1 2 5 4 -4 6 7 10 9 -9 13 12 -12 -2
right_child=1 -3 3 -5 -6 -7 -8 8 -10 -11 11 -13 -14 -15
leaf_value=-0.020510718390482154 0.0011367085186355424 0.020858123485119812 -0.01475095637418513 -0.043264133274981263 0.032134210759520207 0.028319857329320575 -0.01807036166261362 0.027124011496455935 0.03860861885199552 -0.010272907898410963 -0.012874547232363554 -0.031211369019953035 0.019001083276947699 -0.010954437578019685
leaf_weight=197.09013097733259 9061.4677786231041 191.50830756127834 121.50696432590485 172.41893088817596 97.993596322834492 126.9266367033124 261.04964208602905 129.57602514326572 133.11418482661247 279.1889433413744 652.65884976834059 168.36437969654799 235.14674664288759 530.75437334924936
leaf_count=473 24494 529 445 437 368 363 612 459 353 948 1646 413 600 1508
internal_value=-0.000500483 -0.000174541 -0.000512752 -0.0155982 0.00623121 -8.12792e-07 -0.000317165 9.8564e-05 0.01076 0.00161895 -0.000444936 -0.0087163 -0.00442 0.000466612
internal_weight=12358.8 12161.7 11970.2 391.919 219.501 11578.2 11451.3 11190.3 541.879 408.765 10648.4 1056.17 887.806 9592.22
internal_count=33648 33175 32646 1250 813 31396 31033 30421 1760 1407 28661 2659 2246 26002
is_linear=0
shrinkage=0.05


Tree=204
num_leaves=15
num_cat=0
split_feature=28 27 53 57 80 77 44 25 36 45 33 6 41 4
split_gain=31.4826 46.2213 72.6844 26.1813 28.1016 28.9587 39.2793 28.0373 47.9009 35.7383 33.814 31.3391 31.2232 61.9785
threshold=15.633066666666668 13.095378151260507 2.6794871794871802 176.21323529411768 11.875000000000002 0.90761841218842321 0.59679029038696807 0.14279220779220778 0.59280728404585215 25.516666666666669 3.7000000000000006 4.0617603078143008 85.500000000000014 1.9149766076399
decision_type=10 10 8 2 10 10 8 10 10 10 10 10 10 10
left_child=1 3 -3 -1 5 7 -7 10 9 11 12 -9 -5 -14
right_child=-2 2 -4 4 -6 6 -8 8 -10 -11 -12 -13 13 -15
leaf_value=-0.023069264048989485 -0.018023455264989038 -0.0039639572778266902 0.054526456911267077 0.0022742218724078455 0.018475151622322054 -0.027880998332104358 0.0038072621954895695 0.0051290305107824143 0.037292511140293208 0.021709712702222859 -0.027684204893067499 -0.019763808029716202 0.0016164036895088326 -0.010237197332268183
leaf_weight=122.5 239.48791564255953 113.64832707494497 98.511955566704273 5548.8465894088149 202.85678666830063 215.37516239285469 178.05084134638309 437.13995625823736 123.89404490590096 211.97841993719339 112.50988483428955 176.73927304893732 2648.9977481588721 1887.9563174694777
leaf_count=232 596 444 288 15546 497 566 627 1225 386 594 228 487 6994 4973
internal_value=-0.000110065 0.000246563 0.0233232 -0.00016794 7.28768e-05 -0.00025214 -0.0135667 0.000218919 0.00843095 0.00406131 -0.000546606 -0.00205824 -0.000241164 -0.00331739
internal_weight=12318.5 12079 212.16 11866.8 11744.3 11541.5 393.426 11148.1 949.752 825.858 10198.3 613.879 10085.8 4536.95
internal_count=33683 33087 732 32355 32123 31626 1193 30433 2692 2306 27741 1712 27513 11967
is_linear=0
shrinkage=0.05


Tree=205
num_leaves=15
num_cat=0
split_feature=25 41 17 25 27 79 24 20 39 43 76 22 58 54
split_gain=22.0137 30.9217 41.8879 24.7106 26.1185 23.2369 36.1822 32.9169 35.8816 46.7639 62.5737 58.7331 78.4896 83.2256
threshold=0.21666666666666662 92.500000000000014 1.2403846153846156 0.19500000000000006 15.345220588235296 0.61100849067112228 3.8079999999999998 -4.5334106838860555e-16 26.221765913757704 60.211111111111116 0.91517690855369138 0.69478319783197839 19.483455882352946 21.966666666666672
decision_type=10 10 10 10 10 10 10 8 2 10 10 10 2 10
left_child=3 2 -2 4 5 7 -7 -1 9 10 -9 -11 -13 -14
right_child=1 -3 -4 -5 -6 6 -8 8 -10 11 -12 12 13 -15
leaf_value=0.025656524751812838 0.016615383382051208 0.023864379451811538 -0.024230180474019161 -0.02278314242955494 0.019547607633521639 -0.0032393177607134647 -0.030974718885866167 0.0031272001323068067 -0.0031450984455335357 0.00037701215907265742 -0.019690287650068528 0.038621746748375957 -0.0097301582883710866 0.021085408564463837
leaf_weight=128.55144310742617 138.47108484059572 219.58789674192667 113.13921181112528 125.57945127785206 158.11354810744524 3493.2058868259192 120.70810967683792 1036.6416768208146 3911.028275154531 1283.4098037332296 421.98018957674503 285.18077549338341 368.24303431808949 538.33881703019142
leaf_count=317 421 599 372 359 505 10153 374 2499 9982 4340 767 671 883 1355
internal_value=-0.000388352 0.010199 -0.00177447 -0.000809422 -0.000572564 -0.000848775 -0.00417402 0.000658718 0.000245866 0.00361715 -0.00348288 0.00780092 0.0157887 0.00857155
internal_weight=12342.2 471.198 251.61 11871 11745.4 11587.3 3613.91 7973.37 7844.82 3933.79 1458.62 2475.17 1191.76 906.582
internal_count=33597 1392 793 32205 31846 31341 10527 20814 20497 10515 3266 7249 2909 2238
is_linear=0
shrinkage=0.05


Tree=206
num_leaves=15
num_cat=0
split_feature=81 9 46 52 81 33 6 68 28 36 14 75 52 53
split_gain=24.6319 28.0727 26.4229 45.8305 74.4136 44.0363 65.7652 37.6178 121.678 33.9247 64.9907 40.7895 44.6877 33.4029
threshold=10.595000000000001 16.594666666666672 63.667279411764717 303.23376623376629 4.2650000000000006 2.3639705882352948 5.2997762363196079 1.5000000000000002 5.5639545454545463 0.9119179469042854 0.81516666666666682 9.0150000000000023 247.57777777777781 3.4494949494949503
decision_type=10 10 2 10 10 10 10 2 8 8 10 10 8 10
left_child=1 2 7 5 -5 9 -7 13 -9 10 11 -4 -13 -1
right_child=-2 -3 3 4 -6 6 -8 8 -10 -11 -12 12 -14 -15
leaf_value=0.002330965044061033 -0.017121473462231331 0.02269306843714609 -0.0019896066141900626 0.0012529066703395686 0.058157262561378043 -0.0056693757587361303 -0.058020452866552087 -0.013496848978000865 0.05520892457606115 -0.021395103770047889 0.028750717238817072 -0.0017611214790111272 -0.043663338739618578 -0.0081564483588212264
leaf_weight=5934.1953997835517 212.83241902291775 133.73872400820255 3673.8032692596316 225.22802168130875 76.145676165819168 170.00835474580526 91.914014495909214 129.82842791825533 126.33848622441292 238.76046645641327 163.46792106330395 127.57073250412941 126.12020921707153 869.64008904248476
leaf_count=15302 562 380 10663 1003 273 568 298 307 300 634 498 275 335 2137
internal_value=-0.00029962 -2.01667e-06 -0.000257822 -0.00308128 0.0157753 -0.0043221 -0.0241913 0.00169917 0.0204709 -0.00311483 -0.00204297 -0.00333164 -0.0226821 0.000989503
internal_weight=12299.6 12086.8 11953 4893.02 301.374 4591.64 261.922 7060 256.167 4329.72 4090.96 3927.49 253.691 6803.84
internal_count=33535 32973 32593 14547 1276 13271 866 18046 607 12405 11771 11273 610 17439
is_linear=0
shrinkage=0.05


Tree=207
num_leaves=15
num_cat=0
split_feature=20 81 8 41 30 73 58 51 28 29 51 55 55 55
split_gain=25.6992 68.2755 58.0977 57.2707 51.936 67.3221 71.6733 44.3793 69.6278 61.0445 56.1727 69.0338 56.4306 42.0652
threshold=0.76923076923076927 7.7250000000000005 1.1140964245867122 17.500000000000004 0.0028697299077733865 10.500000000000002 22.323529411764707 3.6314576764491879 7.6330666666666671 0.047299652463529733 4.8828107118333728 10.927205882352942 12.817830882352942 12.056250000000002
decision_type=10 10 10 8 10 2 2 10 10 10 10 2 2 2
left_child=1 3 -2 -1 7 -6 -7 8 9 -4 13 -12 -13 -9
right_child=2 -3 4 -5 5 6 -8 10 -10 -11 11 12 -14 -15
leaf_value=0.034115008023268993 0.031295611580150672 0.03397260741450852 0.02119318534678756 0.00033836840407417833 -0.013288701445388108 0.00076738009196967733 0.054961739901989895 -0.0053529708632880126 0.043627296172342116 -0.034939976308770215 -0.026125053552467661 0.04628814888282444 0.0020439505716422484 -0.01984151584953715
leaf_weight=126.31805581599474 112.90376801043749 157.064317882061 95.245264306664467 8784.8789479658008 162.07178158313036 120.48462260514498 122.6478564068675 926.19818778336048 103.30697780102491 96.562178567051888 113.22761534899473 118.14675217866898 182.63614106178284 1092.7288953140378
leaf_count=263 307 339 322 23673 427 303 306 2656 388 321 323 298 503 3155
internal_value=3.21754e-05 0.00139881 -0.00378482 0.000820933 -0.00505849 0.011625 0.0282188 -0.00753988 0.0107443 -0.00710074 -0.00976125 0.00700277 0.0195188 -0.0132007
internal_weight=12314.4 9068.26 3246.16 8911.2 3133.26 405.204 243.132 2728.05 295.114 191.807 2432.94 414.011 300.783 2018.93
internal_count=33584 24275 9309 23936 9002 1036 609 7966 1031 643 6935 1124 801 5811
is_linear=0
shrinkage=0.05


Tree=208
num_leaves=15
num_cat=0
split_feature=15 15 51 77 77 57 43 54 28 54 33 11 58 57
split_gain=26.0367 25.0763 69.4168 29.6483 58.9387 57.1635 71.0825 70.146 71.757 54.7716 39.2884 40.8864 37.2356 33.8197
threshold=0.93981216937965317 0.89461701128864013 4.2622839506172854 0.7614309543406983 0.73213567262787904 201.43014705882356 59.839743589743598 22.630681818181824 9.0598750000000017 28.519230769230774 3.7000000000000006 0.2211080391645501 22.181985294117649 240.82352941176472
decision_type=10 10 10 10 10 2 10 10 10 10 10 10 2 2
left_child=1 3 -3 4 10 -5 13 8 -8 12 11 -1 -9 -7
right_child=-2 2 -4 5 -6 6 7 9 -10 -11 -12 -13 -14 -15
leaf_value=-0.00022496703465887577 -0.022539252307352538 0.042467794941429465 -0.012335663836769985 -0.038072794070284126 0.028096851797585434 -0.03989057266620763 -0.0030564759492443258 0.00091788544161495772 0.040233541854102106 0.017031848822133669 -0.028585002023484692 0.028146867512550963 -0.034060943674269761 -0.0069815442480383912
leaf_weight=10225.029502779245 131.53347056359053 118.81634429842234 110.92107811570168 137.56566233932972 186.26952159404755 164.75013412535191 185.14560441672802 122.19054955244064 196.91093395650387 134.45214353501797 119.52945306897163 127.57923865318298 200.40496112406254 148.54404732584953
leaf_count=28175 524 358 295 279 384 329 479 346 433 376 288 380 521 349
internal_value=-0.000497319 -0.000257417 0.016069 -0.000572651 0.0002941 -0.00772892 -0.0040768 0.00351592 0.0193019 -0.00969324 -0.000203067 0.000127355 -0.02085 -0.0243591
internal_weight=12309.6 12178.1 229.737 11948.4 10658.4 1289.96 1152.4 839.104 382.057 457.048 10472.1 10352.6 322.596 313.294
internal_count=33516 32992 653 32339 29227 3112 2833 2155 912 1243 28843 28555 867 678
is_linear=0
shrinkage=0.05


Tree=209
num_leaves=15
num_cat=0
split_feature=50 46 55 69 28 33 73 58 3 36 41 48 41 10
split_gain=21.7807 36.182 48.0649 24.3348 43.1397 26.5193 37.2828 68.6323 114.075 53.9232 55.1497 53.5451 67.3775 77.0953
threshold=5.8625000000000016 63.878676470588239 12.397058823529415 0.35294213636300059 2.2653235294117651 0.24999999999999989 15.500000000000002 21.878676470588239 9.1045454545454572 0.37123743222036426 225.50000000000003 19.000000000000004 28.500000000000004 0.15291294082920401
decision_type=8 2 2 2 10 8 2 2 10 10 8 2 8 10
left_child=1 -1 -3 5 -5 -2 11 9 -9 10 -8 -7 -13 -14
right_child=3 2 -4 4 -6 6 7 8 -10 -11 -12 12 13 -15
leaf_value=-0.018297387384649776 -0.0028054782238102348 0.02448826207665836 -0.018429813097716005 0.0046466414355824442 -0.030218883084906136 -0.0050521957881625359 -0.018386394892230529 -0.0058716718152530016 -0.055540566427277706 0.024581638114996852 0.017411600473823716 -0.011917827491244721 0.0055681636285515512 0.023621048055956721
leaf_weight=392.32848493754864 3178.7772034555674 147.45448502153158 115.43035273998976 182.91030216217041 170.87088077515364 1263.0082900822163 262.58576118946075 685.1874143332243 138.14065062999725 268.16116378456354 180.82192622870207 458.651824824512 4210.5407198965549 687.27360881119967
leaf_count=966 8483 427 287 455 450 3474 666 1819 357 669 455 1239 11921 1958
internal_value=0.000166553 -0.0086973 0.0056449 0.000664195 -0.0122306 0.00106777 0.00257782 -0.00444117 -0.0142625 0.00692683 -0.00378162 0.00420577 0.00638926 0.00810569
internal_weight=12342.1 655.213 262.885 11686.9 353.781 11333.1 8154.37 1534.9 823.328 711.569 443.408 6619.47 5356.47 4897.81
internal_count=33626 1680 714 31946 905 31041 22558 3966 2176 1790 1121 18592 15118 13879
is_linear=0
shrinkage=0.05


Tree=210
num_leaves=15
num_cat=0
split_feature=46 31 58 22 59 77 31 48 20 75 48 38 51 24
split_gain=23.6597 42.4343 24.2438 57.3956 50.3141 33.4668 41.5779 32.6208 60.9202 59.9303 49.2625 98.325 97.4489 62.0232
threshold=58.593750000000007 0.36060661764705887 30.091911764705888 0.62871870397643603 0.75000000000000011 0.99484052532833034 0.57363970588235302 20.211397058823533 -2.7542071187816379e-16 9.9650000000000016 21.181985294117649 1.5000000000000002 4.3528389184563139 -1.5866666666666669
decision_type=2 8 2 8 2 10 10 2 8 10 2 10 10 10
left_child=1 -1 5 -4 -5 7 -7 8 -2 -10 11 12 -9 -13
right_child=2 -3 3 4 -6 6 -8 10 9 -11 -12 13 -14 -15
leaf_value=0.01028435536725162 -0.039773598850514361 -0.017564517193527585 -0.039073804128004375 -0.019350243074540304 0.014655045765440002 0.00067890795319826541 0.045727298611815376 0.011100986762516814 -0.001339857527696126 -0.035040282642450529 0.00033553520128937067 -0.013338555182891568 0.068663907001281374 0.018498901881134244
leaf_weight=189.78712397813797 115.21435155719519 483.79047586768866 130.8154784142971 205.07081209123135 229.40001949667931 117.78778775036335 89.674237087368965 169.65421356260777 2885.248053252697 137.24819040298462 6832.5711600035429 333.2928169220686 129.39871498942375 281.03902500122786
leaf_count=546 301 1099 380 556 610 415 303 527 7643 299 18853 926 345 844
internal_value=-0.000609993 -0.00971421 -8.31083e-05 -0.0101742 -0.00140307 0.000432081 0.0202768 5.19785e-05 -0.00424814 -0.00288124 0.00179418 0.0126933 0.036154 0.00123255
internal_weight=12330 673.578 11656.4 565.286 434.471 11091.1 207.462 10883.7 3137.71 3022.5 7745.96 913.385 299.053 614.332
internal_count=33647 1645 32002 1546 1166 30456 718 29738 8243 7942 21495 2642 872 1770
is_linear=0
shrinkage=0.05


Tree=211
num_leaves=15
num_cat=0
split_feature=81 59 48 41 66 50 45 81 57 76 29 3 29 58
split_gain=30.6666 45.6167 47.9675 27.5537 71.0339 67.6339 65.2479 149.036 74.5793 56.5291 55.0557 54.7022 60.5826 69.257
threshold=9.3950000000000014 0.75000000000000011 23.545955882352946 80.500000000000014 5.5000000000000009 11.882307692307695 25.211111111111112 6.1850000000000014 259.34375000000006 0.93145548551597146 0.1713861497361728 12.669615384615385 0.085660454898728297 21.181985294117649
decision_type=10 2 2 8 2 8 8 10 2 8 8 8 10 2
left_child=3 2 -2 4 -1 11 7 -7 9 -8 -11 12 13 -6
right_child=1 -3 -4 -5 5 6 8 -9 -10 10 -12 -13 -14 -15
leaf_value=0.033638600789357417 0.024852694053834164 -0.029274127192226426 -0.020070754143694775 -0.00059335714486949799 0.043990211621735754 -0.0014106603597673784 0.024546871053780318 -0.051803089811727543 0.035430523471286973 0.0059079115651931779 -0.034799152209159571 0.045326870265645774 -0.0032619907866902479 0.0054533699027071742
leaf_weight=201.26831746846437 118.86363700032234 213.25131623446941 116.85097618401051 9158.8668249323964 195.86260141432285 578.87461802363396 131.69333465397358 195.56722179055214 172.01935736835003 168.8817063421011 161.9857262223959 109.8839436173439 534.93959482014179 286.72752833366394
leaf_count=503 263 538 339 25089 494 1635 232 435 580 528 375 317 1436 854
internal_value=0.000237789 -0.0125753 0.00259205 0.000722359 0.00512264 0.00284751 -0.00445492 -0.0141865 0.00742511 -0.00304364 -0.0140662 0.0119698 0.00832659 0.0211524
internal_weight=12345.5 448.966 235.715 11896.6 2737.7 2536.44 1409.02 774.442 634.58 462.561 330.867 1127.41 1017.53 482.59
internal_count=33618 1140 602 32478 7389 6886 3785 2070 1715 1135 903 3101 2784 1348
is_linear=0
shrinkage=0.05


Tree=212
num_leaves=15
num_cat=0
split_feature=31 3 31 33 27 54 55 29 15 27 8 3 11 19
split_gain=24.9836 21.5817 37.7944 20.4184 26.7852 109.965 63.5676 36.9412 36.8643 22.0835 24.7899 35.2356 61.1754 55.227
threshold=0.91828571428571426 15.478409090909093 0.88310096153846163 3.837662337662338 11.308333333333335 20.279220779220783 12.64625 0.20184523484019778 0.91001031190710246 10.293750000000001 13.215318783554414 10.017424242424244 0.1536673378020314 0.36931818181818188
decision_type=10 10 10 10 10 8 2 10 10 10 10 10 10 10
left_child=1 2 3 4 7 -6 -7 8 9 10 11 13 -13 -1
right_child=-2 -3 -4 -5 5 6 -8 -9 -10 -11 -12 12 -14 -15
leaf_value=0.00041288798765045179 -0.022467881736753407 -0.016795025544440696 0.029561540679214179 -0.018276001061347354 -0.028628595619624688 0.0098446352269457651 0.055977203196433435 -0.023960925505216297 0.029101325776377897 -0.014597862166091453 0.020337344363542648 0.012839913213903147 -0.032529211918604042 0.035520074029908359
leaf_weight=10233.647367589176 119.12439635396004 177.83386520296335 111.39512031525373 143.10456703603268 115.06028932332993 186.4526392519474 124.16122629493475 155.06863422691822 110.80117898434401 244.03094222396612 155.49504128098488 116.11661703139544 203.17753687500954 112.26116745173931
leaf_count=27999 426 528 347 340 316 450 367 317 376 552 432 385 519 275
internal_value=0.000223095 0.000446688 0.000703349 0.000430734 0.000659979 0.0129582 0.0284056 0.00019685 0.00053417 0.000245497 0.000581566 0.000291654 -0.0160414 0.000797224
internal_weight=12307.7 12188.6 12010.8 11899.4 11756.3 425.674 310.614 11330.6 11175.5 11064.7 10820.7 10665.2 319.294 10345.9
internal_count=33629 33203 32675 32328 31988 1133 817 30855 30538 30162 29610 29178 904 28274
is_linear=0
shrinkage=0.05


Tree=213
num_leaves=15
num_cat=0
split_feature=48 31 25 10 40 33 24 6 58 57 15 57 56 44
split_gain=25.095 42.1012 77.6326 29.3809 26.1822 80.0636 37.3309 30.3831 59.3384 29.5835 30.9278 82.4183 140.562 91.2954
threshold=30.091911764705888 0.34696691176470595 0.17500000000000002 0.03802512377414894 7.5000000000000009 -9.1133280363615773e-17 -2.6655999999999986 3.8663288519841008 21.558823529411772 176.21323529411768 0.76829107678774589 265.83639705882359 4.0234430333374052 0.53136101728591312
decision_type=2 10 8 8 2 10 8 10 2 2 10 2 2 10
left_child=4 3 -3 -2 9 -6 -7 -8 -9 -1 -11 12 -12 -14
right_child=1 2 -4 -5 5 6 7 8 -10 10 11 -13 13 -15
leaf_value=-0.024040088188126252 0.010800320763581997 0.0016419527889742884 0.050970867171726157 -0.021707619855556123 0.032815080073507648 -0.036463843506510205 -0.011953331876517889 -0.020756850859758834 0.024892050574958788 0.00065732735222751167 -0.021236733502957097 -0.015487738221191823 -0.0013633841780446335 0.038508196948888185
leaf_weight=112.5 160.53286874294281 182.47849588096142 140.78605039417744 121.0343566313386 119.75678538531065 118.08974981307983 818.323755197227 117.32345941662788 177.84758312255144 9159.3946813344955 191.96401878446341 257.8287649974227 201.81117356568575 495.90799368172884
leaf_count=213 433 543 386 286 326 357 1979 339 541 25133 557 881 444 1310
internal_value=0.00100924 0.0109333 0.0232163 -0.0032009 0.000498408 -0.006047 -0.00984943 -0.0069967 0.00673888 0.00134781 0.00162723 0.00936161 0.0165722 0.0269901
internal_weight=12375.6 604.832 323.265 281.567 11770.7 1351.34 1231.58 1113.49 295.171 10419.4 10306.9 1147.51 889.683 697.719
internal_count=33728 1648 929 719 32080 3542 3216 2859 880 28538 28325 3192 2311 1754
is_linear=0
shrinkage=0.05


Tree=214
num_leaves=15
num_cat=0
split_feature=54 48 2 75 54 20 6 49 33 50 15 46 33 79
split_gain=19.1852 62.8046 48.636 103.308 35.014 37.2784 32.6693 39.9401 33.5016 39.4287 30.708 27.1937 34.2795 27.1072
threshold=28.033333333333335 17.218750000000004 1.0000000180025095e-35 2.4850000000000008 26.174242424242429 -9.4368957093138286e-16 3.0213315613373379 7.5000000000000009 0.24999999999999989 9.7880357142857157 0.78642686090632696 61.676470588235297 2.1483516483516487 0.90546259252331629
decision_type=10 2 2 10 10 8 10 2 8 10 8 2 8 10
left_child=4 -2 10 11 5 -1 8 -8 -6 -10 13 -4 -13 -3
right_child=1 2 3 -5 6 -7 7 -9 9 -11 -12 12 -14 -15
leaf_value=0.028472633101339413 0.037414034802183978 -0.0065405932162074581 0.023492957200995708 0.050589896685866158 -0.016445871852612533 0.00019532755487621249 -0.00020642491491382564 -0.031085137830492798 0.030718575936476807 -0.0030330249733636354 -0.02665897831451591 -0.016211238788410597 0.018599616727396802 0.013131512145439263
leaf_weight=117.02075642347336 138.62608646601439 605.21888482570648 107.18921057134867 143.14285543560982 245.34923274070024 9368.8013645708561 169.02818400412798 274.30694228410721 121.02581868320704 296.94032889604568 132.44048029929399 226.4990421757102 101.67199853807688 245.25023236870766
leaf_count=289 386 1808 265 379 689 25062 522 806 302 892 407 680 343 726
internal_value=0.00035641 0.0052854 0.00241082 0.0139007 -0.000435092 0.000547132 -0.00884727 -0.0193391 -0.00181635 0.00679004 -0.00435892 0.00174925 -0.00540261 -0.000858978
internal_weight=12292.5 1700.04 1561.41 578.503 10592.5 9485.82 1106.65 443.335 663.315 417.966 982.91 435.36 328.171 850.469
internal_count=33556 4994 4608 1667 28562 25351 3211 1328 1883 1194 2941 1288 1023 2534
is_linear=0
shrinkage=0.05


Tree=215
num_leaves=15
num_cat=0
split_feature=17 63 52 52 17 52 27 80 44 50 81 58 19 30
split_gain=34.6927 64.3146 101.37 97.6255 37.688 172.185 27.263 35.8211 86.4634 78.1405 32.3222 39.4189 35.303 30.4136
threshold=4.7596153846153859 1.0000000180025095e-35 218.66758241758245 252.09090909090912 4.3452380952380958 236.76785714285717 13.542727272727275 9.1750000000000025 0.52894713594579013 11.503846153846156 7.6050000000000013 23.272058823529417 0.36931818181818188 0.0033389074693422525
decision_type=10 2 8 10 10 10 10 10 8 8 10 2 10 10
left_child=4 2 -2 -4 6 -6 7 10 -9 -10 12 -12 13 -1
right_child=1 -3 3 -5 5 -7 -8 8 9 -11 11 -13 -14 -15
leaf_value=0.00049469283890855062 0.039130037117078048 -0.032550589456063532 -0.049536538332104751 0.01296346420333952 0.062395632705460662 -0.021638671776770538 -0.021556895473836667 0.044794798306732414 0.029196904812154825 -0.018525085914316702 -0.0003260993938245795 -0.037356338799546376 0.027252119511432377 -0.014154116276905727
leaf_weight=10058.28727055341 118.21411315351725 228.31826904416084 118.58240066468716 130.16574194282293 119.89809171110392 122.17816441506147 141.55294996500015 152.33190731704235 138.97006458044052 220.55586007237434 163.77281232178211 127.09032645821571 119.01737868785858 366.26268220692873
leaf_count=27782 287 513 346 494 265 387 446 286 354 563 394 316 276 876
internal_value=-1.27382e-05 -0.0117779 0.0011999 -0.0169104 0.000585284 0.0200682 0.000173021 0.000445993 0.0133581 -4.89526e-05 -0.0001652 -0.0165787 0.000289126 -2.12959e-05
internal_weight=12325.2 595.281 366.962 248.748 11729.9 242.076 11487.8 11346.3 511.858 359.526 10834.4 290.863 10543.6 10424.5
internal_count=33585 1640 1127 840 31945 652 31293 30847 1203 917 29644 710 28934 28658
is_linear=0
shrinkage=0.05


Tree=216
num_leaves=15
num_cat=0
split_feature=33 30 66 39 41 28 40 5 7 20 52 47 27 52
split_gain=31.5653 35.3308 27.5267 57.7386 64.4038 79.1877 67.2039 53.9689 42.8235 41.492 58.2714 35.1297 32.1327 36.1945
threshold=3.861904761904762 0.0075507836962945335 7.5000000000000009 23.972621492128685 28.500000000000004 11.748400000000002 4.5000000000000009 10.116666666666669 6.9970000000000008 -2.423105807713635e-17 221.3484848484849 0.66165247569036068 3.3093750000000006 243.05000000000004
decision_type=10 10 2 2 8 8 2 10 10 10 10 2 10 10
left_child=1 2 11 9 -5 7 -7 8 12 -4 -11 -1 -6 -14
right_child=-2 -3 3 4 5 6 -8 -9 -10 10 -12 -13 13 -15
leaf_value=0.0018255754534205603 -0.021037002676098749 0.020723503216174239 -0.01339673987164771 -0.042828690924522551 -0.0051774311475283287 3.4773710911855372e-05 0.050493977243772359 -0.042193062033796414 0.015535732967697925 0.052050635002816495 0.0066754792076138859 -0.022289348034132333 -0.033453229460450644 -0.003869571907875102
leaf_weight=9297.7906636446714 170.64570182561874 212.34462577104568 118.41082676500082 123.44493648409843 941.01172679662704 177.90814581513405 103.8914245814085 118.86005587875843 179.66570764780045 102.67853208631277 223.95831676572561 152.51973792910576 258.57426887005568 172.31419403105974
leaf_count=25333 414 564 345 314 2491 513 347 322 489 237 722 484 557 541
internal_value=0.000255241 0.000555171 0.00019572 -0.00444563 -0.00794981 -0.00572352 0.0187504 -0.009861 -0.00735858 0.0118788 0.0210545 0.00143406 -0.010366 -0.0216589
internal_weight=12354 12183.4 11971 2520.72 2075.67 1952.23 281.8 1670.43 1551.57 445.048 326.637 9450.31 1371.9 430.888
internal_count=33673 33259 32695 6878 5574 5260 860 4400 4078 1304 959 25817 3589 1098
is_linear=0
shrinkage=0.05


Tree=217
num_leaves=15
num_cat=0
split_feature=57 41 31 51 14 8 48 31 27 10 10 41 36 57
split_gain=18.7238 30.3523 122.024 21.5841 56.7806 48.8174 46.9198 50.0099 36.3647 33.3768 38.0054 43.8532 35.0773 37.8728
threshold=176.21323529411768 13.500000000000002 0.73795238095238103 3.9380237430167599 0.89809090909090927 6.6582614608233639 25.562500000000004 0.74935416666666677 5.1989583333333345 0.091183010937475231 0.054996584576126682 42.500000000000007 0.15138400164993968 251.56250000000003
decision_type=2 8 8 8 10 10 2 10 10 10 10 10 10 2
left_child=-1 2 -2 4 5 9 7 8 -7 10 12 -12 -3 -14
right_child=1 3 -4 -5 -6 6 -8 -9 -10 -11 11 -13 13 -15
leaf_value=-0.019205812233979044 -0.015471446732150871 -0.0041081947481850026 0.047475159262698581 0.0012146045420454155 0.032880506174940392 -0.018522214442641668 0.0053716596618190995 -9.9832630442242792e-05 -0.05239037728456461 0.019812021032481145 0.0083878558873320252 -0.030438777753029878 -0.00051552609768528226 0.030585604152242065
leaf_weight=122.5 153.97749891132116 1409.2087490931153 152.25126844644547 8790.5595163628459 101.6739649400115 152.40753725171089 165.68773557245731 134.77299187332392 167.97388714551926 167.63658108562231 104.2631191983819 236.67255675792694 231.12728505581617 168.75303815305233
leaf_count=232 419 4183 316 23486 373 467 472 371 514 443 367 671 598 565
internal_value=0.000164466 0.000361539 0.0158771 -4.13766e-05 -0.0036722 -0.00494771 -0.0173874 -0.0256659 -0.0363868 -0.00160937 -0.00328802 -0.0185752 -0.000398367 0.012653
internal_weight=12259.5 12137 306.229 11830.7 3040.18 2938.5 620.842 455.154 320.381 2317.66 2150.02 340.936 1809.09 399.88
internal_count=33477 33245 735 32510 9024 8651 1824 1352 981 6827 6384 1038 5346 1163
is_linear=0
shrinkage=0.05


Tree=218
num_leaves=15
num_cat=0
split_feature=18 27 48 31 46 53 3 46 39 75 56 28 43 55
split_gain=21.9267 56.0943 23.1391 55.9383 25.0446 38.4423 61.7762 37.6301 48.9212 59.6595 45.2532 42.5972 40.9825 42.0877
threshold=8.9045454545454561 15.345220588235296 30.091911764705888 0.50768907563025223 63.667279411764717 3.5916666666666672 6.3541666666666679 63.636029411764717 30.75290896646133 7.9050000000000011 3.9866605957555801 7.4008750000000001 57.261363636363647 13.623272058823533
decision_type=10 10 2 10 2 10 10 2 2 8 2 8 8 2
left_child=1 2 4 -4 5 7 -7 8 12 -10 -11 -12 13 -1
right_child=-2 -3 3 -5 -6 6 -8 -9 9 10 11 -13 -14 -15
leaf_value=-0.018805812610559205 -0.021183448108085812 0.034268773242107503 -0.0025670586903889041 0.029011401889821334 -0.0036426405091462681 -0.0021466528997884818 -0.037789098581939226 0.027803827550021115 -0.026321341717298732 -0.025424203219672609 -0.0023233122701226778 0.038377870137524417 0.004854557477776902 0.013340047840177911
leaf_weight=371.5271188095212 122.12649943679571 117.41426263004541 373.6202060431242 223.36800666153431 4650.7569424137473 565.00191354751587 153.94710882008076 141.30862304568291 323.90512152016163 100.20407935231924 161.96948118507862 105.47350725531578 4794.2480814605951 139.30669707804918
leaf_count=802 349 366 1021 573 13801 1386 364 207 638 377 461 324 12721 295
internal_value=-0.000189029 2.24699e-05 -0.000312521 0.00927704 -0.000810766 0.00111023 -0.00982059 0.00239197 0.00178861 -0.0107102 0.00307764 0.0138115 0.00341963 -0.0100306
internal_weight=12344.2 12222.1 12104.6 596.988 11507.6 6856.89 718.949 6137.94 5996.63 691.552 367.647 267.443 5305.08 510.834
internal_count=33685 33336 32970 1594 31376 17575 1750 15825 15618 1800 1162 785 13818 1097
is_linear=0
shrinkage=0.05


Tree=219
num_leaves=15
num_cat=0
split_feature=18 9 58 58 80 58 59 29 41 57 52 30 81 46
split_gain=20.6129 39.5061 128.4 139.571 58.5805 70.4902 63.3203 33.2994 27.7585 73.841 139.091 88.6918 68.8914 61.7563
threshold=8.9045454545454561 12.025333333333334 19.000000000000004 20.97058823529412 12.445000000000002 22.60477941176471 0.75000000000000011 0.21432290674627472 80.500000000000014 257.45404411764713 237.84523809523813 0.0028697299077733865 6.8650000000000011 66.21139705882355
decision_type=10 10 2 2 10 2 2 10 8 2 8 10 10 2
left_child=1 7 -3 -4 5 -5 -7 8 9 11 -11 13 -12 -1
right_child=-2 2 3 4 -6 6 -8 -9 -10 10 12 -13 -14 -15
leaf_value=-0.009091585846771966 -0.021200435667824313 0.047018912966750578 -0.045164769752634511 0.039899281800844497 0.044890805988133525 -0.03317780704781903 0.013458399692895202 -0.021458006201144304 -0.0021762054989103419 0.056763382810338804 -0.003410249054954656 0.037869204238584357 0.044271354267846348 0.027005234612653341
leaf_weight=1269.7327318042517 120.89694273471832 181.71063800901175 136.37718090415001 95.172668941318989 104.38144531846046 142.18399022519588 147.20402906835079 200.1700816899538 8940.0540072768927 169.69727608561516 437.62255124002695 126.25195052474737 90.583103537559509 129.70589380711317
leaf_count=2960 346 473 391 268 270 466 470 513 24369 470 1541 291 242 492
internal_value=-0.000741626 -0.000536677 0.0101459 -0.000626952 0.0118625 0.00280443 -0.00949055 -0.00129615 -0.00093275 0.00406535 0.0175247 -0.00209886 0.00483497 -0.00572909
internal_weight=12291.7 12170.8 807.03 625.319 488.942 384.561 289.388 11363.8 11163.6 2223.59 697.903 1525.69 528.206 1399.44
internal_count=33562 33216 2338 1865 1474 1204 936 30878 30365 5996 2253 3743 1783 3452
is_linear=0
shrinkage=0.05


Tree=220
num_leaves=15
num_cat=0
split_feature=77 77 50 3 30 79 8 77 27 30 28 51 54 13
split_gain=24.3804 54.4434 65.1067 63.0775 51.1226 60.2009 45.3495 37.4132 42.5752 36.571 75.0076 38.5624 36.0455 35.8543
threshold=0.75551890265542987 0.80996835572195491 11.909545454545457 8.5472222222222243 0.0036626940785155801 0.13163316367822439 7.0850240662100115 0.73620766988113939 14.396041666666667 0.0033389074693422525 4.9627000000000008 4.2005469496179568 23.679487179487186 0.00052994033342890982
decision_type=10 10 10 8 8 10 10 10 10 10 10 10 10 10
left_child=7 -2 3 6 5 -4 -3 8 9 13 -11 -12 -7 -1
right_child=1 2 4 -5 -6 12 -8 -9 -10 10 11 -13 -14 -15
leaf_value=0.00076180238359621611 -0.023114315088498094 -0.0136905603551682 -0.015641494239164559 -0.024455097383000821 0.039161445191989275 0.043058035186120051 0.030578039447774152 0.026691061483921686 0.029919052089472715 0.015128396462450268 -0.043962144665495778 -0.0099595678024127828 0.0010713191328544063 -0.014210555508678066
leaf_weight=9674.8406875580549 374.91629280149937 114.60536621510983 212.58675445616245 391.3389348089695 126.19922661781311 102.47039364278316 114.95183101296425 130.20180523395538 115.26967177540064 152.34111445397139 167.74564425647259 166.33059532940388 101.13119408488274 416.08920738846064
leaf_count=26990 746 351 402 923 326 320 273 278 398 445 380 343 343 1132
internal_value=-0.000684053 -0.00657206 -0.00122537 -0.0122718 0.0114194 0.00293352 0.00851362 0.000153314 -0.000172296 -0.000503022 -0.0138796 -0.0271131 0.0223099 0.000143086
internal_weight=12361 1538.2 1163.28 620.896 542.388 416.188 229.557 10822.8 10692.6 10577.3 486.417 334.076 203.602 10090.9
internal_count=33650 3684 2938 1547 1391 1065 624 29966 29688 29290 1168 723 663 28122
is_linear=0
shrinkage=0.05


Tree=221
num_leaves=15
num_cat=0
split_feature=17 56 57 31 15 14 80 27 41 81 18 18 11 36
split_gain=35.3735 60.3296 24.6741 77.0511 29.3399 26.8169 24.8788 43.0325 45.4059 52.9272 33.563 67.1156 65.1526 61.8196
threshold=5.5857142857142863 4.1962800875273532 196.88235294117649 0.52636029411764718 0.4641996154327413 0.26080128205128211 1.4350000000000003 1.4358288770053478 115.50000000000001 2.0050000000000003 4.0333333333333341 4.2583333333333337 0.14348025317762536 0.74586834072091157
decision_type=10 2 2 10 8 10 8 10 10 10 8 8 10 8
left_child=2 -2 3 4 5 -1 7 -4 9 -9 12 -12 -8 -13
right_child=1 -3 6 -5 -6 -7 10 8 -10 -11 11 13 -14 -15
leaf_value=-0.0055704837781430788 -0.042804433988337935 0.0036020978171029368 -0.00096845661356819595 0.034518836389333056 -0.015582810134807425 0.024658967984965398 -0.00240497222075303 0.0096488926390392547 0.0010861485681800803 0.046419497477483751 0.039320379044262999 -0.0025192772962074074 -0.033696286786481476 0.01360685807562482
leaf_weight=152.36316152662039 126.94174692779779 154.4225285500288 1109.9012105762959 214.13902125507593 207.85544343292713 139.96653064340353 6043.6667030453682 220.00923898816109 335.07152353227139 176.25595507025719 121.41555503755808 2336.7516981214285 170.06968585401773 795.89893172681332
leaf_count=366 353 417 2531 472 465 345 17713 484 657 372 315 6644 362 2062
internal_value=8.06407e-05 -0.0174124 0.000491416 0.0094972 -0.00126255 0.008938 -7.82142e-05 0.00523808 0.0146458 0.0260799 -0.00111254 0.00300064 -0.0032667 0.00158085
internal_weight=12304.7 281.364 12023.4 714.324 500.185 292.33 11309 1841.24 731.337 396.265 9467.8 3254.07 6213.74 3132.65
internal_count=33558 770 32788 1648 1176 711 31140 4044 1513 856 27096 9021 18075 8706
is_linear=0
shrinkage=0.05


Tree=222
num_leaves=15
num_cat=0
split_feature=48 76 25 48 20 73 6 50 50 73 73 12 79 25
split_gain=25.0629 35.8581 31.1388 29.6262 64.6599 79.3539 46.9886 38.2597 36.1115 53.1058 46.5052 33.4936 32.1325 28.4713
threshold=30.091911764705888 1.1428374112075772 0.17500000000000002 23.788602941176475 0.34848484848484829 16.500000000000004 3.9123339755326678 7.929166666666668 8.4577380952380974 8.5000000000000018 16.500000000000004 0.0022832954521759077 1.050509332869163 0.12000000000000005
decision_type=2 8 8 2 8 2 10 8 10 2 2 10 8 10
left_child=3 -2 -3 -1 6 7 8 -6 9 -5 12 13 -10 -9
right_child=1 2 -4 4 5 -7 -8 11 10 -11 -12 -13 -14 -15
leaf_value=0.00088574618820438434 0.026455787755439164 -0.013900867593379133 0.014024756859019308 0.0012046894689911355 -0.030637261181364853 -0.038906498506997927 0.030721985275236757 -0.0047629879263218237 -0.010481247620791176 0.043673297120456894 0.022103500074899727 0.018433980764379295 0.011144701560175318 -0.029021474867625997
leaf_weight=8000.2271036356688 206.43364450335503 188.40906739234924 210.06270243227482 237.47254882752895 157.25731363147497 224.58788877725601 131.78808738291264 1207.5567012354732 1039.7322827279568 105.71880774199963 154.29439049214125 139.86561446636915 204.86347830295563 133.51421977579594
leaf_count=21012 470 588 593 680 444 599 326 3665 2599 293 419 418 1053 434
internal_value=-0.000319262 0.00959716 0.000818963 -0.000831117 -0.0045062 -0.0111005 0.00205146 -0.00726699 -0.000133837 0.0143759 -0.00370124 -0.00476635 -0.00691547 -0.00719794
internal_weight=12341.8 604.905 398.472 11736.9 3736.65 1862.78 1873.87 1638.19 1742.08 343.191 1398.89 1480.94 1244.6 1341.07
internal_count=33593 1651 1181 31942 10930 5560 5370 4961 5044 973 4071 4517 3652 4099
is_linear=0
shrinkage=0.05


Tree=223
num_leaves=15
num_cat=0
split_feature=50 46 25 33 56 56 54 27 58 79 37 71 45 18
split_gain=19.7426 21.2151 38.8338 21.2627 84.4618 63.2169 82.2243 66.3918 118.854 117.315 87.1368 90.1659 77.3373 93.1065
threshold=23.819841269841273 68.625000000000014 0.081666666666666707 0.3874999999999999 5.220595385532774 4.5697970237443934 26.881944444444446 7.5016666666666678 23.272058823529417 -0.12367150973170606 1.5000000000000002 0.014346403929485519 24.961538461538463 3.5634920634920637
decision_type=10 2 8 10 2 2 10 10 2 8 10 2 10 10
left_child=1 3 -3 -1 5 7 -7 -5 10 -10 11 -9 13 -11
right_child=-2 2 -4 4 -6 6 -8 8 9 12 -12 -13 -14 -15
leaf_value=-0.0015449403566645799 -0.020019821145720245 -0.0054172896376108596 0.031710776661107269 0.0097562473310119635 0.037490878424356909 -0.00036584059108424197 -0.029242956498169423 0.00094938728753322748 0.065004929048899471 0.023033578989876482 -0.042644440939383951 -0.046611350176512821 0.032207314959558794 -0.035556678218934823
leaf_weight=6585.176502212882 115.30116305500269 132.71233487129211 148.46067971736193 2438.7818441838026 167.91321349143982 896.63968531787395 338.99096249043941 666.20269614458084 96.659742116928101 114.26269698888063 206.1461234241724 116.17210640013218 157.85822974890471 163.91447342932224
leaf_count=17565 345 506 557 6847 327 2349 852 1774 143 369 528 306 552 575
internal_value=0.000483613 0.000678537 0.0142294 0.000358498 0.00269533 0.0015638 -0.00830542 0.0046446 -0.00355132 0.0154692 -0.0138064 -0.00616323 0.00436463 -0.0114941
internal_weight=12345.2 12229.9 281.173 11948.7 5363.54 5195.63 1235.63 3960 1521.22 532.695 988.521 782.375 436.035 278.177
internal_count=33595 33250 1063 32187 14622 14295 3201 11094 4247 1639 2608 2080 1496 944
is_linear=0
shrinkage=0.05


Tree=224
num_leaves=15
num_cat=0
split_feature=36 7 79 15 52 54 57 52 30 27 69 52 28 55
split_gain=22.0979 44.3164 62.1822 53.0335 40.4745 35.2031 73.5026 63.6138 59.7181 75.2178 65.4911 47.27 60.2658 62.556
threshold=0.28397390023963381 4.0277777777777786 0.46444877166780757 0.49003419903481388 260.78888888888895 19.050000000000004 206.70036764705887 186.53571428571431 0.0022205463381933977 9.4111111111111132 0.012866861162940382 254.458041958042 11.262223776223779 13.570330882352943
decision_type=10 10 8 10 10 8 2 10 10 10 2 10 10 2
left_child=1 -1 3 -3 -4 6 -2 -8 9 10 -9 12 13 -7
right_child=5 2 4 -5 -6 11 7 8 -10 -11 -12 -13 -14 -15
leaf_value=0.00029728689527679786 -0.033779034985911192 0.048649566518396296 -0.015251692452789964 0.0093734948028605467 0.020990645529251215 -0.0064098401329149238 -0.0358537839870013 -0.019279752445003767 -0.027686544856011588 0.04534591993469516 0.020904745473960474 -0.0081970675948495296 0.019250810320034124 0.015164197024957441
leaf_weight=7132.2155004516244 263.43087368458509 167.14290322363377 207.27428178489208 177.03521825373173 121.25997804105282 1237.6877285987139 124.28111746162176 208.10107048600912 126.11704410612583 118.61882974207401 195.83907204866409 1269.7486480176449 495.16412222385406 460.07746510952711
leaf_count=19291 596 345 716 360 508 2937 297 598 332 376 558 4275 1180 1131
internal_value=-0.000153536 0.00145521 0.0137131 0.0285328 -0.00185176 -0.00294408 -0.0110236 -0.00323475 0.00306037 0.0105197 0.000206089 -0.000523366 0.00392157 -0.000558006
internal_weight=12304 7804.93 672.712 344.178 328.534 4499.07 1036.39 772.957 648.676 522.559 403.94 3462.68 2192.93 1697.77
internal_count=33500 21220 1929 705 1224 12280 2757 2161 1864 1532 1156 9523 5248 4068
is_linear=0
shrinkage=0.05


Tree=225
num_leaves=15
num_cat=0
split_feature=56 33 31 41 55 56 47 31 47 83 29 51 82 27
split_gain=26.4622 107.313 52.1658 68.6576 51.3109 50.0056 32.6605 40.9774 29.8359 38.5432 39.0016 35.6345 23.0317 34.383
threshold=3.9014344685242519 2.3639705882352948 0.77195833333333341 58.500000000000007 12.509375000000002 3.9213520749665332 0.54000058050729083 0.35029411764705892 0.60440384615384624 4.8947369070626925 0.014416383521998031 3.8225599177536469 1.1950000000000001 0.71607142857142869
decision_type=2 10 10 8 2 2 2 10 2 2 8 10 8 10
left_child=1 2 3 4 -1 -2 7 -5 9 10 -8 -12 13 -7
right_child=5 -3 -4 6 -6 12 8 -9 -10 -11 11 -13 -14 -15
leaf_value=0.0093039512649921684 -0.024682503828585375 0.050407363756723216 -0.03160102279724876 0.0014160799501361059 0.057194689653849655 -0.0034966479036594245 0.028009628659094163 -0.041982685563413551 -0.0085901307621762402 0.037796893757600342 -0.020597631402651584 0.0086217208010634927 -0.0014608999232142473 0.011722443126544295
leaf_weight=131.68752610683441 217.06249904632568 123.62725690752268 105.43889318406582 125.14073952287436 96.838989362120628 648.25464488565922 135.83703523874283 95.121344089508057 327.62113394588232 102.88228979706764 167.89193999767303 272.07573790103197 8881.7194932103157 865.91392953693867
leaf_count=388 562 466 378 445 342 1496 404 262 1309 365 467 844 24036 1800
internal_value=-6.20363e-05 0.00575851 0.00219137 0.00466004 0.0297586 -0.000986151 -3.65878e-05 -0.0174309 0.00378424 0.00976154 0.00469546 -0.00254983 -0.000489053 0.00520875
internal_weight=12297.1 1684.16 1560.54 1455.1 228.527 10613 1226.57 220.262 1006.31 678.687 575.805 439.968 10395.9 1514.17
internal_count=33564 5670 5204 4826 730 27894 4096 707 3389 2080 1715 1311 27332 3296
is_linear=0
shrinkage=0.05


Tree=226
num_leaves=15
num_cat=0
split_feature=82 58 25 10 10 80 51 44 27 40 68 4 56 31
split_gain=32.4438 89.621 27.6578 100.626 46.7409 50.4222 31.768 31.417 74.9734 118.073 31.2947 38.1374 53.0279 42.4502
threshold=12.165000000000001 23.63602941176471 0.10899999999999999 0.15676448654389832 0.10993680974073132 5.455000000000001 5.0422849991060259 0.6659126924838531 8.0247596153846175 2.5000000000000004 1.0000000180025095e-35 7.245528374843679 4.3370502206761419 0.54806250000000012
decision_type=10 2 10 10 10 10 10 10 8 2 2 10 2 8
left_child=2 -2 7 4 5 6 -4 10 -9 -10 -1 12 13 -12
right_child=1 -3 3 -5 -6 -7 -8 8 9 -11 11 -13 -14 -15
leaf_value=-0.00018970394694998283 -0.033261541446674502 0.019069188400033538 0.0061252170848108091 0.053408073927719783 -0.020669201821298031 0.035630437754085663 -0.022750713250955946 -0.0019801671941363105 -0.0011393262991465875 0.077184657348015731 -0.0086686884101361637 -0.032372528510650485 -0.022877348098485201 0.02680762106609438
leaf_weight=9249.1080062612891 229.90177643299103 125.90446230769157 921.19023621082306 107.26854365319014 175.7710829898715 134.22619184851646 105.23391176760197 371.21432388573885 100.20836456120014 91.512696988880634 179.96533873677254 160.47246729582548 238.04767927527428 157.06777825206518
leaf_count=24756 561 338 2671 255 517 356 262 1205 351 340 476 498 619 449
internal_value=0.000115359 -0.0147424 0.000557412 0.00704551 0.00328705 0.0069297 0.00314546 -0.000331223 0.0111506 0.036453 -0.000979619 -0.0108985 -0.00486058 0.00789476
internal_weight=12347.1 355.806 11991.3 1443.69 1336.42 1160.65 1026.42 10547.6 562.935 191.721 9984.66 735.553 575.081 337.033
internal_count=33654 899 32755 4061 3806 3289 2933 28694 1896 691 26798 2042 1544 925
is_linear=0
shrinkage=0.05


Tree=227
num_leaves=15
num_cat=0
split_feature=28 55 39 17 39 81 57 31 24 20 33 24 77 31
split_gain=25.0134 68.5499 88.034 136.117 68.4747 52.296 24.2108 148.659 31.9549 49.6669 27.9969 58.2791 50.1725 38.5274
threshold=12.054708333333336 13.570330882352943 28.138261464750176 4.3452380952380958 28.138261464750176 10.595000000000001 196.88235294117649 0.52636029411764718 -4.7957499999999982 1.1547619047619049 2.4660633484162902 -0.95199999999999951 0.75170617548666341 0.58209558823529428
decision_type=10 2 2 10 2 8 2 10 8 10 10 10 8 10
left_child=6 2 3 -2 -3 -4 7 -1 9 -8 13 12 -12 -10
right_child=1 4 5 -5 -6 -7 8 -9 10 -11 11 -13 -14 -15
leaf_value=-0.0049557876860332464 -0.014516271395203098 -0.060356846264013858 0.0017277807166952493 0.068230259459402073 -0.0037730750506011555 -0.045203065348297794 0.041952381927824987 0.04580054075925577 0.00026093172155483362 -0.0044950704790727948 0.0062825057206886362 -0.0090468640863195626 0.049781404691834154 -0.0076289544580842904
leaf_weight=515.67169956117868 100.31794801354408 109.29214768856764 136.40834306180477 96.939713649451733 104.05039092898369 103.99547206610441 111.38853958249092 199.20823529362679 8364.3983102142811 117.60932601243258 142.3281362503767 200.02442698180676 123.62925206869841 1897.4481918215752
leaf_count=1206 316 386 284 289 340 439 276 446 22998 340 343 516 353 5032
internal_value=-0.000208838 -0.00973961 0.00160257 0.0262875 -0.0329064 -0.018677 0.000323541 0.00923218 -0.000258494 0.0181819 -0.000653784 0.0113196 0.0266135 -0.00119853
internal_weight=12322.7 651.004 437.661 197.258 213.343 240.404 11671.7 714.88 10956.8 228.998 10727.8 465.982 265.957 10261.8
internal_count=33564 2054 1328 605 726 723 31510 1652 29858 616 29242 1212 696 28030
is_linear=0
shrinkage=0.05


Tree=228
num_leaves=15
num_cat=0
split_feature=56 3 56 43 44 11 52 80 48 27 57 27 70 80
split_gain=19.2037 33.6955 21.0675 139.176 53.9028 33.938 25.2791 42.437 40.923 43.8847 28.4465 38.4352 29.344 23.7759
threshold=5.2721270497118002 3.6422222222222222 4.9489862057503755 61.345238095238102 0.63945402773192483 0.030683451633970297 303.23376623376629 8.6250000000000018 29.718750000000004 8.5781250000000018 284.06250000000006 2.208680555555556 0.095054032298192495 1.0950000000000004
decision_type=2 8 2 8 8 10 8 10 2 10 2 10 2 10
left_child=2 -2 6 -4 5 -5 -1 8 9 10 12 -12 13 -8
right_child=1 -3 3 4 -6 -7 7 -9 -10 -11 11 -13 -14 -15
leaf_value=-0.00051663451886283353 -0.028596804811713603 0.004837746973870214 0.03773873758438414 0.00020578251394194147 0.018981958656706231 -0.032654437562503615 0.002400266753899382 0.034531399106865548 0.034686464292919876 -0.023057958219262722 0.0046011200057084383 0.048875028245383638 0.01920573848468643 -0.016651178105627249
leaf_weight=9642.1381033807993 148.86847186088562 151.06971091032028 268.37687323987484 136.46719606220722 133.58462139964104 184.18301337957382 651.548125423491 121.2678107470274 99.874102860689163 157.7094602137804 126.63597872108221 79.223575234413147 191.13958501070738 217.66216264665127
leaf_count=26154 312 311 533 303 301 441 2017 337 340 539 547 340 545 540
internal_value=0.000678677 -0.0117967 0.000991199 0.00926169 -0.00760943 -0.0187121 0.000460945 0.00618763 0.00391078 0.00172934 0.00483242 0.0217935 0.00152211 -0.00238413
internal_weight=12309.7 299.938 12009.8 722.612 454.235 320.65 11287.2 1645.06 1523.79 1423.92 1266.21 205.86 1060.35 869.21
internal_count=33560 623 32937 1578 1045 744 31359 5205 4868 4528 3989 887 3102 2557
is_linear=0
shrinkage=0.05


Tree=229
num_leaves=15
num_cat=0
split_feature=31 56 27 27 54 27 29 32 10 82 10 73 58 73
split_gain=23.0506 86.535 24.9647 35.885 56.494 39.8255 37.6974 47.523 40.798 68.1886 26.412 27.3004 54.9097 36.4886
threshold=0.86266544117647059 4.2615670915636867 14.638333333333334 12.291176470588239 23.105555555555558 11.308333333333335 0.19660090567223215 1.0000000180025095e-35 0.20040352589111632 11.425000000000002 0.18715753767887386 17.500000000000004 23.323529411764707 9.5000000000000018
decision_type=10 2 10 10 8 10 10 10 10 8 10 2 2 2
left_child=2 -2 3 5 -5 6 7 8 10 -10 11 13 -13 -1
right_child=1 -3 -4 4 -6 -7 -8 -9 9 -11 -12 12 -14 -15
leaf_value=0.0021876747642355283 -0.037576523384841791 0.0099511167449679808 0.023218901217049503 -0.040706440706706121 0.0046223039961630092 0.026090890372308197 -0.02535075506995137 0.03121193767955352 0.044554015502516142 -0.0054522839882485997 -0.022651261522031056 -0.0019641063353583099 0.030447207114532422 -0.0037838752108920967
leaf_weight=4922.7372108921409 179.927464582026 202.79318016767502 113.82206407189369 136.58232958614826 137.00250631570816 145.8173014447093 145.11790749430656 121.27174913883209 132.2334895581007 139.20401617884636 133.19364042580128 339.56040635704994 211.3119224011898 5323.5623669102788
leaf_count=13215 573 549 331 341 346 505 293 302 253 392 308 613 433 15239
internal_value=-0.000369234 -0.0124326 1.64668e-05 -0.000207628 -0.0180731 0.000214739 -0.000116521 0.000209095 -0.000129301 0.0189829 -0.000605614 -0.000331587 0.0105014 -0.000914967
internal_weight=12384.1 382.721 12001.4 11887.6 273.585 11614 11468.2 11323.1 11201.8 271.438 10930.4 10797.2 550.872 10246.3
internal_count=33693 1122 32571 32240 687 31553 31048 30755 30453 645 29808 29500 1046 28454
is_linear=0
shrinkage=0.05


Tree=230
num_leaves=15
num_cat=0
split_feature=12 11 56 30 39 57 36 83 46 53 83 11 46 7
split_gain=39.5242 31.2242 109.276 35.066 18.8583 79.1644 18.7546 58.6583 22.8218 39.051 36.7246 53.0373 34.2719 57.7055
threshold=0.025124007936507941 0.2366597094466357 4.1437127301011154 0.0083333258224232206 22.175222450376456 237.76470588235296 0.017445125105441089 0.54989225513185269 59.485294117647065 3.1742424242424243 4.599239123142314 0.12992178132182411 60.363970588235297 3.8122000000000003
decision_type=10 10 2 10 2 2 8 2 2 10 2 8 2 10
left_child=1 3 -3 4 5 -1 -6 -8 9 10 -9 -12 13 -10
right_child=-2 2 -4 -5 6 -7 7 8 12 -11 11 -13 -14 -15
leaf_value=-0.042452106838721582 0.029391167664809616 -0.019638547963680839 0.041196505657303345 -0.026498606656190644 -0.004120985731896217 0.012509757055073227 0.033246767097717241 -0.0029455397070917281 0.00048633205481789818 0.013915419549677586 -0.044889715490892289 -0.0042585514833293611 0.00060122129365605703 0.033495888755799313
leaf_weight=123.08741446584463 113.85221089422703 126.07286933064461 175.51486561447382 127.0982461720705 2139.6690004318953 138.06796698272228 138.48682862520218 543.86520379781723 336.69047044217587 193.69328929483891 157.32455999404192 163.47926928848028 7670.2358695343137 217.23186565190554
leaf_count=328 277 339 488 319 5635 477 354 1259 697 451 372 404 21802 447
internal_value=0.000196369 -7.73343e-05 0.0157847 -0.000478976 -0.000197018 -0.0134579 0.000103684 0.00106351 0.000579838 -0.00632765 -0.0108731 -0.0242619 0.00146942 0.0134687
internal_weight=12364.4 12250.5 301.588 11948.9 11821.8 261.155 11560.7 9421.01 9282.52 1058.36 864.669 320.804 8224.16 553.922
internal_count=33649 33372 827 32545 32226 805 31421 25786 25432 2486 2035 776 22946 1144
is_linear=0
shrinkage=0.05


Tree=231
num_leaves=15
num_cat=0
split_feature=39 39 43 75 52 27 22 56 77 25 43 82 45 58
split_gain=19.6639 74.4447 62.1922 67.7269 52.1613 48.2924 42.0735 41.8502 40.2763 71.0122 100.944 73.8889 66.9226 52.8565
threshold=26.739219712525671 26.616016427104729 60.160256410256416 2.3050000000000002 223.21111111111114 12.181250000000002 0.69264507422402166 5.2721270497118002 0.43468975998323028 0.35964285714285715 61.408333333333339 6.5950000000000006 23.105555555555558 18.060661764705888
decision_type=2 2 10 10 8 10 8 2 10 8 10 10 10 2
left_child=1 2 3 -1 -5 7 -6 8 13 10 -10 -11 -12 -4
right_child=-2 -3 5 4 6 -7 -8 -9 9 11 12 -13 -14 -15
leaf_value=0.0015217367796157974 -0.002288761886379775 0.034482426377862301 0.019077137843602487 -0.032680932504813708 0.013754950414128747 -0.027779898820493167 -0.015346835874933157 -0.024348761880244381 0.04877820965434531 0.064213609052829676 -0.017613354223401049 0.010640590668829785 0.015117410152270278 0.00077572935817541181
leaf_weight=1317.5420978441834 5341.9553668871522 168.37376698851585 455.70769602805376 312.51219688355923 166.91127590835094 113.54572881013155 477.10647523403168 116.50184935331345 119.1995036303997 127.27931401133537 311.68181909620762 130.12746460735798 311.00872240960598 2898.110526740551
leaf_count=3369 14341 435 1390 547 407 356 1024 251 288 341 748 329 860 8950
internal_value=-2.5854e-06 0.0017358 0.000926821 -0.00583155 -0.0159511 0.00428073 -0.00779484 0.00510123 0.0058948 0.0147007 0.00682807 0.0372767 -0.00126763 0.00326742
internal_weight=12367.6 7025.61 6857.23 2274.07 956.53 4583.16 644.018 4469.62 4353.12 999.297 741.89 257.407 622.691 3353.82
internal_count=33636 19295 18860 5347 1978 13513 1431 13157 12906 2566 1896 670 1608 10340
is_linear=0
shrinkage=0.05


Tree=232
num_leaves=15
num_cat=0
split_feature=52 18 17 53 39 57 73 58 69 52 18 33 28 15
split_gain=28.4657 42.2371 59.6056 53.1357 41.2082 100.523 38.0129 43.0575 73.1351 118.477 84.7492 62.039 50.7847 35.3198
threshold=233.70000000000002 7.6961538461538472 4.3798076923076934 2.2583333333333337 31.908281998631079 237.15625000000003 17.500000000000004 18.060661764705888 0.073295330437845987 271.35384615384618 4.9198717948717965 3.2250000000000005 3.5600666666666672 0.35896334299629523
decision_type=8 10 10 8 2 2 2 2 2 8 8 10 10 10
left_child=4 2 6 -4 13 -6 7 8 10 -10 12 -9 -2 -1
right_child=1 -3 3 -5 5 -7 -8 11 9 -11 -12 -13 -14 -15
leaf_value=-0.0024694008849550225 -0.0011013706300922023 0.023155978654366537 -0.042582124719220377 0.00079399061199063108 0.043971562822331035 -0.012194672194428066 0.016346578231423808 -0.0024071391387220017 0.0020635103427159695 0.072062008649242781 -0.033368109685044639 -0.03692637759844241 0.044522126971445738 0.0061580422215317858
leaf_weight=2122.3916576206684 187.6132000759244 170.58643092960119 165.46316330134869 122.5419264882803 190.9252370968461 135.5885181427002 300.75864154100418 5625.1200213730335 142.57564154267311 104.02288097143173 144.58438792079687 132.25317544490099 89.345018617808819 2687.4509896561503
leaf_count=4978 670 579 482 363 382 373 592 17269 461 317 378 359 299 6059
internal_value=0.000678381 -0.00135356 -0.00195285 -0.0241873 0.00352043 0.0206819 -0.000997361 -0.00181159 0.0101939 0.0317628 -0.002469 -0.00320636 0.0137237 0.00235137
internal_weight=12321.2 7184.86 7014.28 288.005 5136.36 326.514 6726.27 6425.51 668.141 246.599 421.543 5757.37 276.958 4809.84
internal_count=33561 21769 21190 845 11792 755 20345 19753 2125 778 1347 17628 969 11037
is_linear=0
shrinkage=0.05


Tree=233
num_leaves=15
num_cat=0
split_feature=30 15 58 15 52 14 31 56 43 44 6 58 58 47
split_gain=44.0618 76.3036 110.279 27.1796 51.1768 23.6825 25.0227 42.8705 63.4144 52.4066 48.8983 44.069 42.0577 43.4021
threshold=0.0054967428885241984 0.74842860584540738 22.150735294117649 0.92054828492740248 243.41428571428574 0.89369318181818203 0.71612500000000012 4.3241067675493907 64.345238095238116 0.56937741519965657 8.7623958187075335 24.281250000000004 24.97058823529412 0.58711549024993148
decision_type=10 8 2 10 10 10 10 2 8 10 8 2 2 2
left_child=3 2 -2 5 -5 6 -1 10 9 -9 12 -10 13 -8
right_child=1 -3 -4 4 -6 -7 7 8 11 -11 -12 -13 -14 -15
leaf_value=-5.8795432425003278e-05 -0.033968012944541277 0.038394579251718117 0.02955478509615006 -0.047554262854002251 0.006504110686691749 0.022331576714203237 -0.046935488176018142 -0.0054437921015615311 0.0036252922589926507 0.039508880846918809 0.0047219874885802921 -0.036176651851734472 0.0032645038956672745 -0.013696957723813739
leaf_weight=10309.748547039926 136.84229595959187 195.82187655568123 134.47958606481552 86.459857314825058 87.241332054138184 110.00857594609261 211.75007538497448 111.66650610417128 162.18282222002745 152.88702470064163 210.21048606187105 120.53956414759159 110.91623523086309 184.54849803447723
leaf_count=27979 302 439 319 269 387 347 553 283 427 437 605 333 361 565
internal_value=-0.000351824 0.0146936 -0.00249028 -0.000945718 -0.0205217 -0.000652971 -0.000873336 -0.00750812 0.00302997 0.0205856 -0.01554 -0.0134121 -0.0239301 -0.0315304
internal_weight=12325.3 467.144 271.322 11858.2 173.701 11684.5 11574.4 1264.7 547.276 264.554 717.425 282.722 507.215 396.299
internal_count=33606 1060 621 32546 656 31890 31543 3564 1480 720 2084 760 1479 1118
is_linear=0
shrinkage=0.05


Tree=234
num_leaves=15
num_cat=0
split_feature=18 39 80 75 35 31 80 57 48 50 80 36 33 54
split_gain=32.1296 29.0175 21.632 35.0229 16.9767 19.7833 29.4956 20.6065 20.0048 39.4161 27.8383 20.5044 24.5794 89.7872
threshold=8.9045454545454561 21.757700205338811 13.705000000000002 12.130000000000001 4.5000000000000009 0.10916666666666668 6.7950000000000008 228.64705882352942 30.091911764705888 13.905000000000003 2.9650000000000003 0.9269418747460475 2.6458333333333335 21.148351648351653
decision_type=10 2 10 10 10 8 8 2 2 8 10 10 10 8
left_child=1 -1 3 4 5 6 -3 -8 11 10 -10 12 -7 -14
right_child=-2 2 -4 -5 -6 8 7 -9 9 -11 -12 -13 13 -15
leaf_value=0.020411878498928508 -0.025515915350984783 0.031022560927123077 0.020357538954029541 -0.022430574913869988 -0.0055656507606194269 0.00057607308359126387 0.018447616054833454 -0.0075516365817584535 0.010254737002284669 0.025549640981451273 -0.022431680628332118 -0.017238227974076405 -0.045464585574689721 0.0052910014403686756
leaf_weight=174.61179250478745 121.35612539201975 129.21959081292152 127.33199438452721 174.83129455149174 1205.6452145129442 9012.4048144444823 125.13412687182426 191.62875944375992 162.00891540199518 223.10730373114347 107.51700122654438 173.73248030245304 132.48060145974159 250.43835690617561
leaf_count=424 343 354 348 416 3484 24494 270 554 516 534 268 404 417 761
internal_value=-2.17233e-05 0.000234151 -6.07503e-05 -0.000281141 5.13448e-05 0.000696304 0.0109891 0.00274485 0.000239029 0.0100545 -0.00281897 -0.00026729 4.83275e-05 -0.0123419
internal_weight=12311.4 12190.1 12015.5 11888.1 11713.3 10507.7 445.982 316.763 10061.7 492.633 269.526 9569.06 9395.32 382.919
internal_count=33587 33244 32820 32472 32056 28572 1178 824 27394 1318 784 26076 25672 1178
is_linear=0
shrinkage=0.05


Tree=235
num_leaves=15
num_cat=0
split_feature=45 57 39 41 55 79 47 36 44 53 10 58 25 57
split_gain=20.0465 53.7049 17.4948 37.5117 62.7958 84.1892 79.2788 76.6147 75.7133 76.2932 50.8081 126.032 99.467 93.946
threshold=13.045454545454549 231.30330882352942 27.325119780971942 155.50000000000003 14.913750000000002 0.082750125289471552 0.58303084835533392 0.71081489223194871 0.53450864657761221 2.6547619047619051 0.083184490441025646 18.718750000000004 0.0030384615384615597 245.2150735294118
decision_type=8 2 2 8 2 8 2 10 8 10 10 2 8 2
left_child=1 -1 -2 4 7 -6 -7 10 -9 -10 -4 -12 13 -13
right_child=2 -3 3 -5 5 6 -8 8 9 -11 11 12 -14 -15
leaf_value=0.032809857825308798 0.0012350767691071971 -0.0061039067187111376 -0.0035251311885553718 -0.0081531302293807503 0.053534746711934304 -0.035812930248700345 0.030953157722368525 0.013841896624075853 -0.050507280321503603 0.00086429958199521386 -0.02754228380140198 0.084289525204081339 0.0059260428691259468 0.020002787012157547
leaf_weight=163.23065295815468 7580.5611606910825 192.13020562380552 1150.5142024084926 1847.7241312637925 126.25983643531799 81.405573286116123 95.560492768883705 117.35638647526503 210.86633752286434 109.64269796013832 143.73084782809019 105.39714252948761 294.94570185244083 123.77305930107832
leaf_count=398 20715 584 2778 5258 174 309 369 246 610 298 345 246 779 411
internal_value=0.000126082 0.0118126 -0.000221305 -0.00272607 0.0011935 0.0225178 0.000211653 -0.00168108 -0.020432 -0.0329856 0.00284292 0.0138022 0.0251711 0.0498065
internal_weight=12343.1 355.361 11987.7 4407.18 2559.45 303.226 176.966 2256.23 437.865 320.509 1818.36 667.847 524.116 229.17
internal_count=33520 982 32538 11823 6565 852 678 5713 1154 908 4559 1781 1436 657
is_linear=0
shrinkage=0.05


Tree=236
num_leaves=15
num_cat=0
split_feature=36 12 79 47 36 77 57 82 81 81 15 14 57 6
split_gain=25.5048 23.1662 22.677 38.1118 45.4702 39.04 101.557 61.857 35.1647 40.9487 40.6438 37.4687 37.6552 31.8142
threshold=0.9269418747460475 0.025124007936507941 0.53342596980960788 0.54446916236140319 0.89919995786625972 0.33592927971304259 239.18014705882356 2.6850000000000005 9.5050000000000008 8.2750000000000004 0.88053758831251849 0.81516666666666682 190.91176470588238 2.9711201923735113
decision_type=10 10 10 2 8 10 2 10 10 10 10 10 2 10
left_child=1 2 3 5 8 7 -7 13 9 10 11 12 -5 -1
right_child=-2 -3 -4 4 -6 6 -8 -9 -10 -11 -12 -13 -14 -15
leaf_value=-0.0013412004986697184 -0.016764376444751577 0.022989050038704103 -0.0024296425760573898 0.025277867250783004 0.02683627399912944 -0.010970983817152856 0.032519502853677121 -0.040777661393283052 -0.020389971024556933 0.030347823211489544 -0.026042467751105771 0.03025749839538272 0.0023644710064103457 -0.021851115841940223
leaf_weight=1115.6244566440582 211.73407538235188 114.46221959590912 4286.6122968494892 185.35994497686625 212.59103479981422 313.53252983093262 233.26236543059349 130.34345655143261 151.07778140902519 142.45928923785686 114.67308805137873 130.68071056157351 4747.3626872822642 226.69583355635405
leaf_count=2650 495 278 12566 456 511 545 493 219 337 313 401 447 13087 783
internal_value=0.000398132 0.000699695 0.000485016 0.00210695 0.00420299 -0.00379198 0.00760753 -0.00802687 0.00331887 0.00399579 0.00326507 0.00393383 0.00323045 -0.00481868
internal_weight=12316.5 12104.7 11990.3 7703.66 5684.2 2019.46 546.795 1472.66 5471.61 5320.54 5178.08 5063.4 4932.72 1342.32
internal_count=33581 33086 32808 20242 15552 4690 1038 3652 15041 14704 14391 13990 13543 3433
is_linear=0
shrinkage=0.05


Tree=237
num_leaves=15
num_cat=0
split_feature=6 51 29 11 80 79 83 6 79 83 47 47 55 39
split_gain=20.1514 59.033 34.8794 32.439 50.4147 18.5511 21.2196 26.5924 18.3644 43.4297 52.8065 55.6984 54.4199 80.2079
threshold=8.223418282144852 4.5781929347826091 0.1988121537937074 0.2366597094466357 13.705000000000002 -0.3687485228534606 1.5078300715197843 5.258706584965096 0.57013005366287517 3.864735799812637 0.56396943157178703 0.58779552614879949 13.200588235294118 25.01026694045175
decision_type=10 10 8 10 8 8 2 8 10 2 2 2 2 2
left_child=3 2 -2 5 -5 6 -1 -8 -7 -10 12 -12 13 -11
right_child=1 -3 -4 4 -6 8 7 -9 9 10 11 -13 -14 -15
leaf_value=0.0035799174387586724 -0.0091705562236824526 0.016799435305057276 -0.043775808201147903 -0.0050846975510836327 0.040942286209983858 0.0018176949142914454 -0.004998305342908068 -0.026967636903450217 0.0015922035517258468 -0.018380332608832435 -0.034393409886027085 -0.0082765156425095888 -0.016090461905303971 0.032525334031061663
leaf_weight=303.22606062889099 182.1680816039443 132.61098730564117 121.09006233513355 116.89008687436581 119.74800532311201 6664.8714829459786 399.47377020120621 209.71690797805786 2523.8058270066977 115.6708654910326 291.46740022301674 679.20763418078423 224.67855171859264 229.58078782260418
leaf_count=420 586 389 346 251 364 18411 585 283 7327 313 831 2068 665 670
internal_value=-0.000394536 -0.0109409 -0.0230868 -6.65342e-06 0.018281 -0.000379921 -0.00722028 -0.0125932 0.000202401 -0.00244617 -0.00905855 -0.016146 0.00301963 0.0154664
internal_weight=12314.2 435.869 303.258 11878.3 236.638 11641.7 912.417 609.191 10729.3 4064.41 1540.61 970.675 569.93 345.252
internal_count=33509 1321 932 32188 615 31573 1288 868 30285 11874 4547 2899 1648 983
is_linear=0
shrinkage=0.05


Tree=238
num_leaves=15
num_cat=0
split_feature=81 52 47 41 15 46 15 50 31 70 79 55 57 76
split_gain=37.8759 39.3526 64.1968 33.944 23.933 58.9311 44.5532 67.5814 92.5082 78.2645 76.4854 62.7583 52.3586 82.2809
threshold=9.5050000000000008 251.53571428571431 0.58034403610297336 13.500000000000002 0.86745585918000478 61.788602941176478 0.69136088226857195 11.012698412698414 0.3925098039215687 0.014317279942279944 0.63167339085522067 12.108823529411767 214.81250000000003 1.0999485066941299
decision_type=10 10 2 8 10 2 10 8 10 2 10 2 2 10
left_child=3 2 -2 -1 6 -6 -5 12 -9 10 11 -10 -8 -14
right_child=1 -3 -4 4 5 -7 7 8 9 -11 -12 -13 13 -15
leaf_value=0.019129120463222588 -0.0019215408339465856 0.0063905931149769836 -0.050028924097311606 -0.00042543163604103276 0.015578743101186027 -0.024767336102754289 -0.03143394939793457 -0.013328500591087781 0.055266435673770244 0.066970534972217263 -0.016368244279361701 0.0095360839318623918 -0.010993822584151405 0.039478716021348864
leaf_weight=241.07040769606829 140.60920161008835 145.58127558231354 135.99134433269501 10106.387051738799 133.44008867442608 276.73941398411989 129.02343493700027 157.92544236779213 152.34609767049551 112.86307141929865 106.27643272280693 147.87457650899887 246.31596130132675 118.91747127473354
leaf_count=591 295 475 325 27263 358 965 309 490 395 342 337 469 758 292
internal_value=7.53869e-05 -0.0146247 -0.0256687 0.000596814 0.000212977 -0.0116359 0.000644916 0.00987083 0.0201182 0.0302946 0.0199723 0.0328483 -0.00418351 0.00550261
internal_weight=12351.4 422.182 276.601 11929.2 11688.1 410.18 11277.9 1171.54 677.286 519.36 406.497 300.221 494.257 365.233
internal_count=33664 1095 620 32569 31978 1323 30655 3392 2033 1543 1201 864 1359 1050
is_linear=0
shrinkage=0.05


Tree=239
num_leaves=15
num_cat=0
split_feature=24 7 55 29 10 29 55 44 55 53 14 6 58 6
split_gain=25.2869 29.2252 95.7247 45.0293 26.2181 37.7205 44.6625 93.0807 27.1461 26.5551 65.8091 62.1638 55.4592 37.8907
threshold=-5.6607692307692288 14.286727272727274 13.426470588235295 0.23925845496105111 0.20953675132743263 0.18574979050989218 12.330147058823529 0.54398697068403923 8.4806985294117663 2.2403846153846159 0.84041666666666681 7.2353252703937807 22.60477941176471 7.3097677245123203
decision_type=8 10 2 10 10 10 2 10 2 10 10 10 2 10
left_child=-1 3 -3 4 5 8 -7 -8 -2 10 13 -11 -13 -10
right_child=1 2 -4 -5 -6 6 7 -9 9 11 -12 12 -14 -15
leaf_value=-0.01809677250984135 -0.015635878387402231 0.035691191712679614 -0.02475520854866467 -0.03122331192644183 -0.020435366229120601 -0.0025360377800113573 0.054009870357025792 -0.00348473756049162 0.00027261642221215802 -0.0018419236727908917 0.036119809787870515 -0.0067200092032686318 -0.055623163093545272 0.023174951762373802
leaf_weight=206.15191859006882 302.84659825265408 191.66342556476593 98.375995144248009 119.88766634464264 162.45960668474436 253.14903973042965 145.48604062944651 135.30277588963509 5168.5636188387871 5013.9181445837021 136.38425248861313 133.19086207449436 102.09684900194407 186.13795247673988
leaf_count=574 936 560 328 316 400 582 314 328 14115 13578 384 397 292 553
internal_value=-0.000774564 -0.000479175 0.0151743 -0.000863251 -0.000550571 -0.00026979 0.0126971 0.0263911 -0.000897836 -0.000480847 0.00194981 -0.00302339 -0.0280858 0.00107292
internal_weight=12355.6 12149.5 290.039 11859.4 11739.5 11577.1 533.938 280.789 11043.1 10740.3 5491.09 5249.21 235.288 5354.7
internal_count=33657 33083 888 32195 31879 31479 1224 642 30255 29319 15052 14267 689 14668
is_linear=0
shrinkage=0.05


Tree=240
num_leaves=15
num_cat=0
split_feature=17 56 83 45 76 26 58 14 24 14 58 57 6 41
split_gain=41.3349 73.5868 22.177 50.133 105.568 73.0374 60.7582 30.5305 29.2934 26.1042 21.8189 20.1415 43.2473 37.8696
threshold=5.9045454545454552 4.2464435681408315 10.016333557130105 22.966666666666672 1.2128985937809471 13.500000000000002 22.323529411764707 0.89809090909090927 -2.2712571428571433 0.85041666666666693 14.400735294117649 205.60110294117649 4.7873175123584994 149.50000000000003
decision_type=10 2 2 8 8 2 2 10 10 10 2 2 10 10
left_child=2 -2 7 4 -4 -5 8 9 -7 10 -1 12 -12 -13
right_child=1 -3 3 5 -6 6 -8 -9 -10 -11 11 13 -14 -15
leaf_value=0.017957419496546823 -0.048009393878687107 0.0076776291503019489 -0.037391049810135427 0.045558206495918706 0.023732591037719485 -0.028445640197023326 0.026700101712251692 0.024939740320466787 0.0064414294791232812 -0.023160930442418848 -0.0027315708752060392 0.0020044636369825493 -0.031586414016124283 -0.0063377412832428511
leaf_weight=167.35914906859398 118.46969076991081 117.3659435287118 150.6815727353096 158.58481499552727 131.2893545627594 118.40674129128456 193.87172336876392 121.49534152448177 120.68308451771736 120.99431451410055 1063.9871462136507 7984.2275326699018 146.94913109391928 1638.775906547904
leaf_count=382 316 292 336 398 496 304 545 422 296 343 2623 21733 385 4775
internal_value=0.000306455 -0.0203808 0.000710734 0.00838033 -0.00894779 0.0166412 0.00596898 0.000114199 -0.0108825 -0.000159202 9.58571e-05 -0.000181694 -0.00625633 0.000583294
internal_weight=12353.1 235.836 12117.3 873.517 281.971 591.546 432.962 11243.8 239.09 11122.3 11001.3 10833.9 1210.94 9623
internal_count=33646 608 33038 2375 832 1543 1145 30663 600 30241 29898 29516 3008 26508
is_linear=0
shrinkage=0.05


Tree=241
num_leaves=15
num_cat=0
split_feature=36 73 59 44 3 50 58 20 14 58 30 48 14 55
split_gain=22.0628 40.1417 94.6842 53.3137 31.7858 53.1981 55.6274 19.4873 63.2256 87.1346 54.3844 39.1464 34.6906 66.1215
threshold=0.81775094017254857 10.500000000000002 0.75000000000000011 0.57026773691019994 12.331111111111113 9.8222527472527492 21.60661764705883 0.73863636363636387 0.71861904761904782 21.500000000000004 0.003115295031055901 21.60661764705883 0.23645833333333335 15.767647058823529
decision_type=10 2 2 8 10 8 2 8 10 2 10 2 10 2
left_child=4 3 -3 -2 7 -6 -7 8 10 -10 12 -11 -1 -14
right_child=1 2 -4 -5 5 6 -8 -9 9 11 -12 -13 13 -15
leaf_value=-0.0034365534907059149 -0.040295741239226281 0.031625326835940021 -0.023074029982549111 -0.002912995574806735 0.044429647593316718 -0.023066200271333003 0.022684229698634348 -0.0025234181538860115 0.044536648423649697 -0.019182747231697283 -0.024919047556124504 0.020936929951090769 0.0026675258882744926 0.031374168981861537
leaf_weight=2371.5698981508613 169.08544313907623 159.66958536207676 154.88805425912142 217.51873785257339 107.35099083930254 116.04570430517197 152.69779205322266 4354.8252281844616 198.3378538787365 126.9183916375041 202.83405824750662 114.88306982815266 3664.2045267671347 211.23253174126148
leaf_count=6738 391 406 413 589 327 356 485 11999 514 342 475 353 9498 711
internal_value=5.32519e-05 -0.00855358 0.00470362 -0.0193245 0.000573248 0.0148523 0.00291654 9.4392e-05 0.00174911 0.0200623 0.000496499 -0.000113634 0.00132557 0.00423988
internal_weight=12322.1 701.162 314.558 386.604 11620.9 376.094 268.743 11244.8 6889.98 440.139 6449.84 241.801 6247.01 3875.44
internal_count=33597 1799 819 980 31798 1168 841 30630 18631 1209 17422 695 16947 10209
is_linear=0
shrinkage=0.05


Tree=242
num_leaves=15
num_cat=0
split_feature=13 48 20 41 53 6 73 55 76 45 38 53 58 9
split_gain=24.7123 18.1961 39.7916 44.645 39.6773 42.8282 34.0567 33.3858 40.9942 31.6235 29.4908 31.3529 36.3892 39.251
threshold=0.022828206754239379 19.000000000000004 -1.1498738469331975e-16 24.000000000000004 1.1339285714285716 6.1310048869081841 11.500000000000002 10.288051470588236 1.0044816405833699 12.633333333333335 4.5000000000000009 3.4494949494949503 30.297794117647062 7.1700000000000008
decision_type=10 2 8 8 8 10 2 2 8 8 8 10 2 8
left_child=1 2 -1 -4 -5 6 -6 -8 -9 -3 11 12 -11 -14
right_child=-2 9 3 4 5 -7 7 8 -10 10 -12 -13 13 -15
leaf_value=-0.023496810678544779 -0.01943243789452679 0.021236976700832733 0.025407020232430706 0.023671966454920049 -0.0093039634584782867 -0.033747045243688427 0.02268566570655416 0.020791983908378012 -0.0076860415436082151 0.0035280111261665015 -0.0079113766860514911 -0.0068337749246126763 -0.0016942095164165999 -0.036171885259097619
leaf_weight=228.28488974273205 162.9065959751606 190.4025975689292 141.95195966959 126.33552893251181 1068.1549719795585 121.63448347896338 186.38317088037729 163.72956648468971 541.69611237943172 7117.6670686751604 896.64789692312479 970.43189118802547 272.82833281904459 117.42851244658232
leaf_count=560 358 570 361 345 2858 339 463 338 1562 19773 2366 2478 766 325
internal_value=-0.000147535 0.000112752 -0.00361447 -0.00167379 -0.00342557 -0.00508074 -0.00328542 0.00392557 -0.00105621 0.00111763 0.000706789 0.00161905 0.00271238 -0.0121345
internal_weight=12306.5 12143.6 2578.17 2349.89 2207.93 2081.6 1959.96 891.809 705.426 9565.41 9375 8478.36 7507.92 390.257
internal_count=33462 33104 6826 6266 5905 5560 5221 2363 1900 26278 25708 23342 20864 1091
is_linear=0
shrinkage=0.05


Tree=243
num_leaves=15
num_cat=0
split_feature=13 36 36 11 17 57 58 20 15 58 43 80 58 4
split_gain=32.9377 46.7878 52.0027 27.5851 31.1801 75.1285 50.6367 20.7107 18.9412 66.3502 103.166 36.0849 73.2379 63.0519
threshold=0.0039787687116796585 0.52588779468541302 0.25832861125866075 0.26045409317412094 4.6306818181818192 236.26470588235296 24.843750000000004 2.0666666666666673 0.81017027808327369 21.454044117647062 62.809090909090919 5.455000000000001 18.029411764705888 4.3270325240947853
decision_type=10 10 8 10 10 2 2 10 10 2 10 10 2 8
left_child=3 2 -2 4 8 -6 -7 -3 11 10 -10 -1 -13 -14
right_child=1 7 -4 -5 5 6 -8 -9 9 -11 -12 12 13 -15
leaf_value=-0.00041509057001020008 -0.0013999513357469014 0.018828095999121296 -0.039246735648900279 -0.024052605399949079 0.035684743066542977 -0.025630390016243967 0.021233088689142584 -0.0088189480199696701 0.044526365039496377 -0.023893278524621135 -0.020092462585440847 -0.018751759025895185 0.04340651378311873 0.0085733609515958563
leaf_weight=9129.6762974485755 161.56811339408159 131.6898564696312 206.3324404284358 111.76913373917341 206.99658486247063 133.81879364699125 99.736408300697803 137.50644525885582 117.07528062164783 313.51982000470161 128.64370173960924 216.5636051595211 146.40519703924656 1103.2496094852686
leaf_count=25478 433 335 500 305 497 446 320 280 323 941 388 495 368 2607
internal_value=-4.54481e-05 -0.0111079 -0.0226747 0.000557444 0.000796711 0.013828 -0.00561281 0.00472551 0.000280869 -0.00867899 0.0107515 0.000754534 0.00803273 0.0126857
internal_weight=12344.6 637.097 367.901 11707.5 11595.7 440.552 233.555 269.196 11155.1 559.239 245.719 10595.9 1466.22 1249.65
internal_count=33716 1548 933 32168 31863 1263 766 615 30600 1652 711 28948 3470 2975
is_linear=0
shrinkage=0.05


Tree=244
num_leaves=15
num_cat=0
split_feature=30 57 28 55 15 15 11 44 50 15 33 33 50 5
split_gain=43.0302 187.142 21.6431 27.7667 66.7313 42.3176 156.328 101.976 43.3843 38.247 40.6222 94.9739 86.8149 72.2252
threshold=0.0075507836962945335 239.03125000000003 16.055477272727277 13.179080882352944 0.89461701128864013 0.50001244343445361 0.071475694507710588 0.57373951578918769 8.7033333333333349 0.58744662987933649 2.0588235294117649 1.1079545454545456 15.534848484848483 15.073333333333336
decision_type=10 2 10 2 10 8 10 10 8 8 8 8 8 8
left_child=2 -2 3 -1 5 6 -5 -8 -7 -10 11 -11 -13 -12
right_child=1 -3 -4 4 -6 8 7 -9 9 10 13 12 -14 -15
leaf_value=-0.0018292544679329222 0.064190396471583464 -0.022785617004262036 -0.019138901384506191 0.0021357122358351475 0.040726262172278427 -0.022977847202616516 0.080452643006327582 0.01499757586687833 -0.016003751410451787 -0.0010361291211248202 -0.030534821116070355 0.057854240027085994 -0.00090168902128503689 0.0096912596123729967
leaf_weight=7756.168141067028 122.81070539355278 122.8006262332201 149.72140222787857 1840.4114532694221 114.50698700547218 241.60770647972822 109.07344038784504 130.77443251758814 314.22810674458742 628.61946881562471 206.67830407619476 158.71660597622395 103.62839974462986 240.39819896221161
leaf_count=20850 261 365 396 5318 387 621 284 395 892 1674 597 471 290 644
internal_value=0.00011381 0.0207881 -0.000311234 -7.16518e-05 0.00326216 0.00217273 0.00709413 0.0449744 -0.00323389 -0.000334626 0.00335435 0.00952232 0.0347299 -0.00893144
internal_weight=12240.1 245.611 11994.5 11844.8 4088.64 3974.14 2080.26 239.848 1893.88 1652.27 1338.04 890.964 262.345 447.077
internal_count=33445 626 32819 32423 11573 11186 5997 679 5189 4568 3676 2435 761 1241
is_linear=0
shrinkage=0.05


Tree=245
num_leaves=15
num_cat=0
split_feature=12 36 54 53 12 41 48 55 56 33 77 56 52 41
split_gain=26.7021 47.5087 67.3822 57.1996 23.8656 25.4511 90.886 75.5227 57.5618 48.0629 68.3522 35.0326 46.4809 42.584
threshold=0.0043668954996186121 0.23539082054168783 22.75961538461539 2.5634920634920637 0.0033726908726908734 33.000000000000007 20.242647058823533 12.397058823529415 4.6148897058823541 1.7823529411764707 0.62831160999410673 5.220595385532774 213.04166666666671 42.500000000000007
decision_type=10 8 8 10 10 8 2 2 2 8 10 2 10 8
left_child=4 -2 3 -3 5 6 7 -1 9 10 -8 13 -13 -7
right_child=1 2 -4 -5 -6 11 8 -9 -10 -11 -12 12 -14 -15
leaf_value=-0.0088320560062475073 0.015008915118049086 -0.058719208252253401 0.001542992433031228 -0.011909543387526788 0.021609809931185983 0.015244533247091041 -0.017602247282459554 0.046915909758698707 0.0099720142743475806 -0.00033024912378610546 -0.06308007264272171 -0.033452425686009278 0.0028124237565946824 0.00066472844239949091
leaf_weight=127.21215161681175 147.7388930991292 126.98235651105642 248.46301925927401 134.47960874438286 130.89676689356565 526.69811252504587 199.81939905136824 114.82549020648003 136.57326454669237 124.96582777053118 141.24569265544415 168.85854768753052 183.85022783279419 9835.9881776869297
leaf_count=338 389 308 589 328 337 1365 655 308 363 438 268 353 312 27299
internal_value=-9.03328e-05 -0.00988546 -0.0171133 -0.0347804 0.000461482 0.000220167 -0.00813084 0.0176997 -0.0185179 -0.0268705 -0.0365654 0.000879133 -0.0145948 0.00140717
internal_weight=12348.6 657.664 509.925 261.462 11690.9 11560 844.642 242.038 602.604 466.031 341.065 10715.4 352.709 10362.7
internal_count=33650 1614 1225 636 32036 31699 2370 646 1724 1361 923 29329 665 28664
is_linear=0
shrinkage=0.05


Tree=246
num_leaves=15
num_cat=0
split_feature=41 48 41 80 22 27 48 76 41 30 73 58 57 58
split_gain=36.3312 58.6636 20.0618 27.4308 67.453 39.6896 23.4132 57.9971 42.2493 25.6922 102.253 94.5677 57.3245 34.7185
threshold=11.500000000000002 21.454044117647062 19.500000000000004 12.635000000000003 0.73105625717566025 13.542727272727275 29.93933823529412 1.0176041518533407 128.50000000000003 0.0030255692020397904 10.500000000000002 22.150735294117649 231.72794117647064 19.968750000000004
decision_type=8 2 8 10 8 10 2 8 8 10 2 2 2 2
left_child=1 -1 -2 5 -5 6 9 -8 -9 13 12 -12 -11 -4
right_child=2 -3 3 4 -6 -7 7 8 -10 10 11 -13 -14 -15
leaf_value=0.0072477833738905859 0.020519659579141106 -0.039411213498144873 0.004533263968752854 0.043793866832564809 -0.0095321042790754845 -0.025341442525893626 0.032968346867528781 0.020661846571960543 -0.010168120010750565 -0.0077231190087423893 -0.017853367907614246 0.039603140380408096 -0.048826455497421074 -0.0018985926368365867
leaf_weight=122.18405151367188 118.05593790113926 148.42294279485941 2930.1440156176686 115.80948351323605 119.85740004479885 156.93974678218365 181.88898684084415 165.26877518743277 334.06682650744915 164.49680302292109 139.1228104531765 145.6476272419095 175.12077783793211 7381.4683457314968
leaf_count=301 252 396 7751 356 289 588 391 442 868 306 308 339 421 20687
internal_value=-0.000309222 -0.0183947 9.5799e-05 -0.000106658 0.0167472 -0.000445392 -0.000106913 0.00887973 5.68023e-05 -0.000667469 -0.0105078 0.0115689 -0.0289988 -7.06562e-05
internal_weight=12398.5 270.607 12127.9 12009.8 235.667 11774.2 11617.2 681.225 499.336 10936 624.388 284.77 339.618 10311.6
internal_count=33695 697 32998 32746 645 32101 31513 1701 1310 29812 1374 647 727 28438
is_linear=0
shrinkage=0.05


Tree=247
num_leaves=15
num_cat=0
split_feature=29 80 10 29 51 56 69 51 58 57 56 49 52 54
split_gain=24.8513 27.8714 36.2176 32.6876 65.5161 77.0941 44.8819 44.7114 59.6591 82.0997 72.2174 52.6328 46.7247 49.9692
threshold=0.25226294843269831 13.705000000000002 0.21612016058954667 0.1388726061482147 3.6044748969197191 4.9489862057503755 0.13690458460453814 4.2303391053391062 23.90808823529412 228.41176470588238 4.4637807588916472 6.5000000000000009 227.52272727272728 24.345238095238098
decision_type=10 10 10 10 8 2 2 8 2 2 2 2 10 10
left_child=1 2 3 -1 -5 6 7 12 9 -9 -10 -11 -6 -14
right_child=-2 -3 -4 4 5 -7 -8 8 10 11 -12 -13 13 -15
leaf_value=-0.0010699698038425757 -0.021149384930762065 0.02237390558871873 -0.020668922473246018 0.036504542051255855 -0.031250926765302223 0.039620946459739306 -0.018680819400496797 0.026859204741190336 0.06033434604830229 0.0056664638828583941 0.0048717390045097345 -0.040234818239970147 0.025426227060011009 -0.02264858065110054
leaf_weight=10301.927032619715 141.62010123580694 134.74216613173485 215.64621353149414 163.5586114898324 148.62814297527075 130.75006979703903 268.61846212297678 176.20356149971485 114.93185339868069 122.60490843653679 119.26202658563852 125.83388970792294 125.9537600800395 93.158694863319397
leaf_count=28133 335 390 674 476 315 273 682 357 339 304 281 317 435 290
internal_value=-0.000398376 -0.000156609 -0.000409183 -4.00734e-05 0.00663139 0.0031817 -0.000524573 0.00423982 0.0120293 0.000838288 0.0322311 -0.0176506 -0.00971041 0.00497652
internal_weight=12383.4 12241.8 12107.1 11891.4 1589.5 1425.95 1295.2 1026.58 658.836 424.642 234.194 248.439 367.741 219.112
internal_count=33601 33266 32876 32202 4069 3593 3320 2638 1598 978 620 621 1040 725
is_linear=0
shrinkage=0.05


Tree=248
num_leaves=15
num_cat=0
split_feature=50 58 8 57 36 41 6 69 3 50 31 50 31 75
split_gain=24.0178 67.1726 76.5914 27.4862 72.7579 48.6762 33.8691 26.0986 75.2843 50.8197 45.8384 34.3511 102.823 44.9167
threshold=16.538181818181823 18.352941176470591 9.3442794898645989 201.43014705882356 0.68924867022320269 96.500000000000014 2.1211615522285974 0.29298808979100688 8.6401785714285726 9.473863636363637 0.36663602941176476 15.161818181818184 0.64968750000000008 4.8550000000000013
decision_type=10 2 10 2 8 8 8 2 8 10 10 10 10 10
left_child=3 -2 -3 4 5 -1 -7 11 9 -9 -11 -5 13 -13
right_child=1 2 -4 7 -6 6 -8 8 -10 10 -12 12 -14 -15
leaf_value=0.017014428417804022 0.022512772540496356 -0.0058848740664317004 -0.043343176538922043 -0.00029865028788477583 -0.037071233781774432 0.0051237920408778743 -0.017849990916455685 0.027875763684227835 0.042826862185310177 0.007910648925059445 -0.031704079121283993 0.0078445651896591195 0.04726003641499639 -0.026388957018471951
leaf_weight=254.52831526845694 164.86704355478287 869.17191734164953 160.98671893775463 8648.5385267883539 169.87762706726789 267.10565306991339 399.32458217442036 122.00774259120226 143.47636768966913 157.28882388025522 134.79656465351582 549.67138375341892 152.80139464884996 115.00639382004738
leaf_count=520 714 2461 477 23982 333 597 849 306 354 430 338 1478 412 264
internal_value=-0.000297273 -0.00702974 -0.011775 0.00042717 -0.00710642 -0.00154498 -0.0086482 0.00124766 0.0117501 0.000905332 -0.0104172 0.00062786 0.0104183 0.00189054
internal_weight=12309.4 1195.03 1030.16 11114.4 1090.84 920.959 666.43 10023.6 557.569 414.093 292.085 9466.02 817.479 664.678
internal_count=33515 3652 2938 29863 2299 1966 1446 27564 1428 1074 768 26136 2154 1742
is_linear=0
shrinkage=0.05


Tree=249
num_leaves=15
num_cat=0
split_feature=82 57 15 80 55 55 57 57 42 83 53 58 7 41
split_gain=25.1713 42.9829 53.3326 35.6357 56.8878 48.1909 75.3047 25.7444 34.9132 21.5479 72.5848 136.705 44.2393 36.2435
threshold=11.565000000000003 256.79044117647067 0.82822112264881964 9.3150000000000031 10.103897058823533 12.60919117647059 240.27205882352942 314.18750000000006 6.5000000000000009 7.4896968351272593 3.0871212121212124 20.393382352941178 8.9763333333333346 9.0000000000000018
decision_type=10 2 10 10 2 2 2 2 2 2 10 2 10 10
left_child=3 2 -2 7 -5 -6 -7 9 -9 12 13 -12 -1 -11
right_child=1 -3 -4 4 5 6 -8 8 -10 10 11 -13 -14 -15
leaf_value=0.00038394938508292743 -0.040766144582513875 0.011143131502405722 -0.00031878744170950861 0.042033178069040056 -0.010507368176931401 -0.0058638752326868326 0.047181682210931775 0.042466646455642958 -0.003796393279461502 -0.03490481289154905 -0.019016741691628841 0.05471345523907839 0.025747246154731587 -0.0080359308379510837
leaf_weight=9601.9317568391562 165.45844481885433 152.47036421298981 159.70963057875633 128.39685572683811 255.54795263707638 137.82942245900631 128.66355185210705 83.096243537962437 78.884234070777893 144.94701688736677 124.01869681477547 125.70951353758574 174.05931253731251 905.06765242666006
leaf_count=25947 347 414 390 299 550 318 334 380 363 408 307 392 528 2753
internal_value=0.000530638 -0.0107116 -0.0209619 0.000983186 0.0123527 0.00498627 0.0198273 0.000324082 0.0200516 3.37872e-05 -0.00601201 0.0181681 0.000838124 -0.0117747
internal_weight=12365.8 477.638 325.168 11888.2 650.438 522.041 266.493 11237.7 161.98 11075.7 1299.74 249.728 9775.99 1050.01
internal_count=33730 1151 737 32579 1501 1202 652 31078 743 30335 3860 699 26475 3161
is_linear=0
shrinkage=0.05


Tree=250
num_leaves=15
num_cat=0
split_feature=80 4 4 50 4 22 36 36 69 15 83 46 58 11
split_gain=20.4888 43.818 24.8302 28.2646 22.8294 39.9165 18.9156 46.6214 37.5043 22.2442 56.6972 61.8483 71.59 50.4455
threshold=14.845000000000001 16.417732085615487 13.74840434770058 11.940833333333336 12.215858359965537 0.74443344878772899 0.85011000253562263 0.81775094017254857 0.0045768747381650611 0.70097998189742261 7.4896968351272593 62.150735294117659 21.454044117647062 0.2022179287475466
decision_type=10 10 10 8 10 10 10 10 2 10 2 2 2 10
left_child=1 2 4 -4 6 -6 7 9 -8 -1 11 -11 -13 -12
right_child=-2 -3 3 -5 5 -7 8 -9 -10 10 13 12 -14 -15
leaf_value=-0.00076341239378078466 0.019244849652999763 -0.031407266529026409 0.034618719295836146 -0.001514630010871943 0.0042271803747296176 -0.03778618009570494 -0.0094852666552558626 -0.028240670513561012 0.024583084939031715 0.047220806540867938 -0.0087856765925451719 0.039065151710556731 -0.017027130993039496 0.024185778893743022
leaf_weight=10114.061698757112 133.93819335103035 111.4937507584691 108.27924171835184 107.06507766991854 116.55254733562469 108.46074338257313 130.26904180645943 147.47356483340263 209.81787443906069 149.40023832768202 543.19145324081182 95.618115924298763 137.38581759482622 146.44191297888756
leaf_count=27250 378 320 317 307 372 251 346 371 549 423 1476 363 495 364
internal_value=-0.000131753 -0.000345592 -5.71413e-05 0.0167299 -0.000362337 -0.0161017 -5.76041e-05 -0.000406715 0.0115438 -3.72704e-05 0.00680779 0.0222223 0.0060601 -0.00175939
internal_weight=12359.4 12225.5 12114 215.344 11898.7 225.013 11673.7 11333.6 340.087 11186.1 1072.04 382.404 233.004 689.633
internal_count=33582 33204 32884 624 32260 623 31637 30742 895 30371 3121 1281 858 1840
is_linear=0
shrinkage=0.05


Tree=251
num_leaves=15
num_cat=0
split_feature=20 58 58 32 46 45 28 82 58 79 80 48 45 76
split_gain=19.7212 100.473 73.5428 23.1156 21.8294 30.0819 29.0362 25.6879 93.0022 25.1095 41.3115 36.638 50.3644 101.79
threshold=3.1010101010101017 26.218750000000004 21.878676470588239 1.0000000180025095e-35 68.937500000000014 23.449494949494952 15.633066666666668 10.875000000000002 22.66727941176471 0.61100849067112228 2.8450000000000002 22.240808823529417 24.320512820512821 1.133860837438424
decision_type=10 2 2 10 2 10 10 10 2 10 10 2 10 10
left_child=3 2 -2 4 6 -6 7 9 -9 11 -11 12 -1 -14
right_child=1 -3 -4 -5 5 -7 -8 8 -10 10 -12 -13 13 -15
leaf_value=0.0016027193577012216 -0.017266276527598708 -0.049049970408383936 0.027751629888986495 0.021046042953151288 0.032451405158752111 -0.0026882905193879379 -0.021405143021922927 -0.0083680699869015905 0.046932208356715438 0.00012210315717940432 -0.011722718992565532 -0.002361129096179635 0.0085417530541946878 0.058602526100926033
leaf_weight=3197.4382744133472 197.23034469038248 121.21179556101561 166.2951932027936 133.68536654114723 121.79005998373032 120.56269027292728 156.75200986862183 185.00334398448467 127.78099980950356 2192.8847018927336 1107.0960764586926 3548.6800097897649 804.41120772063732 115.30731421709061
leaf_count=8179 538 308 473 333 375 424 403 409 323 6362 3215 9646 2262 244
internal_value=4.45042e-05 -0.00982933 0.00334686 0.000450522 0.000212965 0.0150313 -0.000102372 0.000195569 0.0143012 -0.000208041 -0.00385401 0.00136177 0.00457042 0.0148748
internal_weight=12296.1 484.737 363.526 11811.4 11677.7 242.353 11435.4 11278.6 312.784 10965.8 3299.98 7665.84 4117.16 919.719
internal_count=33494 1319 1011 32175 31842 799 31043 30640 732 29908 9577 20331 10685 2506
is_linear=0
shrinkage=0.05


Tree=252
num_leaves=15
num_cat=0
split_feature=20 20 58 33 46 73 46 46 6 52 21 47 2 39
split_gain=27.8419 25.0789 69.0224 21.5744 17.6084 53.0057 68.2505 122.54 52.9811 60.0158 49.1577 46.9643 44.7664 43.5472
threshold=5.1964285714285721 3.1010101010101017 23.66727941176471 -0.11764705882352937 61.939338235294123 14.500000000000002 60.843750000000007 61.617647058823536 5.8791426389610839 238.67948717948721 9.2029411764705902 0.5840568198610907 1.0000000180025095e-35 24.844626967830255
decision_type=10 10 2 8 2 2 2 2 10 10 10 2 2 2
left_child=1 3 -3 -1 5 8 11 -8 10 -10 -5 12 -7 -12
right_child=-2 2 -4 4 -6 6 7 -9 9 -11 13 -13 -14 -15
leaf_value=0.018371029466107632 0.019409582994699772 0.0041755609238922657 -0.043245762113257369 0.0015430134639242115 -0.0020029182683033615 0.029415651701497049 0.057560408768618412 -0.0036683119285061197 0.045331028312932731 -0.0046378803340439232 0.0031159050711691448 -0.014740878038189485 -0.0034140557731799047 -0.019973360737640208
leaf_weight=150.95826089382172 173.21308790892363 194.43603013455868 125.58887292444706 1888.4650209322572 7640.5166964754462 206.47100208699703 184.8155378177762 145.65865874290466 124.17331174015999 115.24656467884779 301.80740359425545 240.54779820144176 207.50985661894083 628.93653429299593
leaf_count=363 432 531 369 4398 22277 426 486 340 273 347 751 586 425 1530
internal_value=-0.00043721 -0.000721604 -0.014511 -0.000347541 -0.000590935 0.00207687 0.0121582 0.0306438 -0.00117265 0.0213589 -0.00309302 0.00279226 0.012991 -0.012491
internal_weight=12328.3 12155.1 320.025 11835.1 11684.1 4043.63 985.003 330.474 3058.63 239.42 2819.21 654.529 413.981 930.744
internal_count=33534 33102 900 32202 31839 9562 2263 826 7299 620 6679 1437 851 2281
is_linear=0
shrinkage=0.05


Tree=253
num_leaves=15
num_cat=0
split_feature=50 56 33 76 29 44 41 3 45 57 55 31 29 29
split_gain=20.7677 28.2277 97.8836 83.6393 108.513 28.4588 27.6989 25.4886 24.343 73.433 24.7184 57.8742 117.473 38.5769
threshold=5.8625000000000016 4.9489862057503755 1.1882352941176475 0.95185227281634843 0.035833791214936954 0.5759951793327337 20.500000000000004 4.4211111111111121 13.045454545454549 236.26470588235296 14.79294117647059 0.82406250000000003 0.15612198296547505 0.12692299237478152
decision_type=8 2 10 10 10 10 10 10 8 2 2 10 10 10
left_child=6 8 3 4 5 -3 -1 -8 9 -2 -10 12 13 -12
right_child=1 2 -4 -5 -6 -7 7 -9 10 -11 11 -13 -14 -15
leaf_value=0.00663403000867016 0.040179352243629847 -0.017113274989776588 0.039001755449146358 -0.029009759811327109 0.041044831732193789 0.0093236678084194623 -0.0068341642558916787 -0.031362304424625335 0.00010190736622197753 -0.011631567466095741 -0.0056870026351571387 -0.040691668537879234 0.04134208583231827 -0.03574523225650527
leaf_weight=198.34353443235159 135.05383664369583 221.88827782869339 204.06428894400597 185.77753749489784 184.66850557923317 186.49696846306324 294.69881059974432 165.01687195897102 8725.9207025617361 136.81274542212486 1327.178793862462 114.37095246464014 129.99703036248684 115.15792760252953
leaf_count=530 324 428 489 388 376 420 740 426 24408 443 3777 309 320 297
internal_value=-0.00032471 0.000163052 0.00826718 0.000174617 0.00935024 -0.00504705 -0.00895985 -0.0156876 -0.000583172 0.0141592 -0.000969408 -0.00650848 -0.00399773 -0.00810999
internal_weight=12325.4 11667.4 982.896 778.831 593.054 408.385 658.059 459.716 10684.5 271.867 10412.6 1686.7 1572.33 1442.34
internal_count=33675 31979 2101 1612 1224 848 1696 1166 29878 767 29111 4703 4394 4074
is_linear=0
shrinkage=0.05


Tree=254
num_leaves=15
num_cat=0
split_feature=20 50 69 7 50 24 27 75 57 4 12 25 51 81
split_gain=21.2956 72.5118 104.275 28.5282 91.8074 69.0565 61.0013 40.3172 56.1273 33.0692 30.1626 22.4424 21.9333 55.4373
threshold=3.1010101010101017 9.8222527472527492 0.076953281918525226 12.715166666666667 12.244505494505496 2.6656000000000013 12.936875000000002 9.2650000000000023 261.53125000000006 8.7698495260241973 0.014494734039790144 0.055916666666666621 4.4153708614593379 5.8250000000000011
decision_type=10 10 2 10 10 8 8 10 2 10 10 8 8 10
left_child=3 -2 11 7 6 -6 -5 10 9 -9 12 -3 -1 -14
right_child=1 2 -4 4 5 -7 -8 8 -10 -11 -12 -13 13 -15
leaf_value=-0.0015156217497760754 0.017676006204513251 0.012697355482913446 -0.06178721110566783 0.01442092889715255 0.069033915150629913 0.0094149347344821867 -0.03603497168049765 -0.032223821929820144 0.015886057056131182 -0.007327074547031992 0.025989703363443684 -0.019044455203623158 0.0015604431800468558 0.022639768927582966
leaf_weight=5875.548980101943 159.03327690809965 111.0577125325799 114.21913984417915 137.27281110733747 94.325021423399448 99.777509346604347 104.76163319498301 254.43591375648975 143.92032994329929 280.73035508394241 116.55072303116322 109.73241962492466 4374.0034460276365 334.87848424911499
leaf_count=16953 426 305 314 415 327 288 329 530 407 581 270 295 11312 815
internal_value=0.000107424 -0.0100523 -0.0232287 0.000533024 0.0130677 0.0385924 -0.0074767 5.15304e-05 -0.0117532 -0.0192018 0.000801687 -0.00309302 0.000521899 0.00306402
internal_weight=12310.2 494.043 335.009 11816.2 436.137 194.103 242.034 11380.1 679.087 535.166 10701 220.79 10584.4 4708.88
internal_count=33567 1340 914 32227 1359 615 744 30868 1518 1111 29350 600 29080 12127
is_linear=0
shrinkage=0.05


Tree=255
num_leaves=15
num_cat=0
split_feature=75 55 39 57 47 46 27 14 56 27 36 27 3 83
split_gain=18.0419 77.307 65.286 56.5654 129.024 75.3594 62.778 75.1272 77.3895 74.5883 56.1088 55.7943 50.1214 45.0328
threshold=7.4250000000000007 9.6411764705882366 23.326488706365506 261.53125000000006 0.55083431246641357 63.727941176470594 7.5862500000000006 0.88904545454545458 4.0935163837071196 6.8798295454545464 0.72408372579387248 4.9287179487179493 9.9071428571428601 10.278121149728735
decision_type=10 2 2 2 2 2 10 8 2 8 10 10 10 2
left_child=10 -2 -3 6 -5 -6 9 8 -8 11 13 -4 -10 -1
right_child=1 2 3 4 5 -7 7 -9 12 -11 -12 -13 -14 -15
leaf_value=-0.00061159280296106515 0.030366016167949018 -0.024670491416368415 0.021606625510863516 0.066204216463024962 -0.026213693230675041 0.027411913574941549 0.0091148324743037298 0.016361412414659715 -0.013417419505489574 0.043484164890613262 -0.021507598429424499 -0.024147669504490685 -0.048057125547921513 0.029779117751295589
leaf_weight=9798.8846888616681 247.73906157910824 222.41351561248302 134.28413610160351 110.73556205630302 123.65092958509922 137.09797170758247 182.34698501229286 214.29750221967697 221.81032367050648 146.02553613483906 318.93175045400858 130.29503390192986 198.18329039216042 122.43065602332354
leaf_count=27008 596 479 360 264 338 417 369 450 462 281 1154 326 442 569
internal_value=-3.77039e-05 0.00421991 0.000648409 0.00418397 0.0212501 0.00197888 -0.000995015 -0.00901128 -0.0180504 0.0149314 -0.000898215 -0.000931682 -0.0298383 -0.000233603
internal_weight=12309.1 2068.88 1821.14 1598.73 371.484 260.749 1227.24 816.638 602.341 410.605 10240.2 264.579 419.994 9921.32
internal_count=33515 4784 4188 3709 1019 755 2690 1723 1273 967 28731 686 904 27577
is_linear=0
shrinkage=0.05


Tree=256
num_leaves=15
num_cat=0
split_feature=21 6 57 55 21 33 6 66 48 55 7 46 12 43
split_gain=21.2307 42.4985 40.2939 52.0805 87.3239 163.517 75.0912 67.3425 113.061 144.663 66.0546 41.3251 40.5516 48.0559
threshold=9.1126984126984141 7.6979274774204907 190.91176470588238 13.943750000000001 9.925824175824177 1.1079545454545456 7.6130453880485627 9.5000000000000018 22.66727941176471 11.573529411764708 10.291550000000001 64.093750000000014 0.003883626930501931 63.25833333333334
decision_type=10 10 2 2 10 8 10 2 2 2 10 2 10 10
left_child=1 -1 -2 7 5 -5 10 12 9 -9 -6 -10 13 -4
right_child=2 -3 3 4 6 -7 -8 8 11 -11 -12 -13 -14 -15
leaf_value=-0.00066293586623724602 0.028411023899078514 -0.030462485692458453 -0.0082164244995126343 6.4107525795740987e-05 0.0050086506621524664 0.083180229701982217 0.040115743171144115 -0.00094704927673974206 -0.029576893296182294 0.073804451506680982 -0.033903201223792992 0.011360748579452747 -0.026247976716037482 0.0048977884223756346
leaf_weight=7303.8879083096981 151.237390011549 120.63858980685472 1519.431513145566 128.68831586837769 751.07195484638214 108.54854886978865 128.75613583624363 121.05323366820812 117.44003723561764 138.02664838731289 126.56261974573135 127.73819521069527 185.84864995628595 1291.3968280181289
leaf_count=18672 382 316 4037 354 2449 325 434 342 353 358 426 393 487 4251
internal_value=0.000534254 -0.00115118 0.00308994 0.00227699 0.0110619 0.0382837 0.00461325 -0.000845919 0.0160407 0.039008 -0.00063498 -0.00828882 -0.00369187 -0.00219168
internal_weight=12320.3 7424.53 4895.8 4744.56 1243.63 237.237 1006.39 3500.94 504.258 259.08 877.635 245.178 2996.68 2810.83
internal_count=33579 18988 14591 14209 3988 679 3309 10221 1446 700 2875 746 8775 8288
is_linear=0
shrinkage=0.05


Tree=257
num_leaves=15
num_cat=0
split_feature=13 20 11 41 56 30 66 29 36 56 25 45 25 46
split_gain=20.0599 19.7779 57.7607 57.6401 35.717 58.3722 44.6371 51.5404 82.8523 51.0754 56.9028 44.5413 44.3521 39.3766
threshold=0.030171249939425496 0.84523809523809534 0.019348380119417908 13.500000000000002 4.322865692659744 0.0039428503108560504 6.5000000000000009 0.20727460156605779 0.63684915176989043 4.6306925996204944 -1.0000000180025095e-35 22.630681818181824 -0.10999999999999995 63.606617647058833
decision_type=10 10 10 8 2 10 2 10 8 2 8 10 10 2
left_child=1 3 -3 -1 5 13 -6 8 9 12 -11 -10 -8 -4
right_child=-2 2 4 -5 6 -7 7 -9 11 10 -12 -13 -14 -15
leaf_value=0.033503420263930925 0.021036680296275995 0.031883428520167748 -0.0094841047223829782 0.00045357782153248943 -0.031578987085670633 0.034644693129539487 -0.040364264835592571 0.024823881145598484 -0.056000904083761877 -0.01331512120779613 0.029369815715762415 -0.017130661095275012 -0.0020373724031501048 0.0065087938271838541
leaf_weight=132.90134382992983 110.8004877269268 109.20183283835649 895.87823165208101 8939.6177860349417 220.70865555852652 111.61081201583147 109.20060968399048 113.28746592998505 117.71813423931599 124.66719912737608 205.84659217298031 198.05257244408131 239.96025738865137 673.28235104680061
leaf_count=302 272 321 2443 23999 611 296 307 332 295 347 529 536 710 2233
internal_value=-4.62327e-05 -0.000239544 -0.00367328 0.000941357 -0.00497334 -0.000128409 -0.0110939 -0.00699131 -0.0106333 -0.000789393 0.0132778 -0.0317524 -0.0141052 -0.00262223
internal_weight=12302.7 12191.9 3119.41 9072.52 3010.21 1680.77 1329.44 1108.73 995.445 679.675 330.514 315.771 349.161 1569.16
internal_count=33533 33261 8960 24301 8639 4972 3667 3056 2724 1893 876 831 1017 4676
is_linear=0
shrinkage=0.05


Tree=258
num_leaves=15
num_cat=0
split_feature=74 43 83 30 28 15 15 55 43 22 36 51 71 79
split_gain=24.3473 25.3458 37.6634 57.7925 47.1699 37.5649 33.2965 32.2425 39.6207 45.784 41.7501 40.7764 39.091 33.8056
threshold=3.5000000000000004 64.345238095238116 10.127431496782211 0.0029586834733893561 13.901011363636366 0.7785512338215842 0.73006321273964303 12.895882352941177 63.25833333333334 0.66018867924528313 0.73930120917836872 4.2241891583037257 0.14214519718125787 -0.3687485228534606
decision_type=2 10 2 10 8 10 10 2 10 10 10 10 2 8
left_child=1 2 7 4 -4 6 -3 8 10 -10 -1 -11 13 -9
right_child=-2 5 3 -5 -6 -7 -8 12 9 11 -12 -13 -14 -15
leaf_value=-0.0048257620955853755 0.0029993770074240914 -0.0048757678342279745 0.018798693039129039 0.042986257089867363 -0.019772406925018551 -0.021282221544411437 0.023659327416892487 0.030740364894439001 -0.0070650808414163884 0.0020600259291810481 -0.030546209167678858 0.043579088214902487 -0.014632592597538512 0.00440064538313321
leaf_weight=2739.7777705639601 3771.3097738847136 2245.5012901425362 190.55687364190817 122.95331391692162 134.23216285556555 342.51259033381939 106.12165661156178 130.23311513662338 216.45076472312212 108.76142853498459 166.48082514852285 128.87826062738895 253.33710686117411 1707.7818616852164
leaf_count=6715 10345 6843 447 320 350 1079 331 181 652 318 405 330 712 4589
internal_value=-0.000349337 -0.0018191 1.6145e-05 0.0139399 0.00284587 -0.00583633 -0.00357856 -0.00112975 -0.00416275 0.00955806 -0.00630912 0.0246652 0.00374329 0.00628266
internal_weight=12364.9 8593.58 5899.44 447.742 324.789 2694.14 2351.62 5451.7 3360.35 454.09 2906.26 237.64 2091.35 1838.01
internal_count=33617 23272 15019 1117 797 8253 7174 13902 8420 1300 7120 648 5482 4770
is_linear=0
shrinkage=0.05


Tree=259
num_leaves=15
num_cat=0
split_feature=28 58 75 53 73 0 55 41 21 28 14 75 76 50
split_gain=31.5802 27.4396 23.172 69.7434 101.531 96.7374 84.3314 110.337 82.2765 113.169 69.6813 63.28 39.8261 37.0235
threshold=15.885375000000002 13.941176470588237 7.2250000000000005 2.1602564102564106 16.500000000000004 9.5000000000000018 11.287867647058826 62.000000000000007 11.252118644067798 9.9280923076923084 0.69535714285714301 9.3350000000000026 0.9484213705249287 13.152272727272729
decision_type=10 2 10 8 2 2 2 8 8 10 8 10 10 10
left_child=1 -1 -3 10 5 6 7 -5 11 -10 -4 -8 -12 -14
right_child=-2 2 3 4 -6 -7 8 -9 9 -11 12 -13 13 -15
leaf_value=-0.021959676525110453 -0.019617914170097787 -0.00073980744839117812 0.013738510255522371 0.0013778055578739391 -0.027968289283072024 0.050018218779013468 0.0028472495856184219 0.061069167442189778 -0.012003744621220188 0.048569847156501623 -0.035762458388438327 -0.043392581844545114 0.011037806202966349 -0.025460365988962855
leaf_weight=139.85123920440674 208.11505125463009 9970.8804291933775 259.29781413078308 151.39134061336517 137.34371398389339 188.35812127590179 156.63582549989223 157.53875158727169 155.5193929374218 151.31896279752254 194.53847396373749 139.03613746166229 145.87563361227512 130.96866248548031
leaf_count=222 532 28086 654 355 302 449 338 353 376 336 435 319 347 319
internal_value=-0.00035343 -1.99042e-05 0.000238918 0.00519594 0.0124263 0.0174916 0.0107222 0.0319162 -0.000179634 0.0179292 -0.00704627 -0.0189694 -0.0184844 -0.00625813
internal_weight=12286.7 12078.6 11938.7 1967.82 1237.14 1099.8 911.44 308.93 602.51 306.838 730.681 295.672 471.383 276.844
internal_count=33423 32891 32669 4583 2828 2526 2077 708 1369 712 1755 657 1101 666
is_linear=0
shrinkage=0.05


Tree=260
num_leaves=15
num_cat=0
split_feature=39 39 27 48 75 58 76 21 40 66 57 33 53 39
split_gain=29.5119 77.7923 38.4257 34.0678 63.3485 35.0634 60.0254 35.8311 52.7599 119.313 106.815 83.8673 57.7539 57.3161
threshold=26.672142368240934 26.616016427104729 12.291176470588239 30.091911764705888 4.0450000000000008 18.029411764705888 0.85083781834322825 7.8221343873517801 5.5000000000000009 6.5000000000000009 250.70588235294119 1.5999999999999999 1.8397435897435901 28.992470910335388
decision_type=2 2 10 2 8 2 10 8 2 2 2 10 8 2
left_child=1 2 -1 5 -5 6 -2 -7 -9 10 -10 13 -13 -11
right_child=3 -3 -4 4 -6 7 -8 8 9 11 -12 12 -14 -15
leaf_value=0.0019246162712721255 -0.0033290332037330291 0.043321848329045558 -0.023251125839835171 0.044727203544008033 -0.004226415936622362 -0.010732685953445292 -0.033373198368196487 -0.0070337242521370108 0.058928621761576809 0.031897926541748167 0.0013176970908666289 0.012078976689543053 -0.030388578662210876 0.0020443719316417244
leaf_weight=6647.5571434721351 468.21819247305393 111.22618564963341 154.10335987061262 104.2893447726965 177.07566172629595 951.80136135965586 256.99199758470058 1452.0165499076247 179.04642249643803 188.10868260264397 145.53972654789686 107.53057942539454 307.20735712349415 1074.2909108772874
leaf_count=18296 1316 291 421 266 537 2321 574 4161 377 427 455 319 875 2890
internal_value=-0.000132385 0.00203235 0.00135088 -0.00289726 0.0140126 -0.00382713 -0.014007 -0.00214858 0.000219492 0.00548174 0.0331801 0.000104535 -0.0193753 0.00651454
internal_weight=12325 6912.89 6801.66 5412.12 281.365 5130.75 725.21 4405.54 3453.74 2001.72 324.586 1677.14 414.738 1262.4
internal_count=33526 19008 18717 14518 803 13715 1890 11825 9504 5343 832 4511 1194 3317
is_linear=0
shrinkage=0.05


Tree=261
num_leaves=15
num_cat=0
split_feature=20 8 24 55 27 55 33 55 63 41 31 25 14 51
split_gain=25.6636 53.8758 47.3609 39.285 61.288 35.348 34.6785 35.8476 115.855 76.9664 69.784 50.0399 43.0082 45.6461
threshold=0.73863636363636387 1.1140964245867122 -3.6175999999999986 15.709375000000003 9.1750000000000025 15.146139705882355 0.34313725490196062 11.213529411764707 1.0000000180025095e-35 24.000000000000004 0.64468627450980398 0.15500000000000008 0.87788888888888894 4.8828107118333728
decision_type=10 10 8 2 8 2 8 2 2 10 8 8 10 10
left_child=2 -2 -1 5 -5 6 -3 8 9 -8 -10 -11 13 -9
right_child=1 3 -4 4 -6 -7 7 12 10 11 -12 -13 -14 -15
leaf_value=0.023913184577142955 0.027402944984427233 -0.018865804380405124 0.00062743296164645369 0.00074588383585793465 -0.052512456081005569 0.022879228449835583 0.030152518443516369 -0.012834340502504944 0.061647460827961055 -0.02332519847555636 0.010578670640002811 0.014003003985037741 0.021694084326351525 0.011127036387268446
leaf_weight=223.01985435932875 131.30991551280022 379.24607861787081 8651.2332320958376 108.53097281605005 106.49199753254652 119.31472282856703 115.66448510438204 1322.0868284106255 116.31037329137325 394.39861441403627 156.8469212949276 115.41999839246273 120.181257173419 233.09724725037813
leaf_count=559 367 969 23095 360 382 386 397 3730 307 1134 403 339 434 574
internal_value=-0.000202765 -0.00388273 0.00121526 -0.00514027 -0.0257518 -0.00368993 -0.00477074 -0.0026875 0.00536537 -0.00650424 0.0324693 -0.0148634 -0.00700755 -0.00923807
internal_weight=12293.2 3418.9 8874.25 3287.59 215.023 3072.57 2953.25 2574.01 898.64 625.483 273.157 509.819 1675.37 1555.18
internal_count=33436 9782 23654 9415 742 8673 8287 7318 2580 1870 710 1473 4738 4304
is_linear=0
shrinkage=0.05


Tree=262
num_leaves=15
num_cat=0
split_feature=15 56 56 5 22 55 20 79 33 5 5 82 19 13
split_gain=30.329 79.4453 180.078 87.2914 107.299 73.8684 83.3282 58.796 59.5265 66.5972 38.0097 21.5644 20.6146 23.0297
threshold=0.77277917449852251 4.3998369535179362 4.2615670915636867 14.816666666666668 0.7421798631476052 10.288051470588236 0.91608391608391615 0.10836991375497572 2.1742424242424243 7.8366666666666669 12.058333333333335 11.865 0.39230769230769241 0.0069054657250232424
decision_type=10 2 2 8 10 2 10 8 8 10 10 10 10 10
left_child=11 2 3 4 7 -3 -7 -2 9 -9 -8 12 13 -1
right_child=1 5 -4 -5 -6 6 10 8 -10 -11 -12 -13 -14 -15
leaf_value=0.00054314877362257325 -0.034681731058173647 -0.04138341368793326 0.057986018150815381 -0.033005200755748192 0.048281262722467091 0.032447636828225546 -0.032653830806868088 -0.0042385257051974047 -0.023992124736131923 0.062164345650334754 0.006407566611965846 -0.020282867343708433 0.018291875393924257 -0.017721121375527889
leaf_weight=10528.907787963748 97.577311411499977 119.10273482650518 208.35594893991947 124.37730652093887 152.70586437731981 151.41456536203623 132.63485546410084 73.422448351979256 77.007119372487068 76.47725935280323 116.11473143845797 125.13527463376522 159.59162859618664 174.46920848637819
leaf_count=28633 173 286 575 369 428 388 367 308 288 311 343 281 349 457
internal_value=0.00113523 0.00826587 0.0180451 0.00413813 0.0138681 -0.00699264 0.00332089 -0.00242564 0.0115368 0.029827 -0.0144676 0.000271991 0.000510616 0.000243806
internal_weight=12317.3 1329.19 809.923 601.567 477.19 519.267 400.164 324.484 226.907 149.9 248.75 10988.1 10863 10703.4
internal_count=33556 3836 2452 1877 1508 1384 1098 1080 907 619 710 29720 29439 29090
is_linear=0
shrinkage=0.05


Tree=263
num_leaves=15
num_cat=0
split_feature=79 29 79 21 33 58 3 56 42 58 4 20 41 22
split_gain=17.6465 50.6317 26.51 38.6178 72.4651 74.0334 72.4369 119 67.2246 58.3639 58.0461 44.6312 35.2189 41.6876
threshold=-0.10374864218162071 0.19064174654659377 0.27215712367502909 10.007812500000002 0.97058823529411786 22.878676470588239 5.1041666666666679 4.6089858844997869 9.5000000000000018 19.968750000000004 9.7050401963197981 -1.377103559390819e-16 92.500000000000014 0.6049571603427174
decision_type=8 10 10 10 10 2 10 2 2 2 10 10 10 10
left_child=1 -1 3 6 11 10 -2 9 -7 -8 -6 -5 13 -13
right_child=2 -3 -4 4 5 8 7 -9 -10 -11 -12 12 -14 -15
leaf_value=-0.0049504922036926208 0.0045197659975724667 0.01858599285053979 -0.00081779353958901587 0.040241755587477744 -0.023820652978176565 -0.01509641604097342 0.044418951804887648 0.075042729493455917 -0.080389782770984977 -0.0051932253140804831 0.033928127629273767 0.038628426952740325 -0.012625311130085982 0.00092394448619633634
leaf_weight=2929.0125277638435 1884.7276604920626 246.8434516787529 5820.4713569879532 82.527106717228889 104.8579950556159 81.358411125838757 87.575493857264519 99.921513766050339 76.536239735782146 178.70116358995438 72.884746387600899 100.34263973683119 262.10928490757942 265.20676631480455
leaf_count=4422 6510 356 16255 300 514 434 250 243 304 709 341 527 1159 1192
internal_value=9.331e-05 -0.00311584 0.00121139 0.00479312 -0.00314396 -0.0222532 0.0084806 0.0287981 -0.0470528 0.0112288 -8.2999e-05 0.00590578 0.00133432 0.0113509
internal_weight=12293.1 3175.86 9117.22 3296.75 1045.82 335.637 2250.93 366.198 157.895 266.277 177.743 710.186 627.659 365.549
internal_count=33516 4778 28738 12483 4771 1593 7712 1202 738 959 855 3178 2878 1719
is_linear=0
shrinkage=0.05


Tree=264
num_leaves=15
num_cat=0
split_feature=55 29 31 22 51 79 81 56 76 12 56 20 26 55
split_gain=24.6623 94.7602 147.038 129.347 86.7528 52.3147 84.3802 71.5249 61.4575 49.6437 44.1719 43.8379 42.686 37.7475
threshold=11.213529411764707 0.067729708802324526 0.55588095238095248 0.77859477124183019 4.8618520928215139 -0.046528143598926715 6.9650000000000007 4.3986952588278543 0.9611036386555214 0.011543822565327945 4.3200201955782322 -1.2635395375495826e-16 14.500000000000002 10.927205882352942
decision_type=2 10 10 8 10 10 8 2 10 10 2 8 2 2
left_child=1 11 3 10 5 8 -7 -8 -4 12 -3 -1 -2 -13
right_child=9 2 4 -5 -6 6 7 -9 -10 -11 -12 13 -14 -15
leaf_value=-0.030794308126592979 0.002156054819472552 0.036585493202217677 -0.0254565839338751 0.074598787917153894 -0.025261734378085723 0.00032259041651649939 0.060735604540209202 0.0074492205080214195 0.020107312604600951 -0.025910345600992563 -0.0079499950815501916 -0.0035350121770850043 -0.0051402897219080621 0.015022447340346379
leaf_weight=131.27714477479458 4200.3544951975346 114.8941448032856 171.57085015624762 156.28954943269491 208.22345143556595 267.67813558876514 161.78584390878677 103.21573948860168 128.62720972299576 209.72828015685081 106.58605778962374 2248.8143021166325 3832.7519478350878 311.03686366975307
leaf_count=356 12537 343 520 339 485 636 477 329 204 438 287 5821 9908 921
internal_value=-0.000376478 0.002787 0.013238 0.0399143 0.00352935 0.0107489 0.020143 0.0400871 -0.00593168 -0.00195398 0.0152136 -0.00272608 -0.00132538 -0.00127519
internal_weight=12352.8 4110 1418.87 377.77 1041.1 832.878 532.68 265.002 300.198 8242.83 221.48 2691.13 8033.11 2559.85
internal_count=33601 10718 3620 969 2651 2166 1442 806 724 22883 630 7098 22445 6742
is_linear=0
shrinkage=0.05


Tree=265
num_leaves=15
num_cat=0
split_feature=47 51 8 48 47 58 14 57 50 50 48 59 56 28
split_gain=17.8702 17.9893 44.8039 64.6824 75.8104 68.2627 63.1792 49.6337 48.2672 47.4978 37.6068 37.1989 53.0925 73.8677
threshold=0.65886529862576404 3.9380237430167599 6.57916167302466 25.485294117647062 0.59501356236697611 21.093750000000004 0.72563492063492074 289.02205882352945 15.750833333333334 11.47846153846154 25.93933823529412 0.75000000000000011 4.2861179473156517 3.2924969696969697
decision_type=2 8 10 2 2 2 10 2 10 10 2 2 2 10
left_child=1 2 7 4 5 -4 -7 11 -9 -6 -3 12 -1 -14
right_child=-2 10 3 -5 9 6 -8 8 -10 -11 -12 -13 13 -15
leaf_value=-0.0039321907198678436 -0.012201458199682352 0.0031990435097856806 -0.05888812491743789 0.011006072752068658 0.030035154866497868 -0.044006835745814835 0.010807544660047878 0.0050063043048349729 0.052634363606973371 -0.017951320064293005 -0.0041715875069318507 -0.0089001401363853466 0.0057143529104615662 0.054649335759966056
leaf_weight=681.79043736308813 300.40235617756844 6589.5675229877234 167.75384888797998 200.64773814380169 88.096942760050297 101.8249423801899 106.9114940688014 146.1378126963973 82.856597885489464 121.43635311722755 2345.9111393243074 1020.396210283041 278.80599359422922 105.75478585064411
leaf_count=1910 885 17609 399 627 331 299 314 586 272 385 6009 2906 800 309
internal_value=-0.000176292 0.000124782 -0.00315489 -0.0134559 -0.0218359 -0.035223 -0.0160141 0.000348728 0.0223934 0.00227112 0.00126372 -0.00207997 0.00444851 0.0192784
internal_weight=12338.3 12037.9 3102.41 786.671 586.024 376.49 208.736 2315.74 228.994 209.533 8935.48 2086.75 1066.35 384.561
internal_count=33641 32756 9138 2355 1728 1012 613 6783 858 716 23618 5925 3019 1109
is_linear=0
shrinkage=0.05


Tree=266
num_leaves=15
num_cat=0
split_feature=9 47 27 3 10 49 52 45 54 79 73 45 41 18
split_gain=19.0956 17.9461 19.8492 28.2491 60.8616 56.831 55.9805 65.3584 75.7985 32.6927 24.6929 58.16 29.7981 94.3437
threshold=18.054666666666673 0.65886529862576404 15.345220588235296 9.8041666666666689 0.19107207679926733 12.500000000000002 258.55000000000007 20.26136363636364 21.345238095238098 0.31260213290962113 17.500000000000004 21.207142857142859 80.500000000000014 5.154761904761906
decision_type=10 2 10 10 10 2 10 10 8 8 2 10 8 10
left_child=1 2 3 4 10 6 7 -5 -9 -8 12 -12 13 -1
right_child=-2 -3 -4 5 -6 -7 9 8 -10 -11 11 -13 -14 -15
leaf_value=0.0086042509119516348 0.02021744158859903 -0.011897728261875042 0.019534369716157584 -0.023425050276937129 0.034830865918962554 -0.041995795966693776 -0.048198499220534256 -0.0070533666729035403 0.035322626030613653 -0.01019986412953431 -0.0092956165112603687 0.023889965141672527 -0.0012530749299025585 -0.033294784251577419
leaf_weight=1848.1400657147169 119.95015317946672 295.55222015082836 135.17427867650986 146.89290200918913 130.7221082597971 107.73835512250662 84.592276990413666 200.54008254408836 221.07361500710249 169.36150448769331 216.12499445676804 336.57325407862663 8209.7092480063438 143.89917143434286
leaf_count=5007 328 871 430 339 335 254 199 550 524 736 430 609 22607 415
internal_value=0.000447761 0.000252482 0.000553943 0.000335162 0.00105012 -0.00802337 -0.00352755 0.00519448 0.0151975 -0.0229967 0.000636305 0.0109199 7.81598e-05 0.0055624
internal_weight=12366 12246.1 11950.5 11815.4 10885.2 930.199 822.46 568.507 421.614 253.954 10754.4 552.698 10201.7 1992.04
internal_count=33634 33306 32435 32005 29403 2602 2348 1413 1074 935 29068 1039 28029 5422
is_linear=0
shrinkage=0.05


Tree=267
num_leaves=15
num_cat=0
split_feature=12 7 31 14 46 4 36 24 41 46 28 6 53 56
split_gain=19.492 19.3453 69.9258 22.4193 62.6117 50.668 18.4417 62.2957 48.412 71.8991 54.7832 34.1739 33.5301 31.4031
threshold=0.024233398955312197 14.286727272727274 0.83573529411764713 0.86033333333333351 61.878676470588239 8.1986139750052889 0.77450671689619244 -2.0399999999999991 40.000000000000007 63.514705882352949 9.0598750000000017 5.3393181368579734 2.5166666666666671 5.220595385532774
decision_type=10 10 10 10 2 10 8 8 10 2 8 8 8 2
left_child=1 3 -3 6 -5 -6 13 -8 12 11 -11 -10 -9 -1
right_child=-2 2 -4 4 5 -7 7 8 9 10 -12 -13 -14 -15
leaf_value=-0.00040884597120084161 0.019843715604998938 0.031875889001754719 -0.017060454541601069 0.016956434472530393 -0.0035055413672788471 -0.048061118382864851 0.038722541087143465 -0.027086276582364184 -0.023791082517228973 0.0099995434274051231 0.059064610492386607 0.011121328248283026 0.0042445647613308457 -0.015564236149302869
leaf_weight=10300.001522324979 119.2892160564661 179.53029018640518 121.7263051867485 120.12570651620626 122.82438780367374 132.17532781511545 127.3816756978631 190.20830570161343 136.02639222890139 129.16864293068647 101.3816065043211 142.61648156493902 153.88094528019428 352.53967851400375
leaf_count=28325 281 548 401 337 385 425 295 467 311 409 272 324 350 649
internal_value=-0.00018597 -0.000381669 0.0121116 -0.000696072 -0.0127106 -0.0266978 -0.000307593 0.0062501 0.00136283 0.0111447 0.0317372 -0.00594616 -0.013103 -0.000911819
internal_weight=12428.9 12309.6 301.257 12008.3 375.125 255 11633.2 980.664 853.282 509.193 230.55 278.643 344.089 10652.5
internal_count=33779 33498 949 32549 1147 810 31402 2428 2133 1316 681 635 817 28974
is_linear=0
shrinkage=0.05


Tree=268
num_leaves=15
num_cat=0
split_feature=28 82 20 20 48 3 5 58 7 27 15 8 15 15
split_gain=36.3907 24.3156 39.4673 24.6231 45.632 36.3707 46.7113 55.039 42.9688 79.6228 84.0191 26.9423 44.1838 57.8354
threshold=17.003780392156866 11.565000000000003 2.8166666666666669 3.5192307692307696 22.843750000000004 9.8041666666666689 11.941666666666668 21.343750000000004 9.5466000000000015 10.011458333333335 0.74336670470417965 6.9180602113234295 0.82414804683831544 0.61457530797262017
decision_type=10 10 8 10 2 10 10 2 10 8 10 10 10 10
left_child=1 3 -3 5 -5 8 -7 -8 11 10 -10 -1 13 -13
right_child=-2 2 -4 4 -6 6 7 -9 9 -11 -12 12 -14 -15
leaf_value=0.00050902105335126331 0.027543407352080371 -0.00043236303073810705 -0.033974592844356388 -0.0086581539551987205 0.032040393819256781 -0.02729682846135776 0.031075972872966567 -0.01677862763219598 0.0042494939630297107 -0.015908627773829367 0.057764582969622329 -0.018335375680428291 -0.032244249927557561 0.0073062807103747547
leaf_weight=9548.0168224722147 117.01483558118343 236.45881436765194 138.42464944720268 119.64948274195194 160.19482187181711 275.71923846006393 99.916349843144417 147.51792468875647 150.2256617769599 134.74623251706362 142.63464101403952 381.73625750094652 157.51693014800549 516.01568423956633
leaf_count=25795 274 571 353 340 446 852 306 494 370 399 416 1098 436 1398
internal_value=-8.83417e-05 -0.000355412 -0.0128752 4.22534e-05 0.0146706 -0.00031329 -0.013182 0.00259283 0.000298166 0.0158189 0.0304214 -0.000329184 -0.00790652 -0.00360517
internal_weight=12325.8 12208.8 374.883 11833.9 279.844 11554 523.154 247.434 11030.9 427.607 292.86 10603.3 1055.27 897.752
internal_count=33548 33274 924 32350 786 31564 1652 800 29912 1185 786 28727 2932 2496
is_linear=0
shrinkage=0.05


Tree=269
num_leaves=15
num_cat=0
split_feature=46 17 9 28 56 55 44 8 29 32 13 45 58 57
split_gain=17.1091 27.2827 26.8118 22.9431 55.9522 63.2922 59.7736 31.692 35.6672 25.9657 46.7 52.0391 43.7127 30.6098
threshold=68.468750000000014 3.8397435897435903 4.7286666666666672 12.054708333333336 4.0234430333374052 13.623272058823533 0.59151489674118995 13.5830428661283 0.13930656889728174 1.0000000180025095e-35 0.00075420398138820394 22.585714285714293 23.148897058823533 259.34375000000006
decision_type=2 8 10 10 2 2 8 10 10 10 10 10 2 2
left_child=3 2 -2 7 -5 6 -6 9 -9 10 13 -12 -13 -1
right_child=1 -3 -4 4 5 -7 -8 8 -10 -11 11 12 -14 -15
leaf_value=-0.0016074479391429124 0.013986110984606691 0.034400378332290864 -0.023130737575062468 -0.035352203783020286 0.034112623917094576 -0.028532035204958041 -0.010775418370544187 -0.0022679242742556309 0.034575604766935712 0.021261117754383472 -0.031219234261215912 0.015111047795172625 -0.022151912528734542 0.0045411299161580692
leaf_weight=7728.6288591772318 146.4346974119544 89.57586894184351 71.624375559389591 159.84048271924257 151.28214386105537 138.95746681839228 143.85399470478296 125.0437863022089 137.11411070823669 134.49276904761791 258.4736401066184 180.49492970854044 137.96543614566326 2741.3396403864026
leaf_count=18978 587 331 329 561 433 434 389 325 370 312 687 391 337 9128
internal_value=-0.000290389 0.0113339 0.00174466 -0.00058838 -0.0101616 -0.000826007 0.012271 -9.0676e-05 0.0170602 -0.000494283 -0.000761049 -0.0145974 -0.00105106 2.70697e-06
internal_weight=12345.1 307.635 218.059 12037.5 593.934 434.094 295.136 11443.6 262.158 11181.4 11046.9 576.934 318.46 10470
internal_count=33592 1247 916 32345 1817 1256 822 30528 695 29833 29521 1415 728 28106
is_linear=0
shrinkage=0.05


Tree=270
num_leaves=15
num_cat=0
split_feature=24 24 21 73 50 21 20 31 58 24 58 31 56 79
split_gain=38.3074 29.4953 39.1969 55.2778 51.5126 34.6391 22.1163 51.0412 45.7262 83.9025 66.5519 45.154 69.2565 122.599
threshold=-5.6607692307692288 3.9666666666666681 10.445626477541373 14.500000000000002 11.778516483516485 12.253571428571432 1.2403846153846156 0.32683333333333336 27.82352941176471 -1.4623076923076921 26.937500000000004 0.63437500000000013 4.1810607454660706 0.32141560074648484
decision_type=8 10 10 2 10 10 10 8 2 10 2 10 2 8
left_child=-1 6 3 4 -3 -4 -2 -8 10 -10 11 -9 13 -13
right_child=1 2 5 -5 -6 -7 7 8 9 -11 -12 12 -14 -15
leaf_value=-0.020650940336551144 0.00055018833232246453 0.014678691578736552 -0.035064986827387803 0.030689037685901383 -0.028788862366372903 -0.0031223924826129538 0.02962257314356764 -0.005558647325378396 -0.0055879869687025996 0.05400008564918847 -0.038002485852192965 0.064185972835177935 -0.0023616040225971011 -0.003562369647692987
leaf_weight=209.13677103072405 9618.0717542245984 118.36761588603258 193.21096159517765 116.73494801670313 158.17719066888094 151.13049242645502 211.02235575765371 679.75834415107965 119.32844263315201 115.6621675118804 105.19831781089306 140.0480310767889 318.94765232503414 126.62804800271988
leaf_count=590 25809 318 542 316 414 512 628 2038 321 295 227 264 911 534
internal_value=0.000515388 0.000880721 -0.00880318 0.0019854 -0.0101979 -0.0210951 0.00150612 0.00656427 0.00351714 0.0238458 1.68867e-05 0.00320516 0.0133698 0.0321233
internal_weight=12381.4 12172.3 737.621 393.28 276.545 344.341 11434.7 1816.59 1605.57 234.991 1370.58 1265.38 585.624 266.676
internal_count=33719 33129 2102 1048 732 1054 31027 5218 4590 616 3974 3747 1709 798
is_linear=0
shrinkage=0.05


Tree=271
num_leaves=15
num_cat=0
split_feature=82 41 52 21 46 50 30 56 81 14 46 81 79 73
split_gain=35.6591 48.6025 61.7326 29.114 36.6898 34.8138 41.3369 30.8113 29.8826 72.4185 34.0514 75.7714 54.4311 52.879
threshold=10.675000000000002 80.500000000000014 237.22500000000002 16.867595818815335 61.119485294117659 5.5550000000000006 0.0075507836962945335 4.2954239293678613 8.2050000000000018 0.61422619047619054 61.939338235294123 6.3350000000000009 0.13163316367822439 16.500000000000004
decision_type=10 10 10 10 2 8 10 2 10 8 2 10 10 2
left_child=3 2 -2 5 -5 -1 8 -6 10 -10 13 -12 -13 -7
right_child=1 -3 -4 4 7 6 -8 -9 9 -11 11 12 -14 -15
leaf_value=-0.013128364525618417 -0.040093614999275357 0.0078576453890863585 -0.0023417688858578894 -0.012928258787779319 0.038235945624588007 0.0011117630462592126 0.023007875829850259 0.0057822476468989562 0.042775163661967527 -0.0032161272392989605 -0.0012961578516388339 -0.042012604773910084 -0.0059677027364440846 0.019812717495436141
leaf_weight=500.91197025030851 218.29097171127796 209.44919353723526 214.18577525019646 96.963576942682266 149.55840810388327 3081.6504047736526 196.48964868485928 143.03042437881231 135.62166579067707 228.82375168800354 6287.3848908394575 200.08962662518024 219.39802129566669 429.87606304883957
leaf_count=1288 440 546 539 287 556 7499 475 464 317 523 18617 364 687 917
internal_value=-0.000423163 -0.011887 -0.0214454 0.000208397 0.0136296 -0.000256257 0.000343068 0.0224449 -7.98797e-05 0.0139689 -0.000582256 -0.00267064 -0.0232196 0.0034061
internal_weight=12311.7 641.926 432.477 11669.8 389.552 11280.2 10779.3 292.589 10582.8 364.445 10218.4 6706.87 419.488 3511.53
internal_count=33519 1525 979 31994 1307 30687 29399 1020 28924 840 28084 19668 1051 8416
is_linear=0
shrinkage=0.05


Tree=272
num_leaves=15
num_cat=0
split_feature=81 47 41 32 76 53 36 43 46 27 29 50 22 47
split_gain=21.2174 38.735 33.3866 31.2915 25.3683 17.3868 80.4797 35.5338 55.4938 21.2148 55.3403 94.9334 62.6477 62.2237
threshold=9.5050000000000008 0.61137879064669354 13.500000000000002 1.0000000180025095e-35 0.90545916599283827 1.1339285714285716 0.53664082328186213 62.483333333333341 63.30330882352942 5.722500000000001 0.059608350004478498 10.887386363636365 0.86402157164869042 0.5917152582094134
decision_type=10 2 8 10 8 8 8 10 2 8 10 8 10 2
left_child=2 4 -1 5 -2 6 7 -4 -9 10 -7 13 -13 -12
right_child=1 -3 3 -5 -6 9 -8 8 -10 -11 11 12 -14 -15
leaf_value=0.018924499898341073 -0.018202380844898478 -0.034106360380924065 -0.01270561310227033 0.023885710906069269 0.011436176039581119 -0.0014349092544309269 0.0403811709995478 0.032856406592103773 -0.010327845201834737 -0.0033342805626653941 -0.019516142624989158 0.014168352106467809 0.053945054990009102 0.015335225069895115
leaf_weight=240.53386273235083 123.20009681582451 124.98068852722645 308.55899198353291 136.16018025577068 171.43322910368443 4888.1259084939957 146.11796574294567 149.34200119227171 146.54068740457296 4375.9084305241704 358.91431168466806 884.28683343529701 110.72956217080355 197.92194277793169
leaf_count=582 333 311 781 324 427 13016 421 411 501 12298 929 2503 264 594
internal_value=0.000135278 -0.0109019 0.000523943 0.000144156 -0.000976753 -0.000137371 0.00721643 -0.000854279 0.011506 -0.000648302 0.00117703 0.00939992 0.0186446 -0.00712328
internal_weight=12362.8 419.614 11943.1 11702.6 294.633 11566.4 750.56 604.442 295.883 10815.9 6439.98 1551.85 995.016 556.836
internal_count=33695 1071 32624 32042 760 31718 2114 1693 912 29604 17306 4290 2767 1523
is_linear=0
shrinkage=0.05


Tree=273
num_leaves=15
num_cat=0
split_feature=81 52 5 46 14 22 53 17 57 3 31 11 28 57
split_gain=30.0769 50.8044 32.5926 71.7896 76.251 49.9668 54.7457 45.2798 36.893 35.9363 31.1497 31.6703 24.7893 24.4239
threshold=9.5050000000000008 250.69047619047623 9.2416666666666689 62.667279411764717 0.7217424242424243 0.72776679841897252 2.6306818181818188 4.3205128205128212 236.26470588235296 8.4009090909090922 0.80262500000000014 0.16667537557805506 11.176066666666669 239.18014705882356
decision_type=10 10 10 2 10 10 10 10 2 10 8 10 10 2
left_child=2 12 7 4 -4 10 -7 9 -6 -1 11 -5 -2 -11
right_child=1 -3 3 5 8 6 -8 -9 -10 13 -12 -13 -14 -15
leaf_value=0.00099745117611657239 -0.0095331459228453624 0.012393741521557453 0.046698365659367268 0.022138181857516412 0.026633540514697674 0.0030083571977907791 -0.036363574372736053 0.031980268384506676 -0.0099278008489070355 -0.033974448813980131 0.033878512929654415 -0.016064022620336522 -0.03977588974106331 -0.0030988786773103764
leaf_weight=10344.85960920155 137.48034657537937 140.34353996813297 212.76565488427877 101.47265973687172 126.66431899368763 209.08657065033913 151.64863284677267 114.75900308042765 149.31686761975288 122.36039777100086 117.03157214075327 114.30079720914364 134.22063198685646 133.68398226052523
leaf_count=28014 305 457 470 378 260 569 367 296 440 341 409 454 297 494
internal_value=0.00128769 -0.0119767 0.00174802 0.00962286 0.0242786 -0.000725281 -0.0135979 0.000878354 0.00688797 0.000538679 0.0132266 0.00192073 -0.0245642 -0.0179287
internal_weight=12310 412.045 11898 1182.29 488.747 693.54 360.735 10715.7 275.981 10600.9 332.805 215.773 271.701 256.044
internal_count=33551 1059 32492 3347 1170 2177 936 29145 700 28849 1241 832 602 835
is_linear=0
shrinkage=0.05


Tree=274
num_leaves=15
num_cat=0
split_feature=24 83 54 6 45 6 81 45 83 40 13 48 56 80
split_gain=21.8018 37.817 21.024 56.639 33.0655 34.9902 33.8949 26.5649 39.7313 39.924 22.933 25.7386 43.1816 62.3299
threshold=-5.3175999999999988 7.9082443703427518 15.683333333333335 5.2997762363196079 15.80909090909091 3.9580617349182599 1.7850000000000004 15.919871794871797 8.0907188215689061 6.5000000000000009 0.027039265657832798 25.187500000000004 4.5892843150058775 10.345000000000001
decision_type=8 2 8 10 8 8 10 8 2 2 10 2 2 10
left_child=1 -1 3 4 -2 6 -6 8 9 -4 11 -9 13 -13
right_child=2 -3 7 -5 5 -7 -8 10 -10 -11 -12 12 -14 -15
leaf_value=0.0048663577686545671 0.025688648520145435 -0.035423851403462263 -0.010105299803806372 0.039021266893617845 0.0204498133405174 -0.014572473606252544 -0.0068441112916957361 0.0017793973008505271 -0.035704476374781947 0.018568167382312904 -0.022477906455190884 -0.0025353074240255223 -0.013675462269809728 0.028938253775253615
leaf_weight=113.5906071215868 128.22552819550037 118.06577379256487 679.49729312956333 118.02410224080086 232.96176734566689 310.22368302941322 220.63830670714378 6954.0808529853821 119.79775588959455 146.80328334122896 112.83088274300098 2123.6723381578922 802.48282630741596 168.88353678584099
leaf_count=291 291 342 1843 355 638 796 510 19067 270 374 286 6128 2034 443
internal_value=-0.000570845 -0.0157319 -0.000279744 0.00662302 0.00229762 -0.00165756 0.00718776 -0.000907963 -0.00891693 -0.00499479 -0.000161507 9.12714e-05 -0.00370104 -0.000205168
internal_weight=12349.8 231.656 12118.1 1010.07 892.049 763.824 453.6 11108 946.098 826.301 10162 10049.1 3095.04 2292.56
internal_count=33668 633 33035 2590 2235 1944 1148 30445 2487 2217 27958 27672 8605 6571
is_linear=0
shrinkage=0.05


Tree=275
num_leaves=15
num_cat=0
split_feature=24 79 81 47 45 79 28 54 6 55 48 81 58 21
split_gain=36.8072 73.1618 15.9809 17.9708 19.1094 28.0683 33.4809 28.817 27.9956 27.9588 23.1825 52.7477 46.5097 48.2726
threshold=-5.3175999999999988 0.13163316367822439 1.1950000000000001 0.65886529862576404 29.240384615384617 1.2291901805214307 2.4155030303030309 17.43650793650794 6.1782579130351394 14.281985294117648 29.906250000000004 3.9150000000000005 24.718750000000004 11.802777777777779
decision_type=8 8 8 2 10 8 10 10 10 2 2 8 2 8
left_child=1 -1 -2 4 10 7 -7 -6 9 -9 -4 -12 13 -13
right_child=2 -3 3 -5 5 6 -8 8 -10 -11 11 12 -14 -15
leaf_value=-0.047403376553205125 0.017134509156527863 0.0090318232283012577 0.00075747365705597358 -0.011819189582579595 -0.025142805053194522 -0.0059696387865129505 0.042709051932256492 -0.0028782972301903309 0.018227161844392943 -0.027284838473389129 0.036840298207467488 0.040296785611650357 -0.022129382415556117 -0.0074117627302609851
leaf_weight=116.03562514483929 141.42931333184242 112.22670167684555 9946.0988938882947 297.88928598165512 202.60915321111679 80.26124345511198 61.793896600604057 573.32220195233822 118.77343493700027 146.63382717967033 146.96189667284489 101.49517364799976 131.49418214708567 109.30361726880074
leaf_count=212 284 415 26846 870 450 442 349 1531 332 336 349 296 413 331
internal_value=0.000108098 -0.0197383 0.000485401 0.000286384 0.000597745 -0.00542104 0.0153561 -0.00826738 -0.00416575 -0.00788014 0.00128074 0.0118951 0.00110887 0.0156407
internal_weight=12286.3 228.262 12058.1 11916.6 11618.7 1183.39 142.055 1041.34 838.729 719.956 10435.4 489.255 342.293 210.799
internal_count=33456 627 32829 32545 31675 3440 791 2649 2199 1867 28235 1389 1040 627
is_linear=0
shrinkage=0.05


Tree=276
num_leaves=15
num_cat=0
split_feature=51 73 77 47 14 41 41 24 39 58 26 55 22 36
split_gain=18.3719 39.317 43.5239 40.868 59.1865 37.4565 28.6474 98.268 47.5449 41.1282 105.28 63.2863 57.2018 66.5888
threshold=5.0014164305949018 9.5000000000000018 0.62287445046874212 0.59638498425106945 0.44345238095238099 9.0000000000000018 49.500000000000007 -3.9897454545454538 22.175222450376456 20.363970588235297 12.500000000000002 10.564705882352943 0.56070175438596503 0.34060006390972336
decision_type=10 2 8 2 10 10 8 8 2 2 2 2 10 10
left_child=6 3 -3 5 -5 -2 7 -1 -8 10 -9 -11 -13 -14
right_child=1 2 -4 4 -6 -7 8 9 -10 11 -12 12 13 -15
leaf_value=0.048786615642756444 0.016724063644930395 -0.0050927311837167671 -0.033117578371848734 -0.0020264678382014571 0.048843760930320487 -0.012574623563563522 -0.029154998703957543 0.021914460181321642 0.00019452768087549873 -0.012623211945381295 -0.024497640186410666 0.039477279720265011 -0.019045723175050672 0.018544942925304616
leaf_weight=127.87172397971153 145.49733126908541 404.69248037040234 210.02326146513224 133.69595491886139 98.807656168937683 426.63835752755404 139.12272161990404 189.00678842514753 9057.1585216075182 252.34845630079508 341.5521422624588 195.67880538851023 160.84816961735487 432.63498477637768
leaf_count=349 366 981 547 411 294 927 436 511 24770 746 879 578 551 1201
internal_value=0.000152776 -0.00519588 -0.0147059 0.00207868 0.0197086 -0.00510762 0.000849911 0.00681087 -0.000252598 0.00336773 -0.00795363 0.00913707 0.0161025 0.00834207
internal_weight=12315.6 1419.36 614.716 804.639 232.504 572.136 10896.2 1699.94 9196.28 1572.07 530.559 1041.51 789.162 593.483
internal_count=33547 3526 1528 1998 705 1293 30021 4815 25206 4466 1390 3076 2330 1752
is_linear=0
shrinkage=0.05


Tree=277
num_leaves=15
num_cat=0
split_feature=15 27 22 27 27 83 6 7 58 81 50 12 28 14
split_gain=18.8091 19.181 48.5059 36.7526 39.9006 50.204 77.8367 60.207 86.2343 46.8715 48.6156 45.9479 37.1217 34.0155
threshold=0.93981216937965317 12.936875000000002 0.78404875463698998 12.291176470588239 11.099095022624438 8.0907188215689061 3.4424736725758396 8.9763333333333346 22.60477941176471 6.285000000000001 14.506190476190477 0.010811093668236528 10.807166666666669 0.75522727272727286
decision_type=10 10 8 10 10 2 8 10 2 8 10 10 10 10
left_child=1 3 -3 4 5 7 -7 11 -9 -8 12 -1 -11 -12
right_child=-2 2 -4 -5 -6 6 9 8 -10 10 13 -13 -14 -15
leaf_value=3.6499303501491867e-05 -0.018884931881908856 0.022754045261340047 -0.014265958376040873 -0.028244769496295782 0.023114283513969863 -0.047611817547905805 0.013826201308722233 0.050146145945666978 -0.0034243769433966614 0.0031140356287881186 -0.048530441015765438 0.031539045813033427 -0.021903184990099255 -0.010566014529486422
leaf_weight=9748.0564204156399 127.41315718740225 277.70338006317616 128.83211203664541 113.19604873657227 186.88889551907778 119.23991834372282 249.96165090799332 147.94958267360926 151.32081951200962 520.31965574622154 120.78642299026251 116.13914255797863 206.27489582449198 115.82147885113955
leaf_count=26566 525 826 287 243 595 292 486 431 454 1454 353 308 497 285
internal_value=0.000151127 0.000351425 0.0110161 -1.7025e-05 0.000258872 -0.000114668 -0.0092367 0.001082 0.023138 -0.00542877 -0.0104348 0.000410564 -0.00400851 -0.0300692
internal_weight=12329.9 12202.5 406.535 11796 11682.8 11495.9 1332.4 10163.5 299.27 1213.16 963.202 9864.2 726.595 236.608
internal_count=33602 33077 1113 31964 31721 31126 3367 27759 885 3075 2589 26874 1951 638
is_linear=0
shrinkage=0.05


Tree=278
num_leaves=15
num_cat=0
split_feature=55 80 70 35 21 24 36 55 24 41 58 9 36 55
split_gain=30.1763 45.0589 41.4878 41.0048 36.6824 59.003 34.2247 45.5319 33.798 25.9142 25.2463 61.1652 68.5511 46.2256
threshold=14.79294117647059 10.595000000000001 0.0069752326217843467 1.5000000000000002 9.146428571428574 -1.4279999999999993 0.12770594665805216 15.146139705882355 -2.2848999999999999 63.500000000000007 19.545955882352946 12.025333333333334 0.75873243867367413 12.913529411764708
decision_type=2 10 2 8 8 8 10 2 10 10 2 10 10 2
left_child=10 2 4 -4 8 -6 -7 -8 -2 -5 11 12 -1 -12
right_child=1 -3 3 9 5 6 7 -9 -10 -11 13 -13 -14 -15
leaf_value=0.0048592723176607393 -0.038781559481282382 -0.034940768408492438 0.033063861314795807 -0.013884050019673645 0.031904787984333834 0.0026129080014095376 -0.044775169130045922 -0.0066980114838565245 -0.0092611439074898518 0.012529640235631773 -0.0027657746974065894 0.03037754853372987 -0.031882164848517025 0.0060068924565061322
leaf_weight=2476.0668857693672 159.17986608296633 122.78090970218182 125.76753494888544 174.11966868489981 106.97399251908064 394.92363210022449 113.33139196038246 252.02509732544422 247.88387308269739 196.67790454626083 5591.7386241406202 219.95439430326223 132.81797190755606 2051.77859403193
leaf_count=6411 408 269 352 521 363 1153 266 860 671 535 15133 586 320 5808
internal_value=3.27721e-05 -0.00577393 -0.00373312 0.00851524 -0.0085089 -0.00268881 -0.00759177 -0.0185993 -0.0208717 0.000122278 0.00108322 0.00511774 0.00297727 -0.000410416
internal_weight=12366 1893.66 1770.88 496.565 1274.32 867.254 760.28 365.356 407.064 370.798 10472.4 2828.84 2608.88 7643.52
internal_count=33656 5398 5129 1408 3721 2642 2279 1126 1079 1056 28258 7317 6731 20941
is_linear=0
shrinkage=0.05


Tree=279
num_leaves=15
num_cat=0
split_feature=52 30 46 53 52 33 82 79 6 48 39 59 14 80
split_gain=23.3705 39.3846 41.905 62.8724 70.8753 62.9745 58.3597 56.1277 60.7233 39.4931 41.4453 51.9311 39.3596 53.8002
threshold=232.39743589743594 0.011604369061599232 61.181985294117659 3.226495726495727 239.69047619047623 0.37499999999999989 0.15500000000000003 0.10143618627328373 5.8285013978490907 18.029411764705888 24.517453798767971 0.75000000000000011 0.32966666666666672 6.3350000000000009
decision_type=8 10 2 10 8 8 10 8 10 2 2 2 8 10
left_child=-1 2 3 4 -2 6 -6 8 12 -7 -11 -12 -4 -14
right_child=1 -3 7 -5 5 9 -8 -9 -10 10 11 -13 13 -15
leaf_value=0.0025803685285124708 -0.030351100777017023 -0.031726841008393951 0.0037307148521324874 0.032109557606688363 0.0030606783848334896 0.017341820373937541 0.035093043482502188 0.00010634031910432772 -0.037080147963951433 0.0098112522435553785 -0.032621735463488226 0.0013835481845754806 -0.017716269322935567 0.0097005993157147884
leaf_weight=4964.6884337589145 151.91210622340441 107.71631978452206 536.51006442308426 193.81505127996206 299.1768284663558 181.46240467578173 270.34875410795212 3631.1165517047048 192.02096843719482 202.50371159613132 249.06083830446005 203.61291138827801 957.40413564443588 219.32592463493347
leaf_count=11336 313 273 954 539 875 626 571 14307 345 468 642 548 1521 314
internal_value=-7.29333e-05 -0.00185412 -0.00140832 0.00532954 0.00197981 0.0054917 0.018301 -0.00354098 -0.0104886 -0.00323942 -0.00895749 -0.0173568 -0.00748831 -0.0126023
internal_weight=12360.7 7395.99 7288.27 1751.89 1558.08 1406.17 569.526 5536.38 1905.26 836.64 655.177 452.674 1713.24 1176.73
internal_count=33632 22296 22023 4582 4043 3730 1446 17441 3134 2284 1658 1190 2789 1835
is_linear=0
shrinkage=0.05


Tree=280
num_leaves=15
num_cat=0
split_feature=17 2 55 33 21 51 47 76 51 41 73 17 30 47
split_gain=19.9658 65.9985 59.8393 78.1199 93.8551 73.7932 86.0633 94.3829 123.12 80.4011 65.3535 57.796 62.6545 54.2476
threshold=2.8819444444444451 3.5000000000000004 10.758823529411767 0.79999999999999993 9.1695402298850599 4.0298148148148156 0.61999365623602209 1.3381362827358252 4.3351832492928306 94.500000000000014 11.500000000000002 4.2264957264957275 0.0015961946109004936 0.58977894438278067
decision_type=10 2 2 8 10 8 2 8 10 10 2 10 8 2
left_child=-1 2 3 -2 -5 11 7 8 -7 -10 -6 13 -13 -4
right_child=1 -3 5 4 10 6 -8 -9 9 -11 -12 12 -14 -15
leaf_value=-0.00075758033867883692 -0.037193003319058962 -0.031193053013791945 -0.0050716315215937413 0.042644426904478505 -0.032112538835463604 0.07056767635619246 -0.011681337872549725 -0.0029804443880600191 0.0064130716402431582 0.052496242257664111 0.013978320169771808 -0.04407097750230346 0.0076998944832179853 0.035426850340657408
leaf_weight=10002.414728477597 157.59627971053123 122.02124478667974 216.64078725129366 113.40242233872414 162.09664373099804 184.02313773334026 177.34787661582232 201.31632897257805 286.79161876440048 140.52180057764053 144.72134896367788 133.51086903363466 102.88342643529177 132.52224242687225
leaf_count=27347 368 308 550 304 444 400 532 789 634 298 374 453 256 445
internal_value=0.000204197 0.00443055 0.00646271 -0.00729169 0.00398394 0.0115084 0.0198237 0.0267051 0.0364696 0.0216547 -0.0103974 -0.00256012 -0.0216018 0.0103565
internal_weight=12277.8 2275.4 2153.37 577.817 420.22 1575.56 990.001 812.653 611.337 427.313 306.818 585.557 236.394 349.163
internal_count=33502 6155 5847 1490 1122 4357 2653 2121 1332 932 818 1704 709 995
is_linear=0
shrinkage=0.05


Tree=281
num_leaves=15
num_cat=0
split_feature=13 30 20 21 53 46 56 8 56 39 15 28 80 53
split_gain=23.6838 24.5445 19.1773 47.258 29.4472 18.8763 41.1734 37.6266 34.7613 39.1323 35.054 27.1284 22.3529 82.7838
threshold=0.031934621390487104 0.011154891304347827 -2.3360942809821001e-16 9.5045454545454557 2.1180555555555558 67.060661764705898 4.6306925996204944 1.8856550177644664 4.2402333408970589 28.391512662559894 0.73530358886998537 3.6905000000000006 8.6250000000000018 2.0333333333333337
decision_type=10 10 8 10 10 2 2 10 2 2 8 10 10 8
left_child=1 2 3 -1 -5 12 8 -8 9 10 -7 -10 -4 -14
right_child=-2 -3 5 4 -6 6 7 -9 11 -11 -12 -13 13 -15
leaf_value=0.00767266074564215 0.023005646591275644 -0.022904148972932314 -0.00088222353659491055 -0.043150012239632884 -0.0098093906855884639 0.0098721739262109375 0.0046245963170636114 0.046200714587848773 -0.0011232028847768052 -0.015481787706288677 0.051962289415933095 -0.034782888038744207 -0.011367364684424931 0.017048920676426736
leaf_weight=219.71885984390974 110.04075355827808 116.79273594915867 9645.4189767986536 111.01970424503088 163.97152607887983 160.9742836356163 104.51384785026312 113.09426734596491 180.37303724139929 92.095068290829659 70.829603284597397 88.647358864545822 403.84765042364597 697.92564694583416
leaf_count=518 271 270 26049 343 415 747 296 385 695 365 319 338 946 1572
internal_value=1.86685e-05 -0.000191066 3.0915e-05 -0.0095992 -0.0233773 0.000443912 0.00779699 0.0263448 0.000956827 0.0119735 0.0229011 -0.0123025 -0.000111314 0.00663226
internal_weight=12279.3 12169.2 12052.4 494.71 274.991 11557.7 810.527 217.608 592.919 323.899 231.804 269.02 10747.2 1101.77
internal_count=33529 33258 32988 1276 758 31712 3145 681 2464 1431 1066 1033 28567 2518
is_linear=0
shrinkage=0.05


Tree=282
num_leaves=15
num_cat=0
split_feature=24 33 48 50 31 14 77 29 54 28 67 57 80 25
split_gain=21.8636 34.0852 35.3036 26.1349 33.6732 49.1693 26.1672 19.5505 58.2446 78.0673 71.0041 91.8183 71.5633 61.352
threshold=3.4906666666666677 2.1291666666666669 19.121323529411768 13.00357142857143 0.73312500000000014 0.57912878787878797 0.55744596717597239 0.1388726061482147 18.90454545454546 11.011907692307693 1.0000000180025095e-35 237.03125000000003 9.7750000000000004 0.092182539682539658
decision_type=10 10 2 10 8 10 10 10 8 10 2 2 10 8
left_child=7 2 -2 4 5 -4 -5 -1 9 -9 12 -12 -10 -14
right_child=1 -3 3 6 -6 -7 -8 8 10 -11 11 -13 13 -15
leaf_value=-0.00028163400377944492 -0.02504518543830013 -0.032142026004725745 0.022501412458762561 0.0065083223365571463 0.030772561342963935 -0.024167175396825412 -0.026851765706696402 0.014318908010509258 -0.0038200193756136171 -0.032249358510027373 0.068858622189885879 0.0061962895775341444 0.043954797772522994 0.0029882919119943543
leaf_weight=9722.2963165789843 151.65065074712038 121.17768401652575 110.0587310269475 111.61991748958826 128.95008210092783 113.76369097828865 122.43470902740955 157.45351492613554 749.33176866918802 207.67971413582563 108.09710206091404 126.42147278040648 179.04387938976288 185.92975462973118
leaf_count=26631 389 386 319 398 360 313 266 384 2006 570 242 408 437 407
internal_value=8.23757e-06 -0.00767707 -0.00362455 0.00194426 0.0105276 -0.00122112 -0.0109824 0.000586558 0.00550861 -0.0121838 0.0103035 0.0352491 0.00502653 0.0231503
internal_weight=12295.9 859.655 738.478 586.827 352.773 223.822 234.055 11436.3 1713.96 365.133 1348.82 234.519 1114.31 364.974
internal_count=33516 2431 2045 1656 992 632 664 31085 4454 954 3500 650 2850 844
is_linear=0
shrinkage=0.05


Tree=283
num_leaves=15
num_cat=0
split_feature=41 55 69 51 30 43 58 50 26 57 82 40 50 29
split_gain=30.0168 104.784 21.0472 24.6506 32.3395 23.92 23.4605 30.8127 50.1499 65.0135 90.8789 59.1671 47.6467 87.4077
threshold=13.500000000000002 12.60919117647059 0.18318467282661735 5.3030277982654708 0.0018450435729847495 58.392307692307703 14.750000000000002 16.12916666666667 15.500000000000002 269.52205882352945 4.0150000000000006 7.5000000000000009 15.161818181818184 0.057292166356583872
decision_type=8 2 2 10 10 8 2 8 2 2 10 2 10 10
left_child=1 -1 6 4 5 -4 -2 12 11 10 -10 -9 -8 -14
right_child=2 -3 3 -5 -6 -7 7 8 9 -11 -12 -13 13 -15
leaf_value=-0.0096046779305045023 0.01941011286612488 0.049774330661120011 -0.020367233139637664 0.016768332827498549 -0.026730855794213339 -0.00212451172894011 0.00049656170040680533 -0.0026534384207727779 -0.011887830670874755 0.012100885894195253 -0.05697781506479363 0.034526746730442336 0.00012931695019053309 0.039050224210952354
leaf_weight=175.00649000704288 161.15439687669277 127.77252430468798 203.94767013937235 119.86248127371073 178.18934846669436 1460.7851414680481 7333.6649213284254 1037.7962611615658 460.07065758854151 169.27735733985901 146.94571347534657 118.29240384697914 376.67345625907183 232.79027862846851
leaf_count=405 431 343 447 274 414 4119 20194 3173 1067 546 273 322 960 572
internal_value=1.26928e-05 0.0155346 -0.000380229 -0.00511411 -0.00654566 -0.00437033 0.000545954 0.000236183 -0.00542461 -0.0152455 -0.0228789 0.00117744 0.00161384 0.0150351
internal_weight=12302.2 302.779 11999.5 1962.78 1842.92 1664.73 10036.7 9875.51 1932.38 776.294 607.016 1156.09 7943.13 609.464
internal_count=33540 748 32792 5254 4980 4566 27538 27107 5381 1886 1340 3495 21726 1532
is_linear=0
shrinkage=0.05


Tree=284
num_leaves=15
num_cat=0
split_feature=27 81 15 5 81 83 55 58 47 31 46 81 3 57
split_gain=21.8977 29.4538 20.4124 18.425 26.4826 20.5842 93.163 46.1388 89.0945 83.3164 79.2876 66.0237 44.6667 71.236
threshold=15.345220588235296 9.2250000000000032 0.73006321273964303 14.31666666666667 8.7550000000000008 7.6601563950028977 9.6411764705882366 23.60661764705883 0.55832022448025176 0.74777472527472544 62.588235294117659 6.7750000000000012 4.2696969696969704 215.88235294117649
decision_type=10 10 10 10 8 2 2 2 2 10 2 10 10 2
left_child=1 3 -3 5 -5 12 -7 9 -9 -8 -11 -10 -1 -14
right_child=-2 2 -4 4 -6 6 7 8 11 10 -12 -13 13 -15
leaf_value=-0.00050389067122333321 0.018457030645683836 -0.00083067891733448599 -0.02420947942612332 -0.0012159452236547256 0.032492865654496154 0.028181325968344752 -0.027331201695964355 0.032389286107933138 0.0031897247319866064 0.032194982056044201 -0.015739843052670427 -0.042930208772442663 0.027078974607530046 0.0026065784171104686
leaf_weight=8276.6746590435505 161.01124278455973 168.6016685962677 208.43593953549862 126.72040957212448 106.75001039355993 186.36777695268393 591.44684516638517 169.34935775399208 242.13387131690979 141.49155264347792 217.65519642829895 113.11364988982677 392.91322886198759 1214.2561791464686
leaf_count=22402 526 425 521 258 442 471 1489 461 781 323 536 270 1029 3698
internal_value=0.000196155 -4.72181e-05 -0.0137849 0.000393654 0.0142696 0.000111843 -0.00503561 -0.00924831 0.00265242 -0.0158118 0.0031818 -0.0115745 0.000977596 0.00860259
internal_weight=12316.9 12155.9 377.038 11778.9 233.47 11545.4 1661.56 1475.19 524.597 950.594 359.147 355.248 9883.84 1607.17
internal_count=33632 33106 946 32160 700 31460 4331 3860 1512 2348 859 1051 27129 4727
is_linear=0
shrinkage=0.05


Tree=285
num_leaves=15
num_cat=0
split_feature=74 44 54 56 9 11 3 80 56 17 24 6 56 21
split_gain=16.6169 20.2891 30.1016 22.1245 20.9534 72.8418 38.693 35.8675 41.7301 25.4248 24.8172 44.1799 37.1303 28.821
threshold=2.5000000000000004 0.66202987153691384 20.516666666666669 5.1147303727200644 7.0746666666666673 0.098541936807746283 5.3050000000000006 8.8600000000000012 4.3114429864039048 1.6306818181818186 -0.95200000000000062 5.2997762363196079 4.1923871434884239 9.5527777777777789
decision_type=2 10 8 2 8 10 10 8 2 10 8 10 2 10
left_child=1 3 -3 4 5 6 9 8 -6 -1 -9 13 -13 -12
right_child=-2 2 -4 -5 7 -7 -8 10 -10 -11 11 12 -14 -15
leaf_value=-0.0027285020048544197 0.0011680952084071733 -0.009383546635911252 0.025731749048664734 -0.020274334194854433 -0.0063427326256337464 0.026089315821462462 -0.031045443918841804 -0.022574042743661461 -0.039531482176659305 0.01824758317500488 -0.001263596974279445 -0.0021919462658521642 0.038692748593841614 -0.029881050847077314
leaf_weight=2162.4475607424974 7878.8902238681912 103.68638868629932 145.92249304056168 186.38533890247345 220.73995451629162 239.91010181605816 113.98115117102861 132.3596078902483 165.5085661560297 153.80137202888727 489.7726486325264 103.68305083364248 118.32582540810108 106.27228286117315
leaf_count=5841 21550 348 490 387 437 631 365 416 341 419 1355 322 351 332
internal_value=-0.000210691 -0.00265556 0.0111658 -0.00348077 -0.00269471 -0.000135778 -0.00273436 -0.00780257 -0.0206296 -0.00132839 -0.00257346 0.000686203 0.0196745 -0.00640747
internal_weight=12321.7 4442.8 249.609 4193.19 4006.8 2670.14 2430.23 1336.66 386.249 2316.25 950.413 818.054 222.009 596.045
internal_count=33585 12035 838 11197 10810 7256 6625 3554 778 6260 2776 2360 673 1687
is_linear=0
shrinkage=0.05


Tree=286
num_leaves=15
num_cat=0
split_feature=24 52 30 58 83 50 19 29 47 51 82 47 54 54
split_gain=20.1396 17.4961 101.195 54.158 41.1468 43.1025 40.8272 31.9998 56.8083 33.5813 31.496 29.4673 30.2661 27.2372
threshold=-5.6607692307692288 209.83766233766235 0.0032355112587670732 27.634191176470591 5.9016225672454103 12.032380952380954 0.51923076923076927 0.064441420366371224 0.57181704377997167 3.9509709040959047 8.4950000000000028 0.61277648990630751 21.809090909090912 18.258333333333336
decision_type=8 8 10 2 2 10 10 10 2 10 8 2 10 10
left_child=-1 2 3 4 7 10 -3 9 -9 -2 -6 12 13 -11
right_child=1 6 -4 -5 5 -7 -8 8 -10 11 -12 -13 -14 -15
leaf_value=-0.014931200375889186 -0.013749939223039367 0.00010337381386521666 0.040596840384966783 0.022652364176686354 -0.016408244164739499 -0.027307304550708851 -0.031077508082238654 -0.00079430238010106357 0.04089608688941912 0.013033405554997018 0.014983910129789307 -0.01115433600726346 0.025064452742270989 -0.0078508777426725667
leaf_weight=206.30144736170769 344.07501947134733 9238.6893051937222 178.30949141830206 276.30649910122156 151.06447900831699 260.50763217359781 105.1880971044302 191.07477079331875 141.7123017385602 327.36894634366035 167.36992976814508 241.93527527153492 208.84301415085793 296.70833196491003
leaf_count=575 886 26733 340 485 276 574 244 383 382 669 425 598 450 619
internal_value=0.00052194 0.000785987 0.00426342 0.0017637 -0.000721365 -0.0122656 -0.000250931 0.00309882 0.0170282 -0.000177789 8.68059e-05 0.00417557 0.00863643 0.00310761
internal_weight=12335.5 12129.2 2785.28 2606.97 2330.66 578.942 9343.88 1751.72 332.787 1418.93 318.434 1074.86 832.92 624.077
internal_count=33639 33064 6087 5747 5262 1275 26977 3987 765 3222 701 2336 1738 1288
is_linear=0
shrinkage=0.05


Tree=287
num_leaves=15
num_cat=0
split_feature=51 48 77 40 46 45 18 7 10 21 21 48 75 30
split_gain=20.2215 31.9713 36.9248 23.84 42.3271 31.3414 23.385 27.0497 25.9897 24.1878 46.5122 41.1398 68.1481 53.8378
threshold=5.0578872755391364 26.090073529411768 0.41823279380121053 5.5000000000000009 62.029411764705891 19.679487179487186 8.8452380952380967 14.770000000000001 0.21612016058954667 10.731238273921202 11.562608695652175 29.718750000000004 4.9150000000000009 0.0033389074693422525
decision_type=10 2 8 2 2 10 10 10 10 8 8 2 8 10
left_child=6 3 -3 4 -2 -6 7 8 9 11 -11 13 -13 -1
right_child=1 2 -4 -5 5 -7 -8 -9 -10 10 -12 12 -14 -15
leaf_value=0.0036687738824713895 -0.019510529743562207 -0.0060165694135228577 -0.041918726251390183 0.012170672710353873 0.024560631583342346 -0.0051964194842334822 -0.021891808373345836 0.021977075110768296 -0.020063107531133446 -0.013755566561975416 0.00026512346233535894 0.050562757025938349 0.0016969513751783874 -0.018252592276577696
leaf_weight=4334.0305424183607 323.7439032420516 180.01427060365677 118.38115359097719 235.01394281536341 132.63895017653704 261.13207218050957 113.34557744860649 148.26436132192612 149.8496206626296 668.12917610257864 5099.5082092508674 118.87069879472256 176.43921913951635 298.44458717107773
leaf_count=11309 702 430 329 583 327 695 320 463 460 1900 14655 322 475 669
internal_value=-7.58479e-05 -0.00610002 -0.0203523 -0.00161859 -0.00614576 0.00486385 0.000603119 0.000837016 0.000546013 0.000836609 -0.00136115 0.00340869 0.0214711 0.00225287
internal_weight=12357.8 1250.92 298.395 952.529 717.515 393.771 11106.9 10993.5 10845.3 10695.4 5767.64 4927.79 295.31 4632.48
internal_count=33639 3066 759 2307 1724 1022 30573 30253 29790 29330 16555 12775 797 11978
is_linear=0
shrinkage=0.05


Tree=288
num_leaves=15
num_cat=0
split_feature=41 79 76 46 55 29 83 59 24 17 57 21 3 15
split_gain=21.6083 123.044 18.6474 17.989 42.3188 42.0251 39.3613 38.938 17.6129 43.3201 42.27 49.3588 25.3505 48.3181
threshold=13.500000000000002 0.082750125289471552 2.6274898373983748 67.468750000000014 11.914705882352942 0.12919082892433945 4.2470019984129523 1.0000000180025095e-35 -3.3363636363636364 4.2928571428571436 221.56066176470591 9.288018433179726 12.331111111111113 0.88688898517241976
decision_type=8 8 10 2 2 8 2 2 8 10 2 10 10 10
left_child=1 -1 3 8 7 6 -6 -5 9 10 -2 -12 -10 -14
right_child=2 -3 -4 4 5 -7 -8 -9 12 -11 11 -13 13 -15
leaf_value=0.046267715063981307 0.024400803689759665 -0.017302560336103605 0.015864383889649485 0.047091020618807738 0.00030269162054476082 0.020370303936121492 -0.041084389405533182 0.0049503126396240379 -0.00047767841298009548 -0.036923316653460186 0.011379176017222315 -0.028452672689415578 0.023036988526979843 -0.015798623867485036
leaf_weight=147.77264499664307 111.09209312498569 155.06369277834892 187.59229534864426 108.33620608597994 174.24078489094973 142.48426289856434 84.696229502558708 110.45770400762558 10268.583998821676 111.09919048845768 135.7761213555932 179.73496516048908 289.52202846109867 109.76841001212597
leaf_count=216 270 532 469 364 619 581 349 362 27509 305 344 567 780 357
internal_value=0.000598985 0.0137675 0.000265912 1.71529e-05 0.0082992 -0.00135409 -0.0133407 0.0259357 -0.000441948 -0.00926287 -0.00198983 -0.0113298 3.4873e-06 0.0123479
internal_weight=12316.2 302.836 12013.4 11825.8 620.215 401.421 258.937 218.794 11205.6 537.702 426.603 315.511 10667.9 399.29
internal_count=33624 748 32876 32407 2275 1549 968 726 30132 1486 1181 911 28646 1137
is_linear=0
shrinkage=0.05


Tree=289
num_leaves=15
num_cat=0
split_feature=12 48 11 11 11 30 33 58 55 43 21 15 21 29
split_gain=18.8373 39.9921 22.3489 26.3862 28.9962 25.6113 28.8259 76.2136 28.1273 36.9898 45.4403 63.7107 33.6929 37.747
threshold=0.0078730237154150205 22.726102941176475 0.26045409317412094 0.2366597094466357 0.2211080391645501 0.0073447323957069096 2.9321266968325794 23.514705882352946 9.8768750000000018 63.516666666666673 9.0094339622641524 0.41942098411420004 8.6609195402298855 0.069950215073665292
decision_type=10 2 10 10 10 10 10 2 2 10 10 10 10 10
left_child=2 -2 3 4 5 6 8 -8 9 12 -11 -12 13 -1
right_child=1 -3 -4 -5 -6 -7 7 -9 -10 10 11 -13 -14 -15
leaf_value=-0.012296085893659893 -0.001640610909462563 0.030774696544235671 -0.022277743510491235 0.020680363116099845 -0.025053393668802899 -0.020223469946366601 -0.0078995625834420175 0.043681204702430497 0.00034792130297366911 -0.0087561524812020605 -0.01169137999209339 0.035819469157483935 -0.02444453361894329 0.0173321313336996
leaf_weight=468.41597766429186 263.46937076747417 147.85753666609526 119.043975032866 142.96670587360859 121.51662620157003 162.89343573153019 158.94980143755674 128.95791784673929 9355.3960015699267 401.21931987255812 115.93172164261341 177.75562473386526 383.69751436263323 138.49010518938303
leaf_count=1050 536 420 329 410 342 393 451 435 25971 1061 379 512 952 297
internal_value=-0.000448378 0.0100579 -0.000813105 -0.000593876 -0.000857535 -0.000599523 -0.000315597 0.0152754 -0.000723501 -0.0066671 0.0021755 0.0170888 -0.0128661 -0.00551782
internal_weight=12286.6 411.327 11875.2 11756.2 11613.2 11491.7 11328.8 287.908 11040.9 1685.51 694.907 293.687 990.604 606.906
internal_count=33538 956 32582 32253 31843 31501 31108 886 30222 4251 1952 891 2299 1347
is_linear=0
shrinkage=0.05


Tree=290
num_leaves=15
num_cat=0
split_feature=33 20 41 30 73 75 57 58 58 21 50 56 46 48
split_gain=21.615 18.2456 21.9491 50.0324 67.6119 69.8153 109.051 57.3802 108.146 88.6768 73.0241 70.7511 57.8832 59.1797
threshold=3.7000000000000006 -0.16666666666666666 100.50000000000001 0.0020920868347338939 14.500000000000002 9.6350000000000033 244.8713235294118 17.393382352941178 20.393382352941178 8.7550000000000008 12.518333333333334 4.3205336084905666 67.593750000000014 23.148897058823533
decision_type=10 8 8 10 2 10 2 2 2 10 8 2 2 2
left_child=1 -1 3 7 5 6 -5 9 10 -3 11 -9 13 -10
right_child=-2 2 -4 4 -6 -7 -8 8 12 -11 -12 -13 -14 -15
leaf_value=0.017531074574660702 -0.015520812960767667 0.047966174493195721 -0.0018405496490665669 0.062817878195882915 -0.016239289942427283 -0.0068610214345670066 0.0049673261977904275 0.010830755782204826 0.0091992996209255395 -0.0039010528352886233 -0.032949711182486761 -0.034588140996993692 0.036821965774846636 -0.0073386515854904997
leaf_weight=143.81631492823362 230.89028782397509 152.86435397714376 7983.4066086262465 183.29488682001829 124.4457937926054 122.87443192303181 146.32510295510292 286.48212612420321 1221.8340017199516 177.14372192323208 391.25670129060745 121.19334571808577 124.34135966747999 969.1050545796752
leaf_count=376 541 348 22022 394 309 309 418 682 3247 494 983 363 484 2727
internal_value=-0.000399119 -0.000110464 -0.000323255 0.00268881 0.0163023 0.0252681 0.0372295 0.000404348 -0.00169885 0.0201969 -0.0175484 -0.00272292 0.00377557 0.00188416
internal_weight=12379.3 12148.4 12004.6 4021.16 576.94 452.494 329.62 3444.22 3114.21 330.008 798.932 407.675 2315.28 2190.94
internal_count=33697 33156 32780 10758 1430 1121 812 9328 8486 842 2028 1045 6458 5974
is_linear=0
shrinkage=0.05


Tree=291
num_leaves=15
num_cat=0
split_feature=22 2 11 4 56 56 31 33 22 29 31 31 52 56
split_gain=24.7535 41.4087 42.763 132.13 50.002 64.3165 45.8222 40.8956 43.9755 127.783 54.6504 115.34 39.9806 38.7513
threshold=0.69478319783197839 2.5000000000000004 0.18113777783476934 10.589905115572089 4.3986952588278543 4.1114966407355036 0.1244761904761905 -6.8001160258290831e-17 0.72776679841897252 0.14538870287920122 0.57486111111111116 0.54205882352941193 210.95454545454547 3.7749120026347751
decision_type=10 2 10 10 2 2 8 8 10 8 8 10 10 2
left_child=-1 2 6 -4 5 -5 -2 -8 9 -9 11 13 -3 -10
right_child=1 12 3 4 -6 -7 7 8 10 -11 -12 -13 -14 -15
leaf_value=-0.001685365288723005 0.032260836757543515 0.012710523010170564 0.061639013465061988 -0.0053067979379673941 -0.015728173550883653 0.043022000559680799 -0.019156063711372396 -0.001609634185530716 0.024949957365707556 0.051987333702453176 -0.007629685833646354 0.046035816465623013 -0.015324514315722629 -0.00030761955354795928
leaf_weight=7175.1655476614833 125.93889129906893 167.08964437991381 129.19453020393848 142.53319299966097 182.2030571475625 131.80167841166258 219.8931562229991 322.10038116574287 167.78980996459723 168.80234996974468 1180.3223911449313 163.98974548280239 522.96525955945253 1513.8101696074009
leaf_count=20437 338 331 272 381 424 300 532 938 526 442 3158 368 1427 3780
internal_value=0.000211674 0.00286046 0.00462854 0.017206 0.00452475 0.0179843 0.00271734 0.00171327 0.00302322 0.0168885 0.000768979 0.00614146 -0.00852755 0.00222591
internal_weight=12313.6 5138.43 4448.38 585.732 456.538 274.335 3862.65 3736.71 3516.81 490.903 3025.91 1845.59 690.055 1681.6
internal_count=33654 13217 11459 1377 1105 681 10082 9744 9212 1380 7832 4674 1758 4306
is_linear=0
shrinkage=0.05


Tree=292
num_leaves=15
num_cat=0
split_feature=27 28 22 75 31 81 58 55 66 53 30 40 47 58
split_gain=21.6129 51.923 80.6348 85.0442 42.0373 52.269 67.8581 67.7118 41.9261 49.9904 84.4768 65.813 64.794 95.0811
threshold=5.722500000000001 4.1960555555555565 0.79864864864864871 6.2550000000000008 0.61598214285714292 3.4250000000000003 20.909926470588239 13.981433823529413 4.5000000000000009 2.6547619047619051 0.0028697299077733865 7.5000000000000009 0.59707088851949175 19.121323529411768
decision_type=10 10 10 8 10 8 2 2 2 10 10 2 2 2
left_child=1 -1 4 -4 5 -3 -7 -8 -2 12 11 -11 -10 -14
right_child=8 2 3 -5 -6 6 7 -9 9 10 -12 -13 13 -15
leaf_value=-0.0008493133871528112 0.017059158772971053 0.039807975192937585 0.065612258198966864 0.0068437740658451388 -0.011359747795387405 -0.020182236937905926 0.0024856094077142354 0.05312987364001414 -0.016310496720764719 -0.010783611583847079 0.031833839037132459 0.02611344556648855 0.049773559927232841 -0.0052612879988378769
leaf_weight=7972.1812956556678 215.41007974743843 125.78929333388805 120.53702104091644 125.2709965929389 309.78361514210701 183.85537721961737 214.2736144810915 94.446242332458496 1374.6699973791838 658.27208304405212 205.28502520918846 147.00199521332979 92.634775206446648 484.0597015991807
leaf_count=21732 542 312 256 372 971 535 710 318 3139 1730 469 413 309 1731
internal_value=-0.000637459 0.000596788 0.0104094 0.0358112 0.00365081 0.0111769 0.0037995 0.0181007 -0.00418938 -0.00573994 0.00328439 -0.00402406 -0.0104127 0.00364985
internal_weight=12323.5 9146.14 1173.96 245.808 928.148 618.365 492.575 308.72 3177.33 2961.92 1010.56 805.274 1951.36 576.694
internal_count=33539 25206 3474 628 2846 1875 1563 1028 8333 7791 2612 2143 5179 2040
is_linear=0
shrinkage=0.05


Tree=293
num_leaves=15
num_cat=0
split_feature=21 48 39 31 18 11 44 58 55 36 82 33 31 58
split_gain=21.274 34.431 28.1493 37.0582 19.3695 64.8751 46.616 60.1487 47.584 77.2256 63.699 45.223 52.0879 110.123
threshold=16.867595818815335 18.878676470588239 24.247775496235459 0.49062500000000003 4.0333333333333341 0.14348025317762536 0.64502955923475935 24.718750000000004 9.6411764705882366 0.71081489223194871 12.865 0.92307692307692324 0.84581250000000008 22.363970588235297
decision_type=10 2 2 8 10 10 10 2 2 8 10 8 10 2
left_child=4 -2 -3 -4 5 -1 8 -8 9 -6 11 -10 -13 -14
right_child=1 2 3 -5 6 -7 7 -9 10 -11 -12 12 13 -15
leaf_value=-0.00042605390827786657 -0.014974853636642428 0.042454902554277807 0.030632824809394874 -0.011299512536952737 0.057099452326432099 -0.032215519555053494 -0.030265425317150464 0.018153364916485549 0.014342503420069966 0.00018634474003934427 0.031436719861614552 -0.010803929319317285 0.055411858819425786 -0.018763980481853706
leaf_weight=9645.8335118219256 91.590467400848866 94.03222168982029 103.75293710082769 105.22324927151203 115.78287123888731 162.20751278102398 193.96208175271749 94.784813195466995 417.55822538584471 121.75004590302706 187.58357657492161 812.91259018331766 97.326998889446259 101.12099599838257
leaf_count=25928 298 321 361 348 311 344 620 309 1008 299 506 2250 285 361
internal_value=0.00036355 0.0117712 0.0198784 0.00956588 -1.4066e-05 -0.000955026 0.00429137 -0.0143635 0.00720286 0.0280511 0.00412392 0.000518913 -0.00519693 0.0177103
internal_weight=12345.4 394.599 303.008 208.976 11950.8 9808.04 2142.78 288.747 1854.04 237.533 1616.5 1428.92 1011.36 198.448
internal_count=33549 1328 1030 709 32221 26272 5949 929 5020 610 4410 3904 2896 646
is_linear=0
shrinkage=0.05


Tree=294
num_leaves=15
num_cat=0
split_feature=24 51 80 53 6 55 15 82 39 44 41 41 77 55
split_gain=21.8328 36.7242 40.458 44.2862 27.8491 23.5424 45.8349 67.1628 63.2575 31.9654 31.8016 46.5874 44.3541 30.9909
threshold=3.9666666666666681 3.859099264705883 8.0650000000000031 1.8257575757575759 4.9573625046947001 14.79294117647059 0.68761654596442878 4.7750000000000012 25.984941820670777 0.64502955923475935 117.50000000000001 148.00000000000003 0.091945138111910435 14.257647058823531
decision_type=10 10 10 10 10 2 10 10 2 10 8 8 10 2
left_child=5 -2 3 -3 -5 13 7 9 -8 10 12 -12 -7 -1
right_child=1 2 -4 4 -6 6 8 -9 -10 -11 11 -13 -14 -15
leaf_value=0.0011187007979844936 0.014345624715399323 -0.031041058354917269 -0.029727787266154139 -0.0052608995212973832 0.028817032383388161 -0.0012671511755591065 -0.052617520551931911 0.02520814715796503 -0.0034329830475623201 0.017423827758699342 0.019373453962589406 -0.0089494453514229431 -0.038007008334981968 0.012890187421237587
leaf_weight=9245.1382397785783 145.240090534091 98.31870049983263 233.61969202756882 148.47325231134892 99.272991873323917 152.73071418702602 108.76538833230734 209.43549823760986 162.01390536874533 138.53215675055981 184.87654412537813 662.46997178345919 176.93752598762512 594.14428803324699
leaf_count=24927 462 317 528 414 352 558 302 467 514 419 449 1948 392 1557
internal_value=0.000345037 -0.00806774 -0.0136984 -0.00282296 0.00845523 0.000869845 -0.00439325 -0.00102126 -0.0233101 -0.00521296 -0.00788979 -0.00275432 -0.0210412 0.00183076
internal_weight=12360 724.925 579.685 346.065 247.746 11635 1795.76 1524.98 270.779 1315.55 1177.01 847.347 329.668 9839.28
internal_count=33606 2073 1611 1083 766 31533 5049 4233 816 3766 3347 2397 950 26484
is_linear=0
shrinkage=0.05


Tree=295
num_leaves=15
num_cat=0
split_feature=51 21 20 79 15 81 81 18 50 22 55 58 14 51
split_gain=17.3248 30.1018 38.5002 53.973 47.6931 28.9555 26.2139 24.2025 91.2822 97.5501 74.3257 70.7602 68.5932 89.0252
threshold=5.0783128908128914 8.382783882783885 -1.3221746929626862e-16 0.88508753573989152 0.37008049883729155 10.985000000000001 7.1050000000000013 4.0333333333333341 14.305000000000001 0.80982519590114543 9.2301470588235315 27.82352941176471 0.6605000000000002 4.6140077243018425
decision_type=10 8 10 8 10 10 8 10 8 10 2 2 10 10
left_child=5 -2 -3 6 -5 7 -4 -1 9 10 -9 12 -12 -14
right_child=1 2 3 4 -6 -7 -8 8 -10 -11 11 -13 13 -15
leaf_value=-0.00011040370366481444 -0.018906607172808843 -0.021094494458960823 0.0064325650895833766 0.0012864653931986072 0.049089076257841875 -0.021740601454562782 -0.017816408685895048 0.057895636462137523 -0.01171293686414341 -0.024131210739216501 0.031932596238541798 0.048706075813056124 -0.0071029021570099792 0.039057287182939326
leaf_weight=9203.306883148849 316.00111211836338 181.82634994387627 236.46074520051479 101.7274119630456 106.2458777949214 141.55128009617329 209.17510290443897 105.09591940045357 514.96148777008057 155.02692230045795 245.55273301899433 128.24589062482119 574.8770919367671 126.59658609330654
leaf_count=25218 727 427 544 317 331 383 525 277 1445 350 732 354 1729 352
internal_value=4.9365e-05 -0.00578806 -0.000809335 0.00485736 0.0258251 0.000650212 -0.00496396 0.000938886 0.00615508 0.013049 0.0179485 0.013994 0.00924684 0.00127148
internal_weight=12346.7 1151.44 835.435 653.609 207.973 11195.2 445.636 11053.7 1850.36 1335.4 1180.37 1075.27 947.026 701.474
internal_count=33711 2871 2144 1717 648 30840 1069 30457 5239 3794 3444 3167 2813 2081
is_linear=0
shrinkage=0.05


Tree=296
num_leaves=15
num_cat=0
split_feature=12 47 39 57 39 76 66 14 59 43 33 48 82 80
split_gain=29.5366 17.1834 47.7205 37.6369 74.3025 42.3187 36.9914 52.9452 128.189 46.0918 40.2401 78.0353 38.4971 37.7678
threshold=0.025124007936507941 0.58276453715384158 22.643394934976047 196.88235294117649 25.359342915811094 0.89420168067226891 7.5000000000000009 0.82035714285714301 1.0000000180025095e-35 57.527777777777786 1.0294117647058827 22.878676470588239 10.585000000000003 6.5250000000000012
decision_type=10 2 2 2 2 10 2 10 2 10 10 2 10 10
left_child=1 2 -1 4 -3 -5 7 12 -9 -8 -11 -12 13 -4
right_child=-2 3 6 5 -6 -7 9 8 -10 10 11 -13 -14 -15
leaf_value=0.02604309593127567 0.025148402356430073 0.041916498351913849 0.00059039441242980477 -8.4395918803215484e-05 -0.0052746044161020864 -0.0095846048872275588 -0.027414183970344664 0.050782340642809225 -0.0081789362255945998 -0.0080099981187004322 0.044715424142805008 -0.0068951880518461879 -0.026095709878487749 0.015172221241900008
leaf_weight=194.10297438502312 116.11985802650452 139.68976824730635 3909.9603757411242 3717.4333196356893 204.40281517803669 1711.0883806049824 217.20525027811527 182.58082388341427 184.68250051140785 837.93277743458748 118.59040556102991 188.40405541658401 122.15894609689713 499.96352481842041
leaf_count=548 281 338 9841 12177 463 4335 422 485 509 2127 317 484 261 1048
internal_value=0.000158468 -8.08749e-05 0.0016914 -0.00206278 0.0139493 -0.00308011 0.000932472 0.00295893 0.0211913 -0.00635317 -0.00233723 0.0131222 0.0014771 0.00224664
internal_weight=12344.3 12228.2 6455.58 5772.61 344.093 5428.52 6261.48 4899.35 367.263 1362.13 1144.93 306.994 4532.08 4409.92
internal_count=33636 33355 16042 17313 801 16512 15494 12144 994 3350 2928 801 11150 10889
is_linear=0
shrinkage=0.05


Tree=297
num_leaves=15
num_cat=0
split_feature=75 75 14 51 44 27 57 10 47 43 14 27 15 4
split_gain=22.1018 41.9714 36.4665 34.3468 20.5888 79.345 88.7474 30.414 23.8297 23.4122 80.2269 57.4439 29.3023 66.7079
threshold=14.275 10.935 0.84759615384615394 4.3729578392621882 0.6659126924838531 8.1488970588235308 237.03125000000003 0.043480282263143745 0.60225453352997194 55.599358974358985 0.56839743589743608 2.1717948717948725 0.89461701128864013 9.3771544106787097
decision_type=10 10 8 10 10 8 2 10 2 8 10 10 10 10
left_child=1 4 3 -3 9 7 -7 8 -6 10 11 -1 -11 -14
right_child=-2 2 -4 -5 5 6 -8 -9 -10 12 -12 -13 13 -15
leaf_value=-0.012714869130387314 0.016585413407965193 0.011586487640121693 -0.034242106264194036 -0.023443952086222328 0.025249789466576151 0.074932312457477099 0.0028878317002499904 -0.018920412626345015 -0.0061033478324898933 -0.00010419407189047517 -0.036114504841526084 0.023951646834840842 0.043507459757657414 -0.013740973638636618
leaf_weight=260.5177059173584 193.84370048344135 151.49862550199032 162.59529313445091 128.36177718639374 114.02982018887997 82.285611040890217 87.98939137160778 167.30125127732754 127.4312669634819 10183.191563107073 196.05947305262089 179.58538306504488 117.21228088438511 88.678180955350399
leaf_count=580 505 358 387 303 369 257 369 521 445 27768 416 366 347 383
internal_value=-0.000119992 -0.000390152 -0.0154867 -0.00450696 0.000186745 0.00936846 0.0379376 -0.00259592 0.00874622 -0.000296278 -0.00959967 0.00226739 0.000274273 0.018903
internal_weight=12240.6 12046.7 442.456 279.86 11604.3 579.037 170.275 408.762 241.461 11025.2 636.163 440.103 10389.1 205.89
internal_count=33374 32869 1048 661 31821 1961 626 1335 814 29860 1362 946 28498 730
is_linear=0
shrinkage=0.05


Tree=298
num_leaves=15
num_cat=0
split_feature=50 10 57 6 50 77 10 29 29 42 55 22 56 39
split_gain=23.6657 46.7085 22.6081 54.5057 46.6012 44.7046 29.1334 26.3496 22.8304 106.976 49.3965 80.3396 62.3813 58.579
threshold=5.5550000000000006 0.097436245649310652 202.18198529411768 3.0430528130616232 16.538181818181823 0.74211794506823847 0.081088881088881112 0.053946501529923425 0.19064174654659377 11.500000000000002 14.348345588235295 0.69478319783197839 4.2686549440724226 29.627652292950035
decision_type=8 10 2 8 8 8 8 10 10 2 2 10 2 2
left_child=1 -1 3 7 5 6 -5 -2 -4 10 11 12 -10 -13
right_child=2 -3 8 4 -6 -7 -8 -9 9 -11 -12 13 -14 -15
leaf_value=-0.0013414467826373974 0.0002638620590927266 -0.034509177138894107 0.00052361428518873509 -0.024009441184616738 0.0051894261989082922 -0.040446922534340519 0.0034859791172233926 0.02571260376380461 -0.03759066776281271 -0.034157597788248659 0.045940531221984063 0.055001389121256211 0.0156662046430994 0.0061219944064488689
leaf_weight=389.41291578859091 417.64179977029562 144.96608696877956 9741.183164305985 208.09229850769043 229.95840565860271 200.44371405243874 178.24467980861664 133.47055300325155 109.98910456895828 114.66429327428341 126.98186504840851 121.01433742791414 108.14307663589716 123.74141048640013
leaf_count=1032 948 375 27380 415 473 478 352 298 327 293 344 360 274 250
internal_value=-0.000104884 -0.0103868 0.000361053 -0.00568106 -0.0138731 -0.0213398 -0.0113476 0.00646255 0.00115273 0.00983803 0.0184336 0.010805 -0.0112366 0.0304149
internal_weight=12347.9 534.379 11813.6 1367.85 816.739 586.781 386.337 551.112 10445.7 704.534 589.87 462.888 218.132 244.756
internal_count=33599 1407 32192 2964 1718 1245 767 1246 29228 1848 1555 1211 601 610
is_linear=0
shrinkage=0.05


Tree=299
num_leaves=15
num_cat=0
split_feature=20 47 57 53 51 28 45 36 79 57 28 29 28 29
split_gain=22.1744 41.9228 46.1238 32.0747 24.7626 28.4231 18.9298 44.2873 33.2935 34.3707 28.8032 27.7033 39.6997 27.6852
threshold=-1.9860656329405574e-16 0.5560511811023624 228.41176470588238 1.9258241758241761 2.9101010101010103 4.0305454545454547 17.75961538461539 0.69613149236668648 0.060301167170870591 232.21323529411768 15.633066666666668 0.11469083394119985 3.4793333333333338 0.22433593153799011
decision_type=8 2 2 10 8 8 8 8 8 2 10 10 10 10
left_child=1 -1 -3 -4 5 -2 7 8 9 -6 13 12 -10 -8
right_child=4 2 3 -5 6 -7 10 -9 11 -11 -12 -13 -14 -15
leaf_value=0.011654136313459452 0.001837548656156188 0.003446366998975393 -0.050339272654580984 -0.016383490300925212 0.0069608770646422419 -0.035535790940687803 5.635905247977259e-05 0.029835154429118521 0.0064369775522474916 -0.016899955579438471 -0.019759283436141976 -0.012859120852282472 0.032812359203533384 0.023905981123948695
leaf_weight=183.91134516149759 102.26761581748724 186.32689655572176 105.14431267976761 206.49949016422033 271.92082560062408 100.04600454866886 9307.0196861326694 169.12315975874662 741.52656676620245 336.97609686851501 180.16198668628931 132.56930468976498 175.8932935744524 122.29374155402184
leaf_count=447 284 396 336 593 437 318 25381 438 2487 548 483 402 582 433
internal_value=5.51163e-05 -0.00870167 -0.0162278 -0.0279641 0.000568809 -0.0167278 0.000876199 0.0055385 0.00304498 -0.00625026 -1.11942e-05 0.00843618 0.011524 0.00036818
internal_weight=12321.7 681.882 497.971 311.644 11639.8 202.314 11437.5 1828.01 1658.89 608.897 9609.48 1049.99 917.42 9429.31
internal_count=33565 1772 1325 929 31793 602 31191 4894 4456 985 26297 3471 3069 25814
is_linear=0
shrinkage=0.05


end of trees

feature_importances:
pred=176
o_pa_prev=173
draft=155
o_ypc_prev=139
o_fpa_prev=127
o_pyd_prev=121
ppr_prev=111
age=109
bonus_cur=101
use_prev=100
ppr_sd=94
t_pf_prev=93
snp_prev=91
bonus_prev=91
t_plays_prev=89
tsh_prev=88
cl_sd=87
o_fpa=85
pos_share=81
o_sk=80
d_use=77
sl_bias=76
o_pyd=74
o_ypc=71
t_prate_prev=70
cl_fut=70
snp_ew=68
tsh_ew=67
snp_cur=65
ppr_cur=62
sl_now=62
csh_prev=61
sl_share=61
tsh_cur=59
ypt_cur=58
t_plays=58
o_pa=57
week=57
cl_now=54
t_pf=52
sl_ratio=50
t_prate=49
rec_cur=48
d_snp=43
catch_cur=41
use_cur=40
csh_cur=38
ppr_l3=35
ppr_ew=34
use_l3=34
use_ew=31
home=30
patt_prev=28
tgt_cur=26
rest=26
vac_tgt=23
exp=22
g_prev=21
csh_ew=17
car_cur=15
dome=12
t_g=9
o_g=9
g=8
vac_car=7
miss=6
dc_eff=6
vac_pos=5
depth=3
dc_depth=3
new_hc=3
sl_rank=3
inj=2
h=2
wk_since=1

parameters:
[boosting: gbdt]
[objective: regression]
[metric: l2]
[tree_learner: serial]
[device_type: cpu]
[data_sample_strategy: bagging]
[data: ]
[valid: ]
[num_iterations: 300]
[learning_rate: 0.05]
[num_leaves: 15]
[num_threads: 0]
[seed: 1]
[deterministic: 1]
[force_col_wise: 0]
[force_row_wise: 1]
[histogram_pool_size: -1]
[max_depth: -1]
[min_data_in_leaf: 300]
[min_sum_hessian_in_leaf: 0.001]
[bagging_fraction: 0.8]
[pos_bagging_fraction: 1]
[neg_bagging_fraction: 1]
[bagging_freq: 1]
[bagging_seed: 18467]
[bagging_by_query: 0]
[feature_fraction: 0.8]
[feature_fraction_bynode: 1]
[feature_fraction_seed: 26500]
[extra_trees: 0]
[extra_seed: 15724]
[early_stopping_round: 0]
[early_stopping_min_delta: 0]
[first_metric_only: 0]
[max_delta_step: 0]
[lambda_l1: 0]
[lambda_l2: 1]
[linear_lambda: 0]
[min_gain_to_split: 0]
[drop_rate: 0.1]
[max_drop: 50]
[skip_drop: 0.5]
[xgboost_dart_mode: 0]
[uniform_drop: 0]
[drop_seed: 6334]
[top_rate: 0.2]
[other_rate: 0.1]
[min_data_per_group: 100]
[max_cat_threshold: 32]
[cat_l2: 10]
[cat_smooth: 10]
[max_cat_to_onehot: 4]
[top_k: 20]
[monotone_constraints: ]
[monotone_constraints_method: basic]
[monotone_penalty: 0]
[feature_contri: ]
[forcedsplits_filename: ]
[refit_decay_rate: 0.9]
[cegb_tradeoff: 1]
[cegb_penalty_split: 0]
[cegb_penalty_feature_lazy: ]
[cegb_penalty_feature_coupled: ]
[path_smooth: 0]
[interaction_constraints: ]
[verbosity: -1]
[saved_feature_importance_type: 0]
[use_quantized_grad: 0]
[num_grad_quant_bins: 4]
[quant_train_renew_leaf: 0]
[stochastic_rounding: 1]
[linear_tree: 0]
[max_bin: 255]
[max_bin_by_feature: ]
[min_data_in_bin: 3]
[bin_construct_sample_cnt: 200000]
[data_random_seed: 41]
[is_enable_sparse: 1]
[enable_bundle: 1]
[use_missing: 1]
[zero_as_missing: 0]
[feature_pre_filter: 1]
[pre_partition: 0]
[two_round: 0]
[header: 0]
[label_column: ]
[weight_column: ]
[group_column: ]
[ignore_column: ]
[categorical_feature: ]
[forcedbins_filename: ]
[precise_float_parser: 0]
[parser_config_file: ]
[objective_seed: 19169]
[num_class: 1]
[is_unbalance: 0]
[scale_pos_weight: 1]
[sigmoid: 1]
[boost_from_average: 1]
[reg_sqrt: 0]
[alpha: 0.9]
[fair_c: 1]
[poisson_max_delta_step: 0.7]
[tweedie_variance_power: 1.5]
[lambdarank_truncation_level: 30]
[lambdarank_norm: 1]
[label_gain: ]
[lambdarank_position_bias_regularization: 0]
[eval_at: ]
[multi_error_top_k: 1]
[auc_mu_weights: ]
[num_machines: 1]
[local_listen_port: 12400]
[time_out: 120]
[machine_list_filename: ]
[machines: ]
[gpu_platform_id: -1]
[gpu_device_id: -1]
[gpu_device_id_list: ]
[gpu_use_dp: 0]
[num_gpu: 1]

end of parameters

pandas_categorical:[]
