tree
version=v4
num_class=1
num_tree_per_iteration=1
label_index=0
max_feature_idx=82
objective=regression
feature_names=g wk_since miss ppr_cur ppr_ew ppr_l3 ppr_sd use_cur use_ew use_l3 tsh_cur tsh_ew csh_cur csh_ew snp_cur snp_ew patt_cur rec_cur tgt_cur car_cur bonus_cur ypt_cur catch_cur ypa_cur d_use d_snp g_prev ppr_prev use_prev tsh_prev csh_prev snp_prev patt_prev bonus_prev tm_change depth pos_share dc_depth dc_eff age exp draft t_g t_plays t_prate t_pf t_plays_prev t_prate_prev t_pf_prev o_g o_fpa o_ypc o_pyd o_sk o_pa o_fpa_prev o_ypc_prev o_pyd_prev o_pa_prev home spread total implied dome temp wind rest new_hc inj vac_tgt vac_car vac_pos qb_out week h sl_now sl_ratio sl_share sl_rank sl_bias cl_now cl_sd cl_fut
monotone_constraints=0 0 0 0 0 0 0 1 1 0 0 0 0 0 0 0 0 0 0 0 0 0 0 0 0 0 0 0 0 0 0 0 0 0 0 0 0 0 0 0 0 0 0 0 0 0 0 0 0 0 0 0 0 0 0 0 0 0 0 0 0 0 1 0 0 0 0 0 0 0 0 0 0 0 0 1 0 0 0 0 0 0 0
feature_infos=[0:15] [1:16] [0:15] [-2.1000000000000001:45.600000000000001] [-2.1000000000000001:45.600000000000001] [-2.1000000000000001:45.600000000000001] [0:34.93107499061545] [-0.36699999999999999:32.165999999999997] [-0.36699999999999994:32.165999999999997] [-0.36699999999999999:32.165999999999997] [0:0.52631578947368418] [0:0.52631578947368418] [0:1] [0:1] [0.01:1] [0.010000000000000002:1] [0:1] [0:13] [0:14] [0:31] [-4:20] [-7:56] [0:1] [0:50] [-22.447500000000002:23.462666666666671] [-0.80000000000000004:0.75] [0:17] [-0.84999999999999998:30.133333333333336] [-0.36699999999999999:26.08775] [0:0.23413939371772127] [0:0.84536895642839383] [0.01:0.96083333333333332] [0:0.35714285714285715] [-2:12] [0:1] [1:13] [0:1] [1:5] [1:6] [20.616016427104721:37.303216974674882] [0:15] [2:260] [0:15] [43:94] [0.22448979591836735:0.83606557377049184] [0:59] [54.875:74.4375] [0.4380664652567976:0.6865234375] [13.1875:37.875] [0:15] [0.90000000000000002:56.899999999999999] [0.86956521739130432:8.882352941176471] [82:466] [0:10] [0:59] [15.200000000000001:33.556249999999999] [3.1394799054373523:5.756317689530686] [152.8235294117647:348.25] [13.1875:37.875] [0:1] none none none [0:1] none none [4:17] [0:1] [0:3] [0:1] [0:1] [0:1] [0:1] [2:18] [2:4] [0.01:28.77] [0.0031746031746031746:13.550694444444444] [0:1] [1:10] [-1.2276917421252225:1.1319999999999999] [-0.10000000000000001:29.640000000000001] [0.69999999999999996:28.57] [0:28.550000000000001]
tree_sizes=3325 3485 3473 3480 3477 3471 3470 3494 3485 3502 3498 3460 3466 3479 3506 3481 3490 3477 3486 3475 3485 3475 3495 3496 3482 3484 3486 3492 3489 3483 3498 3493 3506 3494 3497 3497 3507 3497 3504 3492 3496 3512 3500 3485 3512 3502 3499 3497 3513 3514 3511 3502 3506 3506 3487 3496 3517 3488 3502 3514 3509 3508 3500 3513 3485 3507 3495 3512 3498 3518 3521 3513 3506 3537 3520 3521 3502 3510 3512 3532 3514 3515 3521 3512 3500 3529 3518 3492 3510 3504 3495 3518 3501 3520 3522 3515 3494 3523 3544 3527 3528 3509 3538 3533 3510 3542 3526 3507 3522 3524 3514 3500 3505 3530 3528 3541 3527 3506 3510

Tree=0
num_leaves=31
num_cat=0
split_feature=18 29 10 18 15 11 3 7 29 47 78 78 45 29 36 11 33 15 12 17 81 15 29 28 28 78 6 43 28 33
split_gain=9080.91 1626.97 1419.54 631.492 381.567 291.415 231.677 204.766 181.261 109.701 103.649 98.5355 101.255 94.4155 87.3252 83.776 73.5449 64.1909 61.7068 56.4596 58.3952 55.703 55.7011 44.3337 40.0775 39.5721 39.502 36.3877 35.9804 30.4382
threshold=2.2071428571428577 0.071694138192656368 0.14382910874846361 0.92582417582417598 0.59979636956376592 0.1005957883248727 19.320714285714292 0.59187777777777806 0.13681971223032155 0.64109554409479952 1.5000000000000002 2.5000000000000004 14.961538461538463 0.13971372674040031 0.21617119483506128 0.049820578389212507 3.9375000000000004 0.19247758131464979 0.31510210312474402 3.2583333333333337 9.0150000000000023 0.43469542366343367 0.13153061408655597 1.5643500000000004 0.87292857142857161 2.5000000000000004 4.6731247552901927 63.88194444444445 13.89664285714286 1.5339366515837105
decision_type=10 10 10 10 8 10 10 8 10 2 8 8 10 8 8 10 10 10 10 10 10 10 10 10 8 10 8 10 10 10
left_child=1 3 5 7 17 14 16 23 10 19 -6 12 -9 -8 -2 24 18 -3 21 -7 28 -4 29 -1 -5 -17 -19 -15 -21 -16
right_child=2 4 6 15 8 9 13 11 -10 -11 -12 -13 -14 27 22 25 -18 26 -20 20 -22 -23 -24 -25 -26 -27 -28 -29 -30 -31
leaf_value=1.3550828338150265 1.4242416448655357 1.393276558125182 1.4861226198548709 1.3692894486847644 1.477806934530441 1.4658555662234138 1.5226310780051768 1.4152526847223532 1.5295964832529376 1.5227101966530283 1.4296532200129115 1.3726162998447111 1.3804833985413854 1.5610857581237259 1.4577695170610665 1.4182412386032388 1.5407221790507915 1.4111338809773568 1.4853818131017387 1.4602809656488822 1.5139425471554127 1.5520443959238805 1.486095705744277 1.3726162998447111 1.3962622589160569 1.3928555716305739 1.43457125902961 1.6079582503326073 1.5001149440073354 1.4420653269355537
leaf_weight=1852.7017405629158 358.19487974792719 227.7616601549089 56.531585641205311 153.28971216827631 235.85896569490433 1022.0456650480628 94.171212308108807 299.82464146614075 99.333675868809223 117.25326978042722 213.20603839308023 2817.5832169577479 692.63195250928402 108.92032714933157 557.08203872293234 709.2903817333281 168.53308662772179 335.82495866343379 260.20371842384338 176.80508673191071 143.72950215637684 88.194597635418177 110.01361774280667 348.43282978236675 1332.0727490447462 194.84548307955265 385.40637011826038 107.96642272174358 87.176096901297569 714.71212453767657
leaf_count=6652 1590 972 331 642 456 3324 500 631 320 445 926 10800 1548 288 2029 2648 478 1057 868 748 371 497 370 1132 4840 467 1173 322 381 2397
internal_value=1.41364 1.38756 1.4755 1.379 1.43556 1.46035 1.53171 1.37036 1.46872 1.47614 1.45503 1.37739 1.39098 1.56667 1.44628 1.40075 1.51251 1.41636 1.50049 1.47225 1.4881 1.52697 1.45198 1.35821 1.39345 1.41275 1.42367 1.5852 1.47371 1.44897
internal_weight=14069.6 9898.06 4171.53 8400.67 1497.39 3287.01 884.521 6011.17 548.399 1547.01 449.065 3810.04 992.457 311.058 1740 2389.5 573.463 948.993 404.93 1429.76 407.711 144.726 1381.81 2201.13 1485.36 904.136 721.231 216.887 263.981 1271.79
internal_count=49203 34264 14939 29360 4904 11655 3284 20763 1702 5269 1382 12979 2179 1110 6386 8597 2174 3202 1696 4824 1500 828 4796 7784 5482 3115 2230 610 1129 4426
is_linear=0
shrinkage=1


Tree=1
num_leaves=31
num_cat=0
split_feature=18 75 17 36 14 80 29 11 18 77 33 29 11 29 13 25 40 77 29 76 29 79 15 79 77 39 33 29 29 18
split_gain=8038.15 1568.52 1180.87 522.008 438.622 261.835 239.427 190.597 159.777 128.545 109.231 85.3135 81.2024 73.099 68.9364 62.2115 56.213 54.3955 54.3741 49.4819 47.7749 44.5982 44.4395 41.6797 37.8865 34.5409 43.3337 33.1499 29.43 29.2824
threshold=2.2071428571428577 5.9150000000000009 3.4083333333333337 0.029986278463613344 0.63516666666666677 16.930000000000003 0.068185389416935221 0.093937114883019854 0.92582417582417598 0.50455826088609612 3.7321428571428577 0.14385342940786169 0.15845043919524907 0.071694138192656368 0.090897198224445239 -0.10232142857142858 3.5000000000000004 0.041536322248790634 0.17738752741599717 0.77776785714285712 0.1127030710714879 -0.21194993211541474 0.38173027308347424 0.25063396281063566 0.17307750182909151 22.466803559206024 0.5227272727272726 0.11522259026866991 0.10403296628866895 1.8090909090909093
decision_type=10 10 10 8 8 10 10 10 10 10 10 10 10 8 10 10 2 10 10 8 10 10 10 10 8 2 8 8 10 10
left_child=1 3 7 17 13 10 8 14 -5 -6 12 19 23 -3 -2 -14 -12 -1 -7 -9 -8 -13 -21 -4 -10 -24 -27 -11 -16 -15
right_child=2 4 5 6 9 18 20 11 24 27 16 21 15 29 28 -17 -18 -19 -20 22 -22 -23 25 -25 -26 26 -28 -29 -30 -31
leaf_value=-0.052480265960976762 -0.002920210707887283 -0.0099196984116216216 0.073170905711687592 -0.036731539097498114 0.022309740873075648 0.12226931094147127 -0.0099196984116216216 0.025018919906793426 -0.024450492339169513 0.055912925613104097 0.14398967169773377 0.060545194625900314 0.069847102385400636 0.013297064351552874 0.027814023848336492 0.12286489369337959 0.090547993370750104 -0.035195503810080339 0.16760583260104833 0.024733328860318218 0.013297064351552874 0.11126067033162275 0.081944093091232365 0.038515446705401309 -0.0099196984116216216 0.084117627972201944 0.049256391169908008 0.087883611620599725 0.045849239826067048 0.032872795083989742
leaf_weight=2750.69075614959 157.95212392508984 730.2227441072464 238.70233691111207 2376.2405131794512 204.94674114882946 207.12236124277115 597.61815724894404 187.84052260220051 730.12000635266304 167.49868679046631 103.05013233795762 94.434680297970772 110.40382595360279 440.63907195627689 973.96658837422729 123.29570585489273 111.09563414752483 556.24242696166039 117.54725159704685 129.37022849172354 153.9096514582634 88.472208708524704 117.12266066670418 142.556127846241 825.73826611414552 100.75632550939918 900.65115619078279 175.50956501066685 298.91302384063601 190.49549224972725
leaf_count=10378 698 1730 1252 8543 484 528 2513 461 1881 323 363 340 480 1018 3574 612 539 1242 327 603 792 294 419 346 4421 438 2717 378 976 414
internal_value=-5.15173e-05 -0.0246477 0.0578716 -0.0343755 0.0160603 0.100946 -0.0236287 0.0415467 -0.0285761 0.0537898 0.0858367 0.0533035 0.0748771 0.000845611 0.0282186 0.0982227 0.116815 -0.0495844 0.139148 0.0491391 0.000845611 0.0855479 0.0527468 0.0603476 -0.0161047 0.0559619 0.0528444 0.0724795 0.0320819 0.0132971
internal_weight=14103.1 9899.87 4203.25 7990.56 1909.31 1153.77 4683.63 3049.48 3932.1 547.955 829.104 1618.65 614.958 1361.36 1430.83 233.7 214.146 3306.93 324.67 1435.74 751.528 182.907 1247.9 381.258 1555.86 1118.53 1001.41 343.008 1272.88 631.135
internal_count=49084 34117 14967 29770 4347 4447 18150 10520 14845 1185 3592 5272 2690 3162 5248 1092 902 11620 855 4638 3305 634 4177 1598 6302 3574 3155 701 4550 1432
is_linear=0
shrinkage=0.05


Tree=2
num_leaves=31
num_cat=0
split_feature=18 77 10 14 36 11 77 5 10 28 77 47 18 77 69 28 54 33 52 18 81 18 27 13 31 28 3 77 73 36
split_gain=7250.47 1354.63 1108.44 439.895 431.981 230.775 181.584 171.079 155.9 128.803 109.973 91.4001 89.8168 75.3343 62.062 49.7177 47.8305 53.9816 47.3997 43.2794 63.1576 43.1596 39.5846 36.3932 35.6865 35.0116 34.5994 32.9544 32.1283 31.1285
threshold=2.2071428571428577 0.21331522973752723 0.14382910874846361 0.63516666666666677 0.029075926925260853 0.10820775597983436 0.49941041292229255 18.550000000000004 0.027027445402058408 15.691292279411767 0.25318376196044629 0.64109554409479952 1.8397435897435901 0.15547511670227077 0.11543715633621486 0.8331205357142859 20.033333333333335 3.9375000000000004 238.03571428571431 3.6076923076923082 9.8050000000000015 3.7817460317460321 9.4266666666666676 0.3216890234000751 0.66541666666666688 4.9039428571428578 12.816025641025643 0.44169892285065299 5.5000000000000009 0.054557439383564145
decision_type=10 10 10 8 8 10 10 10 8 10 8 2 10 8 2 8 8 10 10 10 10 10 10 10 8 10 10 10 2 10
left_child=1 4 5 12 15 10 -5 16 -6 13 25 19 28 -10 18 -1 -4 23 -9 22 -21 -12 -7 -18 -8 -2 -23 -14 -3 -15
right_child=2 3 7 6 8 11 24 14 9 -11 21 -13 27 29 -16 -17 17 -19 -20 20 -22 26 -24 -25 -26 -27 -28 -29 -30 -31
leaf_value=-0.054690744884306842 -0.014145955538794034 0.0085422014497555081 0.066667685499809823 0.014242845217559148 -0.034998411875147926 0.024757118371410002 0.054370062544337718 0.092797600659379392 -0.025725816516771405 0.049283407506263026 0.033465016986500944 0.10523817510837324 0.003882978766854095 -0.024326471884352243 0.16738290228803693 -0.042117054469939408 0.11107415329822777 0.13235091359408183 0.14014231837115748 0.053524727268311811 0.088300845649234766 0.039604053606685154 0.054619285758627123 0.070383565024766684 0.087201870276150006 0.019542933051251283 0.082446754839345979 0.032630003787929629 -0.012520702291510082 -0.0040645666414368033
leaf_weight=1417.983521129936 143.13278916478157 211.80410994589329 193.79350378364325 274.52953581511974 1729.6550468616188 188.0117557682097 205.2854021191597 111.99958082661033 1304.3637159913778 73.480260483920574 1568.4485881403089 97.279329001903534 212.99770629405975 237.54250094294548 100.60685708373785 1835.6880744472146 94.115462522953749 90.855160281062126 122.70558770000935 515.60181411355734 179.55930888652802 112.70290185883641 280.08196038752794 157.19198685139418 149.74539606273174 164.94236704707146 85.018508695065975 186.92522913217545 1221.1957156211138 925.97034813463688
leaf_count=4862 380 446 701 596 6781 678 428 330 3219 530 5778 364 485 1372 391 6663 547 275 495 2067 446 530 688 535 304 444 366 462 2849 5373
internal_value=-0.000161146 -0.0233526 0.0548989 0.00883439 -0.0338857 0.0417563 0.0448575 0.105096 -0.0234203 -0.0155295 0.0314762 0.0586343 -0.0035563 -0.0174785 0.133298 -0.0476119 0.0872372 0.0986591 0.118039 0.0546499 0.0626213 0.0362821 0.0427034 0.0860022 0.0684239 0.00389583 0.0583482 0.0173673 -0.00940372 -0.00821857
internal_weight=14193.2 9987.17 4206.05 2462.48 7524.68 3334.78 629.56 871.268 4271.01 2541.36 2074.25 1260.53 1832.92 2467.88 335.312 3253.67 535.956 342.163 234.705 1163.25 695.161 1766.17 468.094 251.307 355.031 308.075 197.721 399.923 1433 1163.51
internal_count=49385 34370 15015 5570 28800 11741 1328 3274 17275 10494 7498 4243 4242 9964 1216 11525 2058 1357 825 3879 2513 6674 1366 1082 732 824 896 947 3295 6745
is_linear=0
shrinkage=0.05


Tree=3
num_leaves=31
num_cat=0
split_feature=10 77 10 36 14 10 29 29 10 77 33 29 41 47 58 29 5 17 27 29 28 52 39 33 13 77 29 47 41 77
split_gain=6524.42 1094.38 1056.93 475.943 303.747 202.774 196.794 158.837 141.875 117.098 88.2067 77.4983 70.9817 64.3737 58.4051 58.2001 58.2996 57.3463 55.3258 51.2069 50.8674 46.2934 41.333 58.0686 41.1195 42.2963 39.0315 44.185 38.554 36.1197
threshold=0.064521578029642562 0.32650372100279706 0.14382910874846361 0.032706780001563261 0.63105555555555559 0.10814705117086551 0.068830689546547821 0.17738752741599717 0.033333431016110075 0.25318376196044629 4.2967032967032974 0.085367483011117531 22.500000000000004 0.64109554409479952 27.847426470588239 0.1127030710714879 7.4416666666666673 1.4580419580419581 5.2129166666666675 0.069323245382905643 0.8331205357142859 205.05000000000004 24.620123203285427 3.1339285714285716 0.3216890234000751 0.62085904424275551 0.11072672345983219 0.55832022448025176 233.50000000000003 0.044670029575853844
decision_type=10 10 10 8 8 10 10 10 10 8 10 10 8 2 2 10 8 10 8 8 8 10 2 10 10 8 10 2 8 10
left_child=1 3 5 20 17 9 8 10 -5 18 14 -6 -11 22 24 -8 -17 19 -2 -3 -1 -14 23 -7 -4 -26 27 -23 -10 -22
right_child=2 4 7 6 11 13 15 -9 28 12 -12 -13 21 -15 -16 16 -18 -19 -20 -21 29 26 -24 -25 25 -27 -28 -29 -30 -31
leaf_value=-0.051496408732791647 -0.022593154442019953 -0.016423141728852744 0.09539594135082119 -0.030467844914753708 0.027592925482426769 0.053543995661497548 -0.0029171240803911773 0.14053849915511829 -0.003730004646260525 0.07146366473329975 0.12067095447535542 0.068457154621469035 0.014837006411984936 0.095784102755953726 0.1189926632433651 0.0032650395086868487 0.069945607658048123 0.027068487987139334 0.017979395357597325 0.0088761023741491824 -0.042736223604261971 0.016160161031142897 0.044262312794005221 0.099451751406897937 0.030379101773248054 0.071736458581829129 0.051126844082055124 0.037259949938173852 -0.022421000341681738 -0.026336164880983254
leaf_weight=1455.1413599327207 129.87442827224731 424.59605473279953 125.4736040532589 2832.6024542152882 214.75140695273876 292.04149843752384 624.76959882304072 186.28630010783672 809.58344044536352 120.43931998312473 161.31976517289877 257.09082527458668 330.55929562821984 89.386536035686731 75.247126612812281 72.285486090928316 59.136097926646471 173.79906240105629 233.7735660225153 376.46120169758797 1510.6991320736706 345.0689535215497 717.6226180754602 92.4777498729527 85.81438647210598 242.44269212335348 319.71815566346049 903.97104823589325 417.92765390872955 439.99342399835587
leaf_count=5037 318 1077 733 10206 458 970 2500 611 3289 630 490 526 875 353 264 352 342 461 625 895 6050 1301 2377 293 209 977 1021 3436 1578 945
internal_value=3.89636e-05 -0.0230222 0.0501224 -0.0300779 0.017071 0.0380387 -0.0199551 0.0993035 -0.024316 0.0295969 0.0879885 0.0499561 0.0342975 0.0548856 0.0778126 0.00346027 0.0335711 0.00111933 0.00346696 -0.00453738 -0.0443827 0.0319043 0.0514848 0.0648142 0.0707367 0.0610497 0.0354889 0.0314484 -0.0101068 -0.0390525
internal_weight=14120.4 9668.84 4451.52 8222.14 1446.7 3574.93 4816.3 876.584 4060.11 2383.4 690.298 471.842 2019.76 1191.53 528.978 756.191 131.422 974.856 363.648 801.057 3405.83 1899.32 1102.14 384.519 453.731 328.257 1568.76 1249.04 1227.51 1950.69
internal_count=49199 33716 15483 30299 3417 12199 18267 3284 15073 8206 2673 984 7263 3993 2183 3194 694 2433 943 1972 12032 6633 3640 1263 1919 1186 5758 4737 4867 6995
is_linear=0
shrinkage=0.05


Tree=4
num_leaves=31
num_cat=0
split_feature=10 75 10 36 14 11 3 29 29 18 29 47 29 77 28 15 17 24 54 27 12 81 18 29 28 29 43 79 29 47
split_gain=6051.67 1051.81 956.171 356.782 288.424 189.761 168.74 163.718 123.141 120.288 86.2873 77.2598 65.149 63.3847 55.7267 50.3898 49.3219 67.817 42.8808 42.2356 40.8876 37.5366 36.7254 35.1662 39.9224 44.367 34.7172 34.6788 34.4332 33.8487
threshold=0.066401606963770357 5.9150000000000009 0.14382910874846361 0.032706780001563261 0.60038461538461563 0.1005957883248727 19.320714285714292 0.066250241686254485 0.069924115277279264 1.2583333333333335 0.036954107983519752 0.64109554409479952 0.13415625258969846 0.62085904424275551 0.8331205357142859 0.37003334371016144 3.2583333333333337 2.4584375000000009 20.033333333333335 15.727941176470589 0.26599483172137639 9.8450000000000006 1.9128787878787883 0.13481746141544729 6.3993400735294133 0.074288353365780019 63.912878787878789 0.26013188670984572 0.026009048816073948 0.61531847427207043
decision_type=10 10 10 8 8 10 10 10 8 10 8 2 8 10 8 10 10 8 8 10 10 8 8 10 8 8 10 10 10 2
left_child=1 3 5 14 22 10 18 9 -6 28 -2 16 -8 -10 -1 -12 27 21 -4 20 -20 -18 -3 24 -17 -26 -14 29 -5 -7
right_child=2 4 6 7 8 11 12 -9 13 -11 15 -13 26 -15 -16 23 17 -19 19 -21 -22 -23 -24 -25 25 -27 -28 -29 -30 -31
leaf_value=-0.049477213827137996 -0.0028650698643061948 -0.00091193664650048153 0.060670118377233573 -0.033766797377223427 0.00094307077095057319 0.042355106839407616 0.088912693313729849 -0.00091193664650048153 0.035706019879156982 -0.0081069416184528682 0.014496129448419687 0.089489767402366416 0.11867746389268884 0.074633408713133481 -0.036459539525636846 0.061886094769620516 0.058927428246422442 0.042252916782138307 0.10778761512013171 0.11428475330371263 0.062287477303385776 0.10358363689422689 0.018395941831439944 0.06036593522691798 0.0063673829024673625 0.033988078129402813 0.16333187411498454 0.028056141643465107 -0.022713576444696255 0.072610595045645279
leaf_weight=1436.733555726707 221.95936949551105 1017.437073469162 207.62510691210628 1831.4084358736873 137.25881130993366 573.54486861824989 91.723224710673094 750.4334350451827 210.91969808936119 844.61125006526709 387.64219757914543 114.62162192538381 106.8319422788918 213.46960005164146 1976.6310178376734 103.73698129877448 96.573949664831161 229.48467868939042 75.4094516672194 122.94537249580026 164.02573197707534 103.45071511343122 245.28678451478481 125.01090122759342 175.46313271671534 862.31955206394196 105.26482518389821 357.57061709463596 1162.6828658953309 112.67080669477582
leaf_count=4945 805 2337 734 6750 336 2187 444 3348 481 3719 1573 434 299 424 7134 396 233 855 430 356 607 455 631 368 697 2611 354 717 4149 485
internal_value=-0.000186629 -0.0219002 0.0489962 -0.02971 0.0123544 0.0371865 0.0957166 -0.0205974 0.042129 -0.0247835 0.0263965 0.0499104 0.125969 0.0554161 -0.0419517 0.0303222 0.0467725 0.0611086 0.0793992 0.0899335 0.0770063 0.0824236 -0.000911937 0.0351508 0.032339 0.0293287 0.141502 0.0408205 -0.0294836 0.0474212
internal_weight=14164.7 9826.87 4337.88 8002.5 1824.37 3464.05 873.826 4589.14 561.648 3838.7 1876.13 1587.92 303.82 424.389 3413.36 1654.17 1473.3 429.509 570.006 362.381 239.435 200.025 1262.72 1266.53 1141.52 1037.78 212.097 1043.79 2994.09 686.216
internal_count=49294 34254 15040 30045 4209 11816 3224 17966 1241 14618 6450 5366 1097 905 12079 5645 4932 1543 2127 1393 1037 688 2968 4072 3704 3308 653 3389 10899 2672
is_linear=0
shrinkage=0.05


Tree=5
num_leaves=31
num_cat=0
split_feature=10 10 77 36 77 44 75 3 36 18 18 31 10 54 33 22 51 47 31 36 47 12 19 27 27 27 13 20 30 27
split_gain=5383.54 923.997 907.573 277.71 256.251 178.007 173.852 142.64 136.014 125.839 69.8814 69.1344 64.9518 59.562 58.5329 47.9579 45.34 41.0651 39.5386 39.3436 49.9242 52.9328 46.6913 37.9364 37.2857 35.589 34.0079 33.3897 32.6679 31.6412
threshold=0.066401606963770357 0.14382910874846361 0.1832521868286951 0.0239702377918997 0.47049344100289098 0.65638034588621574 5.6650000000000009 19.320714285714292 0.25502657275418128 3.6306818181818188 1.1909090909090911 0.61703296703296717 0.033756731843203255 20.033333333333335 3.9375000000000004 0.72456896551724148 4.1207475121499657 0.63421584673149145 0.57531250000000012 0.38412552182649828 0.61354615269382384 0.46130711206096908 14.966666666666669 15.416250000000002 3.3941176470588239 16.15333333333334 0.31014133318942311 1.3333333333333339 0.092118579746022361 9.4266666666666676
decision_type=10 10 10 8 10 8 8 10 10 10 10 8 8 10 10 10 10 2 8 10 2 10 10 8 10 10 10 10 10 10
left_child=2 6 3 -1 12 18 -2 13 10 19 24 -9 -4 -3 26 -11 -13 25 -6 -8 21 29 -22 -7 -5 -17 -15 -14 -26 -21
right_child=1 7 4 8 5 23 9 11 -10 15 -12 16 27 14 -16 17 -18 -19 -20 20 22 -23 -24 -25 28 -27 -28 -29 -30 -31
leaf_value=-0.041410592174181873 -0.0014474826599926308 0.05549175341035565 -0.018994848441384389 -0.032209487902061136 -0.0015521939350980828 0.04065084106837439 0.023548133850658431 0.082429936214239385 0.00566951620945059 0.032899129445782348 -0.011652630109234853 0.10681601689371473 0.0069694392573925491 0.10118056496797892 0.1222567093883288 0.048344253451907238 0.15731435869750529 0.08849089161996132 0.026117934129436905 0.031827391014516634 0.038058598359229895 0.024414394690748655 0.085150255102223044 0.075294960543116268 0.0078166857681843342 0.078183357341396975 0.062825618185221768 -0.011193687308442602 -0.023156851831756229 0.063420557698253929
leaf_weight=2984.6224130652845 304.19739744067192 210.69805252552032 655.74152003228664 1906.01462206617 342.55550035834312 196.30429381132126 939.73891328275204 92.502186104655266 416.46983750537038 238.49881207197905 834.82402004301548 89.749225713312626 742.87938070297241 94.346151359379292 101.11412876844406 540.48492717370391 119.10765155404806 102.73077091574669 206.09030006825924 150.65457080677152 122.90893782675266 677.78038200736046 95.326018758118153 137.98854999244213 93.246503695845604 126.51673065871 174.39816132560372 382.46897925436497 927.22699382901192 175.87331659719348
leaf_count=10655 723 730 1463 6801 870 442 3743 359 2975 1113 3622 346 1682 544 299 1924 402 494 506 399 387 1932 330 288 358 407 582 840 3742 414
internal_value=1.63641e-05 0.046274 -0.0204949 -0.0297612 0.00441966 0.0264286 0.0346551 0.091961 -0.0214308 0.0381183 -0.0244322 0.120041 -0.00649951 0.0772037 0.0893894 0.0527192 0.136227 0.0588098 0.00887027 0.0312889 0.037215 0.032444 0.058923 0.0551331 -0.0280726 0.0541127 0.0766158 0.000791931 -0.0203217 0.0489857
internal_weight=14183.1 4356.63 9826.43 7162.4 2664.03 882.939 3474.71 881.916 4177.78 3170.51 3761.31 301.359 1781.09 580.556 369.858 1008.23 208.857 769.732 548.646 2162.28 1222.54 1004.31 218.235 334.293 2926.49 667.002 268.744 1125.35 1020.47 326.528
internal_count=49372 15128 34244 28153 6091 2106 11866 3262 17498 11143 14523 1107 3985 2155 1425 3938 748 2825 1376 7205 3462 2745 717 730 10901 2331 1126 2522 4100 813
is_linear=0
shrinkage=0.05


Tree=6
num_leaves=31
num_cat=0
split_feature=18 17 29 11 7 51 80 77 29 54 77 29 18 43 39 29 46 77 29 4 76 15 39 28 21 76 28 39 41 28
split_gain=5067.61 888.996 783.099 250.089 241.376 228.072 151.005 117.931 108.548 95.0304 87.7174 83.0287 68.1516 62.9277 63.6127 57.8247 65.7395 53.7062 42.1016 38.4319 38.4224 35.5432 35.1075 34.1827 37.3553 48.1477 35.5519 33.3459 38.2675 33.0611
threshold=1.8397435897435901 3.5192307692307696 0.069323245382905643 0.088714732318831632 0.81589204545454563 2.6541958041958047 16.930000000000003 0.17307750182909151 0.1666146032060998 19.408333333333335 0.3040682045603918 0.12671591661626952 0.92582417582417598 57.809090909090919 26.12594113620808 0.046708833333441613 64.303308823529434 0.17307750182909151 0.035089600811800369 21.91689247097986 0.77776785714285712 0.59979636956376592 26.733744010951408 5.6451166666666674 5.600675675675677 0.80958965682908079 17.81439560439561 23.362080766598222 68.000000000000014 1.4317013888888892
decision_type=10 10 10 10 8 10 10 8 10 10 8 10 8 10 2 10 2 8 8 10 8 8 2 8 10 10 10 2 8 10
left_child=2 3 4 10 29 11 9 -6 13 -3 -2 -4 -9 14 -5 -11 22 -7 -12 -8 -15 -19 -17 -20 26 -26 -25 28 -14 -1
right_child=1 6 5 8 7 17 19 12 -10 15 18 -13 27 20 -16 16 -18 21 23 -21 -22 -23 -24 24 25 -27 -28 -29 -30 -31
leaf_value=-0.043984575832315347 0.00012571083845482864 0.039903134961509344 0.032844598214902557 0.080298216202733044 -0.029295396077978698 -0.018181974651668781 0.094121563887195905 -0.025239997068269945 0.092669618384922672 0.043022194145761479 -0.00062322196030649153 0.085550899702968766 0.034601613630791894 0.015075231311772939 0.036016626826155654 0.1145008695958743 0.060547854194603568 0.0040016274444784781 0.056060306997452895 0.13117884282601958 0.03827628625941823 0.039069213706198647 0.072236118309484301 0.016741395633061866 0.020484682700719709 0.070914156636717116 0.047984940042076041 -0.012229044390613083 -0.003857170811537742 -0.029295396077978698
leaf_weight=1945.1650133095682 552.55205336213112 202.7405314669013 274.21290501207113 172.80640087649226 2766.1328519284725 259.85498133301735 176.54587770998478 950.25929487124085 100.41469499468803 87.319727540016174 156.92411843314767 103.09704572707415 82.139828588813543 206.47098256647587 157.47874067351222 197.04445852711797 144.54830775782466 493.05561219900846 92.391249045729637 141.00542986392975 1403.1081845797598 83.72954873368144 75.273622423410416 821.97672849521041 100.79381171986461 90.215691089630127 101.90696771815419 1324.979366376996 290.63365376740694 458.13163601607084
leaf_count=7052 1427 842 838 400 6530 756 430 4518 402 404 851 325 358 519 325 714 766 1857 514 388 5103 339 397 3031 568 233 356 5816 1517 1489
internal_value=0.000196524 0.0406777 -0.022134 0.0299164 -0.0279356 0.0152182 0.0821736 -0.0220747 0.0420981 0.0691148 0.0169344 0.0474343 -0.0145237 0.0394339 0.0593574 0.080759 0.0885417 0.000650022 0.0237375 0.110937 0.0353113 0.00915105 0.103125 0.0269018 0.0244373 0.0445483 0.0202358 -0.00851423 0.00468704 -0.0411243
internal_weight=14012.9 4981.52 9031.39 3957.04 7817.44 1213.95 1024.48 5414.14 2040.28 706.927 1916.76 377.31 2648.01 1939.86 330.285 504.186 416.866 836.64 1364.21 317.551 1609.58 576.785 272.318 1207.28 1114.89 191.01 923.884 1697.75 372.773 2403.3
internal_count=49065 17670 31395 13729 27280 4115 3941 18739 6749 3123 6980 1163 12209 6347 725 2281 1877 2952 5553 818 5622 2196 1111 4702 4188 801 3387 7691 1875 8541
is_linear=0
shrinkage=0.05


Tree=7
num_leaves=31
num_cat=0
split_feature=18 29 17 36 27 29 49 33 75 18 29 3 21 81 29 43 3 45 39 77 21 41 39 48 77 44 41 36 50 11
split_gain=4397.92 862.196 696.508 331.144 250.627 204.54 142.044 112.871 104.512 104.16 95.0186 74.2122 63.279 59.7648 58.2422 54.9421 54.3802 38.9808 38.8636 38.2324 37.9012 37.681 37.4886 36.8709 33.2589 33.1352 30.8119 30.5009 30.1168 29.9092
threshold=2.2071428571428577 0.073454623462727825 3.0333333333333337 0.065450344685438602 16.473863636363642 0.17223889495131711 1.5000000000000002 3.9375000000000004 4.4750000000000005 1.2071428571428573 0.13153061408655597 5.2025000000000015 5.0438385779485957 9.1150000000000002 0.025510535608182106 57.961538461538467 19.935416666666672 16.408333333333335 22.865160848733748 0.39415079899865241 4.162249912249913 199.50000000000003 24.710472279260781 19.150735294117649 0.26032759828874552 0.56643607970357657 53.500000000000007 0.45936359854279707 19.205000000000002 0.024916594161491373
decision_type=10 10 10 10 10 10 2 10 10 10 10 10 10 8 10 10 10 10 2 8 10 8 2 2 10 10 10 8 10 10
left_child=1 3 10 8 6 7 19 13 14 17 11 -2 -9 23 18 -13 -7 24 -1 -3 -17 -22 25 -4 -5 -11 -24 -23 -27 -19
right_child=2 4 5 9 -6 16 -8 12 -10 22 -12 15 -14 -15 -16 20 -18 29 -20 -21 21 27 26 -25 -26 28 -28 -29 -30 -31
leaf_value=-0.022268202709515912 -0.0020395345994170533 0.014394686415979324 0.060263271494226306 -0.015340393465221803 0.085081878232195457 0.08915483663669832 0.00054224085791640343 0.065076117940795167 0.0086617011964834553 -0.0071982828854000704 0.053443462813213931 0.049106044616384958 0.10878952878414826 0.064000884192693841 -0.022635222352588805 0.0077993412664155871 0.13875446762842905 -0.027305990647518565 -0.039097833101457251 0.047542012070037831 0.030639330999612004 -0.0045607155894950707 -0.018929482243128237 0.027456208251511467 0.011380095921994916 0.042096466898245255 0.00091507643838554793 0.032688712348186037 0.008555071209809131 -0.014782891564976539
leaf_weight=389.63787953555584 238.87727921828628 131.54307729005814 127.29250064492226 394.89283736795187 126.55488237738609 129.47395913675427 893.03169733285904 176.66796508058906 144.69683490693569 225.20004713907838 319.24971141666174 255.20999882370234 168.35987012833357 529.01884387806058 847.31150065734982 292.87611123919487 111.4337714612484 1228.459723200649 3181.7804893217981 262.6644802056253 1347.5427296645939 151.12674245983362 395.94311003759503 269.19458048045635 164.1451344192028 90.161549855023623 385.45837892964482 85.177445948123932 254.57283126562834 786.3905319198966
leaf_count=1663 948 332 326 1347 439 467 3038 506 325 752 1014 571 480 2825 3040 1202 311 4244 11323 854 4495 816 1370 710 363 304 1163 328 1141 2501
internal_value=0.000266896 -0.0179198 0.0431249 -0.0239407 0.018222 0.0702778 0.0115878 0.0621753 -0.0330991 -0.0132875 0.0278482 0.0243805 0.0866593 0.0529641 -0.0344682 0.0273404 0.112576 -0.0191874 -0.0372685 0.0365455 0.0243559 0.0274106 -0.00204425 0.0381141 -0.00748839 0.00769926 -0.00915168 0.00894726 0.0174238 -0.022428
internal_weight=14103.9 9902.44 4201.5 8488.65 1413.79 1511.44 1287.24 1270.53 4563.43 3925.22 2690.06 2370.81 345.028 925.506 4418.73 2131.93 240.908 2573.89 3571.42 394.208 1876.72 1583.85 1351.34 396.487 559.038 569.934 781.401 236.304 344.734 2014.85
internal_count=49198 34199 14999 29536 4663 5625 4224 4847 16351 13185 9374 8360 986 3861 16026 7412 778 8455 12986 1186 6841 5639 4730 1036 1710 2197 2533 1144 1445 6745
is_linear=0
shrinkage=0.05


Tree=8
num_leaves=31
num_cat=0
split_feature=17 29 17 36 29 29 77 77 17 77 25 21 41 77 11 25 54 17 10 6 31 28 28 76 29 58 52 46 15 37
split_gain=3974.32 798.029 727.738 251.234 199.523 152.887 124.782 84.8643 83.7118 82.961 75.4838 72.5019 71.7391 68.4221 64.177 63.98 57.5943 49.6129 47.3697 45.1732 43.5074 46.3579 41.3052 38.0523 32.1292 30.6665 29.2712 33.4157 32.6835 28.969
threshold=1.5192307692307694 0.069323245382905643 3.3205128205128207 0.065450344685438602 0.1245488300678534 0.13971372674040031 0.31278894637240007 0.06662479061976552 4.9642857142857153 0.19435985925023688 0.36083333333333339 6.5031645569620258 166.50000000000003 0.22717767380496143 0.092432752292925344 0.1352777777777778 19.240384615384617 0.90454545454545465 0.12494480076595151 9.3510580859799539 0.65796380090497752 13.172183035714287 8.8739910714285735 0.94890727913876605 0.025510535608182106 23.272058823529417 220.73030303030305 64.577205882352956 0.38899251620087355 1.5000000000000002
decision_type=10 10 10 10 10 10 8 10 10 8 8 8 8 8 10 8 10 8 10 10 10 10 10 8 10 2 8 2 10 8
left_child=1 3 6 7 9 10 12 24 25 -3 16 -6 -2 -5 26 -11 -4 -15 -18 -20 21 -16 -19 -12 -1 -7 -8 -28 -29 -17
right_child=2 4 5 13 11 8 14 -9 -10 15 23 -13 -14 17 20 29 18 22 19 -21 -22 -23 -24 -25 -26 -27 27 28 -30 -31
leaf_value=-0.037016903219358285 0.018385792059810651 -0.012767234604608957 0.040484986202865919 -0.021209551042516536 0.023805217416209154 0.061268141218734445 0.011065996801548444 -0.01616195341500138 0.12296034250247667 -0.000283700227432392 0.019319463870762683 0.083606570468192767 -0.016779103904315164 -0.016515822012878607 0.035666689335022449 0.038446638962795869 0.044941672692133144 0.0066430889352970717 0.075987444887526373 0.12009709105479292 0.022153948863256639 0.057774255742052208 -0.015253026635756404 0.055080690961494365 -0.02448722178761854 0.097106140965610294 0.02080236618451602 0.013686354036302993 0.052307538796936517 0.014684199067705281
leaf_weight=3146.2746087275445 427.00193944573402 322.93408519029617 136.4127999432385 1805.7375638335943 82.962400391697884 150.19836720824242 378.68884252756834 717.43223193287849 167.15755716338754 329.81742927059531 145.63416548073292 133.66063894703984 218.45386727154255 837.28257383033633 706.21668521314859 287.86725061386824 88.017856683582067 701.91921667009592 252.18860421702266 80.974767107516527 321.61134298890829 364.46244150772691 309.53341103345156 154.64997882395983 621.08351888880134 110.77573319524527 569.99934386461973 75.869352214038372 204.65745276212692 234.15675168484449
leaf_count=12034 1080 921 514 4067 357 448 1117 1538 580 1145 360 443 596 3966 2772 900 431 3134 1136 273 830 1055 1087 791 2488 361 2281 549 878 974
internal_value=0.000313688 -0.0180443 0.0387377 -0.0240261 0.0169396 0.0705888 0.026182 -0.0319557 0.0950628 0.00878524 0.0582784 0.0609184 0.00647672 -0.0142887 0.0310294 0.0169612 0.0691877 -0.00752105 0.0783661 0.0870355 0.0383879 0.0432391 -6.61952e-05 0.0378586 -0.0349583 0.0767929 0.0226702 0.0278179 0.041948 0.0278363
internal_weight=14083.6 9530.66 4552.97 8139.26 1391.4 1286.01 3266.96 4484.79 428.132 1174.78 857.878 216.623 645.456 3654.47 2621.51 851.841 557.594 1848.74 421.181 333.163 1392.29 1070.68 1011.45 300.284 3767.36 260.974 1229.21 850.526 280.527 522.024
internal_count=49106 33054 16052 28314 4740 4894 11158 16060 1389 3940 3505 800 1676 12254 9482 3019 2354 8187 1840 1409 4657 3827 4221 1151 14522 809 4825 3708 1427 1874
is_linear=0
shrinkage=0.05


Tree=9
num_leaves=31
num_cat=0
split_feature=18 17 29 29 36 75 15 52 77 29 29 39 43 11 41 22 79 17 77 30 11 76 31 27 75 44 28 42 76 7
split_gain=3521.99 702.017 623.395 202.675 195.605 190.942 137.59 94.2427 77.7547 76.7741 60.4651 54.5269 70.4974 52.3516 49.9201 48.6881 44.8842 44.0369 43.993 43.4271 35.9781 35.0887 34.352 71.2169 33.8025 33.4348 46.4129 31.202 39.1519 30.8674
threshold=1.7596153846153848 3.0333333333333337 0.073454623462727825 0.13681971223032155 0.065450344685438602 17.825000000000003 0.37955122603589525 157.41250000000002 0.041536322248790634 0.17223889495131711 0.13153061408655597 24.598220396988371 59.303846153846159 0.024916594161491373 131.50000000000003 0.95742753623188415 -0.21194993211541474 4.3452380952380958 0.25318376196044629 0.60635973237710317 0.060232705523564647 0.81237720153376236 0.66937500000000016 15.903365384615386 4.4750000000000005 0.61692810102475459 13.172183035714287 2.5000000000000004 0.92407360481755318 -0.023008241758241742
decision_type=10 8 10 10 10 10 10 10 10 10 10 2 10 8 8 10 8 10 8 10 10 10 10 10 10 10 10 2 10 8
left_child=2 6 4 7 8 9 14 -4 29 15 11 12 -8 -6 20 17 -14 22 -15 -12 -2 -9 23 -3 -10 26 -13 28 -20 -1
right_child=1 5 3 -5 13 -7 10 21 24 -11 19 25 16 18 -16 -17 -18 -19 27 -21 -22 -23 -24 -25 -26 -27 -28 -29 -30 -31
leaf_value=-0.041039279243638115 -0.0016927087333184964 0.044044611402856919 0.03183753068200814 0.076312929135599672 -0.023430474583343703 0.096515695490942563 0.075150320201209986 -0.012314887612827759 -0.022083449273232979 0.092099656070208813 0.061565090278860868 0.0053952635366884038 0.052178971304557654 -0.01680478062466453 -0.0039555538391408867 0.016258550427216766 0.02156981141817901 0.072244586241671294 -0.0097836712956331975 0.023396563398716132 0.027028776392778175 0.011053629228798535 0.020996807045188658 0.093463807101393875 0.0041970545374867031 0.032980293480596286 0.0253965443365682 -0.0076821539130023028 0.029257018791167773 -0.03086920610461882
leaf_weight=1106.6683129519224 161.48303949832916 553.25958700850606 303.21808920800686 125.26996286585927 1124.3697420656681 314.03034034371376 97.462183479219675 359.12937469407916 910.03897069394588 111.40983648225665 204.84500091522932 606.88861104100943 161.52036309242249 1191.061126947403 574.84338049963117 107.54259899258614 467.94315041229129 210.96139912679791 113.26124743744731 119.66946312040091 333.98470778018236 289.0077106654644 117.04689040035009 84.338649265468121 141.00212940573692 331.81037538126111 555.76682992652059 801.20275238528848 146.1381498426199 2393.4435132630169
leaf_count=3841 600 2275 887 460 3929 793 314 1617 1997 418 585 1885 387 2707 2356 275 2065 1203 847 372 1230 651 394 257 327 1226 1497 3416 315 10034
internal_value=-7.70675e-05 0.0330526 -0.0188987 0.016789 -0.0237471 0.0618189 0.0211179 0.00887929 -0.030512 0.052547 0.0274398 0.0244739 0.0357105 -0.0146211 0.00606865 0.0483589 0.0294944 0.0519135 -0.0102137 0.047605 0.0176833 -0.00189377 0.0461418 0.0507177 -0.0185572 0.018988 0.0149698 -0.00280304 0.0122386 -0.0340956
internal_weight=14118.6 5114.81 9003.81 1076.63 7927.19 1498.59 3616.22 951.355 4551.15 1184.56 2545.91 2221.39 726.926 3376.03 1070.31 1073.15 629.464 965.607 2251.66 324.514 495.468 648.137 754.645 637.598 1051.04 1494.47 1162.66 1060.6 259.399 3500.11
internal_count=49160 18132 31028 3615 27413 5615 12517 3155 16199 4822 8331 7374 2766 11214 4186 4404 2452 4129 7285 957 1830 2268 2926 2532 2324 4608 3382 4578 1162 13875
is_linear=0
shrinkage=0.05


Tree=10
num_leaves=31
num_cat=0
split_feature=17 29 10 18 27 11 29 41 77 47 6 6 77 19 69 41 29 47 77 28 29 33 54 41 75 47 27 31 43 45
split_gain=3393.19 692.564 566.368 253.38 186.594 118.632 104.802 101.672 92.9703 73.1236 71.9224 67.6228 62.9098 60.7415 49.4728 44.7952 42.0821 41.0172 39.9777 40.2478 38.7297 36.9417 34.7509 32.0346 31.4479 31.3321 42.0307 51.2067 32.5343 30.9007
threshold=1.7817460317460319 0.071694138192656368 0.14382910874846361 0.92582417582417598 16.473863636363642 0.10174851872014092 0.17738752741599717 60.500000000000007 0.20712320445937255 0.61531847427207043 9.3510580859799539 10.052185262306169 0.064690032326461214 10.759615384615387 0.13099398667133846 251.50000000000003 0.12305874921002026 0.50553177243953917 0.17307750182909151 5.8098280542986434 0.025510535608182106 3.5339366515837107 19.240384615384617 66.500000000000014 7.0750000000000011 0.52272112749255129 15.416250000000002 0.61703296703296717 63.88194444444445 16.966666666666672
decision_type=10 10 10 10 10 10 10 8 8 2 10 8 10 10 2 8 10 2 8 10 10 8 10 8 10 2 10 10 10 10
left_child=1 3 5 7 8 15 10 -1 -3 17 14 -10 20 -11 22 25 -13 -7 -5 23 -9 -15 -4 -20 -17 -2 27 28 -27 -14
right_child=2 4 6 18 -6 9 -8 12 11 13 -12 16 29 21 -16 24 -18 -19 19 -21 -22 -23 -24 -25 -26 26 -28 -29 -30 -31
leaf_value=0.0054107710699343239 0.0030029346451381435 -0.012263914129978548 0.027314105789010404 -0.016444077098680135 0.072907126186337767 0.0021788359581663762 0.10848359343531289 -0.033454929457104397 0.0075163182628894785 0.033639991667234408 0.10115972403864806 0.02441707606040866 -0.0087313582754344875 0.053752863248733643 0.085613998893964316 -0.013746670047673635 0.062506295478048424 0.035949040125653926 0.027390055772010449 -0.013335441798265169 -0.021085773441237098 0.097237343280360281 0.058609752077375094 -0.00019365145636119431 0.023634930900300454 0.035481916325596191 0.047804796442977221 -0.0059329391514552189 0.017197909055147322 -0.024002833369824957
leaf_weight=237.77980486303568 170.53709339350462 350.12333990633488 126.93886956200004 834.91846024990082 127.94476888328791 98.354629904031754 180.64962154999375 3400.666222307831 662.04033527895808 140.53999468311667 117.18872616067529 311.98577434197068 476.63381184637547 99.320336349308491 125.84219761192799 152.91937118768692 94.688628148287535 1063.9028919637203 117.94864723458886 594.94187240675092 786.08777533099055 106.66756345331669 316.87701910361648 914.3665809482336 87.675690621137619 479.89795996621251 185.98729038238525 141.74536696821451 499.89431226998568 1097.0854605585337
leaf_count=990 534 988 450 2157 450 260 593 13111 2448 651 410 1044 939 373 542 871 289 3471 555 2484 3287 306 1216 3775 223 1561 586 453 1828 2354
internal_value=0.000247337 -0.0154418 0.0385829 -0.0210658 0.0153134 0.0289262 0.0744351 -0.0266091 0.0100721 0.0391592 0.0653352 0.0173943 -0.0279315 0.0593426 0.0578012 0.0199252 0.0334172 0.0330956 -0.00755622 -0.00298872 -0.0311381 0.0766316 0.0497402 0.00298142 -8.2928e-05 0.02318 0.0258073 0.0221201 0.0261804 -0.019386
internal_weight=14102.2 10007.2 4094.94 8460.43 1546.78 3227.44 867.496 5998.25 1418.84 1508.79 686.847 1068.71 5760.47 346.528 569.658 1718.66 406.674 1162.26 2462.18 1627.26 4186.75 205.988 443.816 1032.32 240.595 1478.06 1307.52 1121.54 979.792 1573.72
internal_count=49199 34871 14328 29652 5219 11117 3211 20681 4769 5061 2618 3781 19691 1330 2208 6056 1333 3731 8971 6814 16398 679 1666 4330 1094 4962 4428 3842 3389 3293
is_linear=0
shrinkage=0.05


Tree=11
num_leaves=31
num_cat=0
split_feature=11 10 75 10 15 11 48 27 6 77 75 75 31 27 48 15 39 19 30 55 19 19 57 43 6 57 10 76 33 41
split_gain=2846.84 530.768 498.58 175.014 144.474 130.946 114.28 81.9037 79.7626 53.1995 51.4288 49.0423 51.1115 54.124 46.6519 37.1931 33.566 33.3485 32.5772 32.1528 36.0788 32.0939 31.5329 30.04 29.1335 28.8554 27.8278 30.2264 28.448 26.1413
threshold=0.060232705523564647 0.14382910874846361 5.745000000000001 0.015152668220474346 0.57984096663543883 0.088714732318831632 21.849264705882359 2.3645833333333339 9.930307037946255 0.23370265411000066 15.585000000000003 7.9250000000000007 0.65796380090497752 15.077350427350428 17.911764705882359 0.24285113019775798 22.63518138261465 0.75961538461538469 0.060221954635512748 20.391176470588238 7.1909090909090922 14.261363636363638 237.34375000000003 66.458041958041974 5.8638663474052377 237.96875000000003 0.2046877488745554 1.1784587189352191 4.0588235294117654 126.50000000000001
decision_type=10 10 10 8 8 10 2 10 10 8 10 8 8 10 2 8 2 10 10 2 10 10 2 10 10 2 10 8 8 8
left_child=2 5 3 18 -4 9 14 17 26 29 -6 -7 13 19 -3 -9 25 -5 -1 -13 -21 -15 -16 -18 -11 -14 27 -8 -29 -2
right_child=1 6 4 7 10 11 8 15 -10 24 -12 12 16 21 22 -17 23 -19 -20 20 -22 -23 -24 -25 -26 -27 -28 28 -30 -31
leaf_value=-0.033802282594423819 0.01343138783935071 0.072711963462414722 -0.0027392655078597354 -0.026283727956567318 0.019664792556963281 0.012219660686944009 0.05065049094212104 -0.016462770161576986 0.11857238565097944 0.0240356482629853 0.053855945471969625 0.051014333100630374 0.064181714216284755 0.078097728764830898 0.014599513223525385 -0.00303289164305094 0.012219660686944009 -0.013961766403321764 -0.022222088952945342 0.048233422732923831 0.023678059848256022 0.041622760872018827 0.050811193628906549 0.044298560077448222 0.0091409021741182192 0.021179375095401142 0.095042328954135016 0.058638833401382151 0.11152660366466945 -0.015508103980549127
leaf_weight=2274.5892283171415 122.10982057452202 101.94517273083329 1063.0835266858339 1487.382600478828 480.60604694485664 291.73047097027302 193.41935309767723 843.47616102918983 116.24432922899723 733.04503132775426 142.62174665927887 241.02982361614704 79.731613207608461 131.61777546256781 125.16976491361856 1325.0112206377089 431.90709566324949 876.94302355870605 840.53865242376924 202.34989244490862 586.79550178349018 119.34617035835981 116.74671452492476 82.547901175916195 597.38315113633871 78.323378551751375 94.831164013594389 58.596179846674204 51.589968003332615 212.34229169785976
leaf_count=8180 300 464 2525 5367 1034 712 495 3142 381 2834 316 687 295 359 346 5698 1474 3311 3000 1019 1908 289 417 456 2118 371 367 493 243 554
internal_value=-7.93102e-05 0.0313458 -0.0161358 -0.0215615 0.00846955 0.0235183 0.066928 -0.0152856 0.0818669 0.0128809 0.027563 0.0313963 0.0342521 0.04012 0.0443952 -0.00826189 0.0230309 -0.0217213 -0.0306858 0.0349825 0.0300275 0.0609861 0.0322122 0.0167813 0.0173596 0.0431392 0.070888 0.0630562 0.0841816 -0.00493364
internal_weight=14103.1 4768.8 9334.25 7647.94 1686.31 3910.26 858.543 4532.81 514.681 1664.88 623.228 2245.38 1953.65 1281.14 343.862 2168.49 672.51 2364.33 3115.13 1030.18 789.145 250.964 241.916 514.455 1330.43 158.055 398.437 303.606 110.186 334.452
internal_count=49155 16582 32573 28698 3875 13376 3206 17518 1979 5806 1350 7570 6858 4262 1227 8840 2596 8678 11180 3614 2927 648 763 1930 4952 666 1598 1231 736 854
is_linear=0
shrinkage=0.05


Tree=12
num_leaves=31
num_cat=0
split_feature=18 29 10 11 29 35 5 4 77 76 47 66 28 21 29 41 29 48 17 39 52 6 48 19 39 29 48 53 47 45
split_gain=2620.29 572.33 400.162 211.864 178.958 105.139 98.0548 81.2187 78.1608 65.0101 72.1046 67.4308 48.7136 45.1258 55.4382 44.4681 41.4189 40.9757 40.4904 38.9456 38.8029 38.2353 46.5148 31.2409 30.6163 27.5873 45.8569 32.5124 32.7157 27.3641
threshold=2.2583333333333337 0.071694138192656368 0.14382910874846361 0.024916594161491373 0.13681971223032155 1.5000000000000002 18.183333333333341 6.0832271686829218 0.41511885967479972 0.81572616906474826 0.61436959965713334 6.5000000000000009 0.70653125000000017 5.0795480225988712 0.1127030710714879 186.50000000000003 0.080235065427444893 22.66727941176471 1.3038461538461541 25.627652292950039 225.92857142857147 7.742751645144792 25.593750000000004 10.839743589743593 26.898015058179332 0.1486702842815418 22.363970588235297 2.9198717948717952 0.56627057993020113 16.408333333333335
decision_type=10 10 10 10 10 8 10 10 10 8 2 2 8 10 10 8 8 2 10 2 8 10 2 10 2 8 2 8 2 10
left_child=1 3 7 8 5 20 25 -2 12 16 13 -12 -1 23 -15 18 -9 -8 -5 -16 -3 22 -13 -11 -22 27 -27 28 -4 -14
right_child=2 4 6 15 -6 -7 17 9 -10 10 11 21 29 14 19 -17 -18 -19 -20 -21 24 -23 -24 -25 -26 26 -28 -29 -30 -31
leaf_value=-0.033408305924034681 0.0051576661235899395 0.0047680109090385957 0.026339987484821106 -0.007376507252453088 0.063986948696033885 -0.0019773545028533251 0.059260217852501067 -0.0053290954268711312 0.009675557814978265 0.032493946944977418 0.088891921388828246 0.019981411129496741 -0.015435941934713272 0.028230049287781611 0.082666175451898083 -0.015119559230577818 0.023888959798352049 0.096001572336509453 0.01027165954983717 0.037031470509103874 0.047864995630193946 0.065950275892138949 0.062026250074616075 0.01476421195163748 0.016842171799198821 0.040770411331516029 0.092405407071535994 0.017076916477948526 0.066900069438447118 -0.025075946448178739
leaf_weight=1479.7244135253131 433.8376197218895 139.4345809482038 83.220992635935545 1125.9204841330647 159.60039984062314 890.9198264144361 121.91189362853765 203.24513752758503 160.92630277574062 379.54905685782433 85.188040770590305 241.03481902554631 970.52160561829805 487.95885749906301 95.45431711897254 1177.6421707049012 298.6835048943758 237.08752627670765 455.76301527395844 96.45077545940876 210.51494498923421 108.5267663449049 90.398491881787777 726.44164877012372 129.95640484988689 95.047374173998833 82.192493002861738 104.72646700963378 130.29052931815386 3135.1427671834826
leaf_count=5033 1722 322 281 3873 584 3049 425 534 407 1111 345 1059 3230 1953 319 4081 687 820 1641 361 592 463 380 2490 433 307 366 391 613 11324
internal_value=-0.000334099 -0.0140947 0.0333344 -0.0191593 0.0140471 0.00819033 0.0637669 0.0253081 -0.0246271 0.0284129 0.0319555 0.0482565 -0.025617 0.0271378 0.0372844 -0.00776777 0.0120707 0.0837239 -0.0022879 0.0600412 0.027031 0.0402046 0.0316012 0.0208725 0.0361077 0.0491674 0.0650995 0.0401181 0.0512873 -0.0228015
internal_weight=14137.3 10036.1 4101.25 8505.64 1530.43 1370.83 854.477 3246.77 5746.32 2812.93 2311 525.148 5585.39 1785.85 679.864 2759.33 501.929 358.999 1581.68 191.905 479.906 439.96 331.433 1105.99 340.471 495.478 177.24 318.238 213.512 4105.66
internal_count=49196 34569 14627 29589 4980 4396 3203 11424 19994 9702 8481 2247 19587 6234 2633 9595 1221 1245 5514 680 1347 1902 1439 3601 1025 1958 673 1285 894 14554
is_linear=0
shrinkage=0.05


Tree=13
num_leaves=31
num_cat=0
split_feature=17 29 11 11 29 41 5 77 40 11 0 77 17 15 77 57 51 29 22 41 19 15 47 33 76 57 77 77 25 22
split_gain=2527.61 531.997 368.725 179.028 175.02 96.1546 85.5476 79.1103 78.9527 68.472 66.9612 62.0567 55.9904 44.4257 39.8267 39.7958 39.2567 39.811 33.5041 33.0987 32.3037 31.4748 30.5338 41.6971 31.2613 30.2416 30.024 29.9498 30.5687 29.3602
threshold=1.7817460317460319 0.061571698472940216 0.14385865544812124 0.032236368284209414 0.1245488300678534 22.500000000000004 20.583333333333339 0.044670029575853844 5.5000000000000009 0.11698919825852477 2.5000000000000004 0.51667861965462059 4.3452380952380958 0.39814978408207174 0.40652156179753557 236.63051470588238 4.6511022286821717 0.12793812981394578 0.79610733182161764 66.500000000000014 0.095454545454545472 0.23735598610708245 0.61614049030107154 1.5339366515837105 1.0405889953698721 240.27205882352942 0.58866305220824267 0.1832521868286951 -0.071666666666666615 0.98529411764705899
decision_type=10 10 10 10 10 8 10 10 2 10 2 10 10 10 10 2 10 10 10 8 8 8 2 8 8 2 10 8 8 10
left_child=1 3 5 7 11 8 15 20 26 13 -6 21 -8 29 -9 18 17 -17 -4 -13 -1 -3 -15 -24 -25 -14 -2 -5 -29 -7
right_child=2 4 6 27 10 9 12 14 -10 -11 -12 19 25 22 -16 16 -18 -19 -20 -21 -22 -23 23 24 -26 -27 -28 28 -30 -31
leaf_value=-0.033416441741381656 0.052169798183678784 -0.012286084577593163 0.052804562443067797 -0.013760501411385235 0.070707627038746529 0.012519181797912263 0.051884125291832464 -0.017099557023684122 0.011674527290846948 0.035966743739087377 0.015274126251066431 0.0087986841614980139 0.07898423494938267 0.019215537240267703 0.0060216811430954193 0.03497059928792582 0.090317183455352265 0.073982431060043957 0.019546713734167984 0.039294960935543077 -0.023769397217731084 0.0049626675943515554 0.066219453892354327 0.0014395189250161957 0.040607561667892145 0.12125155676068849 0.09423266230602341 -0.020072145003466643 0.0022397908446344004 -0.013880185842967855
leaf_weight=1264.8985128104687 94.54414202645421 370.28252997249365 163.10367454960942 694.0721810311079 152.32770270109177 495.31755202636123 96.963774912059307 1929.853442132473 76.099652554839849 719.01329902559519 85.540114741772413 185.1419460773468 99.965175397694111 1220.258881945163 205.6378685683012 153.88598027080297 92.743852451443672 117.61127195134759 144.00528159737587 171.63407172262669 2837.4088087007403 918.38610026612878 86.500374719500542 85.017797857522964 126.38649772852659 89.901963040232658 85.44074010848999 177.33253819867969 1102.0391775034368 132.80059622600675
leaf_count=4658 477 1473 546 1697 515 2059 361 4117 341 2517 389 368 282 3540 527 714 333 439 406 401 12357 3360 404 222 561 378 213 742 4437 460
internal_value=0.000384426 -0.0130383 0.0335931 -0.0185351 0.0109248 0.0252503 0.0607159 -0.0226873 0.0545741 0.0226114 0.0509205 0.00511554 0.0836582 0.0181226 -0.0148713 0.050804 0.0620365 0.0520798 0.0373238 0.0235383 -0.0267514 7.74649e-07 0.0227481 0.0371052 0.0249368 0.0995282 0.0725478 -0.00540582 -0.000866107 0.00692447
internal_weight=14174.1 10094.6 4079.56 8211.24 1883.31 3121.38 958.181 6237.8 256.085 2865.29 237.868 1645.44 286.831 2146.28 2135.49 671.35 364.241 271.497 307.109 356.776 4102.31 1288.67 1518.16 297.905 211.404 189.867 179.985 1973.44 1279.37 628.118
internal_count=49294 35041 14253 28535 6506 10794 3459 21659 1031 9763 904 5602 1021 7246 4644 2438 1486 1153 952 769 17015 4833 4727 1187 783 660 690 6876 5179 2519
is_linear=0
shrinkage=0.05


Tree=14
num_leaves=31
num_cat=0
split_feature=17 77 10 29 17 81 10 29 11 10 29 47 31 76 29 6 79 29 48 15 29 47 52 77 27 33 44 15 20 31
split_gain=2170.15 482.254 359.106 192.106 136.784 104.42 91.2189 83.2065 78.9123 58.9466 58.3505 56.5308 55.6423 57.7447 45.3563 43.1487 41.3093 37.1479 37.0294 34.2928 31.2726 30.9834 27.8514 25.6011 26.2326 25.3601 27.5885 26.1859 28.9218 23.1272
threshold=1.7817460317460319 0.40652156179753557 0.14382910874846361 0.025510535608182106 1.4580419580419581 12.255000000000001 0.015152668220474346 0.097181553842337634 0.093937114883019854 0.087718032920215225 0.12104483615082029 0.63421584673149145 0.4930952380952382 1.0443013131601486 0.14385342940786169 3.5814121259479172 0.24748576759178767 0.14234067201447223 22.363970588235297 0.24285113019775798 0.073787836430755857 0.56462136385632877 206.04166666666671 0.22717767380496143 8.0014285714285727 0.78461538461538483 0.55036158368451182 0.26653733374058969 0.73863636363636387 0.28968750000000004
decision_type=10 10 10 10 8 10 10 10 10 8 10 2 10 8 10 10 10 8 2 10 8 2 8 8 10 8 10 10 10 8
left_child=1 3 8 6 15 10 -1 19 20 -9 12 14 13 -4 16 -3 -10 -6 -12 -5 23 -18 -22 -2 -25 -8 -27 -28 -29 -21
right_child=2 4 5 7 17 -7 25 9 11 -11 18 -13 -14 -15 -16 -17 21 -19 -20 29 22 -23 -24 24 -26 26 27 28 -30 -31
leaf_value=-0.02700514769276216 -0.018761799600347111 0.020260530003999626 0.02434830312667861 -0.014205710591543578 0.026304544958894494 0.10829055735976917 -0.020108651555659059 0.0014814947671350134 0.030377245967987066 0.044877373744311465 0.048936386616329541 0.056088002574244206 0.010977535918855693 0.074733471218034184 0.050815619111973964 -0.0085539465582398465 0.024517619489145447 0.054856702676457494 0.079472896198349963 0.0086453347017148158 0.001988937186600002 0.00073746008284000114 0.02361730180315233 0.019846377877718726 -0.00867321095376666 -0.018688128760161887 -0.0087162153550010939 0.03294597211604966 -0.0043191827668803322 -0.0074466221028628796
leaf_weight=3662.3704241998494 102.81099529564381 185.09944786131382 103.92055296897888 1835.6912508420646 455.65526561439037 96.27665513753891 765.44471793621778 241.18832850828767 914.6741848513484 114.88704190775752 189.85658289119601 183.27061970904469 125.24792169034481 128.40648115053773 175.15261662751436 429.40697342157364 281.30833435058594 153.24305275082588 227.03111189603806 303.31352082639933 187.70892305672169 266.19412568211555 721.56393620744348 221.61007396504283 125.6923459507525 382.4883703738451 435.08471317216754 95.244876723736525 112.98910456895828 838.01517166569829
leaf_count=12621 281 473 294 6470 984 273 2634 1161 3715 556 546 708 366 793 619 1076 525 355 964 932 440 610 2575 1045 480 1302 1883 379 641 3393
internal_value=-0.000112176 -0.0126078 0.0307623 -0.0167029 0.0167936 0.0592009 -0.0224821 -0.00724302 0.0229592 0.0155696 0.0529666 0.0297655 0.0379601 0.052397 0.0267868 0.000144264 0.0238756 0.0335685 0.0657165 -0.0099759 0.0138283 0.0129782 0.0191595 0.00304024 0.00952958 -0.0132243 -0.00807274 -0.0017421 0.0128017 -0.00316628
internal_weight=14060.8 10010.1 4050.73 8786.72 1223.4 870.739 5453.62 3333.1 3179.99 356.075 774.463 1820.6 357.575 232.327 1637.33 614.506 1462.18 608.898 416.888 2977.02 1359.39 547.502 909.273 450.113 347.302 1791.25 1025.81 643.319 208.234 1141.33
internal_count=49094 34860 14234 31972 2888 3236 19460 12512 10998 1717 2963 6177 1453 1087 5469 1549 4850 1339 1510 10795 4821 1135 3015 1806 1525 6839 4205 2903 1020 4325
is_linear=0
shrinkage=0.05


Tree=15
num_leaves=31
num_cat=0
split_feature=11 17 75 77 12 80 77 54 18 77 15 12 15 39 41 5 41 31 12 47 79 22 52 79 59 41 30 43 46 33
split_gain=2011.67 378.864 337.629 110.391 103.334 100.32 83.4601 63.1436 60.3993 43.3798 43.2031 50.6303 40.6623 37.484 37.055 34.8632 33.3532 33.1163 32.9069 31.864 29.6278 29.5774 26.2187 38.4354 33.1677 26.0048 25.9828 25.7885 24.4871 24.3761
threshold=0.058369083119840182 3.1291666666666669 5.745000000000001 0.044670029575853844 0.59835989551892321 17.385000000000002 0.25318376196044629 19.519230769230774 0.42261904761904767 0.51667861965462059 0.39150819172205026 0.28061874325046204 0.78006645766159732 22.466803559206024 150.50000000000003 21.616666666666671 37.500000000000007 0.14930288461538463 0.53847155012763015 0.50553177243953917 -0.12109839312041439 0.86159003831417635 207.42261904761907 -0.036249133191855208 0.75000000000000011 87.500000000000014 0.40786984287737477 58.286363636363639 61.939338235294123 3.9375000000000004
decision_type=10 10 10 8 8 10 8 8 8 10 10 10 10 2 8 10 8 8 10 2 10 10 8 10 2 8 8 10 2 10
left_child=2 6 3 25 -4 7 14 21 -5 -6 -9 20 13 16 -2 -7 -8 -10 26 -15 -12 -3 23 -21 -24 -1 -13 -26 -18 -20
right_child=1 5 4 8 9 15 12 10 17 -11 11 18 -14 19 -16 -17 28 -19 29 22 -22 -23 24 -25 27 -27 -28 -29 -30 -31
leaf_value=-0.0076923217142873708 0.011013160717924554 0.03367030440764051 -0.0023347884881161482 -0.022287690379584914 0.0083225662232650696 0.055724173902857756 0.062029841121096101 0.011826652670890253 -0.020070047988662493 0.036231807693116187 0.055170568552335743 0.050147496641855298 0.04738119421949915 -0.0039355936489365072 -0.01495713777005752 0.088757161565541601 0.043658743070667402 -0.0068584806929513319 0.046873172172826161 0.022577491160800767 0.10673659004358303 0.0026104718811100023 0.014714125876682249 -0.0063720111787356638 0.049211889668347476 -0.026310024936727208 0.019620799522732216 0.024724720468503457 0.0039268318570828409 0.078318089865718546
leaf_weight=200.93539839982986 298.70376621186733 192.86647852137685 1040.7308445125818 1252.5395106300712 246.2588008493185 178.97944694757462 88.910053424537182 75.696532510221004 581.50100245326757 321.61754535138607 59.905551578849554 125.94507347047329 132.20985424146056 166.41498206928372 252.55603347718716 158.42538721859455 75.368163716048002 2567.4835466258228 198.29423392564058 225.7941568531096 59.434210211038589 127.06490733101964 936.77924679219723 231.18623284995556 125.28963492065668 3046.5959551483393 159.51642491295934 786.65964152291417 79.228193517774343 95.333957109600306
leaf_count=516 786 899 2473 6135 572 439 285 393 1970 665 467 520 402 558 621 424 232 12290 790 732 195 360 3547 455 323 7618 535 3099 431 395
internal_value=-0.000141183 0.0260117 -0.0137888 -0.0181673 0.00702943 0.0475829 0.0169161 0.0401635 -0.0130028 0.0241649 0.0478883 0.0517742 0.020362 0.0190297 -0.000890499 0.071451 0.0377343 -0.00930377 0.0455131 0.0171727 0.0815253 0.0213811 0.0186973 0.00795001 0.0213481 -0.0251608 0.0332172 0.0281391 0.0234529 0.0573137
internal_weight=14088.2 4830.56 9257.66 7649.06 1608.61 1431.46 3399.1 1094.06 4401.52 567.876 774.126 698.429 2847.84 2715.63 551.26 337.405 243.506 3148.98 579.09 2472.12 119.34 319.931 2305.71 456.98 1848.73 3247.53 285.461 911.949 154.596 293.628
internal_count=49127 16888 32239 28529 3710 5417 11471 4554 20395 1237 3295 2902 10064 9662 1407 863 948 14260 2240 8714 662 1259 8156 1187 6969 8134 1055 3422 663 1185
is_linear=0
shrinkage=0.05


Tree=16
num_leaves=31
num_cat=0
split_feature=17 29 10 29 11 81 43 11 41 29 18 52 30 75 31 41 41 28 75 41 28 41 46 56 33 15 12 80 15 50
split_gain=1836.11 418.305 288.738 168.184 138.601 85.2456 73.4404 64.9887 58.2635 53.9901 51.9165 49.2354 46.6234 44.7261 37.2576 82.2602 35.975 35.6544 31.9455 31.1825 33.1059 29.9959 29.2263 27.5501 26.8397 26.3167 32.5495 38.1404 25.5648 23.9369
threshold=1.7817460317460319 0.060547877436250015 0.14382910874846361 0.13681971223032155 0.021804612606609888 12.255000000000001 59.607692307692311 0.093937114883019854 75.500000000000014 0.12104483615082029 5.4494949494949507 236.03571428571431 0.18032405481710742 6.4650000000000007 0.69793706293706304 12.500000000000002 199.50000000000003 13.706843750000003 2.0250000000000004 194.50000000000003 5.9678341346153845 64.000000000000014 60.485294117647065 4.5761141985398295 3.6568627450980391 0.72954454434887928 0.33041654472575527 7.2950000000000008 0.27089374371505986 18.320629370629373
decision_type=10 10 10 10 10 10 10 10 8 8 10 8 10 8 10 8 8 10 10 8 10 10 2 2 8 10 10 10 10 8
left_child=1 4 7 6 8 9 13 16 -1 12 -11 -12 -4 -3 15 -9 24 22 -10 20 21 28 -17 -19 29 26 27 -24 -6 -2
right_child=2 3 5 -5 19 -7 -8 14 18 10 11 -13 -14 -15 -16 17 -18 23 -20 -21 -22 -23 25 -25 -26 -27 -28 -29 -30 -31
leaf_value=-0.0011154971163165374 -0.0086683937176778563 -0.0067935532775145625 0.065155775605696173 0.06045751016786699 -0.0023844483356570585 0.098551430791172567 -0.0028371843574661426 0.074359640365485355 -0.024263188241870848 0.035790420224810437 0.04851339012209871 0.088516516842699164 0.019034328948946404 0.024347984842005902 0.0094563040668211445 0.0041455648766065478 -0.0049119935318529756 0.031664882730290472 -0.013864277887622366 -0.013345955023370227 -0.01396398725251154 -0.001753252242447067 0.019075662755315109 0.05983756543027844 0.027338846028959543 0.052535034774229564 0.011999824999326964 0.050136709596048316 0.034919384397159622 0.015242299776932642
leaf_weight=344.2007027938962 125.57775295525789 144.98970024287701 73.289436403661966 148.57034738361835 76.462661474943161 95.233908727765083 1092.479448184371 99.136692021042109 4103.7623367980123 170.11678341403604 147.14178212732077 172.921706199646 214.48514315858483 554.96780662238598 246.07172369211912 184.41334682703018 228.4517525434494 345.27259421348572 906.47160187363625 1208.1144317388535 461.77991077303886 942.42972350120544 226.15056711062789 118.22040558978915 394.4184326082468 84.574034545570612 353.2990004979074 177.47085075080395 113.55398311465979 611.11165489256382
leaf_count=1297 384 340 380 598 303 271 4112 353 15295 520 510 774 802 1708 713 430 1050 1046 1868 4143 1775 3176 1215 287 1200 289 1358 510 483 2174
internal_value=8.55792e-05 -0.0113394 0.0284454 0.00951858 -0.0163033 0.0539153 0.00526503 0.021468 -0.0210181 0.0483316 0.0584432 0.0703344 0.0309653 0.0178968 0.0276082 0.0304123 0.0131681 0.0274392 -0.0223849 -0.00729047 -0.00269609 0.00190691 0.0221995 0.0389641 0.0168209 0.0261463 0.0231324 0.0328232 0.0199744 0.0111602
internal_weight=14165.1 10097.8 4067.36 1941.01 8156.78 873.189 1792.44 3194.17 5354.43 777.955 490.18 320.063 287.775 699.958 1834.61 1588.54 1359.56 1489.4 5010.23 2802.34 1594.23 1132.45 1025.91 463.493 1131.11 841.494 756.92 403.621 190.017 736.689
internal_count=49364 35098 14266 6758 28340 3257 6160 11009 18460 2986 1804 1284 1182 2048 6201 5488 4808 5135 17163 9880 5737 3962 3802 1333 3758 3372 3083 1725 786 2558
is_linear=0
shrinkage=0.05


Tree=17
num_leaves=31
num_cat=0
split_feature=17 77 10 29 73 3 4 47 29 29 10 29 48 10 47 57 58 33 76 44 48 10 15 58 19 41 81 79 19 36
split_gain=1646.26 354.401 235.014 141.217 104.216 83.4064 59.4942 70.908 59.4063 58.5478 57.9725 54.1885 50.1434 49.2065 44.4757 44.096 54.6657 41.3949 38.515 35.9125 34.1984 42.8161 34.0547 29.7909 28.3685 28.1291 27.7811 29.4613 26.3842 30.9273
threshold=1.7817460317460319 0.40207451305839637 0.14382910874846361 0.025510535608182106 5.5000000000000009 18.770256410256412 6.1573487242133744 0.63421584673149145 0.1245488300678534 0.1127030710714879 0.015152668220474346 0.13415625258969846 25.485294117647062 0.087718032920215225 0.49593863466732058 246.03125000000003 21.242647058823533 3.7916666666666665 0.82708748339973448 0.61477734674840556 21.878676470588239 0.045124002384604303 0.24001526238153834 21.242647058823533 8.0357142857142865 82.000000000000014 11.835000000000003 -0.058905989503344844 6.0333333333333341 0.21617119483506128
decision_type=10 10 10 10 2 10 10 2 8 10 10 8 2 8 2 2 2 10 8 10 2 8 10 2 10 8 10 8 10 10
left_child=1 3 6 10 8 15 -2 14 -3 22 25 -7 19 -11 -8 16 -4 24 -16 -9 21 -6 -5 -13 -17 -1 27 -20 29 -29
right_child=2 4 5 9 20 11 7 12 -10 13 -12 23 -14 -15 18 17 -18 -19 26 -21 -22 -23 -24 -25 -26 -27 -28 28 -30 -31
leaf_value=0.0015307955481863647 0.0030129286024094312 0.019147196392681521 0.041436895420399446 -0.012313709674948454 -0.010606334412756636 0.037561677054328051 -0.01170952441508992 0.053394170326055139 0.055682036799914347 0.0013410514030477827 -0.012157241895973194 0.060793230500949202 0.083145807678446385 0.054595169130243926 0.0095432423270216324 0.063032497496298925 -0.0023979492246791077 0.085063636720992403 0.032305388226822114 0.0084259184476651351 -0.0073932649357339418 0.026848769380895171 -0.0016970693782036757 0.098332704147936309 0.021480810819345643 -0.02395254412508091 0.051349399507161345 0.005993273212884411 0.015587103310771747 0.049681673849500722
leaf_weight=111.54379150271416 431.05131985247135 346.60812370479107 181.5405587144196 1949.484596543014 116.28428129851818 97.641737408936024 102.61579431965947 100.99976955726743 164.20273976027966 120.79317630454898 1766.3086929358542 100.27304671704769 72.573189154267311 66.726405419409275 507.43468578159809 72.055869288742542 116.35535913333297 71.655582193285227 638.77926351130009 79.396792341023684 434.30552844703197 218.46750797331333 1233.3132446594536 132.90048895403743 97.637488983571529 3581.6973486430943 95.267813786864281 59.282878018915653 980.20694915577769 129.0060150846839
leaf_count=512 1642 702 618 6846 345 480 307 323 381 593 6759 277 347 363 1184 451 366 243 1432 387 1008 572 4782 431 371 12156 236 428 4203 568
internal_value=-0.000280178 -0.0110867 0.026581 -0.0146508 0.0134945 0.0496122 0.0202987 0.0229909 0.0309774 -0.00660025 -0.0196185 0.0694021 0.0481983 0.0204799 0.0204348 0.0373656 0.0243647 0.0532458 0.0218078 0.0337581 0.0018572 0.013845 -0.00820166 0.0825179 0.0393906 -0.0231827 0.0250722 0.0236594 0.0189093 0.0360307
internal_weight=14176.4 10109.7 4066.67 8829.87 1279.87 870.06 3196.61 2765.56 510.811 3370.32 5459.55 330.815 252.97 187.52 2512.59 539.245 297.896 241.349 2409.98 180.397 769.057 334.752 3182.8 233.174 169.693 3693.24 1902.54 1807.28 1168.5 188.289
internal_count=49313 35019 14294 32011 3008 3237 11057 9415 1083 12584 19427 1188 1057 956 8358 2049 984 1065 8051 710 1925 917 11628 708 822 12668 6867 6631 5199 996
is_linear=0
shrinkage=0.05


Tree=18
num_leaves=31
num_cat=0
split_feature=18 29 11 27 10 77 41 29 30 36 29 33 54 31 6 15 30 29 76 14 13 33 10 18 41 22 78 51 44 29
split_gain=1498.45 321.688 242.9 133.682 123.091 80.7511 64.1976 60.4749 57.617 56.1371 50.4487 44.1128 46.407 45.8607 43.3094 37.6298 42.4591 49.8151 33.9498 33.1321 33.8557 27.7211 27.5373 27.227 37.7244 28.3805 26.1152 25.6408 25.4376 26.465
threshold=2.2071428571428577 0.071694138192656368 0.14385865544812124 16.901666666666671 0.015152668220474346 0.15547511670227077 12.500000000000002 0.17738752741599717 0.58166794232533514 0.35822133940676476 0.038546303854391152 3.9375000000000004 21.925824175824179 0.46500000000000002 3.252520385749099 0.28579210087954915 0.26758524544579759 0.074288353365780019 1.347756459848368 0.46035714285714296 0.32552345213715361 2.1291666666666669 0.044682476943346518 3.6306818181818188 105.50000000000001 0.73385416666666681 1.5000000000000002 4.313899821109124 0.66357918810749006 0.032594924861912102
decision_type=10 10 10 10 8 8 8 10 10 8 8 10 10 10 10 10 8 8 10 10 10 10 8 10 10 10 8 10 8 8
left_child=1 4 6 9 -1 -6 8 11 -2 -3 26 13 -13 19 21 -12 -17 -18 28 -4 -21 -11 -20 -19 25 -25 -8 -27 -7 -30
right_child=2 3 7 -5 5 18 10 -9 -10 14 15 12 -14 -15 -16 16 17 23 22 20 -22 -23 -24 24 -26 27 -28 -29 29 -31
leaf_value=-0.021992647450130926 0.066653413123374278 -0.0013225815931276266 0.021345849030478828 0.063799513795849458 -0.016145545115908679 -0.0091610401192381997 0.022320553074177834 0.073276689194473901 0.014073737128829013 0.04864422662486495 -0.0016852224326597961 0.033898672542451803 0.077561050322241171 0.015951995405691973 0.0029049115958658571 0.034077699948609493 -0.0031690044547245514 0.016052773166579781 -0.0014880441570500301 0.088892880871626612 0.042791641877135751 0.018195282369395143 0.020577574448835716 0.018482743052578781 0.0089021459984065347 0.059958458491075464 -0.010494237024260986 0.029588149602950527 -0.01556738439390188 0.012737756077541774
leaf_weight=3187.7147973589599 126.15484502539039 845.23939772695303 91.506152406334877 109.78290343284607 2466.9827557057142 1802.8203117251396 80.524064242839813 184.43376437574625 89.386214360594749 133.93777849897742 203.09424551576376 111.98232677951455 139.5546638853848 229.71011994034052 229.35481555759907 478.8260019607842 254.52664014324546 1179.0533743798733 378.00897352397442 61.078704297542572 123.49006019532681 172.08849485591054 224.76800616085529 140.80114098265767 165.81817686930299 154.25624369829893 235.64183362200856 132.54303837567568 114.39162313193083 289.77351452410221
leaf_count=11146 423 3073 485 367 5950 8848 198 586 447 384 912 302 370 799 608 1959 1030 3307 802 322 591 467 484 575 469 617 1168 436 725 1392
internal_value=8.70544e-05 -0.0104642 0.0251974 0.0109502 -0.0142356 -0.00954623 0.0186914 0.0475414 0.045014 0.00670465 0.0168016 0.0411856 0.0583341 0.032559 0.0193566 0.0190068 0.0206839 0.0175047 -0.00374832 0.0462695 0.0584446 0.0316368 0.0067604 0.0204735 0.0292153 0.0370534 -0.00209264 0.0460745 -0.00662025 0.00470785
internal_weight=14137.2 9954.86 4182.38 1490.4 8464.46 5276.75 3240.63 941.756 215.541 1380.62 3025.08 757.322 251.537 505.785 535.381 2708.92 2505.82 2027 2809.76 276.075 184.569 306.026 602.777 1772.47 593.419 427.6 316.166 286.799 2206.99 404.165
internal_count=49242 34246 14996 4899 29347 18201 11541 3455 870 4532 10671 2869 672 2197 1459 9305 8393 6434 12251 1398 913 851 1286 5404 2097 1628 1366 1053 10965 2117
is_linear=0
shrinkage=0.05


Tree=19
num_leaves=31
num_cat=0
split_feature=18 17 75 20 54 82 18 36 29 43 29 75 33 40 39 29 56 56 25 21 52 52 41 18 41 76 30 79 45 43
split_gain=1422.55 350.818 193.339 104.792 91.4631 96.0771 83.3372 66.3947 49.8578 45.6653 44.6825 41.5272 40.0329 55.4178 37.3706 35.5666 32.1213 31.3536 28.0836 29.8996 31.2043 27.6535 37.1728 26.9111 26.1595 23.3861 20.9553 20.5098 22.6454 29.3051
threshold=1.7596153846153848 3.2583333333333337 5.9150000000000009 0.73863636363636387 20.033333333333335 19.405000000000005 0.42261904761904767 0.16125247653739871 0.13053669802028298 58.174242424242429 0.021686445733038427 10.145000000000001 3.8708333333333336 3.5000000000000004 26.12594113620808 0.12104483615082029 4.4449640912776571 4.660096489557545 0.11500000000000005 5.0266076696165198 207.42261904761907 212.40833333333336 107.50000000000001 6.0357142857142865 166.50000000000003 1.1392254396024468 0.13423568740706252 0.39243744134653241 22.033333333333335 64.966666666666683
decision_type=10 10 10 10 8 10 8 10 10 10 8 10 10 2 2 8 2 2 10 10 8 10 8 10 8 8 8 10 10 10
left_child=2 7 6 11 16 12 -1 26 9 14 -8 -4 23 -14 -9 -13 -3 18 19 -11 -21 -19 -23 27 25 -20 -2 28 -6 -30
right_child=1 4 3 -5 5 -7 10 8 -10 17 -12 15 13 -15 -16 -17 -18 21 24 20 -22 22 -24 -25 -26 -27 -28 -29 29 -31
leaf_value=-0.021793545531647283 -0.012721602184523621 0.016446034342347933 0.0064984787904660063 -0.0093509613607364941 0.024852134195204403 0.095013378947124597 -0.019104414270241451 0.046188003848182974 0.033244879371087742 -3.5352533170041648e-05 -0.0093509613607364941 0.016884540545436828 0.089708278641387543 0.036724532733816616 0.015126530399402972 0.049142080214654736 0.047447770009979073 0.0027070483146371532 0.010400604167070192 -0.0088015554318594379 0.020029306362648588 0.042550755025432457 0.011138290174886533 0.06329563841950063 -0.002838452317322018 0.039955163642352666 0.0058634153482145686 0.011283213125088508 0.066351161350199861 0.02842801730926427
leaf_weight=2906.9327389597893 246.00226115807891 322.64336345717311 417.95122918486595 706.17292605340481 166.96116349101067 116.21844676136971 1302.1927223056555 184.49832924082875 383.85001534596086 942.34078323096037 3303.651858612895 217.94633486866951 107.69947970658541 94.584572061896324 205.67475843429565 141.43542782962322 112.77108728140593 133.51775186136365 111.7815445959568 116.4531613625586 472.20054381713271 220.05377687141299 165.71234399452806 95.278045255690813 88.571580603718758 169.28850463777781 392.02500265091658 83.29429917037487 117.60003493726254 93.697026435285807
leaf_count=10118 1039 1113 948 1580 731 321 4652 475 1221 3496 12932 466 334 333 407 348 442 331 277 289 1821 683 533 564 402 694 1556 187 446 492
internal_value=8.30632e-05 0.021057 -0.0119077 0.00458481 0.0433775 0.0526962 -0.0151645 0.0134128 0.0163536 0.0140353 -0.0109769 0.0172406 0.0461011 0.0652365 0.0298949 0.0296807 0.0245657 0.0114669 0.00848397 0.00549007 0.0143205 0.0223475 0.0291207 0.0390452 0.0208359 0.0282799 -0.00131105 0.0339131 0.0388535 0.0497477
internal_weight=14139 5142.72 8996.28 1483.51 1310.75 875.333 7512.78 3831.97 3193.94 2810.09 4605.84 777.333 759.115 202.284 390.173 359.382 435.414 2419.92 1900.64 1530.99 588.654 519.284 385.766 556.831 369.642 281.07 638.027 461.553 378.258 211.297
internal_count=49231 18187 31044 3342 4963 3408 27702 13224 10629 9408 17584 1762 3087 667 882 814 1555 8526 6979 5606 2110 1547 1216 2420 1373 971 2595 1856 1669 938
is_linear=0
shrinkage=0.05


Tree=20
num_leaves=31
num_cat=0
split_feature=11 75 10 29 73 5 41 30 29 20 51 31 29 43 21 56 30 13 17 75 29 29 14 27 6 11 17 2 14 43
split_gain=1202.5 281.093 195.281 106.639 90.4787 57.856 56.3097 81.3252 52.3474 56.1875 50.7771 46.5827 49.4294 42.8881 39.2761 46.11 38.5065 35.8562 32.9101 31.2789 41.3387 31.24 29.1722 28.6174 25.8438 25.3345 24.5714 23.8799 22.648 21.9512
threshold=0.071406262187685074 5.5950000000000006 0.14382910874846361 0.025510535608182106 5.5000000000000009 18.550000000000004 12.500000000000002 0.58166794232533514 0.074288353365780019 0.29670329670329659 3.8536888379204899 0.36115384615384621 0.035089600811800369 62.607692307692311 5.7507062146892665 4.6089858844997869 0.075046573548743459 0.3216890234000751 1.4580419580419581 10.145000000000001 0.12187853841656947 0.10645071230790566 0.46035714285714296 15.053125000000003 7.9766206672134965 0.018616907791719515 5.2613636363636376 4.5000000000000009 0.6422500000000001 57.961538461538467
decision_type=10 10 10 10 2 10 8 10 10 10 10 10 10 10 10 2 8 10 8 10 8 10 10 10 8 10 10 2 10 10
left_child=1 3 6 16 19 17 7 -2 9 -8 -7 12 24 -14 15 29 -1 22 -6 -3 -21 -19 -4 -16 -11 -18 -12 -5 -17 -10
right_child=2 4 5 27 18 10 8 -9 14 11 26 -13 13 -15 23 28 25 21 -20 20 -22 -23 -24 -25 -26 -27 -28 -29 -30 -31
leaf_value=-0.022692003512333959 0.071648180890870883 0.009372500651507458 0.031796723429659786 -0.0057387512772177872 -0.0057387512772177872 0.027127451103501843 -0.011346584909580511 0.0067656937400231336 0.030504487677118493 0.018814391849067986 0.057792674570174521 -0.0069508763562089867 0.068913163525433072 0.021895081365247492 0.028183368920175717 0.023110189589907723 -0.016980438405996345 0.0039734208465190685 0.011234459929106464 0.017799598827737073 0.049851445721826808 0.034996242560790848 0.075207742745023731 0.062255269009684859 -0.0059126172911638112 -0.0066902703387867373 0.090481504062399867 -0.018359971918299564 0.048882459265340031 0.0089962600750986173
leaf_weight=2218.5934711582959 109.84368273243308 350.35781118273735 80.57658251747489 2536.3145882748067 928.24734814465046 88.841840371489525 293.05800115317106 85.991199716925621 136.44204412773252 352.20985511690378 151.41273865476251 208.7327845543623 80.141093421727419 124.25425033271313 268.72113268449903 242.37924133241177 1998.8978490643203 119.78552710264921 394.56569224596024 279.74403810501099 157.83017008006573 252.43749752640724 78.298877961933613 80.782304108142853 150.21319516375661 856.09852516278625 104.20597619563341 373.98177957907319 133.96467383950949 882.2387208417058
leaf_count=7643 391 762 465 10254 2166 337 1093 396 281 1282 516 900 282 488 1078 649 7365 438 940 572 378 723 420 230 593 3757 377 1397 297 2779
internal_value=0.000131946 -0.0090815 0.0232383 -0.0133712 0.00714294 0.0441177 0.0174207 0.0433374 0.015688 0.0076811 0.0601073 0.0137774 0.0198999 0.0405761 0.0212276 0.0174498 -0.0177473 0.0336536 -0.000849118 0.0205444 0.0294478 0.0250501 0.0535276 0.0362137 0.0114245 -0.0138983 0.0714193 -0.00573875 0.0323894 0.0119042
internal_weight=14119.2 10094.6 4024.53 7983.89 2110.75 875.559 3148.97 195.835 2953.14 1208.61 344.461 915.551 706.818 204.395 1744.53 1395.02 5073.59 531.098 1322.81 787.932 437.574 372.223 158.875 349.503 502.423 2855 255.619 2910.3 376.344 1018.68
internal_count=49249 35234 14015 30416 4818 3276 10739 787 9952 4638 1230 3545 2645 770 5314 4006 18765 2046 3106 1712 950 1161 885 1308 1875 11122 893 11651 946 3060
is_linear=0
shrinkage=0.05


Tree=21
num_leaves=31
num_cat=0
split_feature=11 17 29 29 3 77 54 77 33 21 29 36 15 41 19 77 76 15 33 46 69 39 42 52 29 45 28 11 82 63
split_gain=1110.92 260.163 238.056 97.4473 88.7213 86.296 64.3727 51.5769 49.1979 106.275 43.4823 43.32 42.9505 41.9968 44.2452 36.6705 39.4873 42.9571 32.4495 33.8441 32.4262 29.231 28.5589 25.7646 34.3177 27.554 26.3456 23.9645 23.1083 21.9837
threshold=0.058369083119840182 3.3205128205128207 0.071694138192656368 0.13681971223032155 21.940833333333337 0.13466600757557712 19.483333333333338 0.49490766420842708 3.8708333333333336 5.0795480225988712 0.1486702842815418 0.022923425445869908 0.39461373741617906 125.50000000000001 6.2613636363636376 0.52889679598056183 1.1640918828487585 0.60306560868155701 2.9999999999999996 64.424632352941188 1.0000000180025095e-35 24.327173169062288 6.5000000000000009 278.54444444444454 0.078223386776024112 23.839743589743595 18.001900000000003 0.041345450802444568 13.025 1.0000000180025095e-35
decision_type=10 10 10 10 10 10 8 8 10 10 8 10 8 8 10 8 10 10 8 2 2 2 2 8 10 10 10 8 10 2
left_child=2 7 5 12 6 11 20 13 18 -10 -6 -1 -4 14 -2 -9 23 -18 19 22 -3 -16 -8 25 -25 26 28 -7 -17 -15
right_child=1 4 3 -5 10 27 8 15 9 -11 -12 -13 -14 29 21 16 17 -19 -20 -21 -22 -23 -24 24 -26 -27 -28 -29 -30 -31
leaf_value=-0.020129356584440525 0.029529398858392231 -0.00030555552902292171 -0.0051134520913384387 0.051802789954441764 0.042918549659066933 -0.0086181594545791697 0.035056126301674484 0.041781938270999033 0.029969233812737431 0.099402143328904166 0.092309980085862831 -0.011567157912934355 0.01433458992739446 0.0016103167197364311 0.022981778895970729 0.013975542938583939 0.016835528744404592 0.049606430949283763 0.016426370396573586 0.020663569361038359 0.031744835773449789 -0.0055222912378777985 0.070522411491805659 0.0085459616730655264 0.045855561613731839 0.0015906840049960795 -0.0099814865616346463 0.002419311087515418 0.035346256515036985 -0.019244032318583321
leaf_weight=3082.3914653286338 276.93210037052631 170.52431455999613 510.56020266190171 126.30606385320425 82.396212927997112 1192.3112621754408 115.58816457912326 145.65991248190403 124.65928771346807 99.638524536043406 104.66753925383091 2847.9274693727493 637.33500641211867 547.68193607032299 131.75512354075909 549.63911375030875 262.22763492166996 162.36965762078762 191.08513031154871 123.61156611144543 145.87067614495754 278.06540976464748 118.463568367064 123.88814248517156 122.77263155952096 598.71518203616142 87.847174718976021 835.91122858226299 164.54301235079765 163.22578556835651
leaf_count=11305 654 569 1925 473 373 2709 419 339 382 293 353 11901 1943 1365 364 2860 604 344 765 695 560 619 473 911 749 2266 291 1930 353 428
internal_value=0.000443517 0.0197055 -0.0097632 0.0102958 0.0391037 -0.0129756 0.0335843 0.0128475 0.0413564 0.0611173 0.0708984 -0.0160202 0.00568758 0.00531953 0.0141287 0.0175873 0.0158672 0.0294545 0.0331828 0.0420643 0.0145244 0.00367525 0.0532308 0.0123494 0.0272266 0.00971214 0.0157653 -0.00407023 0.0189418 -0.00319819
internal_weight=14124.6 4891.83 9232.74 1274.2 1276.5 7958.54 1089.44 3615.32 773.046 224.298 187.064 5930.32 1147.9 1397.66 686.753 2217.66 2072 424.597 548.748 357.663 316.395 409.821 234.052 1647.41 246.661 1400.74 802.029 2028.22 714.182 710.908
internal_count=49215 17029 32186 4341 4882 27845 4156 12147 3027 675 726 23206 3868 3430 1637 8717 8378 948 2352 1587 1129 983 892 7430 1660 5770 3504 4639 3213 1793
is_linear=0
shrinkage=0.05


Tree=22
num_leaves=31
num_cat=0
split_feature=11 29 11 77 29 14 4 47 52 17 51 41 22 31 29 29 39 55 30 77 43 28 44 5 36 76 11 31 77 22
split_gain=891.938 200.654 193.35 72.1143 61.331 60.3202 52.9692 52.7538 48.0988 45.7955 41.601 40.5481 42.6061 38.0929 37.6547 34.6589 33.7239 40.837 33.0251 32.935 32.5793 29.6805 29.542 29.3726 29.1001 40.2504 28.3084 26.2319 25.7742 25.2537
threshold=0.058369083119840182 0.073454623462727825 0.14555442166430491 0.044670029575853844 0.10403296628866895 0.5863068181818184 21.91689247097986 0.52272112749255129 240.18333333333337 5.2071428571428582 4.8340235378848648 166.50000000000003 0.72249724972497253 0.21968750000000001 0.021686445733038427 0.13681971223032155 27.972621492128685 24.129779411764712 0.56057087560912622 0.23370265411000066 57.961538461538467 16.325186363636366 0.59174618836505199 13.883333333333335 0.47198098894625973 0.87317923365959305 0.01942189242688927 0.12380952380952383 0.46617954582212401 0.85239651416122009
decision_type=10 10 10 8 10 8 10 2 8 10 10 8 10 8 8 10 2 2 10 8 10 10 10 10 10 8 8 10 8 10
left_child=1 3 4 -1 7 -3 18 -2 28 -8 29 12 23 -14 -5 16 17 -7 21 -13 -15 24 -21 27 25 -4 -16 -9 -6 -10
right_child=2 5 6 14 8 15 9 11 10 -11 -12 19 13 20 26 -17 -18 -19 -20 22 -22 -23 -24 -25 -26 -27 -28 -29 -30 -31
leaf_value=-0.018318764082979461 -0.0071828872815407202 -0.00064499599659720243 0.0093931012249684198 -0.015519114208366625 -0.0075947616743789626 0.035999242273487081 0.037664210168497567 0.015800218396789186 0.031446148616296361 0.087397444838345731 0.0051138607864817725 -0.018997004625970981 0.050081543712053117 0.044872313179501092 -0.01232692932262832 0.047594279612318227 -0.0076112359058462965 -0.0012878842223467634 0.013606654220776735 -0.0056100244385073588 0.014834313114424694 0.065103379181239152 0.019611525185225777 0.024011719426704874 0.016440081496595153 0.053662083147303377 -0.0027098594947552162 -0.013733075572652518 0.017048185813384086 0.058620360754998151
leaf_weight=3106.7747857123613 471.62940096110106 677.54649200290442 68.831089287996292 1396.553138166666 137.93366116285324 220.64728529006243 101.56012050807476 107.44712110236287 386.18753920122981 88.497931480407715 122.694116871804 162.04196813702583 98.120304219424725 98.830155093222857 1128.260293353349 103.46293292567134 116.09008288756013 109.70924208685756 193.12445362657309 229.30480357632041 980.4399093054235 84.070803005248308 233.45505084469914 118.21803500875831 173.87987993657589 206.89590897411108 2375.9694512225688 244.42642930150032 451.83485300838947 111.90318035706878
leaf_count=7690 1425 2499 197 6111 298 614 348 469 1601 370 372 406 341 285 5072 327 403 342 591 916 3285 240 1283 440 529 1067 9163 854 1318 368
internal_value=-0.000342815 -0.00947394 0.0169663 -0.0123594 0.0121638 0.00934468 0.0376437 0.00802292 0.0215355 0.061158 0.0312432 0.0111808 0.0152919 0.0203691 -0.00857858 0.0216318 0.0155222 0.0236499 0.0314191 0.000333487 0.0176239 0.0378275 0.0071287 0.00255929 0.032594 0.0426849 -0.00580891 -0.00469565 0.0112817 0.0376564
internal_weight=14106.3 9235.01 4871.33 8007.56 3954.47 1227.46 916.86 2743.91 1210.55 190.058 620.785 2272.28 1647.48 1177.39 4900.78 549.91 446.447 330.357 726.802 624.802 1079.27 533.678 462.76 470.092 449.607 275.727 3504.23 351.874 589.769 498.091
internal_count=49224 32221 17003 28036 13661 4185 3342 9704 3957 718 2341 8279 5674 3911 20346 1686 1359 956 2624 2605 3570 2033 2199 1763 1793 1264 14235 1323 1616 1969
is_linear=0
shrinkage=0.05


Tree=23
num_leaves=31
num_cat=0
split_feature=17 29 11 29 77 76 7 44 77 3 10 81 25 29 31 41 48 77 21 29 76 82 29 33 30 52 44 24 59 48
split_gain=930.913 226.383 156.564 92.4521 82.9019 46.0426 45.3107 43.715 41.416 40.6149 40.1002 32.8036 28.1205 25.9597 28.7762 25.87 24.8772 28.33 24.0087 23.6652 22.5804 21.8549 20.7723 32.521 31.1116 21.7818 23.7238 32.2264 22.6093 29.6843
threshold=1.7817460317460319 0.069323245382905643 0.14385865544812124 0.13971372674040031 0.044670029575853844 0.81572616906474826 21.524800000000003 0.62964939325665059 0.17307750182909151 5.0016666666666678 0.031700368379131823 10.675000000000002 0.048333333333333263 0.16391646301045415 0.65562500000000012 156.50000000000003 21.878676470588239 0.40652156179753557 5.0266076696165198 0.12104483615082029 1.2131744683146553 5.3850000000000007 0.035089600811800369 0.5227272727272726 0.17392964540734407 208.70833333333334 0.64012887842569122 -4.1305833333333331 1.0000000180025095e-35 27.593750000000004
decision_type=10 10 10 10 8 8 10 10 8 10 8 10 8 10 10 8 2 10 10 8 8 8 8 8 10 8 10 10 2 2
left_child=1 4 5 8 -1 15 7 18 -3 -7 -6 13 -10 14 22 -2 17 21 19 -4 -18 -12 -11 24 -24 -25 28 -28 -27 -30
right_child=2 3 6 -5 10 9 -8 -9 12 11 16 -13 -14 -15 -16 -17 20 -19 -20 -21 -22 -23 23 25 -26 26 27 -29 29 -31
leaf_value=-0.017630906405661419 0.0080370695665144386 -0.010737658688450145 0.0030241922076500258 0.047939018165747069 -0.011665084761533957 -0.0062728100292493679 0.071557790196861801 0.05684746246436817 -0.00059431948465819145 0.00089634476050840265 0.0083513925061290076 0.039404180738658146 0.015660700702910306 0.044229048937786147 0.0034356937684302258 -0.016872899750086146 -0.013975862190507365 0.018634109878416304 0.035970295422583703 0.033350360638193487 -0.0016384570481311042 -0.0075226317352594862 0.064470579445506312 0.0067484881968647749 0.018948039567513095 0.010154134424863473 0.012851368754585181 0.052459520450367642 0.031856900796405241 -0.00049512566816057094
leaf_weight=3145.0503647774458 468.88411037623882 307.59018307924271 143.77896993234754 140.03390322998166 2704.2134215049446 161.98446202650666 91.230307027697563 174.24455899745226 413.01647816598415 141.25137047469616 355.76328341662884 191.31636448204517 746.43524634465575 88.505590777844191 343.84994877129793 132.956333771348 675.72027833759785 220.81254805624485 431.55037279799581 115.74503608420491 821.26920272782445 551.84344948083162 78.96595798060298 308.09815727174282 72.927687060087919 447.72883788123727 86.290327396243811 128.91502162069082 382.99133881926537 86.922400835901499
leaf_count=7751 1052 873 431 548 11994 670 435 676 1418 722 797 447 2637 391 1065 365 1495 636 1595 339 3971 2966 367 800 290 1842 370 536 1598 313
internal_value=0.000222564 -0.00793123 0.0203769 0.00926996 -0.0111938 0.0149453 0.0380683 0.034459 0.00554873 0.017912 -0.00739269 0.0195755 0.00987486 0.0178071 0.016661 0.00251519 -0.00298929 0.00261543 0.0287401 0.0166254 -0.007213 -0.001298 0.0192799 0.0209086 0.042881 0.0185643 0.021769 0.0367108 0.0182287 0.0258842
internal_weight=14159.9 10081.7 4078.14 1607.08 8474.67 3121.59 956.549 865.319 1467.04 2519.75 5329.62 2357.76 1159.45 2166.45 2077.94 601.84 2625.41 1128.42 691.074 259.524 1496.99 907.607 1734.09 1592.84 151.894 1440.95 1132.85 215.205 917.643 469.914
internal_count=49390 35086 14304 5476 29610 10828 3476 3041 4928 9411 21859 8741 4055 8294 7903 1417 9865 4399 2365 770 5466 3763 6838 6116 657 5459 4659 906 3753 1911
is_linear=0
shrinkage=0.05


Tree=24
num_leaves=31
num_cat=0
split_feature=17 29 29 29 18 76 79 17 51 39 66 18 3 77 48 47 3 30 28 81 79 29 35 73 75 15 57 39 77 51
split_gain=837.892 212.886 145.527 86.4506 69.7632 59.6391 57.0177 50.4421 50.3217 44.8406 46.554 39.299 34.9397 31.2325 26.6542 66.0027 54.5185 37.6183 38.5762 30.8341 26.3301 25.9446 24.8169 23.5502 23.3242 22.6047 30.2826 22.5964 36.7006 23.7482
threshold=1.7817460317460319 0.068185389416935221 0.14385342940786169 0.1486702842815418 0.92582417582417598 0.81572616906474826 0.41174756923857697 5.2071428571428582 3.9723496432212033 24.792607802874745 5.5000000000000009 2.2071428571428577 17.845000000000002 0.041536322248790634 25.531250000000004 0.55729814609009132 12.915476190476193 0.16612716621874449 4.4530820512820517 5.2550000000000008 0.39181920657204422 0.10509030853216546 2.5000000000000004 12.500000000000002 10.425000000000002 0.1944485776546683 237.76470588235296 23.535934291581111 0.69773512943114946 4.1312630662020915
decision_type=10 10 10 10 10 8 10 10 10 2 2 10 10 8 2 2 10 8 10 10 10 10 10 2 10 10 2 2 10 10
left_child=1 4 5 8 13 21 7 23 22 10 -7 -11 27 -1 17 -16 19 18 -13 -17 -19 -2 -3 -4 -15 -10 -27 28 -12 -29
right_child=2 3 6 -5 -6 9 -8 -9 25 11 12 14 -14 24 15 16 -18 20 -20 -21 -22 -23 -24 -25 -26 26 -28 29 -30 -31
leaf_value=-0.017713900850367632 -0.0037863955671923587 0.020586048988678034 0.03818561731203049 0.053818473173138037 -0.0037754575362197286 0.060970167269270903 0.079087763496426738 0.067966661338353815 -0.016824754386504402 -0.019026228340874335 0.0052485734866157957 0.0034686908934986244 0.044508190990943997 -0.011235107066584826 0.0016544870688453197 0.044238830671779604 0.069546352156634225 0.011708239726174841 0.05766245318355432 0.003066362187579416 -0.0080814076419463542 0.018562467301821057 -0.0025335633792143864 0.013567802921065041 0.012766065147651166 -0.0082170673109082729 0.013166856160394641 0.014791622283717229 0.04190743291880844 0.037649766405741802
leaf_weight=2768.8183219581842 500.55969253182411 552.83540387824178 226.3428043499589 98.672278288751841 2431.768870651722 87.25534413382411 89.009317427873611 96.152710936963558 203.27995224669576 88.954256106168032 391.91021146997809 56.261929485946894 162.20933337882161 3091.9389343112707 183.95845153555274 89.575438737869263 100.4750875942409 701.55027151480317 78.323874272406101 91.642713889479637 220.15298530459404 174.2440350651741 146.58947960659862 172.49796859547496 103.85099576413631 338.87747894972563 321.84689346700907 211.36258822306991 81.78040723502636 250.04911569133401
leaf_count=6703 1218 1716 783 388 8733 297 220 382 816 334 1661 376 632 13439 577 480 428 2966 388 206 363 391 715 615 273 963 1039 796 220 870
internal_value=5.57492e-05 -0.00767906 0.0192427 0.00866615 -0.0109153 0.0153481 0.0423194 0.0355617 0.00578388 0.0185675 0.0259535 0.0131236 0.023116 -0.0138251 0.0150139 0.0249742 0.0401433 0.0106036 0.0352001 0.0235488 0.00697776 0.00200333 0.0157438 0.027599 -0.0104514 -0.00228771 0.00220346 0.0193616 0.0116525 0.0272336
internal_weight=14112.7 10058.5 4054.27 1662.1 8396.38 3470.27 584.003 494.993 1563.43 2795.46 1184.57 1610.9 1097.31 5964.61 1521.94 465.652 281.693 1056.29 134.586 181.218 921.703 674.804 699.425 398.841 3195.79 864.004 660.724 935.102 473.691 461.412
internal_count=48988 34785 14203 5637 29148 12203 2000 1780 5249 10594 4476 6118 4179 20415 5784 1691 1114 4093 764 686 3329 1609 2431 1398 13712 2818 2002 3547 1881 1666
is_linear=0
shrinkage=0.05


Tree=25
num_leaves=31
num_cat=0
split_feature=18 17 29 29 54 54 6 8 15 56 43 57 46 53 40 77 45 77 29 46 45 25 46 49 29 44 30 30 31 30
split_gain=760.04 171.72 127.541 62.6145 61.3424 55.0284 84.9487 53.8007 46.663 43.55 40.6696 44.8739 42.4547 35.8874 33.2444 32.1135 33.9342 31.7678 28.7133 38.9319 27.7098 26.0462 25.7063 22.9545 27.325 22.7595 22.4966 27.0011 22.043 21.8834
threshold=1.7596153846153848 3.0333333333333337 0.073454623462727825 0.1486702842815418 20.033333333333335 25.577380952380956 8.7097868348461862 0.58409095281077394 0.28579210087954915 4.4449640912776571 57.961538461538467 237.96875000000003 66.696691176470594 1.3205128205128207 2.5000000000000004 0.15547511670227077 16.966666666666672 0.66573282789309718 0.036954107983519752 64.332720588235318 21.174242424242429 0.075000000000000039 67.060661764705898 8.5000000000000018 0.11673406797916892 0.59379582111436957 0.19801839054149953 0.11023554301931862 0.35033333333333339 0.33350640385192581
decision_type=10 10 10 10 8 10 10 8 10 2 10 2 2 10 2 8 10 8 8 2 10 8 2 2 10 10 10 8 8 10
left_child=2 8 7 13 9 6 17 -1 -2 23 11 -10 18 29 21 -9 26 -6 19 -12 -16 -7 -14 24 -3 -24 27 -17 -20 -4
right_child=1 4 3 -5 5 14 -8 15 10 -11 12 -13 22 -15 20 16 -18 -19 28 -21 -22 -23 25 -25 -26 -27 -28 -29 -30 -31
leaf_value=-0.017576129551639438 -0.0044550209741129427 0.00073337667165382717 0.033560332335106219 0.046819071483732898 0.017938514467635506 0.057344165772463478 0.077506030505631582 -0.012230788677806815 0.011549265465135843 0.039652772918243366 -0.023180373606016776 0.046606674596068876 0.048375442544028764 -0.0039020440086683797 -0.013119248521760878 -0.0059021446738391414 -0.0076005203041969813 0.045858516379592408 0.024790367854834797 0.011350289487192779 0.022892565700196793 0.0203330593201793 0.036344500219170441 -0.011245745755299226 0.034579986655799817 0.001986891745652124 -0.0066811210480732519 0.021758339158952981 0.0078885693181499281 0.00764553284381862
leaf_weight=2236.2248527258635 519.26731088012457 140.47440864518285 116.43787286430597 90.508623797446489 172.16856996715069 90.586385633796453 159.96507643908262 2786.1704729646444 204.77499104291201 131.61566469073296 166.37248108536005 165.01142084226012 98.06247977912426 614.17832764983177 83.59616269916296 130.58757902681828 2224.0993919111788 255.77985782176256 213.70960923284292 158.46302543580532 144.46879241988063 102.45279338955879 84.435547642409801 124.01303741708398 102.67147062346339 110.88180076703429 237.62581434473395 268.69728772714734 1930.235638897866 268.79326017946005
leaf_count=7790 2172 479 403 329 467 362 582 6594 410 506 659 484 267 2126 300 709 10100 1207 696 483 606 382 468 433 366 653 880 1196 6348 778
internal_value=-4.22939e-06 0.0152864 -0.00879597 0.00723048 0.0294771 0.0365672 0.0464545 -0.0110123 0.00941982 0.0150897 0.0117209 0.0272766 0.00962927 0.00360204 0.0226858 -0.00841049 -0.00468716 0.034694 0.00748553 -0.0063523 0.00969295 0.0379071 0.0275821 0.00620071 0.0151086 0.0169491 0.00548232 0.0127197 0.00958412 0.015545
internal_weight=14132.3 5159.01 8973.32 1089.92 1507.79 1009.02 587.914 7883.41 3651.21 498.775 3131.95 369.786 2762.16 999.409 421.104 5647.18 2861.01 427.948 2468.78 324.836 228.065 193.039 293.38 367.159 243.146 195.317 636.911 399.285 2143.95 385.231
internal_count=49235 18330 30905 3636 5690 3906 2256 27269 12640 1784 10468 894 9574 3307 1650 19479 12885 1674 8186 1142 906 744 1388 1278 845 1121 2785 1905 7044 1181
is_linear=0
shrinkage=0.05


Tree=26
num_leaves=31
num_cat=0
split_feature=18 17 29 27 77 47 41 18 2 24 4 29 43 41 43 36 31 76 25 27 47 78 77 45 21 39 39 41 12 82
split_gain=698.82 147.532 109.42 69.4105 49.8075 51.4543 48.9677 46.1313 44.7482 42.9085 41.1165 40.5818 33.1084 32.5116 31.0902 30.4997 30.1852 28.634 28.876 30.1518 28.4035 27.1577 25.5058 24.1784 25.7765 21.5546 32.5339 21.5472 20.7286 21.1724
threshold=1.7596153846153848 3.1291666666666669 0.060547877436250015 16.604166666666671 0.58866305220824267 0.51980012579495438 12.500000000000002 0.92582417582417598 4.5000000000000009 7.9296571428571427 21.91689247097986 0.035089600811800369 60.033333333333339 82.000000000000014 64.105555555555569 0.25795002285885932 0.15031250000000004 0.83953711556487975 0.1352777777777778 15.416250000000002 0.58408325650378812 2.5000000000000004 0.60476523238147195 14.961538461538463 5.5010548523206761 24.598220396988371 23.859000684462703 35.500000000000007 0.051650144499114752 16.535000000000004
decision_type=10 10 10 10 8 2 10 10 2 8 10 8 10 8 10 10 8 8 8 10 2 10 10 10 10 2 2 10 10 8
left_child=2 8 7 12 9 -6 10 13 11 20 14 16 22 -1 -7 -8 -2 -13 23 25 -3 -14 -4 -19 -25 26 -20 -17 -26 -30
right_child=1 4 3 -5 5 6 15 -9 -10 -11 -12 17 21 -15 -16 27 -18 18 19 -21 -22 -23 -24 24 28 -27 -28 -29 29 -31
leaf_value=0.0010781746527153638 0.018998173074448323 0.040027463060429334 0.004926011333761398 0.044465528884013873 -0.0040133728857594799 0.022015976175170818 -0.0021790290669970805 -0.0034624801811989009 -0.0175976038206259 -0.0065949304073956647 0.078166985888404178 0.0032285170497746759 5.184129842937253e-05 -0.013903254613653222 0.061829059961480998 0.011927806352598798 -0.012567288797233856 0.035941531283041568 0.017150123451601034 0.043997734132038731 0.0052770951603106943 -0.021125662884636128 0.031139782891745238 0.0055623596321504936 -0.0026241201276265896 0.011287694021979974 0.052427353357792632 0.03729432094380223 0.037258976404721096 0.0097263598315379101
leaf_weight=387.55921874195337 100.47595898061991 149.06329628825188 486.48173601180315 98.362541347742081 82.590946916490793 112.92321275547147 68.917946476489305 1654.9300154112279 147.16991229727864 163.50433056056499 109.32606311514974 678.92171669006348 551.45476168394089 5489.6248912364244 88.187924031168222 102.40392123162746 297.9233499802649 89.321350194513798 205.52007495239377 132.35416540503502 97.252422958612442 207.66655206680298 113.82966761291027 1144.3134747333825 75.628084760159254 459.51610648259521 96.015730008482933 489.45148108154535 181.34140253067017 114.63395468145609
leaf_count=1478 454 398 1624 316 321 334 435 5883 634 438 310 1536 2280 18628 476 314 1188 243 904 438 363 609 225 4007 306 1588 357 2106 472 729
internal_value=1.92988e-05 0.0146326 -0.00841255 0.00412377 0.0280777 0.0338291 0.037048 -0.0108391 0.00934093 0.0132424 0.0534502 0.0104542 0.00117428 -0.0129153 0.0396937 0.029273 -0.00457887 0.0123399 0.0148133 0.0220186 0.0263838 -0.00576168 0.00994013 0.0107919 0.00928734 0.0181435 0.0285193 0.0329329 0.0207123 0.026664
internal_weight=14176.7 5186.76 8989.91 1457.8 1463.62 1053.8 971.211 7532.11 3723.14 409.82 310.437 3575.97 1359.43 5877.18 201.111 660.773 398.399 3177.57 2498.64 893.406 246.316 759.121 600.311 1605.24 1515.92 761.052 301.536 591.855 371.603 295.975
internal_count=49394 18351 31043 5054 5495 4296 3975 25989 12856 1199 1120 12222 4738 20106 810 2855 1642 10580 9044 3287 761 2889 1849 5757 5514 2849 1261 2420 1507 1201
is_linear=0
shrinkage=0.05


Tree=27
num_leaves=31
num_cat=0
split_feature=18 17 29 28 41 15 41 39 75 46 43 31 43 73 75 56 29 41 6 31 33 79 21 17 44 27 41 28 18 29
split_gain=590.144 149.061 95.2064 48.8586 47.9264 45.0946 40.7239 55.0375 39.3669 37.1701 35.0411 30.8834 29.8725 31.3291 29.3714 34.814 27.8006 38.4902 26.0464 33.0972 30.9868 35.5257 26.0193 24.5225 23.9193 21.4362 20.5647 30.143 31.5028 26.014
threshold=1.7596153846153848 3.1291666666666669 0.071694138192656368 0.70653125000000017 12.500000000000002 0.59979636956376592 126.50000000000001 24.581793292265576 16.905000000000005 66.696691176470594 64.39230769230771 0.66937500000000016 63.516666666666673 14.500000000000002 9.7550000000000008 4.348710543648985 0.04634786151275893 101.00000000000001 8.7852232694231578 0.44320512820512825 3.9375000000000004 0.1737820925674762 5.0266076696165198 0.25833333333333336 0.5637784156942961 3.6395833333333338 196.50000000000003 5.9678341346153845 1.2583333333333335 0.048350171368643204
decision_type=10 10 10 8 10 8 8 2 8 2 10 8 10 2 10 2 10 10 10 10 10 10 10 8 10 10 8 10 10 10
left_child=2 6 3 -1 8 -4 7 12 -3 16 -10 -7 13 24 25 -16 -9 -18 20 -20 21 -6 -11 -5 -2 -8 27 28 29 -25
right_child=1 4 5 23 18 11 14 9 10 22 -12 -13 -14 -15 15 -17 17 -19 19 -21 -22 -23 -24 26 -26 -27 -28 -29 -30 -31
leaf_value=-0.01761845513752943 0.019928194873942533 0.019520460952798795 -0.0031845690178681886 -0.01257532605410433 0.020180853616447315 0.0098587946385828608 -0.012587372350582455 -0.015825530433778802 0.036526910741031648 0.0096567890459402367 0.072536648827047259 0.039356653523053294 0.011210024672312047 0.0089112164329592652 -0.00055108508818183487 0.0304440569077861 0.0014547876914199308 0.023919530151958478 0.057161197806368261 0.019946510681621329 0.035592879621307763 -0.0050502585925458728 0.051084165168253398 -0.0041090798540601523 0.047551101893809185 -0.00055108508818183487 -0.0096042001484154156 -0.010514732316093428 0.016733867236611383 0.02174906074621534
leaf_weight=1648.9755943864584 122.02988789230585 145.32798181474209 658.53124305605888 1942.7785771079361 383.29249643534422 382.10997831821442 420.87770598009229 163.07686804234982 166.37522420287132 80.0623639523983 118.17612502351403 115.02456734701991 353.89996103197336 125.81336922198534 203.57072824239731 162.19399824738503 907.15967185795307 240.46429761871696 99.676091976463795 151.36528850346804 162.8070240393281 218.49527591466904 71.980864703655243 1129.2603906057775 229.89376694709063 588.20684631541371 1919.8821798935533 788.30180047824979 277.36541229113936 105.42835162580013
leaf_count=5727 361 362 2311 6738 1935 1123 1642 531 525 375 550 404 1358 394 487 342 2795 565 370 552 543 581 337 3823 758 2804 6685 2811 1052 308
internal_value=-0.000263564 0.013288 -0.00799339 -0.00997479 0.0268824 0.00539743 0.00792654 0.0120027 0.0408809 0.00615631 0.0516837 0.0167492 0.022266 0.0304156 0.00112037 0.0132389 0.00343088 0.0061786 0.020923 0.0348908 0.0162974 0.0110268 0.0294751 -0.00792713 0.0380564 -0.003281 -0.00578487 -0.00259446 0.00153895 -0.00188528
internal_weight=14082.4 5114.75 8967.66 7811.99 1445.52 1155.67 3669.23 2294.38 429.879 1462.74 284.551 497.135 831.637 477.737 1374.85 365.765 1310.7 1147.62 1015.64 251.041 764.595 601.788 152.043 6163.02 351.924 1009.08 4220.24 2300.36 1512.05 1234.69
internal_count=49149 18167 30982 27144 5418 3838 12749 7474 1437 4603 1075 1527 2871 1513 5275 829 3891 3360 3981 922 3059 2516 712 21417 1119 4446 14679 7994 5183 4131
is_linear=0
shrinkage=0.05


Tree=28
num_leaves=31
num_cat=0
split_feature=18 17 75 42 6 15 76 31 28 29 19 22 21 45 56 39 17 41 19 15 0 50 41 39 19 58 58 24 29 51
split_gain=493.967 127.576 103.351 70.6655 57.1959 55.475 42.0873 41.3915 40.5523 38.4102 37.5304 35.6869 32.3829 45.4918 34.0467 30.5997 27.0618 25.4322 26.8551 32.616 25.1373 24.9798 24.8538 23.9434 23.3998 22.9078 21.0899 20.5683 29.0128 19.7365
threshold=1.7596153846153848 4.1909090909090922 5.9150000000000009 2.5000000000000004 10.496472685362209 0.40370841100770521 0.93047995394117045 0.26645833333333341 1.5643500000000004 0.12104483615082029 8.7817460317460334 0.86402157164869042 5.600675675675677 19.050000000000004 4.6633595620937403 26.501026694045176 0.34523809523809529 131.50000000000003 8.8660714285714306 0.28579210087954915 8.5000000000000018 21.853571428571431 22.500000000000004 26.774811772758387 6.5192307692307701 22.060661764705888 21.303308823529417 -3.4692000000000003 0.073787836430755857 4.6511022286821717
decision_type=10 10 10 2 10 10 8 8 10 10 10 10 10 10 2 2 10 8 10 10 2 8 8 2 10 2 2 10 10 10
left_child=2 5 8 15 9 17 -7 10 16 11 -8 -3 14 -14 22 -4 -1 18 19 -2 -21 -11 26 -15 -5 -23 -9 28 -24 -29
right_child=1 4 3 24 -6 6 7 12 -10 21 -12 -13 13 23 -16 -17 -18 -19 -20 20 -22 25 27 -25 -26 -27 -28 29 -30 -31
leaf_value=-0.015299331533190633 -0.0022019415283617053 0.027371735613098733 0.025603007887874504 0.0088020269423055505 0.071875019980148974 0.0047714300162316307 0.067580090894509989 0.043811884022641467 -0.0054204957697202918 0.056860221267603185 0.018919250551738539 -0.014372257208393309 0.064035355454356027 0.03119059887468378 0.025795227318446939 0.0033076771520056704 -0.0063372267489828858 -0.0061644964080061803 -0.010217135491401798 0.014089931459083299 0.045369551741090607 0.0063553110341747062 -0.0083459981800670848 -0.001000361650738764 -0.0054204957697202918 0.044481368704519145 0.0094724809759383077 0.0051556892179166376 0.0229500613432542 -0.014344068466390032
leaf_weight=3130.7693050839007 207.83876843377948 134.90415778011084 400.15818010270596 290.25657269358635 85.192725569009781 1074.9363274127245 72.800998829305172 83.925382357090712 3163.9481399096549 121.26864929869771 87.96443735063076 81.346120715141296 72.686738878488541 152.48303639888763 357.87684007361531 250.22242990136147 1155.0933332629502 665.32800985500216 160.85154878720641 219.06130383163691 90.817382402718067 75.414448350667953 98.677923001348972 92.526117708534002 575.57780328392982 82.392713282257318 95.937840063124895 590.53445648029447 290.58302108198404 165.23206110298634
leaf_count=11071 793 698 907 614 302 2412 283 326 11976 421 383 257 325 845 1042 498 4549 2799 583 748 367 271 459 365 1355 350 447 2187 1009 507
internal_value=-0.000201854 0.0121208 -0.00729495 0.00460187 0.0341843 0.00931736 0.0128625 0.0168828 -0.00971653 0.02757 0.0412364 0.0116752 0.014906 0.0295336 0.0121285 0.0170435 -0.012886 0.000777216 0.00758253 0.0131218 0.0233736 0.0398009 0.00842018 0.0190792 -0.00475268 0.0264161 0.0256491 0.00569381 0.0150154 0.000879166
internal_weight=14126.6 5160.58 8966.03 1516.21 580.519 4580.06 3236.17 2161.23 7449.81 495.326 160.765 216.25 2000.46 317.696 1682.77 650.381 4285.86 1343.9 678.569 517.717 309.879 279.076 1324.89 245.009 865.834 157.807 179.863 1145.03 389.261 755.767
internal_count=49149 18179 30970 3374 2299 15880 10590 8178 27596 1997 666 955 7512 1535 5977 1405 15620 5290 2491 1908 1115 1042 4935 1210 1969 621 773 4162 1468 2694
is_linear=0
shrinkage=0.05


Tree=29
num_leaves=31
num_cat=0
split_feature=11 29 18 29 27 52 17 54 33 21 28 25 57 39 44 41 79 30 5 3 34 21 56 76 37 82 47 33 80 50
split_gain=515.503 128.128 63.8532 63.0453 43.532 42.1221 52.9716 42.5831 49.3708 43.4084 35.619 35.6287 34.7384 29.0125 32.5565 28.3786 27.4691 31.5617 26.8739 24.5188 28.2226 32.2729 29.2998 24.4087 23.0264 22.668 28.2756 22.9738 21.5072 19.3517
threshold=0.084641517319300211 0.071694138192656368 0.92582417582417598 0.17223889495131711 16.473863636363642 184.13636363636365 3.1291666666666669 19.408333333333335 3.9375000000000004 5.1529521854624489 10.271125000000003 0.14000000000000012 259.06250000000006 24.620123203285427 0.55636450280631167 82.000000000000014 -0.68631220574387941 0.59413660263475332 0.88333333333333341 13.136666666666668 1.0000000180025095e-35 5.3004629629629632 3.8261742633131135 1.023817445570691 2.5000000000000004 13.175000000000002 0.55729814609009132 3.7916666666666665 4.205000000000001 30.610000000000003
decision_type=10 10 10 10 10 8 10 10 10 10 8 8 2 2 10 8 10 8 8 10 10 8 2 8 8 10 2 8 8 8
left_child=1 2 15 5 18 -2 25 -8 10 -10 11 -9 -5 14 -4 29 17 -12 -3 20 21 28 -23 -6 -24 -7 -27 -28 -20 -1
right_child=3 4 13 12 23 6 7 8 9 -11 16 -13 -14 -15 -16 -17 -18 -19 19 -21 -22 22 24 -25 -26 26 27 -29 -30 -31
leaf_value=-0.0061834802204754841 -0.0049426262657135435 -0.021803060642754571 -0.0087719972348856232 0.026706201300533694 0.012331730749973409 0.007831065478317174 0.0081811398975195227 0.053611035158786881 0.029848941004983698 0.073135508421348985 0.0121683156322992 0.013563831501495966 0.06500282354150988 -0.0060750972961280368 0.0095963345601217283 -0.011928418991925498 0.0034493234813099253 0.064900602789882675 -0.017692413167450106 -0.011772909171974828 -0.017379670269317839 0.045982391462402836 0.020696091440666444 0.047063570566309505 -0.0049845269230735694 0.0027547140983047395 0.015413285826543867 0.043605286470186161 0.0062933030617596869 0.016298142205013973
leaf_weight=279.73715618997812 245.22242196276784 97.110369618982077 340.91279221698642 168.61864471808076 114.09667006134987 1295.8715915046632 278.33557425439358 144.04908049106598 126.73310440778732 109.52294034510851 73.941120393574238 91.400892224162817 92.628191072493792 1687.1786385141313 818.85003378987312 5587.3199668079615 242.2017592638731 45.661293119192123 107.57332096993923 187.73480707406998 105.21538163721561 83.604904789477587 323.40802657976747 91.321245402097702 118.95968205109239 142.60079535841942 142.55434221029282 149.14120465517044 671.10707853361964 144.25181445106864
leaf_count=1136 598 413 1198 497 242 4703 1048 695 379 302 455 419 384 5724 3517 19073 726 342 284 497 339 377 1055 462 470 285 332 332 2347 534
internal_value=-0.000201565 -0.0055341 -0.00806118 0.0169279 0.00624495 0.0149224 0.0166376 0.0251516 0.0308019 0.0501393 0.0230816 0.038188 0.0404808 -0.00189174 0.00419405 -0.0109822 0.0131728 0.0326714 0.00360212 0.00515905 0.00742042 0.00943223 0.0189884 0.0279254 0.0137945 0.0111549 0.021032 0.0299273 0.00296128 0.00148569
internal_weight=14106.9 10758.4 8858.25 3348.48 1900.13 3087.24 2842.01 1111.85 833.51 236.256 597.254 235.45 261.247 2846.94 1159.76 6011.31 361.804 119.602 1694.71 1597.6 1409.87 1304.65 525.973 205.418 442.368 1730.17 434.296 291.696 778.68 423.989
internal_count=49165 37668 31182 11497 6486 10616 10018 4366 3318 681 2637 1114 881 10439 4715 20743 1523 797 5782 5369 4872 4533 1902 704 1525 5652 949 664 2631 1670
is_linear=0
shrinkage=0.05


Tree=30
num_leaves=31
num_cat=0
split_feature=11 77 11 11 29 47 51 27 30 43 79 39 52 51 6 56 59 28 56 36 10 79 57 21 50 48 15 21 29 29
split_gain=452.839 116.35 76.924 76.8682 45.1144 33.2985 32.0694 31.2576 40.24 38.9317 43.8992 35.2436 33.4353 29.7985 36.5671 29.2509 28.3079 25.1218 23.0358 21.899 21.7954 21.1766 20.5438 20.2028 26.4331 20.1166 20.0232 20.0045 19.245 19.0725
threshold=0.084641517319300211 0.14301227940509073 0.17410161807927579 0.044832977373906596 0.15159762296514898 0.49593863466732058 3.846768561828843 17.175714285714289 0.61711442100886915 59.033333333333339 0.24748576759178767 26.525667351129368 219.21538461538464 3.5204780542353933 5.987630908359634 4.8614102369232333 0.75000000000000011 0.8331205357142859 4.2123689010487926 0.018703155987879794 0.11653429284645471 -1.0499293085629828 239.71875000000003 6.2821161048689147 19.270833333333336 21.093750000000004 0.24285113019775798 4.7668284789644018 0.1486702842815418 0.069323245382905643
decision_type=10 8 10 8 10 2 10 10 10 10 10 2 10 10 8 2 2 10 2 10 10 8 2 10 8 2 10 10 10 8
left_child=1 17 5 19 13 -2 -4 9 -9 11 15 18 -12 29 26 20 28 -1 -7 -3 23 -21 -10 24 -11 -16 -15 -23 -8 -5
right_child=2 3 6 4 -6 7 16 8 22 10 12 -13 -14 14 25 -17 -18 -19 -20 21 -22 27 -24 -25 -26 -27 -28 -29 -30 -31
leaf_value=-0.013840287878528583 -0.010729234661320529 -0.014113338447347773 0.012794181743953357 0.003069571606085258 0.039494768456956403 0.050750251987247141 0.01235440211229246 0.048630726203730705 -0.0048949928269623414 -0.016619316936769202 -0.016628875960924907 0.0074335542167213 0.0072636209904978384 -0.0071501732834968832 0.0032825182837849876 0.038840605296732146 0.057979029486733391 -0.0066355796523873316 0.022795940726598504 -0.024782256660089416 0.019908666067200573 -0.0061861756438280893 0.029253816140913297 0.026214133411456148 0.0084930954288376902 -0.010875666222076487 0.010826707140543304 0.0041839935488379798 0.045499271227545671 0.017745151095605656
leaf_weight=2630.5747029036283 137.86293349042535 654.96912964060903 119.67372382804751 374.48661873117089 92.545408047735691 136.80807870998979 89.502680942416191 143.69078570976853 84.196969099342823 134.62382715195417 231.75214764475822 176.56039441749454 393.83660365641117 188.11536474898458 401.95068129897118 111.72754126042128 164.06703522056341 2245.9725975096226 165.0678934417665 111.50301504135132 523.07236723974347 1304.4386765100062 90.783280618488789 107.98151947930455 460.11832035332918 664.90513256937265 860.57310816645622 721.52626430988312 86.730095010250807 542.28050854802132
leaf_count=6555 399 4435 454 1711 354 311 372 366 306 487 427 470 975 810 1491 397 582 5252 379 177 2406 6004 387 585 2000 2647 3039 3213 258 2009
internal_value=0.000182325 -0.00480658 0.0162149 -9.37036e-05 0.00529265 0.0131913 0.0351953 0.0143895 0.0291061 0.0124575 0.00933181 0.0252367 -0.00159987 0.00423613 0.000971547 0.0144422 0.0430126 -0.0105241 0.0355904 -0.006121 0.0121885 -0.00366651 0.0128877 0.00642184 0.00279038 -0.00554332 0.00759825 -0.00249271 0.0288308 0.0117603
internal_weight=14151.9 10793.8 3358.06 5917.29 3124.86 2898.08 459.974 2760.22 318.671 2441.55 1963.11 478.436 625.589 3032.31 2115.54 1337.52 340.3 4876.55 301.876 2792.44 1225.8 2137.47 174.98 702.724 594.742 1066.86 1048.69 2025.96 176.233 916.767
internal_count=49258 37697 11561 25890 12061 9895 1666 9496 1059 8437 7277 1160 1402 11707 7987 5875 1212 11807 690 13829 5478 9394 693 3072 2487 4138 3849 9217 630 3720
is_linear=0
shrinkage=0.05


Tree=31
num_leaves=31
num_cat=0
split_feature=29 29 18 17 54 33 41 31 2 77 40 57 29 41 3 52 77 47 43 29 79 48 47 31 79 39 26 69 54 52
split_gain=390.832 133.29 121.76 71.4943 51.5429 43.5355 41.9875 40.2797 74.3888 56.3001 39.9161 36.1792 34.9135 45.1792 35.9881 34.0773 45.3152 31.3423 28.9691 27.7452 24.3551 23.7676 23.6198 23.5082 22.699 22.4588 20.8826 20.3056 20.0489 19.329
threshold=0.074288353365780019 0.17223889495131711 1.3452380952380956 3.5192307692307696 21.174242424242429 3.9375000000000004 75.500000000000014 0.35033333333333339 1.0000000180025095e-35 0.20041125413154506 7.5000000000000009 258.21875000000006 0.038546303854391152 112.50000000000001 7.3261363636363646 259.80909090909097 0.60476523238147195 0.57357551188339506 62.345238095238102 0.025510535608182106 0.39181920657204422 23.323529411764707 0.52331840440660748 0.44805288461538467 0.34966355787406417 28.731006160164274 16.500000000000004 0.0032362798491830757 14.732142857142859 207.42261904761907
decision_type=10 10 10 10 10 10 8 10 2 8 2 2 10 8 10 8 10 2 10 10 10 2 2 10 10 2 2 2 10 10
left_child=2 3 6 10 17 23 -1 8 9 -4 15 -3 13 14 -11 22 -17 -5 -14 -8 -15 -19 -2 -6 26 28 -9 -18 -24 -30
right_child=1 11 7 4 5 -7 19 24 -10 12 -12 -13 18 20 -16 16 27 21 -20 -21 -22 -23 25 -25 -26 -27 -28 -29 29 -31
leaf_value=0.003889212434263923 -0.0084378422542580982 0.032285738736211919 -0.0061294652341156997 -0.012132194468712691 0.045426099454452508 0.057906721721609336 -0.01175110920465737 0.0030765149203002694 -0.0054729582345032814 0.054831891537812275 -0.0094763957993087115 0.068806474219464772 0.052754152929126524 0.0091376664935658176 0.018099077958250293 0.0093039123415354519 0.045572993811576 0.0049692942913187139 0.019484827160625898 -0.0044010115257687651 -0.01978753502248504 0.043746517432314481 0.025991423205113131 0.0084031478785606007 -0.021932193674170417 0.028928412663195648 -0.024464093630649476 0.020632376967960248 -0.0056038448207982872 0.0079381620038170547
leaf_weight=609.96227563545108 268.29219292104244 205.48321074619889 269.41438215970993 101.88580406829715 67.38717919960618 160.69446642324328 4875.3619483187795 427.25335838645697 745.28682310506701 83.937664497643709 310.71410758420825 103.32286346703768 123.67547857388854 292.61538809165359 320.17275217548013 692.39540366083384 147.44936512410641 84.02656414732337 141.70981660485268 1745.0909558199346 95.763681679964066 74.08873475342989 113.15036336705089 116.53099983930588 181.03226266801357 113.5207996815443 81.014278024435043 188.38583473861217 365.82280031219125 935.68856523931026
leaf_count=2483 658 609 718 313 464 428 16773 2011 3002 394 1210 458 413 1320 1315 3089 337 298 649 5801 167 363 331 488 413 389 152 441 832 2766
internal_value=6.27311e-05 0.0131657 -0.00524731 0.0105517 0.0262817 0.0389378 -0.0086582 0.00368209 0.00716366 0.014258 0.00751101 0.0446878 0.0194511 0.0141633 0.0258454 0.0093823 0.0166377 0.00942204 0.0351289 -0.00981465 0.001973 0.0233 0.00522264 0.0221406 -0.00678146 0.00762486 -0.00135268 0.0316854 0.00589611 0.00413046
internal_weight=14041.1 4048.84 9992.29 3740.03 604.614 344.613 7230.42 2761.88 2072.58 1327.29 3135.42 308.806 1057.87 792.489 404.11 2824.71 1028.23 260.001 265.385 6620.45 388.379 158.115 1796.47 183.918 689.3 1528.18 508.268 335.835 1414.66 1301.51
internal_count=49085 13474 35611 12407 2354 1380 25057 10554 7978 4976 10053 1067 4258 3196 1709 8843 3867 974 1062 22574 1487 661 4976 952 2576 4318 2163 778 3929 3598
is_linear=0
shrinkage=0.05


Tree=32
num_leaves=31
num_cat=0
split_feature=18 29 29 5 17 81 78 42 57 19 52 44 43 12 2 14 15 29 14 52 13 27 29 58 20 25 14 58 18 43
split_gain=379.621 94.671 73.5213 54.7888 54.1771 40.4008 34.6163 41.4069 33.3012 30.0294 29.1085 30.0824 31.4153 30.3323 27.8897 27.1262 25.9032 23.2306 22.1852 29.7919 21.3242 22.5765 21.0766 20.8313 18.647 30.9169 35.2488 23.9359 24.9745 20.2827
threshold=1.7596153846153848 0.17012898146856062 0.1486702842815418 0.81666666666666687 3.0333333333333337 11.945000000000002 2.5000000000000004 2.5000000000000004 259.06250000000006 4.2792207792207799 182.04166666666671 0.62906755135173309 62.483333333333341 0.36088986606372758 4.5000000000000009 0.42369318181818189 0.24285113019775798 0.035089600811800369 0.63516666666666677 245.17424242424246 0.064974067019794093 4.4928571428571438 0.019393610993241581 15.998161764705884 1.6181818181818184 -0.16499999999999992 0.5709545454545456 23.148897058823533 2.8397435897435903 63.809090909090919
decision_type=10 10 10 8 10 10 10 2 2 8 8 10 10 10 2 10 8 8 10 10 10 8 10 2 10 10 10 2 10 10
left_child=2 4 3 -1 14 10 7 -5 -3 16 -6 13 -13 15 17 -12 -9 22 -15 -20 -19 -22 -2 -23 27 26 -26 28 29 -25
right_child=1 8 -4 6 5 -7 -8 9 -10 -11 11 12 -14 18 -16 -17 -18 20 19 -21 21 23 -24 24 25 -27 -28 -29 -30 -31
leaf_value=-0.012453851068915549 0.012065389702989694 0.025821812004021956 0.039113909110033929 0.007589683772638048 -0.011723890391821708 0.047344070070873275 -0.0082740812792616442 -0.0022544834809929545 0.060438028922874837 -0.0084278945389017253 0.0053695946535858912 0.051255761024644464 0.018784461672464316 -0.0089323678276930062 -0.014904121791458542 0.041576994180885396 0.015907860347392031 -0.0053242104941705927 6.7497338946812899e-05 0.030078076464413107 0.032717306916976212 -0.0092843792003363158 -0.012505850914170006 0.041785705101718321 0.0055790840137660003 0.0021666376630921531 0.035578486078036833 0.0065929367041450901 0.0099891582784325562 0.016575922961200418
leaf_weight=2656.4923839531839 129.55414275079966 210.72458877041936 88.476567212492228 1059.6346754617989 90.231188260018826 107.9455069899559 2607.7865562886 724.13462798297405 105.02272620052099 1580.6237137317657 84.485518220812082 115.36902710422873 212.81658792495728 176.0760665461421 149.69818398356438 133.78730297833681 268.23045741394162 253.91623732447624 193.04692709445953 143.67662384361029 102.54692685231566 147.98446764424443 262.553765501827 186.00713222846389 230.99848209694028 1122.9683436565101 169.54334354028106 462.42675531283021 253.30713682249188 142.78487752377987
leaf_count=9196 644 622 315 4179 244 289 6296 3617 434 6264 475 418 936 629 656 657 1100 946 532 601 422 467 974 570 749 3418 523 1697 819 522
internal_value=0.000229154 0.0109977 -0.00598832 -0.0064412 0.00927334 0.0182095 -0.00388007 -0.000724291 0.0374902 -0.00414986 0.0154347 0.0177571 0.0303203 0.0120836 0.00616023 0.0276508 0.00266576 0.00707442 0.00541648 0.0129239 0.00853683 0.00978698 -0.00437737 0.00890949 0.00996113 0.00642649 0.0183344 0.0151056 0.0218452 0.0309213
internal_weight=14172.9 5187.47 8985.38 8896.9 4871.72 1257.43 6240.41 3632.62 315.747 2572.99 1149.49 1059.26 328.186 731.072 3614.29 218.273 992.365 3464.59 512.8 336.724 3072.48 2818.57 392.108 2716.02 2568.04 1523.51 400.542 1044.53 582.099 328.792
internal_count=49211 18244 30967 30652 17188 4781 21456 15160 1056 10981 4492 4248 1354 2894 12407 1132 4717 11751 1762 1133 10133 9187 1618 8765 8298 4690 1272 3608 1911 1092
is_linear=0
shrinkage=0.05


Tree=33
num_leaves=31
num_cat=0
split_feature=11 75 29 20 29 52 44 33 49 39 77 29 77 46 41 22 67 52 33 29 40 46 31 81 44 41 47 31 77 13
split_gain=336.286 107.134 69.1378 51.2482 49.1492 34.2475 35.4435 36.0597 33.2389 25.4089 24.8449 32.2021 23.6726 23.5214 20.0022 31.7759 22.4526 24.3241 21.5272 20.3493 24.1793 21.5375 20.522 20.0108 19.607 16.3391 16.9193 16.0701 15.7134 18.0002
threshold=0.088714732318831632 5.9150000000000009 0.17012898146856062 1.1180555555555558 0.025214871153242734 182.04166666666671 0.62964939325665059 2.3639705882352948 6.5000000000000009 24.710472279260781 0.51667861965462059 0.12187853841656947 0.72957841929445399 67.406250000000014 12.500000000000002 0.79745817245817252 1.0000000180025095e-35 217.43076923076924 2.2426470588235294 0.12104483615082029 1.5000000000000002 63.606617647058833 0.311846590909091 7.6250000000000009 0.58287242169595121 82.000000000000014 0.58389680385949061 0.21406593406593408 0.66153746384970313 0.33334043073141079
decision_type=10 10 10 10 10 8 10 10 2 2 10 8 10 2 8 10 2 10 10 10 2 2 10 10 8 10 2 10 10 10
left_child=1 4 5 10 9 -2 13 27 -4 24 25 -12 -5 14 15 -7 17 18 -16 20 22 -21 -19 -18 -1 26 -3 -8 29 -22
right_child=2 3 8 12 -6 6 7 -9 -10 -11 11 -13 -14 -15 16 -17 23 19 -20 21 28 -23 -24 -25 -26 -27 -28 -29 -30 -31
leaf_value=-0.010467786807504615 -0.0076768740292299234 0.025241461697385649 0.057729821119130588 -0.0018355765717000064 -0.0018355765717000064 0.04218706175665779 0.028386911321781651 0.038909003885990459 0.023178694004089666 -0.01291984691349618 0.012448229984384385 0.042064388062538094 0.017372039360550828 0.033723268874984016 0.034263143009073918 0.0058814192948802822 0.006632690740262695 0.0047831787392822664 0.0078137060412304411 0.030087538565115004 0.0031511030427251703 -0.0013149109960529774 0.0341819971959723 -0.015070372464783342 -0.0018355765717000064 0.00043541789867824088 0.0030697553820351309 0.0036891778101143186 0.011338938487563489 -0.019625146285704297
leaf_weight=1180.2354992702603 198.28288290649652 192.01637557148933 122.44213879853487 1222.6708491593599 3281.2514751143754 113.8419200219214 104.14443802088499 254.66656182333827 165.11123790219426 2771.46476630494 261.08396631479263 141.67402075231075 160.32216949760914 106.10176943987608 182.17037186771631 127.62521319836378 267.14543836191297 167.40348400175571 133.91494409739971 162.78471885621548 159.63270519673824 81.786575604230165 91.316600792109966 174.89190071821213 1205.9063919782639 388.2483079880476 155.81820228695869 177.25938916951418 126.10613645613194 188.36309561505914
leaf_count=3945 487 443 391 2808 13365 372 626 819 576 9653 590 335 378 795 496 325 1035 646 310 506 665 413 299 449 5493 841 428 670 272 650
internal_value=0.000196814 -0.00391824 0.0147196 0.005123 -0.00662038 0.0123269 0.0138436 0.0253041 0.0380399 -0.00966351 0.0129728 0.0229444 -0.00134567 0.0108836 0.0096414 0.0231014 0.00775644 0.0110789 0.0231174 0.00716607 0.00298739 0.0196237 0.0152513 -0.00196875 -0.00587749 0.00749291 0.0153466 0.0128977 -0.00372312 -0.00919813
internal_weight=14065.7 10960.7 3104.99 2521.83 8438.86 2817.44 2619.16 536.07 287.553 5157.61 1138.84 402.758 1382.99 2083.08 1976.98 241.467 1735.52 1293.48 316.085 977.393 732.822 244.571 258.72 442.037 2386.14 736.083 347.835 281.404 474.102 347.996
internal_count=49081 38279 10802 5823 32456 9835 9348 2115 967 19091 2637 925 3186 7233 6438 697 5741 4257 806 3451 2532 919 945 1484 9438 1712 871 1296 1587 1315
is_linear=0
shrinkage=0.05


Tree=34
num_leaves=31
num_cat=0
split_feature=15 77 11 9 45 47 76 11 43 44 52 56 77 21 41 50 41 55 13 56 56 51 19 28 47 41 46 44 41 48
split_gain=295.935 86.8114 67.7205 47.5961 46.6859 40.2406 35.0429 35.0336 33.9111 31.3253 30.4427 42.8221 30.1124 30.2773 26.1289 22.2913 21.6697 22.5458 21.5391 23.9024 19.71 19.082 18.8108 21.0004 19.49 19.6349 18.498 23.0382 17.8042 18.0423
threshold=0.37955122603589525 0.51667861965462059 0.17410161807927579 0.35266666666666679 17.966666666666672 0.50553177243953917 0.94890727913876605 0.086987319239747354 57.809090909090919 0.59546493490781682 227.03571428571431 4.4637807588916472 0.16737745766619186 4.8639169472502815 18.500000000000004 20.911250000000006 33.500000000000007 19.036397058823532 0.25529138365337994 4.6338150987705493 4.9134408458124605 4.105622384212424 2.4083333333333337 0.70653125000000017 0.58958820884232865 103.50000000000001 61.514705882352949 0.54932321199926848 26.000000000000004 22.968750000000004
decision_type=10 10 10 8 10 2 8 10 10 10 10 2 8 8 8 10 8 2 10 2 2 10 8 8 2 8 2 10 8 2
left_child=1 3 5 -1 -4 -2 20 10 -9 15 -8 -12 22 -14 -10 -6 -16 -18 -19 26 28 -13 23 -5 -24 -26 -20 -28 -7 -30
right_child=2 -3 4 12 9 6 7 8 14 -11 11 21 13 -15 16 -17 17 18 19 -21 -22 -23 24 -25 25 -27 27 -29 29 -31
leaf_value=-0.012723268099132566 -0.0086919518929766317 0.018034402787341124 -0.0027192691326023907 -0.014150437716553211 0.045531621648467663 0.0167158078429001 -0.0032755493254765598 0.037829135234516226 0.035698468005848347 0.060272579421740413 0.0047316131384995078 0.049942342692748998 -0.0058933725983337818 0.0034613839164172322 -0.0098389868793436579 0.014966686230500709 0.036457555032386395 0.030995645516306215 -0.0099830767932994405 0.025434663113533457 0.021677780386773048 0.020231154883547233 -0.01402915878219157 0.00051288974335749946 0.014009752949429464 -0.0075376659000214122 0.032898500102131564 0.0041310948201522119 0.0043552708681134896 -0.0088552241347236143
leaf_weight=1985.1908389590681 315.03050770238042 394.77562440931797 92.096580926328897 314.17299428582191 100.382518902421 162.64130145311356 457.34678822010756 194.37704665213823 140.00542499870062 103.72330098599195 510.9833972454071 80.498664997518063 1551.3310972340405 1952.3735724501312 95.807080797851086 148.7466795630753 108.12733014300466 131.75247904658318 161.53026197478175 174.42578218877316 131.10265213251114 168.68621248006821 1295.8640358150005 1083.6729187369347 126.27949787676334 624.45678660273552 85.475741185247898 358.56904058530927 637.74390505254269 433.13927187025547
leaf_count=6976 887 957 265 849 309 381 1432 474 579 473 2522 328 7267 9338 373 550 425 735 486 577 284 598 2942 2590 332 1649 415 1641 1456 1111
internal_value=0.000305645 -0.00488247 0.0104033 -0.0058971 0.0289632 0.00849748 0.00984229 0.0131753 0.0184244 0.0372168 0.00691362 0.0130401 -0.00394521 -0.00068111 0.0153929 0.0274151 0.0128151 0.0149508 0.0123631 0.00918012 0.00332198 0.0299906 -0.0072643 -0.00279053 -0.0103171 -0.00389941 0.00446405 0.00973011 0.0013551 -0.000991244
internal_weight=14120.3 9328.12 4792.19 8933.34 444.949 4347.24 4032.21 2667.59 1450.07 352.852 1217.52 760.168 6948.15 3503.7 1255.69 249.129 1115.69 1019.88 911.753 780.001 1364.63 249.185 3444.45 1397.85 2046.6 750.736 605.575 444.045 1233.52 1070.88
internal_count=49201 32900 16301 31943 1597 14704 13817 10585 5705 1332 4880 3448 24967 16605 5231 859 4652 4279 3854 3119 3232 926 8362 3439 4923 1981 2542 2056 2948 2567
is_linear=0
shrinkage=0.05


Tree=35
num_leaves=31
num_cat=0
split_feature=10 75 11 29 47 33 75 29 31 25 13 82 73 15 43 33 33 29 26 56 39 57 48 15 59 56 55 10 27 21
split_gain=297.839 81.3567 62.688 56.2821 39.7537 91.3067 39.7893 38.0862 36.0416 32.221 27.7396 33.5276 30.6957 30.1089 42.0665 33.825 32.6883 26.1394 25.321 27.2793 25.1379 24.4995 24.3412 24.2693 24.0274 23.2207 21.6199 18.7451 18.714 18.5212
threshold=0.079778344929964898 16.805000000000003 0.021804612606609888 0.17012898146856062 0.61436959965713334 3.5857142857142863 9.2650000000000023 0.022187013522803146 0.48560784313725497 -0.028798076923076923 0.54052408741068236 19.405000000000005 12.500000000000002 0.39814978408207174 59.148351648351657 4.4852941176470589 2.138095238095238 0.11522259026866991 14.500000000000002 4.018015521064302 22.466803559206024 237.76470588235296 21.424632352941178 0.25225681971804897 0.75000000000000011 4.1847419354838715 23.476250000000004 0.12720930967049102 9.9437500000000032 5.5010548523206761
decision_type=10 10 8 10 2 10 8 8 10 8 10 10 2 10 10 10 10 10 2 2 2 2 2 8 2 2 2 10 10 10
left_child=1 2 -1 4 10 6 -6 -4 9 -8 13 12 -12 -2 -15 16 17 27 20 23 -9 -5 -11 -20 -14 -10 28 -16 -25 -22
right_child=3 -3 7 21 5 -7 8 18 25 22 11 -13 24 14 15 -17 -18 -19 19 -21 29 -23 -24 26 -26 -27 -28 -29 -30 -31
leaf_value=-0.0091691291018982171 -0.00042378004386962973 0.03378956184107116 -0.0092204827829261531 0.017298925262585165 -0.013795188900183704 0.053143004108859193 -0.00219078229079316 0.0084592220163931513 -0.013795188900183704 0.02209067495275625 0.0059399098504036608 0.028555719745567382 -0.027043652546968496 0.036081551622465402 0.0048219847269567037 0.037399572653153058 -0.0023787923797422405 0.041130691233895011 -0.0088733215850512713 0.0016460329492295565 -0.0058619773142605299 0.046878039040193671 0.055753392093741888 0.0021983058807163937 -0.0004018133960806237 0.017448720930358579 0.03378956184107116 0.029215195940032513 0.029956375060923874 0.0048207184281287077
leaf_weight=4074.2976987920702 375.91661757603288 140.85581408441067 1201.4286695197225 125.51641415432096 120.9149281680584 170.64571565389633 61.556664701551199 482.42152688279748 89.033775150775909 111.59624079987407 460.89943432807922 96.885358542203903 170.28293650597334 209.87560415267944 295.45192625373602 110.98739520832896 400.45555734634399 89.629741825163364 86.16346849501133 1406.2569763548672 2223.8882400281727 162.51921706646681 106.58870383352041 178.50415444374084 167.34011015295982 108.40847028791904 147.44353812560439 106.65054662525654 91.159251596778631 495.43715304136276
leaf_count=14445 1476 314 4195 373 330 491 363 1843 376 568 1575 206 528 472 1021 288 1343 344 366 4278 8009 593 597 568 519 363 662 407 313 1848
internal_value=0.000397665 -0.00382167 -0.00433491 0.0129393 0.0110564 0.0209879 0.0117403 -0.00121389 0.0182261 0.0297381 0.00797608 0.000936036 -0.00244661 0.0119402 0.0157689 0.0114875 0.00822582 0.0168493 0.000669536 0.00522502 -0.00204815 0.0340929 0.0387151 0.0152025 -0.013879 0.00184797 0.0201852 0.0113483 0.0116579 -0.00391463
internal_weight=14069 10527.9 10387 3541.16 3253.12 768.744 598.099 6312.7 477.184 279.742 2484.38 895.408 798.522 1588.97 1213.05 1003.18 892.188 491.732 5111.27 1909.53 3201.75 288.036 218.185 503.27 337.623 197.442 417.107 402.102 269.663 2719.33
internal_count=49074 36841 36527 12233 11267 3088 2597 22082 2267 1528 8179 2828 2622 5351 3875 3403 3115 1772 17887 6187 11700 966 1165 1909 1047 739 1543 1428 881 9857
is_linear=0
shrinkage=0.05


Tree=36
num_leaves=31
num_cat=0
split_feature=11 29 42 77 29 7 76 40 33 14 19 5 54 46 76 56 57 41 45 29 20 36 45 28 82 46 41 14 17 56
split_gain=250.507 69.0363 68.5196 54.3232 34.9634 32.7612 30.8296 27.8582 49.2702 38.7344 25.901 36.5817 25.2793 24.9899 24.2858 21.9586 20.5366 20.3593 27.4258 20.2143 18.9467 20.3104 18.1437 24.2847 21.762 17.9284 17.7572 17.6583 19.7761 17.0029
threshold=0.058369083119840182 0.14234067201447223 8.5000000000000018 0.62085904424275551 0.025214871153242734 18.470446153846158 0.81572616906474826 2.5000000000000004 3.9375000000000004 0.63105555555555559 12.449494949494952 12.433333333333335 20.160256410256412 60.545955882352949 1.5954058591940714 4.7060160036770862 248.60845588235296 82.000000000000014 21.881944444444446 0.11022397189813858 4.1909090909090922 0.49517709336755039 18.612500000000004 2.3538333333333337 0.19500000000000003 59.382352941176478 35.500000000000007 0.52550505050505059 1.9128787878787883 3.7958485609867525
decision_type=10 10 2 10 10 10 8 2 10 10 10 10 10 2 10 2 2 8 10 10 10 8 8 8 10 2 10 10 10 2
left_child=3 6 5 4 17 -3 19 8 9 13 11 14 -4 25 -9 -12 -13 18 -1 -2 21 -11 23 -19 -25 -8 -14 28 -15 -6
right_child=1 2 12 -5 29 -7 7 10 -10 20 15 16 26 27 -16 -17 -18 22 -20 -21 -22 -23 -24 24 -26 -27 -28 -29 -30 -31
leaf_value=0.023423217841160835 -0.0056616640067454543 0.027618573060728881 -0.017904468009440674 0.01340256007205356 0.0077589994028254561 0.059270515624165354 0.006404246046435272 0.0021586245590516531 0.034092407660394147 0.036893340334547366 -0.0060494599016471997 0.041820705523841734 0.031288529118296431 0.0028382863952421088 0.028731584985430787 0.01456174715336234 0.0096328696423696129 -0.011317160874288582 -0.0094980404341152916 0.015724871266004511 0.047766865390907957 0.0033701134089768867 -0.01040636209098972 -0.0050438396139645108 0.015950624472791667 -0.021778389047250071 -0.00093470430686828964 -0.0042723854968226586 0.020308076572872216 -0.0031380568436065515
leaf_weight=115.19447414577007 666.76975516974926 263.34466200321913 84.978169042617083 385.36915270984173 403.26487335562706 120.33982706069946 102.12839822471142 749.51949053257704 247.62639284133911 80.024220503866673 660.36800478771329 121.06054794415832 85.347899965941906 271.19328743591905 96.157009065151215 159.61645794287324 84.68726958706975 430.82090556621552 138.00683995336294 131.40885537862778 77.379811629652977 102.64513381198049 4154.2749908342957 259.6141266040504 233.69074496626854 124.13033823668957 84.572706323117018 181.07060752436519 402.6870525740087 3127.0503756180406
leaf_count=513 1605 929 270 910 1891 373 328 2903 750 278 2313 477 241 1113 198 426 459 1383 681 321 351 409 14462 1297 516 413 390 781 1707 10514
internal_value=-0.000110002 0.00903275 0.0243518 -0.00495215 -0.00575175 0.0376742 0.00673039 0.00877316 0.0136405 0.00984208 0.00463551 0.00982649 0.00422949 0.0056626 0.00521045 -0.00202448 0.0286826 -0.00830701 0.00551278 -0.0021254 0.0271309 0.018177 -0.00899699 -0.00265696 0.00491391 -0.00908514 0.0153388 0.00957157 0.0132922 -0.00189145
internal_weight=14144.3 4897.06 638.583 9247.29 8861.92 383.684 4258.47 3460.29 1588.89 1341.26 1871.41 1051.42 254.899 1081.21 845.676 819.984 205.748 5331.6 253.201 798.179 260.049 182.669 5078.4 924.126 493.305 226.259 169.921 854.951 673.88 3530.32
internal_count=49202 17035 2203 32167 31257 1302 14832 12906 6130 5380 6776 4037 901 4342 3101 2739 936 18852 1194 1926 1038 687 17658 3196 1813 741 631 3601 2820 12405
is_linear=0
shrinkage=0.05


Tree=37
num_leaves=31
num_cat=0
split_feature=29 29 17 39 17 31 2 41 31 57 57 22 75 57 43 19 15 22 10 48 57 69 41 3 79 6 28 10 52 79
split_gain=219.171 74.5246 71.6442 48.9874 48.1372 42.4936 47.0115 53.724 38.5284 42.2829 35.8496 32.5095 30.7031 29.9829 46.6227 39.0911 44.9098 28.6205 26.3056 26.2661 32.0839 25.317 23.7012 22.1248 21.3087 20.748 20.2939 19.0428 24.852 40.0213
threshold=0.074288353365780019 0.17223889495131711 0.89444444444444449 27.972621492128685 3.5192307692307696 0.35033333333333339 1.0000000180025095e-35 166.50000000000003 0.44320512820512825 237.96875000000003 258.21875000000006 0.88975694444444453 16.905000000000005 236.63051470588238 59.033333333333339 12.607692307692309 0.56033420339029882 0.72249724972497253 0.1347191991023394 19.424632352941178 228.41176470588238 0.033213278120530078 45.500000000000007 8.9041666666666686 -0.6962645315534246 1.0000000180025095e-35 5.0453000000000001 0.036292139317077747 266.64102564102569 0.21275725598714992
decision_type=10 10 10 2 8 10 2 8 8 2 2 10 8 2 10 10 10 10 10 2 2 2 8 10 10 8 10 10 8 10
left_child=2 3 25 4 13 6 7 11 9 -6 -3 17 -10 15 -15 16 -2 23 -14 -19 -21 -20 -5 -4 -24 -1 -9 -16 -29 -30
right_child=1 10 5 22 8 -7 -8 26 12 -11 -12 -13 18 14 27 -17 -18 19 21 20 -22 -23 24 -25 -26 -27 -28 28 29 -31
leaf_value=-0.015567548428439777 0.0021529622130350783 0.020194579304567133 0.023615131145281677 -0.016888176992823304 0.01521964475089789 -0.0081057967145716538 -0.0037628630404847375 -0.0064996508221485064 0.0049858811353090671 0.065937147700678919 0.056202665599646977 0.0016256209795665342 0.046194727933287445 0.035212270753864926 -0.013971025435700682 -0.0097479583504619938 0.037915289297946193 0.011291277302975598 0.0049858811353090671 0.05993148849188995 0.026898822008125014 0.03725910048638819 0.016370917454801348 -0.0069550655335976798 -0.0040166935201899146 -0.0062430152420633184 0.015715442359934571 0.0042046176168354646 0.0081615046381902697 0.049161794925555155
leaf_weight=661.36221186816692 398.26591316238046 189.10550098121166 117.85552247613668 224.36446703597903 77.716218121349812 813.99711114168167 945.05919053778052 458.82203122600913 341.44305215775967 88.082953721284866 109.77040219306946 240.38678029924631 110.52927814051509 184.51634492725134 90.403211336582899 486.67770896479487 111.65812803432345 141.22888899967074 127.24259834736586 105.66105164214969 248.87163757532835 84.916015524417162 181.90602625161409 117.19332209974527 427.33901616930962 6065.2523787803948 131.41422626748681 564.69934336468577 166.33423290401697 92.128244698047638
leaf_count=2185 1233 570 469 964 282 2883 3719 1688 728 380 472 799 589 475 460 1132 291 440 488 390 961 294 1275 437 1068 21105 599 1612 905 242
internal_value=-0.000235121 0.00957191 -0.00419583 0.00765559 0.0107025 0.00181331 0.00503654 0.0103614 0.0208874 0.0423977 0.0335629 0.0175856 0.0154617 0.00665905 0.012354 0.000378115 0.0100427 0.022826 0.0264968 0.029631 0.0368844 0.016066 -0.00303395 0.0084082 0.00208741 -0.00716198 -0.00153532 0.00770378 0.0100983 0.0229091
internal_weight=14104.2 4057.1 10047.1 3758.22 2924.61 3320.49 2506.49 1561.43 829.93 165.799 298.876 971.197 664.131 2094.68 1098.08 996.602 509.924 730.81 322.688 495.762 354.533 212.159 833.61 235.049 609.245 6726.61 590.236 913.565 823.162 258.462
internal_count=49135 13460 35675 12418 9111 12385 9502 5783 2761 662 1042 3496 2099 6350 3694 2656 1524 2697 1371 1791 1351 782 3307 906 2343 23290 2287 3219 2759 1147
is_linear=0
shrinkage=0.05


Tree=38
num_leaves=31
num_cat=0
split_feature=11 29 75 47 18 42 75 29 30 57 2 30 45 44 75 55 6 6 36 28 41 79 59 53 44 33 44 41 79 47
split_gain=223.509 62.2239 50.7363 40.1588 35.6745 41.615 30.4891 30.0699 29.1985 27.9779 25.3172 29.2059 25.9433 32.0642 39.5156 23.3104 21.3266 20.7794 36.8406 25.3454 25.8011 23.7756 20.1219 19.8383 18.6868 30.1804 19.0078 16.9031 19.2229 16.8557
threshold=0.043208851479299981 0.13153061408655597 16.805000000000003 0.50553177243953917 5.4494949494949507 9.5000000000000018 4.3450000000000006 0.019797732328943659 0.58322854619077436 237.42463235294119 1.0000000180025095e-35 0.17620191831931967 23.516666666666669 0.55872872552160713 13.055000000000001 26.760661764705883 8.8753004974026553 5.7120799146460692 0.24567096712875078 3.9778452380952385 105.50000000000001 0.39181920657204422 0.75000000000000011 1.3038461538461541 0.58501012145748998 2.4852941176470584 0.59949438327855564 28.500000000000004 -0.62152319281471813 0.61999365623602209
decision_type=10 10 10 2 10 2 8 10 10 2 2 10 10 10 10 2 8 8 10 10 8 8 2 10 10 10 10 8 10 2
left_child=2 3 7 -2 8 22 -5 -1 16 -10 11 17 13 14 -13 29 -3 18 -8 20 21 -19 -6 -9 -12 26 -26 -14 -29 -15
right_child=1 4 -4 6 5 -7 10 23 9 -11 24 12 27 15 -16 -17 -18 19 -20 -21 -22 -23 -24 -25 25 -27 -28 28 -30 -31
leaf_value=-0.0083354854894204331 -0.010256468459828052 0.013210221003648237 0.032234154101931187 -0.0049785597949137013 0.031433129137179418 0.006186427415188313 0.012931472279723803 0.0039095359513910211 -0.022974561226653756 0.014342997092142993 -0.0043774306362894672 0.012951626578046917 0.01623642098384127 -0.00024858351343736335 0.052462743873053046 0.030191207324355873 0.038677383850827113 0.0032459893085212939 0.041571631067983957 0.03274691554642651 -0.0049785597949137013 0.038749742453259045 0.063928463897203192 -0.004587071329215122 0.020121889035052066 0.026121634370744762 -0.0036120366400378538 0.013102464881796505 -0.0049785597949137013 0.018806272061267698
leaf_weight=4701.8300791271031 385.78433421999216 308.47989811748266 87.863121643662453 513.1356992572546 105.94090278446674 93.087035153061152 262.91236204281449 965.56582237780094 93.335654854774475 106.44794378429651 599.07622370123863 186.92281477153301 136.51949526742101 558.22722616791725 95.426209628582001 93.317599315196276 112.09145494550467 108.01655019819736 196.79349274933338 103.3342678360641 231.4031864926219 82.967637274414301 91.854896765202284 2374.9194474071264 106.90776094421744 166.87519394978881 385.65658647939563 154.72476661205292 536.0397931188345 145.51159118115902
leaf_count=16321 1086 954 195 1219 399 334 1249 3225 304 411 2037 785 548 1814 226 401 346 343 755 484 742 394 346 8551 451 579 1815 914 1355 554
internal_value=4.74112e-05 0.00740109 -0.00534432 0.00522872 0.0194202 0.0338479 0.00651157 -0.00575883 0.0126114 -0.00311875 0.00793294 0.0105082 0.00689006 0.0119923 0.0264433 0.00684649 0.0200734 0.0174949 0.0252555 0.0106738 0.00520911 0.0187911 0.0467694 -0.0021307 0.00201115 0.00781277 0.00156958 0.0002264 -0.00295664 0.00371247
internal_weight=14091 5960.79 8130.18 5049.55 911.238 290.883 4663.77 8042.32 620.355 199.784 4150.63 2892.12 1906.69 1079.41 282.349 797.056 420.571 985.427 459.706 525.722 422.387 190.984 197.796 3340.49 1258.52 659.44 492.564 827.284 690.765 703.739
internal_count=49137 20845 28292 17751 3094 1079 16665 28097 2015 715 15446 10564 6597 3780 1011 2769 1300 3967 2004 1963 1479 737 745 11776 4882 2845 2266 2817 2269 2368
is_linear=0
shrinkage=0.05


Tree=39
num_leaves=31
num_cat=0
split_feature=17 77 18 52 40 77 79 6 76 2 56 11 6 55 10 66 51 81 30 53 46 21 20 44 28 30 56 56 55 58
split_gain=175.134 70.4177 38.2979 30.5522 31.427 29.4439 37.1286 29.0214 33.0008 28.8075 27.6634 23.0425 22.012 23.0752 22.2653 22.054 21.2745 19.9726 19.6413 30.0431 18.5086 17.9932 18.0007 16.5622 15.6775 22.3138 14.9811 24.8367 18.9192 34.2833
threshold=1.7596153846153848 0.50891849246293852 7.0454545454545459 184.13636363636365 2.5000000000000004 0.13466600757557712 -0.96360357762183535 3.4067579390603431 1.1392254396024468 4.5000000000000009 4.8077267729521722 0.032236368284209414 9.3510580859799539 19.036397058823532 0.12720930967049102 6.5000000000000009 3.5986226279237221 8.6150000000000002 0.39557014248473155 2.1180555555555558 66.66727941176471 4.6457513123359586 1.4606060606060607 0.56924142339654815 3.9095882352941183 0.19801839054149953 5.0185342632888537 4.8031545443828838 21.493933823529414 20.181985294117649
decision_type=10 10 10 8 2 8 8 10 8 2 2 8 10 2 10 2 8 10 10 10 2 10 10 10 8 8 2 2 2 2
left_child=1 5 3 -2 9 -1 -7 8 -3 10 12 -8 13 -5 -14 -15 -13 21 -17 -20 26 22 24 -22 -18 -26 27 28 -6 -30
right_child=2 7 -4 4 20 6 11 -9 -10 -11 -12 16 14 15 -16 18 17 -19 19 -21 23 -23 -24 -25 25 -27 -28 -29 29 -31
leaf_value=-0.0075165841372646985 -0.0072731984485058312 0.0068345050513129602 0.034210104004540533 0.029180515532850566 -0.0035186937020654525 -0.018526063868448146 -0.0046982200062172137 0.0017554085825395582 0.035829108235788623 -0.012654707741727665 0.034235816254083541 0.016849615795408775 0.013233041460682399 0.027085636698074705 0.048963383170899433 0.011031958616626975 -0.0092873394779370184 -0.019736204936708027 0.012245926101861457 -0.01860327043697213 0.03896433671656313 0.0089799113651518551 -0.012589890244905 0.010121084449412707 0.026632442102765233 0.0019686058289689755 0.019029394103452082 -0.02312841008429329 -0.0042940740259976807 0.015114269527202483
leaf_weight=4633.0584875196218 304.97152941673994 214.00429809093475 142.58271160721779 150.62415405362844 601.0150108486414 309.31062364578247 1886.2756778113544 464.01716537773609 181.18622688949108 91.674800511449575 184.08180805668235 238.80089397355914 94.503568865358829 133.04487584531307 81.629187799990177 543.01748379692435 239.75247223675251 107.80570624768734 143.50208316370845 173.00848835706711 65.886103458702564 661.01686066761613 270.86714849993587 199.15762951597571 105.01879549771547 680.76019639521837 138.25520589947701 92.178723279386759 365.43733931705356 600.36803738027811
leaf_count=11266 738 423 597 472 1755 491 10573 1165 423 328 530 1353 385 482 309 2189 1267 255 485 559 351 2693 1131 1167 500 3222 328 256 1127 2319
internal_value=0.000140701 -0.00343142 0.00883435 0.00791282 0.00918075 -0.00471914 -0.0018377 0.0102456 0.0201848 0.0144494 0.0161094 -0.000601702 0.0135563 0.0110026 0.0299753 0.00821752 0.00275265 0.00111526 0.00526887 -0.0046221 0.0051007 0.00227315 -0.00115082 0.0174106 0.00187983 0.00529457 0.00327667 0.00195322 0.00344263 0.00777378
internal_weight=14096.8 9991.87 4104.94 3962.36 3657.38 9132.67 4499.61 859.208 395.191 1595.09 1503.41 4190.3 1319.33 1143.2 176.133 992.573 2304.02 2065.22 859.528 316.511 2062.3 1957.42 1296.4 265.044 1025.53 785.779 1797.25 1659 1566.82 965.805
internal_count=49139 34762 14377 13780 13042 32751 21485 2011 846 5739 5411 20994 4881 4187 694 3715 10421 9068 3233 1044 7303 8813 6120 1518 4989 3722 5785 5457 5201 3446
is_linear=0
shrinkage=0.05


Tree=40
num_leaves=31
num_cat=0
split_feature=17 41 77 57 75 28 28 52 27 19 3 47 31 56 58 76 27 79 79 36 56 57 44 56 47 56 75 46 18 57
split_gain=197.882 50.6079 42.7254 42.4419 34.9276 25.454 25.2338 24.5567 31.8972 47.3692 28.0774 25.0295 23.5184 32.5672 29.9788 30.6009 23.3155 22.4252 18.1606 19.3747 19.6657 18.1421 33.9561 28.3165 30.6839 33.8571 18.0278 17.8253 16.8582 19.5343
threshold=1.7596153846153848 8.5000000000000018 0.044670029575853844 233.38235294117649 16.685000000000006 18.001900000000003 17.257000000000001 194.03571428571431 15.416250000000002 12.261363636363638 13.136666666666668 0.60104063073959602 0.60424107142857164 4.1847419354838715 22.66727941176471 1.1338789345531732 15.959375000000003 -1.0499293085629828 0.019908910188620354 0.66605255148599152 4.5503477897049027 216.75000000000003 0.58338808585194935 4.3998369535179362 0.58408325650378812 3.9866605957555801 13.055000000000001 64.718750000000014 0.42261904761904767 236.63051470588238
decision_type=10 8 8 2 10 10 10 8 10 10 10 2 10 2 2 10 8 8 10 8 2 2 10 2 2 2 8 2 8 2
left_child=2 3 -1 -2 6 -5 17 16 12 10 -10 27 14 -14 15 21 26 -4 19 20 -16 22 -9 24 25 -23 -3 -11 -19 -30
right_child=1 7 4 5 -6 -7 -8 8 9 11 -12 -13 13 -15 18 -17 -18 28 -20 -21 -22 23 -24 -25 -26 -27 -28 -29 29 -31
leaf_value=-0.0081490453649606907 0.0086302115698103365 -0.0061691371258911472 -0.014291002189201502 0.059965164437386968 0.024018884243116916 0.023244973748490771 0.024018884243116916 0.0034819633512346163 0.019993323689141758 -0.00081751005013926928 0.058601440491783133 0.031141685424530538 -0.023975496260688744 0.0074586322628070051 -0.0013130187894286058 0.03342371034318567 -0.020708240391769404 -0.0063963112867688639 -0.0037657174800287546 0.036281121656029716 0.01898106841642698 0.0044699748755155332 0.036221525802412766 -0.014094035681144135 -0.0015765932049743533 0.042251753265941522 0.019870833735550795 0.022287868029469783 -0.0033614391420167104 0.002967124528201328
leaf_weight=3231.1340038627386 160.79254287108779 157.83333823084831 351.51797962188721 105.29893648251891 133.98703821003437 88.481592990458012 83.923448424786329 153.18989447131753 93.248636234551668 314.39459968730807 97.463802181184292 119.42928706482053 139.49389382451773 198.44613476842642 335.51755430549383 177.54317347705364 133.34282448142767 1295.1599290147424 539.31390465795994 57.476066265255213 184.20209513604641 114.3709932602942 163.48827884346247 138.6451650634408 226.56239644438028 122.72824042290449 113.39283707365394 112.61595276743174 2283.6322036162019 2614.0485110245645
leaf_count=8146 411 331 558 373 300 301 404 454 339 864 278 487 491 574 1956 441 331 6295 1510 365 788 532 626 579 1106 371 421 368 7633 11493
internal_value=0.000357146 0.00968303 -0.00342038 0.0277033 -0.00116006 0.0434039 -0.00167259 0.0079457 0.00937567 0.0185318 0.0399268 0.0110054 0.00672363 -0.00554911 0.00859939 0.0144679 -0.00367086 -0.00202418 0.00282806 0.00898495 0.00590237 0.0107734 0.0204449 0.00566296 0.0115884 0.024122 0.00475052 0.00531393 -0.00132569 1.62334e-05
internal_weight=14040.7 4047.27 9993.4 354.573 6762.27 193.781 6628.28 3692.7 3288.13 737.152 190.712 546.44 2550.98 337.94 2213.04 1096.53 404.569 6544.36 1116.51 577.196 519.72 918.985 316.678 602.307 463.662 237.099 271.226 427.011 6192.84 4897.68
internal_count=49126 14297 34829 1085 26683 674 26383 13212 12129 2336 617 1719 9793 1065 8728 4109 1083 25979 4619 3109 2744 3668 1080 2588 2009 903 752 1232 25421 19126
is_linear=0
shrinkage=0.05


Tree=41
num_leaves=31
num_cat=0
split_feature=15 75 20 15 48 21 31 27 27 76 45 73 14 18 59 39 46 53 45 75 45 3 13 46 54 79 79 79 41 21
split_gain=148.082 49.7418 36.9886 35.5424 35.3522 32.4852 33.573 26.6614 23.3137 23.1941 21.2093 18.5396 37.3139 40.0785 31.7938 22.6581 51.968 21.461 25.5088 17.4477 16.7601 19.2081 21.999 16.6921 16.244 22.8175 18.2307 15.9791 15.3641 16.3592
threshold=0.39814978408207174 12.955000000000002 -4.5411205660015073e-16 0.84832103150775195 22.66727941176471 5.3004629629629632 0.60598214285714291 3.6062500000000006 7.8950000000000014 0.80597328279731728 23.516666666666669 13.500000000000002 0.7004166666666668 3.7207792207792214 0.75000000000000011 24.562628336755651 65.441176470588246 3.4226190476190479 16.516666666666669 16.445000000000004 18.449494949494952 11.205000000000004 0.60884555114460503 66.090073529411782 22.881944444444446 0.2708444108521208 0.12950163289628511 -0.9114230010810136 90.500000000000014 5.8757716049382731
decision_type=10 10 10 10 2 10 10 10 10 8 10 2 10 10 2 2 2 10 10 10 10 10 10 2 10 10 8 8 10 10
left_child=1 5 4 9 -2 6 10 27 -9 -4 -1 15 13 23 -15 16 17 18 -11 28 -20 -22 -23 24 25 -13 -26 -7 29 -17
right_child=2 -3 3 -5 -6 7 -8 8 -10 11 -12 12 -14 14 -16 19 -18 -19 20 -21 21 22 -24 -25 26 -27 -28 -29 -30 -31
leaf_value=-0.0044704371758542095 0.011394916892610008 0.017567376966941699 -0.003122054946995479 0.032505718704790618 0.057030770202879055 -0.017566881363278167 0.017567376966941699 0.015811006610494911 -0.0030495805355575884 0.051811852191393941 -0.010165299552846788 -0.0014719996186741114 -0.017257601389179127 0.0050236938315536168 0.038527658860216529 -0.0024822526507833086 -0.010646604061639028 -0.00020165502653685867 0.00089845420245724056 0.019307580196163902 0.011500668835018907 0.047281619105687088 0.014937859527891298 0.019952675419527485 -0.0087734282051042719 -0.028979579426850893 0.014375257270056618 -0.0010115401777754287 0.010919214607638809 0.019307580196163902
leaf_weight=4536.4769966416061 108.85559844970703 262.33593885600567 671.99591942131519 123.52297071367502 69.248418383300304 165.04966068267822 137.68249683827162 448.39668376371264 257.41998920589685 85.064146243035793 2558.0683412477374 238.99345388635993 206.29459235444665 140.02688615396619 142.96323380246758 747.01714418083429 139.94547941535711 85.388399861752987 78.311473537236452 217.93912410736084 137.07554963976145 142.22851986810565 85.059508047997952 92.711327720433474 141.58364771306515 109.2044352889061 210.08769810572267 1193.6281882114708 507.88185702636838 84.340310864150524
leaf_count=15517 446 589 1623 557 319 262 527 1670 1139 266 9194 881 593 543 565 2803 580 320 259 481 536 498 365 436 369 178 740 4826 1695 404
internal_value=-0.000325657 -0.00386375 0.0070811 0.00617035 0.0293579 -0.00447032 -0.00604927 0.00106122 0.00893774 0.00540002 -0.00652497 0.00699472 0.00217012 0.00590893 0.0220256 0.00966959 0.0167861 0.0230548 0.0268109 0.00621937 0.0219008 0.0264 0.0352959 0.000133995 -0.0025161 -0.0101574 0.0050571 -0.00303409 0.00407667 -0.000111589
internal_weight=14124.8 9559.06 4565.74 4387.64 178.104 9296.72 7232.23 2064.49 705.817 4264.11 7094.55 3592.12 1281.87 1075.57 282.99 2310.25 753.073 613.128 527.739 1557.18 442.675 364.364 227.288 792.581 699.869 348.198 351.671 1358.68 1339.24 831.357
internal_count=49181 33724 15457 14692 765 33135 25238 7897 2809 14135 24711 12512 4305 3712 1108 8207 2824 2244 1924 5383 1658 1399 863 2604 2168 1059 1109 5088 4902 3207
is_linear=0
shrinkage=0.05


Tree=42
num_leaves=31
num_cat=0
split_feature=29 29 39 11 48 47 55 77 21 77 31 52 52 39 48 48 69 47 3 69 67 56 50 76 11 11 33 25 79 36
split_gain=153.996 56.7738 43.8772 39.544 36.7393 52.3549 29.6945 28.0037 26.6017 26.3053 28.5996 25.6315 26.2386 29.5295 25.4309 23.993 36.7004 30.7633 45.1205 23.2638 23.0164 22.9704 22.0743 21.3526 21.9395 21.2393 21.1888 22.2619 19.6524 20.6004
threshold=0.073787836430755857 0.17738752741599717 27.88090349075976 0.04864979223874244 23.323529411764707 0.62440748198341633 24.226250000000004 0.57907244419270054 4.4009132420091337 0.21740884297665611 0.1310416666666667 254.48076923076925 304.27922077922079 25.950718685831628 24.281250000000004 25.485294117647062 0.09015761333731416 0.55729814609009132 13.027884615384616 0.014789717451007775 1.0000000180025095e-35 4.4348815310184619 23.477500000000003 1.6628470403352542 0.16096425666179862 0.11469178439421487 0.78461538461538483 0.11099999999999999 1.0000000180025095e-35 0.27498170255817994
decision_type=10 10 2 10 2 2 2 10 10 8 8 10 10 2 2 2 2 2 8 2 2 2 8 10 10 10 8 8 10 8
left_child=3 2 4 22 11 14 -3 -7 19 26 -11 21 13 20 -6 -16 17 -17 -19 -4 -13 -2 -1 24 28 -23 -5 -28 -12 -30
right_child=1 6 8 9 5 7 -8 -9 -10 10 23 12 -14 -15 15 16 -18 18 -20 -21 -22 25 -24 -25 -26 -27 27 -29 29 -31
leaf_value=-0.0076286253217476259 -0.0031822048468627476 0.017452819998634839 -0.028173012116314386 -0.018209365267802993 0.031954398417042097 0.022641115683816031 0.051668650294352636 0.066745783386974719 0.003647767154176835 0.027461482631963366 0.0059026597504132196 0.036809382968769004 -0.010359337695869761 0.00057078365389406016 -0.010746802732010188 -0.0083191193168160645 0.031090889666692129 -0.0081005067772143089 0.032851858881860693 -0.0018253720393435575 0.0070185897384127255 0.0037304346666596809 -0.0021966182836552612 0.02305299354597538 0.022861646860807983 0.028457625917775821 0.016161956909711041 -0.013615819454970417 0.0068820497191550744 -0.01042739427222528
leaf_weight=4031.5008511096239 884.03459633141756 173.71041340753436 157.54103209078312 251.95112691819668 141.72371100261807 74.665928546339273 100.45471844449639 71.413168802857399 542.20100062340498 129.1500885412097 774.60371754691005 215.98103014007211 89.498063571751118 145.47424745932221 128.19847291335464 222.12771030515432 194.75342664495111 111.19023545086384 167.96719244122505 177.97984866797924 93.250280354171991 294.42505441606045 3490.1042081713676 125.09973521530628 113.55074327811599 122.39805556461215 133.77901741862297 116.4900004863739 245.227389767766 569.34044817090034
leaf_count=13339 2279 583 577 593 536 459 358 167 2086 634 4488 779 470 536 524 530 614 412 587 836 312 770 12952 295 450 300 338 329 615 1486
internal_value=4.46209e-05 0.00819027 0.00661414 -0.00330934 0.00952722 0.0167026 0.0301318 0.0445096 -0.00319989 0.0021941 0.00481387 0.00519585 0.0142966 0.0191616 0.0124557 0.00906835 0.0127281 0.00554638 0.0165696 -0.0142436 0.0278774 0.00138058 -0.00510874 0.00319949 0.00172817 0.0110422 -0.00800347 0.00230259 0.000204701 -0.0052143
internal_weight=14089.8 4108.99 3834.82 9980.8 2957.1 1112.04 274.165 146.079 877.722 2459.19 1956.97 1845.06 544.204 454.706 965.961 824.237 696.039 501.285 279.157 335.521 309.231 1300.86 7521.61 1827.82 1702.72 416.823 502.22 250.269 1589.17 814.568
internal_count=49234 13715 12774 35519 9275 3829 941 626 3499 9228 7968 5446 2097 1627 3203 2667 2143 1529 999 1413 1091 3349 26291 7334 7039 1070 1260 667 6589 2101
is_linear=0
shrinkage=0.05


Tree=43
num_leaves=31
num_cat=0
split_feature=29 29 41 22 28 2 40 58 41 36 39 21 80 13 56 52 56 41 9 43 41 45 50 71 9 41 43 31 73 29
split_gain=140.983 47.4813 43.5891 40.1538 38.6746 57.7094 38.619 37.686 34.9868 31.9468 28.608 26.5235 24.1933 22.0677 21.5281 36.4395 31.6008 32.4346 28.5453 31.2144 28.6918 26.7221 24.6705 21.1071 20.6879 19.2963 18.5859 18.3584 17.6566 17.4638
threshold=0.073787836430755857 0.17738752741599717 166.50000000000003 0.8426212590299279 5.9678341346153845 1.0000000180025095e-35 5.5000000000000009 15.181985294117649 82.000000000000014 0.21052686198759704 22.023271731690624 6.217606543263023 7.9250000000000007 0.59294098762302616 4.0280698090692129 251.76785714285717 4.5892843150058775 35.500000000000007 11.961166666666669 60.825757575757585 51.500000000000007 24.738636363636367 23.066333333333336 0.097430046340830759 15.781500000000003 42.000000000000007 59.033333333333339 0.58732142857142866 11.500000000000002 0.1127030710714879
decision_type=10 10 8 8 10 2 2 2 10 10 2 10 10 10 2 8 2 8 10 8 10 8 10 2 10 8 10 8 2 10
left_child=2 6 4 13 5 8 7 -2 24 -9 -10 14 -12 -3 15 28 18 -18 19 -16 22 -19 -20 -7 -1 -8 -17 -28 -11 -13
right_child=1 3 -4 -5 -6 23 25 9 10 11 12 29 -14 -15 16 26 17 21 20 -21 -22 -23 -24 -25 -26 -27 27 -29 -30 -31
leaf_value=0.025310626017493728 -0.022089516170371963 -0.0017960217638139553 -0.0060724437735335049 0.053562958199881931 -0.0063642214231651771 -0.0076732490126169466 -0.014367057438777895 -0.0015139944928048348 -0.015014008883126345 0.019670387167308394 0.0042333226173623993 0.012372219130029817 0.023070197696732322 0.033022919726545481 0.035197631378648196 0.052784839130763407 -0.0023363027488673598 0.035171567558503515 -0.005147075513331224 0.0046925777661096894 -0.01481894946268926 0.0086591370719219345 0.022782538961753654 0.0091167821988964778 -0.002258636719728271 0.0018415556469133986 0.039172946638856863 0.0053361211240264524 -0.0059648286874616763 0.043034080300855815
leaf_weight=420.58308197557926 92.087793201208115 101.79996166750789 5725.5362258404493 96.659898076206446 1358.29838629812 982.86746029555798 248.5308006182313 476.36243468523026 152.63948356360197 136.39280034601688 833.38764570653439 80.294889010488987 213.51253336668015 81.148686751723289 115.11539357155561 84.552146285772324 145.88949213922024 250.91984635218978 187.06300671771169 303.29394407570362 300.2859192378819 153.94529004767537 135.58608046546578 230.27048065140843 80.957817647606134 694.50203955173492 86.503675207495689 74.642208959907293 130.71579347550869 112.78755512461066
leaf_count=1646 252 404 20757 272 4795 3443 978 2206 389 399 2838 273 443 283 254 269 351 640 485 912 865 438 398 877 317 2321 335 402 367 477
internal_value=-2.20529e-05 0.00779827 -0.00322093 0.027651 0.000600877 0.00384833 0.00633423 0.00922099 0.00978788 0.0102679 0.00514297 0.0127098 0.0080934 0.0137438 0.0110722 0.0199767 0.0081934 0.0178683 0.00306422 0.0131492 -0.00371984 0.0251367 0.00662385 -0.00448138 0.0208648 -0.00244082 0.033836 0.0236294 0.00714974 0.0304125
internal_weight=14087.1 4089.08 9998.05 279.609 4272.52 2914.22 3809.47 2866.44 1701.08 2774.35 1199.54 2297.99 1046.9 182.949 2104.91 512.807 1592.1 550.755 1041.34 418.409 622.935 404.865 322.649 1213.14 501.541 943.033 245.698 161.146 267.109 193.082
internal_count=49086 13581 35505 959 14748 9953 12622 9323 5633 9071 3670 6865 3281 687 6115 1772 4343 1429 2914 1166 1748 1078 883 4320 1963 3299 1006 737 766 750
is_linear=0
shrinkage=0.05


Tree=44
num_leaves=31
num_cat=0
split_feature=15 29 14 44 76 41 22 41 17 25 14 31 18 30 36 54 29 51 55 28 27 36 21 50 41 6 47 51 41 41
split_gain=127.009 44.0734 32.1643 27.0498 31.4562 30.713 36.3179 24.8414 24.2911 24.0627 31.299 26.2387 31.775 24.9746 22.6683 21.9838 25.4365 27.6739 25.8639 37.2009 29.7723 23.2752 20.7458 16.9138 16.7563 18.9561 16.5708 21.8036 19.1672 21.5513
threshold=0.39814978408207174 0.14234067201447223 0.8503333333333335 0.62866730800605342 0.81237720153376236 106.50000000000001 0.68819444444444455 165.50000000000003 0.25833333333333336 -0.19154761904761897 0.73055555555555574 0.37968750000000001 2.1483516483516487 0.16160359625104395 0.36726086324747614 19.839743589743595 0.077701453630711875 4.7873999728740007 23.834117647058829 17.507968750000003 21.17166666666667 0.51890136688656552 5.4491379310344836 20.704166666666669 129.50000000000003 8.4299043620396699 0.58990988066125927 4.5007462686567168 106.50000000000001 114.50000000000001
decision_type=10 10 10 10 8 10 10 8 8 10 10 8 10 10 8 10 8 10 2 8 8 8 10 10 10 10 2 10 10 10
left_child=1 7 3 4 -2 6 -5 8 -1 10 24 12 -11 -14 -3 23 -17 18 19 -18 -20 -19 -8 -13 25 -6 28 -28 -10 -30
right_child=2 14 -4 5 9 -7 22 -9 26 11 -12 15 13 -15 -16 16 17 21 20 -21 -22 -23 -24 -25 -26 -27 27 -29 29 -31
leaf_value=-0.0081689137024032726 -0.0060514439264244884 0.0051131352649392593 0.034258671807178669 -0.0023180426526300322 0.0015246846764569401 -0.0014617168268767021 0.021151771608904316 -0.0059845857815458174 -0.0063824869853487953 -0.0055365791463434007 0.041505439104826652 0.0076403724434942061 0.045607806639863677 0.013267796411580081 0.042299617594936181 -0.0090102775926972113 0.016539718338676148 0.007747296270336543 0.014194550093396147 -0.0093986374784096119 0.047780757757668262 -0.020875463924299106 0.046541928342988204 -0.012453721200533792 0.027539218236616776 0.02755128792500687 0.0096725016096977281 -0.0055007518652878474 0.024413433338998741 0.00071663443847237815
leaf_weight=860.28607164695859 610.36649139225483 89.67934038862586 103.10818256810308 135.24328501522541 390.01795103773475 221.15295605361462 344.90278631821275 5495.799596041441 988.71521750092506 114.01424400508404 92.740915346890688 142.89013007283211 99.319933719933033 150.49860987812281 74.963247302919626 267.90810802578926 331.02789384871721 151.70548564195633 248.09679290652275 235.97503821924329 89.643200125545263 131.916788559407 105.78924828022718 385.38324380293489 113.40973354503512 84.289428133517504 922.5981971360743 317.63961440324783 110.59847439453006 684.63717972114682
leaf_count=2839 1432 466 477 626 1401 852 1226 19876 3309 420 295 424 397 570 236 1060 990 427 885 842 333 296 420 1270 449 331 3537 1117 259 2093
internal_value=-9.37823e-05 -0.00337057 0.00678035 0.00613558 0.00429663 0.0144119 0.0203955 -0.00382166 -0.000760786 0.00638327 0.0146561 0.00398094 0.0163051 0.0262557 0.0221976 0.00171444 0.00488353 0.00802073 0.0122896 0.00574716 0.0232238 -0.00559213 0.0272014 -0.0070144 0.010356 0.00619812 0.0013486 0.00578515 -0.0017373 0.00403882
internal_weight=14094.3 9544.92 4549.4 4446.29 3639.2 807.088 585.935 9380.27 3884.47 3028.84 680.458 2348.38 363.833 249.819 164.643 1984.55 1456.27 1188.37 904.743 567.003 337.74 283.622 450.692 528.273 587.717 474.307 3024.19 1240.24 1783.95 795.236
internal_count=49155 33732 15423 14946 11822 3124 2272 33030 13154 10390 2476 7914 1387 967 702 6527 4833 3773 3050 1832 1218 723 1646 1694 2181 1732 10315 4654 5661 2352
is_linear=0
shrinkage=0.05


Tree=45
num_leaves=31
num_cat=0
split_feature=29 57 57 39 18 25 31 27 44 82 36 25 48 29 55 21 9 77 2 71 76 31 79 31 39 9 31 12 79 57
split_gain=108.879 34.6517 37.3791 35.3354 34.1904 40.6575 29.7155 32.8405 35.8197 28.9244 27.1385 25.9082 26.1722 58.8442 24.2354 26.0115 23.907 22.5698 22.441 20.3347 19.3848 18.7647 18.1924 19.9904 18.1558 17.1308 17.1255 19.5151 19.164 22.5578
threshold=0.074288353365780019 236.63051470588238 225.77573529411768 28.25051334702259 1.5634920634920637 -0.094999999999999932 0.72687500000000005 17.175714285714289 0.58444374411874378 5.535000000000001 0.64577517952237129 -0.19154761904761897 23.545955882352946 0.1016802242036411 22.193750000000005 5.0266076696165198 15.415833333333337 0.81841220317467611 1.5000000000000002 0.24509907934283784 1.0443013131601486 0.58732142857142866 -0.1797794726651418 0.35033333333333339 24.943189596167013 16.195250000000005 0.65796380090497752 0.54533660889810787 -0.96360357762183535 287.88051470588238
decision_type=10 2 2 2 10 10 10 10 8 10 8 10 2 10 2 8 10 10 2 2 8 8 8 10 2 10 10 10 8 2
left_child=4 2 6 11 19 24 7 8 21 -10 -5 12 16 -14 20 -16 -3 26 22 -1 -4 -2 -7 25 -6 -24 28 -28 -13 -30
right_child=1 3 14 10 5 18 -8 -9 9 -11 -12 17 13 -15 15 -17 -18 -19 -20 -21 -22 -23 23 -25 -26 -27 27 -29 29 -31
leaf_value=-0.0054774604518323354 -0.0092029124319622201 0.0076196123319254771 -0.029980016484016284 -0.0069716380407722411 0.0014360762499135446 0.021157983231475871 -0.014591121560568807 0.033332365142764449 0.0029059016620590996 0.027186282892102859 0.025503672785524668 -0.010397811212075501 0.002035477220760046 0.054284990869571004 -0.012400980605203516 0.016094628366866599 0.03730971747889851 0.033963508773363835 -0.0059305280101792065 0.0030184945089670864 -0.0049882853019008206 0.010879670662849235 0.014431284232712735 -0.0071942044852135283 -0.012221182083874698 -0.0063081179347500658 -0.021532596903603846 0.0072851719831553384 0.017868477089719458 -0.0082839213879154546
leaf_weight=6849.5389756672084 356.02820944041014 297.69223868846893 161.99494442343712 373.99870821461082 467.70698817446828 296.23180520534515 144.69326661527157 126.36724292859435 226.76267889514565 266.85602919757366 76.654862478375435 89.45439624786377 83.824141465127468 150.28464899584651 162.74035247042775 155.76230414584279 87.106149651110172 87.146301209926605 253.38197964429855 784.3605745844543 148.99029026925564 171.56173610687256 573.46524409204721 196.50731019675732 505.86594846472144 119.84465304389596 95.043601527810097 150.40754345059395 577.00576592981815 95.571772404015064
leaf_count=23135 915 1071 278 1592 1930 748 396 363 1003 557 338 142 307 598 519 556 280 263 1074 3273 353 530 2372 839 1768 506 252 532 2165 503
internal_value=-0.000165807 0.00671494 0.00182702 0.0110525 -0.00296451 0.00222281 0.0066925 0.00938643 0.00639359 0.0160606 -0.00140345 0.0143272 0.0225006 0.035665 -0.00815606 0.00154143 0.0144198 0.00968966 0.00755834 -0.00460425 -0.0180611 -0.00266423 0.0104426 0.00685557 -0.00566546 0.0108424 0.00755841 -0.00391574 0.0112545 0.0141455
internal_weight=14132.9 4085.95 1921.76 2164.19 10046.9 2413 1292.27 1147.58 1021.21 493.619 450.654 1713.54 618.907 234.109 629.488 318.503 384.798 1094.63 1439.43 7633.9 310.985 527.59 1186.05 889.817 973.573 693.31 1007.48 245.451 762.032 672.578
internal_count=49158 13513 5470 8043 35645 9237 3764 3368 3005 1560 1930 6113 2256 905 1706 1075 1351 3857 5539 26408 631 1445 4465 3717 3698 2878 3594 784 2810 2668
is_linear=0
shrinkage=0.05


Tree=46
num_leaves=31
num_cat=0
split_feature=29 29 22 13 39 58 81 48 14 81 27 27 53 50 73 56 48 51 56 52 53 79 53 81 21 0 17 81 75 20
split_gain=106.547 51.2302 45.3317 32.6268 32.1008 31.566 32.6272 30.9729 29.5562 20.8463 22.0753 28.7084 19.7937 19.4123 19.0427 37.7187 60.9184 21.886 20.9846 18.9759 19.2255 24.5462 23.4589 21.0503 18.4323 19.1748 31.6808 25.4113 17.9503 18.8525
threshold=0.073787836430755857 0.17738752741599717 0.84409722222222239 0.59294098762302616 24.710472279260781 15.788602941176473 11.375000000000002 24.63602941176471 0.64759615384615399 10.235000000000001 3.018333333333334 4.4928571428571438 1.5419580419580423 24.051923076923078 5.5000000000000009 4.0069196428571443 22.332720588235297 4.6593665246028673 4.7908785249457706 240.18333333333337 3.2792207792207795 -0.72092805197533105 2.6076923076923082 7.5850000000000009 4.162249912249913 8.5000000000000018 1.2928571428571431 7.0750000000000011 18.315000000000001 8.3266726846886753e-17
decision_type=10 10 8 10 2 2 10 2 10 10 10 10 10 10 2 2 2 10 2 10 10 10 10 8 10 2 10 8 8 10
left_child=4 5 3 -3 8 -2 14 -8 9 10 -1 12 -12 -14 15 16 -7 19 -19 20 21 -16 23 -23 -6 -26 -27 -28 29 -17
right_child=1 2 -4 -5 24 6 7 -9 -10 -11 11 -13 13 -15 17 28 -18 18 -20 -21 -22 22 -24 -25 25 26 27 -29 -30 -31
leaf_value=-0.001824111250061259 -0.013696003319482015 -0.0063466484657286526 0.055309305839480884 0.035383231526278494 -0.0077695323999720295 0.0057238511320354436 0.0062336996397328003 0.040814681893376781 0.02238003261225063 -0.019934979153287687 0.037873564623706876 0.00087452647479079873 -0.00048264226032258503 0.030329141686060063 0.018759742340890666 -0.0048747993962531553 0.062723751123389862 -0.010525964134240732 0.01008308899385397 0.010337931925556335 -0.01365005676802861 0.0043244620816055403 0.013192660305967972 -0.020410340873984731 -0.0054110792296336654 -0.0022652922597212063 0.038418682266892032 0.0065369054659935579 0.022741841704218967 0.016592484422751099
leaf_weight=2961.3540004715323 208.12656050175428 101.27626047283411 94.514469187706709 85.740540623664856 3242.9094624631107 105.5333762280643 131.37684260308743 127.50281573832035 147.47141207754612 130.24702057242393 97.209107868373394 654.84374859184027 139.74797221645713 79.575752478092909 203.54759155958891 350.3393741697073 83.655947126448154 473.0808272138238 166.1500918827951 985.67706985399127 192.65027635544538 156.59936444461346 174.9615583717823 189.05088658630848 1609.8705754578114 674.4647098146379 96.326853692531586 176.14106183126569 121.81263692304492 143.27396987378597
leaf_count=11157 582 393 261 298 10587 395 325 298 594 293 314 2792 523 307 998 762 333 1523 435 4292 517 334 400 414 5758 2225 235 798 798 281
internal_value=-7.55497e-05 0.00671795 0.0272638 0.0128715 -0.00285497 0.00519433 0.00628835 0.023357 0.000468169 -0.000332464 0.000321649 0.0068584 0.0191961 0.0107835 0.00496131 0.0116605 0.0311254 0.00283684 -0.00516184 0.00552568 0.000346317 0.0040835 -0.00167954 -0.00922391 -0.00526715 -0.00209146 0.00355194 0.0179075 0.00563594 0.00137715
internal_weight=14105 4094.87 281.531 187.017 10010.2 3813.34 3605.21 258.88 4210.45 4062.98 3932.73 971.377 316.533 219.324 3346.33 804.615 189.189 2541.72 639.231 1902.49 916.81 724.159 520.612 345.65 5799.71 2556.8 946.933 272.468 615.426 493.613
internal_count=49222 13639 952 691 35583 12687 12105 623 15980 15386 15093 3936 1144 830 11482 2569 728 8913 1958 6955 2663 2146 1148 748 19603 9016 3258 1033 1841 1043
is_linear=0
shrinkage=0.05


Tree=47
num_leaves=31
num_cat=0
split_feature=36 47 75 17 28 48 21 69 22 22 27 80 78 33 57 50 31 25 70 2 47 27 55 51 31 54 52 21 27 46
split_gain=106.293 47.0615 35.3042 34.8623 32.6334 29.1684 25.4312 25.3415 25.3334 24.6808 21.5974 20.0391 20.7686 19.6359 18.2083 18.3484 17.6106 17.0302 15.4414 14.6181 18.0706 18.0285 27.5307 17.0599 17.2861 28.8112 27.9134 17.8209 15.7171 15.5717
threshold=0.35227733660742006 0.52230692864999961 17.155000000000005 3.5192307692307696 0.8331205357142859 27.242647058823533 4.6360626128838058 0.11543715633621486 0.76689497716894983 0.68819444444444455 14.430252100840336 24.525000000000002 5.5000000000000009 4.5166666666666675 236.63051470588238 23.155844155844161 0.47875000000000006 -0.10232142857142858 0.68701389699864568 5.5000000000000009 0.58727670796636333 3.3113445378151263 18.723529411764709 4.5218070652173923 0.31332720588235302 17.258333333333336 257.03571428571433 5.4353400222965451 7.8950000000000014 67.029411764705898
decision_type=10 2 8 8 8 2 10 2 10 10 8 8 8 10 2 8 8 8 2 2 2 8 2 8 8 10 10 10 8 2
left_child=4 5 9 -4 -1 14 13 11 -9 10 16 -5 -13 18 -2 -16 -3 -11 -6 20 21 -8 -23 24 25 -22 -26 -27 -24 -30
right_child=1 2 3 7 6 -7 19 8 -10 17 -12 12 -14 -15 15 -17 -18 -19 -20 -21 23 22 28 -25 26 27 -28 -29 29 -31
leaf_value=-0.0085157165635235104 -0.010242353897283027 -0.0080757469883479798 0.0086483384815891611 0.0086483384815891611 -0.0041949604174490651 -0.022437425671455173 -0.0080079227853250366 0.022922076152986914 0.064618745543085596 -0.0063109560556713481 -0.014736429856615755 0.056482539507555232 0.019074820840716742 0.019873165809791982 -0.0021012242292053635 0.028258470360084706 0.0086483384815891611 0.0086483384815891611 0.016515679472195659 -0.009279169764985459 0.047959014637318081 0.02512475488741997 0.008010126901176964 -0.00064990219909422803 -0.0026915369079235554 0.029920857989295155 0.020301888720378441 0.0018725948056290524 -0.0067419554700126911 0.015920342098644926
leaf_weight=1846.2479354031384 167.30696612596512 183.59569941461086 585.23573660105467 170.09540586173534 4897.235051959753 184.93502519652247 509.59123704209924 74.343700185418129 73.790635298937559 191.86288511753082 228.29955197870731 54.585685804486275 117.10811514034867 88.066328428685665 106.30374322086573 92.364150535315275 230.08570051193237 1420.5360894948244 90.719264883548021 253.9066248498857 74.69258888810873 126.77968718484044 444.84535492956638 412.72350192442536 335.461800172925 90.173002623021603 216.40100251510739 149.86266176402569 619.93761261180043 85.379556078463793
leaf_count=6495 485 481 3432 476 17274 404 1361 368 278 412 520 159 962 325 400 334 465 3198 518 937 248 337 1589 1496 1438 334 1228 707 2158 425
internal_value=0.000171051 0.00721722 0.00945678 0.016909 -0.00249901 -0.00631064 -0.00117507 0.026739 0.0439866 0.00589674 -0.0024258 0.0191573 0.0312259 -0.00340024 0.00187751 0.0120844 0.00438726 0.00864834 -0.00381505 0.00222728 0.00318294 -6.61278e-05 0.003107 0.00771669 0.0116975 0.0210327 0.00634525 0.0124898 0.000660321 -0.00398
internal_weight=14122.5 3880.45 3329.54 1075.16 10242 550.91 8395.78 489.924 148.134 2254.38 641.981 341.789 171.694 5076.02 365.975 198.668 413.681 1612.4 4987.95 3319.75 3065.85 1786.53 1276.94 1279.31 866.591 314.728 551.863 240.036 1150.16 705.317
internal_count=49244 12374 10751 5675 36870 1623 30375 2243 646 5076 1466 1597 1121 18117 1219 734 946 3610 17792 12258 11321 5870 4509 5451 3955 1289 2666 1041 4172 2583
is_linear=0
shrinkage=0.05


Tree=48
num_leaves=31
num_cat=0
split_feature=15 77 56 47 33 33 27 2 46 12 0 45 54 21 45 47 71 28 15 79 28 15 28 71 54 79 41 30 75 52
split_gain=95.9169 34.9886 34.1263 33.0789 33.203 35.6187 30.5957 28.9716 28.4266 26.7207 45.6293 42.4394 27.653 25.0531 26.5674 23.1002 21.9035 21.5896 21.309 27.2327 26.5767 21.2748 19.9942 18.9177 18.3399 16.7889 17.644 16.6871 24.0113 16.6066
threshold=0.37955122603589525 0.86887288952813713 5.0185342632888537 0.61878112141741581 3.8708333333333336 0.66666666666666652 11.932291666666668 4.5000000000000009 63.514705882352949 0.46606838807067391 9.5000000000000018 19.62019230769231 25.639610389610393 4.0024875621890557 16.516666666666669 0.56957953842072695 0.090975538944329928 1.4573444444444446 0.58370985757020633 0.50938651993232165 19.080446153846157 0.42877666633373518 15.534598039215689 0.29468424616275929 20.809090909090912 -1.0499293085629828 228.50000000000003 0.31616701281652476 6.2150000000000007 206.85164835164838
decision_type=10 10 2 2 10 8 10 2 2 10 2 10 8 10 10 2 2 8 10 10 8 10 10 2 10 8 8 10 10 8
left_child=6 2 3 7 5 -5 13 9 -4 11 12 21 18 14 17 -12 -8 -1 -11 20 22 -2 -20 27 -23 -15 -27 28 -19 -7
right_child=1 -3 8 4 -6 29 16 -9 -10 10 15 -13 -14 25 -16 -17 -18 23 19 -21 -22 24 -24 -25 -26 26 -28 -29 -30 -31
leaf_value=-0.010494515699423418 0.00071541200335218367 0.02929706884279798 0.0073688592030982285 0.038738346065561896 0.035031777091457876 -0.013429209710665519 0.0045580451025178303 -0.023163555517309621 0.036746995395389337 -0.0026955225624443412 -0.024901838516407839 0.0027446624386014296 -0.0085223144268203373 -0.012629655010599306 -0.0080482545329099361 -0.002492937830601605 0.032289415329713515 0.00080532027852992102 0.0041035190993668888 0.036350170816205028 -0.014511803740800834 0.013536499962775379 0.026611981920080349 0.023924810500000348 0.037440450722109948 0.0036040757617300696 -0.0035674228585933459 -0.012029828502573635 0.024650110396324247 0.0082231417474662085
leaf_weight=366.50890375301242 100.60911341756582 155.23587396740913 183.1630018055439 82.426890127360821 144.77200216799974 112.12189741805196 421.04782881215215 109.45169648900628 149.54651318490505 309.74075080826879 257.42931919172406 1308.3213312402368 351.63570203259587 256.39393854141235 3524.2549157999456 207.66074215620756 84.817650783807039 674.92422867938876 219.25278910249472 105.77264864742756 99.565533898770809 144.71636823937297 179.03861341252923 101.87447880208492 183.99885007366538 2045.3358627855778 1475.5127278007567 186.66744762286544 124.17078827321529 407.31708789616823
leaf_count=1118 376 594 457 469 410 328 1504 405 419 1083 691 4247 1259 407 12427 771 343 2259 663 213 472 414 576 441 601 7725 5690 586 290 1846
internal_value=0.000293076 0.00601911 0.00523697 0.00404691 0.0136122 0.00841038 -0.00268219 0.00204718 0.0206443 0.00284935 -0.00154908 0.00722704 0.00337592 -0.00337327 -0.0057026 -0.0149232 0.00926225 -1.60627e-05 0.00796089 0.0134244 0.00849063 0.0208485 0.0142628 0.00352133 0.0269897 -0.00030252 0.000598494 0.00139061 0.00453672 0.00353262
internal_weight=14073.3 4811.78 4656.54 4323.83 746.638 601.866 9261.51 3577.19 332.71 3467.74 1730.1 1737.65 1265.01 8755.64 4978.4 465.09 505.865 1454.15 913.37 603.63 497.857 429.324 398.291 1087.64 328.715 3777.24 3520.85 985.762 799.095 519.439
internal_count=49084 16294 15700 14824 3053 2643 32790 11771 876 11366 5728 5638 4266 30943 17121 1462 1847 4694 3007 1924 1711 1391 1239 3576 1015 13822 13415 3135 2549 2174
is_linear=0
shrinkage=0.05


Tree=49
num_leaves=31
num_cat=0
split_feature=15 77 77 44 29 29 28 47 27 31 10 29 5 56 55 78 47 21 36 24 57 50 10 41 22 56 81 7 31 71
split_gain=85.4922 41.4836 34.5058 25.5312 23.3514 21.8381 20.9861 24.0449 28.8572 20.5681 22.2841 21.3617 26.3423 21.4293 20.557 20.6475 22.512 20.5106 20.3081 30.2943 24.9112 19.982 20.0953 19.7852 31.197 26.9186 21.686 19.2577 19.2186 22.4784
threshold=0.37955122603589525 0.47049344100289098 0.86887288952813713 0.62906755135173309 0.14234067201447223 0.13153061408655597 0.8331205357142859 0.58727670796636333 12.147303921568628 0.37968750000000001 0.16230700082941893 0.078731495300125534 8.1833333333333353 4.1266922800844901 20.771875000000005 3.5000000000000004 0.59189553446809962 6.1906926406926415 0.49142702301755564 6.0816586538461541 246.03125000000003 21.707596153846158 0.1347191991023394 105.50000000000001 0.72456896551724148 4.5360555555555564 6.995000000000001 16.111044444444449 0.32619047619047625 0.34243427095768103
decision_type=10 10 10 10 8 10 8 2 10 10 10 10 10 2 2 10 2 10 10 8 2 10 10 10 10 2 10 10 8 2
left_child=1 6 3 5 -3 9 -1 8 28 -2 11 13 -13 -11 -9 16 -16 21 20 -20 -14 27 -23 24 -5 26 -26 -7 29 -8
right_child=2 4 -4 23 -6 17 7 14 -10 10 -12 12 18 -15 15 -17 -18 -19 19 -21 -22 22 -24 -25 25 -27 -28 -29 -30 -31
leaf_value=-0.0082468653786084856 0.0066597289239627216 0.004678396280198986 0.028694879462168189 -0.00057893043440383166 0.028991901448837218 0.0038675695588364411 -0.0032895080503460173 -0.0055904297692226258 0.015956022765280905 0.0044782857312927879 -0.023388702843593307 0.020474301210948277 -0.01580380050428689 -0.01417413419651614 0.021255033941808818 -0.0060691158327168884 0.0039942527166732461 0.028847870670735083 -0.00053920058364154936 0.026327450334216036 0.0061217492294093987 0.010248874203159871 -0.01543060593837013 0.00046894613430676838 0.029172507278205129 0.045915938662634527 0.0025113570182429741 0.032001374186594267 -0.0089620969423542304 0.020073947807310685
leaf_weight=1813.0639724135399 1135.8959007710218 354.60163490474224 154.8288060426712 167.54102962836623 136.15110056102276 125.56296294182539 1729.409153431654 816.59677673503757 160.74283583834767 237.01372703164816 111.40962938964367 191.02924262732267 304.76160400360823 436.50049558281898 214.51038735732436 432.56222385168076 1537.168068818748 131.31568802893162 349.01135188341141 149.00276888906956 224.05714083462954 163.47818682342768 140.93162362650037 234.04472474753857 169.15410077571869 111.45542347431183 138.60633929073811 117.55141431838274 2025.7403343059123 108.47131710499525
leaf_count=6364 4684 833 586 804 339 366 4768 3058 736 791 376 574 738 1298 745 1224 7229 451 819 344 774 522 474 871 781 369 382 318 7284 316
internal_value=0.00012228 -0.0026662 0.00554899 0.00477035 0.011469 0.00304847 -0.00345228 -0.0022139 -0.00473938 0.00128825 -0.00176004 -0.000474335 0.00347675 -0.00761333 0.00117343 0.00370356 0.00611893 0.0111731 0.000297726 0.00753579 -0.00652006 0.00688926 -0.00165147 0.0127653 0.017661 0.0249346 0.0172121 0.0175463 -0.00560431 -0.00190044
internal_weight=14122.2 9329.02 4793.15 4638.32 490.753 3817.52 8838.27 7025.2 4024.36 3138.68 2002.79 1891.38 1217.86 673.514 3000.84 2184.24 1751.68 678.84 1026.83 498.014 528.819 547.524 304.41 820.802 586.757 419.216 307.76 243.114 3863.62 1837.88
internal_count=49218 32896 16322 15736 1172 12529 31724 25360 13104 10398 5714 5338 3249 2089 12256 9198 7974 2131 2675 1163 1512 1680 996 3207 2336 1532 1163 684 12368 5084
is_linear=0
shrinkage=0.05


Tree=50
num_leaves=31
num_cat=0
split_feature=17 29 79 76 17 20 11 20 30 58 47 29 45 19 13 82 57 6 63 58 30 25 40 14 48 53 25 56 71 26
split_gain=80.4277 39.8164 25.9539 25.4877 27.9183 23.7039 37.3391 34.6346 30.1504 43.8473 42.4369 32.5382 28.7724 22.8489 34.6448 31.2706 22.5446 21.1406 20.375 40.5695 50.7057 25.8614 23.4034 20.9898 19.7952 18.323 18.1567 15.8014 14.8528 14.6951
threshold=1.7817460317460319 0.1127030710714879 -1.0499293085629828 0.95223908457934336 1.6794871794871797 -4.5411205660015073e-16 0.11246825475674009 0.29670329670329659 0.56057087560912622 25.485294117647062 0.58990988066125927 0.17940154114506315 14.961538461538463 2.6076923076923082 0.25529138365337994 5.6750000000000007 239.71875000000003 0.12031443754866954 1.0000000180025095e-35 23.718750000000004 0.45921588006291958 0.12249999999999998 1.5000000000000002 0.74154761904761923 21.181985294117649 3.1602564102564106 0.28527777777777791 4.2123689010487926 0.12317626132725894 13.500000000000002
decision_type=10 10 8 8 8 10 10 10 10 2 2 10 10 10 10 10 2 8 2 2 8 10 2 10 2 10 10 2 2 2
left_child=1 2 -1 -3 -5 6 -2 29 11 24 -11 12 -9 -14 15 -15 -17 -4 21 20 -20 23 -23 -16 27 -26 28 -10 -19 -7
right_child=5 3 17 4 -6 7 -8 8 9 10 -12 -13 13 14 18 16 -18 26 19 -21 -22 22 -24 -25 25 -27 -28 -29 -30 -31
leaf_value=-0.013440628410289727 0.00027125097850656539 -0.0047406312047036069 -0.010665334702083855 0.0080287150402957013 0.038636272452678679 -0.017994594463333062 0.042259701961357032 0.034939569803210516 -0.037065899447340955 -0.0019390813514069502 0.042539062787411125 0.036166068244197845 -0.012830160779041236 0.0058332808978229789 -0.0046711973881669276 0.048882775235391786 0.018068948965479292 -0.0026290575248368382 0.0042586528037654456 -0.0039353338984167447 0.042535035910554408 0.031938427030906977 0.0013682740708621704 0.015691864841076267 0.0035277134956183428 -0.020941774850483152 0.018045899691483104 -0.006933115047378962 0.0032586431807324506 -0.00037068197043906779
leaf_weight=536.72637748718262 99.977332558482885 147.73432728648186 670.91130516678095 184.44286741688848 124.78573820739985 184.57342536747456 111.58769424632192 98.945138104259968 88.28196157887578 119.0824772156775 96.442416086792946 111.6282866820693 129.28408828005195 180.23407325521111 831.33371137455106 118.41697488725185 121.74818736314774 6972.20929364115 167.44972333684564 205.54386689141393 178.57959346100688 122.37797874957323 127.29590318724513 148.24949348345399 320.065414018929 99.45193425565958 116.79289774224162 85.958973344415426 1264.6932882778347 326.29119752719998
leaf_count=852 455 332 2403 729 470 820 424 226 353 403 382 424 673 1018 2820 295 365 24383 483 688 468 369 450 424 1091 290 502 252 5269 1128
internal_value=0.000329288 -0.00207926 -0.00276882 0.0123234 0.0204648 0.0062529 0.0225122 0.00535642 0.00720553 -0.00119831 0.0180684 0.0098814 0.00865929 0.00752902 0.00873005 0.0216245 0.0334019 -0.00213271 0.00567564 0.0136506 0.0240781 0.00208904 0.0164199 -0.0015766 -0.00821044 -0.0023091 -0.00144623 -0.0223248 -0.00172477 -0.00676085
internal_weight=14091.1 10018.3 9561.33 456.963 309.229 4072.8 211.565 3861.23 3350.37 809.283 215.525 2541.09 2429.46 2330.51 2201.23 420.399 240.165 9024.61 1780.83 551.573 346.029 1229.26 249.674 979.583 593.758 419.517 8353.7 174.241 8236.9 510.865
internal_count=49241 34940 33409 1531 1199 14301 879 13422 11474 2771 785 8703 8279 8053 7380 1678 660 32557 5702 1639 951 4063 819 3244 1986 1381 30154 605 29652 1948
is_linear=0
shrinkage=0.05


Tree=51
num_leaves=31
num_cat=0
split_feature=29 15 41 19 46 12 31 6 41 58 55 47 79 56 73 12 27 37 3 56 73 56 33 43 46 48 75 45 28 76
split_gain=75.1786 37.3239 29.1492 29.9873 27.3521 25.2439 28.6744 35.5903 22.2094 32.2457 41.1161 23.1644 21.3725 23.6228 23.7021 22.9017 32.8945 18.4203 28.0076 17.5077 17.2924 17.0835 16.6538 16.4075 15.7379 21.1745 16.8919 15.724 14.4356 13.4636
threshold=0.13153061408655597 0.24001526238153834 199.50000000000003 7.0333333333333341 59.119485294117659 0.72918596908033406 0.78029411764705892 10.67731239591687 24.500000000000004 22.393382352941178 24.015625000000004 0.51001551934375355 0.37282244491538702 4.6089858844997869 17.500000000000004 0.70972692862723685 15.416250000000002 1.5000000000000002 14.060000000000002 4.15789859627069 13.500000000000002 4.9134408458124605 3.4476190476190482 62.25833333333334 61.939338235294123 19.665441176470591 11.875000000000002 23.033333333333335 1.5643500000000004 0.80316592324022629
decision_type=10 10 8 10 2 8 10 8 10 2 2 2 10 2 2 10 10 10 10 2 2 2 10 10 2 2 8 10 8 8
left_child=1 27 3 21 -4 6 7 -2 9 10 -5 -10 13 14 15 16 24 18 -15 -14 22 -3 -11 -21 25 -13 -26 28 -1 -6
right_child=5 2 4 8 29 -7 -8 -9 11 20 -12 12 19 17 -16 -17 -18 -19 -20 23 -22 -23 -24 -25 26 -27 -28 -29 -30 -31
leaf_value=-0.006567245569094271 0.0075299079545797752 0.011276726992656427 0.023854481084274667 0.044977228142264847 -0.015993160712735804 0.030929803790571232 -0.016466935286459951 0.034792656212673405 -0.017185946702660753 0.021931026051266699 0.0014622567793315558 -0.0030465696393083752 -0.01800967582229783 0.037656370817451074 -0.025798363206721048 -0.023646323166118002 0.023749122933409372 -0.00014137939236305198 0.0059063137625647508 0.0078847655983336797 -0.020659578900394937 -0.0070948279498684727 -0.010083875555779489 -0.010515082842372315 -0.012670727855811959 0.022275325441059521 0.0022447121553657474 -0.0066858823515941303 5.7126474059090087e-05 -0.0036492691518048982
leaf_weight=1138.0599515028298 675.51533805206418 1315.7717651166022 80.258162312209606 117.17721459642053 270.88052853941917 158.63348866254091 95.391308784484863 144.75159753859043 198.72586953639984 90.653955858200788 100.53329837322235 166.6322272606194 235.4710595458746 133.077104318887 81.68039682507515 82.364580102264881 171.11480600386858 159.01290228590369 145.04235760495067 239.18720288574696 78.43982245400548 139.32044722139835 72.142726447433233 243.50774301588535 307.77735252678394 162.21851303055882 492.10051175951958 2724.7919584326446 2958.2715938687325 1183.7418383099139
leaf_count=3890 2247 4409 221 480 698 572 373 484 565 426 426 626 426 467 155 369 488 548 413 401 314 362 265 459 896 519 2747 9765 10264 4989
internal_value=-0.000139953 -0.00118402 0.00160155 0.00354356 -0.004384 0.012569 0.00935781 0.0123774 0.000890273 0.0110775 0.0249817 -0.000772237 0.000479206 0.00325526 0.000206683 0.00176097 0.00338784 0.0134407 0.0211788 -0.00686346 -0.00152203 0.00951404 0.0077688 -0.00140005 0.000282791 0.00947411 -0.00350311 -0.00374308 -0.00178444 -0.00595736
internal_weight=14162.2 13088 6266.83 4731.95 1534.88 1074.29 915.658 820.267 3276.86 458.947 217.711 2817.91 2619.19 1901.02 1463.89 1382.21 1299.84 437.132 278.119 718.166 241.237 1455.09 162.797 482.695 1128.73 328.851 799.878 6821.12 4096.33 1454.62
internal_count=49264 45588 21669 15761 5908 3676 3104 2731 10990 1911 906 9079 8514 7228 5800 5645 5276 1428 880 1286 1005 4771 691 860 4788 1145 3643 23919 14154 5687
is_linear=0
shrinkage=0.05


Tree=52
num_leaves=31
num_cat=0
split_feature=29 41 7 76 25 2 30 41 28 28 39 9 44 48 48 52 76 76 39 79 48 56 63 22 46 79 30 54 44 58
split_gain=63.3791 38.2938 33.2743 42.2574 23.6325 23.5441 22.2071 43.3339 30.4653 26.1481 23.9461 23.6217 24.3578 21.7288 21.7254 21.4326 21.164 18.238 17.1391 18.9017 18.4222 18.2387 17.0491 16.3881 15.5245 15.2603 15.6925 24.6745 17.0261 16.0579
threshold=0.13153061408655597 166.50000000000003 18.470446153846158 0.98936178976748768 0.15654761904761902 1.0000000180025095e-35 0.34714904111840367 30.000000000000004 9.6969823529411787 12.718904761904763 26.621492128678991 13.345833333333335 0.56455422720482973 22.878676470588239 21.69852941176471 194.75961538461542 1.0172785447740076 0.94890727913876605 26.20533880903491 0.8879251582903781 22.909926470588239 4.1146036108248412 1.0000000180025095e-35 0.76417112299465251 61.849264705882355 -0.96360357762183535 0.056657969268196669 16.292857142857148 0.61552035354164081 20.242647058823533
decision_type=10 8 8 8 10 2 10 10 10 10 2 8 10 2 2 8 10 8 2 8 2 2 2 10 2 8 10 8 10 2
left_child=1 4 15 -4 5 6 7 14 18 -8 11 23 22 -5 -1 -2 -12 -6 19 -9 21 -20 -13 -11 -21 -3 -27 -28 29 -29
right_child=2 25 3 13 17 -7 9 8 -10 10 16 12 -14 -15 -16 -17 -18 -19 20 24 -22 -23 -24 -25 -26 26 27 28 -30 -31
leaf_value=0.014267428763531001 -0.017853962416264493 -0.01294992828333217 0.008577706327810122 0.020926239080640036 -0.006806200247583368 -0.0034779313764858725 -0.010018078423627116 -0.0032028716275924701 0.023890128832867452 0.0095628486663061202 0.0011284048872995942 0.0037896866309883358 -0.0081924513849662966 0.058772683302424182 0.050187468267877122 0.008577706327810122 -0.021241861552145969 0.016416049336557176 0.032982117671200996 -0.0094014608516935043 0.00072178973060846459 0.0083724713737448886 0.029566719211266874 0.040741486482859843 0.021064191487275914 -0.0052985473723433166 0.01523062491873137 -0.012078028126496495 0.007241090055425419 -0.001001794019231364
leaf_weight=96.456906408071518 86.027276504784822 427.74320459365845 196.73617725074291 66.388461150228977 105.20893816649914 2179.8091186769307 577.72944432124496 1165.4743330925703 179.49945393204689 84.60663254186511 385.06753430515528 163.70762678608298 230.36254684627056 92.83372089266777 75.311719935387373 615.17076775804162 144.70009365677834 419.80597461387515 119.94259137660265 56.317363373935223 322.86421728879213 202.06497132405639 104.84845420718193 84.594582330435514 156.10909684747458 3463.7755753658712 238.12310701236129 448.94243681058288 420.19832335785031 1200.5086558684707
leaf_count=330 249 679 471 283 261 7437 1879 2560 554 338 1330 494 707 455 376 2195 244 1569 357 472 983 568 274 274 1538 13162 833 1585 2272 4357
internal_value=-4.63973e-05 -0.00100034 0.0117227 0.0241518 0.001575 0.000728587 0.00293857 0.00610087 0.00420713 -0.00129055 0.0029235 0.00921247 0.00371732 0.0432215 0.0302159 0.00538781 -0.00501029 0.0117584 0.00244954 -0.000700238 0.00917033 0.0176129 0.0139258 0.0252988 0.0129811 -0.00384766 -0.00317094 2.33231e-05 -0.00173286 -0.00402198
internal_weight=14110.9 13053.8 1057.16 355.958 6854.48 6329.47 4149.66 2374.04 2202.27 1775.62 1197.89 668.12 498.919 159.222 171.769 701.198 529.768 525.015 2022.77 1377.9 644.872 322.008 268.556 169.201 212.426 6199.29 5771.55 2307.77 2069.65 1649.45
internal_count=49086 45433 3653 1209 22545 20715 13278 7738 7032 5540 3661 2087 1475 738 706 2444 1574 1830 6478 4570 1908 925 768 612 2010 22888 22209 9047 8214 5942
is_linear=0
shrinkage=0.05


Tree=53
num_leaves=31
num_cat=0
split_feature=36 13 75 56 17 29 55 40 21 9 50 41 55 79 81 77 58 55 30 13 12 29 11 0 45 58 71 41 53 58
split_gain=58.7267 30.2267 30.6719 34.8074 39.9157 28.188 26.9318 36.9464 25.8862 20.8717 18.1826 15.648 31.846 18.5972 17.1095 15.264 15.0774 13.6426 13.5838 13.5828 17.661 15.5399 13.5384 13.6916 13.5294 12.7895 12.6687 26.5344 12.6405 16.9075
threshold=0.35227733660742006 0.24174514214364037 17.005000000000006 4.4449640912776571 4.3452380952380958 0.16391646301045415 22.062500000000004 5.5000000000000009 4.077350427350428 13.345833333333335 23.250714285714288 204.50000000000003 18.800000000000001 -0.9114230010810136 2.7850000000000006 0.49490766420842708 20.363970588235297 19.405514705882357 0.2385206539811375 0.050343080372400602 0.26181202530504349 0.061571698472940216 0.093937114883019854 6.5000000000000009 14.035714285714286 29.218750000000004 0.0043465433748131263 165.50000000000003 2.4580419580419588 25.281250000000004
decision_type=10 8 8 2 8 10 2 2 10 10 8 8 2 8 10 10 2 2 10 10 10 10 10 2 8 2 2 8 8 2
left_child=5 -2 6 -4 28 8 7 9 10 -3 24 12 14 -14 -10 -8 -13 -18 25 -19 21 -21 -11 -24 -1 -15 -12 -28 -5 -30
right_child=1 2 3 4 -6 -7 15 -9 11 22 26 16 13 18 -16 -17 17 19 -20 20 -22 -23 23 -25 -26 -27 27 -29 29 -31
leaf_value=0.0067890538055918499 0.030846597699497331 0.0053749959834451452 0.0053749959834451452 0.0053749959834451452 0.045997978181088597 0.026415231203630082 -0.005605258313383675 -0.02300598357597208 0.0061915052018791912 -0.017368955204974876 -0.003547076955493863 -0.0092592101154942413 -0.010888381327463009 0.0067224976996793882 0.031327492132294903 0.0053749959834451452 -0.010280455374101095 -0.0032842340784147968 -0.0028675524265055511 0.0080828665831388698 -0.0079393695545668403 0.031760648895540609 -0.011569027442672939 0.0053749959834451452 -0.008209834628257277 -0.0091074092146286364 0.017071836967421501 -0.0029769916890495136 0.0054573034224416088 0.044597791171561318
leaf_weight=159.25999977812171 113.26740200445056 431.50330287218094 872.11381670087576 167.52458783611655 128.75259846448898 87.220222365111113 329.81828436255455 210.24492788314819 130.84322252124548 192.4898803383112 1950.7724014781415 614.26982303336263 277.81259679794312 1465.7478323914111 140.65072309970856 962.03798058629036 250.84071278944612 510.79868240654469 732.12046456709504 352.59008126705885 133.68780513107777 85.635866936296225 163.89566266536713 177.22195625305176 2493.6592798419297 138.88994620740414 256.55639321357012 458.74747064709663 54.248860202729702 55.823688916862011
leaf_count=517 550 873 4491 746 509 465 830 376 519 403 6960 2316 441 5741 324 2250 795 2106 2985 1208 659 399 328 355 8168 494 1019 1743 381 224
internal_value=0.00025445 0.00551031 0.00473612 0.0110183 0.0230872 -0.00172654 0.00147765 -0.00406588 -0.00197088 7.96705e-05 -0.00437736 0.00067746 0.00301412 0.0013183 0.0192807 0.005375 -0.00278451 0.000202609 0.00277356 0.00263855 0.00792492 0.0127716 -0.00680409 -0.00080908 -0.0073072 0.00534752 -0.00146032 0.00422767 0.012334 0.0255303
internal_weight=14099 3858.94 3745.68 1278.46 406.35 10240.1 2467.21 1175.36 10152.9 965.111 5319 4833.89 2886.06 2614.57 271.494 1291.86 1947.82 1333.55 2336.76 1082.71 571.914 438.226 533.607 341.118 2652.92 1604.64 2666.08 715.304 277.597 110.073
internal_count=49175 12316 11766 6351 1860 36859 5415 2335 36394 1959 18407 17987 10504 9661 843 3080 7483 5167 9220 4372 2266 1607 1086 683 8685 6235 9722 2762 1351 605
is_linear=0
shrinkage=0.05


Tree=54
num_leaves=31
num_cat=0
split_feature=15 47 66 52 78 27 41 13 39 15 73 5 59 79 41 29 58 55 56 5 56 39 58 80 51 50 28 71 30 29
split_gain=61.5277 32.5967 33.9459 34.0091 26.4963 22.2965 19.0342 19.1387 28.101 23.0212 21.0112 19.3836 18.0714 24.7358 29.1521 44.3234 20.6574 23.6376 19.9668 17.245 16.4335 25.6808 21.1041 16.3452 16.2831 26.3766 25.2213 15.9331 17.4697 14.8825
threshold=0.37955122603589525 0.61436959965713334 6.5000000000000009 227.03571428571431 1.5000000000000002 17.904395604395607 199.50000000000003 0.39377207333890524 27.242984257357978 0.83056199754600268 5.5000000000000009 9.4833333333333361 0.75000000000000011 -0.6962645315534246 24.500000000000004 0.11413741652586011 20.093750000000004 19.62463235294118 4.6089858844997869 7.8166666666666673 4.0422862034784179 26.355920602327178 21.63602941176471 15.145000000000001 4.2809169644869449 24.801666666666669 12.522062500000002 0.22839328860591293 0.03462855686621135 0.14234067201447223
decision_type=10 2 2 8 8 8 10 10 2 10 2 10 2 8 8 10 2 2 2 10 2 2 2 8 10 10 10 2 10 8
left_child=4 6 -3 23 29 20 7 8 10 12 -2 19 16 -14 15 -15 -9 -18 -16 -12 22 -22 -5 -4 25 26 -19 -6 -29 -1
right_child=1 2 3 5 27 -7 -8 9 -10 -11 11 -13 13 14 18 -17 17 24 -20 -21 21 -23 -24 -25 -26 -27 -28 28 -30 -31
leaf_value=0.0037346228293695747 0.036644537466093224 0.034675370777119331 -0.012350320756933418 0.050949837910163304 -0.0033190768956328819 0.036957483630059434 -0.015723098891732564 -0.014434380753567115 -0.00089294090323667984 0.018651751791143586 0.0103849800282763 0.020953636417856192 0.019572159966818495 0.040580944781913528 -0.008497569702090849 -0.0070204329178348984 -0.016476643415097962 0.00027223256499046914 0.010002522080523601 -0.014696823586934124 -0.0053766958719073709 0.025352594754854414 0.005681847164201512 0.0107530540951708 -0.0038347770933168076 -0.011099034922993134 0.033632838572121924 -0.0029065749350585869 0.011363769539375058 0.022699377633691856
leaf_weight=367.91246044635773 95.641326569020748 152.98213713616133 200.58362801373005 51.586614191532135 7926.1115837842226 110.25722075998783 131.46482301875949 365.00919423252344 458.62386623769999 172.85057443380356 244.67825296893716 293.09620829299092 212.92666149139404 101.79470943287015 560.07695424929261 92.795025330036879 172.89698781445622 92.329472742974758 196.14998672902584 94.07747657969594 190.75296679884195 104.41802585124969 50.998406436294317 122.49512062966824 313.019207239151 88.58220211789012 145.69826424121857 452.54085593298078 406.1133839301765 143.20213064551353
leaf_count=889 320 579 412 278 27573 467 493 1084 1421 597 820 1029 338 428 2039 246 437 381 561 301 757 472 352 598 974 407 466 2120 1761 370
internal_value=0.00040235 0.00498876 0.0131014 0.0090933 -0.00197395 0.0171472 0.00290237 0.00356817 0.00880062 0.00109709 0.0149044 0.011561 -0.000206337 0.00421057 0.000753539 0.0179612 -0.00457138 -0.000128357 -0.00369215 0.00339664 0.0115769 0.00554282 0.0287177 -0.00358454 0.00430954 0.0121028 0.0207477 -0.00261817 0.00384817 0.00908204
internal_weight=14111.7 4815.79 984.074 831.092 9295.88 508.013 3831.71 3700.25 1186.12 2514.13 727.493 631.852 2341.28 1163.74 950.817 194.59 1177.54 812.526 756.227 338.756 397.756 295.171 102.585 323.079 639.629 326.61 238.028 8784.77 858.654 511.115
internal_count=48970 16257 3915 3336 32713 2326 12342 11849 3891 7958 2470 2150 7361 3612 3274 674 3749 2665 2600 1121 1859 1229 630 1010 2228 1254 847 31454 3881 1259
is_linear=0
shrinkage=0.05


Tree=55
num_leaves=31
num_cat=0
split_feature=15 14 57 47 33 33 13 46 56 57 52 22 6 79 71 31 44 27 4 58 19 31 39 6 51 57 17 56 41 27
split_gain=50.0163 23.2811 27.0386 22.3362 34.223 37.0347 27.2669 20.5622 20.6527 20.3184 19.5659 18.8226 34.1205 17.4027 18.9871 25.6715 17.3464 16.0278 15.4041 15.1102 14.8367 14.3948 17.9707 20.7781 25.7381 23.2211 14.1822 12.7877 12.3385 17.8484
threshold=0.39461373741617906 0.80045454545454564 253.42830882352942 0.61436959965713334 3.5857142857142863 4.276190476190477 0.43617879250552188 61.031250000000007 4.2798544947825539 252.75000000000003 237.04545454545459 0.85620300751879708 8.301026890028286 -0.96360357762183535 0.052355498677729505 0.57531250000000012 0.50036390101892303 12.147303921568628 22.301116069535208 23.272058823529417 0.12916666666666668 0.26645833333333341 26.161533196440796 5.8638663474052377 4.0158645276292342 231.67647058823533 2.4833333333333338 4.0280698090692129 173.50000000000003 3.9372596153846158
decision_type=10 10 2 2 10 10 10 2 2 2 8 10 8 8 2 10 8 8 10 2 8 8 2 10 8 2 10 2 8 10
left_child=13 3 -3 6 7 -6 21 -5 17 10 -10 18 19 -1 20 16 -16 27 -8 -13 -15 -2 23 24 -23 -25 -26 -9 29 -18
right_child=1 2 -4 4 5 -7 11 8 9 -11 -12 12 -14 14 15 -17 28 -19 -20 -21 -22 22 -24 25 26 -27 -28 -29 -30 -31
leaf_value=-0.009879886493898633 0.020290127967577939 0.0076199841244530379 0.040913943949078269 -0.01341149573696556 0.047189184021571767 0.0070782916703844949 -0.0039189159350145209 0.02614374361768005 0.014091396496787357 -0.00038274097139203805 0.047898045320783782 -0.014711978044609636 0.021341218839626939 -0.0080018644306712686 -0.01441870342545757 0.031753838875624101 0.016138952577145208 -0.011339039258636491 -0.024392089620683673 0.0082643463813502453 -0.0018436496054780279 0.0013985863409887744 -0.0016538970292068131 -0.018196247010766213 0.017037846859783577 0.012320891551207736 0.042317855193013565 -0.0055656954538161919 -0.00042621526882717149 -0.00077263208427942435
leaf_weight=701.77603816986084 169.55943328887224 200.43249251693487 87.044764913618565 129.84483256191015 111.83513186499476 118.29731592535973 1405.8197585269809 72.066637244075537 102.66867233067751 93.23112727701664 73.957300465553999 169.80675693228841 208.2419932410121 1175.1032446175814 152.11699476465583 72.848987959325314 349.62549169361591 158.42784395441413 97.371949829161167 122.29231008887291 5815.128979280591 141.07361017540097 571.01763625815511 105.68936439976096 124.68406711146235 148.94355834275484 102.47391107305884 55.763899624347687 937.2822307497263 280.93494222685695
leaf_count=1114 562 590 427 327 348 339 4796 468 411 436 308 426 555 4337 519 246 1489 669 275 356 20650 492 1877 328 384 550 323 293 4013 1226
internal_value=-0.00023816 0.00405801 0.0178079 0.00313118 0.0100489 0.0266904 0.00124656 0.00443519 0.00861872 0.0185156 0.028437 -0.00246501 0.00592711 -0.00230861 -0.0017026 0.00288672 0.00164631 -0.000743072 -0.00526044 -0.00509717 -0.00287988 0.00669841 0.0047527 0.0106193 0.0181969 -0.000367354 0.0285775 0.0123752 0.00321319 0.008615
internal_weight=14055.4 4570.54 287.477 4283.07 916.093 230.132 3366.97 685.96 556.115 269.857 176.626 2003.53 500.341 9484.82 8783.04 1792.81 1719.96 286.258 1503.19 292.099 6990.23 1363.44 1193.88 622.865 368.232 254.633 227.158 127.831 1567.84 630.56
internal_count=49134 15540 1017 14523 3599 687 10924 2912 2585 1155 719 6408 1337 33594 32480 7493 7247 1430 5071 782 24987 4516 3954 2077 1199 878 707 761 6728 2715
is_linear=0
shrinkage=0.05


Tree=56
num_leaves=31
num_cat=0
split_feature=77 57 57 31 15 28 50 12 30 25 27 36 25 34 55 73 45 45 0 30 17 80 58 30 58 4 0 58 55 71
split_gain=53.7909 29.7755 42.4272 40.5038 31.7592 26.4382 24.7321 23.9401 21.1211 18.679 17.0292 17.3357 14.9771 14.1775 13.8449 13.8268 14.0605 13.2857 15.666 14.357 13.638 16.9293 14.1314 16.1626 15.7575 20.3779 21.0139 13.314 12.7488 12.2932
threshold=0.62085904424275551 240.27205882352942 248.23345588235296 0.690357142857143 0.79197500966506207 12.718904761904763 19.085000000000004 0.020623338649654443 0.55449927330161286 0.15654761904761902 17.175714285714289 0.51356841251798502 -0.03833333333333331 1.0000000180025095e-35 22.965625000000003 6.5000000000000009 13.839743589743593 28.033333333333335 7.5000000000000009 0.0080998242230126295 1.7817460317460319 9.4750000000000032 22.363970588235297 0.10782262624784893 17.97058823529412 13.475011507124632 9.5000000000000018 27.941176470588239 19.732352941176476 0.23049044043388031
decision_type=10 2 2 10 8 8 10 8 8 8 10 10 10 10 2 2 10 10 2 8 10 10 2 10 2 10 2 2 2 2
left_child=7 3 -3 5 9 -2 -7 -1 -8 14 12 -12 13 15 -4 29 -17 19 -19 -14 21 28 24 -24 -22 26 -26 -25 -21 -9
right_child=1 2 4 -5 -6 6 8 10 -10 -11 11 -13 17 -15 -16 16 -18 18 -20 20 22 -23 23 27 25 -27 -28 -29 -30 -31
leaf_value=-0.0052685311649966985 -0.0050245471719692972 0.038519661924466382 -0.010854598824627209 -0.014193354002392045 0.030264855573263506 0.03099718661930986 0.02177370395759376 0.00084888959683952357 -0.0028855574093965275 0.016123739047806576 0.023546120087475853 -0.0032781824200490898 0.019240098263064061 -0.009645898514789043 0.010444368715931759 0.016759189079666725 -0.0034999356362141669 0.0010029941857765811 0.019321009579622288 -0.0089049904151578246 -0.0042185820076158049 -0.017222829275720702 -0.014911866607843955 -0.0013291105171625817 0.013835544098702897 -0.00064981553890821307 0.045244072965959461 0.020814198471928596 0.0019055935349372524 0.012866997665349267
leaf_weight=2496.4978374242783 247.87076251208782 157.63593153655529 212.722142547369 267.16116245090961 146.59187009930611 161.28218922019005 148.01946346461773 2151.6411996372044 207.61183105409145 198.01439937949181 152.62934007495642 98.713053923100233 106.40275173261762 498.48270237073302 117.71500110626221 87.017500657588243 3205.1220250949264 227.24771918356419 239.22631165385246 344.74843396618962 112.93366268649697 163.13940966129303 136.74797869101167 216.00494669750333 142.30020618066192 107.15090170875192 85.45823435485363 97.921672850847244 1290.1403856128454 235.15665519237518
leaf_count=9247 584 337 446 528 418 296 307 7313 459 556 628 543 418 1694 388 286 11603 914 859 967 483 416 613 1062 534 466 336 374 4868 1095
internal_value=0.000306417 0.00821323 0.0152413 0.00253302 0.00975638 0.00838692 0.0148153 -0.000903146 0.0074103 0.00402094 0.000221014 0.0130398 -0.000121386 -0.00156967 -0.00325843 -0.000859189 -0.00295952 0.00261473 0.0104184 0.00131276 0.000598497 -0.00191517 0.00562514 -0.000627726 0.0119049 0.0173383 0.0257667 0.00562211 -0.000378081 0.00203785
internal_weight=14059.3 1864.62 832.679 1031.95 675.043 764.784 516.913 12194.7 355.631 528.452 9698.19 251.342 9446.84 6177.42 330.437 5678.94 3292.14 3269.42 466.474 2802.95 2696.55 1798.03 898.518 450.675 447.843 334.909 227.758 313.927 1634.89 2386.8
internal_count=49038 4319 2145 2174 1808 1646 1062 44719 766 1390 35472 1171 34301 21991 834 20297 11889 12310 1773 10537 10119 6251 3868 2049 1819 1336 870 1436 5835 8408
is_linear=0
shrinkage=0.05


Tree=57
num_leaves=31
num_cat=0
split_feature=29 66 39 58 39 11 57 51 51 41 51 33 36 56 48 41 40 76 79 43 57 71 6 57 47 47 27 36 47 79
split_gain=49.5283 28.9295 26.3199 24.906 24.1834 28.1908 25.605 28.4076 22.6021 21.6887 20.1992 27.3384 33.1537 25.2858 32.7389 28.4632 27.4155 36.2707 21.3282 20.8449 19.2472 18.4373 18.2859 17.7616 15.9179 15.8835 33.1484 30.676 20.931 16.7693
threshold=0.071694138192656368 10.500000000000002 26.525667351129368 15.788602941176473 24.620123203285427 0.058369083119840182 219.03125000000003 4.0435837906289587 4.3224213432338532 22.500000000000004 3.9845195303139236 1.8786764705882355 0.48090531273537523 4.018015521064302 20.514705882352946 156.50000000000003 3.5000000000000004 0.79573819408406865 0.22257973955958285 58.809090909090919 237.76470588235296 0.15914722971439058 6.5080993073262539 207.28125000000003 0.57750706504773019 0.55242541696030079 16.473863636363642 0.5579042854622851 0.5825448603636596 -0.51098662346294443
decision_type=10 2 2 2 2 8 2 10 10 8 8 10 8 2 2 8 2 10 10 8 2 2 8 2 2 2 10 8 2 10
left_child=9 3 22 -2 5 -5 -7 24 -9 20 11 12 -6 14 -12 23 -17 -18 -16 -13 -1 -11 -3 -15 -8 27 28 -25 -27 -30
right_child=1 2 -4 4 10 6 7 8 -10 21 13 19 -14 15 18 16 17 -19 -20 -21 -22 -23 -24 25 -26 26 -28 -29 29 -31
leaf_value=0.031174729468480183 -0.011083160220369825 -0.0065937180246602826 0.0076343248727948586 -0.0085712421895220194 0.013394858191091345 0.034131107454596264 -0.016334249689553913 0.042107325035036974 0.013105348740564907 -0.0033436991449139982 -0.0066822336799769178 0.023730915915848916 0.051808082168298221 0.0098662790134187092 0.012768567673649311 -0.0056230538634264929 -8.5152646654558311e-05 0.041746796417013815 0.042155339525605878 -0.0013104297232027868 -0.0024048942533048023 0.0029430339561259556 -0.037176232996584201 -0.0043976023754533165 0.0099754068266702418 0.005369323034188348 0.023172207496012287 -0.036043488490747844 0.0035314767255122739 -0.019743701752093262
leaf_weight=90.250941518694162 213.60981171950698 100.79028051719069 126.76286917924881 119.96602112054825 244.63000184297562 175.46215617656708 97.728095501661301 95.723909247666597 225.12014974653721 8402.3478298000991 152.80930310860276 102.77503491565585 72.389951135963202 169.59137404710054 202.4089247174561 145.52115036174655 95.479757376015186 112.30490353703499 88.792819857597351 416.76862779632211 79.909073874354362 1353.3853085711598 94.870687182992697 196.34510866180062 136.6473453938961 204.93397733196616 99.926400821655989 124.88567352667451 101.84953033924103 317.64987114071846
leaf_count=302 624 339 508 461 1139 500 298 352 734 28712 536 248 227 408 835 433 521 257 166 1537 462 5602 306 592 574 591 413 296 453 816
internal_value=-0.000230428 0.00429543 -0.0100794 0.00548207 0.00644123 0.0138351 0.0175205 0.0122193 0.021862 -0.00216202 0.00422955 0.0107545 0.0223017 0.00151323 0.0120327 -0.00147042 0.0110018 0.0226161 0.0218427 0.00367927 0.0154834 -0.00247135 -0.021536 -0.0051027 -0.00101778 -0.00753772 -0.0034241 -0.0167743 -0.00771048 -0.0140978
internal_weight=14161.6 4235.74 322.424 3913.32 3699.71 850.648 730.682 555.219 320.844 9925.89 2849.06 836.564 317.02 2012.5 444.011 1568.49 353.306 207.785 291.202 519.544 170.16 9755.73 195.661 1215.18 234.375 1045.59 724.36 321.231 624.433 419.499
internal_count=49242 14164 1153 13011 12387 2919 2458 1958 1086 35078 9468 3151 1366 6317 1537 4780 1211 778 1001 1785 764 34314 645 3569 872 3161 2273 888 1860 1269
is_linear=0
shrinkage=0.05


Tree=58
num_leaves=31
num_cat=0
split_feature=29 73 30 30 70 45 76 15 6 48 52 47 47 17 12 54 56 21 70 55 44 12 24 56 73 41 27 36 6 45
split_gain=44.447 30.8808 32.363 70.0491 29.7562 28.9568 28.2574 26.7187 22.7992 17.2153 40.5752 19.5207 19.53 25.1283 25.336 17.8966 23.7351 15.6974 15.4887 15.3168 19.3194 16.1797 14.7948 13.6485 15.6293 22.8546 20.7612 13.6069 13.47 11.0665
threshold=0.13153061408655597 12.500000000000002 0.57147110664436551 0.52721459313778862 0.024077635327635332 18.839743589743595 0.92874284903108084 0.63251730697816233 2.5161028809501587 17.545955882352946 218.65476190476193 0.61412780928376398 0.58075263018364998 2.3038461538461541 0.45151163209366257 16.516666666666669 4.6541454519192582 3.5917508417508421 0.54190926450689392 22.115441176470593 0.57150488400488408 0.14467081761128617 0.088743506493506513 3.9742484526967288 13.500000000000002 87.500000000000014 12.453125000000002 0.12798979495588203 9.3510580859799539 23.730303030303034
decision_type=10 2 10 10 2 10 10 8 10 2 8 2 2 8 8 10 2 10 2 2 8 10 8 2 2 10 8 10 8 10
left_child=6 2 3 4 8 -4 17 -3 -2 10 -8 12 13 23 -15 -13 -17 22 -19 21 -21 -14 -1 -11 26 -26 -25 -20 -16 -24
right_child=1 7 5 -5 -6 -7 9 -9 -10 11 -12 15 19 14 28 16 -18 18 27 20 -22 -23 29 24 25 -27 -28 -29 -30 -31
leaf_value=-0.010201726747540897 -0.013524030630274568 0.011492811164678818 -0.019483848198505592 0.059938368629573781 0.037289399149523991 0.015585974733125445 -0.007411801834309212 -0.016268295448181352 0.016329192690589248 -0.013733609850437867 0.024551365471019035 0.027106056857588903 0.00012769546085833751 0.027057400595396117 -0.0067299797120582289 -0.00056533546420716883 0.023444124835646424 -0.00068679992221657208 0.0053239726355127966 0.015382493334373052 -0.0072750462296094281 -0.020074463164006018 -0.00088347606812345719 -0.0010966075936938359 -0.020566687203887834 0.0058190727989392947 0.01737445231135383 0.036858292728786907 0.012669611406105785 -0.0071247835271360076
leaf_weight=848.1683315038681 103.55423532053828 175.29810893163085 98.759445812553167 103.10987414419651 94.570822946727276 142.57762761041522 157.75852079689503 169.51238291338086 163.87172680348158 180.42240852117538 265.17407158017159 118.73431804776192 154.1167309731245 181.75787921249866 158.01098972558975 394.64932525157928 138.23692548274994 5093.5520800538361 111.71283430233598 143.25757957994938 269.5002297013998 276.61442498862743 2305.3819117508829 416.521663159132 167.47527629137039 159.34073881804943 238.5615871399641 48.582567356526852 203.87271669507027 1025.6770048551261
leaf_count=3112 349 693 283 251 345 575 294 516 577 441 674 305 305 381 360 1060 354 21084 679 352 678 587 8377 866 359 302 468 400 372 3670
internal_value=0.000215135 0.0101007 0.0160808 0.0237761 0.013339 0.0012136 -0.000581486 -0.00216241 0.00476194 0.00317067 0.0126394 0.00191609 -5.90788e-05 0.00301784 0.0118802 0.00963215 0.00569525 -0.00202318 -0.000203874 -0.00627837 0.000606972 -0.0128625 -0.00430969 -0.00113394 0.00119285 -0.00772367 0.00564623 0.0150507 0.00420387 -0.00280682
internal_weight=14108.3 1051.25 706.444 465.107 361.997 241.337 13057.1 344.81 267.426 3624.01 422.933 3201.07 2549.45 1705.96 543.642 651.621 532.886 9433.07 5253.85 843.489 412.758 430.731 4179.23 1162.32 981.899 326.816 655.083 160.295 361.884 3331.06
internal_count=49069 3589 2380 1522 1271 858 45480 1209 926 8158 968 7190 5471 3549 1113 1719 1414 37322 22163 1922 1030 892 15159 2436 1995 661 1334 1079 732 12047
is_linear=0
shrinkage=0.05


Tree=59
num_leaves=31
num_cat=0
split_feature=77 47 58 29 30 54 73 75 79 58 58 58 15 13 41 27 75 69 13 39 44 73 45 57 55 28 45 31 47 28
split_gain=39.4358 30.5357 43.4268 25.1274 24.7175 22.2778 27.0194 27.2609 23.2055 20.4093 15.7773 16.8304 15.2308 19.519 26.9284 18.8059 16.7826 20.5509 14.1341 14.0062 13.1337 12.8538 19.5622 15.2026 12.7445 12.5838 12.288 13.0589 11.9933 11.8919
threshold=0.49490766420842708 0.62288413789810448 25.090073529411768 0.17223889495131711 0.53777680654886617 25.577380952380956 16.500000000000004 17.310000000000006 -0.20852394380166975 20.545955882352946 25.090073529411768 22.181985294117649 0.24001526238153834 0.24472899852452473 96.500000000000014 3.3113445378151263 12.785000000000002 0.056103527753372483 0.44413964744290951 24.179329226557154 0.56048611250644653 6.5000000000000009 21.75961538461539 247.43750000000003 22.006066176470593 2.3922916666666669 22.26136363636364 0.32619047619047625 0.62972086684173234 0.47212500000000007
decision_type=10 2 2 10 8 10 2 10 10 2 2 2 10 10 8 10 8 2 10 2 10 2 10 2 2 10 10 10 2 8
left_child=3 5 4 12 -3 6 7 10 -7 -9 11 19 26 14 20 28 17 -15 -10 -2 -14 -17 24 -24 -23 -22 29 -28 -16 -1
right_child=1 2 -4 -5 -6 8 -8 9 18 -11 -12 -13 13 16 15 21 -18 -19 -20 -21 25 22 23 -25 -26 -27 27 -29 -30 -31
leaf_value=-0.0072537562831025224 -0.0085123525733587224 0.022744362536773977 0.041101851177166221 0.025084841853520959 -0.0056108809826183551 -0.018608693014864817 -0.011315016686773236 0.0046855418016843895 0.016463828376834633 0.030190030132493467 -0.0070494663902690964 0.019419811653069729 0.00011054975239191963 -0.011472181734268018 -0.0051399860268798942 0.01958968270048693 0.0019229553096091557 0.0017767296811367534 -0.0039355195968222168 0.0046855418016843895 0.038205486970812053 -0.018678395789053569 0.019157211218838011 0.00011265124588490875 0.0032616128135425208 0.014498456319741388 -0.0042032352393413493 -0.014139875038469099 0.012676395615203416 0.00025315550558311668
leaf_weight=643.41963332146406 200.79182294011116 136.96296727657318 132.49320414662361 88.088403534144163 172.82680456340313 210.22574591636658 203.80762612819672 125.86026540398598 116.06884387135506 209.05447694659233 285.59734836220741 242.70558492839336 83.402170192450285 772.77417682111263 837.63236595317721 165.04992642998695 1146.3110269978642 470.38212543725967 308.23078702390194 555.60693185031414 87.55856616422534 118.33307836577296 236.31064993515611 187.67140075936913 148.07268084585667 158.30734245851636 2670.1613783277571 376.74982222914696 105.48754040524364 2908.7966806516051
leaf_count=2151 535 377 332 486 340 438 438 277 325 514 676 516 300 1811 2694 585 7958 1164 793 1149 297 370 722 784 570 679 9766 1240 472 10452
internal_value=-1.89515e-05 0.00517654 0.0172562 -0.00136412 0.00695827 0.0029968 0.00580413 0.007964 -0.00506702 0.020648 0.00464387 0.00468554 -0.00157594 0.000660924 0.00414284 0.00173205 -0.00244016 -0.0064617 0.00167039 0.00430192 0.0172662 0.00709637 0.0040856 0.0107474 -0.00651719 0.0230616 -0.00310701 -0.00543613 -0.00313592 -0.00110824
internal_weight=14104.7 2900.23 442.283 11204.5 309.79 2457.95 1823.42 1619.62 634.525 334.915 1284.7 999.104 11116.4 4517.29 2127.83 1798.56 2389.47 1243.16 424.3 756.399 329.268 855.438 690.388 423.982 266.406 245.866 6599.13 3046.91 943.12 3552.22
internal_count=49211 6710 1049 42501 717 5661 4105 3667 1556 791 2876 2200 42015 18406 7473 6197 10933 2975 1118 1684 1276 3031 2446 1506 940 976 23609 11006 3166 12603
is_linear=0
shrinkage=0.05


Tree=60
num_leaves=31
num_cat=0
split_feature=15 29 76 57 57 43 23 57 39 30 66 55 27 69 51 81 79 29 48 45 11 55 36 26 0 81 25 44 44 28
split_gain=33.2493 20.8997 21.3613 20.1217 25.5207 28.5275 30.2157 30.7137 26.9174 25.9055 23.8073 23.7152 24.41 23.1856 22.2321 32.4364 26.7502 35.3455 31.6794 20.632 20.3591 19.1239 17.1772 16.5034 16.4145 15.7831 14.4104 14.1387 13.2557 14.8025
threshold=0.37955122603589525 0.14118859683665072 1.1038977374826435 188.52941176470591 236.63051470588238 58.639610389610397 45.500000000000007 276.81617647058829 22.466803559206024 0.17620191831931967 4.5000000000000009 26.732904411764711 5.6708333333333343 0.065161285225129317 4.0770979020979032 9.5150000000000023 -0.28942931766636104 0.074288353365780019 25.531250000000004 22.105555555555558 0.10730112759483014 22.173529411764708 0.68772746637807758 14.500000000000002 10.500000000000002 5.6750000000000007 0.0090000000000000375 0.62355060664637052 0.53302249079790176 0.70653125000000017
decision_type=10 10 8 2 2 10 8 2 2 8 2 2 10 2 10 8 8 10 2 10 8 2 8 2 2 10 8 10 8 8
left_child=1 28 -3 -2 8 19 -7 10 -5 23 -8 12 -11 24 15 -12 -16 21 26 -6 -13 -18 25 -10 -14 -9 -19 -15 -1 -30
right_child=3 2 -4 4 5 6 7 22 9 11 14 20 13 27 16 -17 17 18 -20 -21 -22 -23 -24 -25 -26 -27 -28 -29 29 -31
leaf_value=-0.0056898101458677693 0.025279042155468293 -0.0031913257361885447 0.03362610694375863 0.018675370917695278 0.0071707277065959077 0.034593506641489642 0.027371313683396511 -0.00075043461364858509 0.025754360990883237 -0.026227496287509436 0.027221742255697481 -0.0031480870898503415 -0.0064282178471784931 -0.00093928871436196177 -0.012323883601255119 0.0014315408971524463 -0.020397147249590755 -0.006902561311083473 0.038199288600397022 0.030287873140259516 0.026670550261124866 0.0053934420267033323 0.017137082217188796 0.0010159287048440221 -0.023434146170496613 -0.01862050503264728 0.017835481659417781 0.019487144746662782 -0.0060119615451509206 -4.1715374169521697e-05
leaf_weight=2012.5417870804667 101.06940215826035 74.37791320681572 82.387033972889185 157.78381433710456 194.43168427422643 76.783796280622482 124.4958382435143 231.03511464968324 116.25145596265793 151.31726344302297 223.99058575928211 130.23149920254946 722.65036316215992 349.46930615976453 294.89393854141235 266.37775511294603 138.48870069161057 111.93927274271846 113.04081147164106 192.26999250426888 100.87853177636862 147.61391583830118 63.462996039539576 158.82175677642226 176.01539565622807 264.83203232288361 122.22099412605166 110.78835695236921 1259.9062253795564 5878.9363152645528
leaf_count=6134 344 188 463 537 599 259 401 1538 498 453 546 401 1925 982 601 1527 526 456 433 428 314 727 331 442 452 836 510 361 4595 21440
internal_value=-4.80413e-05 -0.00179598 0.0162484 0.00331242 0.00283881 0.00621502 0.00398962 0.00285599 -0.00114663 -0.00270618 0.00649365 -0.00495974 -0.00724282 -0.00511113 0.0046434 0.0132434 9.06372e-05 0.0058817 0.0165836 0.0187132 0.00992645 -0.00711812 -0.00717318 0.0115263 -0.0097814 -0.0103127 0.00603051 0.00400913 -0.00210683 -0.00109608
internal_weight=14149.3 9308.15 156.765 4841.15 4740.09 2565.88 2179.18 2102.39 2174.21 2016.42 1543.06 1741.35 1510.24 1358.92 1418.57 490.368 928.198 633.304 347.201 386.702 231.11 286.103 559.33 275.073 898.666 495.867 234.16 460.258 9151.38 7138.84
internal_count=49247 32820 651 16427 16083 9718 8691 8432 6365 5828 5727 4888 4173 3720 5326 2073 3253 2652 1399 1027 715 1253 2705 940 2377 2374 966 1343 32169 26035
is_linear=0
shrinkage=0.05


Tree=61
num_leaves=31
num_cat=0
split_feature=29 49 36 28 41 21 50 71 43 47 54 41 41 54 82 33 10 31 10 52 33 39 55 44 56 77 53 10 3 26
split_gain=34.5227 43.8138 24.4307 31.6299 22.7168 21.9297 18.1859 17.7569 16.075 18.3753 15.5074 17.3042 15.2654 27.0679 21.4364 18.1244 35.4674 23.7311 25.3808 19.415 16.5483 16.2887 21.5424 15.7956 15.0332 20.9814 18.4632 18.2784 27.3292 17.95
threshold=0.14234067201447223 8.5000000000000018 0.39882253313150279 17.880841666666672 191.50000000000003 4.5560796645702313 16.853571428571431 0.011113028602901752 63.809090909090919 0.64358415178316819 20.408333333333335 28.500000000000004 12.500000000000002 21.591666666666672 16.535000000000004 3.5339366515837107 0.11053155814979673 0.35209134615384624 0.13829059378429129 199.86111111111114 4.6458333333333348 25.838466803559211 23.887500000000003 0.57150488400488408 4.3176980469607207 0.044670029575853844 3.0954545454545461 0.089838050634476779 5.0620192307692315 15.500000000000002
decision_type=10 2 8 10 8 10 10 2 10 2 10 10 10 10 10 10 10 8 10 10 10 2 2 10 2 8 10 10 10 2
left_child=4 2 -2 -4 5 7 -7 8 9 24 -3 -12 13 -8 15 17 20 21 19 -19 -17 -14 23 -23 25 -1 29 28 -26 -27
right_child=1 10 3 -5 -6 6 12 -9 -10 -11 11 -13 14 -15 -16 16 -18 18 -20 -21 -22 22 -24 -25 27 26 -28 -29 -30 -31
leaf_value=-0.009297005023787476 0.0011038171412774921 -0.023250842094250608 0.039321978233116478 0.0085673657200409405 -0.0030388115127739134 -0.0067738899544205816 -0.0044207783627724304 0.0047526743917252557 -0.0075246019468679856 0.018910830162086896 0.01979429851067277 -0.011486131848001417 0.004810854505531658 0.035143580855478335 -0.012311434494281367 0.016892192448767846 0.036241157108119836 -0.011364697115183101 -0.022701157710149505 0.0042265245287142553 -0.0066345153212691759 0.013957247486053396 0.0022083144204692083 0.040182782978276446 -0.0087192717298317911 0.0037333393707109325 -0.0088816271104143387 -0.023328443300262014 0.01262972653310589 0.020299754929247734
leaf_weight=289.79799373447895 128.83202259615064 84.548292770981789 201.95235402882099 143.33694449439645 5215.009421788156 352.83615393936634 71.751922011375427 972.53585482388735 1211.9200060814619 116.17335886508226 79.728524461388588 96.779713269323111 558.25104075670242 106.98675389960408 181.26416091620922 149.34206126257777 132.64615750312805 234.50330534204841 111.88913675025105 1311.9654776826501 147.8336476534605 113.00528652220964 131.48199221491814 119.21140399575233 589.99232004210353 455.1726811490953 163.87109896168113 132.33140147477388 199.89083963260055 254.69862822815776
leaf_count=653 586 287 543 521 19276 979 323 3742 4482 363 230 428 1907 449 440 434 442 596 523 4838 288 297 552 454 1557 1726 487 340 558 767
internal_value=0.00011766 0.010658 0.019701 0.0266167 -0.000464663 0.00119091 0.00401268 -0.00120446 -0.00290243 -0.000356163 -0.0057782 0.00267511 0.00514366 0.0193248 0.00434362 0.00535031 0.0148453 0.00376352 0.000186905 0.00185649 0.00520555 0.0101898 0.0184102 0.027535 -0.00143785 0.00234066 0.00620679 -0.0062025 -0.00330747 0.00969749
internal_weight=14059.5 735.178 474.121 345.289 13324.4 8109.35 3722.97 4386.38 3413.85 2201.93 261.057 176.508 3370.13 178.739 3191.39 3010.13 429.822 2580.31 1658.36 1546.47 297.176 921.95 363.699 232.217 2085.75 1163.54 873.742 922.215 789.883 709.871
internal_count=49068 2595 1650 1064 46473 27197 12522 14675 10933 6451 945 658 11543 772 10771 10331 1164 9167 5957 5434 722 3210 1303 751 6088 3633 2980 2455 2115 2493
is_linear=0
shrinkage=0.05


Tree=62
num_leaves=31
num_cat=0
split_feature=15 47 22 55 55 79 15 56 57 48 70 47 22 55 48 13 27 54 11 53 56 45 11 11 59 82 52 52 55 43
split_gain=26.4683 18.0826 22.9603 24.7627 22.3002 30.4924 21.1205 56.9692 22.2989 21.5694 28.8607 26.7016 20.4526 20.4012 33.2987 20.2912 18.1625 17.3777 17.1422 16.0055 19.3512 18.459 14.5353 16.394 14.774 14.7415 13.8365 13.7183 17.8845 22.4432
threshold=0.27089374371505986 0.52230692864999961 0.72249724972497253 22.062500000000004 26.640000000000004 -0.16876458381233675 0.72954454434887928 4.4075967474777906 240.27205882352942 27.090073529411768 0.0024570172896744911 0.61868431579330163 0.69006568144499192 23.381433823529417 20.60661764705883 0.23113637839698273 3.7950000000000004 20.26136363636364 0.13316552879840132 2.5166666666666671 4.2419344445399103 21.679487179487186 0.077895027492387123 0.043208851479299981 0.75000000000000011 15.795000000000002 229.12142857142859 255.5192307692308 23.93327205882353 65.39230769230771
decision_type=10 2 10 2 2 8 10 2 2 2 2 2 10 2 2 10 8 8 10 8 2 10 10 10 2 8 10 10 2 10
left_child=-1 12 3 -3 6 -6 9 8 -8 15 11 17 -2 14 -5 19 -14 -11 26 20 -4 -21 23 -15 -24 -26 -7 28 29 -17
right_child=1 2 4 13 5 18 7 -9 -10 10 -12 -13 16 22 -16 27 -18 -19 -20 21 -22 -23 24 -25 25 -27 -28 -29 -30 -31
leaf_value=-0.0021014428197263517 0.0072856744474768436 -0.0081845977343380852 0.029636461299414538 0.04138248071137484 0.040426560783636323 -0.012602333285432438 -0.011817432978168702 0.038702360282912962 0.017470826919528261 -0.017853724300999168 0.032874408975580714 0.026766427030467051 0.00719926212214601 -0.0039239648143380513 0.0017760627427958024 0.0028216913337328611 -0.011969474978963925 0.0064561735470125463 0.029433417154071762 -0.019948127835071248 0.0057482631573193017 0.0099642438355619714 -0.017638674356534777 0.016967297074543135 0.017789168845704327 -0.013149549611847559 0.010923946059482346 0.0041375898446243944 -0.015680153393226908 -0.015585246427793915
leaf_weight=7535.1032056100667 301.49457614123821 754.37482701987028 140.33359955996275 85.838602691888809 98.209982991218567 91.576844148337841 153.3136283904314 153.88940172642469 111.27161616459489 109.89437429979444 121.78567509353161 108.6305245347321 154.35189779102802 186.51199195533991 136.70736941322684 686.62197187170386 607.38610453531146 217.13088800013065 79.708698518574238 85.199260029941797 213.42673015221953 127.4340959303081 176.37126930058002 187.51010086014867 82.529875338077545 70.466623764485121 191.53162391111255 595.7752796523273 300.40245631709695 217.14678558707237
leaf_count=26545 1077 2686 586 373 207 276 359 431 487 287 384 352 509 700 596 1860 1752 620 347 302 642 480 713 753 239 455 979 2376 986 713
internal_value=-8.10087e-05 0.00224439 0.00340146 -0.00146551 0.00555153 0.0158492 0.00412676 0.0146194 0.000519182 0.00262048 0.0114593 0.0054112 -0.00372077 0.00401157 0.0171695 0.000534357 -0.00808094 -0.00174251 0.00910362 0.00877952 0.0152813 -0.0020585 -0.000169941 0.00656686 -0.00781681 0.00354666 0.00329635 -0.0020636 -0.00513259 -0.00161325
internal_weight=14081.9 6546.83 5483.59 1680.31 3803.28 461.027 3342.26 418.475 264.585 2923.78 557.441 435.656 1063.23 925.936 222.546 2366.34 761.738 327.025 362.817 566.394 353.76 212.633 703.39 374.022 329.368 152.996 283.108 1799.95 1204.17 903.769
internal_count=49072 22527 19189 6515 12674 1809 10865 1277 846 9588 1643 1259 3338 3829 969 7945 2261 907 1602 2010 1228 782 2860 1453 1407 694 1255 5935 3559 2573
is_linear=0
shrinkage=0.05


Tree=63
num_leaves=31
num_cat=0
split_feature=29 30 15 21 77 79 31 46 54 47 41 17 79 27 40 39 41 54 41 20 48 14 18 51 33 30 44 39 33 71
split_gain=23.7132 31.8208 31.5663 20.3256 24.559 21.9098 31.3476 21.3929 13.9381 27.3891 23.2945 20.8868 15.3037 15.2934 21.2003 27.653 18.4042 19.1002 18.0034 14.8533 14.1055 26.0311 16.6179 17.5713 13.9042 16.447 13.4594 22.6978 22.5181 13.9858
threshold=0.17738752741599717 0.56350987301891575 0.72954454434887928 4.6253205128205144 0.62085904424275551 0.41302472370054893 0.65562500000000012 64.332720588235318 19.75961538461539 0.57181704377997167 12.500000000000002 3.1483516483516487 0.62395313451998402 3.3113445378151263 1.5000000000000002 24.394250513347028 82.000000000000014 23.480769230769234 126.50000000000001 3.6181818181818186 26.69852941176471 0.55679487179487197 2.759615384615385 4.5163426618243978 2.7846153846153849 0.026017977120918301 0.58229403166112037 24.447638603696102 0.35828877005347592 0.0043465433748131263
decision_type=10 10 8 10 10 10 10 2 8 2 8 10 8 10 2 2 8 10 8 10 2 10 10 10 10 10 8 2 10 2
left_child=3 2 -2 4 26 6 7 -6 9 11 19 12 -5 16 15 -15 17 -12 -16 -10 21 22 -20 -24 25 -11 -1 28 -28 -30
right_child=1 -3 -4 8 5 -7 -8 -9 10 24 13 -13 -14 14 18 -17 -18 -19 20 -21 -22 -23 23 -25 -26 -27 27 -29 29 -31
leaf_value=-0.0052638478430595175 0.0055891276554293299 -0.010037670315105126 0.046902720247214813 -0.0095971708941864648 0.001322169619923236 0.021234823961148473 -0.016540344358462248 0.026724816215176434 0.036566080953187086 -0.0029448902113603488 0.030728329164942454 -0.028637813527374486 0.010791252731642388 0.0081862287032144297 -0.00088346428385607562 0.04017807748014951 -0.0027599273151333041 0.0012497420090109056 0.0041273457300727351 0.0075120559423326782 0.021075565480444092 -0.015514903553475991 0.010992316023119758 0.04576592880378582 -0.0096953684278442333 0.012031518643376189 -0.00019894961627045277 -0.0035930895137600127 0.0082926085887073068 0.028596213653457499
leaf_weight=3165.5412862151861 92.614483579993248 88.469799213111401 91.944549206644297 462.21996776759624 256.05424784123898 192.24087360501289 164.39885039627552 121.62628504633904 82.505222499370575 294.19627503678203 86.768698945641518 117.2590165771544 113.97553950548172 248.78508898615837 1064.0865757204592 92.107571326196194 1534.0852838419378 147.19343360885978 334.82714343816042 94.355450790375471 185.91220396012068 119.17196360602975 99.886310275644064 56.918502572923899 161.82472239434719 483.97080084681511 958.50829899683595 2749.5959032289684 353.52699458599091 111.21929859742522
leaf_count=10273 359 334 248 1015 614 355 375 322 333 1170 305 343 696 1083 3255 312 5513 545 1290 325 658 388 568 249 512 1806 4079 10033 1455 436
internal_value=-2.46382e-05 0.0145405 0.0263128 -0.000312736 -0.00193325 0.00677897 0.00162275 0.00955168 0.0019505 -0.00196065 0.0034913 -0.0094917 -0.00555249 0.00269742 0.00547751 0.0169225 -0.000765686 0.0122666 0.00337286 0.0211951 0.00905155 0.0053633 0.0104454 0.0238248 0.00359936 0.00637298 -0.00280585 -0.000940386 0.00418332 0.0132025
internal_weight=14125.8 273.029 184.559 13852.8 8072.71 734.32 542.079 377.681 5780.05 1633.45 4146.6 693.455 576.196 3969.74 2201.7 340.893 1768.05 233.962 1860.8 176.861 796.716 610.804 491.632 156.805 939.992 778.167 7338.39 4172.85 1423.25 464.746
internal_count=49249 941 607 48308 27942 1666 1311 936 20366 5542 14824 2054 1711 14166 7803 1395 6363 850 6408 658 3153 2495 2107 817 3488 2976 26276 16003 5970 1891
is_linear=0
shrinkage=0.05


Tree=64
num_leaves=31
num_cat=0
split_feature=4 55 55 29 77 55 73 82 55 30 25 31 56 45 50 47 58 55 73 76 47 39 39 30 47 48 54 13 36 48
split_gain=32.1548 22.0958 28.6693 26.8871 24.1398 24.1908 32.0737 21.3937 17.8296 17.0657 17.5013 15.5146 27.1398 14.6159 13.5164 13.4727 14.1632 12.986 20.4452 19.2978 17.4035 13.1661 22.2406 24.004 17.9042 17.7296 14.6709 14.3316 18.9709 16.1936
threshold=6.1573487242133744 26.640000000000004 25.542463235294122 0.14475398927388114 0.86887288952813713 24.822058823529414 12.500000000000002 13.025 28.661397058823535 0.52082594482085842 0.074045454545454581 0.69793706293706304 4.4075967474777906 23.75961538461539 23.477500000000003 0.61053345388788438 20.303308823529417 23.93327205882353 8.5000000000000018 0.94202122918902365 0.58958820884232865 23.604380561259415 23.244353182751542 0.34074559830453782 0.61412780928376398 27.757352941176475 23.480769230769234 0.23364032826899797 0.26648175717722061 20.242647058823533
decision_type=10 2 2 10 10 2 2 8 2 10 8 10 2 10 8 2 2 2 2 8 2 2 2 10 2 2 10 10 8 2
left_child=14 2 4 8 5 11 7 -7 9 10 -3 17 13 -13 -1 16 -4 19 -19 -2 -20 22 23 -21 27 26 -26 28 -23 -29
right_child=1 3 15 -5 -6 6 -8 -9 -10 -11 -12 12 -14 -15 -16 -17 -18 18 20 21 -22 24 -24 -25 25 -27 -28 29 -30 -31
leaf_value=-0.0038359272858738596 -0.0019144249693000125 0.034826167821266248 -0.02868792130335945 0.038305260341623106 0.023911140140157439 0.010399238937528053 -0.0034265213875188903 0.041638584884131219 -0.0034476252896044955 -0.0042198764412131563 0.0093429666307768729 -0.026422687716616572 0.0089503577333680858 -0.002500268972175894 9.9838612100714558e-05 0.0059602298885050907 -0.0070345627641001654 0.010782118757220209 -0.0031466209874965105 -0.0019086983882008743 -0.028612232530541154 0.0060839841390096811 -0.018860555452396954 0.029503122037384977 0.0017956578036253991 0.043303516381299562 0.027371410535604875 0.014313631306770026 0.040562590197360776 -0.00031876534989354555
leaf_weight=4531.7987881414592 1087.2506409287453 121.28916771709919 126.64527596533298 81.040430031716824 132.33767986297607 107.0797031223774 148.89700216799974 113.18922832608223 221.91777695715427 90.988021776080132 152.34921623766422 168.03785508871078 152.16071519255638 102.97012127935886 4205.1093012914062 90.914998639374971 187.15355267375708 121.56056387349963 161.44046187400818 244.12779026106 114.14714468643069 104.04585995897651 124.67952787131071 79.950166404247284 125.02174363657832 62.535417083650827 100.89313552156091 257.45765155926347 64.148914121091366 704.2812734618783
leaf_count=14849 2417 524 426 307 474 274 453 408 928 375 649 489 362 360 15373 446 849 475 565 1143 444 494 492 304 690 239 564 788 293 2648
internal_value=-7.27462e-05 0.00298024 0.00176538 0.0114832 0.00296992 0.00229554 0.0144935 0.0265678 0.00771837 0.014505 0.020724 0.00109906 -0.00791087 -0.0173759 -0.00194183 -0.0109378 -0.015837 0.00223868 -0.00623962 0.00338011 -0.0137597 0.00646254 -0.00100049 0.00590753 0.00882278 0.0199224 0.013288 0.00597414 0.019396 0.00360913
internal_weight=14085.4 5348.51 4680.93 667.585 4276.21 4143.87 369.166 220.269 586.544 364.626 273.638 3774.71 423.169 271.008 8736.91 404.714 313.799 3351.54 397.148 2954.39 275.588 1867.14 448.757 324.078 1418.38 288.45 225.915 1129.93 168.195 961.739
internal_count=49102 18880 16097 2783 14376 13902 1135 682 2476 1548 1173 12767 1211 849 30222 1721 1275 11556 1484 10072 1009 7655 1939 1447 5716 1493 1254 4223 787 3436
is_linear=0
shrinkage=0.05


Tree=65
num_leaves=31
num_cat=0
split_feature=29 73 55 40 54 12 21 33 76 11 15 47 10 12 27 31 58 58 52 77 51 51 6 79 52 15 12 15 81 40
split_gain=31.6415 33.3669 27.0805 37.7969 26.1961 27.866 22.0257 21.5596 20.8371 18.4739 15.9414 15.0087 14.3648 17.2383 17.0081 16.7223 30.2724 23.2834 16.8123 16.5741 16.1315 18.4808 19.3049 21.9997 16.0079 13.8987 13.6381 14.4246 14.6954 13.2087
threshold=0.13600591768402551 9.5000000000000018 23.081250000000001 4.5000000000000009 19.174242424242429 0.570918183021904 4.162249912249913 3.420168067226891 0.80316592324022629 0.17734863154417052 0.68747604091313108 0.50553177243953917 0.031700368379131823 0.61931383196261824 15.077350427350428 0.35033333333333339 22.968750000000004 26.090073529411768 288.53571428571433 0.5212786160734203 3.5446022727272735 3.8702512111632781 5.8335071393694493 0.046346491107944442 260.78888888888895 0.63251730697816233 0.5228950392665227 0.47127226227790547 8.6150000000000002 2.5000000000000004
decision_type=10 2 2 2 10 8 10 10 8 10 10 2 10 10 10 8 2 2 10 10 8 10 10 8 10 10 10 10 8 2
left_child=6 2 7 -4 -3 25 10 -2 -8 11 -1 -10 -13 14 15 17 20 -14 26 -16 -17 -22 23 -23 -19 -6 27 -18 -29 -15
right_child=1 4 3 -5 5 -7 8 -9 9 -11 -12 12 13 29 19 16 18 24 -20 -21 21 22 -24 -25 -26 -27 -28 28 -30 -31
leaf_value=-0.0028203306589993501 0.021248546647082076 -0.021453708099937449 0.013808411558708079 0.05750724555593361 0.0047535490397914715 0.024822277563437214 -0.0037136354007225973 -0.0091544147528317427 -0.0060837203002851439 0.02248447683837743 0.014316002866761164 -0.00067007587132070787 0.0059681180056883202 0.0057599186872965835 0.0040168701800206309 0.028524512287849486 -0.0042911588694939731 0.035051565622814002 0.011823664573272824 0.027720548667576679 -0.011517203501368967 0.029204624164244231 0.00010643117311835214 0.0063497436568918132 0.009196974640054506 -0.020703808979618717 0.0084555002430786921 -0.034227815609388056 -0.0090786048539911856 -0.012152709923900759
leaf_weight=6114.6960191205144 129.37503340467811 107.19858688861132 116.03299506008625 86.412918206304312 161.49289131909609 132.30207885429263 1438.2718942761421 104.70050981640816 453.89620355516672 118.52873891592026 137.81742310896516 1505.3592629656196 703.99213537573814 181.6762534044683 128.0074619576335 88.962570425122976 343.39385209605098 138.01716879755259 128.5633456595242 174.22786110639572 124.39628677070141 184.04095894098282 330.0241990275681 246.02110831439495 106.79724028706551 79.063134223222733 107.79820789024234 104.77014420926571 131.09480994194746 235.01689634099603
leaf_count=21160 423 340 434 282 658 416 3565 290 1385 590 426 6102 2676 815 424 421 1429 408 790 369 544 467 1126 1016 498 258 377 236 479 737
internal_value=0.000337145 0.0093158 0.0193032 0.032652 0.000212878 0.00648285 -0.000285774 0.0076684 0.00164632 0.00303963 -0.00244038 0.00261002 0.00340631 0.00518117 0.00648826 0.00524153 0.00239333 0.0106039 -0.00470905 0.0177275 0.00834293 0.00628312 0.00920763 0.0161753 0.0238561 -0.00366455 -0.00781537 -0.0108527 -0.0203471 -0.0043478
internal_weight=14141.9 916.578 436.521 202.446 480.057 372.858 13225.4 234.076 6972.86 5534.58 6252.51 5416.06 4962.16 3456.8 3040.11 2737.87 1789.07 948.807 815.62 302.235 973.445 884.483 760.086 430.062 244.814 240.556 687.057 579.259 235.865 416.693
internal_count=49141 3101 1429 716 1672 1332 46040 713 24454 20889 21586 20299 18914 12812 11260 10467 6885 3582 3311 793 3574 3153 2609 1483 906 916 2521 2144 715 1552
is_linear=0
shrinkage=0.05


Tree=66
num_leaves=31
num_cat=0
split_feature=29 66 39 19 29 8 39 41 44 17 57 57 55 55 44 21 57 41 28 30 58 27 47 63 39 17 55 25 59 20
split_gain=23.9963 23.9184 25.7516 21.6781 19.8904 34.4648 18.775 16.1634 15.8775 28.2608 15.5045 25.1744 22.993 34.0101 46.2505 19.8018 21.65 21.4039 28.3025 19.7051 26.1345 34.87 16.9647 16.5229 16.131 16.6959 15.6795 15.3188 14.5822 14.2971
threshold=0.071694138192656368 10.500000000000002 26.525667351129368 12.679487179487181 0.17738752741599717 20.087818337946878 24.710472279260781 22.500000000000004 0.58338808585194935 3.6547619047619051 236.63051470588238 228.41176470588238 25.542463235294122 23.551470588235297 0.55636450280631167 5.0572172619047633 248.23345588235296 103.50000000000001 14.02001041666667 0.57373656468890666 15.788602941176473 14.924313725490197 0.57224873333988102 1.0000000180025095e-35 27.831622176591377 3.1742424242424243 26.760661764705883 -0.016666666666666646 0.75000000000000011 1.4606060606060607
decision_type=10 2 2 8 10 8 2 8 10 10 2 2 2 2 10 8 2 8 10 10 2 10 2 2 2 10 2 10 2 8
left_child=6 4 3 -3 10 -6 7 -1 -9 -10 11 19 13 15 -15 24 -17 18 -18 20 -2 23 -14 -22 25 -12 -24 -8 -21 -13
right_child=1 2 -4 -5 5 -7 27 8 9 -11 12 29 22 14 -16 16 17 -19 -20 28 21 -23 26 -25 -26 -27 -28 -29 -30 -31
leaf_value=0.020679045493300949 -0.012024870112702826 -0.0052703530832957333 0.0072411551856386581 -0.039449522971871334 0.0023675730987863129 0.040308324626335323 -0.0049412338757123531 -0.0020265738899637909 0.0054852865045893597 -0.027225092815732085 -0.001391190197337916 0.0031958529770007797 -0.018114030954077882 0.049503337549073601 0.0090862120878689567 0.028132060826569962 0.032643424898831354 -0.0064320227378505419 -0.00031789809836802493 -0.01644695185345962 0.0021127676880470254 0.037781844979289853 -0.012210693931149354 0.020234327190638921 -0.016230265565161005 0.019536015863281145 0.016396870894267567 0.00069466863212845739 0.0029579821743547438 -0.01739726740964358
leaf_weight=103.03759677708149 147.32698240503669 95.778087846934795 126.88317459076643 89.625977389514446 145.48876842483878 100.85288375988603 3895.1406834125519 2303.0762508548796 1731.5239985771477 67.666415419429541 427.12773181498051 120.69799306616187 146.84559468179941 111.09437025338411 193.65454870462418 153.20091119781137 125.44750287756324 188.22129445150495 134.25414185971022 182.81874579563737 499.3397362716496 103.37421744316816 81.936514638364315 167.27242717146873 130.32270693033934 121.6409634873271 112.499542247504 1745.6988225206733 204.0028886385262 276.267772924155
leaf_count=339 382 342 497 281 548 302 12987 7692 7641 301 1179 418 622 482 879 471 407 746 449 547 1589 235 402 467 550 367 587 6097 562 746
internal_value=3.58722e-05 0.00320656 -0.010084 -0.0219159 0.00428034 0.0180008 -0.0013123 0.00121626 0.000722488 0.00424063 0.00334385 -0.00013502 0.00641458 0.00894864 0.0239337 0.00536561 0.011967 0.00638775 0.015668 0.00322185 0.00721085 0.0109022 -0.00534576 0.00668349 -0.000486837 0.00327467 0.00434068 -0.00319725 -0.00623189 -0.0111436
internal_weight=14032.1 4185.98 312.287 185.404 3873.69 246.342 9846.14 4205.3 4102.27 1799.19 3627.35 1701.1 1926.25 1584.96 304.749 1280.22 601.124 447.923 259.702 1304.13 917.313 769.986 341.282 666.612 679.091 548.769 194.436 5640.84 386.822 396.966
internal_count=49114 14057 1120 623 12937 850 35057 15973 15634 7942 12087 4946 7141 5530 1361 4169 2073 1602 856 3782 2673 2291 1611 2056 2096 1546 989 19084 1109 1164
is_linear=0
shrinkage=0.05


Tree=67
num_leaves=31
num_cat=0
split_feature=36 47 58 69 82 14 45 39 14 56 54 20 39 52 56 77 58 36 77 5 20 39 38 12 45 50 71 73 69 2
split_gain=17.1466 32.2925 32.0697 26.4138 22.2033 16.7621 15.9562 14.3926 18.7096 18.3283 23.727 19.8055 16.7329 14.2372 23.4854 19.3663 16.9833 26.9778 23.6631 21.6885 15.4463 32.3182 21.6152 18.1719 13.8968 13.3558 13.1357 12.8008 12.688 11.6252
threshold=0.62883703245426448 0.55455046698240895 22.240808823529417 0.0044152046783625743 15.555000000000001 0.74154761904761923 20.861904761904764 24.647501711156746 0.77050000000000007 3.8077071931487212 17.035714285714288 -1.9302741223596471e-16 25.199178644763865 245.53571428571431 4.1266922800844901 0.37210973842751477 19.281250000000004 0.39526986076121801 0.22717767380496143 6.4166666666666687 2.8989898989898992 24.080766598220404 1.5000000000000002 0.49831098717592509 14.035714285714286 22.003571428571433 0.07136897499242699 17.500000000000004 0.018009550186969547 4.5000000000000009
decision_type=10 2 2 2 10 10 10 2 10 2 8 8 2 8 2 10 2 8 10 10 10 2 8 10 8 10 2 2 2 2
left_child=7 5 3 -3 6 -2 -4 8 13 10 -9 -12 -11 14 15 -1 19 18 -18 -16 23 22 -22 24 -15 -19 27 29 -20 -14
right_child=1 2 4 -5 -6 -7 -8 9 -10 12 11 -13 26 20 16 -17 17 25 28 -21 21 -23 -24 -25 -26 -27 -28 -29 -30 -31
leaf_value=-0.0042117452081437056 -0.016118909187311865 -0.013424990898426296 0.00033052942994407435 0.014626659948759033 0.044305080964193895 0.0082191002901729204 0.029440713349882693 0.024702311486456647 0.023548536097559497 -0.0092124773663849833 0.028322629526619753 -0.00078892218414475419 -0.0026970363260557873 0.023465854527010898 0.0017847925975157952 -0.022439800704054637 -0.0019445912802933283 -0.027444448425652336 0.0038158998241206673 0.027580561946775169 0.017600259706164207 0.039339477526689884 -0.012360972136054188 -0.018009362353477842 0.0024106224662583456 -0.0049494303619641621 0.0030335943407747245 0.0079402794211412362 0.024749680212578486 -0.010986333329484654
leaf_weight=585.58729280903935 188.86341574043036 147.39615838602185 93.896780088543892 192.17642410472035 98.390196561813354 111.97495185211301 93.445844959467649 126.8411509655416 93.449984364211559 881.25273624062538 62.426507469266653 740.27523851022124 4641.4965064115822 80.92035411670804 213.75537446886301 193.2851440757513 732.07862349972129 118.20043779537082 137.29353500902653 130.83159421756864 134.322634909302 89.459109388291836 107.50068082660437 104.41458193212748 1819.0911880843341 149.02920277416706 1126.470577377826 258.0998467206955 153.11459414660931 464.5744805149734
leaf_count=2150 560 368 266 508 243 342 377 450 302 2881 293 3559 15014 336 676 446 2474 356 305 412 624 322 490 497 7782 430 4257 485 341 1492
internal_value=-0.000189991 0.00638184 0.0128511 0.00244679 0.0251642 -0.00706285 0.0149298 -0.000653509 0.00151265 -0.00191709 0.00469572 0.00150752 -0.00275144 0.00107415 -0.00161897 -0.0087582 0.0017867 -0.000850292 0.00284954 0.0116303 0.0038561 0.0138411 0.00428517 0.00219975 0.00331922 -0.0149646 -0.00187292 -0.00290366 0.0149001 -0.00345324
internal_weight=14069.9 926.144 625.305 339.573 285.733 300.838 187.343 13143.8 4842.33 8301.44 929.543 802.702 7371.89 4748.88 2413.18 778.872 1634.3 1289.72 1022.49 344.587 2335.71 331.282 241.823 2004.43 1900.01 267.23 6490.64 5364.17 290.408 5106.07
internal_count=49038 2664 1762 876 886 902 643 46374 17943 28431 4302 3852 24129 17641 7590 2596 4994 3906 3120 1088 10051 1436 1114 8615 8118 786 21248 16991 646 16506
is_linear=0
shrinkage=0.05


Tree=68
num_leaves=31
num_cat=0
split_feature=29 79 22 41 76 15 17 22 41 73 29 22 47 48 66 46 31 44 58 11 31 41 52 48 45 41 54 45 28 30
split_gain=25.6097 36.6489 23.7689 19.6423 17.3574 16.853 17.1636 22.5758 17.0307 17.8696 16.7992 15.5682 22.0062 20.512 19.6152 35.3555 24.0894 22.6749 23.0453 31.5932 24.8519 21.3902 24.7682 29.2861 21.2769 19.3211 19.5001 18.1981 17.3856 17.1424
threshold=0.14234067201447223 0.44733137740914508 0.84409722222222239 166.50000000000003 1.023817445570691 0.24285113019775798 4.7207792207792219 0.85620300751879708 125.50000000000001 13.500000000000002 0.12104483615082029 0.72249724972497253 0.49593863466732058 18.029411764705888 6.5000000000000009 61.970588235294123 0.26116666666666671 0.66613666281667838 19.000000000000004 0.10633418968080413 0.46031250000000007 125.50000000000001 235.10555555555558 24.97058823529412 23.408333333333335 104.50000000000001 20.679487179487186 21.607692307692314 12.522062500000002 0.57373656468890666
decision_type=10 10 8 8 8 8 10 10 10 2 10 10 2 2 2 2 8 8 2 10 10 10 10 2 10 10 10 10 8 8
left_child=3 2 -2 5 -4 8 11 -8 -1 -10 -5 13 -13 28 15 -14 24 18 19 20 -18 22 23 -20 -16 26 -24 -17 -7 -23
right_child=1 -3 4 10 -6 6 7 -9 9 -11 -12 12 14 -15 16 27 17 -19 21 -21 -22 29 25 -25 -26 -27 -28 -29 -30 -31
leaf_value=-0.0072517685334128491 -0.0030715547017627649 0.037244414404079045 0.0028291271806947268 -0.0025834517967265403 0.028253567279058828 -0.0015658402245747425 0.0049072850338251067 -0.032916257510514704 -0.0029113628349760061 0.014330560126863831 0.016537260869989627 -0.011665175754709732 0.035014555975458932 -0.0014548194223802369 0.0060974624802296214 0.022145810178203676 0.018871900937340699 0.026548272717101702 -0.012876238684858494 0.033130624783611264 -0.0098880332114842859 -0.0040157899973730093 0.023525318748015035 0.013935909554643321 0.036737698517747226 0.028477463130191023 0.00071966076520831436 -0.0028600671105735282 0.021974225368148789 -0.028279182084821171
leaf_weight=930.91559158265591 382.36974927037954 100.56631365418434 127.04592987895012 6101.2645476423204 141.93320836871862 134.72189955785871 81.472883731126785 75.082356829196215 417.68944586068392 233.49444073438644 116.0917343609035 168.55978463590145 162.14835400879383 2042.9558311775327 122.02468226104975 113.5613788664341 139.5516550950706 98.972770944237709 388.25872423127294 127.80199677124619 160.40592380613089 223.85387531295419 114.65845034644008 137.02099230512977 105.55681326985359 101.92390921339393 494.7990584038198 198.86356531083584 186.32087562978268 107.17453821003437
leaf_count=3351 1583 273 281 22577 490 496 456 207 1458 702 416 445 403 7043 365 339 522 397 1033 391 377 702 477 339 334 256 1829 634 596 289
internal_value=0.00033423 0.00930499 0.00494075 -0.000174161 0.0162999 0.00162893 0.00294005 -0.0133263 -0.00291615 0.00328355 -0.00222382 0.00342032 0.00583272 0.000393288 0.00689118 0.0161447 0.00499379 0.00330998 0.00214466 0.0124167 0.00351043 -0.000664295 0.00235927 -0.00586901 0.0204076 0.0084347 0.00504164 0.00627082 0.0121217 -0.0119329
internal_weight=14037.1 751.915 651.349 13285.1 268.979 7067.79 5485.69 156.555 1582.1 651.184 6217.36 5329.14 2965.14 2364 2796.58 474.573 2322 2094.42 1995.45 427.76 299.958 1567.69 1236.66 525.28 227.581 711.381 609.458 312.425 321.043 331.028
internal_count=49061 2627 2354 46434 771 23441 17930 663 5511 2160 22993 17267 9132 8135 8687 1376 7311 6612 6215 1290 899 4925 3934 1372 699 2562 2306 973 1092 991
is_linear=0
shrinkage=0.05


Tree=69
num_leaves=31
num_cat=0
split_feature=29 20 39 50 58 6 30 76 37 41 56 41 53 54 53 50 76 29 40 75 41 19 41 76 47 27 50 41 36 30
split_gain=27.2136 39.3312 20.8293 23.4449 18.4473 14.2513 13.7617 13.0493 15.6875 12.7173 12.4583 16.6524 12.3871 11.9418 11.688 15.0832 19.5881 16.7188 12.2709 18.9184 11.8837 13.189 11.6703 22.1892 10.806 12.7058 16.143 10.658 12.8873 17.8755
threshold=0.14234067201447223 -5.855104760820765e-16 26.525667351129368 22.65038461538462 25.485294117647062 0.070710678118654891 0.74326144872515765 0.80958965682908079 4.5000000000000009 191.50000000000003 4.660096489557545 107.50000000000001 2.0871212121212124 15.267857142857144 2.0954545454545461 28.78819444444445 1.2258099774749827 0.13153061408655597 1.5000000000000002 10.145000000000001 107.50000000000001 2.0333333333333337 122.50000000000001 1.2320377358490568 0.59717295280561677 3.018333333333334 22.551923076923078 37.500000000000007 0.61299277873308933 0.39557014248473155
decision_type=10 10 2 10 2 8 10 8 10 10 2 8 10 8 10 10 10 10 2 10 10 8 8 10 2 10 8 10 8 8
left_child=5 -2 4 -4 12 -1 7 10 9 14 13 -12 -3 -7 18 17 -17 -16 19 20 24 -22 27 -24 25 26 -9 28 29 -20
right_child=1 2 3 -5 -6 6 -8 8 -10 -11 11 -13 -14 -15 15 16 -18 -19 22 -21 21 -23 23 -25 -26 -27 -28 -29 -30 -31
leaf_value=-0.0073880694576321142 0.035545354993606337 0.020667999894728985 0.007591461389377472 -0.020816858871360294 0.031372500174969356 0.0092642372093983214 -0.015026364405843734 0.01461318663033332 -0.0042941004818640178 -0.0040785742706104184 0.017660011681911256 -0.0024825087632838558 -0.0026713235755043835 -0.0067289747757260533 -0.0010795142450263945 0.0039105782747886828 0.029839990755182851 0.018494537288043796 0.01856306222401715 0.020281853237074685 0.011440356098807693 -0.0072195764950924533 0.0024296923457645461 0.019192411551924193 0.020035164322399886 0.020281853237074685 -0.010596833025021402 -0.0047318426179021392 0.021295139968284815 -0.0094143379459983856
leaf_weight=703.24325735494494 119.03934571519494 86.222250416874886 156.63013241812587 133.80887105315924 94.192860975861549 125.48487876355648 151.14081765338778 105.09926646202803 1299.6244549527764 893.77593357488513 145.83142077922821 340.05035042762756 162.71322771906853 1530.6887497454882 3856.5622255206108 369.71775005012751 89.83307471871376 111.2650007493794 84.414543353021145 261.57605949044228 140.14899313077331 286.76503381878138 1119.4882591366768 238.7963672876358 180.18538645282388 81.256607722491026 157.16213905438781 781.5348678342998 95.645705837756395 171.1876329369843
leaf_count=2350 408 314 477 516 350 291 521 389 3866 3346 348 855 565 3706 14688 1747 231 370 406 695 450 1092 5020 519 1139 478 643 2472 280 660
internal_value=5.70184e-05 0.00930061 0.00432131 -0.00552313 0.0126459 -0.000465903 -7.95297e-05 0.000102879 0.000839815 0.00157955 -0.00344766 0.00358688 0.00546292 -0.00551234 0.00220196 0.000467931 0.00903305 -0.000526101 0.00427437 0.0083984 0.00511062 -0.0010814 0.00226498 0.00538865 0.0101507 0.00492289 -0.000476976 -0.00148196 0.005742 -0.000138257
internal_weight=14073.1 752.607 633.567 290.439 343.128 13320.5 12617.2 12466.1 10324 9024.41 2142.06 485.882 248.935 1656.17 8130.64 4427.38 459.551 3967.83 3703.26 1212.19 950.617 426.914 2491.07 1358.28 523.703 343.518 262.261 1132.78 351.248 255.602
internal_count=49192 2630 2222 993 1229 46562 44212 43691 38491 34625 5200 1203 879 3997 31279 17036 1978 15058 14243 4886 4191 1542 9357 5539 2649 1510 1032 3818 1346 1066
is_linear=0
shrinkage=0.05


Tree=70
num_leaves=31
num_cat=0
split_feature=29 22 38 51 53 82 43 43 52 82 76 41 29 30 82 29 54 41 12 53 48 54 22 52 29 21 56 70 66 12
split_gain=20.6421 29.8839 17.5369 15.6232 15.1043 15.2643 13.8275 12.5955 12.2308 20.4193 14.0837 14.9444 12.02 19.1946 32.3864 12.664 18.6986 13.8973 14.1004 13.333 15.3958 17.9477 14.0054 13.7926 20.5731 14.8791 15.9048 18.2884 17.4028 18.2147
threshold=0.17738752741599717 0.84409722222222239 3.5000000000000004 4.4070456843459889 3.2792207792207795 19.635000000000002 68.133928571428584 70.041666666666671 240.18333333333337 9.2050000000000018 1.1968968429944042 64.000000000000014 0.022187013522803146 0.16612716621874449 9.0250000000000004 0.053454037430890777 22.408333333333335 228.50000000000003 0.70000395319418096 2.9045454545454548 16.941176470588239 24.105555555555558 0.91341829085457282 212.40833333333336 0.12305874921002026 5.0572172619047633 4.0280698090692129 0.017746759163758039 6.5000000000000009 0.4706765261238412
decision_type=10 8 10 8 10 10 10 10 10 10 8 8 8 8 10 8 10 10 10 10 2 10 10 8 10 10 2 2 2 10
left_child=2 3 4 -2 5 7 -4 12 10 -10 11 -6 -1 14 -14 16 -15 18 19 20 21 -17 -21 24 -22 -25 -27 28 -28 -30
right_child=1 -3 6 -5 8 -7 -8 -9 9 -11 -12 -13 13 15 -16 17 -18 -19 -20 22 23 -23 -24 25 -26 26 27 -29 29 -31
leaf_value=-0.0021848352734355359 -0.010304256754214603 0.03676014166733884 -0.0056912411151263257 0.01819207610946914 -0.026178000342720793 0.019636749938141004 0.009030673701441002 -0.0076193283716070722 -0.0034565319872990291 0.016614923413350077 -0.0019438855407639532 -0.0074135959034193752 0.0056726060653287226 0.0028025477231921328 0.038264681133087099 0.019455275331884139 -0.011035385789581851 -0.0097916344993177768 -0.010159442163480635 0.0064217216739137356 -0.0014211646497937814 -0.0030556936136739016 0.025930791142069188 0.00032157540334229549 -0.0250861788925912 -0.0032134850128953856 0.034546183412288482 -0.006476312221951986 0.018381962024742619 -0.0025382245917034895
leaf_weight=1904.4757971391082 109.4946686886251 90.791158348321915 1957.8480975702405 84.193012617528439 154.54874987900257 109.98714789748192 172.7470162846148 406.29899742826819 519.78228563815355 166.4674761146307 601.69654653593898 337.88294541835785 1297.7367052771151 484.62273811548948 80.035155147314072 253.37835258245468 490.26073753461242 235.38632243126631 205.80854162573814 478.56265626847744 551.33822415024042 135.44849069789052 113.24879985302687 2152.2714916579425 109.22858848422766 236.937743563205 98.122760534286499 113.22644435986876 311.49089144170284 155.65280347317457
leaf_count=7101 427 258 5457 281 316 245 700 1921 2434 452 2081 734 5108 1718 236 750 1847 771 793 1704 1547 409 378 7861 280 1114 310 463 1112 456
internal_value=-4.81019e-05 0.0132603 -0.000322701 0.00211247 0.000436954 0.00119784 -0.00449392 0.000989205 -0.0038024 0.00142941 -0.00708216 -0.0133439 0.00136178 0.00226221 0.00759227 0.00106221 -0.00416061 0.00205147 0.00262056 0.00318117 0.00217111 0.0116258 0.0101924 0.00118221 -0.00536632 0.00259359 0.00792915 0.0118193 0.015489 0.0114208
internal_weight=14119 284.479 13834.5 193.688 11703.9 9923.52 2130.6 9813.53 1780.38 686.25 1094.13 492.432 9407.23 7502.76 1377.77 6124.99 974.883 5150.1 4914.72 4708.91 4117.1 388.827 591.811 3728.27 660.567 3067.7 915.431 678.493 565.266 467.144
internal_count=49264 966 48298 708 42141 36124 6157 35879 6017 2886 3131 1050 33958 26857 5344 21513 3565 17948 17177 16384 14302 1159 2082 13143 1827 11316 3455 2341 1878 1568
is_linear=0
shrinkage=0.05


Tree=71
num_leaves=31
num_cat=0
split_feature=76 19 21 45 11 44 47 52 47 48 58 33 28 2 69 48 3 48 70 41 33 34 14 69 33 41 27 45 28 29
split_gain=16.4559 18.1165 13.9656 16.4492 17.5816 22.6343 15.7052 15.6502 15.7288 16.02 16.4892 34.7191 16.2302 14.4345 17.2624 28.2096 26.6756 35.2632 14.1813 18.0947 30.5568 19.4672 29.3803 15.5759 13.0441 12.9827 17.7815 15.7989 13.2785 19.2886
threshold=0.80316592324022629 0.095454545454545472 5.2505144032921818 14.345238095238097 0.12387266482645652 0.64638660399529979 0.59717295280561677 184.13636363636365 0.60119783643089675 29.119485294117649 25.424632352941178 3.5857142857142863 17.507968750000003 1.0000000180025095e-35 0.0068570409470566709 27.454044117647062 14.060000000000002 26.031250000000004 0.0056430533404217623 190.50000000000003 1.6125 1.0000000180025095e-35 0.62041666666666673 0.10980273569837623 0.83333333333333304 104.50000000000001 12.502163461538464 28.683333333333337 10.027108333333336 0.047268829941928471
decision_type=8 8 10 8 8 10 2 8 2 2 2 10 10 2 2 2 10 2 2 8 10 8 8 2 10 8 10 10 10 10
left_child=-1 -2 3 4 5 -3 18 -8 -9 10 12 24 -10 14 15 -4 -16 -18 25 20 21 22 23 -20 -12 27 28 -5 29 -27
right_child=1 2 13 6 -6 -7 7 8 9 -11 11 -13 -14 -15 16 -17 17 -19 19 -21 -22 -23 -24 -25 -26 26 -28 -29 -30 -31
leaf_value=-0.0039574954832490728 -0.0043346230568893224 0.025893564657239666 0.006875633952463045 -0.0056915156591880178 -0.0056257587936992259 -0.0042114108925136746 -0.013551356213106176 0.018610437513515973 0.00023450336870719821 0.018830039002983311 0.010312494622394069 0.040370356860649485 -0.023335158666938024 -0.00059408703526499804 0.0072022733382547431 -0.015353907389514905 0.011692071668163323 0.053498598001519508 0.024289185991948663 -0.0045952256108970782 -0.0034918245996887636 -0.0037181491977947012 0.043751519451993293 0.0023828272111417899 -0.0067253655564568264 -0.0037692380530526372 0.012521172884880364 -0.024915048701502143 -0.015615132486813565 0.010428564330829429
leaf_weight=2199.703139141202 1529.5502628870308 204.08424852788448 716.25831262022257 1231.9280649013817 124.6485197879374 89.400600496679544 132.11293260753155 171.47907925024629 1405.0201627090573 146.63131605088711 307.711440410465 75.552367817610502 76.043306790292263 869.65934915468097 625.9919692389667 177.18740496039391 133.59529739245772 80.789034105837345 145.74589336290956 606.73883917555213 432.56486253812909 116.66733857616782 94.494820389896631 182.05521605536342 175.744843672961 1338.3594806827605 215.18887509033084 116.20194954797626 177.09049925580621 290.24925908446312
leaf_count=5333 5612 659 2648 4015 410 357 421 837 6126 521 1338 258 330 3596 2674 584 587 247 452 2061 1337 354 308 759 750 4194 588 457 666 960
internal_value=1.67731e-05 0.000746244 0.00148961 0.000437598 0.010075 0.0167399 -0.00010549 0.00313219 0.0040722 0.00292414 0.00177223 0.00908086 -0.000990579 0.00466256 0.00729804 0.00245485 0.012438 0.0276218 -0.00173553 0.0021747 0.00640304 0.0143363 0.0193212 0.012167 0.00411784 -0.00356744 -0.00103122 -0.00736573 -0.00265233 -0.00123407
internal_weight=14188.4 11988.7 10459.2 7855.71 418.133 293.485 7437.58 2490.3 2358.18 2186.7 2040.07 559.009 1481.06 2603.48 1733.82 893.446 840.376 214.384 4947.29 1578.27 971.528 538.963 422.296 327.801 483.456 3369.02 2020.89 1348.13 1805.7 1628.61
internal_count=49439 44106 38494 28158 1426 1016 26732 10581 10160 9323 8802 2346 6456 10336 6740 3232 3508 834 16151 5271 3210 1873 1519 1211 2088 10880 6408 4472 5820 5154
is_linear=0
shrinkage=0.05


Tree=72
num_leaves=31
num_cat=0
split_feature=41 17 70 41 33 17 39 76 29 43 21 27 31 15 54 41 58 27 33 20 55 55 48 48 36 27 55 41 29 81
split_gain=18.5169 26.9574 18.2847 25.845 21.3774 16.1588 19.2425 22.5104 25.3645 19.2592 19.2208 18.6457 16.4392 25.3916 17.619 16.2128 16.208 17.1183 16.1089 15.3659 15.367 17.8032 14.7286 18.884 16.1631 14.6725 13.9289 13.0718 12.4366 12.4152
threshold=166.50000000000003 4.2264957264957275 0.0043574846206425157 22.500000000000004 3.3875000000000002 0.24038461538461542 28.017796030116362 1.0405889953698721 0.046972624844924225 63.654761904761912 4.3147107781939251 17.904395604395607 0.47535714285714292 0.43895686697252145 18.679487179487186 162.50000000000003 27.757352941176475 12.147303921568628 4.276190476190477 0.34848484848484823 18.723529411764709 19.732352941176476 25.454044117647062 22.093750000000004 0.35227733660742006 11.95817307692308 22.193750000000005 112.50000000000001 0.048866904358302883 4.1950000000000012
decision_type=8 10 2 10 10 8 2 8 8 10 10 10 8 10 10 10 2 8 8 8 2 2 2 2 10 10 2 10 10 8
left_child=2 29 5 18 19 -1 7 9 -9 16 28 12 13 14 -10 -14 17 -7 -4 -5 -21 -22 23 26 -24 -23 -11 -16 -8 -2
right_child=1 -3 3 4 -6 6 10 8 11 22 -12 -13 15 -15 27 -17 -18 -19 -20 20 21 25 24 -25 -26 -27 -28 -29 -30 -31
leaf_value=-0.0074986595450668159 0.0016858422496721385 0.026483284409024865 0.0098807361008563209 -0.0001238171063181082 -0.007076783872803573 0.0084451978460031493 -0.00034151119949656295 -0.004962518502394455 0.025406897598080205 -0.01788576104485903 0.00067391370776592567 0.029094274213656447 0.0032004434561304107 0.032925999685394433 -0.018308531435570818 0.026510762003358519 0.018227389543713401 -0.0053535292788119762 0.040590998046931094 0.027768580067042595 -0.009724242747691781 0.0078257031363161041 -0.0028996625696532051 0.012357334092980255 -0.027184049746332092 0.026277504814067633 0.001923650569084201 0.0093686107176117958 -0.020348433246861877 -0.0034195827781233114
leaf_weight=584.30058380588889 1596.246401309967 82.465077992528677 92.267694614827633 577.68152213096619 349.72383290156722 393.88464288413525 112.36531975865364 409.97128025069833 84.246121644973755 186.32834212481976 542.06652714312077 105.83527122437954 1171.6927555985749 145.43637394160032 72.981430284678936 78.706896618008614 150.93828649818897 520.72285209596157 79.901611302047968 108.04978737607598 123.66208515316248 753.6314394287765 123.12975952029228 155.07163821160793 154.23871731758118 125.11960651725531 168.27711589634418 99.809649623930454 250.8446754142642 4680.853126578033
leaf_count=1827 3462 482 389 2132 975 863 387 1612 335 373 1750 488 4808 580 305 128 313 1129 281 304 333 2881 344 441 392 466 472 407 882 19486
internal_value=0.000251509 -0.0017462 0.00189701 0.00573818 0.0041601 0.000355803 0.00128869 0.00277144 0.00622784 -0.00127587 -0.00529351 0.00883776 0.00752391 0.0163018 0.00680442 0.00468773 0.00310466 0.000591761 0.0242851 0.0064908 0.00992885 0.00798015 -0.00720289 -0.00214666 -0.0164528 0.0104798 -0.00850628 -0.00235941 -0.0141769 -0.00212123
internal_weight=14080.5 6359.56 7720.89 2210.04 2037.87 5510.85 4926.55 4021.27 2168.68 1852.59 905.277 1758.71 1652.87 402.474 257.037 1250.4 1065.55 914.607 172.169 1688.14 1110.46 1002.41 787.046 509.677 277.368 878.751 354.605 172.791 363.21 6277.1
internal_count=49027 23430 25597 7761 7091 17836 16009 12990 8663 4327 3019 7051 6563 1627 1047 4936 2305 1992 670 6116 3984 3680 2022 1286 736 3347 845 712 1269 22948
is_linear=0
shrinkage=0.05


Tree=73
num_leaves=31
num_cat=0
split_feature=23 77 29 31 14 47 17 70 48 77 44 3 80 30 43 81 41 10 79 57 21 21 41 41 17 31 41 79 30 33
split_gain=15.5294 14.8577 12.0392 19.7522 34.7445 16.9944 17.0774 13.7176 13.7137 26.5728 44.1785 35.3125 26.8815 19.7546 15.2726 15.0483 16.2386 19.4128 17.2811 26.2181 16.2634 14.5649 13.6704 14.7988 20.7267 21.8635 16.6154 13.2847 20.253 16.6497
threshold=1.0000000180025095e-35 0.95205752957154643 0.036954107983519752 0.26645833333333341 0.38414285714285717 0.53173700848538641 3.759615384615385 0.20516307616796689 23.514705882352946 0.3989225437010247 0.53557903694773434 16.62678571428572 18.945000000000004 0.44709254305838897 64.654761904761912 11.645000000000001 12.500000000000002 0.13637296226305515 -0.28942931766636104 237.76470588235296 4.1878676470588241 5.5279733959311432 12.500000000000002 28.500000000000004 3.8944444444444448 0.62997252747252752 73.500000000000014 -0.62152319281471813 0.081206646126095128 0.30769230769230771
decision_type=8 10 8 8 10 2 10 2 2 8 10 10 8 10 8 10 8 10 10 2 10 10 8 8 10 8 10 10 10 10
left_child=-1 2 7 4 27 6 -5 -2 15 14 11 12 -11 -14 -10 16 20 21 19 -19 -7 -18 -12 -24 26 -26 -25 28 -4 -29
right_child=1 -3 3 5 -6 8 -8 -9 9 10 22 -13 13 -15 -16 -17 17 18 -20 -21 -22 -23 23 24 25 -27 -28 29 -30 -31
leaf_value=0.018712115893552161 -0.0031693203898523706 0.019689809026566658 0.032438067999762482 -0.002789238621830439 0.030520731647415845 -0.0046790040173389285 -0.021762166846360197 0.0049491117809904311 0.0044126650163344092 0.057942031990541182 -0.015053996356126295 -0.0022802095383220667 0.037742511552571745 -0.00073714342670768969 -0.0080103487712031973 -0.016132801429820778 -0.00076103788186953551 0.022707600100002587 -0.023393262625783659 -0.018646375069473559 0.025333833214545215 0.0070550453310305739 0.029300293197244417 -0.0077804300921105202 0.0054321875317647692 0.042129181299377337 0.0077495736479030021 -0.015582059384819708 -7.3548872150550979e-05 0.0049159950138156485
leaf_weight=112.7670520581305 3920.0302406512201 95.756400018930435 87.520577542483807 1465.702570989728 145.16413494199514 70.399980347603559 128.09803996235132 599.02532960474491 507.69435550272465 85.981078878045082 83.880084022879601 81.544393956661224 81.133267741650343 56.096462666988373 480.70760658383369 141.93898013234138 3301.8881902433932 68.595425259321928 164.18639166653156 84.306849505752325 123.43854165822268 726.28399164229631 62.08278089389205 329.02887212857604 104.50592138618231 65.729602940380573 359.20920155197382 134.44066289067268 104.38315507024527 367.87404631078243
leaf_count=370 13204 466 427 4353 500 336 391 2523 1269 173 393 213 546 236 1388 376 11091 263 427 398 496 2723 292 2012 418 423 1810 320 572 898
internal_value=0.000313511 0.000164273 2.86565e-05 0.00104715 0.00836245 0.000329971 -0.00432683 -0.00209232 0.00139397 0.00455677 0.00922622 0.0258686 0.0361164 0.0221213 -0.00163124 -0.000159065 0.000343881 -0.000289253 -0.0121808 -6.70453e-05 0.0144654 0.000649612 0.00415606 0.00592089 0.00419803 0.0197645 0.000324563 0.00369182 0.0148452 -0.00059021
internal_weight=14139.4 14026.6 13930.9 9411.82 839.383 8572.43 1593.8 4519.06 6978.63 2297.59 1309.19 304.755 223.211 137.23 988.402 4681.04 4539.1 4345.26 317.089 152.902 193.839 4028.17 1004.44 920.556 858.474 170.236 688.238 694.218 191.904 502.315
internal_count=49307 48937 48471 32744 2717 30027 4744 15727 25283 9173 6516 1168 955 782 2657 16110 15734 14902 1088 661 832 13814 5348 4955 4663 841 3822 2217 999 1218
is_linear=0
shrinkage=0.05


Tree=74
num_leaves=31
num_cat=0
split_feature=36 47 57 73 46 22 55 27 55 28 56 51 45 55 53 30 47 4 37 31 29 30 44 17 29 39 51 52 43 33
split_gain=16.7732 33.7028 26.4518 19.9138 18.3577 15.415 14.1724 24.0474 15.5498 27.6633 16.8199 16.5726 14.1636 17.2876 16.3087 16.9808 14.8001 13.4564 13.3346 16.9974 15.9343 13.1294 15.7268 13.1152 14.5836 19.5114 22.5978 15.2694 16.8431 15.8868
threshold=0.62027483351723089 0.5560511811023624 237.15625000000003 5.5000000000000009 62.514705882352949 0.76220238095238102 26.640000000000004 16.676682692307697 25.542463235294122 11.634254545454548 4.301018798315555 4.8898913307923131 23.516666666666669 25.456250000000004 0.70833333333333337 0.67144522372836313 0.65080849383174977 2.9322063920857189 2.5000000000000004 0.54439102564102571 0.032594924861912102 0.37715598616457302 0.59485727329615468 4.6833333333333345 0.078731495300125534 23.336071184120467 4.7811247712803775 228.04545454545459 59.303846153846159 2.8990384615384621
decision_type=10 2 2 2 2 8 2 10 2 10 2 10 10 2 8 10 2 10 8 10 10 10 8 10 10 2 10 10 10 10
left_child=6 2 -2 -3 -5 -6 8 18 12 11 -11 -10 13 14 -1 16 23 -18 19 20 -8 22 -22 24 -16 -26 27 -27 -29 -30
right_child=1 3 -4 4 5 -7 7 -9 9 10 -12 -13 -14 -15 15 -17 17 -19 -20 -21 21 -23 -24 -25 25 26 -28 28 29 -31
leaf_value=0.020699300119766065 -0.020050850455100105 0.028002332293857041 0.0073428069075047982 -0.0052616754601459929 0.0015776959245514099 0.024769630216761727 0.0026310787260898343 0.031469368626125045 0.00050561978828783086 -0.0097793345383397814 -0.039833272661177532 -0.01800745855972764 -0.0027884272541911694 0.021148579674404436 -0.00077103378160276327 -0.020404631899345931 0.0026509422430560313 0.030959501862091645 -0.003077894064389517 -0.011019670247963971 0.011928487290720652 0.0023773773898647516 0.037387877056857984 -0.016183513667000275 0.026772166364474565 -0.00013233449247187468 -0.013803481845033353 0.029698763979220541 0.016178266270906166 -0.0051238718663580698
leaf_weight=98.31085554510355 172.6640808917582 165.50365863740444 178.11873540282249 169.7745915427804 121.07113388925791 175.03348621726036 440.00829895213246 74.196247257292271 630.54952845722437 96.817993674427271 90.253142673522234 148.54258369654417 4285.859919089824 103.11887692660093 4473.0545623004436 96.698642674833536 95.642173420637846 74.107938967645168 631.31976023316383 121.25729493796825 139.1151487827301 109.29198252037168 108.56047899648547 118.88163067400455 97.707047708332539 440.58411609381437 159.02215815335512 111.55751185491681 213.87474568560719 147.03092809394002
leaf_count=421 399 462 585 434 381 548 1963 281 2834 362 419 480 14619 227 14676 443 436 345 2454 492 546 481 480 424 293 1227 495 332 1015 554
internal_value=-4.35726e-05 0.00625523 -0.0061597 0.0131515 0.00782711 0.0153241 -0.00051607 0.00385478 -0.00113449 -0.00720154 -0.0244137 -0.00304266 -0.000576411 0.000945625 0.000602179 0.000271044 0.000611495 0.0151186 0.00251309 0.00635627 0.00901046 0.0168445 0.0231932 0.000181542 0.000529123 0.00549715 0.00353503 0.00656661 0.0128006 0.00750972
internal_weight=14087.5 982.166 350.783 631.383 465.879 296.105 13105.4 1623.75 11481.6 966.163 187.071 779.092 10515.5 6229.59 6126.47 6028.16 5931.46 169.75 1549.55 918.233 796.976 356.968 247.676 5761.71 5642.83 1169.78 1072.07 913.047 472.463 360.906
internal_count=49108 2809 984 1825 1363 929 46299 6697 39602 4095 781 3314 35507 20888 20661 20240 19797 781 6416 3962 3470 1507 1026 19016 18592 3916 3623 3128 1901 1569
is_linear=0
shrinkage=0.05


Tree=75
num_leaves=31
num_cat=0
split_feature=29 27 38 57 57 33 47 50 76 41 28 33 76 10 48 29 58 5 55 22 51 27 55 47 55 14 55 21 55 29
split_gain=16.7976 30.9268 14.1523 16.0322 14.8153 22.8488 18.6118 16.9444 17.6437 18.0553 19.5491 15.9982 15.8101 23.5065 17.1948 15.2643 14.5498 14.3208 13.6813 21.8594 19.3647 26.7247 14.7234 15.1875 18.5614 30.2035 15.0505 24.8893 13.5211 20.8398
threshold=0.17738752741599717 18.535416666666674 2.5000000000000004 188.52941176470591 204.04044117647064 2.1291666666666669 0.63421584673149145 22.551923076923078 0.80597328279731728 37.500000000000007 15.16578492647059 3.9375000000000004 0.99785310734463295 0.093420918752916929 23.788602941176475 0.092257366331987306 15.181985294117649 9.7833333333333368 24.532352941176473 0.90967365967365976 4.2023989354049789 9.3307843137254931 23.887500000000003 0.58564437912781153 22.813786764705885 0.48045454545454552 18.800000000000001 4.4009132420091337 19.989889705882359 0.057073445257715447
decision_type=10 10 10 2 2 10 2 8 10 10 10 10 8 10 2 8 2 10 2 8 10 8 2 2 2 10 2 10 2 8
left_child=2 -2 3 -1 5 16 7 18 -9 11 15 -10 -8 -14 -15 -11 -5 -18 22 20 21 -20 23 24 26 -26 27 -6 -28 -30
right_child=1 -3 -4 4 6 -7 12 8 9 10 -12 -13 13 14 -16 -17 17 -19 19 -21 -22 -23 -24 -25 25 -27 28 -29 29 -31
leaf_value=0.015431561124110028 0.027033664735529418 -0.0064131777729451531 -0.0024683886719570358 -0.01742979288000656 -0.0087089923236825795 -0.017356319022308813 -0.0054721263127798072 -0.00051206611980952215 0.0088592956706212613 0.010590033780114978 -0.01122120254472582 0.028192613156877072 0.0065274458897764927 0.014410710737594749 0.048067690946273958 -0.0016230495346674153 -0.0012331595510269282 0.018676926978809041 -0.0017076359007867231 -0.009853710648581088 0.0014425520932158167 0.037555900470353606 -0.01501241344245771 -0.0074754625410554517 5.9726879892880443e-05 0.037367640983608848 -0.012275714629289163 0.020952991789552886 -0.011575205553498474 0.0064280397346026599
leaf_weight=184.73862690851092 153.89735819399357 124.22499660402536 4773.8271255195141 100.21860435605049 122.00338749215007 278.9692989513278 158.25863048434258 2023.0157881453633 469.69073024392128 620.58994521200657 206.58809526264668 138.27805042266846 464.36021319776773 89.890028323978186 66.339994329959154 434.39398719370365 394.9001937136054 116.05412900820374 68.715617246925831 179.76838459447026 236.83591280132532 115.96367741748691 255.81410789862275 936.2092841938138 150.38187245279551 83.866550546139479 363.41599593311548 165.82982967793941 256.74363091215491 426.11720701307058
leaf_count=654 504 433 14536 174 347 713 444 10698 1196 1438 482 324 2596 440 319 1114 1291 364 378 815 925 470 876 3294 603 293 886 417 878 1306
internal_value=-1.93586e-05 0.012125 -0.000263527 0.00089227 0.000589565 -0.00552712 0.00126796 0.000478836 0.00272419 0.00622451 0.00280903 0.0132956 0.00860782 0.0122014 0.0289173 0.00556447 -0.000108166 0.00331671 -0.00212115 0.00470788 0.0109267 0.0230162 -0.00360986 -0.00243968 0.000569199 0.0135189 -0.00171299 0.00839359 -0.00449869 -0.000347891
internal_weight=14159.9 278.122 13881.8 9107.95 8923.21 890.142 8033.07 7254.22 3892.56 1869.54 1261.57 607.969 778.849 620.59 156.23 1054.98 611.173 510.954 3361.67 601.284 421.515 184.679 2760.38 2504.57 1568.36 234.248 1334.11 287.833 1046.28 682.861
internal_count=49208 937 48271 33735 33081 2542 30539 26740 15252 4554 3034 1520 3799 3355 759 2552 1829 1655 11488 2588 1773 848 8900 8024 4730 896 3834 764 3070 2184
is_linear=0
shrinkage=0.05


Tree=76
num_leaves=31
num_cat=0
split_feature=55 29 55 31 55 54 41 41 70 33 33 82 38 33 29 47 59 17 14 73 73 5 5 26 58 77 33 56 58 77
split_gain=14.905 24.0974 16.9674 20.1299 19.1869 17.7707 15.4929 18.0618 16.8967 19.5354 22.1261 16.4074 15.0495 22.0026 27.0718 22.1899 19.8912 14.2556 14.542 37.8782 25.2261 24.9969 23.1921 22.1213 19.9586 15.0521 23.8642 13.7311 20.7968 35.8644
threshold=26.640000000000004 0.15790202646401569 25.542463235294122 0.49559027777777781 25.456250000000004 24.258333333333336 166.50000000000003 162.50000000000003 0.0096880561783718195 1.1339285714285714 0.83333333333333304 5.3850000000000007 2.5000000000000004 2.5798319327731094 0.073787836430755857 0.59794328690380272 0.75000000000000011 5.4226190476190483 0.4986607142857144 16.500000000000004 15.500000000000002 8.4166666666666696 12.016666666666667 14.500000000000002 25.454044117647062 0.74675820912156998 2.2426470588235294 4.0422862034784179 24.125000000000004 0.2308502706732796
decision_type=2 10 2 10 2 8 8 10 2 10 10 8 8 10 10 2 2 10 10 2 2 10 10 2 2 10 10 2 2 10
left_child=2 12 4 -4 6 -5 7 8 17 10 11 -10 13 14 -2 -15 -16 18 -1 20 21 -20 -23 25 -25 26 -24 -13 29 -29
right_child=1 -3 3 5 -6 -7 -8 -9 9 -11 -12 27 -14 15 16 -17 -18 -19 19 -21 -22 22 23 24 -26 -27 -28 28 -30 -31
leaf_value=-0.002258955108546179 0.0063905513419261614 0.031707193875174532 -0.0030757551524248027 -0.0065835944940540736 0.017516346506114788 -0.035540404525758018 -0.0022374804051174878 0.015981413471997049 -0.0040594506312897106 0.00011323661123456128 0.036117633045720944 9.2482861154330747e-05 -0.0034784191860672276 -0.015976761363675426 0.047768990745855576 0.015098460388256517 0.010512950560828146 -0.019122205278258114 0.023602684676984398 -0.019035287227682461 0.029953618688984315 -0.010944970918772593 -0.0094510422014731192 -0.007246807035615194 0.014798650045651302 0.033689151177424201 0.02284082167274816 0.0096615731139967267 0.0047695075759917709 0.054957137359503763
leaf_weight=2799.8905479609966 697.66511438786983 76.360883429646492 817.06661519780755 112.5066564232111 154.04957399517298 100.10587391257286 5065.7515658847988 207.08235220238566 186.72672009468079 782.9505958519876 80.275082431733608 133.32850364595652 564.61640244722366 178.95685004070401 75.192285880446434 83.46671137958765 68.978596452623606 100.19500847533345 150.49000507593155 160.26978267729282 105.63123910874128 263.81008520722389 96.77047235891223 341.23595540598035 145.66649597883224 88.516672775149345 137.42990630120039 95.232914492487907 139.75720576941967 80.59399525821209
leaf_count=9029 3139 277 3551 457 360 319 17847 384 409 2446 281 822 2114 625 355 321 316 365 451 427 330 807 438 899 387 218 489 527 633 203
internal_value=0.00010053 0.00442426 -0.000511016 -0.0066527 4.83907e-05 -0.0203201 -0.000194245 0.0015038 0.000992063 0.00557375 0.0115371 0.00838093 0.00315766 0.00655082 0.0104886 -0.00607315 0.030139 -0.000573194 -0.000135588 0.00385379 0.00662518 0.00458899 0.00190387 0.00609893 -0.000634659 0.0162289 0.00951453 0.0135531 0.0192217 0.0306171
internal_weight=14090.6 1745.24 12345.3 1029.68 11315.7 212.613 11161.6 6095.85 5888.77 1498.87 715.914 635.639 1668.88 1104.26 841.836 262.424 144.171 4389.91 4289.71 1489.82 1329.55 1223.92 1073.43 809.62 486.902 322.717 234.2 448.913 315.584 175.827
internal_count=49226 7147 42079 4327 37752 776 37392 19545 19161 5321 2875 2594 6870 4756 3810 946 671 13840 13475 4446 4019 3689 3238 2431 1286 1145 927 2185 1363 730
is_linear=0
shrinkage=0.05


Tree=77
num_leaves=31
num_cat=0
split_feature=33 52 39 56 20 54 56 45 63 48 22 53 11 33 33 39 25 12 13 48 39 24 14 38 45 58 57 6 57 55
split_gain=17.4153 19.3564 18.8323 26.2163 43.9519 32.8107 18.6936 21.8844 41.7224 20.5977 25.395 16.7343 13.7678 13.8267 11.8168 11.7895 17.0779 12.934 17.362 15.2752 11.3395 20.805 14.8241 12.1104 17.064 18.2808 12.8491 14.5343 21.7125 14.4493
threshold=3.7321428571428577 184.13636363636365 29.341546885694733 4.0280698090692129 2.1909090909090914 28.866071428571434 4.1456600985221685 20.160256410256412 1.0000000180025095e-35 23.468750000000004 0.80365487316421913 3.8944444444444448 0.2000195987365305 3.1339285714285716 5.1079545454545459 24.710472279260781 -0.064999999999999947 0.053355119825708071 0.2180299487377402 29.218750000000004 24.562628336755651 -0.058909090909089905 0.19348484848484851 3.5000000000000004 15.519230769230772 22.181985294117649 258.21875000000006 8.3605997343430989 233.38235294117649 24.690625000000001
decision_type=10 8 2 2 10 10 2 8 2 2 10 10 10 10 10 2 10 10 10 2 2 10 10 8 8 2 2 10 2 2
left_child=11 -2 3 4 -3 6 -5 -8 9 -9 -11 12 13 15 -6 20 -17 -18 -19 -20 23 22 -22 24 25 -1 27 -26 -29 -28
right_child=1 2 -4 5 14 -7 7 8 -10 10 -12 -13 -14 -15 -16 16 17 18 19 -21 21 -23 -24 -25 26 -27 29 28 -30 -31
leaf_value=0.029313446106961117 -0.014246014928092521 0.04896286438839198 -0.0090403725490368451 -0.0082298185622214984 0.020323719948529578 -0.018757840504176941 0.026231755993300389 -0.024412260763211426 0.025554459263228291 0.019285896470903594 -0.016559221696715407 -0.0072195575811859957 0.016024314246594468 -0.0077308213048437524 -0.0048575785524463235 -0.0032928020314820492 -0.0022825355090398511 0.010595132910101357 -0.0018005108399109843 0.018914530792400335 0.0089422236957801184 -0.0067801410587350654 0.036931162332405849 -0.005377678656712969 0.00082732833374350343 0.0015040741704242669 0.0024339187733552949 0.0010241731188626198 -0.032493483304432483 0.015549006431223309
leaf_weight=118.75633833929896 116.88130100443959 99.18729530647397 162.91749118641019 135.09634005650878 92.415004171431065 125.31804359331727 193.52941600605845 94.051193669438362 174.3934602625668 113.65682276710868 85.867226421833038 866.31200166791677 131.17480081319809 578.69497684016824 92.321022044867277 3846.616283301264 1139.0293989740312 704.09701842814684 877.85984951630235 98.019823171198368 108.6309866309166 99.702948406338692 84.014538746327162 546.700847402215 2056.8263701498508 116.89034482836723 694.47815637290478 112.2647467777133 83.746479496359825 300.35143140330911
leaf_count=403 256 410 501 356 371 377 565 240 484 464 233 2750 475 1709 233 13030 4156 2494 3160 358 392 359 308 1948 7149 469 3120 428 298 1538
internal_value=8.71563e-05 0.00520457 0.00687469 0.00903064 0.0222891 0.00492769 0.00867267 0.0121318 0.0062573 -0.0052537 0.00385393 -0.000518312 -2.14609e-05 -0.000204801 0.00778108 0.000192233 -0.00112658 0.00182941 0.00461703 0.000297393 0.0022258 0.0117173 0.0212761 0.00153452 0.00262061 0.0155835 0.00167553 -0.00041494 -0.0133886 0.00640516
internal_weight=14049.8 1485.63 1368.75 1205.84 283.923 921.913 796.594 661.498 467.969 293.575 199.524 12564.2 11697.9 11566.7 184.736 10988 6665.62 2819.01 1679.98 975.88 4322.36 292.348 192.646 4030.01 3483.31 235.647 3247.67 2252.84 196.011 994.83
internal_count=49034 4490 4234 3733 1014 2719 2342 1986 1421 937 697 44544 41794 41319 604 39610 23198 10168 6012 3518 16412 1059 700 15353 13405 872 12533 7875 726 4658
is_linear=0
shrinkage=0.05


Tree=78
num_leaves=31
num_cat=0
split_feature=57 57 77 54 56 30 27 19 77 71 47 79 43 39 29 39 73 56 56 22 27 56 10 22 53 77 19 11 79 55
split_gain=15.9518 25.4058 19.7383 30.2679 38.0793 19.365 27.1409 18.004 17.4052 17.1146 15.9734 14.8303 14.3476 14.212 22.7853 15.864 24.3475 34.5581 19.9559 19.1008 20.972 25.183 21.5277 17.9944 13.4263 13.3711 13.3136 31.5263 16.4306 29.6032
threshold=236.63051470588238 235.82352941176472 0.7664414872298283 25.516666666666669 4.2031176746366627 0.57373656468890666 15.416250000000002 18.683333333333337 0.75785155698745232 0.25581353744530483 0.62106762633078438 -1.0499293085629828 61.408333333333339 28.25051334702259 0.073454623462727825 23.535934291581111 6.5000000000000009 4.0069196428571443 3.7634659676986337 0.84409722222222239 11.548529411764708 4.6633595620937403 0.078096140509087267 0.77859477124183019 2.1180555555555558 0.51330981161600653 7.9615384615384626 0.11381827498866101 -0.21194993211541474 24.129779411764712
decision_type=2 2 10 10 2 10 10 10 10 2 2 8 10 2 10 2 2 2 2 10 10 2 10 8 10 8 10 10 10 2
left_child=1 5 11 4 -4 6 9 8 10 -1 12 -2 -7 14 26 23 17 -17 -18 20 22 -22 -20 -16 -21 -19 27 -13 -28 -30
right_child=2 -3 3 -5 -6 7 -8 -9 -10 -11 -12 13 -14 -15 15 16 18 25 19 24 21 -23 -24 -25 -26 -27 28 -29 29 -31
leaf_value=-0.0018158482325500555 -0.0078259496741229732 -0.018297289306109184 0.0031332482712021995 -0.0062666927734412077 0.044206697602217786 0.0080203206016716128 0.016273777429613608 0.0097539861631855129 -0.032189453750923067 0.0078792667387598062 -0.025690174410614247 0.0014726945973478199 -0.013580598644677125 -0.0029391215379817063 -0.021485757522704894 0.044579578656808283 -0.016175103477571444 -0.0025758541212572918 -0.00020573795688147271 0.0079456878905462391 -0.010874402546322224 0.020282111780319932 0.032287954885946268 0.0091974098105650926 0.03359986412168519 0.021398162869271296 0.0047908186881296146 0.033313185360125834 -0.021346245268377792 0.004714780653819855
leaf_weight=5036.4594838283956 436.56265211105347 221.84427031874657 110.38219293951988 127.23601308465004 114.80190575122833 149.18930706381798 237.86867779120803 99.635053101927042 98.491770192980766 499.42766096070409 103.68659024685621 3250.6312216930091 156.55954784154892 1339.5446149595082 88.211837880313396 110.5098475292325 90.412432912737131 104.85269749164581 98.84750685095787 97.217963598668575 273.88630464673042 83.904793195426464 104.21682629361749 102.02260890975595 108.17637722939253 129.06369706615806 256.97741290181875 78.650928676128387 273.59831900894642 180.14555297791958
leaf_count=15105 693 486 301 378 322 405 559 302 208 1880 306 13177 635 5445 421 453 511 256 424 329 1055 225 543 312 361 552 1875 380 760 646
internal_value=9.33748e-05 -0.00170196 0.00166153 0.0131984 0.0241759 -0.00112225 -0.000228055 -0.00960558 -0.0134149 -0.000939925 -0.00883112 0.00109566 -0.0030487 0.00167196 0.00280954 0.00832559 0.0104494 0.0216588 0.00592265 0.00854772 0.00375456 -0.00353179 0.0165472 -0.00506835 0.0215545 0.0106866 0.000908296 0.00223467 -0.00529935 -0.0110119
internal_weight=14163 6603.16 7559.85 352.42 225.184 6381.32 5773.76 607.562 507.927 5535.89 409.435 7207.43 305.749 6770.87 5431.33 1391.32 1201.09 344.426 856.662 766.25 560.855 357.791 203.064 190.234 205.394 233.916 4040 3329.28 710.721 453.744
internal_count=49305 19886 29419 1001 623 19400 17544 1856 1554 16985 1346 28418 1040 27725 22280 5442 4709 1261 3448 2937 2247 1280 967 733 690 808 16838 13557 3281 1406
is_linear=0
shrinkage=0.05


Tree=79
num_leaves=31
num_cat=0
split_feature=77 33 23 79 31 55 48 28 59 31 44 82 3 41 48 56 46 53 55 70 41 31 36 25 28 21 20 55 50 58
split_gain=17.85 11.8853 11.2053 11.0637 16.6042 23.8054 18.0771 22.1494 28.1454 30.7888 19.6412 15.9404 13.6464 14.3752 12.7963 12.6498 11.9433 11.4136 11.1047 10.1996 20.946 13.5276 15.0048 14.4748 11.4758 10.1483 11.9961 10.6695 12.4163 11.6846
threshold=0.95205752957154643 6.9080882352941186 1.0000000180025095e-35 0.73412245008811328 0.69793706293706304 22.516911764705885 21.878676470588239 12.848143382352943 0.75000000000000011 0.58732142857142866 0.55872872552160713 16.265000000000004 14.704166666666669 54.500000000000007 30.816176470588239 4.2686549440724226 65.21139705882355 3.7207792207792214 18.723529411764709 0.0034196127946127951 35.500000000000007 0.61703296703296717 0.43507527251354611 0.090000000000000011 14.304283088235296 5.2680785895711946 -2.6896474465621345e-16 23.185294117647064 23.829285714285721 22.878676470588239
decision_type=10 10 8 8 10 2 2 10 2 10 10 10 10 8 2 2 2 8 2 2 8 10 8 10 8 10 8 2 10 2
left_child=1 2 -1 4 6 -6 7 12 10 -10 -9 14 13 15 18 -4 17 25 -5 21 -21 22 23 -8 -24 26 -15 29 -29 -27
right_child=-2 -3 3 11 5 -7 19 8 9 -11 -12 -13 -14 16 -16 -17 -18 -19 -20 20 -22 -23 24 -25 -26 27 -28 28 -30 -31
leaf_value=0.015043900725324086 0.021099569666225407 0.013071440891547666 0.02044384977524559 -0.011041956605979434 -0.020573182836701454 0.00093888019097003266 -0.0050144126038579578 0.013327563392375858 0.034499774272413172 0.0053475072013844313 -0.01078410720214628 0.027158817954036664 -0.01339851920183107 -0.016516237004260512 -0.016791785774618619 0.00095011779318624325 0.0075622546958424314 -0.008015893279076312 0.0031662379283647086 0.019766644546118314 -0.001234395670008858 0.0077347633110114444 -0.0081932378896898937 0.0054157518464626906 -0.025181018757024755 0.021413084883926809 -0.00082849159551651955 -0.011678081765860932 0.0086639047922565573 0.0034800316090181577
leaf_weight=113.40430112183094 96.372955158352852 161.2629828453064 161.54657389223576 145.22493400797248 263.79125176370144 249.88103161752224 2813.0204126089811 143.51174719631672 171.22340370714664 191.95762556791306 202.25677686929703 61.733022600412369 183.33637456595898 128.88746909797192 89.780333057045937 170.73920385539532 419.46088066697121 541.48869213461876 2316.99366498366 126.89150489866734 1656.372267305851 219.51467372477055 333.59345471858978 376.39711728692055 141.67937777936459 153.42436209321022 1974.0632378458977 153.4808944016695 144.85569466650486 221.74342229962349
leaf_count=365 465 434 376 1392 495 583 6833 290 395 377 448 131 457 322 567 409 1111 1136 19619 320 4107 486 706 875 302 338 4569 397 451 497
internal_value=-0.00023424 -0.000382261 -0.000539612 -0.000669158 -0.0013559 -0.0101269 -0.000931121 0.00127242 0.00944794 0.0191485 -0.000766948 0.00225801 -9.22804e-05 0.000510299 0.00164526 0.0104602 -0.000376893 -0.00138255 0.00232408 -0.00286025 0.000270214 -0.00429716 -0.00501979 -0.00378219 -0.0132996 -8.64389e-05 -0.00179737 0.00525052 -0.00180519 0.0108512
internal_weight=14127.9 14031.5 13870.3 13756.8 11143.1 513.672 10629.4 4961.98 708.95 363.181 345.769 2613.73 4253.03 4069.69 2552 332.286 3737.4 3317.94 2462.22 5667.47 1783.26 3884.21 3664.69 3189.42 475.273 2776.46 2102.95 673.504 298.337 375.168
internal_count=49253 48788 48354 47989 26280 1078 25202 11573 1510 772 738 21709 10063 9606 21578 785 8821 7710 21011 13629 4427 9202 8716 7708 1008 6574 4891 1683 848 835
is_linear=0
shrinkage=0.05


Tree=80
num_leaves=31
num_cat=0
split_feature=77 26 73 43 56 31 29 48 11 14 48 25 50 53 49 18 21 46 44 56 77 48 28 33 81 44 43 33 51 79
split_gain=11.0381 22.4655 29.4208 20.0797 18.5329 26.1223 29.0096 30.405 11.1464 10.6929 10.5643 7.9981 12.7006 11.0419 11.003 13.4899 12.9239 13.6067 11.1557 10.9784 17.9572 10.6505 10.1585 13.845 9.69907 9.68103 9.37727 11.2708 8.93012 8.76906
threshold=0.62085904424275551 7.5000000000000009 16.500000000000004 60.67948717948719 4.7060160036770862 0.71213286713286728 0.079403815801283653 23.468750000000004 0.077895027492387123 0.64759615384615399 19.593750000000004 -0.022000000000000002 22.989583333333336 3.759615384615385 5.5000000000000009 4.1742424242424248 4.5560796645702313 63.424632352941181 0.52860554208363231 3.8261742633131135 0.29169861427832505 28.750000000000004 3.2718619047619053 1.5339366515837105 1.6150000000000004 0.6230052627111452 60.67948717948719 0.30769230769230771 4.822503516174403 0.93330912589961212
decision_type=10 2 2 10 2 10 10 2 8 10 2 10 8 10 2 10 10 2 10 2 10 2 8 8 8 10 10 8 10 10
left_child=11 3 4 -2 5 6 8 10 -3 -9 -8 12 13 14 15 18 -16 -18 -1 20 28 -13 -23 -24 -21 -19 27 -20 -14 -26
right_child=1 2 -4 -5 -6 -7 7 9 -10 -11 -12 21 19 -15 16 -17 17 25 26 24 -22 22 23 -25 29 -27 -28 -29 -30 -31
leaf_value=-0.0047748773282411923 0.033133540754856319 0.0029312051862781306 -0.01964661278815924 0.0060291107311287416 0.015306299292226025 -0.012750703380479756 0.011002443490413545 0.035167836951574279 -0.016085760610424667 0.014191670886832064 -0.0062962753216666504 0.00068563921239300665 0.00047445633009477004 -0.01173289612358203 -0.0081595669177281487 -0.016565950188743257 0.0056341176674768048 -0.011798919086419113 -0.0028403695093906253 0.010779748955836809 0.02497834344952549 -0.0021580534942686942 0.031897180546764652 0.0070192768766324512 -0.0013742123570616601 0.0080875114542487744 0.00096737902863970951 0.015719091778988555 0.020956786299971917 0.013904504426342751
leaf_weight=452.04858378693461 111.54967212677002 140.73114259541035 148.53048384189606 175.37649700045586 275.01638469099998 268.87053328752518 167.27523905038834 123.64369681477547 168.58885334432125 122.95253692567348 184.65899023413658 3569.7333208881319 457.08428259566426 347.13254491612315 1208.5294411703944 105.71079181134701 461.50609344616532 274.6741451472044 112.91913710162044 184.62463718652725 110.69440464675426 125.07985080778599 82.718316309154034 170.88832142204046 3382.7810913287103 77.890552010387182 679.27417564019561 293.25897668674588 59.235107988119125 95.596511483192444
leaf_count=1404 285 359 317 487 583 555 362 289 446 312 386 13642 2670 1097 4030 539 1445 1043 309 413 316 354 299 683 12058 344 2821 835 226 421
internal_value=0.000228728 0.00378724 0.00147288 0.0166451 0.0036457 0.000909774 0.00496506 0.0113839 -0.00745206 0.0248087 0.00193373 -0.000319687 -0.00120063 -0.00322219 -0.00241329 0.000625818 -0.00488142 -1.08149e-05 0.00181784 0.000690675 0.0067986 0.00153264 0.00949421 0.0152271 -0.000356419 -0.00739505 0.00456531 0.0105652 0.00286027 -0.000950431
internal_weight=14138.6 1887.19 1600.27 286.926 1451.74 1176.72 907.85 598.53 309.32 246.596 351.934 12251.4 8302.96 4012.94 3665.81 1643.21 2022.6 814.071 1537.5 4290.02 627.014 3948.42 378.686 253.607 3663 352.565 1085.45 406.178 516.319 3478.38
internal_count=49330 4381 3609 772 3292 2709 2154 1349 805 601 748 44949 29971 13867 12770 5908 6862 2832 5369 16104 3212 14978 1336 982 12892 1387 3965 1144 2896 12479
is_linear=0
shrinkage=0.05


Tree=81
num_leaves=31
num_cat=0
split_feature=14 47 16 55 55 6 75 56 67 28 41 33 48 79 13 55 48 55 47 45 21 53 46 53 41 31 31 26 44 6
split_gain=15.5083 11.8839 11.6092 11.0811 15.8933 15.2848 24.2111 22.95 17.2907 14.4401 17.2637 13.4974 14.1736 13.2202 15.0708 13.5299 19.4358 18.1019 17.539 21.2067 22.276 17.768 17.4242 16.0869 16.4171 19.5883 15.0182 13.877 13.685 17.87
threshold=0.8404166666666667 0.52331840440660748 0.080128205128205135 20.771875000000005 20.391176470588238 7.6955223361908205 18.955000000000002 4.2798544947825539 1.0000000180025095e-35 14.517156250000005 56.500000000000007 -1.4617936490897892e-16 27.593750000000004 -1.0499293085629828 0.024926464652141402 23.93327205882353 16.847426470588239 24.475735294117651 0.60119783643089675 16.190909090909095 4.5791288566243198 2.9045454545454548 63.727941176470594 1.5166666666666668 181.50000000000003 0.57531250000000012 0.70803571428571443 15.500000000000002 0.54613965370422946 4.1012193308819782
decision_type=10 2 10 2 2 10 10 2 2 8 8 8 2 8 10 2 2 2 2 10 10 10 2 10 8 8 10 2 10 10
left_child=1 -1 3 4 -3 6 11 9 -9 -7 -11 -5 13 -13 -15 18 -17 22 19 -16 21 27 -18 -22 25 -25 -19 -21 -20 -30
right_child=-2 2 -4 5 -6 7 -8 8 -10 10 -12 12 -14 14 15 16 17 26 28 20 23 -23 -24 24 -26 -27 -28 -29 29 -31
leaf_value=-0.0035070191865708674 0.016728805992321981 -0.00087289276675705716 0.015209357077913297 -0.0082269036831353875 -0.010987187418480635 -0.0041245364842417802 0.028738977190199706 0.0081544793819288541 -0.014510250261466309 -0.035920633618965733 -0.0075536167818432065 -0.0077544720988268192 -0.0039868069072382566 0.00031016256735509677 0.028738977190199706 0.019438303084444108 -0.020918196956314718 0.0018375308385567024 0.016033792020035281 -0.0097887011834516952 0.028738977190199706 0.0168883300240435 0.0050164836649678191 0.028738977190199706 -0.0020099746807873196 0.0040325130116687855 0.024426883997115789 0.011921460506105971 0.0063438370572840592 -0.013011601015900823
leaf_weight=2388.2291255705059 134.06452525034547 2759.8636840321124 129.22937559708953 332.30552325770259 451.06049441918731 216.08306586369872 82.140934944152832 351.15565657615662 109.59641453996301 112.14380403980613 103.24667989835143 276.55267572402954 847.03696309402585 2344.5299263745546 142.66538281738758 151.54859176278114 167.53364235907793 1256.1277851499617 131.04933355003595 259.58947522565722 113.60089246183634 147.20217661187053 104.65341079607606 129.29488074034452 134.55905394628644 112.79889848083258 77.174467772245407 101.63501695543528 271.60779893398285 211.01690102368593
leaf_count=7340 574 8352 435 1200 1703 1071 202 1250 421 386 452 439 3081 8888 499 594 471 5143 506 958 291 476 534 464 500 373 214 319 1153 953
internal_value=-0.000132804 -0.000295278 0.00036467 0.000196515 -0.0022967 0.00116272 0.00190878 -0.00501569 0.0027436 -0.0132887 -0.0224207 0.00160351 0.00207262 0.00290999 0.00341481 0.00548669 0.00238302 0.000762008 0.0085908 0.0122534 0.00964924 0.00230772 -0.0109647 0.0172427 0.0119879 0.0197443 0.00316238 -0.00366423 0.00176997 -0.0021283
internal_weight=14149.3 14015.2 11627 11497.8 3210.92 8286.85 7394.62 892.226 460.752 431.474 215.39 7312.48 6980.18 6133.14 5856.59 3512.06 1757.04 1605.49 1755.02 1141.35 998.68 508.427 272.187 490.254 376.653 242.094 1333.3 361.224 613.674 482.625
internal_count=49242 48668 41328 40893 10055 30838 27258 3580 1671 1909 838 27056 25856 22775 22336 13448 6956 6362 6492 3880 3381 1753 1005 1628 1337 837 5357 1277 2612 2106
is_linear=0
shrinkage=0.05


Tree=82
num_leaves=31
num_cat=0
split_feature=29 30 22 25 44 56 51 54 57 81 44 54 54 22 18 14 73 36 30 51 6 39 13 50 82 45 24 81 36 79
split_gain=12.4745 31.7584 31.5951 11.6706 13.6628 21.4773 22.208 11.4801 20.736 11.3824 12.2233 12.4997 16.5363 11.9825 11.3489 17.4975 18.2637 20.1199 34.7418 13.6484 15.6665 17.5233 12.5945 11.1068 14.8445 10.7009 13.0755 13.1212 12.3536 9.94324
threshold=0.17738752741599717 0.56350987301891575 0.79502625888168066 -0.022000000000000002 0.63305426600056935 4.8031545443828838 4.8739117268529037 20.033333333333335 228.41176470588238 8.5250000000000004 0.59017828945479611 26.033333333333335 20.809090909090912 0.83457711442786076 4.2071428571428582 0.62041666666666673 12.500000000000002 0.60392174144339017 0.57147110664436551 4.6096291990498548 8.5755578420677399 26.339493497604384 0.5222318264975675 20.523611111111112 12.245000000000003 22.483333333333338 -1.8034999999999985 1.4650000000000001 0.43088499190404073 -1.0499293085629828
decision_type=10 10 8 10 10 2 10 10 2 10 10 10 10 8 10 10 2 10 8 10 10 2 10 10 8 10 10 8 10 8
left_child=3 2 -2 14 9 6 7 -6 -9 13 11 12 -11 -5 15 22 17 18 -17 20 21 -16 25 -10 -25 26 27 -1 -27 -29
right_child=1 -3 -4 4 5 -7 -8 8 23 10 -12 -13 -14 -15 19 16 -18 -19 -20 -21 -22 -23 -24 24 -26 28 -28 29 -30 -31
leaf_value=0.019692197459329878 0.0022420406231122686 -0.014032625908595685 0.04275680237982199 0.0045852871490853963 -0.002298369190274431 0.03345814630127273 -0.019560179557034027 0.038297421351205473 0.021164000227687472 -0.0073739225937441812 -0.015899975381427508 -0.014353271676854821 0.011829135667122376 -0.0015213179966720638 -0.015276091353887331 0.0047916993196337864 -0.0072301603943619539 6.6031602421594493e-05 0.044973829318864289 -0.020267727486803638 0.016307770094673362 0.0096317849342070754 -0.011016123022885854 -0.018436811150970022 0.011981917107800485 -0.0034682017034679807 -0.0053778166104489662 -0.014015272026368743 0.012719687729394941 0.002042540008470047
leaf_weight=102.00104968249798 98.874722678214312 88.770424872636795 92.961719591170549 2025.0923515595496 147.38263259828091 76.48639328405261 76.239099066704512 70.653168745338917 98.163505278527737 207.64504308998585 181.11856135725975 134.83149799704552 241.41092045605183 1330.4095375873148 236.93412502110004 112.92927973717451 134.74773754924536 147.90702131390572 102.19435710087419 159.47650926560163 82.38692519813776 99.615252938121557 313.05203224346042 65.11338272690773 100.96116318926215 3281.7687213793397 697.45062738284469 98.273843765258789 121.27968724444509 3345.5149557068944
leaf_count=224 317 332 311 7943 613 245 273 355 406 450 438 337 518 4311 897 361 398 398 323 590 377 529 1128 179 653 11641 2520 156 382 11529
internal_value=0.000170552 0.0105882 0.0219949 -4.21689e-05 0.00196251 0.0087835 0.00535063 0.00932093 0.0144261 0.000909471 -0.00459047 -0.00106114 0.00295292 0.00216437 -0.00109736 -0.00063348 0.00845128 0.0142757 0.024 -0.007867 -0.00310939 -0.00789692 -0.00120263 0.00792295 1.65809e-05 -0.000799463 0.000875591 0.00210679 -0.00288772 0.00158037
internal_weight=14071.6 280.607 191.836 13791 4755.51 634.999 558.513 482.274 334.891 4120.51 765.006 583.887 449.056 3355.5 9035.53 8457.12 497.778 363.031 215.124 578.413 418.936 336.549 7959.34 264.238 166.075 7646.29 4243.24 3545.79 3403.05 3443.79
internal_count=49134 960 628 48174 16721 2724 2479 2206 1593 13997 1743 1305 968 12254 31453 29060 1480 1082 684 2393 1803 1426 27580 1238 832 26452 14429 11909 12023 11685
is_linear=0
shrinkage=0.05


Tree=83
num_leaves=31
num_cat=0
split_feature=29 30 22 21 76 54 27 17 47 81 55 47 53 25 39 18 29 81 55 17 11 55 55 55 53 79 66 22 45 6
split_gain=15.2209 27.8534 14.5104 12.2372 16.0209 13.2941 24.0539 23.7002 14.4377 15.8177 10.4525 11.4643 14.6612 10.6607 10.3603 13.9666 13.067 20.9341 16.047 19.4817 16.6407 14.925 11.7543 11.6366 11.6142 11.5074 13.5397 12.0846 10.2195 12.7421
threshold=0.17738752741599717 0.56350987301891575 0.79502625888168066 4.6253205128205144 0.72179114452798665 19.839743589743595 19.955833333333334 3.759615384615385 0.58321212271407585 5.2950000000000008 21.236397058823531 0.65023298238667315 1.8257575757575759 0.23707142857142857 22.317590691307327 3.4083333333333337 0.12671591661626952 7.0750000000000011 23.93327205882353 3.7207792207792214 0.11381827498866101 24.759375000000002 26.752941176470589 23.625000000000004 1.3923076923076925 0.067447602857598765 7.5000000000000009 0.75490951097420111 23.516666666666669 7.6367532368147151
decision_type=10 10 8 10 8 8 10 10 2 8 2 2 10 10 2 10 8 8 2 10 10 2 2 2 10 10 2 8 10 10
left_child=3 2 -2 10 -5 7 14 8 -6 -10 -1 13 -13 28 15 -7 18 -18 19 20 23 25 -20 24 -16 26 27 -19 29 -12
right_child=1 -3 -4 4 5 6 -8 -9 9 -11 11 12 -14 -15 16 -17 17 21 22 -21 -22 -23 -24 -25 -26 -27 -28 -29 -30 -31
leaf_value=-0.0036464602282515433 0.0090437756231420991 -0.011181352771050947 0.036713302371788402 -0.0042198761267868761 -0.0045234048600129003 0.0056132888536390771 0.030775657899391989 -0.021608729473166197 0.02064941030222563 0.0018041081052755929 0.001610726900298826 0.029948936208683791 0.0021907186847396854 0.017050664558221167 0.019047585114325184 0.031453294510503209 0.010898767895663066 0.0079305648073111426 -0.0043532149318532935 0.030404453850083321 -0.0085755118600445556 0.0061982833231711311 0.0081971973181874762 0.025579145760366292 0.005157421092109783 -0.020907521605995221 0.017338866280760864 -0.021209918257046524 -0.0037949519343636866 -0.014274083728188936
leaf_weight=2777.5773610137403 97.820726364850998 88.743992783129215 92.513068035244942 912.31695398688316 604.83450065553188 162.55953069403768 84.760405421257019 128.05816419795156 146.28544127941132 457.25848032161593 3175.627574250102 70.52065160498023 142.57382304593921 85.651121083647013 175.70694656297565 76.501561395823956 211.64865303039551 52.676035311073065 595.85479805991054 90.918218564242125 158.92840740829706 145.72229328006506 270.39367318898439 92.047403268516064 1025.7703591063619 201.26393838226795 53.464414976537228 105.90020929276943 1694.167266253382 130.47478917613626
leaf_count=8501 310 341 307 2266 1990 614 251 549 372 2003 11296 315 616 364 646 342 510 393 2291 476 611 656 1235 334 3524 386 319 583 6251 522
internal_value=0.00032632 0.0118661 0.0226143 9.2607e-05 0.00185473 0.00300027 0.00461813 -0.00124201 0.000932438 0.00639839 -0.00116261 0.000139787 0.0114739 -0.000337261 0.00396092 0.0139789 0.00320372 -0.00246103 0.00501576 0.00807102 0.00665308 -0.0075295 -0.000430753 0.00852931 0.0072029 -0.0123729 -0.00421193 -0.011541 -0.000638454 0.000979709
internal_weight=14108.5 279.078 190.334 13829.5 5752.87 4840.55 3504.12 1336.44 1208.38 603.544 8076.59 5299.02 213.094 5085.92 3419.36 239.061 3180.3 770.676 2409.62 1543.37 1452.45 559.027 866.248 1293.52 1201.48 413.305 212.041 158.576 5000.27 3306.1
internal_count=49174 958 617 48216 20351 18085 13171 4914 4365 2375 27865 19364 931 18433 12920 956 11964 2847 9117 5591 5115 2337 3526 4504 4170 1681 1295 976 18069 11818
is_linear=0
shrinkage=0.05


Tree=84
num_leaves=31
num_cat=0
split_feature=23 39 47 39 67 52 6 41 47 33 7 33 20 0 39 48 6 29 28 50 6 10 50 3 51 48 20 51 56 40
split_gain=12.5375 11.0126 14.764 18.0285 17.2072 16.4921 16.8985 26.4669 19.7381 32.0448 15.0032 20.946 17.0025 25.1692 14.6143 13.2038 13.0112 12.9232 41.8661 47.6968 14.7173 14.74 13.8411 12.8118 12.6932 12.6701 12.651 12.1031 11.1843 11.038
threshold=1.0000000180025095e-35 24.710472279260781 0.52230692864999961 24.179329226557154 1.0000000180025095e-35 173.70833333333334 9.3510580859799539 112.50000000000001 0.60935946819085496 5.0384615384615392 2.296821428571429 2.5798319327731094 2.8166666666666669 5.5000000000000009 25.199178644763865 18.121323529411768 5.8335071393694493 0.13600591768402551 17.81439560439561 19.476388888888895 5.3411493796734346 0.12065625543106191 19.402142857142859 6.8055555555555562 3.9442600948989193 24.781250000000004 -0.20000000000000004 3.4580534291516956 4.4170330638865813 3.5000000000000004
decision_type=8 2 2 2 2 8 8 8 2 8 10 8 10 2 2 2 8 10 10 8 8 10 8 8 10 2 8 8 2 2
left_child=-1 2 23 5 10 -4 -7 8 9 -8 -5 12 13 -12 15 -3 -13 22 19 -19 -21 -22 29 -2 -9 -25 -24 -28 -6 -16
right_child=1 14 3 4 28 6 7 24 -10 -11 11 16 -14 -15 17 -17 -18 18 -20 20 21 -23 26 25 -26 -27 27 -29 -30 -31
leaf_value=0.017194612299216691 0.0016141493521861377 0.0093585943933669185 -0.014165434377178194 0.003013606409608315 -0.0097810813749107956 -0.00044265607007773185 -0.008099757716309091 -0.0065885382487417266 0.033194643865490946 0.02431616943837046 0.034180090902876867 0.022029234543402151 0.043647788692529124 0.003013606409608315 -0.010370855315928783 -0.0089671907731124472 0.003013606409608315 0.052657931727754251 -0.0093071207380403358 -0.0092071912828138799 0.032211973580821264 0.0017827103872052965 -0.018002842476596816 -0.0041144546155370901 0.0074415395159650975 -0.025119015016877917 0.0093396552317154373 0.00011106716219977612 0.01080669260749118 -0.001910971574325071
leaf_weight=107.6628161482513 321.60791558027267 110.58556243032217 165.16275674104691 277.00968177616596 174.29799669608474 2311.0285970047116 137.84620163962245 309.24672029539943 126.8604042455554 168.52539978548884 116.12298699095845 90.086804106831551 90.247393503785133 111.4689762853086 568.00075018778443 833.84197407588363 102.96565150842071 77.586319755762815 224.84477078169584 83.049544990062714 76.969551991671324 81.543143779039383 90.287808518856764 174.75519039109349 334.59865849465132 121.43417771160603 381.50959403812885 4990.2716423273087 104.79608912393451 1197.9144199192524
leaf_count=352 1034 525 427 1208 600 9145 533 1256 473 546 406 315 238 456 1660 2693 327 270 791 351 308 321 315 491 1247 327 1715 16790 332 3594
internal_value=0.000276558 0.000144808 0.00195653 0.00292738 0.00862385 0.00121487 0.00196858 0.00713786 0.0166774 0.00975232 0.0123989 0.0174719 0.0253436 0.0179262 -0.000944032 -0.00681375 0.00444828 -0.000229977 0.00719472 0.0188133 0.00777056 0.0166677 -0.000789693 -0.00529709 0.000702957 -0.0127816 0.000454586 0.000768108 -0.00203967 -0.00463639
internal_weight=14062.1 13954.5 5238.06 4620.26 1067 3553.27 3388.11 1077.08 433.232 306.372 787.901 510.892 317.839 227.592 8716.41 944.428 193.052 7771.98 543.993 319.149 241.562 158.513 7227.98 617.797 643.845 296.189 5462.07 5371.78 279.094 1765.92
internal_count=49046 48694 19361 17509 3882 13627 13200 4055 1552 1079 2950 1742 1100 862 29333 3218 642 26115 2041 1250 980 629 24074 1852 2503 818 18820 18505 932 5254
is_linear=0
shrinkage=0.05


Tree=85
num_leaves=31
num_cat=0
split_feature=39 39 46 29 73 50 27 25 46 81 47 19 27 36 19 50 67 44 48 39 24 0 21 48 48 24 11 48 26 33
split_gain=12.6388 17.5153 15.4913 14.319 28.4524 17.3083 15.7003 15.4818 13.9261 13.5004 13.235 23.185 20.9966 16.6213 15.2139 14.5687 16.6913 18.3666 14.6992 14.182 13.1137 13.0155 11.7881 11.5289 15.8484 11.6918 11.6118 10.7252 11.6057 20.2259
threshold=24.710472279260781 25.199178644763865 62.150735294117659 0.13600591768402551 6.5000000000000009 21.972077922077926 18.535416666666674 -0.053333333333333323 62.181985294117659 12.255000000000001 0.61268375685421084 15.345238095238097 10.729411764705885 0.47198098894625973 11.516666666666667 18.643181818181823 1.0000000180025095e-35 0.5700755197589108 16.941176470588239 23.158110882956883 -0.18716666666666668 9.5000000000000018 4.9689564977973584 27.205882352941178 26.500000000000004 -3.0859166666666673 0.050899574318285588 30.816176470588239 13.500000000000002 -6.1062266354383602e-17
decision_type=2 2 2 10 2 10 10 10 2 10 2 10 8 8 10 8 2 10 2 2 10 2 8 2 2 8 10 2 2 10
left_child=9 2 -2 6 -5 -6 7 27 -7 10 15 12 13 20 21 16 17 -1 19 -17 -12 -14 -19 24 25 26 -20 28 -3 -30
right_child=1 3 -4 4 5 8 -8 -9 -10 -11 11 -13 14 -15 -16 18 -18 22 23 -21 -22 -23 -24 -25 -26 -27 -28 -29 29 -31
leaf_value=0.0013548053826555858 -0.015058657496597821 -0.0047956651365468452 -0.0021216938864736896 0.025336697850769321 0.011649580859745705 -0.025407292724084818 -0.017144396238211967 0.0022264210826104312 0.00087282602649039445 0.019306879750080483 0.014759522494893824 0.026736196926056052 -0.0004961045174529617 0.035511347501705641 -0.014050752010412729 0.028586867769529178 -0.0075343099764562053 0.0093826783439042855 -0.001747232998171516 -0.00081728929356300248 -0.0060289022550931706 0.018009823077965826 0.030023734792843221 -0.0090175104287805296 0.01371323229974529 -0.0030642848778710177 0.023825140967747897 -0.015109097929974145 0.021789392231206638 -0.00059912098248560705
leaf_weight=272.09029027819633 399.31878421828151 1983.3941603042185 549.31945068016648 156.688985388726 175.90857079252601 82.630323279649019 146.01515147835016 2844.9336202256382 126.7438488304615 108.47820670902729 249.96785451471806 118.89742778241634 574.34026202186942 66.920303590595722 171.269266679883 76.594978183507919 163.88702628016472 141.36484726518393 93.950674071907997 86.853786397725344 108.06916651874781 112.83390351012349 136.98337987065315 524.17128248140216 172.66141991689801 2011.654631331563 82.939289037138224 161.88546445965767 105.02949146181345 2075.506787315011
leaf_count=727 1069 6855 2170 579 579 281 440 9855 582 324 1234 483 2436 323 514 362 458 508 338 287 580 460 522 1655 583 7352 330 495 283 6486
internal_value=-4.37066e-06 -0.0011635 -0.00757749 -0.000388389 0.00744589 0.000123197 -0.000969632 -0.000637928 -0.0095702 0.0019312 0.00156264 0.00570679 0.00373927 0.0128148 -0.000763067 1.72546e-05 0.00643933 0.0106059 -0.00148902 0.0130521 0.00848547 0.00256432 0.0196119 -0.00231697 -0.000826314 -0.00197913 0.0103095 -0.00252179 -0.00202891 0.000488756
internal_weight=14081.3 8807.37 948.638 7858.74 541.972 385.283 7316.76 7170.75 209.374 5273.93 5165.45 1402.3 1283.4 424.957 858.443 3763.15 714.326 550.439 3048.83 163.449 358.037 687.174 278.348 2885.38 2361.21 2188.54 176.89 4325.82 4163.93 2180.54
internal_count=49150 29674 3239 26435 2021 1442 24414 23974 863 19476 19152 6030 5547 2137 3410 13122 2215 1757 10907 649 1814 2896 1030 10258 8603 8020 668 14119 13624 6769
is_linear=0
shrinkage=0.05


Tree=86
num_leaves=31
num_cat=0
split_feature=77 79 15 79 79 57 57 82 77 47 81 25 48 11 47 46 81 20 3 57 56 0 52 9 27 47 30 41 27 10
split_gain=15.1635 10.5217 23.3066 19.0442 11.4551 15.3293 13.6909 11.364 10.2637 17.9822 10.4167 11.2124 8.99835 15.7961 16.1332 14.0964 23.9088 16.6801 13.2809 16.6797 22.4714 22.4357 22.1637 22.3412 21.0883 19.9969 14.5122 16.4098 13.3289 12.5018
threshold=0.95205752957154643 0.50938651993232165 0.69442640687119306 0.93330912589961212 0.39243744134653241 236.26470588235296 219.03125000000003 10.435 0.23655137349191493 0.56365940444833107 1.3650000000000004 0.082678571428571448 17.545955882352946 0.15170807352170723 0.58868785543936897 62.514705882352949 6.1350000000000007 1.8397435897435896 9.6267857142857167 236.63051470588238 5.0185342632888537 9.5000000000000018 260.78888888888895 11.961166666666669 17.061607142857145 0.57750706504773019 0.25117858494059825 78.500000000000014 6.4418750000000005 0.059227018257024679
decision_type=10 8 10 8 8 2 2 10 10 2 8 10 2 10 2 2 10 8 8 2 2 2 8 8 8 2 8 8 8 10
left_child=1 4 7 -4 12 6 -6 8 10 -10 -3 -12 15 18 -15 17 -17 -1 26 20 21 -20 23 -21 -24 -26 27 -14 -28 -29
right_child=-2 2 3 -5 5 -7 -8 -9 9 -11 11 -13 13 14 -16 16 -18 -19 19 22 -22 -23 24 -25 25 -27 28 29 -30 -31
leaf_value=0.0055981273973138464 0.019968344276513776 0.023857501979551526 0.031353871341307619 0.0026585812957342549 -0.00289358672246731 0.0011355692003110088 -0.015300983474829872 -0.0089363323354604181 0.025099405271884284 0.00094264371966888173 -0.00059773399380616988 0.011042482193767205 0.015321515166497554 -0.003272095864424009 -0.02366331105009533 0.0038168152528580629 0.030618699438067578 -0.011419190530290283 -0.00031793188948056221 0.027769999824963216 0.017539566849137787 -0.017022527362382977 -0.0047049605643569511 0.0073342878371840826 -0.00057917166360387461 0.029047180450453215 -0.019607377942309153 0.00087581970638662206 -0.0039275583452350561 -0.0088720845574690732
leaf_weight=392.61240963637829 93.26499317586422 47.802328571677208 119.88220936059952 111.22230033576488 442.51870441436768 612.53746792674065 447.01918110251427 253.6544738560915 126.36379812657833 195.17327859997749 2151.4416390061378 227.87987926974893 173.32566671073437 293.41715072095394 144.19961331784725 299.41774147748947 114.42245814204216 226.07204946875572 920.81755386292934 173.74832525849342 134.46086230874062 256.15021929144859 597.69543473422527 575.34947556257248 122.98009534180164 105.03115485608578 144.84348791837692 2319.5187187939882 1937.3152517229319 382.24508729577065
leaf_count=929 454 111 208 1244 583 920 586 590 297 491 17636 2487 478 744 458 757 310 566 2150 431 306 548 1684 1386 353 330 329 5816 5026 1043
internal_value=-1.8426e-05 -0.00015252 0.0023496 0.0176148 -0.000900692 -0.00495104 -0.00913885 0.00116908 0.00210455 0.0104846 0.000990524 0.00052128 -0.000247003 -0.00079593 -0.0100299 0.00415204 0.0112832 -0.000628524 -0.000279523 0.00241638 -0.00174828 -0.00396481 0.00588343 0.0121049 0.000231354 0.0131352 -0.00184931 0.000453083 -0.0050272 -0.000506084
internal_weight=14142.4 14049.1 3233.42 231.105 10815.7 1502.08 889.538 3002.32 2748.66 321.537 2427.12 2379.32 9313.62 8281.1 437.617 1032.52 413.84 618.684 7843.48 2886.23 1311.43 1176.97 1574.8 749.098 825.707 228.011 4957.25 2875.09 2082.16 2701.76
internal_count=49251 48797 23064 1452 25733 2089 1169 21612 21022 788 20234 20123 23644 21082 1202 2562 1067 1495 19880 7188 3004 2698 4184 1817 2367 683 12692 7337 5355 6859
is_linear=0
shrinkage=0.05


Tree=87
num_leaves=31
num_cat=0
split_feature=29 73 10 69 27 58 51 31 56 33 57 54 52 20 82 69 79 53 28 55 58 55 45 0 25 24 20 10 56 51
split_gain=12.0064 30.9409 10.6561 14.4479 12.4415 24.7646 25.7692 18.6199 14.6515 23.4852 11.2723 12.8257 16.4033 11.1307 10.5934 10.1467 10.1077 11.6172 10.0236 20.1005 17.8264 26.7207 24.9177 15.6969 9.32191 14.3453 16.3928 13.8836 15.8978 10.5375
threshold=0.17738752741599717 8.5000000000000018 0.18760779980888678 0.048976134146399931 15.416250000000002 25.485294117647062 4.4070456843459889 0.63328671328671338 4.1911645281793088 2.1291666666666669 203.28125000000003 23.809090909090912 242.19090909090912 2.6410256410256419 11.115 0.013024482347358037 -1.0499293085629828 2.2403846153846159 13.286933333333335 24.015625000000004 22.726102941176475 20.212316176470591 23.62019230769231 6.5000000000000009 -0.003333333333333337 -2.5034666666666685 4.4807692307692317 0.1347191991023394 5.1134226804123717 3.5733721526404456
decision_type=10 2 10 2 10 2 10 10 2 10 2 8 10 10 10 2 8 10 10 2 2 2 10 2 10 10 10 10 2 10
left_child=2 -2 4 -4 7 10 -7 16 14 -10 -6 12 15 -13 -9 -12 17 -1 24 20 22 -22 -20 -21 -18 -26 27 28 29 -27
right_child=1 -3 3 -5 5 6 -8 8 9 -11 11 13 -14 -15 -16 -17 18 -19 19 23 21 -23 -24 -25 25 26 -28 -29 -30 -31
leaf_value=0.0025370840478365691 0.030550920603435863 -0.0034051582104725852 -0.024647531516678558 0.0041719358998423169 -0.013134545093759132 0.029589077039612874 -0.0015561420430427479 -0.030320690495933646 0.015510748600430778 -0.013842600128669211 -0.0086455831030872888 0.0061961572373440393 0.024027895561512174 -0.014358739421243299 -0.0073473928826980565 0.0120734123550345 -0.0008441160413788023 -0.010764515816073629 0.036630149638140742 -0.018097143946263564 0.022563218224275945 -0.011742911621343173 0.0019808283649665631 0.0084072644301438904 0.022422579321281378 0.013016804947507846 -0.015692743403678194 0.020448859025733228 -0.014949664986105369 0.0018015652191963876
leaf_weight=263.32350444793701 112.56638230010867 163.48755785450339 99.616239208728075 76.149167817085981 122.83584610372782 177.3436869867146 105.66787661239505 111.84309414029121 110.07041417807341 175.3592371493578 117.76187734678388 120.36084174737334 125.37504073232412 143.30016969889402 91.851147159934044 116.63565792888403 7682.8811542764306 433.41284942626953 129.15616008266807 119.76295466721058 97.555429626256227 132.88125105574727 86.483405042439699 103.11306986957788 86.00709119066596 228.39932553470135 126.86231887340546 104.03456685692072 131.87285547703505 2414.2511567696929
leaf_count=418 373 588 381 328 287 545 287 494 273 534 302 355 402 339 179 298 27737 688 505 541 317 597 321 428 346 1061 496 439 371 8906
internal_value=0.00019541 0.0105014 -1.0985e-05 -0.0122087 0.000146866 0.0054301 0.0179959 -0.000284117 -0.0098387 -0.00250842 0.000647021 0.00337911 0.00950744 -0.0049875 -0.0200479 0.00167163 0.000101618 -0.0057409 0.000457817 0.00639201 0.0125091 0.00281534 0.0228071 -0.00585216 8.88176e-05 0.00240689 0.00182682 0.00260412 0.00192788 0.00277543
internal_weight=14110.2 276.054 13834.2 175.765 13658.4 1029.28 283.012 12629.1 489.124 285.43 746.269 623.434 359.773 263.661 203.694 234.398 12140 696.736 11443.3 668.952 446.076 230.437 215.64 222.876 10774.3 3091.43 3005.42 2878.56 2774.52 2642.65
internal_count=49136 961 48175 709 47466 2815 832 44651 1480 807 1983 1696 1002 694 673 600 43171 1106 42065 2709 1740 914 826 969 39356 11619 11273 10777 10338 9967
is_linear=0
shrinkage=0.05


Tree=88
num_leaves=31
num_cat=0
split_feature=77 47 17 6 28 21 56 41 81 33 41 43 45 58 54 47 82 54 57 57 18 45 41 41 73 67 15 28 46 45
split_gain=15.0572 10.7517 15.545 11.3384 21.2518 11.2859 13.0977 19.2741 16.6574 15.559 23.4202 15.4638 26.4649 19.7481 14.8309 24.6652 15.4351 15.308 13.0545 20.288 12.9918 12.4868 12.1897 12.0055 16.4897 11.9911 19.157 16.1747 11.9117 11.7926
threshold=0.95205752957154643 0.52331840440660748 3.8660714285714293 8.4912339729314343 6.714312500000001 4.162249912249913 4.6541454519192582 8.5000000000000018 8.0050000000000008 0.27619047619047604 35.500000000000007 58.639610389610397 23.174242424242429 26.69852941176471 16.035714285714288 0.58727670796636333 2.7950000000000004 19.679487179487186 222.54595588235296 231.81250000000003 4.7207792207792219 15.296703296703299 7.5000000000000009 37.500000000000007 5.5000000000000009 1.0000000180025095e-35 0.50921829927925455 15.344483333333335 58.545955882352949 21.881944444444446
decision_type=10 2 10 10 10 10 2 8 10 10 8 10 10 2 8 2 10 10 2 2 10 10 8 8 2 2 10 8 2 10
left_child=1 2 3 4 -1 22 7 -7 14 -8 -11 -12 13 -13 15 -9 -17 29 -19 -20 25 -21 -3 24 -24 26 -10 -28 -23 -16
right_child=-2 5 -4 -5 -6 6 9 8 20 10 11 12 -14 -15 17 16 -18 18 19 21 -22 28 23 -25 -26 -27 27 -29 -30 -31
leaf_value=4.8310216556731857e-06 0.019541481711643251 -0.018431766368457368 -0.021775798091049282 0.0086818809469282748 -0.011033050612547534 0.017473305709129285 -0.00046894620020501503 -0.0021653517629443763 -0.0095331689131590968 -0.0084173296674513159 -0.0023072884191846586 0.039138062323288043 0.0070725441771603602 0.01202619712857717 -0.012361226482907814 0.0089027536970122181 0.036392259581273873 0.0097997664962431036 -0.011998445367862126 0.019335887413895872 -0.016483016228513177 0.020372460999179619 0.019705056338307658 -0.0014294287526557836 -0.0019861952501362481 -0.012859268012002141 0.018452855586987321 -0.0040088585471705906 0.00072742162171415034 -1.0837022762399641e-05
leaf_weight=1408.6669037416577 97.550100535154343 98.834539592266083 105.95297874510288 213.18266893550754 630.60123801231384 166.5120694488287 511.96161676198244 188.28981078788638 238.96453231573105 134.53285713121295 115.9768545627594 171.90270908176899 291.7421231418848 111.81217245385051 345.32416598498821 101.741749368608 103.27868896722794 495.07197333872318 269.61604089662433 104.86625608056784 212.67581197619438 79.947961814701557 163.12788192182779 4959.2586280852556 187.59265569224954 205.61731369793415 190.26446735858917 137.43709708750248 1652.2395071610808 437.37878116965294
leaf_count=4471 474 358 312 562 1921 571 1553 583 668 376 265 553 995 309 1253 582 239 1887 860 442 604 287 526 17213 803 501 445 297 7530 1753
internal_value=6.57078e-05 -7.1047e-05 -0.00314959 -0.00226416 -0.00341214 0.000550998 0.00199499 0.000803603 0.000217258 0.00638043 0.0106213 0.0143325 0.0176843 0.028533 0.00172733 0.0109045 0.02286 0.000657936 0.00250242 0.000783689 -0.0055704 0.00266517 -0.0011222 -0.000796608 0.00813023 -0.0025478 0.00120983 0.00904894 0.00164536 -0.00546858
internal_weight=14131.9 14034.4 2358.4 2252.45 2039.27 11676 6267.15 4929.23 4762.71 1337.93 825.967 691.434 575.457 283.715 3777.75 393.31 205.02 3384.44 2601.74 2106.67 984.959 1837.05 5408.81 5309.98 350.721 772.283 566.666 327.702 1732.19 782.703
internal_count=49193 48719 7266 6954 6392 41453 22553 18502 17931 4051 2498 2122 1857 862 15416 1404 821 14012 11006 9119 2515 8259 18900 18542 1329 1911 1410 742 7817 3006
is_linear=0
shrinkage=0.05


Tree=89
num_leaves=31
num_cat=0
split_feature=25 56 45 9 45 39 40 39 20 3 54 9 7 31 27 0 44 58 82 6 76 47 22 26 48 48 73 31 58 54
split_gain=11.8614 13.8676 12.4057 17.6058 22.6841 12.1512 22.914 14.4813 11.3186 25.1856 11.304 21.4458 20.2857 22.8544 16.4375 12.9499 10.508 10.8883 17.3331 14.7663 12.8811 10.1196 10.0582 9.89492 9.31105 17.2181 12.3894 17.9547 18.7213 16.8
threshold=-0.014722222222222135 4.7060160036770862 26.591666666666672 8.5741666666666685 19.839743589743595 24.710472279260781 2.5000000000000004 24.959616700889807 -8.3266726846886731e-16 6.2683333333333344 27.516666666666669 16.914666666666673 19.389115384615391 0.62201923076923094 15.077350427350428 10.500000000000002 0.58444374411874378 21.60661764705883 6.8450000000000006 2.3334523779156084 1.079253884292539 0.59298438614186966 0.67694497153700206 12.500000000000002 19.150735294117649 19.759191176470591 5.5000000000000009 0.67739583333333342 22.240808823529417 28.654761904761909
decision_type=10 2 10 10 10 2 2 2 8 10 10 10 10 10 10 2 8 2 10 10 8 2 8 2 2 2 2 8 2 10
left_child=5 10 3 21 -5 6 -1 23 9 -9 12 15 13 14 16 -12 -2 19 -19 -18 -21 -3 -10 -7 -24 -26 27 29 -29 -27
right_child=1 2 -4 4 -6 7 -8 8 22 -11 11 -13 -14 -15 -16 -17 17 18 -20 20 -22 -23 24 -25 25 26 -28 28 -30 -31
leaf_value=7.3547096669681245e-05 -0.0012061214234252021 -0.003973035439111248 -0.0042840097796924921 0.0015452228985577748 0.030842851086828767 -0.0054252996744342452 0.018398436395138346 -0.0082648484451399128 -0.0070465123351752925 0.029079732136138625 -0.0061081073642818232 -0.028695927392173387 0.024240504483464639 -0.01264687607077869 0.018801374621282976 0.011905033213830421 -0.0022104151263540989 0.005902825325491772 -0.013467968619642084 0.0035106631152990366 0.022839367254904239 0.013687726082021612 -0.0060077951844941862 -0.021938877605882794 0.013795926793010428 -0.0017675377057914455 -0.0034012601316398545 0.00215482513724435 0.035626714315238887 0.018494558772955125
leaf_weight=3334.8007017485797 1511.8446525298059 197.38786698877811 166.42857282236218 103.99746333435178 180.6813750974834 223.43378498032689 178.78936407715082 90.30872580036521 980.26828178018332 88.600992694497108 428.32618968933821 85.438912488520145 96.175196059048176 276.45276115834713 143.89062460511923 129.00398587435484 163.36074798926711 402.62332421913743 160.76987582445145 136.06767039000988 236.15016724541783 136.30967774614692 900.91072644293308 152.78340650722384 202.60147320479155 933.17471764236689 2207.4706104099751 88.06340017169714 78.7133520655334 113.88219017535448
leaf_count=12524 5038 487 507 298 518 719 528 285 3624 346 1564 330 422 838 365 390 639 2241 425 353 1179 445 2955 527 508 2662 7438 359 345 353
internal_value=-0.000329012 0.00177108 0.0078134 0.0110709 0.0201829 -0.00132825 0.00101098 -0.00268443 -0.00205444 0.010288 0.000511542 -0.00552234 0.00175307 0.00103181 0.00240865 -0.00192479 0.00149834 0.00521655 0.000361107 0.010314 0.0158019 0.00326042 -0.00245735 -0.0121719 -0.0014618 -0.000330316 -0.00117063 0.00288545 0.0180707 0.000451795
internal_weight=14128.7 4554.91 784.805 618.376 284.679 9573.8 3513.59 6060.21 5683.99 178.91 3770.1 642.769 3127.34 3031.16 2754.71 557.33 2610.82 1098.97 563.393 535.579 372.218 333.698 5505.08 376.217 4524.82 3623.91 3421.3 1213.83 166.777 1047.06
internal_count=49212 16039 2255 1748 816 33173 13052 20121 18875 631 13784 2284 11500 11078 10240 1954 9875 4837 2666 2171 1532 932 18244 1246 14620 11665 11157 3719 704 3015
is_linear=0
shrinkage=0.05


Tree=90
num_leaves=31
num_cat=0
split_feature=29 57 30 39 41 9 30 25 39 41 47 39 33 33 66 41 36 45 51 46 76 26 39 46 48 75 56 46 39 0
split_gain=12.3834 28.6517 12.0122 10.7576 16.3732 34.9384 13.554 12.1969 11.6828 13.1899 10.5655 14.0486 13.8733 20.1731 19.5471 19.3461 15.475 16.3324 12.9668 12.5962 12.5731 12.7677 13.1034 12.5453 15.2048 12.5017 12.2076 10.83 11.3671 10.3008
threshold=0.17738752741599717 258.21875000000006 0.74326144872515765 24.710472279260781 24.500000000000004 15.534833333333337 0.63321344785680977 0.26828571428571435 21.867214236824097 37.500000000000007 0.52564104876588202 22.071184120465436 2.7165775401069525 2.3639705882352948 6.5000000000000009 165.50000000000003 0.49142702301755564 18.612500000000004 4.3474446099422837 60.908088235294123 0.92407360481755318 2.5000000000000004 24.598220396988371 61.970588235294123 22.66727941176471 4.4750000000000005 4.3677176672970326 62.060661764705891 22.416153319644085 9.5000000000000018
decision_type=10 2 10 2 8 10 10 10 2 10 2 2 8 10 2 8 8 8 10 2 8 2 2 2 2 10 2 2 2 2
left_child=2 -2 3 4 5 -1 8 -5 9 -6 29 18 13 20 15 -14 17 25 -12 -19 26 -22 23 24 -23 -16 -13 -21 -29 -10
right_child=1 -3 -4 7 6 -7 -8 -9 10 -11 11 12 14 -15 16 -17 -18 19 -20 27 21 22 -24 -25 -26 -27 -28 28 -30 -31
leaf_value=0.033746517190203607 -0.0005265179866089767 0.033406698311143679 -0.013499891790252761 -0.0010674504814323332 0.0078854586090846678 -0.0011671968315034556 0.017986713713524925 0.013870555994987108 -0.0074848040923136952 -0.011521378627236198 0.002659376114295973 -0.011399468992967709 0.022996696643309857 0.024836478406187218 0.0030753941804076181 -0.0040124684641334764 -0.016082907761781558 -0.014898136555875324 0.03030751350987303 0.011562618092306298 -0.0099543982746612518 0.0072716206372274985 0.026978315989285202 0.0019720337244032516 0.029586639632689055 0.027443095257551783 0.0067757957987636735 0.010663049214961869 -0.0065689310983513679 0.0081177920912566381
leaf_weight=122.73936869204044 187.82589982822537 91.990110449492931 159.42262361198664 8404.7555987536907 116.54252855107188 170.0862801708281 118.76210200786591 137.90988278016448 498.93856213614345 343.94648887589574 82.991163570433855 227.40351682901382 153.43612790480256 122.34250554442406 183.81833003088832 115.72050238773227 200.69743204116821 209.76910084486008 86.172524020075798 137.4057788848877 107.90825088694692 273.44151258841157 83.141668520867825 611.83769635483623 105.4563349597156 72.928398504853249 154.27714167535305 113.52521662041545 583.00796003267169 133.28871483355761
leaf_count=360 554 401 540 28191 372 481 512 544 1532 1003 346 635 509 451 866 484 709 495 259 403 524 1013 329 3100 335 202 423 569 2737 347
internal_value=0.000313553 0.0107083 0.000102507 0.000262091 0.00207181 0.0135321 0.00137533 -0.000824701 0.000953464 -0.00660337 0.00177216 0.00281241 0.0021212 0.0053661 -0.000970095 0.0114126 -0.00319643 -0.00119685 0.0168388 -0.00397705 0.00382762 0.00637456 0.00802311 0.00640681 0.013544 0.0100766 -0.00405443 -0.0012154 -0.0037491 -0.00418778
internal_weight=14111.5 279.816 13831.7 13672.3 5129.59 292.826 4836.76 8542.67 4718 460.489 4257.51 3625.28 3456.12 1685.81 1770.31 269.157 1501.15 1300.45 169.164 1043.71 1563.47 1181.79 1073.88 990.736 378.898 256.747 381.681 833.939 696.533 632.227
internal_count=49226 955 48271 47731 18996 841 18155 28735 17643 1375 16268 14389 13784 6810 6974 993 5981 5272 605 4204 6359 5301 4777 4448 1348 1068 1058 3709 3306 1879
is_linear=0
shrinkage=0.05


Tree=91
num_leaves=31
num_cat=0
split_feature=31 28 76 25 27 54 40 57 36 57 29 31 56 11 38 69 41 56 82 21 48 22 76 42 28 57 57 41 76 41
split_gain=9.05989 11.7129 26.44 19.3022 14.5847 20.5266 24.4098 21.6686 17.4985 11.8735 11.8171 22.1493 14.3287 13.1283 9.00944 8.23499 9.5627 11.5459 13.1481 10.5963 15.478 13.8019 12.304 11.0307 10.4064 10.1202 23.3426 13.5103 12.9694 10.0299
threshold=0.83577083333333346 19.080446153846157 1.1784587189352191 -0.13399999999999992 15.416250000000002 20.033333333333335 5.5000000000000009 228.41176470588238 0.47198098894625973 236.26470588235296 0.17223889495131711 0.63328671328671338 4.1911645281793088 0.093253657687672228 3.5000000000000004 0.0059652867557279327 191.50000000000003 4.6525892408245362 3.3950000000000005 5.0795480225988712 15.636029411764708 0.72046511627906984 1.1921584154726192 2.5000000000000004 3.9778452380952385 222.96875000000003 231.81250000000003 90.500000000000014 0.93227424749163879 192.50000000000003
decision_type=10 10 8 10 10 10 2 2 8 2 10 10 2 8 10 2 8 2 10 8 2 8 10 2 10 2 2 10 8 10
left_child=1 4 -3 -4 10 9 7 -7 -9 -6 11 14 -13 -14 15 -1 19 18 24 20 -17 23 -21 -22 -18 -23 -27 -28 -29 -26
right_child=-2 2 3 -5 5 6 -8 8 -10 -11 -12 12 13 -15 -16 16 17 -19 -20 22 21 25 -24 -25 29 26 27 28 -30 -31
leaf_value=-0.00085516723507933143 0.015976572469372726 -0.02385583902104341 0.031250396294486282 -0.012777523749356737 -0.010342619085940486 0.035626012625027757 -0.0044468412491329183 0.026989335321227638 0.0027485672599824209 0.007953074093477638 0.017276935842881671 -0.021703217346915403 -0.013667263397946803 0.0077570254767854174 -0.0029874771782166833 0.022455044253298126 -0.002268167380459664 0.0065078672195788105 -0.011011154455411501 0.0046328577683762686 0.0096784372845642262 0.010789169227219654 0.016370933806978537 -0.0098883146863613276 0.0041978158428646996 -0.018604929021455038 -0.0040922734564942751 0.026968660984597784 0.0051260165081004529 0.030626803751881034
leaf_weight=4883.4176022410393 88.114880010485649 150.41933412849903 49.09782612323761 48.660561427474022 229.09099901467562 121.15142773836851 173.02816290408373 111.51454916968942 220.82333036139607 143.37503644451499 94.15246094763279 187.64241209626198 156.33970661461353 130.18610495328903 2086.1828246451914 79.675635140389204 1038.3256688602269 440.81929510459304 360.74416919052601 1170.0714830942452 85.364509329199791 311.83131597936153 275.35837858915329 437.19155441969633 171.0038388222456 136.13367091864347 290.38207865506411 87.665850415825844 294.03096393123269 44.584608543664217
leaf_count=16992 345 345 322 357 529 307 441 340 593 409 236 625 449 343 5966 247 4772 1501 862 4893 303 1005 639 1825 1212 377 1106 241 1269 299
internal_value=8.45445e-05 -1.6553e-05 -0.0107602 0.00942743 0.000177988 0.00599286 0.0115125 0.0175981 0.010939 -0.00329754 -0.000277655 -0.00040949 -0.0110002 -0.00393978 3.24202e-06 0.000620814 0.00200068 -0.000655068 -0.00261345 0.00372362 0.0010732 2.30245e-05 0.00687877 -0.00667952 -0.000190621 0.00315326 0.000197421 0.00402793 0.0102001 0.00977961
internal_weight=14096.4 14008.3 248.178 97.7584 13760.1 998.984 626.517 453.489 332.338 372.466 12761.1 12667 474.168 286.526 12192.8 10106.6 5223.18 2055.48 1614.66 3167.71 1722.28 1642.6 1445.43 522.556 1253.91 1120.04 808.213 672.079 381.697 215.588
internal_count=49150 48805 1024 679 47781 2619 1681 1240 933 938 45162 44926 1417 792 43509 37543 20551 8646 7145 11905 6373 6126 5532 2128 6283 3998 2993 2616 1510 1511
is_linear=0
shrinkage=0.05


Tree=92
num_leaves=31
num_cat=0
split_feature=76 36 73 33 18 26 4 58 13 58 48 73 54 6 6 52 55 27 73 33 12 58 10 76 76 30 28 9 69 41
split_gain=9.03787 14.3167 16.3438 28.1079 18.6348 19.5537 17.0631 11.78 15.1734 15.4597 11.3419 27.3076 13.3613 11.9057 10.9919 18.944 18.1499 18.4066 23.743 37.9122 19.3529 15.7459 14.5894 12.961 12.8866 10.8581 29.9713 16.9258 21.9432 14.8225
threshold=0.94532747982914112 0.24567096712875078 5.5000000000000009 0.38749999999999979 4.9282051282051293 13.500000000000002 8.0400161363788989 26.588235294117652 0.33334043073141079 28.545955882352946 29.119485294117649 14.500000000000002 23.679487179487186 1.9395630298692137 7.28498506972086 255.5192307692308 20.106250000000003 15.320000000000002 14.500000000000002 1.1882352941176473 0.41385691775703687 25.485294117647062 0.10702960223668141 1.0919632500263632 1.059807479846925 0.57373656468890666 12.848143382352943 8.8305000000000025 0.0059652867557279327 44.500000000000007
decision_type=8 10 2 10 10 2 10 2 8 2 2 2 10 10 10 10 2 8 2 10 10 2 10 10 8 10 10 8 2 10
left_child=7 -2 3 -3 5 -5 -7 25 -9 -10 13 12 -12 -4 16 23 22 18 -18 -20 -21 -19 -15 -16 -17 26 27 -1 -29 -27
right_child=1 2 10 4 -6 6 -8 8 9 -11 11 -13 -14 14 15 24 17 21 19 20 -22 -23 -24 -25 -26 29 -28 28 -30 -31
leaf_value=0.0015424548430293266 -0.00054948674584949942 0.033480432431535964 -0.014910986538550287 -0.0054070944021036788 -0.016211236757054756 0.0080637906360307154 0.030912976012033574 -0.00070356771970857301 -0.024177220009710072 -0.0036402418636649401 0.033993469498201319 -0.011474065530404138 0.007848143024883996 -0.013693361015537579 -0.0039644672442274301 0.02687245499527896 -0.0035861728320291685 0.0094937789054373514 0.042797382237109181 0.018115462661347666 -0.016364737658583175 0.032135609637221202 0.0091119672968819464 -0.021413123053500894 0.0010526017487959072 0.00088428512568406955 0.012419163667911766 -0.016972777623658637 -0.00015465196356045444 -0.018805078045725721
leaf_weight=1277.6722913682461 6928.7187894955277 108.12106525152922 118.05459712445736 157.18106443062425 81.497017838060856 249.52364050596952 121.27871316671371 381.05731481313705 202.39773504436016 167.52146482467651 101.51874676346779 91.579738385975361 94.849550802260637 227.08167200908065 350.90837093070149 62.507203340530396 556.03154266625643 314.41076629236341 81.082086898386478 81.088732291013002 79.708765339106321 101.26926425099373 100.4466400668025 152.14851513504982 202.51380643993616 199.92187042534351 435.58286152780056 354.40921811759472 426.95930333435535 182.00882662832737
leaf_count=3135 26760 405 565 597 387 862 405 941 451 417 382 311 316 729 1494 205 2437 1135 299 277 357 404 313 317 1255 451 903 881 1029 371
internal_value=6.7883e-06 0.000758775 0.00339874 0.0101042 0.00590926 0.00934787 0.0156001 -0.00214077 -0.00771281 -0.0149117 0.00162348 0.0109879 0.0214685 0.000508497 0.00130291 -0.00358053 0.00373751 0.00655571 0.00210485 0.0151482 0.00102781 0.0150737 -0.00669296 -0.00927379 0.00722053 -0.000683914 0.000519238 -0.00200296 -0.00779488 -0.00852327
internal_weight=13989.1 10361.5 3432.8 717.602 609.48 527.983 370.802 3627.53 750.977 369.919 2715.2 287.948 196.368 2427.25 2309.2 768.078 1541.12 1213.59 797.911 241.88 160.797 415.68 327.528 503.057 265.021 2876.55 2494.62 2059.04 781.369 381.931
internal_count=48791 40212 13452 2656 2251 1864 1267 8579 1809 868 10796 1009 698 9787 9222 3271 5951 4909 3370 933 634 1539 1042 1811 1460 6770 5948 5045 1910 822
is_linear=0
shrinkage=0.05


Tree=93
num_leaves=31
num_cat=0
split_feature=23 53 30 28 50 36 31 46 69 47 27 54 81 11 55 44 53 26 29 26 55 52 81 51 24 55 56 20 14 25
split_gain=9.97984 9.21057 11.7623 15.18 10.4431 9.13498 10.2215 9.07523 13.1586 8.32035 21.2389 10.6942 18.8227 15.8338 29.02 20.0222 20.9492 21.605 20.8387 22.6536 24.0319 18.1349 15.472 15.4246 14.9028 12.3965 13.7656 12.1924 10.4432 12.6111
threshold=1.0000000180025095e-35 3.759615384615385 0.5458587388895354 12.848143382352943 21.972077922077926 0.77933748508315526 0.70803571428571443 63.181985294117659 1.0000000180025095e-35 0.59763166640429599 17.750714285714292 25.577380952380956 6.8850000000000007 0.084641517319300211 19.122977941176476 0.55292455818327413 2.9309523809523812 14.500000000000002 0.16776624643146965 12.500000000000002 24.226250000000004 215.04166666666671 6.3450000000000006 4.1555875760486716 2.1672222222222226 24.984742647058827 4.3887938032742531 3.6181818181818186 0.50519230769230783 -0.084999999999999964
decision_type=8 10 10 10 10 10 8 2 2 2 10 10 10 10 2 10 8 2 8 2 2 10 10 10 8 2 2 10 10 10
left_child=-1 5 3 4 -3 9 -7 -6 -9 11 -11 13 22 -2 -15 16 17 -16 19 -17 21 -21 25 -22 -20 28 -27 -14 -13 -30
right_child=1 2 -4 -5 7 6 -8 8 -10 10 -12 12 27 14 15 18 -18 -19 24 20 23 -23 -24 -25 -26 26 -28 -29 29 -31
leaf_value=0.014772217635649227 -0.00082645357093483803 -0.011070434664474636 -0.018238115670720163 0.016250477966129957 -0.0051942140726769261 0.020076647917294833 -0.0015077845121561045 -0.0032987070363079598 0.02179491627306681 0.0016270318586093153 0.027446816890070766 -0.0013589955554855894 -0.018302857084976643 0.027075682993882091 0.019357823163031265 -0.026604691703905965 0.030191916513057082 -0.0081879045532112973 -0.00072956723553658999 0.023092548233856793 -0.029024934459957397 -0.0023308945140114272 0.019385544336354223 -0.0014360259815639253 0.027242347170864642 -0.00010350415955654859 -0.018571112220600705 -0.0025520583613834495 0.027117813584876794 -0.0023759204400531538
leaf_weight=115.55153008550406 4934.6799717247486 355.6278138756752 131.71284403279424 97.496963631361723 331.04851201921701 122.71974409371614 98.297638572752476 114.83211416751146 94.505161210894585 4004.5399768203497 80.269366279244423 1199.0075899325311 304.39327581226826 136.44212289527059 132.87680067867041 110.77103678137064 112.0663948841393 151.14514207839966 99.274491649121046 112.44765695184469 98.341414786875248 183.33607462793589 86.670788273215294 103.61217857152224 90.419785130769014 191.98253332078457 211.72387547045946 206.18212980031967 73.871469099074602 69.962889421731234
leaf_count=376 15546 1079 409 274 898 334 354 392 405 16918 371 3999 758 399 396 437 316 427 317 255 348 671 184 325 325 980 677 517 327 314
internal_value=0.000201607 8.06475e-05 -0.00425594 -0.0023858 -0.0044295 0.000458773 0.0105134 -4.67324e-05 0.00807955 0.000282896 0.002141 -0.000598866 -0.00347933 0.000479055 0.00531718 0.0028108 0.011986 0.00472179 -0.00175147 -0.00626261 -0.00169122 0.00737954 -0.00111219 -0.0149473 0.0126765 -0.00213988 -0.0098108 -0.0119597 0.000171853 0.0128543
internal_weight=14155.8 14040.3 1125.22 993.511 896.014 12915 221.017 540.386 209.337 12694 4084.81 8609.21 2343.79 6265.41 1330.73 1194.29 396.088 284.022 798.203 608.508 497.737 295.784 1833.22 201.954 189.694 1746.55 403.706 510.575 1342.84 143.834
internal_count=49328 48952 3457 3048 2774 45495 688 1695 797 44807 17289 27518 7756 19762 4216 3817 1139 823 2678 2036 1599 926 6481 673 642 6297 1657 1275 4640 641
is_linear=0
shrinkage=0.05


Tree=94
num_leaves=31
num_cat=0
split_feature=55 18 47 58 25 39 29 36 28 55 66 29 11 79 79 36 54 58 26 46 29 27 28 56 29 47 24 43 77 50
split_gain=14.7102 13.2445 13.1853 18.1022 11.5704 16.9395 25.7147 12.853 17.4333 15.4486 12.3541 13.374 33.8642 23.3585 12.2514 11.9202 12.9713 11.6029 10.8811 10.5871 9.77231 13.5713 14.3565 13.5152 26.3538 22.3167 20.7751 19.7052 18.5878 20.802
threshold=20.771875000000005 7.1833333333333345 0.65023298238667315 25.090073529411768 -0.022999999999999975 23.058179329226562 0.012079542321477807 0.48623280116800544 15.344483333333335 18.968419117647063 4.5000000000000009 0.11522259026866991 0.11809123339539827 -0.45476011209481376 -0.96360357762183535 0.4673433655956209 22.919871794871799 25.485294117647062 16.500000000000004 63.849264705882355 0.069323245382905643 9.5759615384615397 12.608559523809527 4.3205336084905666 0.088792186144634355 0.54169067757226519 2.3265833333333332 61.190909090909095 0.62476260310384102 21.806363636363638
decision_type=2 10 2 2 10 2 10 10 10 2 2 8 10 8 8 8 10 2 2 2 8 10 10 2 8 2 10 10 10 10
left_child=4 2 20 19 5 6 17 8 -7 -9 -6 12 14 -13 -12 16 -15 -1 -16 -4 21 -2 -23 24 26 -25 27 -22 -27 -30
right_child=1 -3 3 -5 10 7 -8 9 -10 -11 11 13 -14 15 18 -17 -18 -19 -20 -21 23 22 -24 25 -26 28 -28 -29 29 -31
leaf_value=-0.010936554603535539 -0.00014547319382709478 0.018574727943950205 -0.015025298888539205 0.02925678620966158 0.016378179835520305 -0.0054170000536118285 0.02803143150825739 -0.00085053287885207226 0.015914628538039082 -0.023009655862895956 -0.013407561900264667 0.010378059605729961 0.030145012121278705 0.005185302490830641 -0.0005067823048233765 -0.028362190991826117 -0.021108131513796653 0.011827515562456203 0.016071623615042767 0.0093807247644301546 0.034552008015925027 -0.018937795005284652 -0.00088178118326874457 -0.011201293007449396 0.002305709544195489 -0.00095051924137766865 -0.0078019471211279463 0.011156092561815212 0.02548593191104024 0.0013978989704301681
leaf_weight=151.80315431952477 4252.9955069757998 106.83740896359086 58.044162273406982 93.569645091891289 121.95049327611923 1886.338264644146 94.886605955660343 124.34744495153427 99.945913299918175 213.41864596679807 143.63100242614746 126.68481457233429 102.70212760567665 96.763347420841455 506.85116049274802 108.13274867460132 89.46656396612525 87.37041999027133 121.97516721487045 178.89268501102924 146.99325226992369 206.33328484743834 234.93910486251116 413.74517473950982 2275.5956642366946 1385.3659424297512 79.18502127751708 233.60297787189484 155.81516279280186 209.4793501496315
leaf_count=536 15446 463 303 461 317 5620 315 321 376 502 228 229 337 363 1926 359 320 306 185 931 510 713 937 1325 8698 4913 350 1014 318 535
internal_value=0.00011694 0.00114614 0.000956671 0.0107605 -0.00241551 -0.00436071 0.00615382 -0.00587407 -0.00433617 -0.0148784 0.00123096 -0.000205655 0.00331674 -0.00751757 -0.000284577 -0.0152284 -0.00749158 -0.00260619 0.00272939 0.00336378 0.000617852 -0.00101236 -0.00934827 0.00217958 0.00451483 -0.000772437 0.0154197 0.0202589 0.00169727 0.0117141
internal_weight=14107.7 10031.4 9924.56 330.506 4076.27 2658.11 334.06 2324.05 1986.28 337.766 1418.16 1296.21 875.159 421.047 772.457 294.363 186.23 239.174 628.826 236.937 9594.05 4694.27 441.272 4899.78 2735.38 2164.41 459.781 380.596 1750.66 365.295
internal_count=49157 36917 36454 1695 12240 7976 1157 6819 5996 823 4264 3947 2676 1271 2339 1042 683 842 2111 1234 34759 17096 1650 17663 10572 7091 1874 1524 5766 853
is_linear=0
shrinkage=0.05


Tree=95
num_leaves=31
num_cat=0
split_feature=77 55 11 55 17 58 55 56 77 21 80 57 27 54 31 55 48 10 57 55 25 77 54 79 41 57 43 29 39 30
split_gain=11.3625 11.4609 18.8127 16.6371 20.4795 15.1463 14.912 14.6059 14.4077 11.2838 14.2283 11.0023 24.5919 29.9145 15.1412 12.9284 15.1438 16.2935 15.3448 20.1663 15.1357 14.4797 10.7856 10.6976 12.9448 10.6271 13.3326 17.4683 30.4352 18.6323
threshold=0.95205752957154643 26.640000000000004 0.1562860706870112 25.542463235294122 2.8090909090909095 20.303308823529417 28.743750000000002 4.0280698090692129 0.48075005552471856 6.217606543263023 18.945000000000004 236.63051470588238 16.473863636363642 23.75961538461539 0.71213286713286728 22.978860294117649 27.788602941176475 0.07037340122446506 255.9650735294118 24.532352941176473 0.080000000000000002 0.28536086049370729 29.964285714285719 -1.0499293085629828 68.000000000000014 251.56250000000003 65.458041958041974 0.014426901012266869 28.16837782340863 0.26758524544579759
decision_type=10 2 10 2 10 2 2 2 10 10 10 2 10 10 10 2 2 8 2 2 10 10 10 8 8 2 10 8 2 8
left_child=1 3 6 9 5 7 8 -5 -3 10 11 14 15 -14 -1 25 17 20 21 -20 22 -19 -17 -11 -25 26 27 -13 29 -29
right_child=-2 2 -4 4 -6 -7 -8 -9 -10 23 -12 12 13 -15 -16 16 -18 18 19 -21 -22 -23 -24 24 -26 -27 -28 28 -30 -31
leaf_value=-0.001715672442070511 0.017085239033890219 0.0033216793257993663 0.025393032053961956 -0.0036411208733343665 -0.024743705610531373 0.0008420463866071385 -0.0040607900988750391 -0.025265893740430263 0.019021816514001581 -0.011751012942110308 -0.014468340287469673 -0.0096315923552208957 0.030297372131666001 -0.0018477861063697374 -0.016631538101504879 -0.0040602457241136463 -0.0090133762280852868 0.011165768306673539 -0.002278744486561594 0.023719719417973795 0.019213041462762873 0.040109242720579877 0.01495625094442312 0.016391557230832059 0.0030117055933799042 -0.0034171834218526815 -0.0080517873006030194 0.025982094340854807 -0.011599873316618482 0.0073370070742185926
leaf_weight=4269.0261756069958 95.129923805594444 896.31213536858559 92.951366487890482 186.95072976499796 136.49111699312925 575.70386034995317 580.37039769440889 133.59102872014046 173.75265461206436 99.533764839172363 184.48465257883072 166.17835070937872 153.22165504097939 136.17121415957808 176.22530052065849 539.23183219879866 185.54473581537604 90.901911571621895 213.63611299544573 113.47260975837708 102.398353099823 83.277938306331635 85.509677801281214 214.53873744979501 1125.4693141877651 2266.2517914734781 242.1857094578445 192.24902043864131 155.53968583792448 441.19807521998882
leaf_count=12073 465 4058 373 814 580 2598 2257 282 396 158 415 457 537 464 439 2364 755 456 1031 463 476 228 429 822 4433 8082 1047 533 419 1188
internal_value=-4.6164e-05 -0.00016368 0.00362854 -0.000702796 -0.00677285 -0.0040115 0.00238815 -0.0127041 0.00588638 -0.000144337 -0.000751828 -0.000487093 0.00108185 0.0152175 -0.0023106 0.000240217 0.00426738 0.00627903 0.0132048 0.00678482 0.00149282 0.025154 -0.00143768 0.00398755 0.00516448 -0.00140458 0.0024044 0.00506125 0.00816417 0.0130278
internal_weight=14107.5 14012.4 1743.39 12269 1032.74 896.246 1650.44 320.542 1070.06 11236.2 9796.7 9612.22 5166.97 289.393 4445.25 4877.58 1413.97 1228.43 501.289 327.109 727.14 174.18 624.742 1439.54 1340.01 3463.6 1197.35 955.165 788.987 633.447
internal_count=49092 48627 7084 41543 4274 3694 6711 1096 4454 37269 31856 31441 18929 1001 12512 17928 6202 5447 2178 1494 3269 684 2793 5413 5255 11726 3644 2597 2140 1721
is_linear=0
shrinkage=0.05


Tree=96
num_leaves=31
num_cat=0
split_feature=39 41 18 59 53 58 81 59 18 6 39 48 46 15 39 49 44 52 27 43 21 79 6 46 39 6 38 55 27 44
split_gain=10.6972 19.2952 22.9749 12.9161 11.2247 13.5306 12.6594 11.6957 11.7515 10.8321 10.4066 12.4266 12.4607 11.3183 10.1583 22.5537 9.2921 11.5047 15.6607 13.8982 21.166 27.6864 9.48035 13.2598 8.37408 8.33223 8.33007 11.4372 16.4919 14.8896
threshold=24.710472279260781 26.000000000000004 4.0333333333333341 1.0000000180025095e-35 3.3452380952380958 21.393382352941178 2.5750000000000006 0.75000000000000011 1.5634920634920637 3.959797974644669 25.199178644763865 17.545955882352946 64.332720588235318 0.53793627770388752 24.598220396988371 6.5000000000000009 0.50642401232529999 253.34523809523813 17.061607142857145 61.148351648351657 4.0648944259226774 0.30867668275744919 inf 63.029411764705891 21.638603696098567 9.0684679490328275 3.5000000000000004 21.454117647058826 11.215384615384616 0.55036158368451182
decision_type=2 8 10 2 10 2 10 2 8 10 2 2 2 8 2 2 8 10 10 8 10 8 8 2 2 10 8 2 10 8
left_child=1 2 3 -1 14 7 -7 9 -9 -6 11 -2 -13 -14 16 -16 -3 18 24 20 -19 -22 -21 -24 -18 26 27 29 -29 -26
right_child=10 4 -4 -5 5 6 -8 8 -10 -11 -12 12 13 -15 15 -17 17 19 -20 22 21 -23 23 -25 25 -27 -28 28 -30 -31
leaf_value=0.011826737423567948 0.011396311328951171 -0.0062733757971526263 0.00064513513904203344 0.038324775237135865 0.0030902310513870553 -0.0037027086994370663 -0.024743527053241326 -0.0023275711246204017 0.022326015144263144 -0.020718285943249079 -0.00056293302190341631 -0.012595333569057194 -0.0064497935231763587 0.013637959039701792 0.029080189648641026 -0.0026108063079576952 -0.011184571538993745 -0.001272276919930469 0.020166195839885718 -2.0665533100417153e-05 0.036390811664473333 0.0019307494305293377 0.031965986256576276 0.0016381891243439845 -0.019936758133895022 -0.013094013898926303 -0.0074272244205490215 0.0072188353694847864 -0.013104802364782031 0.00022969608464874157
leaf_weight=93.836604066193104 91.041916757822037 375.50046098977327 199.48741414770484 91.698261477053165 104.54940158873796 156.6562148667872 131.14127932488918 99.033720582723618 93.105513267219067 86.62976073846221 7834.2888442911208 539.19294654205441 224.70841486752033 100.72755962237716 103.80973323062062 120.58160984516144 181.03796383365989 147.7365755662322 90.795417256653309 732.39532379060984 145.8574288636446 96.840475060045719 59.076839588582516 90.370644591748714 110.08680936321616 113.92705404758453 268.04964758828282 975.09737791866064 110.26761155948043 519.78201457858086
leaf_count=303 416 1229 586 307 388 635 335 352 343 282 26258 1630 749 434 306 411 409 617 224 3759 411 506 258 515 302 428 907 3527 366 1815
internal_value=-9.45945e-05 0.00168004 0.0124438 0.0250583 0.00083403 -0.00516964 -0.0133429 0.000985639 0.00967264 -0.00774988 -0.00116417 -0.00608714 -0.00793911 -0.000209586 0.00178503 0.0121143 0.00120513 0.00197784 -8.22533e-05 0.00581089 0.0136522 0.022705 0.00232764 0.0137596 -0.000897712 -4.80962e-06 0.000753302 0.0020353 0.00514389 -0.00332096
internal_weight=14087.3 5297.35 385.022 185.535 4912.33 671.116 287.797 383.318 192.139 191.179 8789.96 955.671 864.629 325.436 4241.21 224.391 4016.82 3641.32 2369.04 1272.28 390.434 242.698 881.843 149.447 2278.25 2097.21 1983.28 1715.23 1085.36 629.869
internal_count=49008 19521 1196 610 18325 2335 970 1365 695 670 29487 3229 2813 1183 15990 717 15273 14044 7978 6066 1534 917 4532 773 7754 7345 6917 6010 3893 2117
is_linear=0
shrinkage=0.05


Tree=97
num_leaves=31
num_cat=0
split_feature=57 57 36 23 80 76 53 29 48 31 82 56 58 30 39 7 36 40 39 70 30 55 48 58 80 69 6 11 47 9
split_gain=9.31427 15.2781 13.9333 14.9167 25.6414 13.8962 16.1064 13.7765 11.1904 12.4951 16.3301 13.5186 12.3114 14.4518 13.0389 21.7184 11.2215 11.1116 24.0353 14.9368 12.0023 10.8169 14.0127 15.1826 15.5149 18.4577 14.9277 13.7574 14.9494 12.293
threshold=236.63051470588238 235.82352941176472 0.63801889876130724 7.5000000000000009 18.785000000000004 0.94890727913876605 2.4494949494949503 0.17223889495131711 15.343750000000002 0.71213286713286728 17.985000000000003 4.4075967474777906 27.205882352941178 0.14603825970483222 22.466803559206024 8.2692653846153874 0.0426260598000801 6.5000000000000009 29.497604380561263 0.078935901846118581 0.27876136652175026 20.771875000000005 23.63602941176471 21.031250000000004 10.805000000000001 0.11543715633621486 9.0684679490328275 0.018247309278521095 0.60615625407590989 13.069666666666668
decision_type=2 2 10 8 10 10 10 10 2 10 10 2 2 8 2 10 10 2 2 2 10 2 2 2 8 2 10 8 2 10
left_child=1 8 3 -2 7 6 -4 21 -1 10 12 -11 14 -14 15 16 -10 -16 -19 20 -20 -5 23 29 25 27 -24 -25 -29 -23
right_child=2 -3 5 4 -6 -7 -8 -9 9 11 -12 -13 13 -15 17 -17 -18 18 19 -21 -22 22 26 24 -26 -27 -28 28 -30 -31
leaf_value=0.010851821505268179 0.020914014942898088 -0.014069647617635692 -0.0075430146073848254 -0.002667125071349179 -0.027444125262528114 0.019384996181586386 0.019803459267439857 0.019481407086995618 0.014632683438750599 -0.021367962277314741 0.018098302032729264 0.00062149703429988665 0.0031273621438544538 -0.015633724799259948 -0.0023370630388661463 0.024796072874898753 -0.0058423397619119053 0.022237309878548616 0.0021191936923610432 0.016248131162324642 -0.014845319466709715 -0.00055317846384055232 -0.0026788462669549038 0.0034138182658865648 0.0023497436128381648 1.8525149777801499e-05 0.017219013173599539 0.026213785347998654 0.0068693481732830172 -0.022600331714614251
leaf_weight=190.66541713476181 87.644848559051752 232.50399316474795 160.76315412670374 2082.070123128593 81.456301912665367 200.06431107223034 79.714937690645456 94.313210804015398 95.679331481456757 157.454165995121 109.73722207546234 124.95907688885927 156.03803673759103 297.36650812998414 4147.8234759829938 128.86931481957436 216.38404320552945 148.75557921826839 267.09648184478283 107.26584611088037 169.79742591455579 535.89781839028001 1824.6857358776033 171.84642125666142 1351.2304575294256 276.27077107131481 98.39782427251339 311.72322531044483 148.05378149449825 70.691199712455273
leaf_count=501 296 503 635 6521 216 493 330 409 379 405 255 310 302 575 13392 502 590 459 700 385 537 2337 8042 435 7005 731 525 754 445 320
internal_value=-0.000129259 -0.00150984 0.00106465 0.000531124 0.000274674 0.00968397 0.00156641 0.000602732 -0.00104547 -0.0014174 -0.000920076 -0.0116704 -0.00128707 -0.00918447 -0.000607511 0.00761405 0.000462036 -0.00135781 0.00449894 -0.000382046 -0.00449286 0.000340796 0.00164886 0.00386398 0.00574931 0.0108008 -0.00165232 0.0155094 0.0200131 -0.0031555
internal_weight=14125.2 6550.4 7574.82 7134.28 7046.64 440.542 240.478 6965.18 6317.89 6127.23 5844.81 282.413 5735.08 453.405 5281.67 440.933 312.063 4840.74 692.915 544.16 436.894 6870.87 4788.8 2865.71 2259.12 907.894 1923.08 631.623 459.777 606.589
internal_count=49289 19795 29494 28036 27740 1458 965 27524 19292 18791 18076 715 17821 877 16944 1471 969 15473 2081 1622 1237 27115 20594 12027 9370 2365 8567 1634 1199 2657
is_linear=0
shrinkage=0.05


Tree=98
num_leaves=31
num_cat=0
split_feature=36 16 81 53 31 28 70 7 57 12 57 52 41 82 10 52 76 38 13 31 48 51 55 56 44 43 48 22 57 29
split_gain=8.29893 8.35391 8.98922 8.44418 13.4721 15.5646 10.3416 9.6897 12.8342 10.9916 10.2959 8.05276 14.0034 8.26583 6.80115 6.03762 5.57497 5.20196 8.73541 9.08215 7.02734 3.93541 3.68828 4.6832 3.50466 3.4316 3.21142 2.78825 2.43305 2.10593
threshold=0.85583514842531072 0.080128205128205135 14.225000000000003 3.759615384615385 0.61703296703296717 12.940651442307695 0.73633975063801105 20.298981818181819 233.03125000000003 0.70000395319418096 239.71875000000003 206.85164835164838 122.50000000000001 5.9750000000000005 0.19340078707431324 254.03846153846158 0.038095238095238106 3.5000000000000004 0.22330356720078007 0.41933035714285721 27.727941176470591 3.5312548835755595 25.542463235294122 4.2615599840410843 0.50642401232529999 70.267857142857153 29.545955882352946 0.7421798631476052 240.82352941176472 0.027593053958705701
decision_type=10 10 10 10 10 10 2 10 2 10 2 10 8 10 10 10 10 10 10 10 2 10 2 2 8 10 2 10 2 8
left_child=1 2 3 6 5 11 7 9 -9 14 -11 12 -5 16 17 -8 21 25 20 -20 22 -13 24 -24 -19 -1 -22 29 -26 -23
right_child=-2 -3 -4 4 -6 -7 15 8 -10 10 -12 13 -14 -15 -16 -17 -18 18 19 -21 26 27 23 -25 28 -27 -28 -29 -30 -31
leaf_value=-4.1808168949598239e-05 0.014148625257802373 0.010383305410090037 -0.016082543010262428 -0.023517730582995902 -0.021570238670781543 0.015884212595976381 0.020959689427931409 -4.1808168949598239e-05 0.024378019264620732 -0.024047315869241952 0.00020324395973391257 0.010581446366189918 -0.0032136354387235799 0.011724512983673378 -0.011997244724264224 0.00047990164815704239 -0.01221051304932495 -0.0088567343167128849 -0.022552354916368561 -0.0012448920005302931 -0.01403043837532986 -0.0010176273123079817 -4.1808168949598239e-05 -0.012476230725391209 -4.1808168949598239e-05 -0.0064831625784111105 -0.0033134962399197169 0.0053654957696191606 0.004965104424811408 -0.012850228456521326
leaf_weight=9745.3870962448418 102.69654600694776 188.34022038802505 87.416430711746216 128.46201004087925 101.27208002656698 102.17393006756902 93.982968423515558 69.731511790305376 93.96825684607029 91.342662110924721 83.175080869346857 67.901835266500711 247.94787845015526 107.02170439064503 120.72422998026013 58.017579730600119 132.71311551332474 130.03378062322736 106.19131307676435 93.982492007315159 143.54070153832436 75.959880601614714 118.78551728278399 134.58987944200635 605.11569690331817 393.18167046830058 136.93042035400867 66.078460115939379 466.98853058367968 73.83212398737669
leaf_count=34797 318 590 217 290 281 345 458 255 504 273 359 310 571 299 391 397 309 301 425 276 419 273 452 478 1401 1813 311 387 1544 346
internal_value=5.56085e-05 -4.82927e-05 -0.000190615 -8.87084e-05 -0.00428212 -0.00251521 0.000276331 0.000118598 0.0121664 -4.18082e-05 -0.0125542 -0.00461954 -0.010187 -0.000604644 -4.18082e-05 0.0131969 -0.00379329 -4.18082e-05 -0.00274058 -0.0126043 -0.00159661 0.000172292 -0.000197926 -0.00607405 -4.18082e-05 -4.18082e-05 -0.00882862 -0.00313559 -4.18082e-05 -0.00689643
internal_weight=14167.5 14064.8 13876.4 13789 1103.36 1002.09 12685.7 12533.7 163.7 12370 174.518 899.917 376.41 523.507 12195.5 152.001 416.485 12074.7 1936.16 200.174 1735.98 283.772 1455.51 253.375 1202.14 10138.6 280.471 215.87 1072.1 149.792
internal_count=49390 49072 48482 48265 3411 3130 44854 43999 759 43240 632 2785 861 1924 42608 855 1625 42217 5607 701 4906 1316 4176 930 3246 36610 730 1006 2945 619
is_linear=0
shrinkage=0.05


Tree=99
num_leaves=31
num_cat=0
split_feature=39 39 19 7 25 56 79 81 5 51 50 46 80 77 27 19 54 30 14 18 33 79 82 75 41 79 20 44 56 18
split_gain=11.5386 11.7833 18.6152 22.5171 20.1161 18.1546 13.4515 9.20715 8.28457 8.06688 11.6614 16.145 18.2875 15.1225 23.7429 10.687 11.3583 10.1617 9.31157 8.25668 7.86446 7.85754 14.8411 11.8329 15.4104 9.13234 16.6212 18.0539 11.4844 10.5321
threshold=21.184120465434635 22.466803559206024 2.3205128205128207 8.1769000000000016 0.025999999999999957 4.1369115856901431 -0.055084957730600577 14.225000000000003 14.21666666666667 3.4580534291516956 21.552777777777781 61.031250000000007 8.8150000000000031 0.78724475106581504 12.681250000000002 19.43650793650794 24.035714285714288 0.7410432468152196 0.62516666666666676 1.9128787878787883 7.0000000000000009 0.22805898358779161 16.535000000000004 13.385000000000003 66.500000000000014 0.49109087286096298 1.0000000180025095e-35 0.5856463648169753 5.0235221464035034 4.1291666666666673
decision_type=2 2 8 8 10 2 10 10 8 8 10 2 8 8 10 10 10 10 10 8 10 10 10 10 10 10 10 10 2 10
left_child=-1 2 -2 -4 5 -5 -7 9 -6 10 13 -12 -13 19 -15 17 -17 20 -14 -3 21 22 23 -11 -25 28 -27 -28 29 -23
right_child=1 7 3 4 8 6 -8 -9 -10 15 11 12 18 14 -16 16 -18 -19 -20 -21 -22 25 -24 24 -26 26 27 -29 -30 -31
leaf_value=-0.012502074438608133 0.022888004042893664 -0.00057608631094066456 -0.0071868139197379111 -0.0071868139197379111 0.035695420451405897 -0.0019494808952604074 0.023268718350829234 -0.016353273639407102 0.012370549055357267 0.00024017362698769971 0.023554933638293168 0.018848106154958227 0.0013159995801198989 -0.00014525249080061056 0.046228367205485593 0.021113108112758724 -0.0029779986618074443 -0.013419204314587138 -0.021323299720416744 -0.016978241750337474 0.014065683053313875 -0.0039153321476552124 -0.014216630520562859 0.00024017362698769971 0.018142056016083201 -0.0029576587166588062 0.00078379870688639614 0.020928803538120849 0.0066253969612738916 -0.016374730113801222
leaf_weight=179.60330104082823 132.34120641648769 165.83920806646347 337.67669828608632 129.60838786512613 78.944809652864933 94.931285690516233 117.96536871790886 86.395573168992996 75.754871368408203 6518.7840930111706 139.90877357125282 142.68164691329002 250.91326255351305 112.61870996281505 35.559701979160309 115.48592543974519 83.977496206760406 152.45173908025026 54.431265778839588 141.90429498255253 91.348758488893509 2533.7085006982088 167.86198621988297 236.88532800972462 217.97721283137798 853.34893819689751 279.85184796154499 183.65916109085083 240.68196174502373 180.94425252079964
leaf_count=415 563 381 1217 525 319 489 304 206 289 28461 479 359 1556 1048 221 421 360 496 235 312 264 4826 440 582 584 1975 553 419 452 402
internal_value=5.5077e-05 0.00021758 0.00553869 0.00276448 0.00952376 0.0027412 0.0120673 -0.000179105 0.0244263 -6.95292e-05 0.00414217 0.00879004 0.0041371 -0.00185762 0.0112187 -0.000440635 0.0110061 -0.000637419 -0.00277615 -0.00816982 -0.000466898 -0.00058443 0.000430272 0.000784824 0.00857274 -0.00228034 0.00118218 0.00879382 -0.00382307 -0.00475153
internal_weight=14134 13954.4 967.223 834.881 497.205 342.505 212.897 12987.2 154.7 12900.8 1043.86 587.935 448.026 455.922 148.178 11857 199.463 11657.5 305.345 307.744 11505.1 11413.7 7141.51 6973.65 454.863 4272.19 1316.86 463.511 2955.33 2714.65
internal_count=49153 48738 3706 3143 1926 1318 793 45032 608 44826 4591 2629 2150 1962 1269 40235 781 39454 1791 693 38958 38694 30067 29627 1166 8627 2947 972 5680 5228
is_linear=0
shrinkage=0.05


Tree=100
num_leaves=31
num_cat=0
split_feature=15 57 30 29 28 55 10 11 22 41 13 58 79 53 11 2 29 66 6 58 22 48 55 58 76 40 63 58 58 30
split_gain=8.46808 15.3695 9.57316 8.57236 16.4499 20.2645 21.0768 15.7975 19.1255 15.3298 17.4076 13.8882 12.8774 20.6869 14.7325 12.4247 12.3498 19.8965 19.3096 16.6144 14.274 17.9294 21.9249 12.8047 16.4131 11.7669 15.9101 31.6788 14.8772 14.2978
threshold=0.81709307124637354 232.3602941176471 0.74326144872515765 0.036954107983519752 6.0321875000000018 19.036397058823532 0.11417844022415168 0.075035376861289638 0.9298029556650248 105.50000000000001 0.41932921681898744 23.272058823529417 -0.5578157667075192 1.9258241758241761 0.064942889605671669 1.0000000180025095e-35 0.073454623462727825 10.500000000000002 7.3662405170376752 15.181985294117649 0.89915254237288156 22.843750000000004 23.185294117647064 18.393382352941178 0.81237720153376236 5.5000000000000009 1.0000000180025095e-35 23.514705882352946 18.656250000000004 0.61512450868439339
decision_type=10 2 10 10 10 2 10 10 10 10 10 2 10 8 10 2 10 2 8 2 10 2 2 2 10 2 2 2 2 10
left_child=2 -2 3 7 5 -5 12 -1 9 10 15 -11 13 -7 -14 -9 23 19 -19 -18 25 22 -22 24 -6 29 28 -28 -27 -21
right_child=1 -3 -4 4 16 6 -8 8 -10 11 -12 -13 14 -15 -16 -17 17 18 -20 20 21 -23 -24 -25 -26 26 27 -29 -30 -31
leaf_value=-0.00023561049995117161 -0.0049717171204877158 0.019995249473755146 -0.012468559617651575 0.022018045920987342 -0.0061851612138939223 0.033875950768663357 0.027883132524803473 0.016613871898955048 -0.031182556580934651 -0.0046760002102885006 -0.011479249178317531 -0.029755035389655956 0.0018538293420064804 0.0029779911621091427 -0.016529523215769656 -0.0078508834816170808 -0.015480483360938369 -0.00062665156363243845 -0.027270329649575722 0.002283114943016707 0.014868184271074909 0.023290389156856856 -0.013279430466428231 -0.0059612828028875074 0.019589570952183916 -0.026157280540765517 0.022108762732979102 -0.014136077167375513 -0.0042220447025937699 0.013961908060204285
leaf_weight=6665.7595278285444 107.43834836781025 142.57458173111081 150.7066294811666 180.68847924098372 123.97262878715992 73.048104982823133 84.363029133528471 168.89431170746684 78.392578788101673 126.60258780419827 174.85697133094072 97.509086135774851 625.10744880139828 202.66736349463463 130.96228398382664 74.012048687785864 118.3436833396554 177.04136361181736 109.46159336343408 1738.7383625917137 170.60932391136885 191.46696412935853 114.95396565273404 1158.4832210429013 121.37504407763481 97.796537112444639 141.52217688038945 103.58566345646977 357.80788717791438 307.71120805665851
leaf_count=23428 318 579 514 565 588 509 362 699 243 450 720 397 1501 1404 401 292 308 589 359 5491 435 585 351 4286 278 296 389 332 1429 1055
internal_value=0.000187481 0.0092891 2.272e-05 0.000160871 0.00151103 0.0065301 0.00400536 -0.000996239 -0.00802544 -0.00515314 0.000513382 -0.0156714 0.00202791 0.0112569 -0.00134806 0.00915799 0.000216707 0.00175717 -0.0108656 0.00284204 0.00351916 0.0114937 0.00353052 -0.00376395 0.00659352 0.00213074 -0.0034581 0.00679604 -0.00897747 0.00404514
internal_weight=14116.5 250.013 13866.4 13715.7 6329.71 1296.84 1116.15 7386.03 720.268 641.875 417.763 224.112 1031.79 275.715 756.07 242.906 5032.87 3629.04 286.503 3342.54 3224.19 477.03 285.563 1403.83 245.348 2747.16 700.712 245.108 455.604 2046.45
internal_count=49153 897 48256 47742 21513 4742 4177 26229 2801 2558 1711 847 3815 1913 1902 991 16771 11619 948 10671 10363 1371 786 5152 866 8992 2446 721 1725 6546
is_linear=0
shrinkage=0.05


Tree=101
num_leaves=31
num_cat=0
split_feature=81 29 6 27 30 55 22 52 54 15 56 25 30 31 0 25 33 10 9 52 55 27 41 30 77 10 77 56 33 75
split_gain=10.142 20.783 14.3248 18.0409 22.9227 15.6842 14.1828 16.5219 14.11 13.2134 17.0716 10.8556 10.508 9.83774 13.3677 15.2439 18.5038 18.0383 16.1421 14.1879 13.0737 13.8095 12.5203 9.89744 18.114 15.3661 16.9877 17.065 14.7348 9.94027
threshold=8.7950000000000017 0.17223889495131711 8.6458462566358225 11.95817307692308 0.49742418144458095 21.653125000000003 0.74106002554278427 237.04545454545459 25.240384615384617 0.79197500966506207 4.291789069271676 -0.15499999999999992 0.12520403011293701 0.65562500000000012 8.5000000000000018 0.1265476190476191 4.1483516483516496 0.11653429284645471 13.345833333333335 218.04166666666671 20.754411764705885 16.676682692307697 52.500000000000007 0.61178115870003935 0.70323186867090459 0.098258675125686964 0.66153746384970313 4.0647007789938607 1.0294117647058827 10.145000000000001
decision_type=10 10 10 10 10 2 8 8 8 10 2 10 10 10 2 10 10 10 10 10 2 10 10 10 8 10 8 2 8 10
left_child=1 9 6 12 -5 -6 -2 -8 -9 13 -11 -3 -4 14 23 16 17 18 19 -16 -15 -22 -17 25 -25 29 27 -27 -28 -1
right_child=2 11 3 4 5 -7 7 8 -10 10 -12 -13 -14 20 15 22 -18 -19 -20 -21 21 -23 -24 24 -26 26 28 -29 -30 -31
leaf_value=-0.0010129323991870836 0.0022049498957998326 0.03163112450558693 0.0010011222639367985 0.024115398357378137 0.012784895167756849 -0.009742490354309543 -0.02086466149240164 0.0062235015254197409 -0.014484172013446477 -0.0021648605178240716 0.033865126569668176 0.0046937712699450752 -0.016231982663671023 -0.019715607411818371 0.0073971651761527207 -0.0011841011069490825 0.024087325285866212 0.018143830172607553 -0.017551825043460485 -0.0020050671722974941 -0.008321381336578353 0.012840353397950735 0.019117018594406031 0.035249120428572991 -0.0023905011149077189 0.0021184663571696921 0.021480281591808325 -0.019350107695704714 -0.0046328194292145847 0.0058240866433971698
leaf_weight=7523.2482564933598 223.06464317440987 76.043080970644951 173.03753943741322 138.67472666501999 132.81131085753441 181.83885942399502 302.40876343846321 155.83905617892742 172.22968906164169 66.51619204506278 63.790011804550886 73.481154821813107 179.73565824329853 146.0300309881568 559.4430143609643 110.56923330947757 86.877562377601862 137.95567382499576 128.58128139004111 1411.4585236869752 259.87958607822657 108.45027110725641 240.77301172167063 51.971548154950142 80.30599581822753 125.14055079221725 69.255495805293322 352.57298691570759 232.84462735056877 571.048255905509
leaf_count=27319 620 290 383 335 276 500 578 423 384 357 260 314 529 474 1408 500 259 670 518 5409 885 502 815 134 676 301 546 860 1358 1324
internal_value=-0.000442791 4.58027e-05 -0.00411357 0.000666963 0.00725861 -0.000223482 -0.00862388 -0.0124526 -0.0046586 -0.000179682 0.0155968 0.0185123 -0.0078001 -0.000349503 -5.12486e-05 0.0030512 0.00158136 0.0006971 -0.000457406 0.000666167 -0.00711015 -0.00207267 0.0127429 -0.000973175 0.0125515 -0.00117617 -0.00787474 -0.0137336 0.00140464 -0.000529925
internal_weight=14135.9 12476.2 1659.64 806.098 453.325 314.65 853.542 630.478 328.069 12326.7 130.306 149.524 352.773 12196.4 11682 2675.66 2324.32 2237.44 2099.48 1970.9 514.36 368.33 351.342 9006.39 132.278 8874.11 779.814 477.714 302.1 8094.3
internal_count=49207 45179 4028 2023 1111 776 2005 1385 807 44575 617 604 912 43958 42097 9579 8264 8005 7335 6817 1861 1387 1315 32518 810 31708 3065 1161 1904 28643
is_linear=0
shrinkage=0.05


Tree=102
num_leaves=31
num_cat=0
split_feature=77 43 68 41 8 30 41 29 53 10 5 41 46 41 44 52 71 29 28 21 79 14 56 31 82 3 27 82 31 17
split_gain=9.43622 9.27206 8.7228 21.0257 15.0011 25.0724 11.2407 11.5593 8.27323 9.54744 11.1779 10.1456 10.6787 8.46208 10.2134 9.86235 8.53251 13.6951 13.1988 9.54843 8.52319 13.4815 12.8798 17.2851 14.5576 15.1498 11.5895 20.3384 10.404 10.4165
threshold=0.9033924060788181 62.851648351648358 1.0000000180025095e-35 24.500000000000004 15.128463626551573 0.39557014248473155 7.5000000000000009 0.095040582025635631 3.759615384615385 0.063913407742109365 6.5166666666666666 66.500000000000014 63.029411764705891 191.50000000000003 0.69365410397735749 252.96428571428575 0.34632176183324387 0.042061112038228751 0.8331205357142859 1.017241379310345 0.49109087286096298 0.79033333333333344 5.0275146000952455 0.52792857142857141 16.535000000000004 19.320714285714292 15.416250000000002 11.205000000000002 0.62201923076923094 3.7071428571428577
decision_type=10 8 2 8 8 8 8 10 10 10 10 8 2 10 10 10 2 8 10 8 8 10 2 8 10 10 10 10 10 10
left_child=2 -2 6 -4 -5 -6 7 -1 13 10 -10 -11 -13 14 16 -16 19 18 -18 -8 22 -22 24 -24 26 -26 28 -28 29 -21
right_child=1 -3 3 4 5 -7 8 -9 9 11 -12 12 -14 -15 15 -17 17 -19 -20 20 21 -23 23 -25 25 -27 27 -29 -30 -31
leaf_value=0.002805854400473832 0.025725253388349707 -8.2201974612678425e-05 0.026707103694707697 -0.001645906801182082 -0.001645906801182082 0.025964477072431592 0.014879522518807238 -0.018782784606526187 -0.0041186501505789085 -0.022858925497428219 0.013835481993063135 -0.015479323452138731 0.0067763121863438887 -0.0043667474252539768 -0.022762068146721999 0.00073224056140758751 -0.00067247032227652859 -0.00077416457304914084 0.024070079735248315 -0.00063898417860370213 0.0020544740360554222 0.026329415765061745 -0.00093827147437098744 0.018633682432003928 -0.02225420091782733 -0.0012318935017979218 -0.0061958117346580591 0.015713553128776332 -0.010628639786754213 -0.014573964508122858
leaf_weight=97.144048556685448 67.789090499281883 70.432781845331192 90.897945299744606 793.11263413354754 111.75199430435896 146.48600326478481 107.4403669051826 169.28032970800996 584.1877014786005 126.63317796587944 100.77506705000997 113.5781083740294 100.95470160245895 1094.8750441037118 92.896478876471519 85.082127939909697 82.281097855418921 280.75094336271286 154.96699267625809 5778.1319430470467 2119.5231922827661 57.794256884604692 270.34544076025486 192.47755831480026 165.34227637946606 177.0355828255415 175.6231027841568 264.26064047217369 291.14896251261234 136.2974189221859
leaf_count=429 288 323 409 3081 434 557 446 561 1744 337 323 321 335 3697 448 450 346 1144 604 14056 14779 359 583 369 359 405 371 553 594 445
internal_value=-0.000284164 0.0126686 -0.000413301 0.00377158 0.00176512 0.0122072 -0.000786468 -0.01093 -0.000570318 -0.00487023 -0.00146083 -0.011691 -0.00502343 -0.000187128 0.000251939 -0.0115893 0.00045859 0.00670524 0.0155222 0.000125566 -4.06042e-05 0.00271061 -0.000844852 0.00722388 -0.00138022 -0.0114193 -0.000861364 0.00697205 -0.00141767 -0.000962524
internal_weight=14099.3 138.222 13961.1 1142.25 1051.35 258.238 12818.8 266.424 12552.4 1026.13 684.963 341.166 214.533 11526.3 10431.4 177.979 10253.4 517.999 237.248 9735.42 9627.98 2177.32 7450.66 462.823 6987.84 342.378 6645.46 439.884 6205.58 5914.43
internal_count=49150 611 48539 4481 4072 991 44058 990 43068 3060 2067 993 656 40008 36311 898 35413 2094 950 33319 32873 15138 17735 952 16783 764 16019 924 15095 14501
is_linear=0
shrinkage=0.05


Tree=103
num_leaves=31
num_cat=0
split_feature=81 29 80 7 19 48 76 13 20 82 52 33 6 40 47 59 58 41 19 33 30 46 33 6 1 30 41 19 30 30
split_gain=8.452 17.3857 10.4383 9.12947 15.3699 8.31644 7.55969 10.6805 13.5247 10.0551 8.76735 10.5735 5.36291 5.22137 9.06169 5.19103 15.5321 4.86794 4.37241 4.34565 4.01554 3.5298 4.65345 3.1623 1.78949 1.69538 3.29465 1.4885 6.09157 5.46716
threshold=12.395000000000001 0.1127030710714879 20.345000000000002 19.983636363636368 18.211111111111112 32.375000000000007 0.94890727913876605 0.34123509989874157 1.7032967032967035 15.105000000000002 248.03846153846158 2.296703296703297 1.0000000180025095e-35 4.5000000000000009 0.56557998963062261 0.75000000000000011 20.363970588235297 85.000000000000014 14.261363636363638 4.7750000000000012 0.23360938696019645 69.634191176470594 1.0717948717948718 8.1157721477041864 6.5000000000000009 0.11212712692614867 204.50000000000003 16.174242424242429 0.59776820200218472 0.72107256337183501
decision_type=10 10 10 10 10 2 8 8 8 8 10 10 8 2 2 2 2 10 10 8 10 2 10 8 10 8 8 10 8 10
left_child=2 -2 3 5 -5 6 7 15 -9 10 18 -12 25 14 -11 -1 17 -17 -10 -7 -18 24 -23 -6 27 -8 -27 29 -29 -14
right_child=1 -3 -4 4 23 19 12 8 9 13 11 -13 21 -15 -16 16 20 -19 -20 -21 -22 22 -24 -25 -26 26 -28 28 -30 -31
leaf_value=0.0002568906434867872 -0.0046126123301479796 0.021410909122742579 -0.015744666074695487 0.03165371652729837 0.012134944752386212 -0.0022826590945285775 -0.0025045171508526467 -0.018989439821850206 0.0077750423764141501 -0.021610775968616207 -0.01683111228279251 0.0002568906434867872 0.0002568906434867872 -0.0025266664722363484 -0.0048239794180817731 -0.019911644376412293 0.0002568906434867872 -0.0070081747667355802 -0.0014185642653895465 -0.017791551038886799 -0.0089934425750103682 -0.015585829440280051 0.0002568906434867872 0.0002568906434867872 -0.0092462252138218095 -0.012706237254190639 -0.00084346388990561103 -0.0091296436003364661 0.0002568906434867872 -0.017436661735808594
leaf_weight=928.24095942080021 122.95734916627407 132.59129345417023 106.69030804932117 59.383033379912376 55.034590449184179 82.320847667753696 430.73645352572203 161.36437173187733 323.86585286259651 157.87458574771881 165.62366411089897 134.14558544754982 8614.4622393809259 184.10860477387905 164.24483169615269 135.23615828156471 468.21893948316574 161.43984971940517 214.41513039171696 99.988950073719025 121.90094247460365 98.188191831111908 58.860362596809864 54.981300715357065 123.48825674504042 139.24729974195361 100.71029855310917 190.1918777115643 189.88272662833333 78.360647182911634
leaf_count=2276 319 362 253 308 325 487 1348 404 623 313 437 366 33202 356 406 337 1165 388 421 300 303 494 382 276 414 335 528 745 852 338
internal_value=-7.17071e-05 0.00892051 -0.00023882 -0.000116896 0.0113843 -0.000261755 -0.000116449 -0.00224305 -0.00535569 -0.00370622 -0.000342828 -0.00833834 0.000256891 -0.0092626 -0.0130928 0.000256891 -0.00356831 -0.0129372 0.000256891 -0.0108393 0.000256891 0.000256891 -0.00890331 0.000256891 0.000256891 -0.00439053 -0.00775159 0.000256891 -0.00180262 0.00139074
internal_weight=14058.8 255.549 13803.2 13696.5 169.399 13527.1 13344.8 3320.68 1505.64 1344.28 838.05 299.769 10024.1 506.228 322.119 1815.04 886.796 296.676 538.281 182.31 590.12 9353.43 157.049 110.016 9196.39 670.694 239.958 9072.9 380.075 8692.82
internal_count=49063 681 48382 48129 909 47220 46433 7795 3326 2922 1847 803 38638 1075 719 4469 2193 725 1044 787 1468 36427 876 601 35551 2211 863 35137 1597 33540
is_linear=0
shrinkage=0.05


Tree=104
num_leaves=31
num_cat=0
split_feature=41 77 6 29 18 36 50 30 76 56 41 58 52 41 33 14 6 76 36 81 10 4 9 56 33 77 11 3 3 79
split_gain=10.6331 9.07184 8.23836 24.7369 13.378 12.8623 16.4778 15.7817 12.5289 15.8067 21.3615 13.6216 13.5363 11.2844 46.3191 19.3252 16.5546 11.0437 9.66266 8.91611 17.9002 13.1773 18.0882 15.1308 12.6575 13.613 11.7844 15.3608 10.8021 14.0662
threshold=3.5000000000000004 0.95205752957154643 10.496472685362209 0.13153061408655597 4.1742424242424248 0.63801889876130724 21.707596153846158 0.12844417839902 0.8458098273636756 4.1417553506555054 121.00000000000001 21.343750000000004 251.76785714285717 24.500000000000004 4.0588235294117654 0.55038461538461558 8.4912339729314343 1.26688790560472 0.41951047462620389 8.5250000000000004 0.11053155814979673 8.3644978040504068 13.345833333333335 4.7060160036770862 1.5339366515837105 0.49490766420842708 0.11246825475674009 6.8055555555555562 6.2045454545454559 0.1737820925674762
decision_type=8 10 10 8 10 10 10 8 10 2 8 2 8 8 8 10 8 8 10 10 10 10 10 2 8 10 10 10 10 10
left_child=-1 2 4 -4 13 7 -7 -6 9 12 18 -10 -9 14 15 17 -16 -2 -11 21 -21 26 24 -24 25 -23 27 28 -15 -30
right_child=1 -3 3 -5 5 6 -8 8 11 10 -12 -13 -14 19 16 -17 -18 -19 -20 20 -22 22 23 -25 -26 -27 -28 -29 29 -31
leaf_value=-0.015005766455776502 -0.027865100793837173 0.015389998586304474 -0.001387399899078233 0.02514261984670815 0.0143320834630392 0.019795001627964229 -0.0077549300331900828 -0.031170342418348946 -0.0058254531739936159 0.032185568727113194 -0.014771569802950739 -0.024570639523636431 -0.001074870749186764 -0.00054876475414661482 0.011673615884852228 0.012370089774596991 0.041319270135712481 -0.0024028078693508564 0.0049033683088628398 -0.0085582444811987887 0.010130960075877569 0.01081926779576358 -0.0055012342773117879 0.013250652907388576 0.0047132135565254377 0.035005553248222972 0.016340333271158081 -0.0084954411601597408 0.0011063011222839083 0.026229950487559245
leaf_weight=119.77631011605263 88.878128930926323 92.813802525401115 286.44679410383105 125.67882533371449 67.648242197930813 99.938031863421202 116.5554755628109 75.587926510721445 166.32715636491776 58.59640384092927 84.930047214031219 233.88901261985302 73.095928307622671 8518.167740713805 95.298933412879705 93.746312256902456 94.26313142105937 81.322679966688156 72.209883976727724 703.55867202579975 155.70926965773106 231.15173691138625 562.72254632040858 131.96132984757423 657.07511932402849 77.510294273495674 100.54609775543213 603.25164798647165 154.63174409791827 86.172399893403053
leaf_count=438 219 449 1026 506 458 276 387 386 432 325 497 622 550 29378 336 356 274 638 389 1618 324 1023 2115 379 2266 175 336 2118 655 204
internal_value=-0.000233685 -0.000106147 -0.000210741 0.00674428 -0.000423788 -0.00584404 0.00499525 -0.00866616 -0.0107169 -0.00399299 0.00464988 -0.0168142 -0.0164808 3.37582e-05 0.00776687 -0.00577567 0.0265549 -0.0157842 0.0172763 -0.000259546 -0.00516371 0.000119731 0.00422669 -0.00192522 0.00864936 0.0169863 -0.000601283 -0.000784954 -0.000253005 0.0101682
internal_weight=14109.5 13989.7 13896.9 412.126 13484.7 1048.78 216.494 832.285 764.636 364.42 215.736 400.216 148.684 12436 453.509 263.947 189.562 170.201 130.806 11982.5 859.268 11123.2 1660.42 694.684 965.737 308.662 9462.77 9362.22 8758.97 240.804
internal_count=49155 48717 48268 1532 46736 4322 663 3659 3201 2147 1211 1054 936 42414 1823 1213 610 857 714 40591 1942 38649 5958 2494 3464 1198 32691 32355 30237 859
is_linear=0
shrinkage=0.05


Tree=105
num_leaves=31
num_cat=0
split_feature=34 10 53 44 79 12 24 76 47 27 31 79 47 39 55 77 48 14 21 39 63 22 21 51 21 58 39 81 12 82
split_gain=7.19491 9.40934 7.07674 13.6507 10.6889 10.6131 9.23004 9.00928 8.91399 35.4883 19.9886 13.8691 13.4669 22.2201 31.7685 15.8423 15.1038 20.3949 13.2854 12.9874 20.8965 16.9899 13.032 16.9769 20.9713 14.9012 13.0101 12.1249 11.3494 10.8991
threshold=1.0000000180025095e-35 0.044283246533574031 3.2792207792207795 0.69963604943443658 -0.6962645315534246 0.72918596908033406 -3.5943392857142853 0.71748159466592598 0.57150439190085722 17.904395604395607 0.75363970588235307 -1.0000000180025095e-35 0.56137297250001572 24.792607802874745 22.173529411764708 0.36831711636449993 27.593750000000004 0.36035714285714293 5.4853944562899795 24.710472279260781 1.0000000180025095e-35 0.8300721884498482 4.162249912249913 4.1780241467378696 4.7668284789644018 22.150735294117649 23.859000684462703 9.5650000000000031 0.70000395319418096 4.535000000000001
decision_type=10 8 10 10 8 8 8 10 2 10 10 8 2 2 2 10 2 10 8 2 2 10 10 10 10 2 2 8 10 10
left_child=2 -2 3 8 -4 6 -6 -5 10 11 12 19 16 14 -14 -15 -1 27 -19 20 21 26 -21 25 -25 -24 -10 -18 -13 -26
right_child=1 -3 4 7 5 -7 -8 -9 9 -11 -12 28 13 15 -16 -17 17 18 -20 22 -22 -23 23 24 29 -27 -28 -29 -30 -31
leaf_value=0.0031134208471357977 0.0089465967453624361 -0.008071318201533912 -0.0099675482291282907 -0.0028284792023306532 0.012705593048262839 0.012815298609292647 -0.0027724270820884342 -0.025075089500000081 0.0038786930624294912 0.027156201883603209 -0.018532670324992895 0.00044803430450696959 0.021051736839711236 -0.0059372937841486745 -0.0087433816807411212 -0.023831305496449656 0.0094000442799321918 -0.020915750321271437 -0.0014429498143979627 -0.0034820672070279982 -0.0017942699581471576 0.028182155622563428 -0.013276984200285839 0.029866506798311383 0.014647197729796162 0.009793726450796493 0.023222733153470072 -0.0054046695731287155 -0.018141760882604097 -0.0049238728913970336
leaf_weight=3089.8966719396412 96.630270592868328 485.72989428788424 368.52691411972046 104.80615973845124 102.15725172683597 134.99581611528993 1454.9530289396644 79.835218235850334 296.98697520792484 140.72496012225747 146.52190047502518 3763.9403425008059 164.59967152029276 483.86353456228971 193.71926761418581 165.67721456289291 271.73034219443798 223.08022151514888 144.05912997573614 603.05593690276146 267.04389482736588 173.16691979765892 154.496865645051 126.72100895643234 150.11640506982803 126.33353863656521 122.20371660590172 279.64351537451148 82.933915745466948 133.68799306452274
leaf_count=10250 400 1567 585 700 379 493 5310 226 885 590 368 17517 430 1278 623 315 513 508 344 1446 657 457 366 314 430 359 331 852 386 323
internal_value=0.000199988 -0.00523706 0.000434043 0.00091801 -0.0022634 -0.000580603 -0.00174946 -0.0125307 0.00113877 0.00242595 -0.000392579 0.00184157 0.000140869 -0.00502276 0.00496399 -0.0105311 0.00144012 -0.00418616 -0.0132996 0.00505305 0.00981447 0.0150421 0.00188666 0.00656796 0.0130364 -0.00290054 0.00955977 0.00189526 4.26504e-05 0.00544319
internal_weight=14131.8 582.36 13549.5 11488.8 2060.63 1692.11 1557.11 184.641 11304.2 6141.41 5162.79 6000.69 5016.27 1007.86 358.319 649.541 4008.41 918.513 367.139 2153.81 859.402 592.358 1294.41 691.356 410.525 280.83 419.191 551.374 3846.87 283.804
internal_count=49202 1967 47235 40468 6767 6182 5689 926 39542 24061 15481 23471 15113 2646 1053 1593 12467 2217 852 5568 2330 1673 3238 1792 1067 725 1216 1365 17903 753
is_linear=0
shrinkage=0.05


Tree=106
num_leaves=31
num_cat=0
split_feature=76 73 46 55 4 14 21 33 47 29 47 46 46 20 23 57 47 55 12 21 57 46 12 46 69 43 24 79 30 39
split_gain=10.4448 8.60972 16.3198 24.6747 21.9138 15.4788 21.5793 13.9873 14.8859 14.4989 12.8765 17.7221 11.8318 11.4906 10.911 10.815 13.5675 11.0725 10.3297 9.81312 14.6876 12.9751 12.8474 12.2641 11.4176 10.641 11.7138 14.3415 10.8503 10.0273
threshold=0.55986353085512841 6.5000000000000009 63.849264705882355 22.173529411764708 11.822523851915253 0.6422500000000001 4.3894444444444458 2.1937500000000001 0.57181704377997167 0.1127030710714879 0.61999365623602209 64.485294117647072 64.757352941176478 -1.1379786002407851e-16 1.0000000180025095e-35 197.4963235294118 0.5796978326857648 23.215625000000003 0.38728333628712314 5.2505144032921818 292.5330882352942 58.687500000000007 0.70000395319418096 58.514705882352949 0.039480791087933953 67.645833333333357 -3.6613928571428569 0.28571668732681238 0.23056405299188557 25.101984941820675
decision_type=8 2 2 2 10 10 10 10 2 10 2 2 2 10 8 2 2 2 10 10 2 2 10 2 2 10 10 8 10 2
left_child=-1 2 5 12 10 7 -7 9 -9 -2 11 -5 -4 -12 -3 16 17 -16 -14 21 23 24 -23 -21 -17 26 27 -25 -27 -22
right_child=1 14 3 4 -6 6 -8 8 -10 -11 13 -13 18 -15 15 19 -18 -19 -20 20 29 22 -24 25 -26 28 -28 -29 -30 -31
leaf_value=-0.0050965187177038629 -0.00059649953396870281 0.015521018476058461 0.01074292237137745 0.020246555244778114 0.03452881224956604 0.02947507849054759 -0.0017232772199192994 -0.018676585770188884 0.00010799987957814112 0.017533378667178995 0.036031506810813366 -0.0005704132406770012 -0.00062619162106653664 0.0079988036627897576 0.0039670391293159576 -0.0039389304007604632 -0.0011583164003800667 0.026055745748742778 -0.018627243249352488 0.021250575911264283 0.0011336143972378713 -0.001106633631485291 -0.015579189534215873 -0.01536301507957577 -0.023253200834619493 0.0052491409093068575 0.0026461563773026789 0.0050949918777524958 0.033774806154329873 -0.025237947079378438
leaf_weight=914.00636994838715 1601.3884460553527 105.77360494062304 168.67976599931717 144.45314117521048 101.15225385501981 100.72866871580482 121.54505721852183 215.03602218255401 206.04186179488897 117.42868101969361 75.073443185538054 343.95422456786036 348.85828917473555 71.775745145976543 108.47610459849238 187.37171570956707 257.20906043425202 118.91894256323576 102.32100918516517 84.015146888792515 63.892758641391993 5859.9132475592196 156.47462616488338 214.93880805373192 128.93027424812317 100.96664030104876 1821.0065650306642 141.34422651678324 49.115882605314255 81.459489036351442
leaf_count=2338 4992 348 514 368 415 280 384 598 641 357 402 1530 1403 356 275 569 777 355 372 239 370 20894 604 607 465 733 6425 718 310 483
internal_value=6.94668e-05 0.000427581 0.00246628 0.00683558 0.0130165 -4.42383e-05 0.0124837 -0.00135075 -0.00950643 0.000651599 0.00954225 0.00561528 -0.000516715 0.0224767 -0.000372269 -0.000553241 0.00671285 0.0155821 -0.00474074 -0.000950059 0.00166399 -0.00200554 -0.00148556 0.00259643 -0.0118602 0.0019142 0.00102332 -0.00725539 0.0147462 -0.0137172
internal_weight=14112.3 13198.2 3718.44 1356.27 736.409 2362.17 222.274 2139.9 421.078 1718.82 635.257 488.407 619.859 146.849 9479.81 9374.03 484.604 227.395 451.179 8889.43 2556.74 6332.69 6016.39 2411.39 316.302 2327.37 2177.29 356.283 150.083 145.352
internal_count=49122 46784 12612 5360 3071 7252 664 6588 1239 5349 2656 1898 2289 758 34172 33824 1407 630 1775 32417 9885 22532 21498 9032 1034 8793 7750 1325 1043 853
is_linear=0
shrinkage=0.05


Tree=107
num_leaves=31
num_cat=0
split_feature=31 28 55 82 39 39 19 48 14 7 59 55 9 56 54 29 58 43 9 46 80 22 18 36 71 21 75 33 58 39
split_gain=8.82758 15.6337 17.6677 9.01833 8.76448 10.0898 18.0861 23.0173 20.7495 12.9586 13.067 18.5271 13.304 7.29491 21.5382 11.01 11.3392 10.1478 12.3677 9.2036 9.86806 9.08155 8.68438 8.05386 7.65207 6.97731 14.2731 12.7974 12.1054 9.52372
threshold=0.83577083333333346 19.080446153846157 23.726838235294121 14.325000000000001 21.184120465434635 22.466803559206024 2.3205128205128207 17.545955882352946 0.084142857142857158 8.4213988095238115 1.0000000180025095e-35 22.115441176470593 15.415833333333337 3.8097940900148974 17.183333333333337 0.13153061408655597 22.150735294117649 66.174242424242451 4.2711666666666677 64.332720588235318 6.5650000000000004 0.76689497716894983 2.6794871794871802 0.24567096712875078 0.58117466673819063 4.0911276223776234 15.475000000000003 2.5798319327731094 15.181985294117649 26.383299110198497
decision_type=10 10 2 10 2 2 8 2 10 8 2 2 8 2 10 10 2 10 10 2 8 10 10 8 2 10 10 10 2 2
left_child=1 4 3 -3 -1 6 8 -8 -6 -9 12 -12 -11 14 21 16 22 19 -19 20 -18 23 -16 -7 25 26 27 -15 -27 -29
right_child=-2 2 -4 -5 5 13 7 9 -10 10 11 -13 -14 24 15 -17 17 18 -20 -21 -22 -23 -24 -25 -26 28 -28 29 -30 -31
leaf_value=-0.010310205339678635 0.015988725814370566 -0.010587966643298051 0.0043304653763570197 -0.035530565484268521 0.0027708760456507196 0.0035667856000088879 0.023232951611203045 -0.0083001213155438971 0.041158833463177391 0.01235572545486513 0.030708009727202775 0.00072097596963427153 -0.0083001213155438971 -0.0011569036004356102 -0.0023863259745287094 0.017163490598518578 0.022358872972121722 0.00022521204490135563 0.037598431448663525 -0.010135753578750552 0.00012683547402535643 0.029479915252746597 -0.017050426724455722 0.022017928660247748 0.011947584228704726 -0.011326726928503015 0.015491511678691462 -0.0016268442135226246 0.0012826613367722341 -0.015092803722317111
leaf_weight=181.5852203592658 89.816641166806221 73.893171973526478 97.146261051297188 72.485095098614693 69.889017883688211 167.61716208979487 117.52022817730904 307.48318468779325 70.241596452891827 87.264183022081852 91.731189172714949 115.98084263131022 117.59618258103728 4221.2961060032248 509.02420403435826 89.0774588547647 71.504727721214294 41.37401494383812 46.638498544692993 116.04343003034592 160.22447367012501 78.9037214666605 125.08725978434086 90.804399214684963 129.21993713825941 195.65316776558757 117.42274488508701 229.29825473576784 5933.6002124734223 307.07010897248983
leaf_count=418 348 444 398 167 317 635 486 1080 295 368 319 470 401 13820 2480 333 173 320 327 516 862 292 620 373 668 467 271 753 19803 1061
internal_value=0.000450249 0.000349663 -0.0121825 -0.0230966 0.000571855 0.000717817 0.00560861 0.00281493 0.0221684 -0.000545092 0.00524069 0.0140477 -0.0037138 0.000338795 0.00361542 0.000375046 -0.00103745 0.00516484 0.0202295 0.00130529 0.00705358 0.0147146 -0.00530131 0.01011 -0.000101853 -0.000244417 -0.00165595 -0.00208233 0.000878372 -0.00934983
internal_weight=14122.5 14032.7 243.525 146.378 13789.2 13607.6 977.706 837.576 140.131 720.056 412.572 207.712 204.86 12629.9 1496.3 1158.97 1069.9 435.785 88.0125 347.773 231.729 337.325 634.111 258.422 11133.6 11004.3 4875.09 4757.66 6129.25 536.368
internal_count=49285 48937 1009 611 47928 47510 3736 3124 612 2638 1558 789 769 43774 6931 5631 5298 2198 647 1551 1035 1300 3100 1008 36843 36175 15905 15634 20270 1814
is_linear=0
shrinkage=0.05


Tree=108
num_leaves=31
num_cat=0
split_feature=71 41 14 58 31 51 57 55 47 54 77 20 17 54 10 47 53 54 28 77 21 26 29 55 31 50 21 35 39 14
split_gain=8.10353 10.3067 11.1049 7.22433 18.7194 13.7867 12.0963 14.3119 15.2232 13.7915 23.0258 12.9185 12.4824 15.4444 19.3739 11.1214 10.8495 9.92013 12.0549 16.1553 7.77832 15.9473 8.83352 8.59553 9.13342 12.2936 13.5552 11.1781 11.4778 7.93436
threshold=0.34632176183324387 70.500000000000014 0.39679487179487188 20.272058823529417 0.66937500000000016 3.9595140963065494 197.4963235294118 19.005257352941182 0.61119990709851801 16.516666666666669 0.089511511629387294 0.58571428571428585 3.7207792207792214 28.258333333333336 0.12255301819805194 0.58697562466569886 4.5916666666666677 15.683333333333335 0.70653125000000017 0.30897152638255782 4.3147107781939251 7.5000000000000009 0.051835849190763429 19.452941176470592 0.3855397727272728 24.151923076923079 5.4006172839506181 1.5000000000000002 25.357973990417523 0.21845238095238098
decision_type=2 8 10 2 10 10 2 2 2 10 10 10 10 10 10 2 10 8 10 8 8 2 8 2 8 8 10 8 2 10
left_child=3 2 -2 4 6 -6 11 -8 12 10 -10 15 13 14 20 -1 17 18 -5 -20 21 -9 29 -22 -25 26 -26 -27 -29 -23
right_child=1 -3 -4 16 5 -7 7 8 9 -11 -12 -13 -14 -15 -16 -17 -18 -19 19 -21 23 22 -24 24 25 27 -28 28 -30 -31
leaf_value=0.0079786251226697628 0.032229302057747954 0.0023816540305510239 0.0024234695279717567 -0.0058320574526665577 -0.027360201999894064 -0.0050376362747079177 0.013074287374896923 0.012579293123004555 -0.00090551996940644122 -0.0012113040710902666 0.030591362160967275 0.016127460057862919 -0.021822118592488296 -0.021896742304242552 0.017255340048869122 -0.01103843584952191 -0.01225913824887568 0.00030133184933840034 0.025962350856364138 0.002442283140419688 -0.019883839215182931 -0.0072832211349029416 -0.013491211357526987 -0.0093531065762111464 -0.00088331228482093748 -0.021570557829495036 0.020789482006413108 -0.011386732612414024 0.011326105911088461 0.011366598855510049
leaf_weight=175.70118669047952 64.140831124037504 722.27170497179031 60.403258215636015 108.76456017792225 119.02135936915874 164.60377660393715 144.33364467322826 185.93312920629978 129.87192648276687 578.65289414301515 103.80769167840481 193.72430971637368 104.37234628945589 116.09581162407994 108.41757722571492 135.09060316905379 164.43099493160844 8514.8613916821778 138.19370846450329 154.03210619464517 107.0185806825757 121.27621602639556 175.15598661452532 668.69140724092722 248.06153077632189 103.35785715654492 100.69226225838065 130.3429268412292 95.501605171710253 105.89835464954376
leaf_count=409 359 2989 298 346 347 479 411 613 680 2357 251 526 407 472 327 362 447 30238 280 540 217 413 652 1977 759 348 351 531 362 344
internal_value=-5.48426e-05 0.00468361 0.0179081 -0.000359253 -0.00209671 -0.0144684 -0.00117749 -0.0022717 -0.00297142 0.00293308 0.0131571 0.00602951 -0.00499492 -0.00421072 -0.00324613 -0.000296335 0.00042839 0.000663729 0.00833919 0.0136155 -0.00434258 0.000508151 -0.00508777 -0.00630456 -0.00521145 -0.00111864 0.00541561 -0.00803639 -0.00177469 0.00142218
internal_weight=14042.7 846.816 124.544 13195.9 4115.62 283.625 3832 3327.48 3183.15 812.333 233.68 504.516 2370.82 2266.44 2150.35 310.792 9080.28 8915.85 400.99 292.226 2041.93 588.264 402.331 1453.67 1346.65 677.956 348.754 329.202 225.845 227.175
internal_count=49092 3646 657 45446 13595 826 12769 11472 11061 3288 931 1297 7773 7366 6894 771 31851 31404 1166 820 6567 2022 1409 4545 4328 2351 1110 1241 893 757
is_linear=0
shrinkage=0.05


Tree=109
num_leaves=31
num_cat=0
split_feature=10 33 10 28 69 76 80 17 75 19 48 56 53 48 48 36 31 1 79 48 55 56 53 67 31 19 30 33 28 30
split_gain=10.0026 15.1169 12.3275 14.5742 10.2292 7.59627 11.1964 10.6863 10.5281 8.78931 8.72012 8.36508 11.0328 9.53313 15.4372 12.3283 10.0185 7.58825 7.42061 7.23613 14.571 11.3706 9.76789 8.94244 11.3963 18.0833 8.35325 8.33557 7.91048 7.79923
threshold=0.18368729605663406 3.5549450549450552 0.16811021653327188 16.325186363636366 0.063211239159885191 0.92874284903108084 14.005000000000001 2.6794871794871802 18.535000000000004 0.12916666666666668 32.375000000000007 3.5809808612440195 2.1909090909090914 29.119485294117649 27.788602941176475 0.2430903752461363 0.30741666666666673 6.5000000000000009 -1.1385443093090097 23.843750000000004 20.771875000000005 4.1309377959666005 1.5166666666666668 1.0000000180025095e-35 0.41933035714285721 4.7596153846153859 0.5184493226103275 1.3981900452488687 6.7820961538461555 0.22557269110665221
decision_type=10 10 10 8 2 8 10 8 10 8 2 2 10 2 2 10 8 10 8 2 2 2 8 2 10 8 8 8 8 8
left_child=2 4 5 -4 -2 6 19 -8 9 -7 11 12 -11 14 17 -15 -16 18 -13 20 21 -1 -22 24 25 -24 -21 -23 -27 -25
right_child=1 -3 3 -5 -6 8 7 -9 -10 10 -12 13 -14 15 16 -17 -18 -19 -20 26 22 27 23 29 -26 28 -28 -29 -30 -31
leaf_value=-0.015253391728537766 -0.0088507455513089223 -0.019715306894022414 -0.00070055429000443056 0.029995050064653209 0.01490887146215219 -0.002952935689752541 -0.00046927613919940485 -0.017916890182487877 0.014842395977737769 -0.00040534962286755121 -0.012625278694831314 -0.0070527881798913856 0.014842395977737769 0.0014217035480787329 -0.00051082625496047312 0.014842395977737769 -0.015809524070163974 -0.013479458384720949 0.0015489579373117988 -0.006997716265143704 0.013129526192497579 -0.0082102606624056846 0.010336114290422763 -0.015210008817783845 0.01260308529238321 0.0014783374706996979 0.0038285942522162855 0.0066911966056310175 -0.015108981780512832 0.00070176245369599774
leaf_weight=207.21710789203644 104.72295295447111 158.46143184229732 79.46467600017786 74.243620827794075 78.27309450879693 1544.0620903484523 154.18979462981224 202.86749452352524 128.94203859567642 182.92383323982358 112.49200084805489 259.54374122619629 196.59583846852183 411.78102587535977 199.64929677546024 247.60914128646255 229.80374044924974 87.857352834194899 6669.8705916628242 769.00691644847393 222.07920551300049 184.40518669784069 240.30847978591919 122.47403909265995 281.81306645274162 123.91183419525623 231.0989925712347 189.04610328376293 169.62365122139454 204.43627163767815
leaf_count=390 404 511 392 287 291 5686 314 452 320 1177 535 412 948 1239 526 800 840 282 26646 1964 536 360 584 294 614 258 626 376 458 527
internal_value=-2.08394e-05 -0.00846145 0.000189716 0.014224 0.00133778 2.97551e-05 -0.00205587 -0.0104048 0.00070048 0.000519242 0.00114305 0.00132704 0.00857249 0.000986801 0.000476145 0.00674437 -0.00871499 0.0010398 0.00122581 -0.00104059 0.000736605 -0.005891 0.00355895 0.00168888 0.00448808 0.000188661 -0.00449471 -0.000669217 -0.00812563 -0.00528765
internal_weight=14068.8 341.457 13727.3 153.708 182.996 13573.6 3302.48 357.057 10271.1 10142.2 8598.13 8485.63 379.52 8106.11 7446.72 659.39 429.453 7017.27 6929.41 2945.42 1945.31 580.668 1364.65 1142.57 815.657 533.844 1000.11 373.451 293.535 326.91
internal_count=49049 1206 47843 679 695 47164 7753 766 39411 39091 33405 32870 2125 30745 28706 2039 1366 27340 27058 6987 4397 1126 3271 2735 1914 1300 2590 736 716 821
is_linear=0
shrinkage=0.05


Tree=110
num_leaves=31
num_cat=0
split_feature=76 17 52 27 47 51 53 14 47 46 15 5 56 21 51 46 14 44 21 6 81 77 29 6 29 47 76 10 53 12
split_gain=7.40418 11.3083 16.5795 17.3411 10.0758 14.4427 15.0344 12.6016 9.55295 10.8286 9.59581 9.16305 10.2244 8.75826 10.4285 16.0573 10.0502 9.92116 15.1637 10.1195 13.2063 14.0913 12.6534 10.0349 8.89948 8.74553 8.6568 10.5783 8.65261 8.29007
threshold=0.92874284903108084 2.3452380952380958 201.47727272727278 5.0058823529411773 0.65023298238667315 4.2738578097497522 2.8619047619047624 0.26845238095238105 0.62776588283066947 60.323529411764717 0.45207123762072132 21.983333333333338 3.9846099266082207 4.6360626128838058 4.8434858792001654 61.181985294117659 0.46035714285714296 0.50036390101892303 4.9836511047754817 10.496472685362209 7.6250000000000009 0.42056789829516422 0.08804513270632261 3.959797974644669 0.10590583952248993 0.57432945781052158 0.78715043695380793 0.13829059378429129 1.3205128205128207 0.61529929635449243
decision_type=8 8 10 10 2 8 8 10 2 2 8 10 2 10 10 2 8 10 10 10 8 10 10 10 8 2 10 8 10 8
left_child=1 2 3 -1 13 -6 7 -7 9 -3 -11 12 -12 29 17 -16 -17 18 -15 20 21 23 -21 24 25 -19 -14 -28 -4 -2
right_child=4 8 28 -5 5 6 -8 -9 -10 10 11 -13 26 14 15 16 -18 19 -20 22 -22 -23 -24 -25 -26 -27 27 -29 -30 -31
leaf_value=-0.0002479945173292359 -0.0018713578109498721 -0.01351761993045417 0.0094710338747596851 0.022924439654368682 -0.0014467161691939954 0.012421646638868857 0.00046927004340009172 0.044260268249323859 -0.018184678592061541 0.010239330666431047 0.005795130402189679 0.0070854463633462199 -0.0022022695744833521 0.014182620043702944 -0.016841741846075411 -0.0038790156464390615 0.010482023443798684 -0.0029742030815182864 -0.012451656748028686 0.002437985521443396 0.0012413263284847449 0.018945135745547622 0.033289293173265386 -0.004491320728356181 0.019685726104536866 0.013094016648335982 -0.0058268642105935671 -0.024469603217707872 -0.0026899121150577485 0.0020948376426544154
leaf_weight=170.29734109342098 4586.0518380925059 244.64311590790749 160.03539288043976 152.48342461884022 187.69436257332563 63.402873978018761 77.890855293720961 62.080955676734447 133.46273805201054 141.20769050717354 137.95255905389786 155.94416253268719 235.45583312213421 71.420328367501497 163.99703799188137 360.13882078230381 182.85644037276506 181.36455182731152 203.51890423893929 66.644312985241413 1772.8913894034922 242.50236348807812 65.637843158096075 199.56609670817852 134.59001697599888 157.36699874699116 156.38400739431381 148.74114453792572 1596.1382030397654 1847.4645895436406
leaf_count=366 16891 499 372 301 1082 330 363 303 347 403 316 393 521 249 417 1194 554 329 901 367 9161 596 242 441 331 402 343 336 3974 6723
internal_value=4.133e-05 -0.00197718 0.000338974 0.0107358 0.000693472 0.00855973 0.0177566 0.0283986 -0.00553162 -0.00413405 -0.00176978 -0.00381175 -0.00632294 0.000392133 0.00229422 -0.00318155 0.000967516 0.00354547 -0.00550661 0.00442948 0.00376116 0.00863479 0.0178812 0.00489644 0.00885572 0.0045073 -0.00942038 -0.014965 -0.00157696 -0.000732267
internal_weight=14059.8 3432.75 2078.95 322.781 10627.1 391.069 203.375 125.484 1353.79 1220.33 975.685 834.478 678.534 10236 3802.5 706.992 542.995 3095.5 274.939 2820.56 2688.28 915.39 132.282 672.888 473.322 338.732 540.581 305.125 1756.17 6433.52
internal_count=49047 8171 5013 667 40876 2078 996 633 3158 2811 2312 1909 1516 38798 15184 2165 1748 13019 1150 11869 11260 2099 609 1503 1062 731 1200 679 4346 23614
is_linear=0
shrinkage=0.05


Tree=111
num_leaves=31
num_cat=0
split_feature=76 46 21 57 79 46 2 13 58 58 11 46 57 6 53 55 79 11 51 81 20 30 13 44 33 6 21 77 12 48
split_gain=6.85547 9.14828 9.07196 10.507 11.1402 12.4334 18.088 20.6913 20.8296 19.8789 23.8865 13.4971 14.183 12.1463 8.59767 9.16341 14.9805 14.3703 10.9862 8.0372 9.02842 8.00496 7.96989 7.76004 7.6019 9.57749 7.50713 8.63077 8.63513 6.70558
threshold=0.73269779044903793 66.968750000000014 5.5279733959311432 294.03125000000006 -0.9732473977338264 62.939338235294123 1.0000000180025095e-35 0.064974067019794093 17.593750000000004 22.240808823529417 0.12500944799722094 63.968750000000007 256.79044117647067 1.9395630298692137 3.759615384615385 21.48161764705883 -0.054234944197662102 0.069623982849225483 4.2688425644146895 8.3050000000000015 1.1999999999999995 0.25486719966895743 0.090897198224445239 0.60282441511174267 0.83333333333333304 3.1819805153394651 5.3847763115545559 0.42940673705379589 0.18809186602664865 21.093750000000004
decision_type=8 2 10 2 8 2 2 10 2 2 10 2 2 10 8 2 10 10 10 10 10 8 10 10 10 8 10 10 10 2
left_child=1 19 26 4 -4 14 7 23 -9 10 -10 -11 -13 -8 15 17 22 -6 -18 20 21 24 -17 -7 25 -1 -2 28 -28 -22
right_child=2 -3 3 -5 5 6 13 8 9 11 -12 12 -14 -15 -16 16 18 -19 -20 -21 29 -23 -24 -25 -26 -27 27 -29 -30 -31
leaf_value=0.0034648453723692915 4.1650954883182097e-05 0.009441396296479658 -0.0085044638701535294 -0.01013936025143931 0.0042219179975547224 -0.005852952470247765 0.014120270764008508 0.042721651913203429 0.016791329852990786 0.037644134839594862 -0.017454979990890306 0.027784231443865035 -0.00095057143674708445 -0.0076860723359295016 -0.012862179389198192 0.0048854913204383578 0.021301188474777709 -0.017065040289274611 0.0036870185204533504 -0.012059784013648843 0.011086478952579755 -0.011993757544882404 -0.01508251789501123 0.011544161925019586 0.0074816256161052992 -0.011796063709416471 -0.010583879946186805 -0.018155507383967259 0.0115955654112802 -0.0014546106835218071
leaf_weight=176.29985842108727 9758.2334877103567 137.1126344949007 163.78973960876465 137.98421142995358 202.23955091461539 161.09874991327524 87.601160295307636 73.095936272293329 120.66150358319283 99.395968716591597 86.579439636319876 91.188944015651941 80.269679438322783 227.74287629872561 100.9851088412106 104.91811805963516 177.64938217401505 129.09171745926142 176.48004986345768 256.69070641696453 171.68908251821995 298.53792491555214 93.793064765632153 105.03330633789301 156.00922366976738 244.4119518995285 99.449611160904169 122.10281021893024 76.935075484216213 277.94256561994553
leaf_count=421 34247 425 260 863 652 900 477 311 510 388 329 412 352 1108 298 657 416 410 408 654 387 742 548 519 341 530 378 309 430 673
internal_value=5.58728e-05 -0.00290368 0.00046377 0.00321184 0.00402336 0.0049958 0.00856633 0.012487 0.0180067 0.0141467 0.00246907 0.0230398 0.0144043 -0.00160288 0.000886116 0.00246913 0.00640538 -0.0040982 0.0125583 -0.0039792 -0.00240572 -0.00536198 -0.00456788 0.00103061 -0.00191424 -0.00540791 -0.000197655 -0.00799512 -0.000898868 0.0033481
internal_weight=14195 1718.69 12476.3 2419.6 2281.61 2117.82 1132.67 817.324 551.191 478.096 207.241 270.855 171.459 315.344 985.157 884.172 552.841 331.331 354.129 1581.58 1324.89 875.259 198.711 266.132 576.721 420.712 10056.7 298.487 176.385 449.632
internal_count=49355 4173 45182 9818 8955 8695 5306 3721 2302 1991 839 1152 764 1585 3389 3091 2029 1062 824 3748 3094 2034 1205 1419 1292 951 35364 1117 808 1060
is_linear=0
shrinkage=0.05


Tree=112
num_leaves=31
num_cat=0
split_feature=41 39 48 44 69 81 41 18 47 19 80 48 66 39 79 11 21 39 43 46 71 81 48 57 81 43 50 44 44 79
split_gain=8.70721 10.074 7.93486 20.4821 13.3721 13.2992 8.54928 10.0711 8.89084 21.136 10.6305 9.19525 10.1038 10.2705 15.3661 13.1303 11.6675 10.3637 14.9297 9.24088 8.56838 9.37553 9.34158 9.3253 12.6283 8.41598 8.03927 11.9117 7.94084 7.67626
threshold=191.50000000000003 22.416153319644085 16.941176470588239 0.55370297114387446 0.0044152046783625743 2.5750000000000006 183.50000000000003 1.4365079365079367 0.61268375685421084 15.345238095238097 17.185000000000006 29.281250000000004 8.5000000000000018 24.710472279260781 0.10122254533270351 0.097064082585776298 5.1254139072847691 26.328542094455855 63.759615384615394 66.301470588235318 0.34632176183324387 12.155000000000003 31.656250000000004 246.03125000000003 10.675000000000002 63.720779220779228 17.583750000000006 0.60884981298792595 0.62473676077790785 0.17099129337083566
decision_type=10 2 2 8 2 10 10 8 2 10 8 2 2 2 8 10 8 2 8 2 2 10 2 2 8 8 10 10 8 8
left_child=2 -2 3 -1 -5 -6 8 -8 20 11 -11 12 13 14 16 -16 -10 26 -19 -20 21 22 -4 24 -22 -25 -15 -28 -14 -29
right_child=1 -3 6 4 5 -7 7 -9 9 10 -12 -13 28 17 15 -17 -18 18 19 -21 23 -23 -24 25 -26 -27 27 29 -30 -31
leaf_value=0.02190611873203813 0.011458424441272151 -0.0044758155118248405 -0.00060163820092007392 -0.0046686169466718507 -0.00067598231654001197 0.017893803028288774 0.021529651270774639 -0.001451934801361794 0.0062104905506038749 0.028860938822390509 0.0054151334183739665 0.014853365419882279 -0.0012809764848946675 -0.020334090146452804 0.0052481797459120998 -0.015660895426922571 0.024841487065472755 -0.0026511964044677837 0.0049055943503001614 0.022580275051001221 0.02194511831152024 0.009655661634331722 -0.012065032172926614 -0.010273614820597965 0.0016863345388434517 0.0079076331489135471 -0.011775097052722963 -0.0034142110431962325 -0.017454724437435468 0.017995665928148427
leaf_weight=157.4974829107523 107.019128177315 1218.928973287344 8114.0829193741083 368.78212983161211 192.06583540886641 192.46492266654968 104.83220178261399 86.527567565441132 180.65444272756577 111.99067088961601 85.475879024714231 127.54727986454964 217.40527638420463 84.24795999750495 354.74178450554609 94.173383731395006 157.60041850805283 469.59949749335647 204.55184144899249 115.51252692565322 150.2452250868082 216.83157460391521 180.70387423783541 128.16393760964274 156.9074435532093 124.50873381644487 189.57616887614131 90.009221240878105 115.73298432305455 76.846592873334885
leaf_count=513 331 4205 26499 1113 959 477 462 374 542 276 600 451 780 290 2094 383 508 1370 975 624 292 539 696 476 825 711 741 266 553 391
internal_value=0.000674067 -0.00318207 0.00107221 0.00556805 0.00212769 0.00864085 0.000728773 0.0111845 0.000557513 0.00308972 0.0187905 0.00183158 0.00111899 0.00245171 0.00690781 0.000836816 0.0149387 -0.000402592 0.00302478 0.0113349 -0.000189632 -0.000583992 -0.000852795 0.00579659 0.0116351 -0.00131864 -0.00653712 -0.00322824 -0.0069352 0.00649472
internal_weight=14175.2 1325.95 12849.3 910.81 753.313 384.531 11938.5 191.36 11747.1 2675.67 197.467 2478.2 2350.65 2017.51 787.17 448.915 338.255 1230.34 789.664 320.064 9071.44 8511.62 8294.79 559.825 307.153 252.673 440.68 356.432 333.138 166.856
internal_count=49316 4536 44780 3062 2549 1436 41718 836 40882 10844 876 9968 9517 8184 3527 2477 1050 4657 2969 1599 30038 27734 27195 2304 1117 1187 1688 1398 1333 657
is_linear=0
shrinkage=0.05


Tree=113
num_leaves=31
num_cat=0
split_feature=15 79 17 57 28 28 55 51 17 36 6 56 13 47 73 54 55 29 73 39 79 0 33 54 28 27 11 22 41 2
split_gain=7.14736 15.433 16.5033 11.8492 10.8264 18.1285 18.1228 20.8927 15.5748 9.55033 17.9897 20.1939 13.6501 18.6854 13.7356 17.6404 19.9604 10.5013 20.8951 8.61641 7.51782 7.30231 25.7761 13.8871 12.7283 18.9117 18.403 16.4178 15.2076 15.0835
threshold=0.79197500966506207 -0.22472806481972676 3.379807692307693 237.15625000000003 17.507968750000003 16.974040178571432 22.693750000000005 4.2809169644869449 2.7207792207792214 0.62027483351723089 7.3662405170376752 4.1875689919168186 0.54052408741068236 0.63527739694726271 12.500000000000002 25.240384615384617 24.106654411764708 0.1486702842815418 9.5000000000000018 26.525667351129368 -0.14663200985703045 8.5000000000000018 4.1483516483516496 15.45804195804196 6.1124208144796386 3.3113445378151263 0.073561717086720907 0.86023255813953503 61.500000000000007 1.0000000180025095e-35
decision_type=10 8 10 2 10 10 2 8 8 10 8 2 10 2 2 8 2 10 2 2 10 2 10 10 10 10 10 10 8 2
left_child=4 -2 -3 -4 5 9 8 -8 -6 12 -11 -12 17 14 15 16 20 21 -19 -16 -14 24 23 -23 25 26 28 -28 -1 -27
right_child=1 2 3 -5 6 -7 7 -9 -10 10 11 -13 13 -15 19 -17 -18 18 -20 -21 -22 22 -24 -25 -26 29 27 -29 -30 -31
leaf_value=0.014147078348635128 -0.010332084995727648 0.028614572411698538 -0.010974922814619464 0.016316688912615163 -0.0023891986660026349 0.019253775319534389 0.016090431970044131 -0.011210850512435443 -0.027347847985890364 -0.0047455223945940921 0.027979743025459372 0.0024099101951801927 0.0041389418341083884 0.0094620771653436235 -0.024672186395366339 -0.018990709104518676 0.021133918814498411 0.027678451766719927 -0.0043427239950273406 -0.0068338574618193523 -0.015387563175102845 0.016957226796635996 0.02642532221821808 0.00020138282077023536 -0.0038932235304310519 0.011291313312129708 -0.0055431824829171167 -0.030247582220444175 -0.00073857171786895009 -0.00069402957377065304
leaf_weight=177.27362795174122 94.925619602203369 102.75181378424168 77.355988740921021 79.811763685196638 107.97728814184666 119.54507412016392 130.19484549388289 149.43598453328013 148.10648053511977 214.76413978636265 140.75945961102843 170.04676688089967 90.594401594251394 150.43868104740977 185.96235566586256 135.70405083522201 97.399178851395845 97.958705600351095 104.52342144027352 107.68353275209665 106.2383213788271 129.22263857722282 103.08423719182611 2453.0178963840008 2587.005135178566 628.66230621561408 253.11616323143244 90.902103371918201 4568.4424274414778 450.006715785712
leaf_count=739 223 339 260 406 402 440 522 518 510 577 379 438 423 587 666 503 375 377 460 431 258 387 254 8462 9070 2184 1001 287 15953 1739
internal_value=-0.000149312 0.00684661 0.013136 0.00289964 -0.000331026 -4.71841e-05 -0.00729185 0.00151254 -0.0168743 -0.000225551 0.00637082 0.0140427 -0.000503005 -0.00652574 -0.00985821 -0.00414813 0.00273862 -5.03755e-05 0.0112087 -0.018176 -0.00642478 -0.000250604 0.00202986 0.00104613 -0.000950186 0.000284544 -0.000990277 -0.0121397 -0.000179663 0.00629517
internal_weight=14052.9 354.845 259.92 157.168 13698.1 13162.4 535.715 279.631 256.084 13042.8 525.57 310.806 12517.2 874.021 723.582 429.936 294.232 11643.2 202.482 293.646 196.833 11440.7 2685.32 2582.24 8755.41 6168.4 5089.73 344.018 4745.72 1078.67
internal_count=49170 1228 1005 666 47942 45990 1952 1040 912 45550 1394 817 44156 3243 2656 1559 1056 40913 837 1097 681 40076 9103 8849 30973 21903 17980 1288 16692 3923
is_linear=0
shrinkage=0.05


Tree=114
num_leaves=31
num_cat=0
split_feature=55 55 17 11 57 55 36 82 41 10 59 30 27 58 10 48 41 52 41 47 44 17 51 59 47 44 51 6 41 59
split_gain=7.21081 14.1193 19.6157 12.1834 11.2372 17.6716 29.402 17.7455 16.0028 14.1322 14.0764 13.7721 17.3201 12.2333 23.1196 14.9887 14.5883 12.4862 14.2657 17.4835 20.0182 16.2195 15.2962 17.4895 15.0225 12.8232 11.6701 11.2825 11.0314 10.7968
threshold=26.640000000000004 25.542463235294122 3.1483516483516487 0.1562860706870112 231.81250000000003 20.771875000000005 0.61299277873308933 16.535000000000004 26.000000000000004 0.14382910874846361 1.0000000180025095e-35 0.61512450868439339 16.15333333333334 22.968750000000004 0.11953870957131844 16.941176470588239 134.50000000000003 244.85164835164838 104.50000000000001 0.58231777782447014 0.5611266105111482 2.226495726495727 3.9665869218500802 0.75000000000000011 0.59045841213699157 0.55370297114387446 3.5986226279237221 2.3334523779156084 113.50000000000001 0.75000000000000011
decision_type=2 2 10 10 2 2 10 10 10 10 2 10 10 2 10 2 8 10 10 2 8 10 10 2 2 10 10 10 8 2
left_child=1 4 -3 -2 13 11 7 9 -8 -7 -11 12 26 15 -15 16 -1 18 21 20 -20 24 -23 -24 -17 -19 28 -27 -6 -29
right_child=3 2 -4 -5 5 6 8 -9 -10 10 -12 -13 -14 14 -16 17 -18 25 19 -21 -22 22 23 -25 -26 27 -28 29 -30 -31
leaf_value=0.026035388134905843 0.0019268960078216862 -0.0037661021527294718 -0.026680230214390907 0.020068659811489427 0.018977129398154071 0.002138588688651129 0.036372974717521343 -0.020705539040852185 0.010492857784888043 0.032243806225931905 0.00091799708843131027 0.011951978914690145 -0.020690926573105301 -0.0035476910533160065 -0.024229947729869403 -0.0074438374467781093 -0.0004496088288905513 -0.0039940540863054414 0.020034261557770012 -0.0056212128710703057 -0.0012961625770405659 -0.029838493152670776 -0.021756435290108563 0.0056343431741445512 0.0053082357686454716 0.0012929822291624655 -0.0034294638178262791 0.0047227741074400862 0.00069171443986159838 0.024340618162419572
leaf_weight=101.93280817195773 1664.8245848752558 935.68778004124761 102.82857317477465 97.017659351229668 114.25256085768342 3656.9210444614291 90.528175130486488 81.423476576805115 175.65899783745408 78.258590083569288 65.605802807956934 167.85651214793324 127.37585359439254 1044.9278064519167 154.28663218021393 686.11967994645238 104.99354117363691 335.22030714526772 207.7046826556325 401.08739755302668 232.3167043030262 121.7928912974894 114.53610314056277 116.93823381513357 347.01883653178811 284.98834526538849 1957.5530686713755 129.87916879728436 290.37392120808363 152.98349478468299
leaf_count=272 6778 3872 482 401 404 14966 269 221 629 347 356 564 294 3125 410 1666 335 1125 439 1041 563 278 315 300 1115 1016 5430 557 1077 595
internal_value=-5.52275e-05 -0.000481187 -0.00605843 0.00293671 2.99506e-05 0.0013148 0.00335367 0.00224889 0.0193977 0.00274595 0.0180634 -0.00186808 -0.00280431 -0.00189739 -0.00622657 -0.000340461 0.0126595 -0.0012035 -0.00321377 0.00192209 0.0087951 -0.00632875 -0.015562 -0.00795421 -0.00315958 0.00375309 -0.00183146 0.00832546 0.00588894 0.0153813
internal_weight=14142.9 12381.1 1038.52 1761.84 11342.5 6805.81 4148.4 3882.21 266.187 3800.79 143.864 2657.41 2489.56 4536.73 1199.21 3337.51 206.926 3130.59 2227.51 841.109 440.021 1386.41 353.267 231.474 1033.14 903.071 2362.18 567.851 404.626 282.863
internal_count=49242 42063 4354 7179 37709 24557 16788 15890 898 15669 703 7769 7205 13152 3535 9617 607 9010 5717 2043 1002 3674 893 615 2781 3293 6911 2168 1481 1152
is_linear=0
shrinkage=0.05


Tree=115
num_leaves=31
num_cat=0
split_feature=33 14 27 55 27 34 50 20 11 73 77 41 26 20 26 20 18 15 20 47 57 79 15 12 39 79 82 22 57 21
split_gain=8.09008 13.4083 10.4384 14.703 7.88368 6.26546 10.4882 6.1897 16.2143 13.477 12.4198 13.9641 17.7452 12.0277 13.2408 12.4665 11.3771 11.2406 10.0363 13.4081 16.1931 9.74792 17.9866 17.2282 23.459 11.7198 11.7159 10.5406 9.22972 8.97364
threshold=6.9080882352941186 0.8503333333333335 18.535416666666674 22.278676470588238 17.904395604395607 1.0000000180025095e-35 24.858571428571434 0.29670329670329659 0.069023001716230423 7.5000000000000009 0.0098619713049702806 214.50000000000003 10.500000000000002 -4.5411205660015073e-16 13.500000000000002 -6.8855177969540948e-17 3.9198717948717952 0.4100379981565786 0.60769230769230786 0.58099606576012008 247.09375000000003 0.49109087286096298 0.60306560868155701 0.33825399082507446 26.016427104722798 0.39243744134653241 17.625000000000004 0.50510204081632659 236.63051470588238 7.0068493150684938
decision_type=10 10 10 2 10 10 10 8 10 2 10 8 2 10 2 10 10 10 8 2 2 10 10 10 2 10 10 8 2 8
left_child=1 2 4 -4 5 7 -7 8 9 10 -1 29 -13 16 15 -15 -10 -16 19 -9 -21 25 23 24 -23 26 27 -20 -27 -12
right_child=-2 -3 3 -5 -6 6 -8 18 13 -11 11 12 -14 14 17 -17 -18 -19 21 20 -22 22 -24 -25 -26 28 -28 -29 -30 -31
leaf_value=-0.0018447142108746176 0.011028354296743318 0.019442580341601304 -0.023043298029933691 0.00051735665896671622 0.014577489101702534 -0.0082398893912470905 0.009935106458584822 -0.00085168888337835394 -0.0094621244716925693 -0.0019580074510817335 -0.00033712765452124059 0.027259037237903391 0.0042902638784136594 -0.0086044294255074923 -0.014962116308392419 -0.03285077347295965 0.016641897785876984 0.0042086465270598844 -0.0089169532262008966 0.024895875424142823 0.0010421252291817941 -0.0023021071362695892 0.022151422471705155 -0.011482374447476702 0.022524003297319059 -0.010467694517125852 -0.013259927419055205 0.0016497815011818101 0.0010075992563574135 0.014036521493080229
leaf_weight=608.59985531121492 168.66177013516426 87.508726097643375 117.13704370334744 150.57264436781406 92.55114834010601 466.00666157901287 94.747422900050879 247.22090318799019 83.365045208483934 3030.1274532787502 488.58186255395412 163.16839595139027 173.30764266848564 100.90350452437997 150.07184135168791 112.95887070894241 81.684377536177635 154.13515822589397 246.11483777686954 169.82602389529347 122.08376257121563 232.26690673828125 140.89614300429821 161.90205089747906 159.99919898808002 440.81455829739571 143.24689130485058 5255.0116710364819 290.13307821750641 138.59896801412106
leaf_count=3411 446 450 328 502 300 1483 423 751 333 10719 1091 357 354 383 537 429 346 503 1198 554 537 524 282 370 355 564 349 20419 443 284
internal_value=0.000176083 4.36523e-05 -8.06159e-05 -0.00983906 0.000112919 1.23533e-05 -0.00515674 0.00023752 -0.00107677 -9.1622e-06 0.0037456 0.00727443 0.0154764 -0.00825902 -0.0119982 -0.0215043 0.0034794 -0.00526674 0.00115043 0.00771984 0.0149573 0.000648481 0.00626672 0.00219544 0.0078556 3.50706e-05 0.000806865 0.0011755 -0.00591768 0.00285655
internal_weight=14072.2 13903.5 13816 267.71 13548.3 13455.8 560.754 12895 5285.5 4602.38 1572.26 963.657 336.476 683.119 518.069 213.862 165.049 304.207 7609.52 539.131 291.91 7070.39 695.064 554.168 392.266 6375.32 5644.37 5501.13 730.948 627.181
internal_count=49025 48579 48129 830 47299 46999 1906 45093 18747 16216 5497 2086 711 2531 1852 812 679 1040 26346 1842 1091 24504 1531 1249 879 22973 21966 21617 1007 1375
is_linear=0
shrinkage=0.05


Tree=116
num_leaves=31
num_cat=0
split_feature=48 58 54 29 48 36 73 41 48 18 53 18 57 9 3 14 6 56 79 24 58 21 36 41 18 51 40 79 47 76
split_gain=7.92301 5.92435 6.90969 8.76577 8.28821 14.222 18.4766 18.9599 9.25416 11.2613 9.55771 10.4523 10.2875 19.6151 12.2389 17.3355 35.0971 22.9377 15.4257 11.2777 9.53497 9.48801 8.91346 8.68503 8.51891 15.7281 13.4592 18.7892 17.5449 13.0756
threshold=31.656250000000004 13.941176470588237 14.035714285714286 0.097619763167477322 29.119485294117649 0.2430903752461363 13.500000000000002 83.500000000000014 27.941176470588239 3.4083333333333337 2.0871212121212124 6.0357142857142865 197.4963235294118 11.157083333333334 14.579807692307694 0.61038461538461564 8.7097868348461862 4.2798544947825539 0.30867668275744919 -0.058909090909089905 21.343750000000004 5.5010548523206761 0.5579042854622851 22.500000000000004 4.1291666666666673 3.9665869218500802 3.5000000000000004 -0.59869111111111095 0.56137297250001572 1.2320377358490568
decision_type=2 2 8 10 2 10 2 8 2 10 10 10 2 10 10 10 8 2 10 8 2 10 10 8 10 10 2 8 2 8
left_child=1 -1 3 -3 8 -6 7 -7 10 21 11 24 13 19 23 20 18 -18 22 -12 -16 -10 -17 -14 26 -26 29 -28 -29 -4
right_child=-2 2 4 -5 5 6 -8 -9 9 -11 12 -13 14 -15 15 16 17 -19 -20 -21 -22 -23 -24 -25 25 -27 27 28 -30 -31
leaf_value=-0.0095679508788059954 -0.0090832278863451962 0.0029568628592865215 -0.0046698013743294393 0.019350271765021736 -0.00013574449931530127 0.006007021875778549 -0.0038315399360899271 0.033740050777521596 -0.0069401763705099154 -0.020638668094052563 0.011740801607222701 0.0168794324894804 0.014920490819648269 0.021787421773232882 -0.0081868929321941685 -0.016409285888469901 -0.003727153892560349 0.030326134365069642 -0.02924453616865948 -0.0073983139472365862 -0.028975492527345006 0.0063769592404444922 0.0033900044659012397 -0.0011162608682239083 0.010789366881366263 -0.014124782289152892 0.018945140167526499 0.010571711057097049 -0.00043910148188510301 0.0022539554627527165
leaf_weight=149.40025230124593 227.58722838014364 473.21488426625729 1034.5064273476601 97.659417647868395 591.70541490241885 121.42901345342398 118.18549860268831 125.25028065592051 457.87840866670012 105.20683046430349 118.3198700286448 110.7032823599875 84.906344499439001 137.19104959070683 104.21017843857408 102.79144639521837 95.090696897357702 101.59018184244633 98.036759957671165 215.86207195371389 118.81733859330416 187.87653779610991 125.05881930887699 4909.1307050921023 89.322658199816942 211.91658912599087 221.58861887454987 556.65386343002319 1029.8290391676128 1995.8591200076044
leaf_count=356 900 1601 2446 323 1735 425 362 357 1365 408 318 474 504 360 331 409 346 329 160 557 457 400 459 18077 392 848 390 1956 3655 8589
internal_value=0.000149824 0.000301759 0.000409767 0.00579021 0.000176102 0.00465554 0.0124047 0.0201677 -0.000175117 -0.00554843 0.000177402 0.00174764 -0.00115004 0.00594302 -0.0017335 -0.00770455 -0.00271038 0.0139266 -0.0127631 -0.000607141 -0.0193419 -0.00306181 -0.00557484 -0.000840679 0.0014185 -0.00672605 0.00192686 0.00533958 0.00342852 -0.000110438
internal_weight=14116.8 13889.2 13739.8 570.874 13168.9 956.57 364.865 246.679 12212.3 750.962 11461.4 5250.38 6211.01 471.373 5739.63 745.595 522.568 196.681 325.887 334.182 223.028 645.755 227.85 4994.04 5139.68 301.239 4838.44 1808.07 1586.48 3030.37
internal_count=49289 48389 48033 1924 46109 2879 1144 782 43230 2173 41057 18750 22307 1235 21072 2491 1703 675 1028 875 788 1765 868 18581 18276 1240 17036 6001 5611 11035
is_linear=0
shrinkage=0.05


Tree=117
num_leaves=31
num_cat=0
split_feature=30 59 19 81 28 25 52 44 69 30 28 24 44 28 30 27 4 55 55 17 11 56 36 69 22 28 57 18 54 54
split_gain=8.45734 17.3108 31.1744 18.6448 15.6268 16.2619 15.1013 13.7121 15.8525 12.379 18.8722 17.3681 16.2388 15.6649 15.1876 22.5082 18.5755 16.9842 12.9835 12.3121 12.6111 12.1897 16.61 11.338 11.1807 10.4275 9.8123 9.64334 9.29614 8.14951
threshold=0.57373656468890666 0.75000000000000011 17.679487179487186 8.6650000000000009 16.39027647058824 0.067000000000000046 264.0384615384616 0.56455422720482973 0.022095698578885561 0.5508449099912337 14.657500000000002 4.8865357142857153 0.55211590274752764 13.564218137254903 0.34714904111840367 9.3307843137254931 14.592885849021554 19.67261029411765 23.476250000000004 3.577380952380953 0.16096425666179862 4.0069196428571443 0.49517709336755039 0.047643458069662352 0.88284313725490204 13.128656250000002 255.06250000000003 4.8660714285714297 23.449494949494952 16.035714285714288
decision_type=10 2 10 10 10 8 10 10 2 10 10 8 10 10 10 10 10 2 2 10 10 2 8 2 8 10 2 8 8 10
left_child=4 3 7 6 9 -6 27 -3 -9 10 13 -12 -11 14 15 19 23 -16 -15 29 -21 22 26 24 -17 -23 -19 -2 -25 -1
right_child=1 2 -4 -5 5 -7 -8 8 -10 12 11 -13 -14 18 17 16 -18 21 -20 20 -22 25 -24 28 -26 -27 -28 -29 -30 -31
leaf_value=0.0035110082648858094 -0.013503157396307048 -0.013760219498892487 0.021090073372458253 -0.021079674903321303 0.00046936645170268083 0.028040954482251079 0.014298059143146108 0.015488328858997672 -0.0096153642335572026 0.026252097779461438 -0.0024170669817417199 -0.025610354232473355 0.0015015479231167777 0.01811131483559688 -0.016177264893522222 -0.0082558716001569742 0.030306841301238115 -0.0085539128749395777 -0.0019393784642443579 -0.018687459859118929 0.0033692731354214218 -0.007183793785965023 0.027962803889287631 0.003724437317145027 0.011657687027654566 0.0084801633356647831 0.012588230919546004 0.0061398665282855038 0.025224844351140585 -0.00033208547873777482
leaf_weight=1685.1093220710754 240.00686563923955 213.72090127691627 159.14557136967778 227.88037106394768 110.71246289461851 102.51406688988209 93.439756270498037 130.08964748308063 119.94262719154358 102.69426057860255 201.01345536485314 134.1430301181972 183.99404233694077 218.3244878128171 266.7808711156249 171.93546887114644 94.672413419932127 134.60126018896699 127.48904519155622 170.5333857126534 103.72471135109663 796.03546804189682 68.455928131937981 94.197138249874115 117.9849538244307 121.72916905581951 91.190843380987644 83.683296233415604 107.81795287877321 7584.2676775716245
leaf_count=5271 897 611 559 517 343 297 595 523 533 303 587 379 547 594 704 752 412 494 413 701 468 2844 300 391 326 343 524 360 404 27160
internal_value=1.72682e-05 -0.00387617 0.00206817 -0.00961104 0.000403511 0.0137941 -0.00331023 -0.00449089 0.00345554 0.000175406 -6.4581e-05 -0.0117485 0.0104278 0.000263936 -4.88793e-05 0.000642238 0.01014 -0.0047805 0.0107351 5.74469e-05 -0.0103636 -0.00226065 0.00658016 0.00620533 -0.000139707 -0.00509921 2.63792e-06 -0.0084216 0.0152672 0.000366866
internal_weight=14057.8 1267.91 622.899 645.01 12789.9 213.227 417.13 463.753 250.032 12576.7 12290 335.156 286.688 11954.9 11609 10130.2 586.608 1478.79 345.814 9543.64 274.258 1212.01 294.248 491.936 289.92 917.765 225.792 323.69 202.015 9269.38
internal_count=49152 4595 2226 2369 44557 640 1852 1667 1056 43917 43067 966 850 42101 41094 35885 2285 5209 1007 33600 1169 4505 1318 1873 1078 3187 1018 1257 795 32431
is_linear=0
shrinkage=0.05


Tree=118
num_leaves=31
num_cat=0
split_feature=41 69 55 30 73 58 30 55 57 71 6 28 39 41 55 36 57 48 46 51 30 56 82 43 41 20 9 36 30 13
split_gain=6.28239 7.32234 8.49511 14.01 12.6924 6.53963 18.6418 13.3707 13.0771 15.4802 13.7416 12.7923 12.2232 11.5366 11.7889 17.0656 18.5523 14.2981 17.7649 30.1461 29.7169 15.116 13.4028 15.6985 13.3886 27.3569 11.953 14.7836 20.1678 16.5815
threshold=191.50000000000003 0.23895335571912049 20.771875000000005 0.2385206539811375 15.500000000000002 20.211397058823533 0.62472679467442671 19.005257352941182 197.4963235294118 0.30388369444867386 4.7114358880635487 11.041725000000001 21.184120465434635 183.50000000000003 22.062500000000004 0.61299277873308933 265.83639705882359 24.031250000000004 64.093750000000014 4.6939964157706102 0.33350640385192581 4.2553295810903302 10.525 60.964285714285722 61.500000000000007 3.215384615384616 20.074083333333338 0.56287164341934093 0.61711442100886915 0.60454415198907896
decision_type=10 2 2 8 2 2 10 2 2 2 10 8 2 10 2 10 2 2 2 8 8 2 8 10 8 10 10 10 10 10
left_child=5 2 3 -2 -4 6 7 -1 10 -10 -9 -11 -7 14 26 17 -17 18 21 -20 -21 22 23 -16 -19 -26 27 28 29 -14
right_child=1 -3 4 -5 -6 12 -8 8 9 11 -12 -13 13 -15 15 16 -18 24 19 20 -22 -23 -24 -25 25 -27 -28 -29 -30 -31
leaf_value=0.012426386828343829 0.0016574079668288336 -0.013802881142119028 -0.002147228637409833 -0.018713142125649413 0.014143967482763687 -0.016107172441142868 -0.015218106010398231 0.0010421176098724576 -0.0035009137812106075 0.00099188805092343866 0.020274007575662729 0.024530494390498876 -0.00031904026986639668 0.015093123718641362 0.029805009248193251 0.022613800231046373 -0.0036968172793146892 -0.012244375873221818 0.0047914249236340727 0.050039066119977577 0.0079708497766642784 -0.0016711267842834936 0.0017718496060158042 0.0062372151422851289 -0.0021141071608212648 0.025994911100325004 0.013996892289084031 -0.0099352411132434398 0.020295427003924532 -0.019556121938821631
leaf_weight=186.59959007799625 165.39166262000799 148.09862761199474 687.78894136473536 171.05893261358142 143.67148007825017 102.10151449590921 230.08468265458941 315.03788362815976 2811.0197837129235 160.48294051364064 130.78582311421633 89.219260901212692 3679.6269373930991 146.13147654011846 117.50454689562321 208.72083758562803 98.082949709147215 262.86257809773088 446.84169983863831 85.676085591316223 82.277666550129652 1170.3148052208126 414.36833154782653 176.74609163403511 1010.2199936546385 93.662870444357395 131.33026353269815 440.0267509482801 114.59822750464082 114.53616190701723
leaf_count=507 473 626 2479 481 486 252 857 784 9636 658 371 354 11539 628 260 589 459 1211 2206 317 328 3898 2276 507 4292 431 489 1089 485 331
internal_value=-7.87415e-05 -0.00336728 -0.0020333 -0.00872419 0.000681403 0.000259102 -0.00144121 -0.00057902 -0.00127444 -0.00244024 0.00671669 0.00946659 0.00100907 0.00120961 0.00097328 0.00288714 0.0142178 0.00198321 0.00423533 0.0116058 0.0295997 0.0018188 0.0075768 0.0157177 -0.00212606 0.000292271 -0.000807184 -0.00125737 -0.000278174 -0.000904759
internal_weight=14134.9 1316.01 1167.91 336.451 831.46 12818.9 3923.23 3693.15 3506.55 3060.72 445.824 249.702 8895.63 8793.53 8647.4 4167.28 306.804 3860.47 2493.73 614.795 167.954 1878.93 708.619 294.251 1366.75 1103.88 4480.12 4348.79 3908.76 3794.16
internal_count=49299 4545 3919 954 2965 44754 13167 12310 11803 10648 1155 1012 31587 31335 30707 16774 1048 15726 9792 2851 645 6941 3043 767 5934 4723 13933 13444 12355 11870
is_linear=0
shrinkage=0.05


end of trees

feature_importances:
tsh_prev=218
draft=160
sl_share=114
t_prate_prev=111
o_fpa_prev=105
age=102
o_ypc_prev=95
t_pf_prev=92
bonus_prev=90
csh_prev=86
o_pyd_prev=86
sl_bias=86
use_prev=85
ppr_prev=84
snp_prev=82
tsh_ew=76
o_pa_prev=76
rec_cur=75
sl_ratio=71
ypt_cur=67
pos_share=67
o_pa=66
snp_ew=65
tsh_cur=64
tgt_cur=64
t_prate=64
o_pyd=63
ppr_sd=59
t_plays_prev=57
t_plays=52
t_pf=51
o_ypc=51
catch_cur=47
cl_sd=47
sl_now=46
snp_cur=43
d_snp=42
o_sk=41
week=41
car_cur=38
bonus_cur=37
o_fpa=36
cl_fut=35
csh_cur=33
csh_ew=33
ppr_cur=29
vac_tgt=26
exp=23
ppr_l3=20
vac_pos=20
use_l3=19
home=19
g_prev=18
cl_now=18
miss=17
d_use=17
g=16
use_cur=14
rest=14
ppr_ew=13
vac_car=12
sl_rank=9
dc_eff=8
ypa_cur=7
t_g=7
dome=7
new_hc=7
o_g=6
tm_change=5
dc_depth=5
use_ew=3
depth=3
wk_since=2
patt_cur=2
inj=1

parameters:
[boosting: gbdt]
[objective: regression]
[metric: l2]
[tree_learner: serial]
[device_type: cpu]
[data_sample_strategy: bagging]
[data: ]
[valid: ]
[num_iterations: 119]
[learning_rate: 0.05]
[num_leaves: 31]
[num_threads: 0]
[seed: 1]
[deterministic: 1]
[force_col_wise: 0]
[force_row_wise: 1]
[histogram_pool_size: -1]
[max_depth: -1]
[min_data_in_leaf: 300]
[min_sum_hessian_in_leaf: 0.001]
[bagging_fraction: 0.8]
[pos_bagging_fraction: 1]
[neg_bagging_fraction: 1]
[bagging_freq: 1]
[bagging_seed: 18467]
[bagging_by_query: 0]
[feature_fraction: 0.8]
[feature_fraction_bynode: 1]
[feature_fraction_seed: 26500]
[extra_trees: 0]
[extra_seed: 15724]
[early_stopping_round: 0]
[early_stopping_min_delta: 0]
[first_metric_only: 0]
[max_delta_step: 0]
[lambda_l1: 0]
[lambda_l2: 1]
[linear_lambda: 0]
[min_gain_to_split: 0]
[drop_rate: 0.1]
[max_drop: 50]
[skip_drop: 0.5]
[xgboost_dart_mode: 0]
[uniform_drop: 0]
[drop_seed: 6334]
[top_rate: 0.2]
[other_rate: 0.1]
[min_data_per_group: 100]
[max_cat_threshold: 32]
[cat_l2: 10]
[cat_smooth: 10]
[max_cat_to_onehot: 4]
[top_k: 20]
[monotone_constraints: 0,0,0,0,0,0,0,1,1,0,0,0,0,0,0,0,0,0,0,0,0,0,0,0,0,0,0,0,0,0,0,0,0,0,0,0,0,0,0,0,0,0,0,0,0,0,0,0,0,0,0,0,0,0,0,0,0,0,0,0,0,0,1,0,0,0,0,0,0,0,0,0,0,0,0,1,0,0,0,0,0,0,0]
[monotone_constraints_method: advanced]
[monotone_penalty: 0]
[feature_contri: ]
[forcedsplits_filename: ]
[refit_decay_rate: 0.9]
[cegb_tradeoff: 1]
[cegb_penalty_split: 0]
[cegb_penalty_feature_lazy: ]
[cegb_penalty_feature_coupled: ]
[path_smooth: 0]
[interaction_constraints: ]
[verbosity: -1]
[saved_feature_importance_type: 0]
[use_quantized_grad: 0]
[num_grad_quant_bins: 4]
[quant_train_renew_leaf: 0]
[stochastic_rounding: 1]
[linear_tree: 0]
[max_bin: 255]
[max_bin_by_feature: ]
[min_data_in_bin: 3]
[bin_construct_sample_cnt: 200000]
[data_random_seed: 41]
[is_enable_sparse: 1]
[enable_bundle: 1]
[use_missing: 1]
[zero_as_missing: 0]
[feature_pre_filter: 1]
[pre_partition: 0]
[two_round: 0]
[header: 0]
[label_column: ]
[weight_column: ]
[group_column: ]
[ignore_column: ]
[categorical_feature: ]
[forcedbins_filename: ]
[precise_float_parser: 0]
[parser_config_file: ]
[objective_seed: 19169]
[num_class: 1]
[is_unbalance: 0]
[scale_pos_weight: 1]
[sigmoid: 1]
[boost_from_average: 1]
[reg_sqrt: 0]
[alpha: 0.9]
[fair_c: 1]
[poisson_max_delta_step: 0.7]
[tweedie_variance_power: 1.5]
[lambdarank_truncation_level: 30]
[lambdarank_norm: 1]
[label_gain: ]
[lambdarank_position_bias_regularization: 0]
[eval_at: ]
[multi_error_top_k: 1]
[auc_mu_weights: ]
[num_machines: 1]
[local_listen_port: 12400]
[time_out: 120]
[machine_list_filename: ]
[machines: ]
[gpu_platform_id: -1]
[gpu_device_id: -1]
[gpu_device_id_list: ]
[gpu_use_dp: 0]
[num_gpu: 1]

end of parameters

pandas_categorical:[]
