tree
version=v4
num_class=1
num_tree_per_iteration=1
label_index=0
max_feature_idx=83
objective=regression
feature_names=g wk_since miss ppr_cur ppr_ew ppr_l3 ppr_sd use_cur use_ew use_l3 tsh_cur tsh_ew csh_cur csh_ew snp_cur snp_ew patt_cur rec_cur tgt_cur car_cur bonus_cur ypt_cur catch_cur ypa_cur d_use d_snp g_prev ppr_prev use_prev tsh_prev csh_prev snp_prev patt_prev bonus_prev tm_change depth pos_share dc_depth dc_eff age exp draft t_g t_plays t_prate t_pf t_plays_prev t_prate_prev t_pf_prev o_g o_fpa o_ypc o_pyd o_sk o_pa o_fpa_prev o_ypc_prev o_pyd_prev o_pa_prev home spread total implied dome temp wind rest new_hc inj vac_tgt vac_car vac_pos qb_out week h sl_now sl_ratio sl_share sl_rank sl_bias cl_now cl_sd cl_fut pred
feature_infos=[0:15] [1:16] [0:15] [-2.1000000000000001:45.600000000000001] [-2.1000000000000001:45.600000000000001] [-2.1000000000000001:45.600000000000001] [0:34.93107499061545] [-0.36699999999999999:32.165999999999997] [-0.36699999999999994:32.165999999999997] [-0.36699999999999999:32.165999999999997] [0:0.52631578947368418] [0:0.52631578947368418] [0:0.94999999999999996] [0:0.94999999999999996] [0.01:1] [0.010000000000000002:1] [0:1] [0:13] [0:14] [0:31] [-4:20] [-7:56] [0:1] [0:50] [-22.447500000000002:23.462666666666671] [-0.63500000000000001:0.7168181818181818] [0:17] [-0.84999999999999998:30.133333333333336] [-0.36699999999999999:26.08775] [0:0.23413939371772127] [0:0.84536895642839383] [0.01:0.96083333333333332] [0:0.35714285714285715] [-2:12] [0:1] [1:13] [0:1] [1:5] [1:6] [20.616016427104721:37.303216974674882] [0:15] [2:260] [0:15] [43:94] [0.22448979591836735:0.83606557377049184] [0:59] [54.875:70.9375] [0.4380664652567976:0.67543859649122806] [13.882352941176471:35.3125] [0:15] [0.90000000000000002:56.899999999999999] [1.45:8.882352941176471] [82:466] [0:10] [0:59] [15.200000000000001:33.556249999999999] [3.1710526315789473:5.756317689530686] [152.8235294117647:334.875] [13.882352941176471:35.3125] [0:1] none none none [0:1] none none [4:17] [0:1] [0:3] [0:0.92093392964683618] [0:1] [0:0.93761041087442576] [0:1] [2:18] [2:4] [0.01:28.77] [0.0031746031746031746:13.550694444444444] [0:1] [1:10] [-1.2276917421252225:1.1319999999999999] [-0.10000000000000001:29.640000000000001] [0.69999999999999996:28.57] [0:28.550000000000001] [0:30.332366050786437]
tree_sizes=1677 1727 1747 1730 1732 1738 1749 1737 1745 1738 1741 1740 1740 1745 1748 1746 1735 1749 1752 1742 1742 1739 1744 1746 1748 1756 1749 1750 1747 1754 1746 1754 1753 1745 1754 1756 1757 1752 1748 1760 1746 1743 1747 1748 1751 1758 1750 1763 1756 1750 1761 1772 1759 1751 1764 1758 1763 1763 1765 1751 1757 1753 1766 1770 1756 1777 1757 1744 1760 1755 1757 1760 1752 1769 1765 1754 1763 1755 1759 1763 1756 1766 1755 1758 1769 1775 1742 1761 1775 1761 1757 1754 1750 1762 1779 1769 1771 1764 1764 1756 1756 1756 1764 1768 1768 1762 1754 1770 1766 1774 1756 1771 1770 1762 1774 1756 1773 1762 1763 1771 1765 1765 1767 1775 1763 1763 1751 1772 1775 1761 1764 1773 1771 1780 1774 1764 1755 1755 1757 1755 1758 1742 1776 1780 1752 1763 1748 1760 1759 1765 1759 1751 1764 1761 1755 1760 1771 1768 1762 1772 1758 1774 1758 1778 1777 1769 1754 1768 1758 1757 1762 1755 1764 1771 1763 1746 1769 1785 1772 1766 1757 1759 1756 1759 1766 1765 1756 1773 1762 1766 1767 1764 1779 1763 1758 1760 1758 1768 1769 1756 1766 1774 1779 1767 1760 1766 1770 1767 1754 1770 1758 1780 1766 1752 1767 1770 1768 1778 1761 1750 1767 1766 1760 1761 1763 1773 1778 1757 1757 1758 1767 1761 1779 1766 1758 1768 1774 1773 1768 1778 1760 1764 1763 1776 1771 1763 1746 1765 1762 1751 1783 1757 1767 1768 1767 1756 1763 1771 1758 1765 1756 1767 1764 1757 1760 1771 1765 1761 1765 1761 1772 1754 1760 1757 1768 1762 1765 1770 1746 1778 1760 1767 1774 1764 1775 1766 1780 1773 1769 1763 1760 1750 1759 1767 1772 1771 1771 1767 1764 1761

Tree=0
num_leaves=15
num_cat=0
split_feature=36 28 75 13 77 75 82 36 41 17 80 22 52 79
split_gain=29313.6 4773.87 3092.88 1803.81 1241.65 963.829 824.165 736.322 538.993 494.319 412.824 338.044 256.287 342.169
threshold=0.17054195439226569 1.6342333333333336 12.205000000000002 0.02762236913052862 0.15547511670227077 7.2250000000000005 15.685 0.023190945729391791 53.500000000000007 1.7303030303030307 0.065000000000000016 0.88603896103896107 201.63068181818184 0.30420240799217041
decision_type=10 8 10 8 8 8 10 10 8 10 10 10 8 8
left_child=1 7 5 10 -5 -2 -4 -1 -6 -7 -3 -8 13 -11
right_child=2 3 6 4 8 9 11 -9 -10 12 -12 -13 -14 -15
leaf_value=4.1029003024640236 4.2664275834605236 4.1282921553424865 4.3520896412772663 4.2001831976745567 4.3453411511918034 4.2966183759496683 4.3988575037633346 4.1625975558336066 4.2503467462108304 4.3302121468042305 4.1883440900750966 4.4808761100815824 4.3293335549299643 4.4514592458694002
leaf_weight=1581.8125201016665 1272.1398729234934 623.60210660099983 1436.3478665947914 1858.4380478411913 165.58233755081892 1345.9105959832668 681.39617970585823 775.95690181851387 1441.1628075316548 129.22557300329208 535.74003525078297 159.01322335004807 1281.4083055630326 108.32221723347902
leaf_count=4518 2879 2142 3322 4388 574 4442 1649 2103 4816 296 1207 301 4601 367
internal_value=4.25127 4.18039 4.32844 4.20993 4.228 4.30266 4.37524 4.1225 4.26019 4.31874 4.15596 4.41463 4.3383 4.38611
internal_weight=13396.1 6982.29 6413.76 4624.53 3465.18 4137.01 2276.76 2357.77 1606.75 2864.87 1159.34 840.409 1518.96 237.548
internal_count=37605 19748 17857 13127 9778 12585 5272 6621 5390 9706 3349 1950 5264 663
is_linear=0
shrinkage=1


Tree=1
num_leaves=15
num_cat=0
split_feature=83 83 83 83 83 83 83 33 44 33 19 3 28 52
split_gain=30684.2 5523.04 3685.36 1467.79 727.281 586.974 370.18 345.617 383.721 291.943 255.186 277.302 251.85 209.615
threshold=4.4650591871359273 9.5582540104059746 2.1792087757208991 16.813194444670618 6.8639789163377651 0.85326087884718993 12.489401471657338 4.8492647058823541 0.5571507848422389 0.49999999999999994 12.04166666666667 18.130303030303036 2.9069750000000005 206.91428571428574
decision_type=2 2 2 2 2 2 2 10 8 8 8 10 8 10
left_child=2 4 5 6 -2 -1 13 -5 -9 -6 -8 -12 -4 -3
right_child=1 3 12 7 9 -7 10 8 -10 -11 11 -13 -14 -15
leaf_value=-0.15963569253666518 0.0011670888863181815 0.10401101303426462 -0.070847731359109128 0.13879900556870287 0.0978132149553812 -0.1121182566724692 0.14832466599100222 0.27050450032992146 0.15631554963120783 0.036966079118780019 0.087712842845895547 0.14947161346746718 -0.03723652113060158 0.063859193560710084
leaf_weight=1009.045401416719 2121.9594132006168 444.49856536090374 795.75818551331758 388.11844983696938 229.23424453288317 1880.6895326301455 318.27427442371845 144.75974571704865 162.09704995155334 1397.7321847006679 1104.7065473943949 220.13386645168066 1875.7551243826747 1249.6611923277378
leaf_count=2764 5983 1072 2130 1154 740 5416 986 283 460 4233 2767 547 5051 3809
internal_value=5.16763e-05 0.0641508 -0.0896298 0.104762 0.0204546 -0.12876 0.0909443 0.170886 0.210888 0.0455941 0.107896 0.0980796 -0.047271 0.074449
internal_weight=13342.4 7781.18 5561.25 4032.25 3748.93 2889.73 3337.27 694.975 306.857 1626.97 1643.11 1324.84 2671.51 1694.16
internal_count=37395 22034 15361 11078 10956 8180 9181 1897 743 4973 4300 3314 7181 4881
is_linear=0
shrinkage=0.05


Tree=2
num_leaves=15
num_cat=0
split_feature=36 13 75 77 82 77 80 30 3 41 11 28 31 7
split_gain=24461.7 3827.9 2667.44 1498.69 852.391 728.001 722.424 595.966 453.951 450.754 424.466 393.593 311.008 301.099
threshold=0.17054195439226569 0.02762236913052862 12.455000000000002 0.14301227940509073 17.135000000000002 0.31707785216047946 0.065000000000000016 0.04555719374559955 17.472500000000004 49.000000000000007 0.15552118116082389 0.97934191176470597 0.66937500000000016 5.6739924242424253
decision_type=10 8 10 8 10 8 10 8 10 8 8 10 10 10
left_child=1 6 5 7 -4 -2 11 -3 -7 -5 -6 -1 -12 -11
right_child=2 3 4 9 10 8 -8 -9 -10 13 12 -13 -14 -15
leaf_value=-0.14105770433115475 0.019125607723744557 -0.10568052127999086 0.099031796403878061 0.078204106661060854 0.2194743234479947 0.05827660191533951 -0.070556564769540073 -0.047461914850264131 0.1484950748905027 -0.018784135068343172 0.072263546503523887 -0.088057225454297491 0.1827862633659936 0.036407267997276026
leaf_weight=1420.4619356617332 1419.5223397165537 577.84191179275513 1592.3553781956434 158.22527331113815 253.98777171969414 2704.3424045220017 781.7973807156086 1845.4688264578581 146.54868737608194 1483.9876874089241 130.61305974423885 474.13691852986813 127.3217061907053 295.49612160772085
leaf_count=4554 3506 1406 3715 560 596 8721 1745 4327 647 4821 334 1450 288 947
internal_value=0.00018068 -0.064082 0.0711231 -0.0351802 0.117192 0.0484001 -0.111145 -0.0613821 0.0629647 -0.00239723 0.173378 -0.127847 0.127315 -0.0096039
internal_weight=13412.1 7037.42 6374.69 4361.02 2104.28 4270.41 2676.4 2423.31 2850.89 1937.71 511.923 1894.6 257.935 1779.48
internal_count=37617 19810 17807 12061 4933 12874 7749 5733 9368 6328 1218 6004 622 5768
is_linear=0
shrinkage=0.05


Tree=3
num_leaves=15
num_cat=0
split_feature=83 83 83 83 83 83 22 83 6 41 73 3 48 48
split_gain=26422.8 4094.06 3105.39 1353.68 536.581 513.483 411.141 238.591 231.469 274.932 222.345 222.165 204.504 193.182
threshold=4.5785037883074713 9.6304028466510569 2.1792087757208991 15.943290040990084 7.3614833848547123 0.85326087884718993 0.90661337209302328 3.0751075699607653 10.896648076718895 65.500000000000014 14.500000000000002 18.31428571428572 17.545955882352946 25.454044117647062
decision_type=2 2 2 2 2 2 10 2 8 10 2 10 2 2
left_child=2 4 5 11 -2 -1 8 -4 9 10 -5 12 -3 -14
right_child=1 3 7 6 -6 -7 -8 -9 -10 -11 -12 -13 13 -15
leaf_value=-0.14730360111564297 0.0085944912843033839 0.11081528982246497 -0.061842657757717634 0.14870367499802306 0.04809584462492425 -0.1027723028960035 0.23305120229662984 -0.032041059168064843 0.092855726120940021 0.085442335231670413 0.23072745998797309 0.13045124938904126 0.061117539494956602 0.091510495304843051
leaf_weight=1002.1532861813903 2404.0942870229483 364.8461025878787 1139.4281403571367 327.74823690950871 1337.7743030264974 1881.2991399765015 125.09909363090992 1645.8156067728996 238.19540952146053 123.88836064189672 117.20917651057243 200.07210516929626 1708.2761430665851 763.4518798738718
leaf_count=2771 6776 1022 3049 934 4147 5436 265 4426 622 365 299 528 4575 2303
internal_value=1.29756e-05 0.0602572 -0.0819284 0.095628 0.0227259 -0.118295 0.148348 -0.0442506 0.134946 0.152376 0.170779 0.0794015 0.0757561 0.0705383
internal_weight=13379.4 7710.66 5668.7 3968.79 3741.87 2883.45 932.14 2785.24 807.041 568.846 444.957 3036.65 2836.57 2471.73
internal_count=37518 21836 15682 10913 10923 8207 2485 7475 2220 1598 1233 8428 7900 6878
is_linear=0
shrinkage=0.05


Tree=4
num_leaves=15
num_cat=0
split_feature=83 83 83 83 83 83 22 83 27 48 42 56 29 31
split_gain=23011.6 3474.92 3413.54 897.679 673.637 501.106 346.128 229.177 200.884 215.855 192.714 169 164.498 157.635
threshold=4.9035150417688156 11.956963352133704 2.2132981731919985 7.3614833848547123 16.169137413167434 0.99295368042811405 0.90661337209302328 3.7036567883512084 4.5031250000000007 17.093750000000004 11.500000000000002 4.1810607454660706 0.15486290545337711 0.62441176470588244
decision_type=2 2 2 2 2 2 10 2 8 2 2 2 8 10
left_child=2 3 5 -2 12 -1 10 -4 11 -10 13 -5 -3 -6
right_child=1 4 7 8 6 -7 -8 -9 9 -11 -12 -13 -14 -15
leaf_value=-0.13574263570041059 0.0088085300736456141 0.079250768057950158 -0.046928109438082455 0.14105727896341663 0.088225370053205215 -0.093697590001463868 0.21931581451361792 -0.019083879375880169 0.092347346808395112 0.043031706384920203 0.18581278247925181 0.060577867574341429 0.11750996533981635 0.13914978159646885
leaf_weight=1201.4707770198584 2044.8451799750328 1354.7253184393048 1793.3701634332538 110.26564941555262 280.91453167051077 1766.3846131637692 123.40718429535627 1260.1418264359236 247.245291903615 2176.3394277319312 124.22411448508501 164.71463337540627 361.72575054317713 354.43544059246778
leaf_count=3371 5841 3560 4815 348 800 5071 253 3417 634 6594 312 508 1025 992
internal_value=-0.000132933 0.0592773 -0.0725794 0.0338027 0.105732 -0.110759 0.141274 -0.0354472 0.0527318 0.0480987 0.128323 0.0932439 0.0873773 0.116808
internal_weight=13364.2 7342.84 6021.37 4743.41 2599.43 2967.86 882.981 3053.51 2698.57 2423.58 759.574 274.98 1716.45 635.35
internal_count=37541 20867 16674 13925 6942 8442 2357 8232 8084 7228 2104 856 4585 1792
is_linear=0
shrinkage=0.05


Tree=5
num_leaves=15
num_cat=0
split_feature=83 83 83 83 83 83 33 80 33 48 83 48 33 48
split_gain=20709.3 3210.54 2899.92 1011.05 436.155 317.342 279.899 263.371 245.611 230.359 228.032 214.455 211.077 227.132
threshold=5.0097300866204453 2.1792087757208991 9.5582540104059746 17.921299430216241 0.85326087884718993 6.7204827543541485 4.8492647058823541 15.795000000000002 0.45299145299145288 17.545955882352946 3.0751075699607653 25.454044117647062 1.2403846153846154 24.97058823529412
decision_type=2 2 2 2 2 2 10 10 10 2 2 2 10 2
left_child=1 4 5 7 -1 -2 -5 9 -7 -4 -3 -9 13 -11
right_child=2 10 3 6 -6 8 -8 11 -10 12 -12 -13 -14 -15
leaf_value=-0.13253553207121113 0.0053713852149509106 -0.051267335369583271 0.10578113912192202 0.11530062813208053 -0.091551172928113878 0.063910851644950514 0.19221567460432731 0.081431758532398632 0.02385048349513566 0.070778290550762527 -0.023466982537382289 0.14748552269965981 0.056368519204604894 0.13399074577375997
leaf_weight=1012.6427798867226 1511.4829677641392 1144.8394322618842 404.03148141503334 250.38096546381712 1856.9965080618858 560.40761439502239 236.91593608260155 298.12863625586033 1208.617518261075 526.0707954838872 2080.8453061953187 215.55876348912716 1917.2468621730804 197.2243834733963
leaf_count=2769 4246 3057 1151 761 5440 1774 598 706 3581 1471 5620 434 5349 649
internal_value=0.000496347 -0.067589 0.0571452 0.0854683 -0.106055 0.0222014 0.153013 0.0761778 0.0365701 0.0705413 -0.0333465 0.109383 0.0651113 0.0881759
internal_weight=13421.4 6095.32 7326.07 4045.56 2869.64 3280.51 487.297 3558.26 1769.03 3044.57 3225.68 513.687 2640.54 723.295
internal_count=37606 16886 20720 11119 8209 9601 1359 9760 5355 8620 8677 1140 7469 2120
is_linear=0
shrinkage=0.05


Tree=6
num_leaves=15
num_cat=0
split_feature=83 83 83 83 83 30 29 83 47 43 47 51 26 82
split_gain=18290.7 2987.21 2209.88 837.885 436.485 300.39 288.934 263.766 218.169 248.113 357.084 246.343 187.819 187.764
threshold=4.4650591871359273 9.1264704812748949 2.2132981731919985 15.744202045136406 0.85326087884718993 0.15817259253960023 0.042061112038228751 6.7204827543541485 0.54882911194636164 64.320512820512832 0.58868785543936897 4.1112456281947809 13.500000000000002 0.79500000000000015
decision_type=2 2 2 2 2 10 10 2 2 10 2 8 2 10
left_child=2 7 4 12 -1 -4 13 -2 11 10 -10 -5 -3 -7
right_child=1 3 5 8 -6 6 -8 -9 9 -11 -12 -13 -14 -15
leaf_value=-0.12587769146987854 0.0039629702112348635 0.079846237308370066 -0.045148409413759229 0.094733900189509376 -0.085014497000886549 -0.0066052915907952175 -0.032820150736085012 0.031621685412572868 0.031452141503537721 0.14465958456001943 0.12417066829185515 0.17845853983529858 0.055266304447925796 0.081175108064602736
leaf_weight=998.39063819497824 2034.0438850969076 1343.7000186443329 2010.9707296863198 144.23284304887056 1936.9432614371181 121.88859284669161 372.57892982661724 1495.3291514143348 213.91572296619415 201.93223638832569 202.50046385079622 242.36478652060032 1880.8307059854269 120.51228578388691
leaf_count=2751 5750 4070 5444 312 5620 373 1026 4589 471 661 693 520 4965 249
internal_value=5.44532e-05 0.0496563 -0.0691443 0.0779923 -0.0989514 -0.0358005 -0.00520936 0.0156871 0.117873 0.0991113 0.07673 0.147547 0.0655306 0.0371899
internal_weight=13320.1 7758.85 5561.28 4229.48 2935.33 2625.95 614.98 3529.37 1004.95 618.348 416.416 386.598 3224.53 242.401
internal_count=37494 22031 15463 11692 8371 7092 1648 10339 2657 1825 1164 832 9035 622
is_linear=0
shrinkage=0.05


Tree=7
num_leaves=15
num_cat=0
split_feature=83 83 83 83 83 83 30 41 24 53 32 54 3 43
split_gain=17380.6 2881.25 2087.17 722.852 331.268 311.981 256.723 249.848 262.805 264.128 209.007 187.285 183.479 176.74
threshold=4.4650591871359273 9.5582540104059746 2.2132981731919985 15.943290040990084 0.8214144828343205 7.3614833848547123 0.16127350666037352 64.000000000000014 5.6856547619047637 2.5419580419580421 0.080128205128205135 20.809090909090912 18.31428571428572 63.379807692307701
decision_type=2 2 2 2 2 2 10 8 8 10 8 10 10 8
left_child=2 5 4 10 -1 -2 -4 8 9 -5 12 -8 -3 -9
right_child=1 3 6 7 -6 -7 11 13 -10 -11 -12 -13 -14 -15
leaf_value=-0.11953845555814756 0.0073693009019742814 0.05744122392123148 -0.04243005087511742 0.12330385607519888 -0.083629534118712948 0.037713676962406011 0.030287582069292371 0.036861942731923614 0.093087849300664632 0.20585428622993557 0.097340421638721905 -0.027866707327710995 0.10890564552200376 0.11902327641159204
leaf_weight=964.38317991048098 2503.0244853273034 2431.7722058594227 2070.2748696729541 239.1701502725482 1982.3238292634487 1279.8478059843183 229.3991187736392 141.43820745497942 257.59348597377539 172.00573873519897 474.59845130890608 345.93035388737917 187.09728349000216 123.00973477214575
leaf_count=2625 7089 6745 5514 599 5715 3979 602 364 649 458 1337 967 488 413
internal_value=0.000802161 0.0489837 -0.0664792 0.0784152 -0.0954182 0.0176429 -0.0342227 0.117007 0.133329 0.158253 0.0667388 -0.00466673 0.0611581 0.0753842
internal_weight=13401.9 7809.56 5592.31 4026.69 2946.71 3782.87 2645.6 933.217 668.769 411.176 3093.47 575.329 2618.87 264.448
internal_count=37544 22121 15423 11053 8340 11068 7083 2483 1706 1057 8570 1569 7233 777
is_linear=0
shrinkage=0.05


Tree=8
num_leaves=15
num_cat=0
split_feature=83 83 83 83 75 83 43 79 24 83 50 51 29 83
split_gain=15061.4 2624.92 1849.6 655.632 321.785 262.981 260.176 356.601 234.377 217.604 176.629 171.434 166.153 192.711
threshold=4.4650591871359273 9.9564194159019852 1.9192313763201783 15.943290040990084 7.6350000000000007 3.0751075699607653 56.738636363636367 0.29724038382781742 0.61133333333333351 0.85326087884718993 19.811666666666671 5.044380252100841 0.048866904358302883 6.6638894461791223
decision_type=2 2 2 2 10 2 10 8 8 2 8 8 10 2
left_child=2 4 9 -3 11 -4 -5 -8 -9 -1 -7 12 13 -2
right_child=1 3 5 6 -6 10 7 8 -10 -11 -12 -13 -14 -15
leaf_value=-0.11290217570535072 0.0017155724080665598 0.063207587591498457 -0.051407644379953245 0.057578468520514126 0.043876721319138931 -0.049644261503117695 0.09554311546646195 0.22342880365281689 0.13122694063062165 -0.082457954623451721 -0.01176238099223554 0.034386029701625069 -0.01045172339759905 0.039502894760810238
leaf_weight=1002.2238538563251 948.8021353110671 2832.555424451828 1537.7500646933913 181.18961618095636 875.91358356177807 423.64301101863384 437.6293049454689 114.67264310270548 190.91999766230583 1471.207457460463 1120.9602744355798 571.46294567734003 1110.7754582092166 522.69127375632524
leaf_count=2772 2705 7811 4107 404 2244 1010 1234 278 567 4354 3137 1593 3486 1739
internal_value=0.000250672 0.0451214 -0.0626339 0.0751816 0.0170835 -0.0367721 0.111764 0.124879 0.166441 -0.0948345 -0.0221778 0.00963046 0.0041408 0.0151558
internal_weight=13342.4 7786.61 5555.78 3756.97 4029.65 3082.35 924.412 743.222 305.593 2473.43 1544.6 3153.73 2582.27 1471.49
internal_count=37441 22061 15380 10294 11767 8254 2483 2079 845 7126 4147 9523 7930 4444
is_linear=0
shrinkage=0.05


Tree=9
num_leaves=15
num_cat=0
split_feature=83 83 83 83 83 83 43 57 83 19 33 17 58 79
split_gain=13958.6 2057.94 2049.89 534.594 447.211 307.538 235.001 316.623 193.301 186.655 171.604 243.251 216.448 211.588
threshold=4.8460408686883651 2.2132981731919985 12.378890106113339 7.2239967697981653 18.261650374781233 0.85326087884718993 59.148351648351657 252.28308823529414 3.0751075699607653 11.964285714285717 0.5454545454545453 1.9642857142857146 19.968750000000004 0.33339567725545566
decision_type=2 2 2 2 2 2 10 2 2 8 10 10 2 8
left_child=1 5 3 -2 9 -1 -6 -8 -3 -4 11 -5 -13 -14
right_child=2 8 4 10 6 -7 7 -9 -10 -11 -12 12 13 -15
leaf_value=-0.10892210697719262 0.0079762433853101736 -0.044209109051535606 0.10865272052090334 0.035762768276662076 0.06769529916122391 -0.074653116483556617 0.18976453362258736 0.083193992259449345 -0.017901158127172082 0.067176925668118379 0.033810705939270672 0.14814202167535293 0.030118853995953439 0.12000756866349252
leaf_weight=1002.0616899877787 2000.1842765957117 1102.5325684025884 328.45131807774305 461.98440680652857 111.88371627777815 1937.6609324887395 204.29496215283871 109.30084378272295 1908.2572060078382 1643.1648916900158 2155.9033957049251 111.83812226355076 168.44189035892487 107.09362260252237
leaf_count=2747 5713 2957 1048 1449 269 5574 517 398 5179 4119 6341 300 487 350
internal_value=0.000397796 -0.0566153 0.0462291 0.0280114 0.0842425 -0.0863674 0.130782 0.153003 -0.0275464 0.074138 0.0413389 0.0603853 0.0895826 0.0653639
internal_weight=13353.1 5950.51 7402.54 5005.45 2397.1 2939.72 425.48 313.596 3010.79 1971.62 3005.26 849.358 387.374 275.536
internal_count=37448 16457 20991 14640 6351 8321 1184 915 8136 5167 8927 2586 1137 837
is_linear=0
shrinkage=0.05


Tree=10
num_leaves=15
num_cat=0
split_feature=83 83 83 83 80 48 19 53 30 29 52 27 6 59
split_gain=12705 1975.4 1471.26 523.659 386.863 311.179 292.369 262.361 224.271 267.579 207.825 213.329 192.007 234.894
threshold=4.4650591871359273 11.956963352133704 1.9192313763201783 6.7204827543541485 15.795000000000002 21.705882352941181 11.839743589743593 1.5166666666666668 0.16127350666037352 0.040543471878089064 208.06250000000003 4.5031250000000007 6.4615815994695494 1.0000000180025095e-35
decision_type=2 2 2 2 8 2 8 8 10 10 8 8 8 2
left_child=2 3 -1 -2 6 -6 -3 -7 -4 -10 -5 -12 -9 -14
right_child=1 4 8 10 5 7 -8 12 9 -11 11 -13 13 -15
leaf_value=-0.085869664762275061 0.0038536277669367625 0.099867410354406216 -0.04097073579460353 0.062924540253453329 0.060640090576571472 0.17454195328010108 0.041590868271481486 0.1492292573323529 0.036055048377746354 -0.032248668064914533 0.070288574706179774 0.024941506383181971 0.11803995228470572 0.058290848807010534
leaf_weight=2494.0422900542617 2045.2840620949864 283.37118411064148 2489.6417078301311 595.55124262720346 466.24864865839481 138.48338783532381 899.65554188191891 159.26448693871498 225.16909322887659 390.8169037848711 292.23669686168432 2276.9630232006311 325.14249079674482 339.74497013539076
leaf_count=7212 5738 782 6582 1455 1509 433 1870 476 617 1065 928 7063 908 957
internal_value=0.000215451 0.0413738 -0.057274 0.023575 0.0768547 0.0943825 0.0556224 0.110646 -0.0342894 -0.00726278 0.0363152 0.0301249 0.0997105 0.0876427
internal_weight=13421.6 7821.95 5599.67 5210.04 2611.91 1428.88 1183.03 962.635 3105.63 615.986 3164.75 2569.2 824.152 664.887
internal_count=37595 22119 15476 15184 6935 4283 2652 2774 8264 1682 9446 7991 2341 1865
is_linear=0
shrinkage=0.05


Tree=11
num_leaves=15
num_cat=0
split_feature=83 83 83 83 82 22 83 69 9 39 19 24 41 81
split_gain=11336.2 1621.21 1529.97 406.838 380.976 323.728 305.41 242.17 216.991 208.192 189.205 184.709 171.427 174.835
threshold=4.9035150417688156 11.371874848548572 2.2132981731919985 7.3614833848547123 16.395000000000003 0.88493064312736458 1.3000856831588565 0.18044915248790228 2.9353333333333333 25.288158795345655 11.964285714285717 -1.5635000000000003 105.50000000000001 6.9650000000000007
decision_type=2 2 2 2 10 10 2 2 8 2 10 10 8 8
left_child=2 3 6 -2 7 9 -1 10 -4 -6 -3 -11 13 -12
right_child=1 4 8 -5 5 -7 -8 -9 -10 11 12 -13 -14 -15
leaf_value=-0.09158522944621357 0.0061594661093204621 0.076193228608618907 -0.038124769746711362 0.036390628141239022 0.11932267823460119 0.17493042435408082 -0.059024811238044678 0.10165303543785793 -0.011205308533748409 0.019536188844977879 0.0043964704406218857 0.097937169195806709 0.012023913462405446 0.062609486848053245
leaf_weight=1620.3484597727656 2077.3699550554156 628.62881573289633 1725.5984148979187 2397.2266142815351 256.49202324450016 127.05190879106522 1312.9567594602704 304.80484345555305 1323.6159403771162 155.25453704595566 153.34474530816078 145.70588213205338 337.94944531470537 816.11524111777544
leaf_count=4689 5906 1880 4526 7176 741 238 3662 860 3706 319 311 312 829 2334
internal_value=-8.39713e-05 0.041291 -0.0512602 0.0223601 0.0702302 0.10291 -0.0770362 0.0602061 -0.026447 0.0862118 0.0536317 0.0576916 0.0427337 0.0534156
internal_weight=13382.5 7399.94 5982.52 4474.6 2925.35 684.504 2933.31 2240.84 3049.21 557.452 1936.04 300.96 1307.41 969.46
internal_count=37489 20906 16583 13082 7824 1610 8351 6214 8232 1372 5354 631 3474 2645
is_linear=0
shrinkage=0.05


Tree=12
num_leaves=15
num_cat=0
split_feature=83 83 83 83 83 83 83 69 39 83 11 24 48 33
split_gain=10446.7 1497.77 1422.53 337.169 316.328 215.684 194.32 183.392 222.351 211.397 190.738 161.778 158.279 158.006
threshold=4.9035150417688156 11.371874848548572 1.8735011587759935 20.619909114441736 7.3614833848547123 3.3222735834551562 1.2631950425297429 0.18044915248790228 23.341546885694733 16.169137413167434 0.15552118116082389 1.7448750000000002 17.424632352941178 0.5454545454545453
decision_type=2 2 2 2 2 2 2 2 2 2 10 8 2 8
left_child=2 4 6 7 -2 -4 -1 8 -3 11 -11 -10 -6 -14
right_child=1 3 5 -5 12 -7 -8 -9 9 10 -12 -13 13 -15
leaf_value=-0.088992511341997982 0.007125089081595988 0.08867902666090044 -0.040680974287010924 0.1419915505347005 0.072004980344630945 -0.016019854200440425 -0.059336511909813809 0.094149029932838801 0.020884788572923314 0.1011683590209263 0.033267461845085604 0.055343520898048962 0.066041972796887921 0.024479030007013538
leaf_weight=1575.0822054967284 2054.8441419005394 477.62439639866352 1861.1132328435779 144.60368832200766 243.69453755766153 1696.4468542411923 866.13594123721123 421.54872779548168 601.13466720283031 320.19777423143387 154.51431468874216 790.58827898651361 259.64051765203476 1896.9400203302503
leaf_count=4510 5869 1454 4980 433 734 4581 2498 1108 1588 776 405 2047 788 5714
internal_value=-0.000131924 0.0397613 -0.0491114 0.0676537 0.02153 -0.028929 -0.0784993 0.063717 0.0582063 0.050365 0.0791836 0.0404853 0.0338538 0.0295113
internal_weight=13364.1 7365.33 5998.78 2910.21 4455.12 3557.56 2441.22 2765.61 2344.06 1866.44 474.712 1391.72 2400.28 2156.58
internal_count=37485 20916 16569 7811 13105 9561 7008 7378 6270 4816 1181 3635 7236 6502
is_linear=0
shrinkage=0.05


Tree=13
num_leaves=15
num_cat=0
split_feature=36 30 80 77 8 22 8 77 52 8 6 47 50 57
split_gain=8673.17 1722.57 823.87 582.479 361.966 326.824 205.21 203.52 211.136 185.706 184.74 226.158 171.054 169.797
threshold=0.20160754336815181 0.033232416529830326 15.795000000000002 0.20712320445937255 0.40338232874130697 0.90661337209302328 6.308404373077388 0.5834828765421961 170.70979020979021 0.87703985719596744 6.1577541546162555 0.55534271160211512 29.465151515151518 233.38235294117649
decision_type=10 8 10 10 8 10 10 8 8 10 8 2 10 2
left_child=1 9 7 4 -3 10 -6 8 -2 -1 -4 -12 -10 -13
right_child=2 3 5 -5 6 -7 -8 -9 12 -11 11 13 -14 -15
leaf_value=-0.08129738323877736 0.093489169299240199 -0.055047875572901077 0.12729453171850044 0.019672797903268237 -0.023285166809189295 0.16337360035917037 0.020480135523237127 0.049857727179398736 0.023080369967468012 -0.048216855497248322 0.099635457365312124 0.075183025107440626 0.070214398923226187 0.0027549398396077601
leaf_weight=1616.309143640101 122.29229719936848 909.69970260560513 148.92574509978294 788.80010768771172 3346.696660220623 131.46980349719524 290.37653992325068 2088.4747201874852 2600.6567959189415 582.98073320090771 256.8514099419117 151.33602653443813 207.23826567828655 172.77699586749077
leaf_count=4577 252 2582 368 1916 9468 257 1093 7157 6184 1671 539 370 630 486
internal_value=0.000186479 -0.035327 0.045693 -0.0199714 -0.0268519 0.0908551 -0.0197864 0.0379252 0.0294062 -0.0725544 0.0775872 0.0646482 0.0265829 0.0367006
internal_weight=13414.9 7534.86 5880.02 5335.57 4546.77 861.36 3637.07 5018.66 2930.19 2199.29 729.89 580.964 2807.9 324.113
internal_count=37550 21307 16243 15059 13143 2020 10561 14223 7066 6248 1763 1395 6814 856
is_linear=0
shrinkage=0.05


Tree=14
num_leaves=15
num_cat=0
split_feature=83 83 83 83 22 83 39 27 59 33 29 77 51 22
split_gain=8179.76 1289.99 1163.1 538.758 300.146 209.604 205.578 269.531 169.706 147.478 212.685 144.053 133.13 232.818
threshold=4.7892623477646845 9.5582540104059746 2.1792087757208991 18.261650374781233 0.88603896103896107 1.3000856831588565 23.416837782340867 16.123333333333338 1.0000000180025095e-35 1.2613636363636365 0.042061112038228751 0.45804213466071136 4.8697958712951221 0.73956521739130443
decision_type=2 2 2 2 8 2 2 10 2 10 10 10 10 10
left_child=2 11 5 6 -5 -1 7 8 -3 -4 -11 -2 -8 -14
right_child=1 3 9 4 -6 -7 12 -9 -10 10 -12 -13 13 -15
leaf_value=-0.078518866116519564 0.0093558051857372017 0.08620225154721603 -0.026436459806246138 0.082541343393148031 0.17949858332925761 -0.051225189863797205 0.037424346683850696 0.14259311188025742 0.031743754664444991 0.047854400646823524 -0.023715622858184356 0.043828039431764138 0.018187737151173729 0.090473780489461031
leaf_weight=1599.166744209826 3112.0675336644053 282.20437648892403 2564.9046444967389 310.17768085002899 108.61225758492947 1273.1872592642903 2416.9019297584891 114.48516197502613 292.83443996310234 173.22360520809889 255.8534971550107 334.90859562158585 169.50653348118067 327.27726174890995
leaf_count=4663 9164 909 6887 952 225 3552 6521 300 961 434 744 958 433 756
internal_value=0.000465206 0.0351682 -0.0437168 0.0544017 0.108055 -0.0664428 0.0481375 0.0727095 0.0585729 -0.0218991 0.00522215 0.0127169 0.0422996 0.0658953
internal_weight=13335.3 7468.98 5866.34 4022 418.79 2872.35 3603.21 689.524 575.039 2993.98 429.077 3446.98 2913.69 496.784
internal_count=37459 21179 16280 11057 1177 8215 9880 2170 1870 8065 1178 10122 7710 1189
is_linear=0
shrinkage=0.05


Tree=15
num_leaves=15
num_cat=0
split_feature=83 83 83 83 83 27 29 21 6 24 36 50 41 25
split_gain=7644.56 1190.3 904.045 312.83 202.064 164.459 288.874 277.246 248.822 206.889 198.149 190.506 239.777 174.467
threshold=4.4650591871359273 9.7161413226639848 2.1792087757208991 20.619909114441736 0.85326087884718993 14.97916666666667 0.099375654884241257 4.5014792899408294 6.6468037431535487 0.62100000000000044 0.47899897326173796 22.517142857142861 149.50000000000003 -0.18378571428571422
decision_type=2 2 2 2 2 8 10 8 8 10 10 8 10 10
left_child=2 -2 4 5 -1 6 11 -7 9 -9 13 -3 -13 -10
right_child=1 3 -4 -5 -6 7 -8 8 10 -11 -12 12 -14 -15
leaf_value=-0.082225507170685441 0.012227307128317837 0.030789877079914763 -0.023867728282148924 0.12267476553394203 -0.054382575024606743 0.026685047824095167 0.014949855688022658 0.074726847706047456 0.068575787383839598 0.15598344952260246 0.077757846446156423 0.058579219229523007 0.14202277550621273 0.0001735458746512907
leaf_weight=1011.8586781322956 3869.573384553194 542.2463593930006 2689.7318284064531 147.05139464884996 1868.488848157227 461.44420034438372 782.52622973918915 186.87701114267111 167.24638695269823 138.79376052320004 556.55675579607487 651.69180388003588 99.100452803075314 209.05990328639746
leaf_count=2799 11304 1527 7169 435 5422 1241 2067 494 463 356 1271 2051 321 598
internal_value=2.40145e-05 0.0319324 -0.044726 0.0512646 -0.0641889 0.0484664 0.0389541 0.0599158 0.0720691 0.109728 0.0588186 0.0534584 0.0697676 0.0306756
internal_weight=13382.2 7812.17 5570.08 3942.59 2880.35 3795.54 2075.56 1719.98 1258.53 325.671 932.863 1293.04 750.792 376.306
internal_count=37518 22128 15390 10824 8221 10389 5966 4423 3182 850 2332 3899 2372 1061
is_linear=0
shrinkage=0.05


Tree=16
num_leaves=15
num_cat=0
split_feature=83 83 83 83 27 31 29 28 21 10 24 46 56 27
split_gain=7116.96 1337.07 813.256 322.813 278.361 295.378 194.105 194.581 189.04 255.075 214.93 304.823 393.633 167.528
threshold=4.4650591871359273 11.956963352133704 1.9192313763201783 7.3614833848547123 14.97916666666667 0.82394117647058829 0.11060656855133565 13.786550000000002 4.5387620192307701 0.18873680594578215 5.8669333333333347 63.150735294117659 4.2984898010424475 4.5031250000000007
decision_type=2 2 2 2 8 10 10 10 8 10 8 2 2 8
left_child=2 3 -1 -2 6 8 7 -3 -6 10 11 -10 -13 -5
right_child=1 4 -4 13 5 -7 -8 -9 9 -11 -12 12 -14 -15
leaf_value=-0.06452999925808442 0.0029239347668675239 0.075899851005693686 -0.026177665219749371 0.06488663519844938 0.047258802337367872 -0.00028591734886999638 0.011562174001189572 0.021051555848615438 0.085015339480379787 0.027605187457483478 0.069973021059743692 0.22436814542946273 0.098764897042933786 0.023627930387006543
leaf_weight=2498.5473780333996 2508.4471843093634 441.82237043976784 3097.6225316822529 273.12364872545004 342.73887400329113 125.3268615975976 384.60817708075047 256.28957581520081 302.24367158859968 142.40311967581511 372.5117084607482 122.38744824379683 131.93227870762348 2443.9885238260031
leaf_count=7209 7118 1347 8263 859 898 386 927 748 688 401 889 325 359 7262
internal_value=-0.000233134 0.0304856 -0.0433095 0.0158602 0.0596134 0.0732836 0.0401256 0.055823 0.0797989 0.0901538 0.0997009 0.119437 0.159852 0.0277976
internal_weight=13444 7847.82 5596.17 5225.56 2622.26 1539.54 1082.72 698.112 1414.22 1071.48 929.075 556.563 254.32 2717.11
internal_count=37679 22207 15472 15239 6968 3946 3022 2095 3560 2662 2261 1372 684 8121
is_linear=0
shrinkage=0.05


Tree=17
num_leaves=15
num_cat=0
split_feature=83 83 83 80 22 17 83 83 48 42 48 54 41 29
split_gain=6190.62 1071.96 713.267 356.643 274.119 172.439 171.343 163.598 155.291 199.997 196.743 169.69 206.801 200.983
threshold=4.4110910809515298 9.3801413674721115 1.5227820171255755 15.795000000000002 0.90661337209302328 2.8397435897435903 3.0751075699607653 6.7204827543541485 17.545955882352946 10.500000000000002 21.941176470588239 30.215384615384618 73.500000000000014 0.089031254465111856
decision_type=2 2 2 10 10 8 2 2 2 2 2 8 8 10
left_child=2 7 -1 8 5 -5 -4 -2 9 -3 -10 13 -13 -12
right_child=1 3 6 4 -6 -7 -8 -9 10 -11 11 12 -14 -15
leaf_value=-0.064796358701277465 -0.00010010336330133396 0.046481898097080143 -0.036590116568648336 0.096494196144662814 0.13993208986930153 0.044963082414151846 -0.014298133395728272 0.020938772519981372 0.018956490832447596 0.12583713431004784 0.057238911885183943 0.11752676764219244 0.034562556801581226 0.017949405945832352
leaf_weight=1968.9216770678759 2113.230311177671 315.66819858551025 2059.1487986370921 245.33974798023701 134.89154344797134 487.89808367192745 1485.5871457904577 1640.9190427735448 1215.1370037421584 106.22762027382851 655.92585221678019 162.83921609073877 140.83573359251022 647.79672259837389
leaf_count=5715 5936 930 5569 548 266 1210 3985 5005 3173 302 2159 461 354 1936
internal_value=-5.02669e-05 0.0284209 -0.0406698 0.0460524 0.0745209 0.0623132 -0.0272543 0.00909901 0.0384144 0.0667128 0.0341624 0.0456386 0.0792901 0.0377454
internal_weight=13380.4 7866.71 5513.66 4112.56 868.129 733.238 3544.74 3754.15 3244.43 421.896 2822.53 1607.4 303.675 1303.72
internal_count=37549 22280 15269 11339 2024 1758 9554 10941 9315 1232 8083 4910 815 4095
is_linear=0
shrinkage=0.05


Tree=18
num_leaves=15
num_cat=0
split_feature=83 83 83 83 30 57 57 79 42 79 77 50 36 28
split_gain=5238.29 838.948 673.085 333.941 200.585 184.066 200.328 166.73 261.31 201.716 152.69 173.376 146.89 144.317
threshold=4.4110910809515298 9.7161413226639848 1.3328131143533766 17.921299430216241 0.15817259253960023 258.21875000000006 224.20588235294119 0.39181920657204422 5.5000000000000009 0.34966355787406417 0.45804213466071136 27.229166666666671 0.19849673193837994 14.457993939393941
decision_type=2 2 2 2 8 2 2 10 2 10 10 8 10 10
left_child=2 10 -1 7 -4 6 -5 9 -9 -3 11 13 -13 -2
right_child=1 3 4 5 -6 -7 -8 8 -10 -11 -12 12 -14 -15
leaf_value=-0.06478908070406908 -0.0023980084966574375 0.03858911688701628 -0.037335261526761226 0.056285186202525289 -0.014435146501713795 0.029167708704569351 0.13378523639315124 0.036416668436792032 -0.022442413834793108 0.09107431753816897 0.039132934445749931 0.006905132124047305 0.05051450807395215 0.055968560071985134
leaf_weight=1667.0063071772456 2660.8016091883183 2388.5601853728294 2069.1418347433209 150.13694383203983 1780.8187112510204 125.51629221439362 193.49990003556013 574.20549517869949 279.72380536794662 198.02827879786491 379.16950266063213 428.00783074647188 351.37752406299114 109.29622823745012
leaf_count=4860 7611 7540 5509 366 4960 454 495 1201 385 278 1074 1351 1098 346
internal_value=-0.000931876 0.0253379 -0.038253 0.0417326 -0.0267492 0.0812888 0.100187 0.0363166 0.0171323 0.042641 0.00901601 0.00578869 0.0266055 -7.57468e-05
internal_weight=13355.3 7838.32 5516.97 3909.67 3849.96 469.153 343.637 3440.52 853.929 2586.59 3928.65 3549.48 779.385 2770.1
internal_count=37528 22199 15329 10719 10469 1315 861 9404 1586 7818 11480 10406 2449 7957
is_linear=0
shrinkage=0.05


Tree=19
num_leaves=15
num_cat=0
split_feature=83 83 83 83 56 28 51 22 59 6 27 29 55 30
split_gain=4981.4 1036.31 661.751 273.273 188.416 184.97 177.962 253.281 174.727 219.551 329.072 159.836 302.781 287.66
threshold=6.1266548597022004 2.4646079987616738 12.489401471657338 20.619909114441736 4.8239488953889333 0.69682352941176484 4.9242163196937074 0.79674258474576287 1.0000000180025095e-35 6.8530363437754946 16.123333333333338 0.089935490989738132 22.510661764705883 0.62513663622052162
decision_type=2 2 2 2 2 8 10 10 2 8 8 10 2 10
left_child=1 5 6 4 8 -1 -2 -8 11 10 -10 12 -4 -13
right_child=2 -3 3 -5 -6 -7 7 -9 9 -11 -12 13 -14 -15
leaf_value=-0.063102377637306029 0.015411639035307935 -0.011177686587402712 0.048229171523918188 0.1184569382544306 0.011673245366452499 -0.039003738193761357 0.013759696539968506 0.081727308599553294 0.036178252933705794 0.021909930624644403 0.13486329225109722 0.030051155690913978 0.13842209612715756 0.11137695236522722
leaf_weight=1417.1651974767447 3354.0971860364079 3846.5384180098772 179.90408478677273 149.97312663495541 296.84346140921116 1836.8654108271003 288.81635712087154 260.72663855552673 246.28620239347219 628.45730433613062 128.47531861066818 391.49095822870731 195.4056737869978 150.2041835039854
leaf_count=4072 10024 10568 431 431 650 5152 824 642 613 1715 353 980 600 443
internal_value=-7.38254e-05 -0.0287514 0.0323984 0.0532538 0.0487917 -0.0495151 0.019742 0.0460963 0.0545207 0.0400303 0.0702782 0.0703125 0.0954313 0.0527653
internal_weight=13371.2 7100.57 6270.68 2367.04 2217.07 3254.03 3903.64 549.543 1920.22 1003.22 374.762 917.005 375.31 541.695
internal_count=37498 19792 17706 6216 5785 9224 11490 1466 5135 2681 966 2454 1031 1423
is_linear=0
shrinkage=0.05


Tree=20
num_leaves=15
num_cat=0
split_feature=83 83 83 77 31 83 30 45 6 50 69 0 31 52
split_gain=4615.06 910.123 638.508 294.738 223.853 210.111 365.082 213.278 216.229 191.712 184.641 170.57 177.761 159.782
threshold=4.4650591871359273 12.378890106113339 2.1792087757208991 0.31707785216047946 0.82394117647058829 16.813194444670618 0.61178115870003935 23.839743589743595 10.114089136741125 27.610000000000003 0.17918710115230521 10.500000000000002 0.44928205128205134 193.08333333333334
decision_type=2 2 2 10 10 2 10 8 8 8 2 2 10 8
left_child=2 3 -1 9 5 10 7 -7 -9 -2 11 12 -3 -5
right_child=1 4 -4 13 -6 6 -8 8 -10 -11 -12 -13 -14 -15
leaf_value=-0.050544348588627643 -0.0029039397631539033 0.064392156703275902 -0.01669152076274626 0.068368889911831848 -0.016831771095023665 0.016659622525917371 0.1373571515662102 0.13305968022660516 0.040042195521609404 0.027133430647912505 0.086015859541788989 0.074819464571380639 0.018560686990023247 0.023058666021277086
leaf_weight=2909.170438490808 2416.8756526261568 278.18576357513666 2674.3730060756207 213.76125019788742 116.16943275183439 207.94795074313879 186.07633705437183 121.01629403978586 130.59280213713646 679.79872341454029 231.31106819212437 254.59140678495169 879.69178052246571 2110.0835786908865
leaf_count=8264 7843 850 7189 468 365 541 483 320 343 2355 624 659 2171 5113
internal_value=0.000387988 0.0251628 -0.0343356 0.0137992 0.0507521 0.0541873 0.0783782 0.0542511 0.0851304 0.00369666 0.0446438 0.0378125 0.029618 0.0272542
internal_weight=13409.6 7826.1 5583.54 5420.52 2405.58 2289.41 645.633 459.557 251.609 3096.67 1643.78 1412.47 1157.88 2323.84
internal_count=37588 22135 15453 15779 6356 5991 1687 1204 663 10198 4304 3680 3021 5581
is_linear=0
shrinkage=0.05


Tree=21
num_leaves=15
num_cat=0
split_feature=83 83 83 80 27 41 24 48 27 56 30 39 41 48
split_gain=4062.82 896.47 409.962 312.019 215.784 332.728 270.683 196.407 180.925 153.021 144.22 132.186 166.664 150.186
threshold=3.7936872003822506 7.7273271763295499 1.3624830711510436 15.795000000000002 14.97916666666667 62.500000000000007 1.093999999999999 15.181985294117649 4.4625000000000012 4.1810607454660706 0.033232416529830326 27.57152635181383 83.500000000000014 25.485294117647062
decision_type=2 2 2 10 10 10 8 2 8 2 8 2 10 2
left_child=2 11 -1 7 -5 6 -6 -3 9 -9 -4 12 13 -2
right_child=1 3 10 4 5 -7 -8 8 -10 -11 -12 -13 -14 -15
leaf_value=-0.056277104085778122 -0.019088528030367688 0.092135855841132597 -0.043941737971985598 0.025286579981766946 0.15136108702004786 0.018704410768993034 0.06859329656033418 0.10767755273094336 0.023617660392148396 0.032429632315429856 -0.019586628006520758 -0.017127092412101814 0.016710979725409768 0.023935326567426696
leaf_weight=1726.1786286383867 836.7381663620472 116.28332840651274 823.20075661689043 280.60421048104763 169.09509637951851 165.10935604572296 243.56085240840912 120.259446144104 3814.5959131270647 155.47460777312517 2330.9865420386195 786.95047114789486 1558.1454563736916 266.71338200569153
leaf_count=4958 2453 316 2248 755 370 365 527 370 11115 482 6336 2233 4241 779
internal_value=-0.00032217 0.020527 -0.0366892 0.0339128 0.0613808 0.0788368 0.102793 0.0282946 0.0264576 0.065519 -0.0259549 0.00086277 0.00618624 -0.00867705
internal_weight=13393.9 8513.53 4880.37 5064.98 858.37 577.765 412.656 4206.61 4090.33 275.734 3154.19 3448.55 2661.6 1103.45
internal_count=37548 24006 13542 14300 2017 1262 897 12283 11967 852 8584 9706 7473 3232
is_linear=0
shrinkage=0.05


Tree=22
num_leaves=15
num_cat=0
split_feature=83 83 3 22 56 83 57 20 21 52 25 70 83 19
split_gain=3786.43 898.789 511.036 310.635 203.441 195.215 191.267 326.65 231.197 167.636 306.251 184.295 163.799 157.446
threshold=6.5979717261352482 2.6459354038404457 18.130303030303036 0.90521114106019784 4.7178247594374545 16.169137413167434 228.2352941176471 7.1833333333333327 5.5300120048019217 194.22500000000002 -0.0085714285714285684 0.13542021277650676 0.85326087884718993 13.679487179487181
decision_type=2 2 10 8 2 2 2 10 10 10 8 2 2 10
left_child=1 12 5 4 6 9 -4 8 -8 10 -2 -12 -1 -7
right_child=2 -3 3 -5 -6 13 7 -9 -10 -11 11 -13 -14 -15
leaf_value=-0.05921617218443434 0.1149158718110819 -0.0072805415517789157 0.022936999286977955 0.13670144432255543 -0.0089763747611397195 0.020203656177701746 0.074085945032134351 0.012261499417382622 0.17716126660607701 0.017280929578530571 0.019424638606930902 0.086178528710068689 -0.035108540206352054 0.084513832091416302
leaf_weight=986.82592387497425 120.91089905798435 4033.8706041648984 162.37052781879902 138.37154996395111 106.66436927765608 161.2540437579155 118.18659152090549 95.485459119081497 103.98191654682159 3855.2661645784974 673.1914851590991 121.40074943006039 2493.6870495676994 234.07149538397789
leaf_count=2739 288 11060 407 304 248 406 395 297 329 11437 1693 287 7074 614
internal_value=0.000181054 -0.0233463 0.0301899 0.0694776 0.0534171 0.0246635 0.0672711 0.0897897 0.122906 0.0218564 0.0410841 0.029719 -0.0419588 0.0583988
internal_weight=13405.5 7514.38 5891.16 725.06 586.689 5166.09 480.024 317.654 222.169 4770.77 915.503 794.592 3480.51 395.326
internal_count=37578 20873 16705 1980 1676 14725 1428 1021 724 13705 2268 1980 9813 1020
is_linear=0
shrinkage=0.05


Tree=23
num_leaves=15
num_cat=0
split_feature=83 83 30 83 11 58 44 33 50 82 56 13 29 54
split_gain=3454.97 831.632 354.698 328.199 215.041 292.965 217.108 165.572 162.742 156.227 146.755 140.864 130.467 170.596
threshold=3.7936872003822506 9.5582540104059746 0.033232416529830326 16.169137413167434 0.15552118116082389 19.363970588235297 0.58588083477951336 5.2403846153846159 19.621111111111112 15.685 4.313188751307564 0.060010125083229053 0.11704512976318251 25.861904761904764
decision_type=2 2 8 2 8 2 10 10 8 10 2 8 10 10
left_child=2 8 -1 7 5 -5 -7 9 -2 12 -10 -4 -3 -14
right_child=1 3 11 4 -6 6 -8 -9 10 -11 -12 -13 13 -15
leaf_value=-0.049019216096791024 -0.011449841617569199 0.035621692040162509 -0.032099993616462701 0.15649435975754708 0.037694640061079955 0.09314068500846294 0.0086649741074391641 -0.012002240612658021 0.019929578271779477 0.078890330720268409 -0.00099686301136531598 -0.0096921150261730874 -0.0032858489004439356 0.053176526126742119
leaf_weight=2041.673035569489 1128.5933467075229 2007.5634502992034 1502.8616757169366 114.27800877392292 421.21227157115936 216.72703073173761 117.23421942442656 230.49575266242027 1852.4369510859251 166.61044561862946 1528.7524697333574 1316.5936286896467 538.4139733761549 176.96458315104246
leaf_count=5704 2882 5845 4265 292 1159 554 337 506 5701 384 4424 3607 1456 516
internal_value=0.000467638 0.0196961 -0.033149 0.0363221 0.0634834 0.0875794 0.0636006 0.0287352 0.00498352 0.0319878 0.0104705 -0.0216434 0.02909 0.0107361
internal_weight=13360.4 8499.28 4861.13 3989.5 869.452 448.239 333.961 3120.05 4509.78 2889.55 3381.19 2819.46 2722.94 715.379
internal_count=37632 24056 13576 11049 2342 1183 891 8707 13007 8201 10125 7872 7817 1972
is_linear=0
shrinkage=0.05


Tree=24
num_leaves=15
num_cat=0
split_feature=83 83 83 31 83 30 28 54 0 44 31 12 53 50
split_gain=3159.9 777.658 347.388 207.142 192.61 191.718 161.325 157.546 155.535 207.604 189.524 200.415 139.872 164.072
threshold=6.7204827543541485 2.5526537432989733 20.019231680816951 0.80611607142857145 12.378890106113339 0.14051921694371969 0.69682352941176484 15.683333333333335 10.500000000000002 0.55213539569367798 0.74666666666666681 0.4076829776473157 3.5419580419580421 23.053571428571434
decision_type=2 2 2 10 2 8 8 8 2 10 10 8 8 10
left_child=1 6 3 4 -2 -3 -1 -6 10 -10 11 -9 -7 -14
right_child=2 5 -4 -5 7 12 -8 8 9 -11 -12 -13 13 -15
leaf_value=-0.051806889131048861 0.019663452923898855 -0.02085214908731339 0.092936745002169668 -0.041639570360562067 -0.0038252616852217456 -0.0040726342202064853 -0.02959395726371801 0.083644562491854202 0.12159588882294499 0.041857519825143512 0.097757228408680522 0.025000343573314727 0.0084017957817300974 0.074938228173555763
leaf_weight=1425.1922227218747 3312.4614156186581 1539.5131733864546 198.80424839258194 110.73284979909658 194.40930148214102 2199.4787694662809 1930.8694196864963 163.7090055346489 136.46802090108395 205.23529361188412 116.71582467108965 1282.7025826647878 358.66238809376955 124.07050881534815
leaf_count=4064 9865 4178 585 316 488 6143 5370 509 307 564 249 3374 910 353
internal_value=9.77636e-05 -0.0210784 0.0281444 0.0257955 0.0271828 -0.00679428 -0.0390396 0.0390327 0.0434066 0.073965 0.0366835 0.0316911 0.0012793 0.0256223
internal_weight=13299 7577.79 5721.24 5522.43 5411.7 4221.72 3356.06 2099.24 1904.83 341.703 1563.13 1446.41 2682.21 482.733
internal_count=37275 21018 16257 15672 15356 11584 9434 5491 5003 871 4132 3883 7406 1263
is_linear=0
shrinkage=0.05


Tree=25
num_leaves=15
num_cat=0
split_feature=35 30 27 7 9 31 11 75 50 79 45 47 73 39
split_gain=2360.99 568.636 358.695 250.295 249.767 228.578 254.15 217.562 175.295 217.244 174.972 167.562 166.217 188.057
threshold=2.5000000000000004 0.052555518611964079 14.97916666666667 11.699875000000002 3.1621666666666672 0.80611607142857145 0.14923998136542307 16.305000000000003 22.557777777777783 0.088068901696803245 20.133928571428573 0.51375724317894023 16.500000000000004 23.416837782340867
decision_type=8 8 10 8 8 10 8 10 8 8 10 2 2 2
left_child=2 -2 8 -4 -3 6 7 -5 -1 11 -8 -10 13 -11
right_child=1 4 3 5 -6 -7 10 -9 9 12 -12 -13 -14 -15
leaf_value=0.0058628088030424162 -0.039518325849504654 -0.021427609160098893 -0.019242181679593837 0.057746262489543392 0.0018172127481062561 -0.011509527388999845 0.061235841397287549 0.11920023297817509 0.063690783929184022 0.071744403771742293 0.00043794279217401083 0.0037048967796620628 0.091835409098908777 0.022775000796814604
leaf_weight=2361.3875770047307 2447.7083745673299 2292.1156568229198 137.53631634265184 408.43497247248888 2329.4495621025562 127.70635949075222 238.56361981481314 225.19498360157013 128.69140382111073 246.19917079806328 233.89337504655123 1138.9744836241007 132.08465198427439 957.22899620234966
leaf_count=6044 6986 6420 336 1092 7028 402 505 466 274 867 573 3094 366 3101
internal_value=-0.000173342 -0.0200374 0.0219896 0.0446186 -0.00971345 0.0517473 0.0590546 0.0797407 0.0157313 0.0246774 0.0312019 0.00983997 0.0387431 0.0328445
internal_weight=13405.2 7069.27 6335.9 1371.33 4621.57 1233.79 1106.09 633.63 4964.57 2603.18 472.457 1267.67 1335.51 1203.43
internal_count=37554 20434 17120 3374 13448 3038 2636 1558 13746 7702 1078 3368 4334 3968
is_linear=0
shrinkage=0.05


Tree=26
num_leaves=15
num_cat=0
split_feature=83 83 83 56 39 53 48 50 58 31 20 46 6 50
split_gain=2464.12 511.545 333.157 234.186 187.237 230.842 395.122 215.003 197.775 186.839 163.972 154.555 194.497 130.167
threshold=4.5785037883074713 12.489401471657338 1.2631950425297429 4.8239488953889333 26.621492128678991 2.5419580419580421 26.090073529411768 18.305000000000003 23.323529411764707 0.58843750000000006 3.6181818181818186 64.332720588235318 6.768788526021182 23.053571428571434
decision_type=2 2 2 2 2 10 2 8 2 10 10 2 10 10
left_child=2 -2 -1 4 5 7 10 -3 9 -6 -7 12 -9 -4
right_child=1 3 13 -5 8 6 -8 11 -10 -11 -12 -13 -14 -15
leaf_value=-0.045173814688916347 0.0092835700677641863 0.096033768457489482 -0.025100741326848489 -0.0026766923691486557 -0.042447781090484367 0.085171906827809174 0.15249683551139295 0.073750205481602257 0.060412426164599908 0.026642580881678132 0.020010085174819031 -0.0054138670937376558 0.011530054191058698 -0.0068699795944275237
leaf_weight=1567.0032186806202 5389.6283533424139 133.85145165771246 2550.7320110052824 317.21288500726223 155.67399314790964 199.98090850561857 137.40483611822128 254.57299117743969 207.25143753737211 259.63536832481623 187.32444665580988 242.70118948072195 247.83644314855337 1590.2917479723692
leaf_count=4514 15670 327 6408 691 370 565 393 671 553 587 551 752 733 4874
internal_value=-0.00062542 0.0177666 -0.0255412 0.0372642 0.0435153 0.0536361 0.0798779 0.0378978 0.0206468 0.00070509 0.0537884 0.0273395 0.0431411 -0.0181029
internal_weight=13441.1 7733.07 5708.03 2343.45 2026.23 1403.67 524.71 878.962 622.561 415.309 387.305 745.111 502.409 4141.02
internal_count=37659 21863 15796 6193 5502 3992 1509 2483 1510 957 1116 2156 1404 11282
is_linear=0
shrinkage=0.05


Tree=27
num_leaves=15
num_cat=0
split_feature=83 83 80 27 44 27 9 31 39 70 77 27 50 30
split_gain=2299.04 499.306 301.889 215.806 178.071 173.675 215.468 209.513 164.134 160.518 151.77 139.473 136.408 150.051
threshold=6.0134553501102941 2.4646079987616738 15.795000000000002 4.4625000000000012 0.56629579542660446 14.97916666666667 16.914666666666673 0.66937500000000016 27.57152635181383 1.0000000180025095e-35 0.2876291170104221 3.1483333333333339 19.547222222222228 0.32012279765815282
decision_type=2 2 10 8 10 10 8 10 2 2 10 8 8 8
left_child=1 -1 3 4 -2 -4 -7 -8 11 -5 -6 -3 -11 -14
right_child=2 8 5 9 10 6 7 -9 -10 12 -12 -13 13 -15
leaf_value=-0.033798917511734604 0.014024004024425727 -0.019725580118831437 0.017450909181321639 0.0084519006658903256 0.023846687481680697 0.10823069276305619 0.0068792743499988254 0.080816416296681293 -0.026949038786553636 0.00064804228364368117 0.10106898550100769 0.0049542813756462585 0.0042651234148940956 0.045733066778571169
leaf_weight=3278.4315115660429 209.07901927828789 777.67800314724445 284.37591244280338 3420.2356054708362 97.277153290808201 193.27880412340164 194.53753578662872 188.19091655313969 813.47863679379225 356.58623301237822 187.20000913739204 2160.655387699604 286.56822684407234 915.64397057890892
leaf_count=9240 574 2022 779 9995 447 407 438 414 2209 933 432 6056 941 2630
internal_value=0.000135201 -0.0195472 0.0219843 0.0176495 0.049157 0.049504 0.065271 0.0433507 -0.00708798 0.014517 0.0748388 -0.00158214 0.0278108 0.0358602
internal_weight=13363.2 7030.24 6332.97 5472.59 493.556 860.383 576.007 382.728 3751.81 4979.03 284.477 2938.33 1558.8 1202.21
internal_count=37517 19527 17990 15952 1453 2038 1259 852 10287 14499 879 8078 4504 3571
is_linear=0
shrinkage=0.05


Tree=28
num_leaves=15
num_cat=0
split_feature=83 83 22 27 56 28 52 53 75 54 13 54 45 47
split_gain=2053.58 523.233 203.013 212.275 201.941 185.249 184.826 225.502 152.298 176.602 174.645 221.521 151.947 175.744
threshold=3.5172855265667362 12.153766191629588 0.91240409207161133 14.88154761904762 4.8239488953889333 0.69682352941176484 177.07142857142858 2.8516483516483522 20.445000000000004 16.035714285714288 0.68321858981226946 20.591666666666672 24.912878787878793 0.54722876875815929
decision_type=2 2 10 10 2 8 8 10 8 8 8 10 10 2
left_child=5 6 4 -4 8 -1 7 -2 9 -3 -10 -12 13 -11
right_child=1 2 3 -5 -6 -7 -8 -9 10 12 11 -13 -14 -15
leaf_value=-0.041810030241941278 -0.0029063830281285709 -0.027027195543099347 0.032674905812089698 0.11592652717076385 -0.012871668771583628 -0.020377668722122978 0.0042584267318910877 0.081741370229606994 0.039372356537150377 0.081453909324334856 0.17802807798896514 0.045518190886854153 0.0065507235135555926 0.030088225416197267
leaf_weight=1513.7837613299489 143.70160671323538 142.9737713187933 167.11456970125437 142.08908858895302 266.04051697254181 3028.6785916760564 6007.0559478402138 172.70610764622688 333.14893119782209 222.8188334107399 59.432281143963337 67.934435725212097 418.94412761926651 660.38359975814819
leaf_count=4384 370 333 394 305 604 8262 17458 380 1310 460 277 362 1013 1547
internal_value=-0.000226315 0.0138609 0.0333162 0.0711821 0.0278946 -0.0275277 0.00622397 0.0434092 0.0335896 0.0255791 0.058617 0.108256 0.0313715 0.0431245
internal_weight=13346.8 8804.34 2480.88 309.204 2171.68 4542.46 6323.46 316.408 1905.64 1445.12 460.516 127.367 1302.15 883.202
internal_count=37459 24813 6605 699 5906 12646 18208 750 5302 3353 1949 639 3020 2007
is_linear=0
shrinkage=0.05


Tree=29
num_leaves=15
num_cat=0
split_feature=36 30 3 51 39 50 51 46 22 31 77 41 74 25
split_gain=1815.31 401.65 222.721 238.819 191.211 171.742 188.303 194.194 164.647 241.144 159.661 133.507 130.495 125.843
threshold=0.20160754336815181 0.084743688154504102 18.130303030303036 4.2862394957983208 25.227926078028748 28.576190476190479 4.8697958712951221 63.968750000000007 0.7421798631476052 0.48677083333333337 0.19772415084915088 53.500000000000007 3.5000000000000004 0.10275252525252529
decision_type=10 8 10 10 2 10 8 2 10 10 8 8 2 10
left_child=1 -1 5 -4 -5 6 13 8 12 -10 -3 -12 -8 -2
right_child=2 10 3 4 -6 -7 7 -9 9 -11 11 -13 -14 -15
leaf_value=-0.030539329912823855 0.0032626838874154568 -0.014090634346107817 0.019215108482686181 0.11804823784363645 0.042761036145155508 0.044973418337215187 0.010439557262387909 0.0045394867326269874 0.037149307115268738 0.12773245979768721 0.045615777815500094 0.00043504283831500369 0.065264174831636101 0.027179797069643491
leaf_weight=2978.1353560686111 2726.5014425516129 2829.6277221739292 374.28196612745523 154.78659335523844 187.91179126501083 501.22346188127995 345.37349854409695 455.0060102045536 180.84113165736198 124.18528749793768 182.78122349828482 1482.4000529572368 157.61234276741743 688.08131587505341
leaf_count=8385 7550 6748 1067 463 415 1648 824 1238 461 288 601 5435 377 1999
internal_value=6.28284e-05 -0.0163016 0.0208041 0.0469086 0.0770105 0.0171817 0.0141947 0.0306825 0.0453803 0.0743253 -0.00686343 0.00541878 0.0277144 0.00808883
internal_weight=13368.7 7472.94 5895.8 716.98 342.698 5178.82 4677.6 1263.02 808.012 305.026 4494.81 1665.18 502.986 3414.58
internal_count=37499 21169 16330 1945 878 14385 12737 3188 1950 749 12784 6036 1201 9549
is_linear=0
shrinkage=0.05


Tree=30
num_leaves=15
num_cat=0
split_feature=83 83 83 83 79 7 7 12 19 50 20 5 47 41
split_gain=1797.57 396.726 281.23 186.434 227.103 182.547 216.449 141.096 139.285 145.358 144.706 112.304 181.646 160.407
threshold=4.4650591871359273 9.1264704812748949 1.3881080460907607 17.921299430216241 0.38602590380234952 10.432542857142858 9.9274166666666677 0.5993700592885377 18.516666666666669 21.825227272727279 -2.9473777915644031e-16 5.8166666666666673 0.58303084835533392 72.000000000000014
decision_type=2 2 2 2 8 8 10 8 10 10 8 10 2 10
left_child=2 11 -1 5 7 6 -3 -5 10 -10 -7 12 13 -2
right_child=1 3 -4 4 -6 8 -8 -9 9 -11 -12 -13 -14 -15
leaf_value=-0.038005071199290454 -0.026539847371138181 0.032157957576940378 -0.013891153605287337 -0.0164946157518257 0.099766889242363516 0.064683674159095178 0.10474432920315224 0.054105921061705413 0.012978086510816063 0.092454690963502062 0.0112542364671661 -0.0081936699028883186 0.025189010196409956 0.011354917193347046
leaf_weight=1770.963877543807 456.29160288721323 589.84230500459671 3813.4192311093211 109.90986469388008 178.37347708642483 132.02749463170767 123.87224791198969 195.79650275409222 111.61172082275152 118.56824582070112 2704.2087912335992 1335.0906926840544 1054.4643261730671 716.34664048999548
leaf_count=5119 1227 1754 10323 319 464 418 378 569 344 388 7174 4032 3290 1754
internal_value=0.000125046 0.0155872 -0.0215438 0.0258744 0.0550713 0.0221219 0.044885 0.0287521 0.0168109 0.0541402 0.0137633 0.00326886 0.0101409 -0.00340057
internal_weight=13410.8 7826.4 5584.38 4264.21 484.08 3780.13 713.715 305.706 3066.42 230.18 2836.24 3562.19 2227.1 1172.64
internal_count=37553 22111 15442 11808 1352 10456 2132 888 8324 732 7592 10303 6271 2981
is_linear=0
shrinkage=0.05


Tree=31
num_leaves=15
num_cat=0
split_feature=36 28 48 58 48 13 71 26 57 21 21 58 81 47
split_gain=1419.62 407.607 256.097 262.02 166.689 147.147 145.883 149.313 146.046 158.405 143.684 180.604 143.299 140.171
threshold=0.2450792038235973 3.3868374999999999 25.454044117647062 17.911764705882359 17.545955882352946 0.028970230563859344 0.096781837210804592 13.500000000000002 212.81617647058826 5.5300120048019217 5.4971910112359561 21.093750000000004 11.835000000000003 0.57946432967357608
decision_type=10 8 2 2 2 8 2 2 2 8 8 2 8 2
left_child=1 -1 4 -4 10 -3 7 -5 -9 -10 11 -2 -11 -6
right_child=2 5 3 6 13 -7 -8 8 9 12 -12 -13 -14 -15
leaf_value=-0.025995827869141654 0.093252930902880796 -0.022259672364427257 0.096306482888472489 0.053999240730834744 -0.0019022739890220547 0.00080085934843837452 0.074255097058150393 -0.035609651538039647 0.0034170863834438862 0.013843485449487578 -0.00074248556353660245 0.025714082859040262 0.09136764855929902 0.019066544271902353
leaf_weight=3563.1971025541425 170.20729401707649 847.51443407684565 170.1541203558445 293.60375756770372 1554.8323549553752 3743.9880401492119 163.00889953225851 131.72157812863588 421.74055371433496 114.73364095389843 168.86875379830599 237.26618191599846 124.01551704853773 1633.7730204463005
leaf_count=9583 430 2630 511 1054 3885 10988 543 276 1065 263 545 665 361 4689
internal_value=-0.000303874 -0.0133088 0.0201525 0.0382492 0.0133236 -0.00345965 0.0302681 0.0236023 0.0122829 0.0218735 0.0380472 0.0540852 0.0543257 0.00884431
internal_weight=13338.6 8154.7 5183.93 1418.98 3764.95 4591.5 1248.82 1085.82 792.211 660.49 576.342 407.473 238.749 3188.61
internal_count=37488 23201 14287 4073 10214 13618 3562 3019 1965 1689 1640 1095 624 8574
is_linear=0
shrinkage=0.05


Tree=32
num_leaves=15
num_cat=0
split_feature=83 83 22 27 31 76 43 9 29 6 73 10 29 28
split_gain=1506.79 472.283 157.185 357.151 239.327 148.925 133.252 118.661 189.276 164.89 176.209 171.484 167.586 152.368
threshold=7.3614833848547123 2.4646079987616738 0.88603896103896107 14.88154761904762 0.48677083333333337 1.0640085929108489 58.038461538461547 15.19916666666667 0.099375654884241257 9.2003363971871348 14.500000000000002 0.12764149897717803 0.13402944418021967 13.564218137254903
decision_type=2 2 10 10 8 10 8 10 10 8 2 10 10 8
left_child=1 -1 6 4 5 -4 -2 8 -8 10 12 -11 13 -9
right_child=2 -3 3 -5 -6 -7 7 9 -10 11 -12 -13 -14 -15
leaf_value=-0.028207499461706417 -0.0060534139471938447 -0.0035049236937795881 -0.02928068184740526 0.093387628714692694 0.051428483684762105 0.040325589485599334 0.02357652858771293 0.053990528227974621 -0.0051699978532743635 0.043806592197611752 0.076069054990388213 -0.026063036146273838 0.073962092595980966 -0.0084394238721045758
leaf_weight=3247.6862355843186 552.84771833568811 4785.3630324527621 241.58688013255596 230.3665703907609 340.78328303992748 111.49523493647575 1737.7163065969944 147.0034781768918 853.33888749033213 153.93616256117821 294.4328540712595 201.7414245903492 150.05781364440918 287.11716789007187
leaf_count=9173 1186 13227 709 476 874 259 5317 462 2571 470 750 628 416 886
internal_value=0.000160155 -0.0134942 0.0208448 0.0395766 0.0216023 -0.00724881 0.0168825 0.0201979 0.0141108 0.0329544 0.0445709 0.00421436 0.0285926 0.0127763
internal_weight=13335.5 8033.05 5302.42 924.232 693.865 353.082 4378.19 3825.34 2591.06 1234.29 878.611 355.678 584.178 434.121
internal_count=37404 22400 15004 2318 1842 968 12686 11500 7888 3612 2514 1098 1764 1348
is_linear=0
shrinkage=0.05


Tree=33
num_leaves=15
num_cat=0
split_feature=83 83 48 59 22 46 81 83 53 20 48 42 5 3
split_gain=1369.87 340.775 206.356 202.033 172.509 225.33 240.981 166.767 153.504 151.256 132.241 225.103 110.568 121.074
threshold=3.7936872003822506 9.5582540104059746 25.058823529411768 1.0000000180025095e-35 0.7181292885518239 64.264705882352956 10.875000000000002 0.8214144828343205 2.2583333333333337 4.9160839160839176 17.545955882352946 10.500000000000002 22.683333333333337 12.369696969696973
decision_type=2 2 2 2 8 2 8 2 10 10 2 2 10 10
left_child=7 -2 10 4 -4 6 -6 -1 -7 -5 11 -3 13 -12
right_child=1 2 3 9 5 8 -8 -9 -10 -11 12 -13 -14 -15
leaf_value=-0.039924040184379048 0.0027651311839325269 0.020186427281416078 0.0041679844744029011 0.0054769231517677085 0.15681055199913038 0.0041594450771129934 0.055849932267808079 -0.016522621244847512 0.078973119418115009 0.059841544857865636 0.019694708453903753 0.10349859116301557 0.048546512016972514 -0.00444064243080948
leaf_weight=945.63959276676178 4497.6712244227529 349.96106386184692 114.81077464669943 482.84244594722986 121.01342679560184 140.21243349462748 117.95176972448826 3909.1593835428357 133.39861691743135 173.18660379946232 975.54703997820616 104.81683272123337 171.20469758659601 1109.8901933580637
leaf_count=2568 12962 1013 424 1465 274 371 355 10906 365 459 2640 299 457 2902
internal_value=9.51301e-05 0.0122057 0.0228313 0.0393439 0.0596136 0.0720004 0.107417 -0.0210881 0.0407895 0.019898 0.0150037 0.0395731 0.0100369 0.00685367
internal_weight=13347.3 8492.51 3994.84 1283.42 627.387 512.576 238.965 4854.8 273.611 656.029 2711.42 454.778 2256.64 2085.44
internal_count=37460 23986 11024 3713 1789 1365 629 13474 736 1924 7311 1312 5999 5542
is_linear=0
shrinkage=0.05


Tree=34
num_leaves=15
num_cat=0
split_feature=83 83 53 50 52 13 12 54 20 83 47 20 3 52
split_gain=1232.93 380.781 146.153 167.108 139.208 124.291 361.637 389.158 152.663 111.204 105.462 105.297 217.912 120.266
threshold=3.0751075699607653 9.1264704812748949 2.5166666666666671 30.83666666666667 173.08333333333334 0.67751848219959554 0.72723982604441761 22.809090909090912 -2.673787117638918e-16 1.3624830711510436 0.58417704423311578 1.0000000180025095e-35 7.1062500000000011 247.91428571428574
decision_type=2 2 8 10 8 10 10 10 8 2 2 8 8 8
left_child=9 2 -2 4 -4 8 7 -7 -3 -1 -8 -10 -13 -14
right_child=1 5 3 -5 -6 6 10 -9 11 -11 -12 12 13 -15
leaf_value=-0.032201223835777032 -0.006311319883383096 0.059611065173586046 0.058133711685644164 0.070342355030613118 0.0043922929722844803 0.1404175178577925 -0.035658957958442282 0.01531654571345183 -0.018461513058666005 -0.015447781908456743 0.031761633386115838 0.085555753161409898 0.0066501498871924386 0.025987181436175899
leaf_weight=1719.3979290649295 2842.0848370268941 211.40815068036318 127.24095763266087 110.84309569001198 2000.7045141384006 143.42368062585592 108.56221042573452 109.62060564756393 208.41097931563854 2343.6806611642241 122.25483059883118 114.6522513628006 1722.3940187618136 1508.7013392597437
leaf_count=5001 8139 640 253 374 5628 410 354 328 594 6381 474 337 4080 4537
internal_value=0.000441823 0.0104527 0.00121429 0.0107664 0.00763157 0.0214957 0.0453363 0.0864965 0.0184211 -0.0225436 3.40807e-05 0.015955 0.0181037 0.0156845
internal_weight=13393.4 9330.3 5080.87 2238.79 2127.95 4249.43 483.861 253.044 3765.57 4063.08 230.817 3554.16 3345.75 3231.1
internal_count=37530 26148 14394 6255 5881 11754 1566 738 10188 11382 828 9548 8954 8617
is_linear=0
shrinkage=0.05


Tree=35
num_leaves=15
num_cat=0
split_feature=36 12 33 82 58 51 76 77 52 58 12 20 76 50
split_gain=1017.64 252.011 177.259 325.883 180.6 223.772 163.507 147.193 144.927 176.592 130.042 185.309 158.243 152.81
threshold=0.16632236599519004 0.01246228734715577 4.6018099547511309 18.655000000000005 20.363970588235297 4.2477869173521361 0.93872999123553635 0.20712320445937255 177.07142857142858 20.332720588235297 0.64877131980172831 2.3484848484848491 1.2038713303014854 19.621111111111112
decision_type=10 8 10 8 2 8 10 10 8 2 10 10 10 8
left_child=1 -1 8 6 -5 -6 -4 -3 9 -2 12 -12 -10 -14
right_child=2 7 3 4 5 -7 -8 -9 10 -11 11 -13 13 -15
leaf_value=-0.028571094805739574 0.084318915851327197 -0.010611104224121339 -0.028382774638943294 0.12921173940431693 -0.0070730111166255483 0.094283853544045032 0.035611449574198858 0.016748736828879743 0.0025451014120036058 0.0050038876933041695 -0.019008530145927231 0.058438853917848546 -0.0062421154013240195 0.036059762923225852
leaf_weight=2001.1873435154557 144.59028109908104 4312.4759949967265 178.14125609397888 102.82452503591776 98.77289380133152 120.01026174426079 224.47665199637413 553.91023775935173 3986.5752041637897 135.74224207550287 105.93791019916534 280.09194968640804 295.64955192804337 764.73481793701649
leaf_count=5803 343 12311 355 274 341 352 455 1340 11770 311 345 936 592 1883
internal_value=-0.000252057 -0.0136391 0.0140292 0.037318 0.0747625 0.0487008 0.00729657 -0.0074941 0.011071 0.0460674 0.00925715 0.0371908 0.00711362 0.0242707
internal_weight=13305.1 6867.57 6437.55 724.226 321.608 218.783 402.618 4866.39 5713.32 280.333 5432.99 386.03 5046.96 1060.38
internal_count=37411 19454 17957 1777 967 693 810 13651 16180 654 15526 1281 14245 2475
is_linear=0
shrinkage=0.05


Tree=36
num_leaves=15
num_cat=0
split_feature=83 3 53 20 7 39 80 29 36 48 80 77 44 46
split_gain=956.433 252.435 237.365 201.677 323.766 149.166 155.423 203.746 145.802 139.847 180.285 135.257 125.946 136.972
threshold=3.7936872003822506 18.581666666666671 1.5166666666666668 6.7846153846153854 18.797300000000003 31.423682409308697 7.455000000000001 0.048866904358302883 0.18254048706084017 17.593750000000004 10.975000000000003 0.68852697790615325 0.47714371505783787 64.150735294117666
decision_type=2 10 8 10 10 2 8 10 10 2 8 10 8 2
left_child=8 5 -3 4 -4 6 7 -2 -1 10 -8 -12 -11 -14
right_child=1 2 3 -5 -6 -7 9 -9 -10 12 11 -13 13 -15
leaf_value=-0.018914397161465674 0.0093012088204539912 0.10290783327768992 0.10475246095633001 -0.012952235405046229 0.0039977109377000129 -0.028012280777330534 0.085664898815660542 -0.021381214527360526 0.039529760116534265 -0.026676954248620655 0.0067124773143293808 0.074640838744341464 0.019986445867848486 0.0021174474850799169
leaf_weight=4766.3117235302925 1514.013524517417 121.31860856711864 146.57724951207638 206.79991788417101 173.61964783072472 281.20550400018692 142.08629430830479 840.65240205824375 108.25255963951349 211.78115849941969 349.15391933917999 91.830338016152382 2632.2976405248046 1809.7175349593163
leaf_count=13164 3505 344 343 569 514 898 334 1936 328 551 1223 225 7451 6109
internal_value=5.34933e-05 0.0101582 0.0401241 0.0255033 0.050303 0.00768574 0.00901158 -0.00165732 -0.0176086 0.0138081 0.0368736 0.0209947 0.0109109 0.0127086
internal_weight=13395.6 8521.05 648.315 526.997 320.197 7872.74 7591.53 2354.67 4874.56 5236.87 583.071 440.984 4653.8 4442.02
internal_count=37494 24002 1770 1426 857 22232 21334 5441 13492 15893 1782 1448 14111 13560
is_linear=0
shrinkage=0.05


Tree=37
num_leaves=15
num_cat=0
split_feature=36 30 77 41 22 20 79 46 48 56 52 50 47 47
split_gain=905.652 250.09 150.457 186.881 207.821 179.293 191.942 278.484 225.315 173.212 157.441 149.74 133.537 169.189
threshold=0.2450792038235973 0.052555518611964079 0.5834828765421961 73.500000000000014 0.88493064312736458 6.7846153846153854 0.38602590380234952 64.514705882352956 24.97058823529412 4.2429188563284947 177.07142857142858 28.479166666666668 0.60520037460129072 0.56580871875878758
decision_type=10 8 10 10 10 10 10 2 2 2 8 10 2 2
left_child=1 -1 10 4 5 6 7 8 12 -5 -2 -12 13 -4
right_child=2 -3 3 9 -6 -7 -8 -9 -10 -11 11 -13 -14 -15
leaf_value=-0.02268619546038439 0.059562313800466976 -0.0038448765760305866 0.071225800187037377 0.036147040456776296 0.083754677176240327 -0.026320308236789148 0.0020461811141566344 0.0089360236312960323 0.12633852369187559 -0.015310443892835486 0.0033018247507351872 0.040853081456347091 0.095610273956610647 -0.0055223337451855868
leaf_weight=2562.9837906807661 149.99630790948868 5626.9648865312338 140.62982080876827 272.66513901948929 204.97815088927746 128.39956615865231 306.34894393384457 290.71992740035057 131.87943714857101 405.46218158304691 2575.118286266923 295.02625863999128 117.78682744503021 145.39002558588982
leaf_count=7289 384 15959 329 627 384 316 548 745 325 844 7916 1069 315 389
internal_value=0.00059618 -0.00974318 0.0169915 0.0271179 0.0371513 0.0295163 0.0358631 0.0483815 0.0697322 0.00540262 0.00979536 0.00717466 0.0509787 0.0323298
internal_weight=13354.3 8189.95 5164.4 2144.26 1466.13 1261.15 1132.75 826.406 535.686 678.127 3020.14 2870.14 403.807 286.02
internal_count=37439 23248 14191 4822 3351 2967 2651 2103 1358 1471 9369 8985 1033 718
is_linear=0
shrinkage=0.05


Tree=38
num_leaves=15
num_cat=0
split_feature=83 3 48 83 70 66 56 30 31 6 55 22 20 56
split_gain=769.02 216.34 187.714 156.6 151.001 177.809 165.5 184.613 135.364 171.388 124.015 124.379 109.307 150.679
threshold=5.0097300866204453 18.581666666666671 27.634191176470591 1.3881080460907607 1.0000000180025095e-35 8.5000000000000018 4.2018518518518526 0.55162393500050488 0.72312500000000013 6.5874221997760287 22.193750000000005 0.79674258474576287 -2.673787117638918e-16 4.1350688068194712
decision_type=2 10 2 2 2 2 2 10 10 10 2 10 8 2
left_child=3 4 8 -1 12 6 7 10 9 -3 11 -6 13 -2
right_child=1 2 -4 -5 5 -7 -8 -9 -10 -11 -12 -13 -14 -15
leaf_value=-0.026427244432580949 0.07678385515654533 0.049728532209088662 0.094020474158748799 -0.0087433476955015351 0.027529806064913301 -0.019699546711991651 0.011222899932969639 0.09809676374867099 0.069515771037686386 -0.018089631046957988 0.01002672307576011 0.090874533665067717 0.00021989540766675534 0.0052747792946160124
leaf_weight=1759.9310601726174 112.56609123945236 157.68040600419044 120.78820193558931 4337.356514967978 193.22540500760078 265.0472276955843 1072.3303193822503 120.7353702262044 126.15222868323326 224.74434758722782 342.9809361025691 129.896529763937 4181.0989481061697 210.14155755192041
leaf_count=5075 394 419 330 11791 480 807 2974 391 327 645 1162 303 11748 631
internal_value=-0.000762229 0.0102348 0.038227 -0.0138512 0.00757144 0.0185571 0.0240187 0.0414209 0.0248174 0.00992975 0.0310164 0.0531965 0.00238709 0.0303785
internal_weight=13354.7 7257.39 629.365 6097.29 6628.02 2124.22 1859.17 786.838 508.577 382.425 666.103 323.122 4503.81 322.708
internal_count=37477 20611 1721 16866 18890 6117 5310 2336 1391 1064 1945 783 12773 1025
is_linear=0
shrinkage=0.05


Tree=39
num_leaves=15
num_cat=0
split_feature=83 75 52 75 48 79 31 50 33 11 58 83 48 41
split_gain=901.175 235.606 175.221 199.291 173.93 169.733 154.287 131.403 134.872 121.766 161.455 120.099 116.793 112.416
threshold=3.7936872003822506 20.010000000000002 177.07142857142858 6.4650000000000007 15.181985294117649 0.062442079324043644 0.80611607142857145 22.223214285714288 3.215384615384616 0.018902966318405674 29.93933823529412 0.64387789816086938 19.363970588235297 14.000000000000002
decision_type=2 10 8 8 2 10 10 8 8 8 2 2 2 8
left_child=11 2 5 -4 -5 -2 7 12 9 -9 -11 -1 -6 -14
right_child=1 -3 3 4 6 -7 -8 8 -10 10 -12 -13 13 -15
leaf_value=-0.035655836949675897 0.0053778847768267196 0.063319718244941967 -0.0056340536486816249 0.069550764000359533 -0.016580430311916312 0.067025468249931261 -0.047847028429725866 0.063421491770429536 0.031278924421717445 0.010804775953617701 -0.057288998934286489 -0.012996594665712647 0.054603862004773712 0.0061829459879976234
leaf_weight=680.48791933059692 200.4531706571579 207.65592496097088 2047.8375985622406 129.63362069427967 554.7747467905283 251.57926668226719 107.60552916675806 101.13193064182997 1313.3518859222531 1666.5328545793891 90.858755506575108 4145.0449779927731 127.85491026192904 1725.5587441027164
leaf_count=1851 493 528 4758 390 1388 547 349 347 4071 5610 210 11584 342 5006
internal_value=0.00106559 0.0108389 0.00952114 0.00777838 0.0125001 0.0397601 0.0111878 0.0123345 0.0190186 0.0103425 0.00725369 -0.0161987 0.00352659 0.00955083
internal_weight=13350.4 8524.83 8317.17 7865.14 5817.3 452.032 5687.67 5580.06 3171.88 1858.52 1757.39 4825.53 2408.19 1853.41
internal_count=37474 24039 23511 22471 17713 1040 17323 16974 10238 6167 5820 13435 6736 5348
is_linear=0
shrinkage=0.05


Tree=40
num_leaves=15
num_cat=0
split_feature=83 83 25 54 44 46 51 73 48 32 41 14 29 30
split_gain=755.594 223.568 144.013 135.894 114.204 133.899 207.778 249.92 204.955 189.416 151.666 149.535 184.07 110.394
threshold=3.7036567883512084 11.28046422672743 -0.035999999999999983 24.480769230769234 0.48313510019392375 64.514705882352956 4.2738578097497522 14.500000000000002 21.941176470588239 0.087121212121212141 49.000000000000007 0.63767857142857154 0.1127030710714879 0.17989543576291628
decision_type=2 2 8 10 8 2 10 2 2 8 8 8 10 10
left_child=13 -2 3 -3 -4 6 9 8 -8 -6 -10 12 -7 -1
right_child=1 2 4 -5 5 11 7 -9 10 -11 -12 -13 -14 -15
leaf_value=-0.01846283249572412 0.0026282960706011291 -0.017545855765598833 -0.014876142522596732 0.031166363178294316 0.009965665621507698 0.0065984304458536758 0.0047498609650548293 0.1136305487691997 0.10275167992672019 0.070226097336464427 0.026948173926700722 -0.01722480954379647 0.088157354106729258 0.010980237415284182
leaf_weight=4430.4580370411277 5649.9560704752803 428.98936247825623 162.75092345476151 213.64621474593878 733.31028918176889 220.74198834598064 221.28849603235722 153.06790873408318 150.94418028742075 157.73759278655052 118.29473730921745 291.0615045055747 99.878228768706322 342.36053383350372
leaf_count=12217 16376 1163 371 603 1889 735 537 394 374 423 312 847 306 1020
internal_value=-0.000396584 0.00845582 0.0196058 -0.00132806 0.0254299 0.0284917 0.0363726 0.0580053 0.0404517 0.0207 0.0696691 0.00869228 0.0322004 -0.016349
internal_weight=13374.5 8601.67 2951.71 642.636 2309.08 2146.32 1534.64 643.595 490.527 891.048 269.239 611.682 320.62 4772.82
internal_count=37567 24330 7954 1766 6188 5817 3929 1617 1223 2312 686 1888 1041 13237
is_linear=0
shrinkage=0.05


Tree=41
num_leaves=15
num_cat=0
split_feature=83 77 22 56 48 52 52 6 58 27 33 19 41 50
split_gain=704.035 220.457 242.987 240.651 191.597 191.304 190.214 159.179 165.633 436.72 230.453 224.797 136.39 125.327
threshold=3.6107365349985083 0.5834828765421961 0.90661337209302328 4.3986952588278543 15.029411764705884 226.35416666666671 152.08333333333334 9.1165941636238585 22.029411764705888 15.903365384615386 1.9411764705882355 14.679487179487181 105.50000000000001 19.190909090909095
decision_type=2 10 10 2 2 8 8 10 2 8 10 10 8 10
left_child=-1 4 3 7 -2 -5 -6 8 9 10 -3 -10 13 -7
right_child=1 2 -4 5 6 12 -8 -9 11 -11 -12 -13 -14 -15
leaf_value=-0.016070056641998752 0.070125767427271543 0.065595206421014254 0.06697249563299372 -0.040789211826201266 0.063594104584401984 -0.0083988387294656654 0.0010208879446659256 -0.0082928854300294876 0.042269790091483218 0.11020402326416652 -0.016148073065875283 -0.034351883854963135 -0.028722591039928594 0.053064229722488657
leaf_weight=4666.8243317529559 104.64782399684191 155.02399869263172 259.54618962109089 264.18239076435566 122.85733875632286 136.27729976177216 6256.0914949178696 226.63725884258747 256.58892934024334 221.96868449449539 192.03947597742081 151.41942727565765 144.78225354850292 209.94388490915298
leaf_count=12928 363 344 546 513 272 285 18837 554 641 491 424 345 339 594
internal_value=-0.000403831 0.00799874 0.0216004 0.0155575 0.00334223 -0.00656349 0.00223582 0.0294301 0.03818 0.0555921 0.020448 0.0138196 0.011897 0.028917
internal_weight=13368.8 8702.01 2218.41 1958.86 6483.6 755.186 6378.95 1203.68 977.041 569.032 347.063 408.008 491.003 346.221
internal_count=37476 24548 5076 4530 19472 1731 19109 2799 2245 1259 768 986 1218 879
is_linear=0
shrinkage=0.05


Tree=42
num_leaves=15
num_cat=0
split_feature=83 13 12 54 48 52 56 20 48 39 54 52 79 46
split_gain=539.804 153.737 157.061 201.271 152.675 177.468 201.186 195.637 153.878 165.657 232.415 235.188 196.488 167.738
threshold=5.0097300866204453 0.67751848219959554 0.72723982604441761 22.809090909090912 25.424632352941178 197.37500000000003 4.3605422573208426 1.4606060606060607 25.656250000000004 26.621492128678991 21.966666666666672 213.04166666666671 0.39181920657204422 65.97058823529413
decision_type=2 10 10 10 2 8 2 10 2 2 8 10 10 2
left_child=-1 4 3 -3 5 6 7 -2 -6 13 11 -11 -12 -10
right_child=1 2 -4 -5 8 -7 -8 -9 9 10 12 -13 -14 -15
leaf_value=-0.011121735060249906 0.081004760647320997 0.10350539131002315 0.0058291666901089164 0.015116946429255682 0.076997534089034647 -0.0013715246439576897 -0.01695870501288254 0.013058939958268557 0.039460885292767332 -0.014275893812680818 -0.004254934192662283 0.077126972085335421 -0.077855946069483054 -0.0026974051858129995
leaf_weight=6133.1345633193851 206.88787957280874 138.8084938377142 228.03923751413822 120.15613521635532 106.58656955510378 4192.5107573792338 177.58872152864933 216.97303536534309 810.67508312314749 139.4352053552866 295.68880428373814 140.56077586114407 129.86899086833 332.46227899193764
leaf_count=17002 468 394 812 352 414 12037 436 472 2216 310 898 447 195 1142
internal_value=-0.00020961 0.00903931 0.0361422 0.0627102 0.00707858 0.00227453 0.0276501 0.0463361 0.01885 0.0154577 -0.00359209 0.0317204 -0.0268459 0.0272082
internal_weight=13369.4 7236.24 487.004 258.965 6749.24 4793.96 601.45 423.861 1955.28 1848.69 705.554 279.996 425.558 1143.14
internal_count=37595 20593 1558 746 19035 13413 1376 940 5622 5208 1850 757 1093 3358
is_linear=0
shrinkage=0.05


Tree=43
num_leaves=15
num_cat=0
split_feature=83 10 41 55 10 48 55 55 18 20 57 50 47 57
split_gain=527.89 233.016 177.645 245.213 231.636 196.169 274.837 220.339 241.546 285.738 203.482 182.692 201.766 186.888
threshold=2.5526537432989733 0.081389042326187697 181.50000000000003 22.173529411764708 0.091792171580667659 21.424632352941178 19.361764705882354 19.67261029411765 3.9666666666666672 3.1547619047619055 242.11948529411768 24.763961038961039 0.58902408679207741 202.18198529411768
decision_type=2 8 8 2 8 2 2 2 10 10 2 10 2 2
left_child=-1 -2 3 4 -3 6 -6 -7 -9 -10 -8 12 13 -5
right_child=1 2 -4 11 5 7 10 8 9 -11 -12 -13 -14 -15
leaf_value=-0.016956343183491041 -0.00111376697929565 0.080013881375472773 -0.0056539798599381953 -0.076062897815714625 0.052786193555839848 0.0090091514551593858 0.017393504244900698 0.031772308743797426 0.1534101652515367 0.040584341683785642 -0.048161425298726621 0.030604684650383254 0.021992824174478284 -0.0087860758503848137
leaf_weight=3412.0233307778835 5468.7576040104032 224.06030768156052 898.15267038345337 120.00607947260141 212.75995109975338 318.29542673379183 234.9952342659235 293.95730379968882 119.5091899856925 106.82612996548414 236.72927232086658 553.83651123195887 483.4080985635519 705.11421101540327
leaf_count=9592 15237 524 2773 220 457 724 478 688 377 284 637 1899 1554 2023
internal_value=1.76408e-05 0.00582402 0.0142394 0.0191897 0.0326396 0.0256224 0.00574627 0.0418198 0.0618364 0.100571 -0.0155367 0.00656128 -0.00363073 -0.0186511
internal_weight=13388.4 9976.41 4507.65 3609.5 1747.13 1523.07 684.484 838.588 520.293 226.335 471.725 1862.36 1308.53 825.12
internal_count=37467 27875 12638 9865 4169 3645 1572 2073 1349 661 1115 5696 3797 2243
is_linear=0
shrinkage=0.05


Tree=44
num_leaves=15
num_cat=0
split_feature=13 14 56 51 80 70 41 6 33 19 20 39 54 47
split_gain=467.379 133.113 163.36 196.664 215.613 152.224 272.789 142.369 188.663 133.425 197.813 128.246 126.345 123.459
threshold=0.053413862949488133 0.58480769230769247 4.6442340312106243 4.7229107512853972 15.795000000000002 0.34915326456470758 86.500000000000014 5.3183252340347513 5.8786764705882364 17.522727272727277 3.5857142857142863 25.357973990417523 21.679487179487186 0.56374553716325881
decision_type=8 10 2 10 8 2 8 8 8 10 10 2 10 2
left_child=-1 5 3 7 -5 -2 -7 -3 9 10 11 -9 -11 -4
right_child=1 2 13 4 -6 6 -8 8 -10 12 -12 -13 -14 -15
leaf_value=-0.016053875241595943 0.00050375982688873771 0.050748048975044625 -0.047007674522012016 0.018433233160493306 0.1045544045050133 0.080724480412881133 0.0070741960021920031 0.046848373209880223 0.054110342909386488 0.071126652442845856 -0.050839666650697196 -0.017559235057070421 -0.0073420291108747581 0.0091603419780785789
leaf_weight=3405.8247896432877 7343.9822184666991 236.32421433180571 144.67703623324633 144.02565871179104 146.78064496815205 166.13075716048479 508.38385294377804 132.67399010807276 174.05163609236479 99.121930524706841 235.66216938942671 182.3492027670145 104.85175317525864 297.13754066079855
leaf_count=9813 20562 642 310 323 439 468 1575 378 491 285 630 478 324 748
internal_value=-7.64821e-05 0.00541222 0.0173168 0.0253944 0.0621111 0.00259307 0.0253067 0.016184 0.00734356 -0.00349988 -0.0162935 0.00962884 0.0309511 -0.00929711
internal_weight=13322 9916.15 1897.66 1455.84 290.806 8018.5 674.515 1165.03 928.711 754.659 550.685 315.023 203.974 441.815
internal_count=37466 27653 5048 3990 762 22605 2043 3228 2586 2095 1486 856 609 1058
is_linear=0
shrinkage=0.05


Tree=45
num_leaves=15
num_cat=0
split_feature=83 83 31 70 31 56 52 48 53 2 39 21 48 20
split_gain=442.339 154.766 131.652 130.085 180.013 141.838 177.147 161.022 229.556 107.564 152.595 185.692 152.41 144.915
threshold=6.6638894461791223 1.2631950425297429 0.82394117647058829 1.0000000180025095e-35 0.75884615384615406 4.6442340312106243 197.37500000000003 25.485294117647062 2.379807692307693 1.0000000180025095e-35 26.930869267624917 4.3256940806705089 24.97058823529412 4.9160839160839176
decision_type=2 2 10 2 10 2 8 2 8 2 2 8 2 10
left_child=1 -1 3 4 9 6 -5 -8 -9 10 12 -12 -2 -14
right_child=2 -3 -4 5 -6 -7 7 8 -10 -11 11 -13 13 -15
leaf_value=-0.022441144439781957 0.0066101057997224018 -0.0047508557889541225 -0.039671910156293455 0.076784895365563974 0.064965961236127648 -0.003896274999626869 0.011678563773312277 0.0096452944300580712 0.093126292576003342 -0.010462041621392245 0.03033096580064646 -0.025308753645536648 0.024568110011562026 0.08496589348742789
leaf_weight=1561.1007455065846 1404.1875846162438 5933.347488231957 129.71703980118036 175.35483857244253 124.26291088759899 398.66651704162359 863.95283348858356 159.864287763834 169.39490032941103 954.86261415481567 204.702671661973 552.79177617281675 545.10261764377356 120.91047684848309
leaf_count=4512 3888 16381 418 403 271 1046 2529 526 558 2866 664 1465 1507 363
internal_value=-0.000413906 -0.00843826 0.00994767 0.0110888 0.00599421 0.0223417 0.0299822 0.0230455 0.0527459 0.00404024 0.00893937 -0.0102527 0.0159634 0.0356439
internal_weight=13298.2 7494.45 5803.77 5674.05 3906.82 1767.23 1368.57 1193.21 329.259 3782.56 2827.7 757.494 2070.2 666.013
internal_count=37397 20893 16504 16086 11024 5062 4016 3613 1084 10753 7887 2129 5758 1870
is_linear=0
shrinkage=0.05


Tree=46
num_leaves=15
num_cat=0
split_feature=83 39 10 39 56 33 46 48 56 41 43 39 52 28
split_gain=433.104 184.109 160.687 174.183 226.528 235.834 214.506 172.25 115.447 203.59 182.852 216.159 176.974 205.634
threshold=3.0751075699607653 31.733059548254623 0.081389042326187697 23.778234086242303 3.8888199106041434 3.7321428571428577 59.382352941176478 18.205882352941178 4.1619899560577531 35.500000000000007 64.038461538461561 26.566735112936346 206.91428571428574 13.564218137254903
decision_type=2 2 8 2 2 10 2 2 2 10 10 2 10 10
left_child=-1 2 -2 4 -4 6 -6 -8 9 -5 -10 -12 13 -11
right_child=1 -3 3 8 5 -7 7 -9 10 12 11 -13 -14 -15
leaf_value=-0.013394301251972097 0.00093455893162448615 -0.036213253973781542 -0.024457792277374157 -0.0087666894720038867 0.087496233613531399 0.08982117003966017 0.057246404277646538 -0.0015302946714778089 -0.0091127282121128 0.031630188469712661 0.00038799036697088126 0.059589287558849083 0.015883092767560683 0.11208670184260541
leaf_weight=4054.7310843169689 4739.8700437322259 248.54351475834846 153.40325027704239 407.96414378285408 124.10464437305927 194.49558667093515 174.58286446332932 429.5247186422348 1387.4166791662574 210.67941085249186 404.44014503061771 248.2021152600646 526.93415078520775 127.63660869002342
leaf_count=11354 13339 752 595 1075 289 505 461 1434 3444 511 1162 730 1673 272
internal_value=0.000257637 0.0061612 0.00731868 0.0142108 0.0316793 0.0410287 0.0278915 0.0155223 0.00852938 0.0203371 0.00115372 0.0229592 0.0340538 0.0622249
internal_weight=13432.5 9377.8 9129.25 4389.38 1076.11 922.708 728.212 604.108 3313.27 1273.21 2040.06 652.642 865.25 338.316
internal_count=37596 26242 25490 12151 3284 2689 2184 1895 8867 3531 5336 1892 2456 783
is_linear=0
shrinkage=0.05


Tree=47
num_leaves=15
num_cat=0
split_feature=83 30 29 51 27 43 41 70 50 25 22 47 22 63
split_gain=398.029 155.153 250.371 159.858 126.297 145.535 134.576 191.057 164.309 181.54 152.39 143.74 141.196 194.72
threshold=6.7204827543541485 0.17989543576291628 0.043302397953267992 4.5339080459770118 4.4625000000000012 58.174242424242429 85.000000000000014 0.3555264069516017 26.544761904761909 0.10500000000000004 0.88303693570451447 0.55534271160211512 0.78979857050032498 1.0000000180025095e-35
decision_type=2 8 8 10 8 8 10 2 10 10 10 2 8 2
left_child=1 -1 3 -3 -2 -6 7 8 9 12 11 -10 -7 -14
right_child=4 2 -4 -5 5 6 -8 -9 10 -11 -12 -13 13 -15
leaf_value=-0.013526182482740854 0.037261534825883347 0.016227307242163144 -0.0049396653074407831 0.079944662193441762 -0.012652310474405216 -0.012211721352975715 0.00053337742964798876 0.069218666218752251 0.081482745119536557 0.047139555457453693 0.098240138415516778 0.0083563926912953168 0.001457569813808355 0.045718890365837643
leaf_weight=4318.1064848229289 398.20309696346521 367.04562950879335 2823.7331974729896 133.88862963020802 728.77016601711512 801.31814207136631 1770.2749886736274 170.70097187906504 89.429107517004013 276.54419130086899 95.269757568836212 262.69363433867693 810.6691912189126 357.36168950051069
leaf_count=11793 1218 1042 8029 350 1600 2532 5219 501 317 813 259 937 2144 827
internal_value=0.000204039 -0.00727628 0.000842772 0.0333829 0.0101269 0.00810556 0.0113719 0.0180688 0.0148025 0.00928063 0.0424394 0.0271066 0.0039431 0.0150269
internal_weight=13404 7642.77 3324.67 500.934 5761.23 5363.03 4634.26 2863.99 2693.29 2245.89 447.392 352.123 1969.35 1168.03
internal_count=37581 21214 9421 1392 16367 15149 13549 8330 7829 6316 1513 1254 5503 2971
is_linear=0
shrinkage=0.05


Tree=48
num_leaves=15
num_cat=0
split_feature=12 5 11 50 79 39 53 56 54 54 41 37 47 58
split_gain=342.118 162.888 216.448 154.403 205.955 253.377 192.501 240.67 156.564 141.885 127.54 114.883 131.998 148.707
threshold=0.066907287828903497 23.250000000000004 0.13717141090159338 23.403571428571432 0.21275725598714992 29.488021902806299 2.5634920634920637 4.3200201955782322 24.190909090909095 17.43650793650794 163.50000000000003 3.5000000000000004 0.57802149108230871 21.150735294117649
decision_type=8 10 10 10 10 2 10 2 10 10 8 8 2 2
left_child=-1 3 -3 11 -5 6 8 9 -6 -8 -10 12 -2 -14
right_child=1 2 -4 4 5 -7 7 -9 10 -11 -12 -13 13 -15
leaf_value=-0.013205674836629197 -0.0066423124942329732 0.09310534942791425 0.0056405221002015435 0.0021217671316501939 -0.00021554422239911664 -0.036886594782105979 0.052804464731508675 0.013902087826511943 0.020879224404178297 0.12539817043754015 0.085598218174075341 -0.019677637432996876 0.024927195989294531 0.00036348182488918595
leaf_weight=3658.9395424202085 2599.3787901848555 118.86616721749306 172.90576262027025 2025.202046841383 434.17676340043545 136.70902815461159 135.08690646290779 168.96410451829433 199.6956025660038 138.29475627839565 122.94035279750824 737.09139017015696 959.62377790361643 1718.2990620434284
leaf_count=10495 6173 316 526 7186 1014 304 312 408 518 312 293 1752 2696 5118
internal_value=-0.00018574 0.00474302 0.0414695 0.00359576 0.0121774 0.027409 0.0347636 0.060937 0.0194054 0.0898504 0.0457287 -0.00120122 0.00138265 0.00917182
internal_weight=13326.2 9667.23 291.772 9375.46 3361.07 1335.87 1199.16 442.346 756.813 273.382 322.636 6014.39 5277.3 2677.92
internal_count=37423 26928 842 26086 10347 3161 2857 1032 1825 624 811 15739 13987 7814
is_linear=0
shrinkage=0.05


Tree=49
num_leaves=15
num_cat=0
split_feature=83 69 58 53 54 80 44 44 73 28 11 24 28 80
split_gain=352.291 140.056 130.507 175.52 169.109 161.587 125.697 157.464 238.587 170.653 219.389 136.68 104.082 109.751
threshold=6.0134553501102941 0.0036239495798319333 19.909926470588239 3.0954545454545461 28.925824175824179 9.5550000000000015 0.48313510019392375 0.55970455533811714 16.500000000000004 5.5347812500000009 0.18131160643523483 -2.6229999999999989 16.646279411764709 14.005000000000001
decision_type=2 2 2 10 10 10 8 10 2 8 8 8 10 10
left_child=-1 2 3 -2 -4 -5 -3 8 11 -9 -11 -8 13 -13
right_child=1 6 4 5 -6 -7 7 9 -10 10 -12 12 -14 -15
leaf_value=-0.00796942447884595 0.0027230159842218369 -0.020474340874681266 -0.011763974010261696 0.012387288013586505 0.029257173737455906 0.094709695252646123 0.074058776717529473 0.048388580152920635 0.096103371277723879 -0.0030960523561543024 0.060951789357294332 0.019420385086769996 0.059542360063810078 -0.029346956217216953
leaf_weight=7055.6709792912006 608.08011114597321 228.16563960909843 1847.0087055116892 120.46881753206253 289.80276974290609 117.66766487061977 121.70364729315042 233.65157973766327 127.25644835829735 1465.0111329257488 146.12431056052446 762.78699335455894 131.63199806958437 134.981410369277
leaf_count=19579 1724 532 5476 335 845 266 316 721 268 4398 466 2014 337 270
internal_value=-0.000285521 0.0082733 0.000392196 0.0169994 -0.00618944 0.0532903 0.0152861 0.0179044 0.031385 0.00855088 0.00274707 0.0241531 0.0181867 0.0120636
internal_weight=13390 6334.34 2983.03 846.217 2136.81 238.136 3351.31 3123.15 1278.36 1844.79 1611.14 1151.1 1029.4 897.768
internal_count=37547 17968 8646 2325 6321 601 9322 8790 3205 5585 4864 2937 2621 2284
is_linear=0
shrinkage=0.05


Tree=50
num_leaves=15
num_cat=0
split_feature=83 56 79 56 58 39 57 47 70 30 57 80 4 20
split_gain=299.445 195.006 202.697 227.097 333.469 178.292 182.787 318.135 155.165 223.345 149.393 152.037 169.523 164.344
threshold=2.4646079987616738 4.3605422573208426 0.11943215655125035 4.2998192697092525 20.181985294117649 26.041067761806985 231.72794117647064 0.54607692307692324 0.0098280691586979645 0.46497335559283487 236.5588235294118 8.2050000000000018 18.031266247845828 2.6794871794871793
decision_type=2 2 8 2 2 2 2 2 2 10 2 8 10 10
left_child=-1 2 -2 8 -5 -3 -7 -8 10 -10 -4 -12 13 -13
right_child=1 5 3 4 -6 6 7 -9 9 -11 11 12 -14 -15
leaf_value=-0.013169984309342575 0.00079903158797668217 0.003994001045077071 -0.011202039710786942 0.11769541872129508 0.017087921333068311 -0.036496554827473132 0.044957150996127057 -0.021846008406887052 0.020038530587195909 0.090375685514880635 0.044033447171599849 0.012544199827198777 0.070887308516164316 -0.039109629868547872
leaf_weight=3302.5887712612748 3055.0192259252071 2473.5762479826808 719.31946282833815 136.44642425328493 206.54717321693897 701.46686607599258 252.29593589901924 600.30341982841492 556.25898452103138 140.89946620166302 373.68822629749775 554.54048072546721 88.648925125598907 212.04279285669327
leaf_count=9325 7575 6681 1612 378 786 1692 626 1787 1892 502 863 2735 343 777
internal_value=-0.000107168 0.00417739 0.00985665 0.0191129 0.0573364 -0.00434458 -0.017611 -0.00204852 0.0141371 0.0343631 0.00688552 0.0174731 0.00582991 -0.00177598
internal_weight=13373.6 10071.1 6043.41 2988.39 342.994 4027.64 1554.07 852.599 2645.4 697.158 1948.24 1228.92 855.232 766.583
internal_count=37574 28249 17463 9888 1164 10786 4105 2413 8724 2394 6330 4718 3855 3512
is_linear=0
shrinkage=0.05


Tree=51
num_leaves=15
num_cat=0
split_feature=13 44 52 14 13 12 54 81 43 70 44 13 79 33
split_gain=307.181 138.143 160.484 127.468 123.935 237.56 370.251 120.268 110.955 110.377 176.867 102.715 157.538 178.902
threshold=0.091902851406024236 0.42606580594839799 147.63888888888894 0.12292857142857144 0.67751848219959554 0.72723982604441761 22.809090909090912 1.3450000000000004 60.422619047619058 0.38278794648763687 0.67230137804735512 0.60763909963059903 0.38602590380234952 4.6018099547511309
decision_type=8 8 8 10 10 10 10 10 10 2 8 8 10 10
left_child=3 -2 -3 7 9 6 -6 -1 -7 11 -11 -4 13 -13
right_child=1 2 4 -5 5 8 -8 -9 -10 10 -12 12 -14 -15
leaf_value=-0.010806235211590534 -0.047804191156490462 0.061383074781647645 0.0062347915628368283 -0.018746763566902646 0.11994017197865484 -0.051375019399849835 -0.00070208061780959363 0.014526980660324325 0.020749956993085423 0.012529725046998891 0.08537046260447767 -0.003094802219023331 -0.028120819364482765 0.059370327787337411
leaf_weight=1263.1108234599233 118.12940163910389 129.77458391338587 5553.3253440707922 2252.0573130473495 134.36494223773479 86.434743322432041 119.93180499970913 743.38305740058422 135.74532990902662 482.50629086792469 99.866237081587315 1496.9730352535844 609.22280833125114 123.12401092797518
leaf_count=4076 278 274 15499 6468 389 268 353 1691 540 1435 329 4584 951 342
internal_value=0.000495711 0.00568747 0.00639708 -0.0105843 0.00558315 0.0303602 0.0632628 -0.00141801 -0.0074133 0.00416837 0.0251455 0.00259563 -0.00646841 0.00168611
internal_weight=13347.9 9089.4 8971.27 4258.55 8841.49 476.477 254.297 2006.49 222.18 8365.02 582.373 7782.65 2229.32 1620.1
internal_count=37477 25242 24964 12235 24690 1550 742 5767 808 23140 1764 21376 5877 4926
is_linear=0
shrinkage=0.05


Tree=52
num_leaves=15
num_cat=0
split_feature=30 27 41 26 66 46 28 27 83 50 10 46 46 41
split_gain=272.662 158.526 251.991 236.474 167.034 199.663 149.882 149.858 139.822 137.381 121.156 126.135 230.607 200.835
threshold=0.14051921694371969 5.6568627450980404 135.50000000000003 15.500000000000002 7.5000000000000009 60.424632352941181 17.929445833333336 6.2700000000000005 20.619909114441736 22.902222222222225 0.015435453437027001 60.424632352941181 60.117647058823536 90.500000000000014
decision_type=8 8 10 2 2 2 10 8 2 8 8 2 2 10
left_child=-1 2 3 -2 7 -6 -7 -3 10 -4 -9 12 13 -12
right_child=1 4 9 -5 5 6 -8 8 -10 -11 11 -13 -14 -15
leaf_value=-0.010037945267224818 -0.0045874859648949769 -0.029195486186754945 0.02965997666255037 0.072938136670696541 -0.049031855119662654 -0.007682699933714965 0.05367131184007972 -0.0097497268503074774 0.062529221011756717 0.10781727597974018 0.036161232726058049 0.0065011465293746311 0.084887370075570345 -0.013477087152109893
leaf_weight=4269.1744640395045 535.18462990969419 275.44294308125973 108.32899538427591 119.48539290577173 282.45192470401525 1348.4996921643615 106.47123009711504 880.51762247085571 116.21075134724379 118.26515612751245 510.28307832032442 4182.1286288052797 142.84233754873276 338.10351308435202
leaf_count=11889 1457 717 334 277 599 3957 311 2494 346 429 1250 12384 200 752
internal_value=0.000379157 0.0052861 0.025423 0.00965156 0.00311461 -0.0106406 -0.00315918 0.00682347 0.00843588 0.0707467 0.00738735 0.0103054 0.0263335 0.0163865
internal_weight=13333.4 9064.22 881.264 654.67 8182.95 1737.42 1454.97 6445.53 6170.09 226.594 6053.88 5173.36 991.229 848.387
internal_count=37396 25507 2497 1734 23010 4867 4268 18143 17426 763 17080 14586 2202 2002
is_linear=0
shrinkage=0.05


Tree=53
num_leaves=15
num_cat=0
split_feature=30 39 21 83 6 33 52 15 33 73 52 26 33 58
split_gain=229.88 119.377 111.9 109.838 209.037 232.63 147.688 141.933 143.279 140.093 266.867 279.24 204.243 178.991
threshold=0.084743688154504102 28.332648870636554 4.8277715980719327 16.813194444670618 10.114089136741125 4.6458333333333339 250.3484848484849 0.78464101246579021 4.4450549450549453 3.5000000000000004 170.70979020979021 14.500000000000002 3.7321428571428577 23.90808823529412
decision_type=8 2 10 2 10 10 8 10 10 2 10 2 10 2
left_child=-1 3 -3 7 5 6 -5 8 9 -2 11 -11 -12 -14
right_child=1 2 -4 4 -6 -7 -8 -9 -10 10 12 -13 13 -15
leaf_value=-0.012200210199439112 -0.017801988691083164 0.00120114161308415 -0.027053664117191362 -0.023642983844561403 -0.028937719341800363 0.081326544072118812 0.051184044124147766 0.058929909437760455 -0.027203164406343912 0.013468663449937184 0.0019600949580191747 0.091567441245819794 0.073956262243722301 -0.003475643534772286
leaf_weight=3163.839720338583 639.31046636402607 884.89020565152168 579.07636707276106 143.73205809295177 134.02451952546835 206.2303299754858 120.1996923610568 114.54550457000732 370.65541883558035 313.35351916402578 6208.2689854502678 179.70122615247965 188.08538489043713 123.15757282078266
leaf_count=8940 1588 2670 1522 404 407 512 440 309 972 753 17703 383 519 369
internal_value=-0.000427041 0.00322373 -0.00998597 0.00543695 0.025988 0.0416734 0.0104993 0.003908 0.00311515 0.00458713 0.00663051 0.0420607 0.00394498 0.0434038
internal_weight=13369.1 10205.2 1463.97 8741.26 604.187 470.162 263.932 8137.08 8022.53 7651.88 7012.57 493.055 6519.51 311.243
internal_count=37491 28551 4192 24359 1763 1356 844 22596 22287 21315 19727 1136 18591 888
is_linear=0
shrinkage=0.05


Tree=54
num_leaves=15
num_cat=0
split_feature=83 31 31 27 53 24 33 79 14 73 58 5 46 13
split_gain=219.31 176.162 151.506 146.758 182.212 121.129 115.312 105.864 275.649 181.503 105.195 135.652 100.668 142.006
threshold=7.3614833848547123 0.82394117647058829 0.77607843137254917 4.5031250000000007 2.3452380952380958 -4.4557121212121169 6.6875000000000009 0.39181920657204422 0.38707142857142862 9.5000000000000018 22.093750000000004 10.21666666666667 65.093750000000014 0.67751848219959554
decision_type=2 10 10 8 10 8 10 10 8 2 2 10 2 10
left_child=-1 2 3 4 -2 -5 7 12 -9 10 -10 -12 13 -7
right_child=1 -3 -4 5 -6 6 -8 8 9 -11 11 -13 -14 -15
leaf_value=-0.0057024292332259995 0.0025019730977926405 -0.050335063617312908 0.065717710299536866 -0.022941316220208504 0.074961037976788589 0.012038910893803365 0.04997389295808459 0.04726965653180517 0.019762769570867963 -0.053375109482681052 -0.056939030198239898 0.0048052494937185809 -0.0050357950676830502 0.055787316742962993
leaf_weight=8031.6589433029294 172.61609917879105 127.75517863035202 113.65430118143559 351.39179959893227 173.58895628154278 2114.2128531336784 153.44545178115368 188.70797044038773 262.64557486772537 268.62449783086777 155.01063245534897 206.63394233584404 764.20474608242512 202.47883910685778
leaf_count=22334 543 397 229 1049 499 6126 387 409 555 368 273 464 2892 698
internal_value=-0.00050663 0.00743417 0.00888314 0.00758189 0.0389446 0.00524769 0.00754753 0.00597192 -0.00748072 -0.0190916 -0.00427801 -0.021744 0.0106957 0.0158849
internal_weight=13286.6 5254.97 5127.22 5013.56 346.205 4667.36 4315.96 4162.52 1081.62 892.915 624.29 361.645 3080.9 2316.69
internal_count=37223 14889 14492 14263 1042 13221 12172 11785 2069 1660 1292 737 9716 6824
is_linear=0
shrinkage=0.05


Tree=55
num_leaves=15
num_cat=0
split_feature=13 44 50 46 58 58 29 49 58 76 41 57 58 41
split_gain=221.708 125.758 129.995 158.799 172.919 276.893 294.398 262.904 166.579 155.628 153.72 155.967 147.902 174.745
threshold=0.095980902672265014 0.42606580594839799 22.173214285714291 64.150735294117666 17.545955882352946 21.343750000000004 0.11654026844742597 11.500000000000002 15.705882352941179 0.95767355402403764 107.50000000000001 260.46875000000006 18.352941176470591 170.00000000000003
decision_type=8 8 10 2 2 2 8 2 2 10 8 2 2 8
left_child=-1 -2 -3 4 8 6 7 9 -4 -6 -7 -12 -5 -14
right_child=1 2 3 12 5 10 -8 -9 -10 -11 11 -13 13 -15
leaf_value=-0.0098524220465163129 -0.047767347578729441 -0.0010178064646557028 0.030214486741933222 0.028483151235503958 0.029987863965101044 0.027170414028528475 0.010282422827040442 0.13962822938375127 -0.045296165984522664 0.095983119907414871 -0.026841036485464067 0.019450624484598847 -0.022078568169544711 0.019279445603391936
leaf_weight=4346.049274019897 115.28355574607849 4797.6332496404648 117.4152419641614 321.19329056143761 279.35135175287724 658.93500243872404 351.34897408634424 105.84181921184063 189.91429509967566 131.40823033452034 404.62264676392078 329.03649831563234 847.10220793634653 364.57099783420563
leaf_count=12473 282 12338 357 982 862 1917 1058 295 537 334 1007 1134 2666 1270
internal_value=-0.000577605 0.00389496 0.00456957 0.0111051 0.0187048 0.0234884 0.0456381 0.0696177 -0.0164429 0.0512826 0.00966048 -0.00608162 -0.00162974 -0.00962904
internal_weight=13359.7 9013.66 8898.37 4100.74 2567.87 2260.54 867.95 516.601 307.33 410.76 1392.59 733.659 1532.87 1211.67
internal_count=37512 25039 24757 12419 7501 6607 2549 1491 894 1196 4058 2141 4918 3936
is_linear=0
shrinkage=0.05


Tree=56
num_leaves=15
num_cat=0
split_feature=83 50 50 39 39 57 48 13 29 27 54 55 51 69
split_gain=213.655 175.124 142.526 133.504 190.977 443.815 121.551 116.977 139.003 109.722 130.073 173.533 102.034 105.138
threshold=3.3222735834551562 10.912500000000003 19.869047619047624 27.57152635181383 27.149897330595486 231.72794117647064 30.816176470588239 0.67751848219959554 0.10121154185541827 12.995833333333335 23.925824175824179 22.684375000000003 3.2101018675721567 0.052234773180716697
decision_type=2 8 8 2 2 2 2 10 8 10 10 2 8 2
left_child=-1 -2 -3 4 6 -6 7 9 -9 12 -11 -12 -4 -14
right_child=1 2 3 -5 5 -7 -8 8 -10 10 11 -13 13 -15
leaf_value=-0.0097712132354554337 0.06349844442907504 -0.0078070571662666611 0.051166225877065236 -0.0071054012308600333 -0.012867702401344465 0.10365308407534785 0.050837948995115748 0.085550757120504237 0.011522521528960907 -0.025269188865468535 -0.027038181074656921 0.059786779767361187 -0.00053185120482237321 0.017081116882886632
leaf_weight=4284.252315543592 120.17004679143429 2276.3120266720653 131.75823277980089 1383.2762424871325 157.78513179719448 168.08204582333565 158.37708708643913 97.785248294472694 178.14413616806269 563.96747056394815 107.07656506448984 122.31715320795774 2119.138647004962 1410.6980014666915
leaf_count=11978 288 5701 428 4182 385 482 472 370 592 1485 281 406 6191 4102
internal_value=-0.000582805 0.00379422 0.00297872 0.00670021 0.0103627 0.0473669 0.00788721 0.0064389 0.0379712 0.00447778 -0.0123693 0.0193171 0.00813044 0.00651001
internal_weight=13279.1 8994.89 8874.72 6598.41 5215.13 325.867 4889.26 4730.89 275.929 4454.96 793.361 229.394 3661.59 3529.84
internal_count=37343 25365 25077 19376 15194 867 14327 13855 962 12893 2172 687 10721 10293
is_linear=0
shrinkage=0.05


Tree=57
num_leaves=15
num_cat=0
split_feature=41 55 33 22 22 31 21 6 47 13 47 13 48 13
split_gain=207.568 154.299 145.023 185.887 226.569 158.629 172.974 144.359 141.38 205.142 131.833 117.217 113.386 229.963
threshold=60.500000000000007 18.376470588235296 4.6018099547511309 0.85053191489361712 0.96966911764705899 0.21379807692307692 3.8578643578643583 9.1165941636238585 0.58601079629578556 0.61666511046436578 0.56549138338392824 0.68321858981226946 25.485294117647062 0.15235164867961257
decision_type=8 2 8 8 8 10 10 8 2 10 2 10 2 10
left_child=1 -1 5 7 -5 -3 -7 10 9 12 -4 -8 -2 -14
right_child=8 2 3 4 -6 6 11 -9 -10 -11 -12 -13 13 -15
leaf_value=-0.030993755898393378 -0.011570222910962958 0.059538902394381789 0.062576558519033348 0.10972482200492283 0.023337710746599044 -0.024987794356587906 0.0072588965283905751 -0.032910212949678129 0.0033938771634563873 -0.057878983144593436 -0.00016904288534360821 0.058011839147754998 -0.0091587179790303033 0.025411347290198533
leaf_weight=186.15381889790297 3836.0157416984439 133.88734038174152 164.05518352985382 143.77373450994492 161.00465469807386 402.99610628187656 937.90323297679424 120.37884274870157 4706.4611034691334 199.38068048655987 169.85960296541452 128.5407694876194 1385.9508404955268 735.53017494082451
leaf_count=424 9908 409 349 279 395 1126 2606 347 14899 494 610 443 3327 1905
internal_value=-0.000116747 0.0127226 0.0161791 0.0341694 0.0643148 0.0076458 0.00288031 0.0138484 -0.00312977 -0.00811634 0.0307532 0.0134249 -0.00644149 0.00283326
internal_weight=13411.9 2548.55 2362.4 759.072 304.778 1603.33 1469.44 454.294 10863.3 6156.88 333.915 1066.44 5957.5 2121.48
internal_count=37521 6988 6564 1980 674 4584 4175 1306 30533 15634 959 3049 15140 5232
is_linear=0
shrinkage=0.05


Tree=58
num_leaves=15
num_cat=0
split_feature=83 75 50 57 44 36 39 54 36 48 58 48 44 39
split_gain=211.227 135.305 123.937 129.839 138.99 114.342 114.317 84.4931 95.0516 126.588 184.503 176.303 117.567 140.723
threshold=2.2132981731919985 20.010000000000002 30.391666666666673 251.03125000000003 0.58588083477951336 0.0046365163282340192 22.858316221765918 11.182539682539684 0.2474036335103538 17.424632352941178 21.031250000000004 21.242647058823533 0.55036158368451182 28.180698151950722
decision_type=2 10 10 2 8 8 2 8 10 2 2 2 8 2
left_child=-1 2 5 -4 -5 6 -2 -7 -9 10 -10 -11 13 -13
right_child=1 -3 3 4 -6 7 -8 8 9 11 -12 12 -14 -15
leaf_value=-0.011177918369836561 0.060834951977628185 0.044746607425072242 0.0024327517543691491 0.081161132578001477 0.010810819866043667 -0.042282570712849993 0.0073053339065434616 -0.0039759634437537715 0.071502351926652594 -0.010369747777276955 0.0045558479852845944 0.037837758644220121 0.0041821937877187642 -0.010412494406421453
leaf_weight=2925.3925350829959 157.48484136909246 199.10555239021778 295.27794936299324 156.53217450529337 127.28926268965006 111.93976514786482 269.94786860048771 4457.2785581424832 174.71058468520641 1464.3688333332539 248.77775321900845 648.31050679087639 1887.7944463714957 196.46744978427887
leaf_count=8317 480 516 962 552 532 325 771 12396 430 3844 701 1535 5481 512
internal_value=0.000688613 0.00402879 0.00322936 0.0256735 0.0497589 0.00187535 0.0271239 0.000698151 0.00123276 0.00625733 0.0322781 0.00362466 0.0111252 0.0266173
internal_weight=13320.7 10395.3 10196.2 579.099 283.821 9617.08 427.433 9189.65 9077.71 4620.43 423.488 4196.94 2732.57 844.778
internal_count=37354 29037 28521 2046 1084 26475 1251 25224 24899 12503 1131 11372 7528 2047
is_linear=0
shrinkage=0.05


Tree=59
num_leaves=15
num_cat=0
split_feature=30 39 46 48 20 20 46 10 56 50 6 33 48 43
split_gain=142.729 128.363 139.016 133.255 254.713 302.63 231.108 157.584 260.512 204.4 132.871 132.489 124.732 119.56
threshold=0.084743688154504102 28.180698151950722 67.060661764705898 25.058823529411768 4.8166666666666673 6.6969696969696972 64.97058823529413 0.044622737980123388 4.5800301257169354 23.152272727272731 8.1083033523328698 2.9372549019607845 24.332720588235297 60.422619047619058
decision_type=8 2 2 2 10 10 2 8 2 10 10 8 2 8
left_child=-1 3 10 12 6 -6 7 8 9 -5 11 -3 -2 -8
right_child=1 2 -4 4 5 -7 13 -9 -10 -11 -12 -13 -14 -15
leaf_value=-0.0096017911442360382 0.0024496968287047111 -0.021728374467344377 0.033751000554860258 0.030915173067329133 0.0899181000231382 -0.0097441864061254043 0.027194322071998629 0.007487499398160187 -0.016338282420813879 0.10287762545306754 -0.060528729869986177 0.012635757035359352 -0.031308269420445511 -0.021007900494067911
leaf_weight=3180.2374713793397 5787.7238028421998 846.84680476784706 157.72202429175377 227.84512823820114 216.87584380060434 116.83759346604347 156.77604048699141 860.96539361774921 141.84744340181351 174.80346836149693 146.48679311573505 418.34754882007837 286.20673871040344 697.59497743099928
leaf_count=8937 15915 2429 603 570 570 349 455 2393 331 514 370 999 848 2304
internal_value=-0.000351179 0.00252332 -0.0106302 0.00490595 0.0143911 0.0551001 0.00835786 0.020819 0.0418466 0.062334 -0.0156091 -0.0103646 0.000854112 -0.0121414
internal_weight=13417.1 10236.9 1569.4 8667.48 2593.55 333.713 2259.83 1405.46 544.496 402.649 1411.68 1265.19 6073.93 854.371
internal_count=37587 28650 4401 24249 7486 919 6567 3808 1415 1084 3798 3428 16763 2759
is_linear=0
shrinkage=0.05


Tree=60
num_leaves=15
num_cat=0
split_feature=41 36 48 49 28 77 45 50 48 51 15 19 41 22
split_gain=150.392 220.043 113.18 155.871 223.504 312.223 191.008 150.677 126.365 136.992 150.015 153.524 98.2076 99.9958
threshold=110.00000000000001 0.026267267203826803 24.97058823529412 8.5000000000000018 9.408212500000003 0.47484820310995574 27.279220779220783 28.576190476190479 23.514705882352946 4.718671482412061 0.63981480278044811 8.7071428571428573 83.500000000000014 0.88603896103896107
decision_type=8 8 2 2 8 8 10 10 2 10 8 10 10 10
left_child=1 -1 8 7 -5 -6 -7 12 9 -3 11 -11 13 -4
right_child=-2 2 3 4 5 6 -8 -9 -10 10 -12 -13 -14 -15
leaf_value=0.063049672272642451 -0.0040656339466624992 -0.0027238298965880535 -0.0237457359558612 0.093743792967920847 -0.042908111612943098 0.016263329519323359 0.099750013523151423 0.058106718419592251 -0.028184366894680447 0.039254968367955265 0.062983821859748504 -0.021427239958039693 0.029130676467625717 0.02789678087717572
leaf_weight=168.08702594041824 8720.8761907219887 2111.7314498797059 487.06770278513432 132.19116353243589 135.68588554859161 176.41354321688414 111.51771698892117 109.25654704123735 361.92443377524614 201.42231348901987 176.30864152312279 213.94501120597124 169.55284635722637 115.12799650430679
leaf_count=477 24847 5572 1403 395 374 496 289 354 1114 503 425 527 499 253
internal_value=-0.000188147 0.00705173 0.00494752 0.0165216 0.0372299 0.0194152 0.0488316 0.00342973 -0.000481206 0.00323666 0.0244788 0.00802273 -0.00437608 -0.0138428
internal_weight=13391.1 4670.23 4502.15 1436.81 555.808 423.617 287.931 881.005 3065.33 2703.41 591.676 415.367 771.749 602.196
internal_count=37528 12681 12204 4063 1554 1159 785 2509 8141 7027 1455 1030 2155 1656
is_linear=0
shrinkage=0.05


Tree=61
num_leaves=15
num_cat=0
split_feature=13 57 58 48 12 46 3 41 42 39 52 41 12 57
split_gain=120.785 111.074 128.528 160.851 201.598 251.875 127.763 151.792 172.432 127.406 124.044 122.396 171.619 121.071
threshold=0.02136418693894071 231.02389705882356 21.393382352941178 25.485294117647062 0.10629042558158271 63.242647058823536 15.086607142857146 60.500000000000007 7.5000000000000009 26.340862422997951 188.18750000000003 62.500000000000007 0.22263406765343385 237.42463235294119
decision_type=8 2 2 2 10 2 10 8 2 2 8 8 10 2
left_child=-1 2 3 6 -5 -6 7 8 -2 11 -9 -4 -13 -3
right_child=1 13 9 4 5 -7 -8 10 -10 -11 -12 12 -14 -15
leaf_value=-0.010430359792015263 -0.00089855873060492187 0.020323043904112374 -0.044660616034279677 -0.010369115391737096 0.094146372393954403 0.014893473000890101 -0.038613194239657922 0.027136801329156246 0.071446274548936956 -0.039861421957519912 -0.013703184612402343 -0.015281903804559988 0.03827738212076838 0.0027944173938414334
leaf_weight=2400.4254705607891 198.2933297380805 1193.2179192751646 165.16403036564589 296.42444168031216 154.39551430940628 283.85661684721708 257.56298746913671 216.040428198874 139.85419759899378 431.2415984198451 1297.8152038455009 428.65762717276812 228.44366426020861 5628.663762845099
leaf_count=6980 456 2752 398 738 375 829 636 467 339 941 3227 952 534 17819
internal_value=-0.000277713 0.00195486 -0.00455101 0.0013288 0.0214611 0.0429649 -0.0056893 -0.00109211 0.0291449 -0.0178829 -0.0078609 -0.00632174 0.00336805 0.00586289
internal_weight=13320.1 10919.6 4097.75 2844.24 734.677 438.252 2109.57 1852 338.148 1253.51 1513.86 822.265 657.101 6821.88
internal_count=37443 30463 9892 7067 1942 1204 5125 4489 795 2825 3694 1884 1486 20571
is_linear=0
shrinkage=0.05


Tree=62
num_leaves=15
num_cat=0
split_feature=30 13 12 54 56 56 47 40 36 36 28 71 69 46
split_gain=153.222 101.034 143.27 228.269 101.567 123.297 161.406 140.803 163.893 109.399 130.012 125.119 133.299 139.681
threshold=0.084743688154504102 0.68321858981226946 0.72723982604441761 22.408333333333335 4.3605422573208426 4.41583001648796 0.58868785543936897 2.5000000000000004 0.56800542218055572 0.6846006699387206 18.437058823529416 0.053390122808597028 0.24802654709088692 64.656250000000014
decision_type=8 10 10 10 2 2 2 2 10 10 10 2 2 2
left_child=-1 4 3 -3 9 6 -6 8 -7 10 11 -2 13 -13
right_child=1 2 -4 -5 5 7 -8 -9 -10 -11 -12 12 -14 -15
leaf_value=-0.0092340571409912694 0.0030968545057028039 0.1057854481049781 -0.0012804387766925671 0.0035492483569371292 -0.056650036750002346 0.004840616483054133 0.00943814403119414 -0.011306333120711573 0.066762269453357725 -0.026427825701504287 0.054284089595583243 0.046099598159722747 -0.012181220290764292 -0.001395373727961008
leaf_weight=3168.0509803593159 4521.2154738232493 110.09253618866205 225.45063418149948 107.50458240509033 234.77473318576813 1657.8731868937612 151.50016349554062 1699.1742794811726 113.24062918126583 241.9691159427166 145.78334129601717 544.41407819837332 211.73937112092972 216.07528438419104
leaf_count=8934 12963 321 800 326 424 4624 385 4518 294 531 427 1494 624 760
internal_value=0.000367145 0.00335545 0.0266798 0.0555226 0.00229161 -0.00401371 -0.0307723 -0.00102723 0.00883517 0.00642626 0.00784041 0.00659824 0.0228611 0.0326209
internal_weight=13348.9 10180.8 443.048 217.597 9737.76 3856.56 386.275 3470.29 1771.11 5881.2 5639.23 5493.44 972.229 760.489
internal_count=37425 28491 1447 647 27044 10245 809 9436 4918 16799 16268 15841 2878 2254
is_linear=0
shrinkage=0.05


Tree=63
num_leaves=15
num_cat=0
split_feature=83 48 50 19 83 46 19 55 50 25 66 75 36 11
split_gain=131.763 132.841 130.9 138.895 127.547 118.871 166.853 175.819 119.782 105.026 82.5001 215.202 123.305 152.451
threshold=2.9866294930538051 15.029411764705884 26.942564102564106 17.522727272727277 20.019231680816951 67.264705882352956 6.0333333333333341 22.273529411764709 12.520000000000001 0.048333333333333353 6.5000000000000009 15.245000000000003 0.65114667098547907 0.13544540344610387
decision_type=2 2 8 10 2 2 10 2 10 10 2 10 8 10
left_child=-1 -2 4 9 5 8 -7 -8 -3 -4 11 -10 -12 -14
right_child=1 2 3 -5 -6 6 7 -9 10 -11 12 -13 13 -15
leaf_value=-0.0077292645545831706 0.047396872884137048 0.035570263747080964 0.014655771579682082 0.067709575388886042 0.049790936140574511 -0.01449697259889028 0.092883704851762505 0.01164737986794764 4.5891002969048257e-05 -0.018346902384601203 -0.0045901191754145294 0.07144321516866127 -0.014119449433132309 -0.074004012114764289
leaf_weight=3946.1790192052722 165.63098023831844 189.42732425034046 1774.5789675414562 109.61542269587517 120.87488289177418 177.25003921240568 119.33206242322922 149.91858164221048 935.55046240240335 278.06668928265572 4746.8563945144415 117.96199043095112 418.66394085437059 141.74997117370367
leaf_count=11084 509 440 5205 344 336 704 417 597 2435 935 12964 241 1020 324
internal_value=-5.72778e-05 0.00314844 0.00235365 0.0131247 -0.000919887 -0.00180295 0.0231298 0.0478618 -0.00350579 0.0101782 -0.0046749 0.00810043 -0.0072119 -0.0293714
internal_weight=13391.7 9445.48 9279.85 2162.26 7117.59 6996.71 446.501 269.251 6550.21 2052.65 6360.78 1053.51 5307.27 560.414
internal_count=37555 26471 25962 6484 19478 19142 1718 1014 17424 6140 16984 2676 14308 1344
is_linear=0
shrinkage=0.05


Tree=64
num_leaves=15
num_cat=0
split_feature=13 5 39 51 22 46 46 28 41 50 18 18 54 70
split_gain=140.302 133.875 111.211 101.108 153.571 216.568 217.527 134.118 133.805 111.968 112.155 145.363 109.017 101.222
threshold=0.060010125083229053 0.46666666666666673 31.733059548254623 4.7041520939826027 0.74305019305019315 64.577205882352956 63.181985294117659 9.7295254901960799 125.50000000000001 29.858333333333338 5.3798076923076934 3.035714285714286 20.912878787878793 0.3452204456869144
decision_type=8 8 2 10 10 2 2 10 8 10 8 10 10 2
left_child=-1 -2 3 9 12 6 8 -8 -6 13 11 -11 -5 -3
right_child=1 2 -4 4 5 -7 7 -9 -10 10 -12 -13 -14 -15
leaf_value=-0.0085274268116187889 0.057749495713342862 -0.0028641943411577262 -0.03092811635321549 0.0299109946518086 0.041276178846805324 -0.0089695866010365034 0.044087061274449543 0.11469965659856629 -0.0099367902885573317 0.017259067680025074 -0.025358728055873941 0.086362172851983665 -0.011156490914470645 0.019384606938541382
leaf_weight=3560.4796257019043 109.64247858524323 6345.169108748436 242.49633484333754 207.21710655838251 313.52391648292542 324.41732412576675 154.95573566108942 120.76806319504976 213.99272921681404 292.29869229346514 93.466235876083374 102.2439296990633 720.82779537141323 555.00579575449228
leaf_count=10260 296 17461 744 580 705 919 409 296 531 979 323 365 1938 1638
internal_value=-2.86702e-05 0.00306086 0.00243593 0.00329582 0.0131008 0.02549 0.0394016 0.0753184 0.0205216 0.000566257 0.0236865 0.0353399 -0.00196447 -0.00107209
internal_weight=13356.5 9796.03 9686.38 9443.89 2055.7 1127.66 803.24 275.724 527.517 7388.18 488.009 394.543 928.045 6900.17
internal_count=37444 27184 26888 26144 5378 2860 1941 705 1236 20766 1667 1344 2518 19099
is_linear=0
shrinkage=0.05


Tree=65
num_leaves=15
num_cat=0
split_feature=83 50 31 11 20 31 27 50 20 79 30 20 53 21
split_gain=122.803 124.425 130.138 123.785 183.116 111.312 224.269 110.156 119.789 92.7443 119.959 135.718 135.098 102.654
threshold=0.88901023675575552 23.403571428571432 0.75363970588235307 0.16189679899980644 6.5857142857142863 0.74027573529411772 17.210588235294122 12.520000000000001 7.1833333333333327 0.21275725598714992 0.09287256825151631 -4.8957751433123215e-17 2.5634920634920637 5.4971910112359561
decision_type=2 10 10 10 10 10 10 8 10 10 8 10 10 10
left_child=-1 2 7 4 5 6 9 -2 -9 -3 -11 12 -12 -13
right_child=1 3 -4 -5 -6 -7 -8 8 -10 10 11 13 -14 -15
leaf_value=-0.016594646879611943 0.027420817558769905 0.0012806960417333503 0.035203757887752089 -0.027580278931801417 0.076367898181813373 -0.043399434035281778 0.077798793332703037 -0.0040833569691841997 -0.053645248696866057 -0.008008984340313904 0.025786407650507322 0.023029998631510621 0.090007636744708852 -0.018631599729745606
leaf_weight=1050.875983312726 272.03702285885811 2446.6839339509606 219.58737646043301 234.24433469772339 99.51689524948597 101.50178137421608 115.32324186712503 7142.8214349448681 123.04277765750885 370.48958179354668 210.8628299087286 666.46178793907166 134.16029298305511 189.11359407007694
leaf_count=2906 648 8800 546 804 273 287 318 18792 336 873 545 1512 326 470
internal_value=-0.000195929 0.00120342 -0.00265163 0.00774881 0.00966415 0.00807889 0.00935331 -0.00375893 -0.00492992 0.00736983 0.0168457 0.0245158 0.0509464 0.0138103
internal_weight=13376.7 12325.8 7757.49 4568.36 4334.11 4234.6 4133.1 7537.9 7265.86 4017.77 1571.09 1200.6 345.023 855.575
internal_count=37436 34530 20322 14208 13404 13131 12844 19776 19128 12526 3726 2853 871 1982
is_linear=0
shrinkage=0.05


Tree=66
num_leaves=15
num_cat=0
split_feature=83 31 51 22 9 39 45 66 50 55 11 47 8 17
split_gain=168.483 110.597 99.2346 227.093 272.721 134.506 147.524 141.311 146.174 173.002 114.834 172.606 114.658 113.09
threshold=6.9978229231991564 0.80611607142857145 4.8697958712951221 0.79502625888168066 12.824000000000003 23.475701574264207 29.183333333333337 7.5000000000000009 20.005555555555556 21.751654411764708 0.11366352243336743 0.59007930862296476 15.664043111775298 0.70714285714285718
decision_type=2 10 10 10 10 2 10 2 10 2 8 2 10 8
left_child=-1 2 5 12 -5 6 7 8 -2 -10 11 -11 -4 -7
right_child=1 -3 3 4 -6 13 -8 -9 9 10 -12 -13 -14 -15
leaf_value=-0.0042558283547292986 -0.0038156935777113408 -0.036823493972660291 -0.016024429911645134 0.087091146522145724 0.0076012786567474303 0.035089461421186151 0.079164672217645421 -0.025501552400803484 0.091401076571994547 0.09131547307981297 -0.024434644333171399 -0.0050827210783419789 0.039214878740475044 -0.0015184359017540927
leaf_weight=7815.9803989976645 258.46499064564705 138.39660570770502 338.44132459163666 227.3565157353878 204.95948349684477 224.25198049843311 100.14778903871775 169.20871386677027 130.71899282187223 93.787169396877289 90.288964882493019 90.838122263550758 128.88538553565741 3325.7621386498213
leaf_count=21774 744 471 977 545 469 732 359 552 377 330 307 350 341 9185
internal_value=0.000467314 0.00715273 0.00828996 0.023436 0.0495098 0.00524624 0.0221242 0.0151824 0.0255712 0.0442595 0.0215942 0.0441144 -0.000738617 0.00080329
internal_weight=13337.5 5521.51 5383.11 899.643 432.316 4483.47 933.455 833.307 664.098 405.633 274.914 184.625 467.327 3550.01
internal_count=37513 15739 15268 2332 1014 12936 3019 2660 2108 1364 987 680 1318 9917
is_linear=0
shrinkage=0.05


Tree=67
num_leaves=15
num_cat=0
split_feature=41 57 6 41 0 41 39 46 57 46 43 48 48 43
split_gain=146.008 132.889 148.084 153.163 142.859 198.645 224.232 212.721 185.123 169.336 148.004 147.369 201.515 178.996
threshold=105.50000000000001 275.06250000000006 6.4615815994695494 36.500000000000007 6.5000000000000009 83.500000000000014 23.585215605749493 62.281250000000007 224.70588235294119 63.393382352941181 65.25833333333334 19.593750000000004 20.843750000000004 61.033333333333339
decision_type=8 2 10 10 2 10 2 2 2 2 8 2 2 10
left_child=1 4 3 -3 5 7 -7 -1 -8 10 -9 13 -13 -6
right_child=-2 2 -4 -5 11 6 8 9 -10 -11 -12 12 -14 -15
leaf_value=-0.025425768398872086 -0.0035365741230597397 0.046979469196463466 -0.046054970677880482 -0.015540402558047797 0.092224056181779646 0.088816332381456045 -0.032921368381945336 0.0094654195147293105 0.037709963300750993 -0.000496067494800305 0.094946332397624886 -0.043307950098199405 0.021104332058837116 0.023945849458299546
leaf_weight=737.07134014368057 8828.1699322760105 139.71095114201307 223.4180025011301 321.48271311074495 147.38149985671043 122.95632580667734 145.85062809288502 105.25697411596775 251.10690736025572 781.17211135476828 97.027703002095222 136.94028354436159 1016.2602658420801 274.83117136359215
leaf_count=1626 25095 491 842 1100 353 341 333 366 628 2225 277 354 2657 704
internal_value=0.000199806 0.00752829 -0.0127427 0.00345962 0.0111675 0.00305199 0.0301043 -0.0051355 0.011741 0.0100818 0.0507325 0.0226997 0.0134246 0.0479413
internal_weight=13328.6 4500.47 684.612 461.194 3815.86 2240.44 519.914 1720.53 396.958 983.457 202.285 1575.41 1153.2 422.213
internal_count=37392 12297 2433 1591 9864 5796 1302 4494 961 2868 643 4068 3011 1057
is_linear=0
shrinkage=0.05


Tree=68
num_leaves=15
num_cat=0
split_feature=47 41 6 41 52 47 58 12 44 56 12 58 26 25
split_gain=117.195 167.672 203.329 158.147 119.773 148.226 117.704 114.504 112.76 120.903 109.299 205.859 100.14 84.5276
threshold=0.58601079629578556 47.000000000000007 11.092714374309844 36.500000000000007 177.07142857142858 0.61372168729590304 22.424632352941178 0.63164874926444814 0.56353087282182646 4.3070916343982883 0.65561348694155952 22.060661764705888 16.500000000000004 0.097071428571428628
decision_type=2 8 8 10 8 2 2 10 10 2 10 2 2 8
left_child=1 2 3 8 5 -2 -4 13 9 -1 12 -12 -6 -3
right_child=4 7 6 -5 10 -7 -8 -9 -10 -11 11 -13 -14 -15
leaf_value=0.056691862002766297 0.066875380992232475 -0.013197541112165126 -0.047545511097846521 0.065559662990316112 0.00414405555264288 -0.004327786379282615 0.014048498849229105 -0.050294041640184618 -0.010904281912746991 0.00024518909735540443 0.078942845044088772 -0.0070883784675189153 -0.017781408770712891 -0.0014204091366805795
leaf_weight=210.55294260382652 166.97204326093197 2719.3812621980906 180.0497732385993 192.28920073062181 4689.3328815028071 129.19309259951115 135.05801222473383 152.70805136859417 267.03724478185177 172.00077698379755 131.60283289849758 145.88009776175022 584.82496735453606 3463.685213200748
leaf_count=516 377 7050 373 532 15611 362 346 421 837 376 403 481 1028 8759
internal_value=-0.00032598 -0.00446584 0.0130297 0.0258459 0.00497826 0.0359051 -0.0211848 -0.00766229 0.0140073 0.0313796 0.00332222 0.0338509 0.00170994 -0.00660142
internal_weight=13340.6 7492.76 1156.99 841.88 5847.81 296.165 315.108 6335.77 649.591 382.554 5551.64 277.483 5274.16 6183.07
internal_count=37472 19210 2980 2261 18262 739 719 16230 1729 892 17523 884 16639 15809
is_linear=0
shrinkage=0.05


Tree=69
num_leaves=15
num_cat=0
split_feature=77 81 10 48 5 27 79 77 77 14 74 30 43 43
split_gain=139.202 162.786 79.7661 190.041 157.146 132.209 107.153 104.845 135.971 133.622 98.03 135.462 118.317 157.26
threshold=0.20712320445937255 2.3150000000000004 0.080106570254994708 30.297794117647062 6.6416666666666684 9.0828571428571454 -0.5578157667075192 0.64461511091686419 0.70323186867090459 0.4943650793650794 2.5000000000000004 0.42941197813155224 58.90598290598291 61.087121212121225
decision_type=8 8 8 2 8 8 8 10 10 10 2 8 8 8
left_child=-1 -2 7 4 5 -4 -6 9 -9 -3 -8 -12 -13 -14
right_child=1 2 3 -5 6 -7 10 8 -10 -11 11 12 13 -15
leaf_value=-0.0047437600462951583 0.070062290127411719 0.00050751910142682105 0.085433192112040521 0.061171794673877677 -0.015135694646944239 0.0163476424280555 -0.0040361774239308463 0.065304806267181964 0.00056288859146505564 -0.029352918798743407 -0.0030303534637690192 -0.012004160671500064 0.07928704028878468 0.02362931372995172
leaf_weight=5780.8220625072718 95.559280678629875 2773.1528769284487 109.85135181993246 169.9982834905386 588.54063165187836 186.19429611414671 1038.9631482064724 131.23364399373531 209.76617516577244 432.16379924863577 659.60766275972128 180.75019535422325 148.21357323229313 863.06154274195433
leaf_count=13943 232 9761 382 507 1115 541 3155 280 575 1261 2297 435 436 2626
internal_value=0.00110103 0.0055544 0.00472232 0.00961297 0.00727566 0.042184 0.00429399 -0.000719574 0.0255969 -0.00352638 0.00825384 0.0151483 0.0252016 0.0318568
internal_weight=13367.9 7587.06 7491.5 3945.18 3775.18 296.046 3479.14 3546.32 341 3205.32 2890.6 1851.63 1192.03 1011.28
internal_count=37546 23603 23371 11494 10987 923 10064 11877 855 11022 8949 5794 3497 3062
is_linear=0
shrinkage=0.05


Tree=70
num_leaves=15
num_cat=0
split_feature=83 57 57 2 41 44 6 41 57 17 4 19 19 14
split_gain=90.8815 82.7817 196.446 280.166 300.807 308.114 295.26 153.515 112.448 99.8934 138.945 173.105 190.107 136.839
threshold=0.64387789816086938 231.30330882352942 237.42463235294119 1.0000000180025095e-35 100.00000000000001 0.55574130708540015 0.73393889388904865 119.50000000000001 235.38419117647064 4.3798076923076934 9.3475255187054387 11.696153846153846 9.1742424242424256 0.58839743589743609
decision_type=2 2 2 2 10 8 10 10 2 10 10 10 10 10
left_child=-1 9 3 4 5 -3 -7 -5 -6 10 -2 12 -12 -13
right_child=1 2 -4 7 8 6 -8 -9 -10 -11 11 13 -14 -15
leaf_value=-0.017606897612205363 -0.0078092917298747903 0.12985114516538324 0.00049159571752518082 -0.028116756606512368 -0.024052165291706503 0.09936862473247704 0.0042516505788257877 0.028710651600568043 0.034168020305187188 -0.03953009388619462 0.0070895757648179033 -0.0279867052041489 0.07925214479555398 0.014365055116914284
leaf_weight=700.90595740824938 3499.3271100446582 132.39077989757061 6495.5820366218686 324.17948916554451 175.96005333960056 130.19178122282028 216.03742299973965 186.3361809104681 155.10327407717705 191.51524738967419 197.51742769032717 295.35350019484758 169.01183724403381 534.10679687559605
leaf_count=1869 8384 271 20747 818 429 290 565 497 296 510 538 746 426 1179
internal_value=-9.27113e-05 0.000874998 0.00406648 0.0216418 0.0399139 0.0652184 0.0402014 -0.0073594 0.00324476 -0.0042291 -0.00278111 0.011925 0.0404899 -0.000731064
internal_weight=13403.5 12702.6 7815.78 1320.2 809.683 478.62 346.229 510.516 331.063 4886.83 4695.32 1195.99 366.529 829.46
internal_count=37565 35696 23913 3166 1851 1126 855 1315 725 11783 11273 2889 964 1925
is_linear=0
shrinkage=0.05


Tree=71
num_leaves=15
num_cat=0
split_feature=83 77 80 53 47 39 46 42 51 41 46 49 76 41
split_gain=114.257 89.4068 114.858 91.6946 106.185 140.594 122.286 101.806 86.4485 187.986 151.623 199.217 204.179 99.3666
threshold=20.619909114441736 0.20712320445937255 3.9850000000000008 3.7207792207792214 0.59391060025079923 27.025325119780977 62.849264705882355 4.5000000000000009 4.8697958712951221 153.50000000000003 64.514705882352956 9.5000000000000018 1.1473483326637208 162.50000000000003
decision_type=2 8 8 10 2 2 2 2 10 10 2 2 10 10
left_child=1 -1 -3 8 5 7 -6 -5 13 10 11 12 -10 -4
right_child=-2 2 3 4 6 -7 -8 -9 9 -11 -12 -13 -14 -15
leaf_value=-0.0049308673079024182 0.042817627721881732 0.04703895954159313 -0.001061413075435461 -0.0098612551704907077 -0.083127079333004783 -0.044577855373610753 -0.0073755430090004324 0.051947732073234387 0.0026766082341559833 -0.030538090263462825 -0.0049991238867439884 0.085393617569867949 0.075628398871072922 0.017969705350461444
leaf_weight=5799.969947129488 154.68063638359308 146.35900801420212 4869.6524379774928 138.30294200032949 103.75604268908501 123.31975936889648 108.84683307260275 127.0618979036808 352.86675789952278 175.06778433173895 279.63775948435068 169.91654404252768 130.75506894290447 797.31274637579918
leaf_count=13989 457 391 15546 380 301 311 405 293 1003 436 849 394 281 2685
internal_value=0.000231114 -0.0002665 0.00332981 0.00245631 -0.0162403 -0.000675123 -0.0445605 0.019818 0.00411775 0.0168827 0.0258022 0.0389691 0.0225157 0.00161887
internal_weight=13477.5 13322.8 7522.86 7376.5 601.287 388.685 212.603 265.365 6775.21 1108.24 933.176 653.538 483.622 5666.97
internal_count=37721 37264 23275 22884 1690 984 706 673 21194 2963 2527 1678 1284 18231
is_linear=0
shrinkage=0.05


Tree=72
num_leaves=15
num_cat=0
split_feature=36 79 22 31 58 31 39 17 22 59 26 77 51 53
split_gain=119.517 150.222 154.281 183.198 215.618 172.309 112.9 193.154 103.844 134.904 122.743 103.521 143.524 101.836
threshold=0.25762640231774908 0.12950163289628511 0.88603896103896107 0.47630681818181825 23.514705882352946 0.311846590909091 22.58316221765914 2.5505050505050506 0.70074626865671652 1.0000000180025095e-35 14.500000000000002 0.46238624470643691 4.4294115653176069 2.3693181818181821
decision_type=10 8 10 8 2 8 2 10 10 2 2 8 8 8
left_child=-1 6 5 -4 -5 13 7 -2 11 10 -10 -8 -13 -3
right_child=1 2 3 4 -6 -7 8 -9 9 -11 -12 12 -14 -15
leaf_value=-0.0029120027248458065 -0.015281424420136268 0.019869448743749702 -0.0032422046410489147 0.098088182110599456 0.015341531496728995 0.004116915700040507 -0.015864400052805362 0.08002027387499458 0.025892356643875226 -0.027176431110762147 -0.014946096635221876 0.059343740583144601 0.00065200998035062246 0.083575784206914625
leaf_weight=8344.7878418043256 105.2692930996418 144.19533108919859 158.37280674278736 181.98152607679367 138.93415931612253 1872.749252513051 229.99222061038017 105.86789533495903 319.99430781602859 782.45500241219997 430.10672001540661 180.81748968362808 243.93398900330067 111.19946867227554
leaf_count=23696 302 484 455 430 369 5506 634 313 848 1867 991 494 596 389
internal_value=0.00075201 0.00685928 0.0151641 0.0407639 0.0624236 0.00938226 -0.00217178 0.0326565 -0.00554709 -0.0126657 0.00248693 0.0111093 0.0257179 0.0478251
internal_weight=13350.7 5005.87 2607.43 479.288 320.916 2128.14 2398.44 211.137 2187.3 1532.56 750.101 654.744 424.751 255.395
internal_count=37374 13678 7633 1254 799 6379 6045 615 5430 3706 1839 1724 1090 873
is_linear=0
shrinkage=0.05


Tree=73
num_leaves=15
num_cat=0
split_feature=31 50 31 73 27 57 73 57 53 30 25 79 41 6
split_gain=94.1107 100.5 146.11 118.702 123.926 262.478 105.335 90.8449 106.638 139.578 90.3453 97.0418 106.453 88.9768
threshold=0.80611607142857145 23.403571428571432 0.75363970588235307 17.500000000000004 17.300833333333337 236.08823529411768 2.5000000000000004 256.60294117647067 2.5505050505050506 0.46497335559283487 0.10275252525252529 0.38602590380234952 170.00000000000003 5.2817683377941629
decision_type=10 8 10 2 10 2 2 2 8 10 8 10 8 10
left_child=1 2 10 4 6 -6 -3 -8 -9 -10 11 12 -1 -13
right_child=-2 3 -4 -5 5 -7 7 8 9 -11 -12 13 -14 -15
leaf_value=0.0025463558575648526 -0.038852957253384585 -0.023275907434940693 0.052103870731811122 0.039924733153602815 0.093449909600505976 -0.0087813844541917482 -0.00051033894511698624 0.0037338886051266383 0.019873011047146279 0.085332175094197632 0.0013891842722683109 -0.012695657718021603 -0.016967077267866393 -0.048362034362167114
leaf_weight=1659.7925785258412 152.36178022623062 373.35225746035576 115.58845867961645 237.21120911836624 115.01537057757378 136.50679334998131 3412.4740845113993 1050.0777892768383 560.772750467062 94.518497079610825 3509.7638096064329 476.28529620170593 1206.0346948876977 276.27839395403862
leaf_count=4670 500 916 232 468 282 402 9445 4050 2081 348 9456 687 3641 403
internal_value=8.98496e-05 0.000541449 -0.00341879 0.00533843 0.00390309 0.0381516 0.00232769 0.00419968 0.0136193 0.0294304 -0.00432632 -0.00986909 -0.00566859 -0.0258362
internal_weight=13376 13223.7 7243.74 5979.93 5742.72 251.522 5491.2 5117.84 1705.37 655.291 7128.15 3618.39 2865.83 752.564
internal_count=37581 37081 19089 17992 17524 684 16840 15924 6479 2429 18857 9401 8311 1090
is_linear=0
shrinkage=0.05


Tree=74
num_leaves=15
num_cat=0
split_feature=50 32 79 55 53 12 20 46 10 80 57 22 54 39
split_gain=118.929 125.058 109.66 175.975 180.064 221.874 146.756 209.149 156.286 109.29 106.659 99.8699 97.1072 132.489
threshold=22.676388888888891 1.0000000180025095e-35 0.11943215655125035 19.452941176470592 2.3452380952380958 0.037843790626298369 0.99999999999999956 62.781250000000007 0.077983777770039633 1.6850000000000003 270.18750000000006 0.77694859038142627 23.345238095238098 25.107460643394941
decision_type=8 10 10 2 10 8 10 2 10 8 2 10 10 2
left_child=1 -1 9 -4 10 -6 7 -7 -8 11 12 -2 -5 -14
right_child=2 -3 3 4 5 6 8 -9 -10 -11 -12 -13 13 -15
leaf_value=-0.003661149512245328 0.005233613401193076 -0.044712612468786606 -0.023338538351156936 0.0009243854561389079 -0.0076036890126051637 0.10896516852343029 -0.0070985759102051476 0.033097366179150649 0.05467888700477036 -0.0034997196863772355 -0.018061181540243981 0.060511746239517841 0.057275846656481937 0.0073131699361115542
leaf_weight=6146.6763613522053 220.67095133662224 190.30947676301003 319.47707408666611 766.32087987661362 261.32104064524174 170.43017368018627 197.07741367816925 195.96361736953259 211.59225302934647 3618.2827359810472 367.45667266845703 128.95234332978725 229.96830703318119 312.62938375771046
leaf_count=16110 510 474 530 1554 629 386 487 549 536 12842 1128 334 611 744
internal_value=6.11726e-05 -0.00490085 0.00455318 0.0117103 0.015845 0.0322181 0.0456369 0.0685882 0.0249426 -0.000917808 0.00570956 0.0257364 0.0123915 0.0285552
internal_weight=13337.1 6336.99 7000.14 3032.24 2712.76 1036.38 775.063 366.394 408.67 3967.91 1676.38 349.623 1308.92 542.598
internal_count=37424 16584 20840 7154 6624 2587 1958 935 1023 13686 4037 844 2909 1355
is_linear=0
shrinkage=0.05


Tree=75
num_leaves=15
num_cat=0
split_feature=52 45 58 4 21 52 28 43 18 58 57 47 79 47
split_gain=143.941 94.7386 206.989 274.929 122.815 103.079 73.8957 117.992 94.6453 95.8457 93.4575 72.4549 134.595 132.032
threshold=147.63888888888894 28.207142857142859 21.093750000000004 16.299390334559018 4.1821789321789327 221.22500000000002 2.3664577205882358 60.480769230769234 1.2071428571428573 23.148897058823533 270.65625000000006 0.51277108893242562 -0.41854716188094671 0.57181704377997167
decision_type=8 10 2 10 8 8 8 10 8 2 2 2 8 2
left_child=-1 11 3 4 -3 -4 -7 -8 -9 -10 -11 12 -2 -13
right_child=1 2 5 -5 -6 6 7 8 9 10 -12 13 -14 -15
leaf_value=0.042559726023722697 0.050992543646231472 0.058800305869596919 -0.024700856089503592 0.10771154713884803 0.0044440268216938235 -0.017591680691229305 0.057461984050010212 0.035371899219595236 -0.052661383311194021 0.032123380889954825 -0.032152374810785977 -0.010508104028813983 0.0024720745517399583 0.0010863653093271257
leaf_weight=195.72779002785683 168.31065589189529 139.38093914091587 358.14520664513111 102.09283770620823 400.81632719933987 220.7787122502923 133.72799347341061 165.8410207554698 95.821380838751793 140.59710333496332 93.18938647210598 4087.983067728579 918.01192819327116 6145.5160740837455
leaf_count=417 319 428 816 287 1174 701 310 584 363 468 393 9891 2222 19074
internal_value=0.000106564 -0.000527533 0.00995813 0.0328692 0.0185517 -0.00223969 0.00724266 0.0159711 0.00467903 -0.0108243 0.00647467 -0.0022423 0.0100296 -0.00354586
internal_weight=13365.9 13170.2 1850.39 642.29 540.197 1208.1 849.956 629.177 495.449 329.608 233.786 11319.8 1086.32 10233.5
internal_count=37447 37030 5524 1889 1602 3635 2819 2118 1808 1224 861 31506 2541 28965
is_linear=0
shrinkage=0.05


Tree=76
num_leaves=15
num_cat=0
split_feature=39 39 70 21 76 50 55 79 30 53 54 39 25 31
split_gain=89.3517 105.277 139.925 102.459 122.057 96.0895 125.324 138.679 163.94 158.951 210.093 134.381 150.395 124.321
threshold=21.353867214236825 22.889801505817935 0.3555264069516017 5.2818707114481773 1.3579631695485355 23.403571428571432 19.690625000000001 0.22257973955958285 0.084743688154504102 2.3452380952380958 26.12916666666667 27.303216974674886 -0.089999999999999941 0.37602678571428577
decision_type=2 2 2 10 8 10 2 10 8 10 10 2 10 10
left_child=-1 2 3 -2 -5 -3 13 -8 -9 10 -10 12 -11 -7
right_child=1 5 -4 4 -6 6 7 8 9 11 -12 -13 -14 -15
leaf_value=-0.031478251926912837 0.00062720126417805473 -0.0045351467055197141 0.067161921517806533 0.012034804019321985 0.079780142845781041 0.00081824526045463106 0.00035636593694066154 -0.0070555319408527641 -0.0082269424412584526 0.040785303154123431 0.055615305752861381 0.0097778115326527908 0.10845716797155075 -0.050656250567353928
leaf_weight=222.18451166152954 939.83882863074541 7443.2572671622038 110.97747197747231 205.82578259706497 97.53534022718668 308.39894973486662 2341.1326206028461 406.93855778872967 393.64502459764481 206.03939864039421 190.4325617402792 138.60245537757874 137.85553342103958 188.27131287753582
leaf_count=515 2835 19428 377 533 444 708 8738 955 978 515 481 327 294 407
internal_value=-0.000107602 0.00042647 0.0136226 0.00879309 0.0340065 -0.00109481 0.00484443 0.00792142 0.0199325 0.0302264 0.0126477 0.0514357 0.0681484 -0.0187566
internal_weight=13330.9 13108.8 1354.18 1243.2 303.361 11754.6 4311.32 3814.65 1473.51 1066.57 584.078 482.497 343.895 496.67
internal_count=37535 37020 4189 3812 977 32831 13403 12288 3550 2595 1459 1136 809 1115
is_linear=0
shrinkage=0.05


Tree=77
num_leaves=15
num_cat=0
split_feature=47 57 5 26 54 18 9 9 33 19 58 56 76 28
split_gain=94.584 242.655 324.605 151.677 204.825 122.851 118.348 182.426 113.866 113.674 113.204 102.228 97.0323 92.4365
threshold=0.57181704377997167 228.41176470588238 22.683333333333337 16.500000000000004 23.75961538461539 4.3205128205128212 20.06441666666667 16.500666666666671 3.215384615384616 18.516666666666669 28.755514705882359 4.2998192697092525 1.1172106407468989 17.466886274509807
decision_type=2 2 10 2 8 10 10 10 10 10 2 2 10 8
left_child=1 5 3 -3 -5 -1 7 10 11 -8 12 -9 -2 -14
right_child=6 2 -4 4 -6 -7 9 8 -10 -11 -12 -13 13 -15
leaf_value=-0.014054037512787807 0.002105882673722879 -0.0040547132665000657 0.085121050666414511 -0.007045827541266223 0.046640919681034891 -0.057715530629774317 -0.077446260432211922 -0.015716274499098459 0.066411420282612391 0.0044267115442444627 -0.017465986101717863 0.044481841507543619 0.026901477981681621 -0.0064740468137424213
leaf_weight=2028.6941068321466 4771.2639388293028 3145.9347269609571 116.22427749633789 333.94879272580147 378.05500397086143 174.19118742644787 84.896430477499962 135.16791920363903 180.83919955044985 83.511440150439739 606.9846188724041 145.58220086991787 827.6335574388504 276.29096794128418
leaf_count=4339 15948 8831 313 525 552 430 276 469 504 336 1719 418 2057 665
internal_value=0.000301452 -0.00422445 0.00315404 0.000663282 0.0214858 -0.0175312 0.00423232 0.00523898 0.0355745 -0.03706 0.00307366 0.0155464 0.00519828 0.0185499
internal_weight=13289.2 6177.05 3974.16 3857.94 712.004 2202.89 7112.17 6943.76 461.589 168.408 6482.17 280.75 5875.19 1103.92
internal_count=37382 14990 10221 9908 1077 4769 22392 21780 1391 612 20389 887 18670 2722
is_linear=0
shrinkage=0.05


Tree=78
num_leaves=15
num_cat=0
split_feature=52 74 30 53 50 57 80 47 41 27 41 46 48 58
split_gain=95.832 80.4286 85.965 80.1503 112.968 96.0951 140.652 105.595 112.228 92.8399 188.873 122.281 172.957 270.444
threshold=147.63888888888894 2.5000000000000004 0.032031547110159202 2.5166666666666671 21.691153846153849 229.03676470588238 17.385000000000002 0.58832618561317174 104.50000000000001 4.4625000000000012 193.50000000000003 63.575367647058833 22.843750000000004 23.323529411764707
decision_type=8 2 8 8 8 2 10 2 8 8 8 2 2 2
left_child=-1 -2 -3 5 -5 7 -7 -4 -9 10 -6 12 -11 -14
right_child=1 2 3 4 9 6 -8 8 -10 11 -12 -13 13 -15
leaf_value=0.034795485503359098 -0.0053534003821856515 -0.008569012118090363 -0.024890788012520412 -0.0029390281745371449 0.071031528471676028 0.0026869684599564857 0.054590936376039234 0.037931771821217597 -0.012574214442792756 0.0085609227519720839 0.0042955587729048223 -0.0026329928022801609 0.089706888188303746 -0.0019187834635060826
leaf_weight=198.35525099188089 4729.3693221881986 1391.221199773252 661.43146284669638 996.76392801105976 215.74156796187162 2654.0315090566874 136.28142505884171 173.34322373569012 297.0895898938179 623.36964410543442 207.80878495424986 766.0636467859149 200.53688806295395 134.06726283580065
leaf_count=429 13199 4019 1426 2587 566 8241 344 428 783 1657 556 2357 585 362
internal_value=0.000387965 -0.000132178 0.00278769 0.00502444 0.0109703 0.000256112 0.00524065 -0.0120257 0.00607702 0.0174245 0.0383757 0.012258 0.0241563 0.0530985
internal_weight=13385.5 13187.1 8457.75 7066.53 3144.35 3922.18 2790.31 1131.86 470.433 2147.59 423.55 1724.04 957.974 334.604
internal_count=37539 37110 23911 19892 8670 11222 8585 2637 1211 6083 1122 4961 2604 947
is_linear=0
shrinkage=0.05


Tree=79
num_leaves=15
num_cat=0
split_feature=47 36 58 41 44 31 10 41 31 57 17 41 48 54
split_gain=93.3895 110.086 172.879 144.665 104.072 166.292 247.294 174.145 160.496 227.423 160.674 126.184 146.597 124.705
threshold=0.58303084835533392 0.21896052345956485 28.656250000000004 54.500000000000007 0.54941747257740003 0.54818014705882356 0.12878942821689562 193.50000000000003 0.4224264705882354 212.36948529411768 3.3452380952380958 58.000000000000007 21.343750000000004 24.320512820512821
decision_type=2 10 2 10 8 10 8 8 10 2 8 10 2 10
left_child=1 -1 4 -4 5 7 -7 -3 11 -10 13 -6 -13 -11
right_child=-2 2 3 -5 8 6 -8 -9 9 10 -12 12 -14 -15
leaf_value=-0.010237046683606955 0.0036658814151514282 -0.019105926951201217 0.080387955573327063 0.007921202537387536 -0.019922919727972385 0.069785820404815943 -0.013796839922089979 0.040040981287482819 -0.063047562482318006 -0.0072151184136789101 0.018065909502848469 -0.0063689116303423448 0.049374808728020934 -0.059528333131043054
leaf_weight=3946.3012249171734 6329.8956838548183 484.10162444412708 122.17280556261539 156.76958415657282 238.63518944382668 230.65988554060459 142.73483340442181 166.39763520658016 245.33502335846424 306.72428904473782 339.64026392251253 212.31375655531883 263.77266329526901 180.54014693200588
leaf_count=10205 19523 1160 315 380 738 519 311 383 508 754 854 588 827 474
internal_value=-0.000740236 -0.00470407 0.00236368 0.0398344 -0.00136766 0.0113357 0.0378838 -0.00393792 -0.00864874 -0.020875 -0.00830177 0.00969691 0.0245543 -0.0266803
internal_weight=13366 7036.1 3089.8 278.942 2810.86 1023.89 373.395 650.499 1786.96 1072.24 826.905 714.722 476.086 487.264
internal_count=37539 18016 7811 695 7116 2373 830 1543 4743 2590 2082 2153 1415 1228
is_linear=0
shrinkage=0.05


Tree=80
num_leaves=15
num_cat=0
split_feature=83 44 41 70 50 46 47 39 47 3 51 18 73 3
split_gain=72.1769 78.9179 80.0659 78.2352 158.843 90.134 77.624 84.8201 107.126 65.9406 137.886 99.6044 98.9844 97.2189
threshold=0.64387789816086938 0.46371796800561665 72.000000000000014 0.38278794648763687 13.016666666666667 65.27389705882355 0.54343506576427036 24.672142368240937 0.58673469387755117 18.130303030303036 4.3003906250000012 4.6306818181818192 8.5000000000000018 20.636666666666667
decision_type=2 8 10 2 10 2 2 2 2 10 10 10 2 10
left_child=-1 2 -2 9 -5 6 -6 -8 -9 -3 12 -12 -11 -14
right_child=1 3 -4 4 5 -7 7 8 -10 10 11 -13 13 -15
leaf_value=-0.015633179017269912 -0.041075382910432411 -0.00053445429530366744 0.00099319902554686492 0.074755567387534763 0.054874396539367709 -0.027371585335293942 0.035894209886840008 -0.047774989747104708 0.01387645402351957 0.029345665693133301 0.068481874835809073 0.010668381110859416 0.0074673313955034241 -0.059286299124321873
leaf_weight=711.91323857754469 222.54210110753775 10783.325918160379 228.83860448002815 100.86372771859169 107.89305894076824 143.07925464212894 174.22498954832554 107.22843891382217 201.04319743067026 126.5038458481431 154.60497093945742 143.76948790997267 108.06341272592545 108.72152176499367
leaf_count=1890 547 30313 499 272 322 574 568 273 600 376 364 416 305 323
internal_value=-0.000152098 0.000716143 -0.0197926 0.00147282 0.0162441 0.00810702 0.0167369 0.00811297 -0.00765337 0.000392785 0.0159519 0.0407536 -0.00566061 -0.0261293
internal_weight=13422.6 12710.7 451.381 12259.3 834.333 733.469 590.39 482.497 308.272 11425 641.663 298.374 343.289 216.785
internal_count=37642 35752 1046 34706 2609 2337 1763 1441 873 32097 1784 780 1004 628
is_linear=0
shrinkage=0.05


Tree=81
num_leaves=15
num_cat=0
split_feature=48 70 33 20 31 12 50 25 56 39 31 28 51 29
split_gain=90.7003 162.039 139.305 112.116 175.941 143.464 164.23 121.016 99.7096 89.5238 85.1522 141.384 152.779 125.392
threshold=28.123161764705888 0.023659995399125836 1.1596638655462186 4.6904761904761916 0.52767857142857155 0.063348235363432842 22.603333333333339 -0.023333333333333334 4.1437127301011154 25.561943874058866 0.55072916666666683 13.786550000000002 4.5203386552635552 0.11654026844742597
decision_type=2 2 10 10 10 10 8 10 2 2 8 8 10 10
left_child=10 3 9 4 5 -2 7 -7 -8 -3 13 12 -12 -1
right_child=1 2 -4 -5 -6 6 8 -9 -10 -11 11 -13 -14 -15
leaf_value=-0.0037878800993912825 -0.013220040064662181 -0.018175331975577691 0.076816599390757703 0.04407206458275785 -0.047285505519812726 0.024035667671941447 0.011324425654919059 -0.041005597506713974 0.07065003605791656 0.042872428024911313 0.010208523467676024 0.00022186850815226523 0.071708518198004986 -0.030957779879306965
leaf_weight=6491.8635841831565 552.92984709143639 109.76663234084845 146.62239930778742 143.48352938145399 185.84212437272072 160.63482913374901 115.01421795040369 127.28718654066324 185.20540477335453 130.45611445605755 331.82330673933029 4117.6689189448953 144.42696515470743 453.41896218806505
leaf_count=18574 1345 284 421 377 447 403 316 315 498 378 908 11363 396 1509
internal_value=-0.000422186 0.00982971 0.0385785 0.00224515 -0.00230751 0.00505288 0.0222251 -0.00476077 0.0480354 0.0150177 -0.00207294 0.00320785 0.0289701 -0.00556585
internal_weight=13396.4 1857.24 386.845 1470.4 1326.91 1141.07 588.142 287.922 300.22 240.223 11539.2 4593.92 476.25 6945.28
internal_count=37534 4784 1083 3701 3324 2877 1532 718 814 662 32750 12667 1304 20083
is_linear=0
shrinkage=0.05


Tree=82
num_leaves=15
num_cat=0
split_feature=47 57 0 24 11 48 12 4 52 55 46 41 27 81
split_gain=79.5192 186.331 183.501 246.362 126.206 107.288 126.61 117.482 98.7877 93.2838 100.921 212.605 121.064 124.431
threshold=0.57181704377997167 228.41176470588238 11.500000000000002 1.0000000180025095e-35 0.13717141090159338 25.485294117647062 0.10629042558158271 12.140133407847353 214.03571428571431 17.01746323529412 61.788602941176478 45.500000000000007 13.140476190476191 12.685
decision_type=2 2 2 10 10 2 10 10 10 2 2 8 10 8
left_child=1 4 9 -4 5 7 -7 -1 -8 -3 11 -11 -12 -14
right_child=-2 2 3 -5 -6 6 8 -9 -10 10 12 -13 13 -15
leaf_value=-0.015187892983711565 0.0033627430950361084 0.036587399878250944 -0.0039945289871955326 0.080245255435588136 -0.054381537356082137 -0.015897377120846191 -0.0021523716880377905 -0.061723155720610323 0.054611332442409982 0.058771775780843631 -0.0032103542085580236 -5.3143313970191801e-05 -0.049362444027115572 0.0051088133719850194
leaf_weight=1164.4590806514025 7178.9020986184478 154.90300512313843 179.26888310909271 167.08384252339602 195.21508744359016 366.59518641978502 146.14829272031784 152.74030315876007 160.01009198278189 180.4422610104084 1867.260791733861 1000.9720417186618 318.22665697336197 155.85372024029493
leaf_count=2483 22526 296 416 388 435 804 273 350 390 403 5297 2247 725 489
internal_value=-0.000220773 -0.00436382 0.0020194 0.0367576 -0.0161141 -0.0123347 0.00390715 -0.0206268 0.0275957 -0.00126126 -0.00293545 0.00897353 -0.00894586 -0.031482
internal_weight=13388.1 6209.18 4024.01 346.353 2185.17 1989.95 672.754 1317.2 306.158 3677.66 3522.76 1181.41 2341.34 474.08
internal_count=37522 14996 10261 804 4735 4300 1467 2833 663 9457 9161 2650 6511 1214
is_linear=0
shrinkage=0.05


Tree=83
num_leaves=15
num_cat=0
split_feature=77 57 47 77 6 33 41 22 7 44 56 30 50 82
split_gain=100.944 132.015 126.8 115.99 113.935 135.723 171.914 220.529 122.949 111.545 101.019 110.594 99.8946 103.956
threshold=0.5834828765421961 196.88235294117649 0.57256321947777156 0.51330981161600653 10.896648076718895 3.6306818181818188 54.500000000000007 0.74305019305019315 14.317945833333335 0.57449691518191792 4.2059535127492573 0.31192980482413296 23.204166666666669 9.2050000000000018
decision_type=10 2 2 10 10 10 10 10 10 8 2 10 10 10
left_child=2 -2 3 12 5 8 7 -7 9 -3 -11 -12 -1 -14
right_child=1 4 -4 -5 -6 6 -8 -9 -10 10 11 -13 13 -15
leaf_value=-0.011071546137610655 -0.035267931850429722 0.053133809298332807 0.0033832150824878318 -0.039713417549988861 -0.02621781773526996 0.011593659709323308 0.0025039225740184703 0.082211894682706912 -0.010196192225531746 0.035710026590510424 -0.047534542512825947 0.019733257677674969 0.00024127968031321793 0.04486396450497649
leaf_weight=3072.3105220869184 148.89928610622883 194.28029632568359 5988.3552289009094 261.23080003261566 166.79214215278625 190.83140423893929 274.64731161296368 263.03315183520317 577.65193389356136 179.86133478581905 120.08249746263027 122.5148613601923 1676.3024606853724 140.54267100989819
leaf_count=7223 315 481 19476 601 420 471 519 551 1287 479 346 284 4695 364
internal_value=0.00038339 0.0100694 -0.00156397 -0.00731561 0.0133152 0.0167561 0.0337498 0.0526106 0.00637135 0.0218803 0.00741587 -0.0136219 -0.0055768 0.00371586
internal_weight=13377.3 2238.59 11138.7 5150.39 2089.69 1922.9 728.512 453.865 1194.39 616.739 422.459 242.597 4889.16 1816.85
internal_count=37512 5153 32359 12883 4838 4418 1541 1022 2877 1590 1109 630 12282 5059
is_linear=0
shrinkage=0.05


Tree=84
num_leaves=15
num_cat=0
split_feature=74 52 29 27 82 31 25 24 12 29 76 25 15 29
split_gain=123.012 106.232 94.3082 123.5 93.4352 69.9008 68.3167 86.567 92.7152 76.4147 73.9005 73.2702 62.9068 104.345
threshold=2.5000000000000004 170.70979020979021 0.076828319183431984 12.478125000000002 6.6850000000000014 0.65616666666666679 0.080773809523809553 3.4463472222222253 0.064958056579892731 0.040543471878089064 1.2192815022236865 0.05300000000000011 0.56717419799297764 0.11950974060901319
decision_type=2 10 10 10 8 8 10 10 10 8 8 10 10 10
left_child=-1 2 4 -4 -2 -6 11 8 -8 -9 -10 12 13 -3
right_child=1 6 3 -5 5 -7 7 9 10 -11 -12 -13 -14 -15
leaf_value=-0.0057071354105431233 0.042885583443169083 0.0010105855247044123 0.076439986969432092 0.012937909190352165 -0.01024747030374519 0.026902518762128777 -0.0036921463845353019 0.02878229685916598 0.021473405768568175 -0.012849220546030497 0.064199929941543402 -0.021172663027981976 0.013458742645293092 -0.03052613053258655
leaf_weight=4828.353107124567 164.72623720765114 4698.0051433742046 141.49632262438536 166.55601511895657 434.2421010658145 177.57104806602001 177.55879164487123 152.78523971885443 243.43480460345745 388.12187956273556 174.19517300277948 379.14669696241617 922.60044650733471 276.79515957087278
leaf_count=13471 257 13577 360 361 1149 465 521 426 585 1156 614 1047 2462 965
internal_value=0.000665108 0.00428623 0.0188942 0.042259 0.00958298 0.000561151 0.00214658 0.0134232 0.0265639 -0.00105852 0.0394056 0.000103626 0.00147485 -0.000749882
internal_weight=13325.6 8497.24 1084.59 308.052 776.539 611.813 7412.64 1136.1 595.189 540.907 417.63 6276.55 5897.4 4974.8
internal_count=37416 23945 2592 721 1871 1614 21353 3302 1720 1582 1199 18051 17004 14542
is_linear=0
shrinkage=0.05


Tree=85
num_leaves=15
num_cat=0
split_feature=83 70 50 75 25 47 56 50 79 45 45 5 77 24
split_gain=97.3413 98.0397 135.227 95.7205 76.3419 97.9604 95.4584 94.4818 86.3673 120.128 96.2841 80.9309 75.9257 82.6035
threshold=20.619909114441736 0.3452204456869144 13.016666666666667 18.955000000000002 0.095000000000000015 0.57181704377997167 4.8077267729521722 29.858333333333338 0.2792234074057745 24.522727272727277 21.585714285714293 11.54166666666667 0.7664414872298283 5.6856547619047637
decision_type=2 2 10 10 10 2 2 10 8 10 10 8 8 10
left_child=1 3 -3 4 5 6 7 -1 12 10 -10 -8 13 -6
right_child=-2 2 -4 -5 8 -7 11 -9 9 -11 -12 -13 -14 -15
leaf_value=-0.0078469798344318366 0.039239537191023112 0.059568677087702596 0.0064951807755606744 -0.036965326638367123 0.0024216610116343292 0.0011873127153480523 -0.014113590864177123 0.022313132213706833 0.032944711126393286 0.058467241689524899 -0.01854953921678152 -0.054148264438958066 0.02728999893028311 -0.036573735211176343
leaf_weight=4105.8656070679426 149.78257586061954 137.81814470887184 888.85273728519678 196.16404750943184 478.76031638681889 5693.4271895587444 370.51551692187786 276.24119785428047 188.20115191489458 176.86758816242218 173.59682741761208 191.31163620948792 187.59626936912537 188.51819987595081
leaf_count=9868 438 345 2765 460 1281 17619 765 846 681 555 454 382 549 543
internal_value=-0.000707788 -0.00116217 0.0136707 -0.00240865 -0.00184218 -0.00328397 -0.00843229 -0.00594108 0.00915795 0.0248189 0.00825387 -0.0278181 -0.000727653 -0.00863348
internal_weight=13403.5 13253.7 1026.67 12227.1 12030.9 10637.4 4943.93 4382.11 1393.54 538.666 361.798 561.827 854.875 667.279
internal_count=37551 37113 3110 34003 33543 29480 11861 10714 4063 1690 1135 1147 2373 1824
is_linear=0
shrinkage=0.05


Tree=86
num_leaves=15
num_cat=0
split_feature=48 48 76 56 53 31 12 39 53 33 31 58 63 15
split_gain=76.0634 145.049 116.506 130.155 161.52 128.018 145.194 174.161 127.325 121.192 88.8281 83.1669 81.8094 93.0546
threshold=28.123161764705888 27.060661764705888 1.1172106407468989 4.0234430333374052 2.9666666666666672 0.55072916666666683 0.066907287828903497 23.835728952772076 1.9258241758241761 1.6125 0.24439215686274515 20.545955882352946 1.0000000180025095e-35 0.24301497685076887
decision_type=2 2 8 2 8 10 10 2 10 8 10 2 2 10
left_child=1 -1 3 -2 10 6 -4 -8 -9 -10 -5 -3 13 -13
right_child=2 11 5 4 -6 -7 7 8 9 -11 -12 12 -14 -15
leaf_value=-0.0018358394218111361 -0.012311070108119914 0.0014650980611335867 -0.011805270272382842 -0.017628935330973285 0.073717887833500959 -0.049037271327202703 -0.026419628601264924 -0.00080525112401462105 0.10398937379063498 0.028282259794051967 0.035009432780979961 -0.02776546264295662 -0.011856128214046142 -0.08641257465864835
leaf_weight=10836.518154129386 187.00349842011929 192.37052775919437 617.99924924969673 125.49737480282784 184.88419733941555 128.21400650590658 115.21299603581429 101.68378739058971 108.34316615760326 104.31256034225225 218.40241132676601 147.70147982239723 184.4265730381012 126.05016231536865
leaf_count=31083 447 473 1572 303 405 362 333 289 300 334 511 311 467 346
internal_value=-0.00168366 -0.00321365 0.00760447 0.0234932 0.0361546 -0.00208006 0.00370851 0.0260038 0.0452411 0.0671595 0.015805 -0.0261264 -0.0376889 -0.054986
internal_weight=13378.6 11487.1 1891.55 715.787 528.784 1175.77 1047.55 429.553 314.34 212.656 343.9 650.549 458.178 273.752
internal_count=37536 32680 4856 1666 1219 3190 2828 1256 923 634 814 1597 1124 657
is_linear=0
shrinkage=0.05


Tree=87
num_leaves=15
num_cat=0
split_feature=48 66 71 33 2 25 75 17 56 56 39 20 41 36
split_gain=64.6743 171.119 162.134 187.992 131.046 129.938 92.4793 110.487 79.7667 151.549 129.498 129.448 191.8 104.689
threshold=28.352941176470591 7.5000000000000009 0.017195010705644869 1.1079545454545456 1.0000000180025095e-35 -0.023333333333333334 6.8750000000000009 2.1291666666666669 4.1585676753916525 4.1417553506555054 23.237508555783716 -4.001128432902349e-17 89.500000000000014 0.70518662919456776
decision_type=2 2 2 10 2 8 8 8 2 2 2 10 8 10
left_child=8 2 4 -4 5 -2 -7 -8 9 13 11 12 -10 -1
right_child=1 -3 3 -5 -6 6 7 -9 10 -11 -12 -13 -14 -15
leaf_value=0.0026550396884509036 0.062511303814275443 -0.01856775581739712 0.017198796258706586 0.10584290860682384 -0.015514382878342862 0.03910742299428463 -0.033180126073817207 0.0232621614371003 0.083344847911143521 0.040165736922874139 -0.0080793650466046418 -0.0023560007433846212 0.0096993717511423428 -0.038583800532879485
leaf_weight=4069.0875140056014 152.0165109783411 432.38293252140284 144.08613932132721 101.84328259527683 354.7930614054203 179.56170363724232 172.88996855169535 171.96299725025892 127.62857193499804 262.69010958075523 5957.0407341048121 728.99923198670149 283.76867954432964 158.94407369941473
leaf_count=12284 382 1057 412 308 970 373 415 482 309 571 16303 2330 812 399
internal_value=-0.000485319 0.00859031 0.0177921 0.0541877 0.00906824 0.0219659 0.010116 -0.00504896 -0.00182482 0.00338986 -0.00512429 0.0103056 0.0326932 0.00109599
internal_weight=13297.7 1709.54 1277.15 245.929 1031.22 676.431 524.415 344.853 11588.2 4490.72 7097.44 1140.4 411.397 4228.03
internal_count=37407 4399 3342 720 2622 1652 1270 897 33008 13254 19754 3451 1121 12683
is_linear=0
shrinkage=0.05


Tree=88
num_leaves=15
num_cat=0
split_feature=13 59 6 30 36 39 6 15 30 81 20 52 75 52
split_gain=81.8232 123.358 185.943 129.756 91.406 81.2117 83.3525 83.2191 88.1478 124.038 83.0963 71.9005 73.5667 180.585
threshold=0.67751848219959554 0.75000000000000011 7.3131007395718202 0.59413660263475332 0.74952126471887059 21.353867214236825 0.14142135623733312 0.070049062085871444 0.067349648615179877 1.9450000000000001 -2.423105807713635e-17 147.63888888888894 11.825000000000001 245.67948717948721
decision_type=10 2 10 10 10 2 8 8 10 8 10 8 10 8
left_child=4 2 -2 -3 5 -1 -7 8 10 -10 -8 -9 -13 -14
right_child=1 3 -4 -5 -6 6 7 11 9 -11 -12 12 13 -15
leaf_value=-0.030446284134998294 0.0076127220193341052 0.031417476874710824 0.095254267253932712 -0.042025462878380333 -0.034968045341010022 -0.01621531886089279 0.042213068430315498 0.031662491697069799 0.083894749195162641 0.0092017894094306146 -0.0050120764095147145 -0.0022076149196530925 -0.0064980336644797389 0.02459883105922334
leaf_weight=217.9856643229723 143.00006797164679 118.58041827380657 104.17146354168653 120.0127919614315 191.5883679613471 721.45643905550241 120.86335329711437 177.54805989563465 102.40036582946777 120.79247304052114 394.61383733153343 8964.8449678868055 954.68454641103745 912.05210174620152
leaf_count=496 447 398 357 367 431 2015 351 369 235 436 1039 26231 1966 2345
internal_value=-1.9761e-05 0.0201033 0.0447846 -0.00554566 -0.000780265 -0.000261284 0.000268805 0.00128242 0.017517 0.0436921 0.00612104 0.00019165 -0.000327086 0.00870034
internal_weight=13364.6 485.765 247.172 238.593 12878.8 12687.2 12469.3 11747.8 738.67 223.193 515.477 11009.1 10831.6 1866.74
internal_count=37483 1569 804 765 35914 35483 34987 32972 2061 671 1390 30911 30542 4311
is_linear=0
shrinkage=0.05


Tree=89
num_leaves=15
num_cat=0
split_feature=47 57 17 5 26 21 56 52 81 47 44 47 13 39
split_gain=84.8985 178.204 125.615 121.236 108.266 161.234 99.6763 101.26 89.5129 119.181 102.739 99.5047 107.38 141.872
threshold=0.57181704377997167 228.41176470588238 3.9128787878787885 22.383333333333336 16.500000000000004 5.1674454828660448 5.4658175170190768 208.06250000000003 9.4650000000000016 0.62085599585599593 0.54168984056358926 0.58931313784254968 0.52344465523735961 23.237508555783716
decision_type=2 2 10 10 2 8 2 10 8 2 10 2 8 2
left_child=1 2 -1 4 -3 -6 7 8 9 10 -2 -10 -13 -14
right_child=6 3 -4 -5 5 -7 -8 -9 11 -11 -12 12 13 -15
leaf_value=-0.012869197836209318 0.0028002540331077698 -0.0038396449376116356 -0.061443656662628444 0.049482613293428894 0.041147571772443728 -0.0062312976844845283 -0.045592984175762734 0.00040471760823928562 -0.021539079079116036 -0.0011018243433501675 0.04939075238223746 -0.010904483017212609 0.080172564684011238 0.013802811185757647
leaf_weight=2031.7020810842514 158.87633648514748 3166.2350137382746 141.54728345572948 127.57912896573544 361.21658450365067 355.64921921491623 101.14371639490128 5100.3118687793612 282.1645677909255 293.47741858661175 464.03968051075935 299.91392128169537 99.01150143891573 416.40227767825127
leaf_count=4369 272 8813 327 335 557 527 221 17128 892 545 1009 934 325 1274
internal_value=-0.000234027 -0.00453272 -0.0160597 0.00171582 0.000134108 0.0176662 0.0034503 0.00415387 0.0136439 0.0251712 0.0375313 0.00400466 0.0128603 0.0266831
internal_weight=13399.3 6183.93 2173.25 4010.68 3883.1 716.866 7215.34 7114.2 2013.89 916.393 622.916 1097.49 815.328 515.414
internal_count=37528 14928 4696 10232 9897 1084 22600 22379 5251 1826 1281 3425 2533 1599
is_linear=0
shrinkage=0.05


Tree=90
num_leaves=15
num_cat=0
split_feature=31 27 22 6 47 73 46 54 10 43 52 29 33 46
split_gain=89.5682 109.252 203.354 200.219 268.592 257.581 178.096 203.343 118.059 106.823 107.005 135.717 111.354 95.0791
threshold=0.80611607142857145 14.97916666666667 0.88303693570451447 8.5559920523572277 0.52855121675155636 15.500000000000002 61.970588235294123 26.345238095238098 0.13179109644654544 55.392307692307703 223.71794871794876 0.060547877436250015 1.9411764705882355 58.363970588235297
decision_type=10 10 10 10 2 2 2 8 10 8 10 8 8 2
left_child=1 9 3 5 -5 6 -3 -8 -6 10 11 -1 -12 -11
right_child=-2 2 -4 4 8 -7 7 -9 -10 13 12 -13 -14 -15
leaf_value=0.073856594079035678 -0.036640268884180947 0.047442177656026999 0.060113459706138142 -0.087314383659600314 0.045455689118022613 0.080849915256033189 -0.038405454810069087 0.033115232567969874 -0.027940507189662997 -0.025751625156739053 -0.020404444848595452 0.0078938177597910868 0.040645377410886384 -9.9860537591030783e-05
leaf_weight=155.62105971574783 153.32520461827517 184.53764912486076 212.12302185595036 114.29254898428917 103.61597544699907 143.96556972712278 261.50893381983042 158.99258031696081 114.07380750775337 372.55054336041212 220.16078869998455 155.83379904925823 111.78236816078424 10957.576186336577
leaf_count=284 494 436 437 234 320 324 640 379 322 939 542 339 345 31557
internal_value=0.00123186 0.00167229 0.0154733 0.00666612 -0.0256065 0.0209854 0.00663113 -0.0113489 0.00704272 0.000180639 0.0199829 0.0409836 0.000214507 -0.000945525
internal_weight=13420 13266.6 1293.11 1080.99 331.982 749.005 605.039 420.502 217.69 11973.5 643.398 311.455 331.943 11330.1
internal_count=37592 37098 3092 2655 876 1779 1455 1019 642 34006 1510 623 887 32496
is_linear=0
shrinkage=0.05


Tree=91
num_leaves=15
num_cat=0
split_feature=74 50 25 21 0 48 3 20 27 5 44 52 51 52
split_gain=69.9651 69.9234 65.0743 69.8617 72.6375 70.9067 65.9837 64.2901 108.645 99.7073 114.717 103.783 140.281 55.9524
threshold=3.5000000000000004 10.912500000000003 0.10275252525252529 4.4288975864318338 11.500000000000002 26.500000000000004 7.5050000000000008 7.0384615384615392 15.071794871794873 19.416666666666671 0.6188388819005004 214.5277777777778 4.1490795824447195 221.22500000000002
decision_type=2 8 10 10 2 2 10 10 10 10 8 10 10 10
left_child=1 -1 7 6 5 13 -4 8 -3 10 11 -10 -13 -5
right_child=-2 2 3 4 -6 -7 -8 -9 9 -11 -12 12 -14 -15
leaf_value=0.035101605803542706 0.0059025547985300277 -0.0052601330481929403 0.0055363271563813755 0.025997801492748464 0.050473989132642297 0.04186901496458878 -0.044245755833186282 -0.035067553367321327 -0.044807026502751243 0.053982459136888164 0.038197496744444018 0.04761801050266657 -0.021001771002179804 -0.010532490745404802
leaf_weight=124.49281440675259 4059.0939472541213 7174.5659789815545 196.15391873568296 152.3833369910717 134.6027777493 135.37751118093729 99.607332617044449 162.11964971572161 131.98317028582096 131.75406643748283 193.54112183302641 128.46041924506426 174.45460875332355 330.09382670372725
leaf_count=293 11530 20252 569 344 347 374 324 451 256 328 534 325 420 1106
internal_value=0.000429022 -0.00196818 -0.0024766 0.00924007 0.0173265 0.0100353 -0.011322 -0.00399439 -0.00335517 0.0146068 0.00627891 -0.00798074 0.00815948 0.00103498
internal_weight=13328.7 9269.59 9145.1 1048.22 752.457 617.855 295.761 8096.88 7934.76 760.193 628.439 434.898 302.915 482.477
internal_count=37453 25923 25630 3064 2171 1824 893 22566 22115 1863 1535 1001 745 1450
is_linear=0
shrinkage=0.05


Tree=92
num_leaves=15
num_cat=0
split_feature=39 39 22 55 51 39 52 21 21 47 79 57 51 11
split_gain=79.8884 76.254 222.842 181.022 195.659 136.854 89.8422 88.5479 85.628 112.624 81.0136 184.502 202.92 230.035
threshold=21.353867214236825 22.889801505817935 0.76967285587975254 21.324816176470591 4.0429318588183412 22.358658453114309 262.46428571428578 4.6224318658280934 6.2867595818815341 0.63886841967643337 0.1737820925674762 228.41176470588238 4.5589089089089097 0.09448130072603414
decision_type=2 2 8 2 10 2 8 10 8 2 10 2 10 10
left_child=-1 2 -2 4 -4 7 -7 -5 9 10 -3 -12 -13 -14
right_child=1 8 3 5 -6 6 -8 -9 -10 -11 11 12 13 -15
leaf_value=-0.029123641187655147 -0.016621573033078582 0.00080676231255713863 0.0081199302713402463 0.01145947976358553 0.087244068691504126 -0.035282401658825242 0.02321673717080143 0.066725784891114165 -0.0053184781627331253 -0.016537156496935299 -0.0056159808420328909 0.0089284130635267425 0.024759983683593709 0.089684619068197746
leaf_weight=210.20290027558804 427.26679406315088 4010.0110000148416 127.56021520495415 179.98351649194956 201.54081058502197 183.31037881970406 101.07765153795481 120.92845000326633 4032.5249684676528 631.69921535998583 1030.4388782083988 1333.4663028270006 508.96034912765026 186.05186951160431
leaf_count=496 1389 12607 321 524 515 524 413 456 11332 1928 2044 3166 1114 407
internal_value=0.00138241 0.00187504 0.0131623 0.0270823 0.0566929 0.0103646 -0.014482 0.033817 0.000583347 0.0036742 0.00548242 0.0116096 0.0203584 0.0422439
internal_weight=13285 13074.8 1341.67 914.401 329.101 585.3 284.388 300.912 11733.2 7700.63 7068.93 3058.92 2028.48 695.012
internal_count=37236 36740 4142 2753 836 1917 937 980 32598 21266 19338 6731 4687 1521
is_linear=0
shrinkage=0.05


Tree=93
num_leaves=15
num_cat=0
split_feature=44 52 50 41 6 70 77 29 45 75 81 28 28 11
split_gain=78.9937 132.448 98.811 76.7187 115.377 237.28 180.166 141.426 134.242 184.285 121.544 167.552 93.2421 81.6519
threshold=0.46371796800561665 147.63888888888894 10.912500000000003 53.500000000000007 6.0683392530616738 0.0056186868686868693 0.5834828765421961 0.12751331869327007 30.612500000000004 17.310000000000006 8.3050000000000015 17.218850000000003 10.428446153846156 0.10287022853469273
decision_type=8 8 8 8 8 2 8 10 8 8 10 8 10 10
left_child=-1 -2 -3 4 5 6 12 8 9 10 -6 -12 -4 -9
right_child=1 2 3 -5 7 -7 -8 13 -10 -11 11 -13 -14 -15
leaf_value=-0.019113348882203472 0.043876584340265257 0.042222473783159291 0.017542987637942421 -0.0014797838870865415 -0.021611373875567136 0.073042232512931224 0.039868338369489754 -0.057643405439388784 0.043031045645782348 -0.031614796730214549 0.065702014455968627 -0.0039775716157979049 -0.035016117602057285 -0.0084151713921410912
leaf_weight=487.81371045857668 179.64167033880949 141.10148844122887 137.56085313856602 10463.403256095946 134.51920603215694 186.95034926384687 266.08453493565321 134.08683416992426 230.32311867922544 292.56369946151972 189.96502931416035 157.17185814678669 215.31201311945915 224.86402120441198
leaf_count=1115 384 347 382 29767 322 572 869 359 600 1001 485 369 476 598
internal_value=0.000617841 0.00136231 0.000761037 0.00029463 0.00884968 0.0238353 0.00887897 -1.87173e-05 0.00960875 -0.000376752 0.0186238 0.0342326 -0.0145353 -0.0269135
internal_weight=13441.4 12953.5 12773.9 12632.8 2169.4 805.908 618.957 1363.49 1004.54 774.22 481.656 347.137 352.873 358.951
internal_count=37646 36531 36147 35800 6033 2299 1727 3734 2777 2177 1176 854 858 957
is_linear=0
shrinkage=0.05


Tree=94
num_leaves=15
num_cat=0
split_feature=39 39 20 50 28 27 46 74 45 77 28 21 81 77
split_gain=77.5685 93.7076 274.65 86.8713 108.81 152.863 93.9609 82.6585 98.4568 100.861 87.2395 97.8436 79.9244 140.662
threshold=21.353867214236825 22.026009582477759 -2.1857515797307767e-16 23.403571428571432 17.819244047619051 17.210588235294122 63.909926470588239 3.5000000000000004 13.522727272727275 0.07058571788957764 17.466886274509807 5.3715549936788882 9.1150000000000002 0.5834828765421961
decision_type=2 2 10 10 10 10 2 2 10 8 10 8 10 10
left_child=-1 2 -2 7 5 -5 -6 10 9 -9 12 -12 13 -3
right_child=1 3 -4 4 6 -7 -8 8 -10 -11 11 -13 -14 -15
leaf_value=-0.029189441673944206 0.086468203760855428 -0.0089619376512581478 -0.0015383021500642695 0.0053636749472369804 0.003349803597383209 0.063360401240817155 -0.063032094168069805 -0.0077824993335820145 -0.00023985776540740093 0.044132391712927391 -0.0050259137774310847 0.054797458636009377 -0.02810266112031164 0.021097782413736513
leaf_weight=221.07677519321442 122.66949221491814 4357.6368074864149 312.97334290295839 4373.8604339584708 106.91955532878637 115.65928433835506 105.12236379832029 141.54620069265366 2041.7233314663172 273.43293068557978 159.93836736679077 118.15710403770208 459.01584111154079 426.38668340444565
leaf_count=518 314 11828 875 13729 343 331 322 311 5445 749 464 316 1032 879
internal_value=0.000113788 0.000609933 0.0233841 -0.000174331 0.00521616 0.00687157 -0.0297012 -0.00335135 0.00427719 0.0264485 -0.00674593 0.0204971 -0.00819456 -0.00627895
internal_weight=13336.1 13115 435.643 12679.4 4701.56 4489.52 212.042 7977.84 2456.7 414.979 5521.13 278.095 5243.04 4784.02
internal_count=37456 36938 1189 35749 14725 14060 665 21024 6505 1060 14519 780 13739 12707
is_linear=0
shrinkage=0.05


Tree=95
num_leaves=15
num_cat=0
split_feature=28 79 58 70 6 82 44 58 30 51 9 47 82 47
split_gain=64.4271 58.7058 93.3814 99.4644 87.961 99.3964 84.8077 98.3316 102.178 82.4973 79.5226 118.676 102.403 83.5879
threshold=0.10620913461538466 0.5471295017260619 24.93933823529412 0.42023571690129063 3.6664241622691556 8.1750000000000025 0.65466885462998958 24.488970588235297 0.37708707528293667 5.0604728957593137 20.06441666666667 0.55832022448025176 17.305000000000003 0.57181704377997167
decision_type=8 8 2 2 10 8 10 2 10 10 10 2 10 2
left_child=-1 6 3 4 9 -6 10 8 -8 -3 12 -12 13 -2
right_child=1 2 -4 -5 5 -7 7 -9 -10 -11 11 -13 -14 -15
leaf_value=-0.012623837695146143 -0.0042865149586737445 -0.0011690839281179807 -0.0062847688456640523 0.071083248405275704 0.092650247693777457 0.022087060783565093 -0.019673915941703014 -0.044411224833347307 0.034274239251657256 0.042334930268551327 0.0094443925660269868 -0.057797606420332638 0.031988498512893912 0.0053128762904987555
leaf_weight=905.78812500089407 4412.2683977931738 836.05616923421621 701.20678332448006 76.435115918517113 57.296923145651817 355.93366529792547 291.82897944748402 226.34471891820431 124.3446037620306 124.29788150638342 122.97394229471684 139.09274698793888 267.31505188345909 4663.7318693697453
leaf_count=2556 9402 3943 3208 409 136 2377 854 663 348 395 298 364 587 11826
internal_value=0.000241658 0.00118246 0.00868954 0.0159302 0.0128117 0.0320711 -0.000394113 -0.0179663 -0.00351173 0.00449979 0.000783066 -0.0263286 0.00154624 0.000646205
internal_weight=13304.9 12399.1 2151.23 1450.02 1373.58 413.231 10247.9 642.518 416.174 960.354 9605.38 262.067 9343.32 9076
internal_count=37366 34810 10468 7260 6851 2513 24342 1865 1202 4338 22477 662 21815 21228
is_linear=0
shrinkage=0.05


Tree=96
num_leaves=15
num_cat=0
split_feature=30 28 44 13 19 43 30 79 25 6 57 13 54 77
split_gain=76.7574 117.24 87.7939 193.061 189.165 206.255 157.163 92.0057 90.1745 71.4139 110.798 105.214 139.461 97.3575
threshold=0.17989543576291628 4.7033125000000009 0.57268082163712741 0.099882713059388048 2.9642857142857149 58.261363636363647 0.16299683801529294 0.25393651194431599 0.23683333333333337 9.1165941636238585 266.43750000000006 0.56189086784287767 23.925824175824179 0.5834828765421961
decision_type=8 8 10 10 10 10 10 10 8 10 2 10 10 10
left_child=2 -2 6 -4 -5 -6 -1 8 -7 13 11 12 -11 -3
right_child=1 9 3 4 5 7 -8 -9 -10 10 -12 -13 -14 -15
leaf_value=-0.0070760991618370661 0.054491284654808958 0.002023919872785922 -0.0050818348315490799 0.087855791180323772 0.079052435488455849 0.036001700712787708 -0.065277362750904899 -0.038088264248123657 -0.024525919746706603 -0.0074482508025153354 -0.051616716441068501 -0.030379708766043657 0.059836403200572867 0.015538940140955762
leaf_weight=2466.4362050965428 114.02755592018366 5966.5539672672749 1653.3455598279834 107.51241815090179 98.271060980856419 172.43492347747087 120.74420975148678 119.20983402431011 94.51045235991478 229.17596203833818 138.28357842564583 200.09105930477381 114.84842018783092 1714.8469449430704
leaf_count=6199 285 17685 5217 307 187 679 252 309 339 660 533 559 324 3796
internal_value=0.00148876 0.00435525 -0.00353993 0.00369358 0.0281715 0.0147716 -0.00981654 -0.00174895 0.0145607 0.00366529 -0.0118246 -0.00163551 0.0151222 0.00504273
internal_weight=13310.3 8477.83 4832.46 2245.28 591.939 484.426 2587.18 386.155 266.945 8363.8 682.399 544.115 344.024 7681.4
internal_count=37331 23842 13489 7038 1821 1514 6451 1327 1018 23557 2076 1543 984 21481
is_linear=0
shrinkage=0.05


Tree=97
num_leaves=15
num_cat=0
split_feature=51 46 19 5 15 51 17 77 69 21 10 58 22 50
split_gain=71.3701 63.6103 108.81 82.2338 112.834 68.2561 162.175 132.151 91.3647 70.181 62.5119 61.8039 60.8076 81.6745
threshold=5.8555595068752977 58.294117647058833 11.449494949494952 23.250000000000004 0.67487275990234585 4.991701126316511 1.0333333333333334 0.34899481947778382 0.078208784854108648 3.2526595744680855 0.1044667909384968 24.718750000000004 0.91240409207161133 23.102000000000004
decision_type=10 2 8 10 10 10 10 8 2 8 10 2 8 10
left_child=1 2 -1 5 -5 12 9 -8 10 -7 -9 -11 -3 -14
right_child=-2 3 -4 4 -6 6 7 8 -10 11 -12 -13 13 -15
leaf_value=0.0045223983174745809 -0.03036866661655618 -0.0042037741391364614 -0.057850875874268959 0.068351207819510984 0.0036712410028005636 0.029125250900528789 0.071877286938593341 -0.019942162396022575 0.05028164616284584 0.00037043565354861406 0.026824781759662592 -0.031763488163558777 -0.0013745028025032825 0.012043890349132745
leaf_weight=158.60729090869427 189.00365340709686 6209.8734244480729 123.86278522759676 105.22038567811251 184.96633814275265 137.2326463535428 147.40967717766762 159.32112528383732 138.06029546260834 467.15094051510096 127.90711814165115 219.1340294033289 3339.7246739342809 1715.9461135417223
leaf_count=547 456 18134 306 292 541 340 395 405 361 1242 329 474 8616 5171
internal_value=5.78416e-05 0.000494631 -0.0229358 0.00100736 0.0272781 0.00040317 0.0108269 0.0312363 0.0170141 -0.00338713 0.000904684 -0.00992136 -0.000889557 0.00318132
internal_weight=13423.4 13234.4 282.47 12951.9 290.187 12661.8 1396.22 572.698 425.289 823.518 287.228 686.285 11265.5 5055.67
internal_count=37609 37153 853 36300 833 35467 3546 1490 1095 2056 734 1716 31921 13787
is_linear=0
shrinkage=0.05


Tree=98
num_leaves=15
num_cat=0
split_feature=5 11 47 58 12 44 29 33 55 18 11 47 56 43
split_gain=82.7638 157.571 64.2336 100.958 132.649 130.702 187.64 273.328 108.59 160.431 158.326 115.26 136.826 140.772
threshold=22.683333333333337 0.14501379177164567 0.58832618561317174 21.150735294117649 0.65561348694155952 0.61811443854115455 0.023671457967731787 0.86607142857142849 21.90275735294118 3.1055555555555561 0.14166384884910202 0.60124670147198256 4.4213214487832486 62.392307692307703
decision_type=10 10 2 2 10 8 10 10 2 10 10 2 2 8
left_child=2 -2 -1 4 5 -4 -7 -8 9 -5 11 12 13 -10
right_child=1 -3 3 8 -6 6 7 -9 10 -11 -12 -13 -14 -15
leaf_value=-0.0032042003755061209 0.061557958615870358 -0.0056768119674312709 0.00037875394395290489 -0.0032675640723642515 0.069285864217563498 0.0002171321416056444 0.10903658198756522 0.018798764063215945 0.09527602829558536 -0.043781902900578373 0.071270528075527015 -0.0044266698680364407 -0.0013012756908422935 0.012781073368939258
leaf_weight=7658.8372810855508 156.18652348220348 195.21163376420736 1305.0411848425865 1303.9745095297694 97.049983434379101 334.09458594024181 132.45797913521528 227.49931608885527 105.0930405408144 299.75124758481979 90.408569246530533 1185.7064867764711 224.79159426689148 101.58754196763039
leaf_count=19587 408 612 3910 3785 278 1155 381 739 304 900 366 4255 622 360
internal_value=0.0003862 0.024297 -0.000258655 0.00391308 0.0124971 0.00970692 0.0272211 0.0522148 -0.00152295 -0.0108626 0.00724989 0.00362897 0.0257253 0.0549849
internal_weight=13417.7 351.398 13066.3 5407.46 2096.14 1999.09 694.052 359.957 3311.31 1603.73 1707.59 1617.18 431.472 206.681
internal_count=37662 1020 36642 17055 6463 6185 2275 1120 10592 4685 5907 5541 1286 664
is_linear=0
shrinkage=0.05


Tree=99
num_leaves=15
num_cat=0
split_feature=58 39 2 31 83 4 57 77 17 6 76 36 50 76
split_gain=77.3516 111.509 102.361 123.987 93.3002 94.5869 113.285 110.293 141.569 118.222 156.992 114.947 112.036 108.374
threshold=27.205882352941178 23.954825462012327 1.5000000000000002 0.51437500000000014 20.619909114441736 18.558164301253633 220.55147058823533 0.5834828765421961 1.5773809523809526 5.8590422476769621 0.86435643813550811 0.43014548247400802 22.676388888888891 0.97406806374408972
decision_type=2 2 2 8 2 10 2 10 8 8 10 10 10 8
left_child=4 2 3 -2 5 7 -7 -1 -9 12 -11 -12 -10 -8
right_child=1 -3 -4 -5 -6 6 13 8 9 10 11 -13 -14 -15
leaf_value=-8.5620491265578382e-06 0.067736543672905644 -0.015247299322065611 -0.020661033957524715 0.0057110385614581073 0.043296791100778713 -0.05259088209457416 -0.023930511177879903 0.04943809708339527 0.0041672449988299394 0.046344562706303556 -0.051612386501929702 -0.0014147100673557976 0.06514004901065594 0.034714264461799586
leaf_weight=9122.4715432599187 118.27781207859516 1657.8091761618853 173.74555353820324 248.92527199536562 130.58230563253164 174.42830413579941 221.43398596346378 246.70661929249763 152.31015695631504 136.95992109179497 144.16059942543507 532.29713143408298 148.36829115450382 120.98503502458334
leaf_count=26886 317 4088 507 650 391 406 524 632 317 298 375 1158 368 497
internal_value=-0.000249747 -0.00881733 0.01088 0.0258194 0.00144333 0.000942599 -0.0199176 0.00197285 0.015246 0.00763691 -0.00227507 -0.0121728 0.0343702 -0.00316913
internal_weight=13329.5 2198.76 540.949 367.203 11130.7 11000.1 516.847 10483.3 1360.8 1114.1 813.418 676.458 300.678 342.419
internal_count=37414 5562 1474 967 31852 31461 1427 30034 3148 2516 1831 1533 685 1021
is_linear=0
shrinkage=0.05


Tree=100
num_leaves=15
num_cat=0
split_feature=52 58 27 33 55 48 48 33 29 36 31 39 40 15
split_gain=69.6447 160.106 155.982 94.9504 63.3221 116.881 115.305 114.777 110.716 132.499 191.742 179.85 160.28 139.842
threshold=177.07142857142858 20.303308823529417 6.6187500000000012 0.81176470588235294 23.72058823529412 19.332720588235297 20.117647058823533 5.854166666666667 0.080975011208990408 0.43014548247400802 0.37602678571428577 24.850102669404521 4.5000000000000009 0.35311750453239704
decision_type=8 2 10 10 2 2 2 10 8 10 8 2 2 10
left_child=1 2 -1 -3 5 -2 -7 8 9 10 -6 -12 -13 -14
right_child=4 3 -4 -5 7 6 -8 -9 -10 -11 11 12 13 -15
leaf_value=0.012695446254660401 -0.015203719761601849 0.014646787830482297 0.079835990407287824 -0.039439985289796899 0.0063521845152549735 0.022674278204155386 -0.0024019236417802924 0.05150714485831917 -0.005948045816635843 -0.023550943174234749 0.10120055547274494 -0.024264428280703312 0.092320238627088227 0.013331668822802329
leaf_weight=229.79520177096128 1689.0836792215705 177.10322695225477 138.19008684903383 148.16725676506758 1952.8124024942517 498.70413193106651 5547.6736636981368 121.25577181577682 2164.4404485449195 274.76518858969212 100.90317974984646 109.52210392057896 101.89689926058054 123.91234645247459
leaf_count=515 4345 420 310 350 6113 1251 14809 331 6793 855 348 351 330 339
internal_value=9.00131e-05 0.01551 0.0380569 -0.0100362 -0.000753873 -0.00357949 -0.000330236 0.00366205 0.00245006 0.00927349 0.0130569 0.0429876 0.0252222 0.0492253
internal_weight=13378.2 693.256 367.985 325.27 12685 7735.46 6046.38 4949.51 4828.25 2663.81 2389.05 436.235 335.331 225.809
internal_count=37460 1595 825 770 35865 20405 16060 15460 15129 8336 7481 1368 1020 669
is_linear=0
shrinkage=0.05


Tree=101
num_leaves=15
num_cat=0
split_feature=10 5 35 6 48 46 14 9 30 17 43 6 66 55
split_gain=82.7639 115.141 124.166 125.633 120.046 101.862 93.6959 138.761 88.0503 95.9564 95.7443 194.124 152.436 165.4
threshold=0.080106570254994708 6.5416666666666687 2.5000000000000004 6.1577541546162555 30.297794117647062 58.363970588235297 0.59522727272727283 12.907166666666669 0.39297813113767899 2.5166666666666671 64.21825396825399 9.6821927857741965 6.5000000000000009 24.129779411764712
decision_type=10 10 10 8 2 2 10 10 8 10 10 10 2 2
left_child=5 2 3 -2 8 -1 7 -7 9 -3 11 -10 -12 -14
right_child=1 4 -4 -5 -6 6 -8 -9 10 -11 12 -13 13 -15
leaf_value=-0.030164664036470747 0.02223167555594957 0.016542721903151904 -0.004572686863331365 0.094603115873334753 0.053597169242181553 -0.00052235384609522072 0.029352008999777374 -0.031346973944946586 0.0075572140454005822 -0.022459712233074997 0.076712268273881973 -0.045632642319112238 0.031679782510993487 -0.025542845582265734
leaf_weight=307.27609059214592 135.83943364024162 213.7686784490943 139.88267333805561 107.54542552679777 115.62491171061993 9038.7565679252148 247.25314844399691 379.47143711894751 1176.3546620160341 593.84121251106262 108.86326811462641 199.79323963075876 371.12429091334343 190.25422573834658
leaf_count=764 388 652 477 292 357 25294 661 1203 2860 2020 312 548 1040 585
internal_value=0.000413889 0.00720854 0.0329632 0.054467 0.00387459 -0.001871 -0.000968486 -0.00176751 0.0018421 -0.0121284 0.00735878 -0.000192575 0.0228405 0.0122758
internal_weight=13325.6 3352.89 383.268 243.385 2969.62 9972.76 9665.48 9418.23 2854 807.61 2046.39 1376.15 670.242 561.379
internal_count=37453 9531 1157 680 8374 27922 27158 26497 8017 2672 5345 3408 1937 1625
is_linear=0
shrinkage=0.05


Tree=102
num_leaves=15
num_cat=0
split_feature=57 47 43 29 81 50 56 48 13 19 33 3 55 46
split_gain=76.5701 117.351 152.936 150.967 123.043 121.187 108.397 101.989 100.867 136.11 76.7297 111.828 74.3235 90.3715
threshold=224.20588235294119 0.57181704377997167 56.964285714285722 0.10452299383201048 7.8350000000000009 22.676388888888891 4.2381415319803954 25.058823529411768 0.14825024270939138 12.04166666666667 3.3541666666666665 9.7207142857142887 23.190992647058824 67.060661764705898
decision_type=2 2 8 10 10 8 2 2 8 8 10 10 2 2
left_child=1 3 -3 7 10 -6 -5 -1 -9 -10 11 -4 13 -2
right_child=12 2 4 6 5 -7 -8 8 9 -11 -12 -13 -14 -15
leaf_value=-0.019968905632550799 -0.003330971470578883 -0.039216513208086744 -0.0013832333270492546 -0.019342722521311157 0.003120284619936011 0.062687178720323936 -0.079968426702990619 -0.014337784279236413 0.063993936909712501 -0.0017221521255106655 -0.038080717912539037 0.044512442385044454 0.0074446377160098491 0.023244854778140447
leaf_weight=939.74898803979158 5426.3797339573503 209.39005683362484 1387.5565963461995 155.11276625096798 170.86468425393105 169.90029104053974 141.01185864955187 311.43621089309454 133.35378025472164 190.40908393263817 121.7225046902895 145.75471908599138 3532.1091177016497 338.92779679596424
leaf_count=2046 13680 443 3691 341 415 448 306 654 294 428 311 427 12514 1470
internal_value=-0.000770885 -0.00648381 0.00133131 -0.0156903 0.00560291 0.032916 -0.0483841 -0.00951629 0.00595497 0.0254592 -3.72262e-05 0.00300572 0.00173426 -0.00176489
internal_weight=13373.7 4076.26 2205.19 1871.07 1995.8 340.765 296.125 1574.95 635.199 323.763 1655.03 1533.31 9297.42 5765.31
internal_count=37468 9804 5735 4069 5292 863 647 3422 1376 722 4429 4118 27664 15150
is_linear=0
shrinkage=0.05


Tree=103
num_leaves=15
num_cat=0
split_feature=9 6 31 3 52 20 63 24 47 48 39 39 47 41
split_gain=63.9163 93.973 85.2704 71.5227 184.108 172.398 60.1939 87.0207 83.2728 79.4831 79.0331 71.7781 133.469 153.809
threshold=19.329500000000003 5.3183252340347513 0.66937500000000016 18.31428571428572 214.03571428571431 6.6969696969696972 1.0000000180025095e-35 -4.9562222222222214 0.52855121675155636 22.323529411764707 21.159479808350451 22.514715947980839 0.62151692029740824 83.500000000000014
decision_type=10 10 10 10 10 10 2 8 2 2 2 2 2 10
left_child=3 -2 -3 6 -5 -6 10 -8 9 -9 -1 12 13 -12
right_child=1 2 -4 4 5 -7 7 8 -10 -11 11 -13 -14 -15
leaf_value=-0.035307954952577318 0.018604308096236991 -0.052893384056444198 -0.0026114114740473631 -0.030912374346295558 0.079511544242390486 0.0012382542690293789 -0.042339205581591856 -0.043154450149773982 -0.001413434781783036 -0.0058097962758890016 -0.025324166309169963 0.00059331061173472927 0.071795820481788994 0.031041078621270254
leaf_weight=144.54108018428087 121.45643549412489 205.36940577626228 142.74802435189486 121.61953388899565 147.7794475927949 133.50289970636368 159.69152937829494 251.74379307031631 3034.6366498023272 327.43659321963787 203.51617091149092 7947.5763134211302 97.380896218121052 295.62050695717335
leaf_count=268 361 646 423 240 440 341 435 531 8108 896 708 22912 278 855
internal_value=-0.00105339 -0.0191527 -0.0323414 -0.000391329 0.0203162 0.0424973 -0.00106238 -0.00633444 -0.00473215 -0.0220882 0.00122776 0.0018499 0.0185627 0.00805424
internal_weight=13334.6 469.574 348.117 12865 402.902 281.282 12462.1 3773.51 3613.82 579.18 8688.63 8544.09 596.518 499.137
internal_count=37442 1430 1069 36012 1021 781 34991 9970 9535 1427 25021 24753 1841 1563
is_linear=0
shrinkage=0.05


Tree=104
num_leaves=15
num_cat=0
split_feature=51 50 29 47 25 44 6 58 6 5 75 22 81 21
split_gain=85.2954 77.117 106.701 77.866 83.7008 85.1752 203.973 83.9612 78.3214 83.798 78.3376 74.8149 156.345 100.428
threshold=5.8555595068752977 12.520000000000001 0.086268804452166101 0.48334899417542526 -0.074999999999999956 0.5372902567905814 6.0289507008647787 17.514705882352946 6.0289507008647787 9.2833333333333368 9.4850000000000012 0.90661337209302328 9.1150000000000002 5.8972473604826563
decision_type=10 8 8 2 8 10 10 2 10 10 10 10 10 10
left_child=1 2 -1 -3 5 6 -5 -7 10 -10 -9 -6 13 -13
right_child=-2 3 -4 4 11 7 -8 8 9 -11 -12 12 -14 -15
leaf_value=0.055850336213382229 -0.033079121239314328 -0.021429080825464523 -0.0051507458070818484 -0.016366358860715993 5.3171659015849375e-05 0.019668999167024557 0.054460738446947467 -0.017329701240350274 -0.011515951351147476 -0.058613962133404619 0.028740944933528585 0.0129280251971613 0.056735404349544098 -0.01569748902838004
leaf_weight=144.68546826392412 194.48475557565689 423.79025886952877 140.8255238905549 277.12251822650433 8731.0776349827647 147.61676654219627 159.24964211136103 716.77808402478695 164.44672156870365 222.75158218294382 104.96208418905735 1364.0236577913165 168.93227499723434 394.16477560251951
leaf_count=360 463 864 321 672 25003 448 427 2090 517 695 240 3723 374 1284
internal_value=-0.000294168 0.000192805 0.0258492 -0.000378108 0.000340052 -0.00965205 0.0095467 -0.0158303 -0.0201776 -0.0386922 -0.0114172 0.00202168 0.0109356 0.00650525
internal_weight=13354.9 13160.4 285.511 12874.9 12451.1 1792.93 436.372 1356.56 1208.94 387.198 821.74 10658.2 1927.12 1758.19
internal_count=37481 37018 681 36337 35473 5089 1099 3990 3542 1212 2330 30384 5381 5007
is_linear=0
shrinkage=0.05


Tree=105
num_leaves=15
num_cat=0
split_feature=44 57 47 6 57 14 71 29 82 46 44 79 82 22
split_gain=65.3579 59.7668 191.922 180.329 147.099 231.835 161.054 191.937 132.572 128.199 141.936 208.066 114.976 101.82
threshold=0.43569721795528255 231.58823529411768 0.57749176920255241 3.6664241622691556 237.42463235294119 0.61045454545454558 0.007292242470471993 0.078783723494767824 0.79500000000000015 64.847426470588246 0.58894258695601676 -0.30178947386244331 6.6850000000000014 0.76689497716894983
decision_type=8 2 2 10 2 10 2 8 10 2 10 8 10 10
left_child=-1 2 -2 -4 5 6 7 8 -3 10 12 -12 -5 -11
right_child=1 4 3 9 -6 -7 -8 -9 -10 13 11 -13 -14 -15
leaf_value=-0.025348805249131964 -0.014033508700423223 -0.0012963938248772217 -0.005435964945036606 -0.019217353382291569 6.7263762094639602e-05 0.075668472172087206 0.051090158574372768 -0.026160332307506969 0.04886538984506645 0.024884948260790199 0.11010187444704585 0.028424323644710772 0.034000387670428692 -0.029877320613954313
leaf_weight=252.31441029906273 2452.4943536520004 300.01746745407581 1614.1536058038473 171.48890233784914 6697.9763597548008 155.41913123428822 199.87651658058167 367.97426265478134 233.73784030973911 155.37099538743496 115.22647202014923 240.14045989513397 245.88564406335354 184.69853784888983
leaf_count=572 5470 761 4066 419 21408 357 510 895 476 515 268 721 510 531
internal_value=-0.000192824 0.000292318 -0.00388721 0.00523967 0.00301373 0.0187012 0.0106027 0.00158168 0.0207204 0.0207159 0.0319621 0.0551426 0.0121409 -0.00485793
internal_weight=13386.8 13134.5 5179.46 2726.96 7955 1257.03 1101.61 901.73 533.755 1112.81 772.741 355.367 417.375 340.07
internal_count=37479 36907 12500 7030 24407 2999 2642 2132 1237 2964 1918 989 929 1046
is_linear=0
shrinkage=0.05


Tree=106
num_leaves=15
num_cat=0
split_feature=50 31 46 29 30 41 52 17 58 29 29 5 58 57
split_gain=67.9093 104.423 94.3592 105.348 91.2715 127.821 135.304 82.5243 73.8611 64.9622 139.674 110.78 106.045 91.2718
threshold=19.869047619047624 0.80611607142857145 67.060661764705898 0.076528509593535077 0.61178115870003935 64.000000000000014 253.67948717948721 4.4580419580419592 20.363970588235297 0.12889672437984825 0.080975011208990408 12.84166666666667 22.240808823529417 244.31250000000003
decision_type=8 10 2 8 10 10 8 10 2 10 10 10 2 2
left_child=2 4 9 -4 7 6 -6 -2 -9 10 11 -1 -13 -11
right_child=1 -3 3 -5 5 -7 -8 8 -10 13 -12 12 -14 -15
leaf_value=-0.0088723026232354618 0.0021186228904219169 -0.04419636536315763 -0.00729659095107344 0.062192316057308128 0.067150880745117547 -0.0171335790888822 0.0032475769859623992 -0.063046287096712172 -0.0065072619337638235 0.043984572568260688 -0.032809374533824105 -0.0073427385122254545 0.055631940198878328 -0.013985625587145861
leaf_weight=2275.8059636726975 8903.9630066975951 120.58823316544294 114.6740036085248 102.69292715936899 195.32859645783901 135.64695069938898 143.47114126384258 89.614854015409946 160.0727032199502 135.81059388071299 562.88047143816948 129.2179326787591 137.04519812762737 134.07412002980709
leaf_count=5448 25847 397 447 388 495 477 441 285 568 288 1299 301 351 373
internal_value=-0.000314886 0.00185062 -0.00619063 0.0256672 0.00243187 0.0237915 0.040179 0.0013223 -0.0269701 -0.00824953 -0.0102956 -0.00529948 0.0251571 0.0152407
internal_weight=13340.9 9748.69 3592.2 217.367 9628.1 474.447 338.8 9153.65 249.688 3374.83 3104.95 2542.07 266.263 269.885
internal_count=37405 28510 8895 835 28113 1413 936 26700 853 8060 7399 6100 652 661
is_linear=0
shrinkage=0.05


Tree=107
num_leaves=15
num_cat=0
split_feature=10 55 18 31 27 76 14 55 20 27 36 30 19 41
split_gain=61.3886 122.074 190.205 133.519 215.084 136.698 95.9021 95.2352 140.388 102.44 86.9482 120.638 117.854 175.563
threshold=0.081389042326187697 22.173529411764708 2.7071428571428577 0.75243589743589745 17.380357142857147 1.0443013131601486 0.69041666666666679 23.196875000000002 3.4415584415584415 14.88154761904762 0.65114667098547907 0.30348951142920894 11.035714285714286 88.500000000000014
decision_type=8 2 8 10 10 10 8 2 10 10 10 8 8 8
left_child=7 2 -2 4 5 10 -7 8 -1 -9 11 -4 -13 -14
right_child=1 -3 3 -5 -6 6 -8 9 -10 -11 -12 12 13 -15
leaf_value=-0.0053749308626573266 0.064048843346062354 -0.0036634995737863554 -0.0099182114697049621 0.054236840208645047 -0.048856884992843838 0.055695152866555832 0.0062609105292530153 0.0014875437146434855 -0.036620901261737074 0.053444760367153399 -0.036442455877641507 -0.015924672460973212 0.057763895909029021 0.0055164678606520572
leaf_weight=4268.1020746603608 160.70073778927326 2755.2608392089605 644.97273559868336 145.14375931769609 170.68841388076544 237.90883822739124 166.94960042834282 3336.5172731354833 391.61733813583851 96.646338544785976 128.16756624728441 188.40663895756006 290.32092250138521 359.35350754857063
leaf_count=11267 342 8548 1741 336 402 515 326 10402 980 271 265 521 722 915
internal_value=-0.000622134 0.00358941 0.0116048 0.00796481 0.00487018 0.00944086 0.0353758 -0.00335324 -0.00800823 0.00296532 0.00290617 0.006329 0.0188295 0.0289172
internal_weight=13340.8 5247.87 2492.61 2331.91 2186.77 2016.08 404.858 8092.88 4659.72 3433.16 1611.22 1483.05 838.081 649.674
internal_count=37553 14633 6085 5743 5407 5005 841 22920 12247 10673 4164 3899 2158 1637
is_linear=0
shrinkage=0.05


Tree=108
num_leaves=15
num_cat=0
split_feature=46 52 81 39 31 79 39 48 22 54 29 41 25 55
split_gain=62.3413 77.1357 79.4718 74.0661 100.171 119.178 70.5059 127.053 110.315 203.157 189.48 95.0218 82.8302 85.2004
threshold=64.911764705882362 177.07142857142858 6.995000000000001 26.280629705681047 0.67379807692307703 -0.62152319281471813 24.814510609171801 22.60477941176471 0.74856321839080475 27.591666666666672 0.091229544297634385 83.500000000000014 0.1466666666666667 19.252941176470593
decision_type=2 8 8 2 10 8 2 2 10 10 10 10 10 2
left_child=1 2 -1 -2 5 -5 7 12 -9 10 11 -10 13 -3
right_child=3 6 -4 4 -6 -7 -8 8 9 -11 -12 -13 -14 -15
leaf_value=0.041725779143181506 -0.010610800018338707 0.029391540183140077 0.0032677455235247533 -0.03314235569407873 0.055906903885014458 0.0080782398231686679 -0.0018000846251090151 0.0058546355361602216 0.016330234659978928 0.097741770867404876 -0.033720614560195913 0.065504501597589554 -0.030251190343789931 -0.00097579977245838649
leaf_weight=249.07911175489426 2211.3893654346466 264.31845849752426 290.63327442109585 212.61168122291565 87.244893595576286 977.99512813985348 5738.7447432130575 705.03182499855757 222.20702618360519 105.24071928858757 117.95500220358372 176.39815421402454 205.74043491482735 1784.0421625897288
leaf_count=467 7104 632 690 357 187 3906 14474 2150 540 304 362 580 549 5196
internal_value=0.000667955 0.00270068 0.0210606 -0.00507494 0.00450597 0.000695668 0.00163529 0.00713972 0.019409 0.0347436 0.0217446 0.0382012 -8.77432e-05 0.0029552
internal_weight=13348.6 9859.39 539.712 3489.24 1277.85 1190.61 9319.68 3580.93 1326.83 621.801 516.56 398.605 2254.1 2048.36
internal_count=37498 25944 1157 11554 4450 4263 24787 10313 3936 1786 1482 1120 6377 5828
is_linear=0
shrinkage=0.05


Tree=109
num_leaves=15
num_cat=0
split_feature=74 24 44 81 25 24 30 24 31 53 50 79 58 45
split_gain=74.9556 76.8893 75.864 88.1793 64.6179 84.1005 71.3739 101.471 75.9118 109.357 74.2595 69.1341 107.571 112.697
threshold=2.5000000000000004 6.8764307692307698 0.48313510019392375 4.5250000000000012 0.11816666666666666 4.4147222222222231 0.17989543576291628 -4.2590624999999989 0.34927083333333336 2.6201923076923079 24.051923076923078 0.11943215655125035 16.941176470588239 14.961538461538463
decision_type=2 10 10 10 10 10 8 8 8 10 10 8 2 8
left_child=2 4 3 -1 5 6 -2 10 9 -9 -8 -10 -13 -14
right_child=1 -3 -4 -5 -6 -7 7 8 11 -11 -12 12 13 -15
leaf_value=-0.010777117416749631 -0.0033106374134557748 -0.024841554849463585 -0.0025342140951060028 -0.053252689718043193 0.019122935671013599 -0.034815234252567086 -0.032235051599455361 0.010179252353621075 -0.00073457239185437627 0.056954362392997851 0.01395413798106087 0.057454571191128061 -0.038706855615210659 0.012903453428165063
leaf_weight=547.9082156047225 2824.8833572641015 245.74348352849483 4124.4539485424757 156.55227956175804 610.713413849473 149.15683133900166 269.84759047627449 365.60100797563791 1782.8912049382925 189.2924884185195 127.51809876412153 125.47933969646692 111.61981449276209 1748.7841896861792
leaf_count=1397 7863 765 11712 320 1722 421 729 1095 4441 541 419 362 327 5327
internal_value=-0.000147044 0.00266504 -0.00512649 -0.0202786 0.00348177 0.0022381 0.00297503 0.00673604 0.00895912 0.0262095 -0.0174147 0.00641299 0.0128271 0.00978783
internal_weight=13380.4 8551.53 4828.91 704.46 8305.79 7695.07 7545.92 4721.03 4323.67 554.893 397.366 3768.77 1985.88 1860.4
internal_count=37441 24012 13429 1717 23247 21525 21104 13241 12093 1636 1148 10457 6016 5654
is_linear=0
shrinkage=0.05


Tree=110
num_leaves=15
num_cat=0
split_feature=47 52 26 33 59 44 3 15 31 57 44 31 9 36
split_gain=64.1994 89.5057 108.618 134.89 150.547 186.684 148.338 139.484 86.8654 114.283 75.7584 127.142 184.007 243.241
threshold=0.58303084835533392 164.10000000000002 16.500000000000004 3.1269841269841274 1.0000000180025095e-35 0.5684789404876941 15.332051282051284 0.5632227288751428 0.61107142857142871 240.82352941176472 0.54466541588492812 0.53966666666666685 16.914666666666673 0.35963341551515271
decision_type=2 8 2 10 2 8 10 10 10 2 8 8 8 10
left_child=10 -2 3 -3 5 -5 -6 -7 9 -4 11 -1 13 -13
right_child=1 2 8 4 6 7 -8 -9 -10 -11 -12 12 -14 -15
leaf_value=-0.0054047771763919665 0.035830021104776642 0.001366900025033092 0.012118245542952493 -0.0058017024726882069 0.024254603163530571 0.036273293810399503 -0.048949890043725783 0.11644734987374301 -0.045709810223990295 -0.034039527771807902 -0.0080390901101065199 0.0087578198011729665 -0.017868872428657426 0.072432715494249358
leaf_weight=1676.2101979777217 198.6243792027235 4742.5503470525146 336.61800611019135 102.30774627625942 222.1124469190836 111.49637777358294 99.317685104906559 107.15769229829311 184.85126596689224 221.51109880208969 4421.3395735695958 409.91632404923439 257.05558372288942 235.81962577998638
leaf_count=3846 465 15791 582 317 656 366 332 324 310 405 11925 1001 603 496
internal_value=-0.000768324 0.0028819 0.00180828 0.00428167 0.0257648 0.0499312 0.00155371 0.0759161 -0.0161 -0.00622904 -0.00406715 0.00274268 0.0178593 0.0320876
internal_weight=13326.9 6326.55 6127.92 5384.94 642.392 320.962 321.43 218.654 742.98 558.129 7000.34 2579 902.792 645.736
internal_count=37419 19548 19083 17786 1995 1007 988 690 1297 987 17871 5946 2100 1497
is_linear=0
shrinkage=0.05


Tree=111
num_leaves=15
num_cat=0
split_feature=46 58 58 30 10 12 50 73 39 82 27 10 19 52
split_gain=65.1628 93.8521 284.571 368.325 115.295 139.63 98.8233 112.546 110.22 99.8872 98.6569 94.5624 82.3442 88.6
threshold=64.911764705882362 17.514705882352946 18.029411764705888 0.12811773692133624 0.12643126450044798 0.49846656461563305 22.676388888888891 17.500000000000004 27.57152635181383 3.8550000000000004 18.134065934065937 0.068188017656102773 15.174242424242426 233.62587412587416
decision_type=2 2 2 10 10 10 10 2 2 8 10 10 10 8
left_child=1 4 3 -3 5 11 10 8 -8 -10 12 -1 -4 -14
right_child=-2 2 6 -5 -6 -7 7 -9 9 -11 -12 -13 13 -15
leaf_value=-0.0059977000549082948 -0.0058085732620857533 -0.0054174866838195505 -0.0017406163974580129 0.11448062385327179 -0.05869420749166402 0.043919814954310014 0.011289765708708458 0.046282937036632353 0.031729322607933971 -0.017205111104233915 0.036010278005154515 -0.051964301146379045 -0.053385960938271318 -0.0045995250013907384
leaf_weight=686.35726018249989 3475.6855919137597 125.40212884545326 4365.5328490883112 129.74958945810795 116.22426156699657 120.57367696613073 2698.2382068485022 185.76080220937729 122.05677928030491 684.33467275649309 160.91610468924046 132.76167180389166 165.26346661895514 211.85082046687603
leaf_count=1852 11528 308 10628 314 315 312 7973 341 292 1983 451 364 344 543
internal_value=8.07472e-05 0.0021477 0.00382927 0.0557619 -0.011935 -0.0060954 0.00228109 0.00846046 0.00644307 -0.00976819 -0.00237023 -0.0135022 -0.00367979 -0.0260639
internal_weight=13380.7 9905.02 8849.11 255.152 1055.92 939.693 8593.95 3690.39 3504.63 806.391 4903.56 819.119 4742.65 377.114
internal_count=37548 26020 23177 622 2843 2528 22555 10589 10248 2275 11966 2216 11515 887
is_linear=0
shrinkage=0.05


Tree=112
num_leaves=15
num_cat=0
split_feature=44 5 10 82 50 33 73 52 41 26 48 48 31 20
split_gain=59.3417 80.5567 203.426 60.6072 57.5216 81.0477 90.9221 139.439 122.684 117.158 66.9879 154.364 152.961 75.4137
threshold=0.45115856428895962 23.250000000000004 0.12878942821689562 4.8450000000000006 21.963333333333338 6.8117647058823527 3.5000000000000004 175.16666666666671 191.00000000000003 14.500000000000002 29.93933823529412 28.656250000000004 0.26237179487179491 5.0333333333333341
decision_type=8 10 10 10 8 10 2 10 8 2 2 2 10 8
left_child=3 4 -3 -1 -2 6 -6 8 9 -8 11 13 -13 -9
right_child=1 2 -4 -5 5 -7 7 10 -10 -11 -12 12 -14 -15
leaf_value=-0.0045416309182086008 -0.0041364270676758708 0.079466327209406121 -0.0096199732357125228 -0.045936086772205315 -0.011648458183886259 -0.041400696229683266 0.019483467191825074 0.00023427391164600899 -0.00096072237418855482 0.073615217680659817 -0.019245465098974499 0.085345160557728089 0.0069411738460710181 0.019046508797668969
leaf_weight=244.40252709388733 5287.7595245167613 109.49941720813513 152.09265688061714 137.78125104308128 893.84127373248339 101.85843136906624 220.26081199944019 4663.4073416590691 239.05091850459576 183.5455878674984 321.14659523963928 112.89325015991926 137.5085239559412 600.44286402314901
leaf_count=551 13654 294 508 296 2264 259 593 14599 603 427 949 320 368 1872
internal_value=-0.000152483 0.00041809 0.0278311 -0.0195457 -0.000145965 0.00267743 0.00329198 0.00535487 0.0274372 0.0442095 0.00291788 0.00421192 0.0424884 0.00238338
internal_weight=13405.5 13023.3 261.592 382.184 12761.7 7473.96 7372.1 6478.26 642.857 403.806 5835.4 5514.25 250.402 5263.85
internal_count=37557 36710 802 847 35908 22254 21995 19731 1623 1020 18108 17159 688 16471
is_linear=0
shrinkage=0.05


Tree=113
num_leaves=15
num_cat=0
split_feature=66 19 24 30 14 13 56 12 12 48 57 3 53 51
split_gain=59.9634 104.919 96.2643 95.4807 166.813 137.637 114.227 88.7951 184.026 82.6225 124.381 205.329 142.055 92.6598
threshold=7.5000000000000009 19.522727272727277 -2.6229999999999989 0.52082594482085842 0.65535714285714297 0.57639242126357348 3.7003273364276859 0.72723982604441761 0.66722828405373169 28.352941176470591 276.42279411764713 12.704545454545459 3.2928571428571431 3.9799598393574303
decision_type=2 10 8 10 10 10 2 10 10 2 2 10 8 10
left_child=1 7 -2 5 -5 6 -4 8 9 -1 11 12 13 -11
right_child=2 -3 3 4 -6 -7 -8 -9 -10 10 -12 -13 -14 -15
leaf_value=0.00077768763081517125 -0.030765613564332175 -0.035733894101395082 0.039057891688007516 -0.0071823581818322123 0.067703934101818519 -0.059468400714554129 -0.0064914845175830169 -0.039169243321784411 0.055549106472217759 0.03014175209849064 -0.023338882779617993 0.074886235238844287 0.047144172066702301 -0.0099441937555007978
leaf_weight=8757.4140758365393 343.22626413404942 178.16010735183954 147.10888239741325 180.83140423893929 125.10486490279436 113.96020169556141 1947.2376585677266 123.16169690340757 165.23454964160919 199.12479162216187 185.3542907461524 150.53560550510883 220.0104523524642 514.52516911178827
leaf_count=24761 958 576 507 540 323 320 5377 422 470 533 601 354 555 1257
internal_value=0.000452858 0.0022015 -0.00596723 -0.00257105 0.0235613 -0.00620042 -0.00327494 0.0028601 0.00337177 0.00250648 0.0144218 0.0208929 0.0121167 0.00126724
internal_weight=13351 10493.5 2857.47 2514.24 305.936 2208.31 2094.35 10315.4 10192.2 10027 1269.55 1084.2 933.66 713.65
internal_count=37554 29529 8025 7067 863 6204 5884 28953 28531 28061 3300 2699 2345 1790
is_linear=0
shrinkage=0.05


Tree=114
num_leaves=15
num_cat=0
split_feature=54 63 70 83 54 22 27 25 50 24 47 47 42 40
split_gain=64.2055 87.8141 60.2368 85.4695 68.4659 60.4598 153.978 116.476 88.7219 111.073 104.742 129.617 137.189 86.0196
threshold=32.392307692307703 1.0000000180025095e-35 0.3452204456869144 12.694078649916767 16.035714285714288 0.91240409207161133 14.88154761904762 -0.06666666666666661 22.427142857142861 1.6900357142857148 0.52619518747205574 0.56302065271837565 8.5000000000000018 1.0000000180025095e-35
decision_type=10 2 2 2 10 10 10 8 8 10 2 2 2 2
left_child=2 -2 5 4 -4 -1 7 -7 9 13 -10 -12 -13 -9
right_child=1 -3 3 -5 -6 6 -8 8 10 -11 11 12 -14 -15
leaf_value=-0.0030885090045654194 0.0039325714055362228 0.051259812894624918 0.033549595129459951 0.053911234322727597 -0.00089307859989063657 -0.028891055923488507 0.057068873372214002 0.039565275855004474 -0.020940180321766835 -0.047660440994653094 0.066821227917999146 -0.00481729892875406 0.049534913014386672 -0.0051827763596585382
leaf_weight=9927.0884527266026 319.40067834407091 140.52526045590639 181.08752725273371 104.47956223040819 694.75510266423225 251.56164666265249 138.86865694075823 133.7514798566699 132.53911925852299 122.96809690445662 159.06424680352211 317.06968524307013 182.02438350766897 528.21631605923176
leaf_count=27736 1041 429 511 307 2162 617 294 351 367 296 399 1023 574 1371
internal_value=0.000136833 0.0184727 -0.000519631 0.0113868 0.00625836 -0.00150192 0.00650659 0.0026347 0.00768315 -0.00422389 0.0194938 0.0276558 0.0150649 0.00390467
internal_weight=13333.4 459.926 12873.5 980.322 875.843 11893.2 1966.06 1827.19 1575.63 784.936 790.697 658.158 499.094 661.968
internal_count=37478 1470 36008 2980 2673 33028 5292 4998 4381 2018 2363 1996 1597 1722
is_linear=0
shrinkage=0.05


Tree=115
num_leaves=15
num_cat=0
split_feature=51 46 24 57 57 44 52 47 47 57 83 10 52 52
split_gain=69.4054 66.318 63.4503 63.9205 67.1604 62.6595 62.0229 59.4424 145.045 220.398 284.559 134.681 110.358 100.827
threshold=5.8555595068752977 58.363970588235297 7.0816428571428593 232.3602941176471 257.94301470588238 0.58644295924997691 139.75000000000003 0.51285907624678206 0.49593863466732058 251.03125000000003 4.5785037883074713 0.051896832968796998 211.83216783216787 238.07738095238099
decision_type=10 2 10 2 2 10 8 2 2 2 2 8 8 8
left_child=1 5 6 -4 -5 -1 -3 8 12 11 -11 -10 -8 -14
right_child=-2 2 3 4 -6 -7 7 -9 9 10 -12 -13 13 -15
leaf_value=-0.036541776582967943 -0.030007385349211942 0.037381814832626502 0.0061645007471464036 -0.065714638961136329 -0.0094759675055792122 0.0028104209374648693 -0.035422901072769339 0.00017280158281413421 0.038732302945032784 0.016133713407227246 0.13608024145854475 -0.029782263517130942 0.04528330172905868 -0.0055976223847645041
leaf_weight=230.7407565638423 189.42340792715549 119.16186915338039 141.85029100626707 103.59440092742443 108.60196889936924 179.27573648095131 188.16353884339333 11111.425478421152 143.35488089174032 104.17878520488739 93.649484626948833 141.58161874860525 139.27939791977406 317.68407595157623
leaf_count=406 452 270 371 316 404 655 323 31743 343 402 343 321 281 740
internal_value=-3.79756e-05 0.000396885 0.00103591 -0.0198041 -0.0371112 -0.0193704 0.00163449 0.00128343 0.012215 0.032912 0.0733138 0.00470312 -0.00330009 0.00997556
internal_weight=13312 13122.5 12712.5 354.047 212.196 410.016 12358.5 12239.3 1127.89 482.765 197.828 284.936 645.127 456.963
internal_count=37370 36918 35857 1091 720 1061 34766 34496 2753 1409 745 664 1344 1021
is_linear=0
shrinkage=0.05


Tree=116
num_leaves=15
num_cat=0
split_feature=31 39 74 52 81 25 56 24 36 80 25 27 21 5
split_gain=78.8762 71.6558 55.4845 75.3355 64.8068 59.1375 84.3399 85.1488 75.5349 74.8067 74.2899 113.84 108.962 58.9736
threshold=0.80611607142857145 21.353867214236825 3.5000000000000004 170.70979020979021 9.4150000000000009 0.10275252525252529 4.2018518518518526 2.0270357142857165 0.48271897706968264 8.3750000000000018 0.05166666666666668 18.655128205128211 4.0024875621890557 6.2833333333333341
decision_type=10 2 2 10 8 10 2 10 10 10 10 10 8 10
left_child=1 -1 5 4 -4 10 9 -8 -9 -7 11 -3 -12 -14
right_child=-2 2 3 -5 -6 6 7 8 -10 -11 12 -13 13 -15
leaf_value=-0.028224782287567099 -0.036046841455908044 -0.0026850351847696853 0.054084630841949179 0.0028014400423719225 0.012950140013674092 0.0083799429182996373 0.0276264810463972 -0.0024124320811306946 -0.050694702891120172 0.049268181143669765 0.02544705276807693 0.037074472478128805 -0.0092044776190999614 -0.042620237384714051
leaf_weight=219.69340937584639 152.29476120322943 7131.8720224350691 127.90685097873211 3461.3828644901514 376.2485543563962 267.50956561416388 161.65798031538725 311.82408317923546 108.48540269583464 191.88900592923164 112.1036209538579 183.69643039256334 229.12079802155495 312.81590244174004
leaf_count=515 502 19957 210 10053 1029 929 456 909 266 460 345 464 626 876
internal_value=-0.000387669 2.65667e-05 0.000507002 0.0054347 0.0234726 -0.00166194 0.00953797 -0.00310708 -0.0149652 0.0255287 -0.00312641 -0.00168173 -0.0192582 -0.0285356
internal_weight=13348.5 13196.2 12976.5 3965.54 504.155 9010.97 1041.37 581.967 420.309 459.399 7969.61 7315.57 654.04 541.937
internal_count=37597 37095 36580 11292 1239 25288 3020 1631 1175 1389 22268 20421 1847 1502
is_linear=0
shrinkage=0.05


Tree=117
num_leaves=15
num_cat=0
split_feature=34 77 52 48 77 80 30 69 49 79 79 43 48 20
split_gain=61.0498 178.383 64.0802 60.507 63.538 61.2057 68.7244 63.1199 70.0135 53.677 47.3756 54.4369 44.6003 90.4508
threshold=1.0000000180025095e-35 0.15277299888598406 269.78888888888895 15.029411764705884 0.33892391256259036 1.7850000000000004 0.12372900251567313 0.14058074779105609 4.5000000000000009 -0.24218496738897852 0.38602590380234952 63.226495726495735 25.424632352941178 6.7846153846153854
decision_type=8 8 8 2 8 8 10 2 2 8 8 10 2 10
left_child=3 10 -3 4 -1 6 7 8 -5 -4 11 -2 -7 -14
right_child=1 2 9 5 -6 12 -8 -9 -10 -11 -12 -13 13 -15
leaf_value=-0.0020162508900096318 -0.005622569331193733 0.075559668499571853 0.054267790285311812 0.032238954678866359 0.052131209405867233 -0.0046095480206707418 0.032937674448187758 -0.017167562356590307 0.0007160451537071952 0.0070231083868154288 -0.021839002098717673 0.030009141787269541 0.0042573843445498439 -0.038606062641939408
leaf_weight=107.01567950844765 325.25090569257736 97.110294833779335 105.26650179922581 253.08390502631664 108.5785615593195 7633.0649914890528 240.23211506009102 276.52475482225418 574.38714963197708 139.24979776889086 219.83436639606953 158.70776772499084 2984.9419197365642 127.37229454517365
leaf_count=236 792 422 217 508 379 21916 561 620 1295 546 427 446 8795 353
internal_value=0.000160773 0.0117549 0.0413424 -0.000825109 0.0253685 -0.00129428 0.0087603 0.0034742 0.0103847 0.0275006 -0.00264543 0.00610016 -0.00255279 0.00249135
internal_weight=13350.6 1045.42 341.627 12305.2 215.594 12089.6 1344.23 1104 827.471 244.516 703.793 483.959 10745.4 3112.31
internal_count=37513 2850 1185 34663 615 34048 2984 2423 1803 763 1665 1238 31064 9148
is_linear=0
shrinkage=0.05


Tree=118
num_leaves=15
num_cat=0
split_feature=74 51 3 56 8 56 52 77 28 3 31 3 13 43
split_gain=61.0613 67.0859 63.6685 94.2853 128.743 92.1542 62.492 146.628 108.487 73.5077 102.816 77.4512 97.8747 82.7897
threshold=2.5000000000000004 5.4059015059015065 18.130303030303036 4.6442340312106243 20.012801526925603 4.1915269032893159 274.09722222222223 0.61276519091199588 15.096178733031676 14.836931818181821 0.59205882352941186 13.890833333333335 0.60763909963059903 55.392307692307703
decision_type=2 8 10 2 10 2 8 10 8 10 8 10 10 8
left_child=1 -1 6 4 5 -4 9 -8 -9 11 -11 12 13 -2
right_child=2 -3 3 -5 -6 -7 7 8 -10 10 -12 -13 -14 -15
leaf_value=-0.0026936170967459859 0.024993990662049631 -0.021058005977106747 0.023795902835352368 -0.02040956729111763 -0.011302467318757087 0.085345231150306525 0.0036420216595361606 0.080075157767095062 0.014647076288891753 -0.049279968109652156 0.0018877481929711723 0.030908091610704354 -0.042025709841925413 -0.0015693988838269884
leaf_weight=4266.2969933971763 310.80329610407352 561.9873880520463 130.57415863871574 109.46321723610163 114.41509421914816 114.64297004789114 1855.2125515118241 113.91473822295666 142.45784859359264 185.40332195907831 207.2745366692543 194.82018710672855 141.25637600570917 4948.5882437452674
leaf_count=12083 671 1393 363 278 385 280 6384 335 356 473 542 457 369 13235
internal_value=-0.000338731 -0.00483506 0.00219508 0.0200843 0.032432 0.052801 0.00115668 0.00855039 0.0439171 -0.00145153 -0.022335 1.77493e-05 -0.00110209 4.81531e-06
internal_weight=13397.1 4828.28 8568.83 469.095 359.632 245.217 8099.73 2111.59 256.373 5988.15 392.678 5595.47 5400.65 5259.39
internal_count=37604 13476 24128 1306 1028 643 22822 7075 691 15747 1015 14732 14275 13906
is_linear=0
shrinkage=0.05


Tree=119
num_leaves=15
num_cat=0
split_feature=39 47 22 22 39 20 21 80 41 56 59 19 28 19
split_gain=59.2981 66.6644 55.2144 54.3087 101.693 345.864 69.3635 89.2618 176.881 75.3843 171.772 238.913 155.618 311.573
threshold=21.353867214236825 0.48334899417542526 0.77859477124183019 0.64334637964774966 22.026009582477759 -9.1857738346962338e-17 6.3692754613807248 2.1850000000000005 129.50000000000003 4.0554552859812496 0.75000000000000011 17.207142857142859 13.564218137254903 12.04166666666667
decision_type=2 2 8 8 2 10 8 8 8 2 2 10 10 10
left_child=-1 2 -2 -3 5 -5 7 8 -6 12 11 -11 -9 -14
right_child=1 3 -4 4 6 -7 -8 9 -10 10 -12 -13 13 -15
leaf_value=-0.025273851541971166 0.0045338546914003549 -0.0070291009772386727 -0.032419819039313368 0.10182918612876389 0.068531453363088662 -0.007212706158241388 -0.0033671229142169324 0.002815578233700787 0.0092575065608957573 0.0043317053815312943 -0.010293144406581599 0.062591078052558521 0.11336266491480468 0.014326699372393212
leaf_weight=217.18911924213171 162.69438555836678 1572.123604901135 264.9688039124012 110.37557597458363 154.61440055072308 209.18506313860416 3794.9941833466291 1223.1941299587488 660.58354955911636 2078.7999848797917 2218.6409351080656 191.26971463859081 102.47476591914892 343.21457462757826
leaf_count=505 338 5009 522 313 351 573 10850 4068 1487 5629 5933 539 323 1015
internal_value=0.000577588 0.00100851 -0.0183839 0.00166502 0.00289832 0.0306503 0.00207194 0.00503226 0.0205699 0.00297224 -0.000401726 0.00926588 0.0120418 0.0373003
internal_weight=13304.3 13087.1 427.663 12659.5 11087.3 319.561 10767.8 6972.79 815.198 6157.59 4488.71 2270.07 1668.88 445.689
internal_count=37455 36950 860 36090 31081 886 30195 19345 1838 17507 12101 6168 5406 1338
is_linear=0
shrinkage=0.05


Tree=120
num_leaves=15
num_cat=0
split_feature=5 11 81 80 41 59 53 45 25 11 31 53 44 57
split_gain=58.104 122.289 82.8706 107.188 85.9522 89.8396 92.4873 82.5983 91.332 80.6223 75.2244 152.551 133.442 107.732
threshold=23.250000000000004 0.13544540344610387 9.5650000000000031 17.185000000000006 26.000000000000004 0.75000000000000011 1.966666666666667 25.919871794871799 0.10500000000000004 0.10739761682092984 0.51689903846153851 3.7416666666666671 0.53635629314143063 210.52941176470591
decision_type=10 10 10 10 8 2 10 8 8 10 10 10 8 2
left_child=2 -2 3 4 5 6 -1 8 9 -4 -6 12 -12 -14
right_child=1 -3 7 -5 10 -7 -8 -9 -10 -11 11 -13 13 -15
leaf_value=-0.035315103853656708 0.061102218192691155 -0.0047276155633828761 -0.048716458712283292 0.047963809423659381 -0.00069470259627882173 -0.04202992850117148 0.024450048568086906 -0.0337191408425968 0.016876453313221691 -0.002376168979842894 0.047429050456698631 -0.038966670828430618 -0.024561636719724878 0.015585653064789838
leaf_weight=108.49039387702942 117.24094966799021 174.57494663447142 148.7876620143652 116.77167496085167 9812.5821298509836 242.25417186319828 157.3571016266942 355.16572904586792 296.71265280246735 251.66847863793373 271.89348412305117 137.6082027554512 201.84072233736515 948.74169519543648
leaf_count=312 308 544 363 275 28230 713 448 848 702 600 721 334 449 2638
internal_value=-0.000188369 0.0218388 -0.000682566 0.000497952 2.74303e-05 -0.0200722 1.93901e-05 -0.0141292 -0.0041153 -0.0196722 0.000927115 0.0111219 0.0159914 0.00852761
internal_weight=13341.7 291.816 13049.9 11997.5 11880.8 508.102 265.847 1052.33 697.169 400.456 11372.7 1560.08 1422.48 1150.58
internal_count=37485 852 36633 34120 33845 1473 760 2513 1665 963 32372 4142 3808 3087
is_linear=0
shrinkage=0.05


Tree=121
num_leaves=15
num_cat=0
split_feature=44 53 14 33 79 44 33 4 19 48 46 54 33 6
split_gain=68.0451 56.379 99.1356 128.449 118.949 89.4953 91.737 111.624 106.053 94.2038 182.637 152.995 120.251 76.2366
threshold=0.42606580594839799 2.5166666666666671 0.80585714285714294 4.4450549450549453 0.15928404245544162 0.65575507801000898 3.6568627450980391 14.110595299896227 1.6125000000000003 24.93933823529412 64.264705882352956 20.912878787878793 1.2403846153846154 7.5745652323662744
decision_type=8 10 10 10 10 8 10 10 10 2 2 10 10 10
left_child=-1 13 3 5 -5 6 7 8 -3 -10 11 -11 -12 -2
right_child=1 2 -4 4 -6 -7 -8 -9 9 10 12 -13 -14 -15
leaf_value=-0.030456600615423376 -0.00029108938587635774 -0.00091807093150544396 0.049450566945112018 -0.055678843246346088 0.0095895685364789304 -0.01713694040612879 0.04351176005521467 -0.020368089254999132 0.010080675869545412 0.10452787331843116 0.032020466660092888 0.026943454088075542 -0.036399880499434253 -0.01503779689721089
leaf_weight=179.76615613698959 7378.8273104205728 1499.637163579464 119.97677706927061 168.14816533774137 118.42113934457302 388.80219984054565 172.64764627069235 353.73894768953323 1429.281492434442 124.61642824113369 169.06505133956671 130.49645803123713 102.20055332034826 993.55612641572952
leaf_count=419 20734 4182 365 490 253 1320 465 942 3935 297 568 325 329 2840
internal_value=1.14976e-05 0.000430312 0.00476408 0.00360248 -0.0287679 0.00573108 0.00796783 0.00634577 0.00908573 0.0167534 0.0348184 0.0651017 0.00620377 -0.00204268
internal_weight=13329.2 13149.4 4777.03 4657.06 286.569 4370.49 3981.68 3809.04 3455.3 1955.66 526.378 255.113 271.266 8372.38
internal_count=37464 37045 13471 13106 743 12363 11043 10578 9636 5454 1519 622 897 23574
is_linear=0
shrinkage=0.05


Tree=122
num_leaves=15
num_cat=0
split_feature=51 66 24 39 18 55 44 55 10 19 33 25 54 51
split_gain=67.7678 56.2738 108.673 105.867 95.4832 91.1589 135.94 84.1524 83.135 81.0986 120.054 151.085 119.156 91.8919
threshold=5.8555595068752977 7.5000000000000009 -2.6912857142857143 25.509924709103355 6.7750000000000012 19.16764705882353 0.58341924398625444 20.199816176470595 0.18873680594578215 19.522727272727277 4.6018099547511309 0.015000000000000043 19.050000000000004 4.991701126316511
decision_type=10 2 8 2 10 2 8 2 10 10 10 8 10 10
left_child=1 4 3 -3 8 6 -4 -7 9 10 13 -12 -13 -1
right_child=-2 2 5 -5 -6 7 -8 -9 -10 -11 11 12 -14 -15
leaf_value=-0.00017361900997296496 -0.029906329400187909 -0.0014108704120552322 0.046883610304762853 -0.059425878146451575 0.043033456352980226 -0.031893238843962578 -0.01378318132783141 -0.0023067733013255563 -0.040937759458778748 -0.034045267178586441 0.063686810896308996 0.041217916438794133 -0.023699329095025212 0.015335712022868007
leaf_weight=8457.0316244885325 183.2678082510829 143.61680515110493 211.81400596350431 172.92928888648748 141.08049239218235 275.15729452669621 162.47082813084126 1854.4289581850171 111.74559768289328 150.73075103014708 177.63526599854231 125.66152288764715 158.98044154793024 1075.6442125588655
leaf_count=24043 441 451 485 461 521 569 418 5559 281 477 404 315 395 2766
internal_value=0.000206489 0.000626205 -0.0056366 -0.0331918 0.00232526 -0.00214113 0.0205826 -0.00614272 0.00176122 0.0022355 0.00278599 0.0276422 0.0050038 0.00157784
internal_weight=13402.2 13218.9 2820.42 316.546 10398.5 2503.87 374.285 2129.59 10257.4 10145.7 9994.95 462.277 284.642 9532.68
internal_count=37586 37145 7943 912 29202 7031 903 6128 28681 28400 27923 1114 710 26809
is_linear=0
shrinkage=0.05


Tree=123
num_leaves=15
num_cat=0
split_feature=69 31 41 28 50 36 50 77 82 20 73 32 57 57
split_gain=60.7253 62.3963 57.2295 78.2585 53.0101 78.0923 54.4687 88.6226 127.356 101.47 84.6356 83.4983 70.7582 105.648
threshold=0.29991331117075976 0.37480769230769234 115.50000000000001 3.0497020202020209 12.520000000000001 0.16410805662283465 23.250714285714288 0.78136782893100554 16.025000000000002 6.8730158730158744 17.500000000000004 0.060661764705882359 256.60294117647067 275.83272058823536
decision_type=2 10 10 8 8 8 8 10 10 10 2 10 2 2
left_child=4 2 3 -2 5 -1 7 9 -9 -6 11 12 -8 -14
right_child=1 -3 -4 -5 6 -7 10 8 -10 -11 -12 -13 13 -15
leaf_value=-0.0023458576437206669 0.010186893087218067 -0.034863203414019703 0.016153161553129295 -0.045170761574689244 -0.0032125911070994997 0.050717187416368839 -0.0022156668042452869 -0.0070927135509569212 0.058608653054296189 -0.050606887384108623 0.03289804549628822 0.044730087344434385 0.021430500258182755 -0.0027167095172134824
leaf_weight=148.62613176554441 119.54199264198542 240.78031219542027 204.88507051765919 135.27849044650793 6122.5916682034731 128.83239756524563 3755.0475231260061 155.87972705066204 138.67989982664585 114.06380125135183 238.80520498752594 114.07759511470795 940.15332569181919 872.86476193368435
leaf_count=344 300 602 590 401 16224 307 10162 388 331 320 467 390 3494 3361
internal_value=2.16081e-05 -0.0143002 -0.00347762 -0.0192629 0.000810771 0.0223866 0.000328261 -0.00282016 0.0239334 -0.00408737 0.00380107 0.00257263 0.00170104 0.00980991
internal_weight=13430.1 700.486 459.706 254.82 12729.6 277.459 12452.2 6531.22 294.56 6236.66 5920.95 5682.14 5568.07 1813.02
internal_count=37681 1893 1291 701 35788 651 35137 17263 719 16544 17874 17407 17017 6855
is_linear=0
shrinkage=0.05


Tree=124
num_leaves=15
num_cat=0
split_feature=25 29 45 29 17 82 41 18 36 6 29 14 57 57
split_gain=52.2406 66.4624 95.7703 124.534 85.6552 153.879 91.7629 78.35 53.7069 114.854 137.163 80.687 113.741 143.503
threshold=0.095000000000000015 0.093768518249702351 17.925824175824179 0.12250803269234074 2.759615384615385 5.2350000000000012 162.50000000000003 2.7207792207792214 0.65114667098547907 5.2817683377941629 0.079046467464125927 0.59045454545454568 274.02757352941182 224.20588235294119
decision_type=10 8 10 8 10 10 8 10 10 8 8 10 2 2
left_child=8 4 -3 -4 5 -2 -7 -5 11 -10 -11 -1 13 -13
right_child=1 2 3 7 -6 6 -8 -9 9 10 -12 12 -14 -15
leaf_value=-0.0021583185240484559 0.0052682621849059362 0.035681432691845393 -0.058017970108776497 -0.018533420298438102 -0.025460325939474584 0.028020374727313131 0.083430233360830885 0.025686209697649634 0.025021028895397042 0.015851450137340965 -0.043601955335894942 -0.00686206367790731 -0.025431983158866762 0.031944313802026766
leaf_weight=9994.2559691146016 525.09162852168083 121.68482977896929 119.54390085488558 240.87452378869057 106.70065139234066 196.98256365954876 121.06200084090233 169.98691873252392 133.89015606790781 133.52118039876223 349.60912869870663 373.11439555883408 176.73522314429283 656.48874478042126
leaf_count=28211 1672 313 306 707 364 507 283 537 290 309 825 888 619 1753
internal_value=-0.000326609 0.00814373 -0.00414475 -0.0133316 0.0165756 0.0219192 0.0493072 -0.000220357 -0.00147539 -0.0158244 -0.0271722 -0.000683588 0.0115259 0.0178884
internal_weight=13419.5 1601.93 652.09 530.405 949.837 843.136 318.045 410.861 11817.6 617.02 483.13 11200.6 1206.34 1029.6
internal_count=37584 4689 1863 1550 2826 2462 790 1244 32895 1424 1134 31471 3260 2641
is_linear=0
shrinkage=0.05


Tree=125
num_leaves=15
num_cat=0
split_feature=74 45 22 15 80 71 11 48 17 58 55 14 77 75
split_gain=75.1711 63.0941 86.1118 118.031 82.3577 81.9823 83.9562 69.0351 99.9232 76.4549 66.4033 53.5412 93.4191 74.7785
threshold=2.5000000000000004 28.207142857142859 0.90661337209302328 0.40178771669070346 14.085000000000003 0.19770207307938212 0.088714732318831632 29.420955882352946 1.9128787878787883 22.424632352941178 19.252941176470593 0.6805000000000001 0.73595504009696688 1.2850000000000004
decision_type=2 8 10 10 10 2 10 2 10 2 2 8 8 10
left_child=-1 7 4 -4 5 6 10 11 9 -9 -3 -2 13 -13
right_child=1 2 3 -5 -6 -7 -8 8 -10 -11 -12 12 -14 -15
leaf_value=-0.0049837212153813724 -0.00043498159786313175 0.030120931994702917 0.010561129385651867 0.078120819174700915 -0.028313958490744136 0.046518894194692684 0.048289690442836743 -0.029829528880203189 -0.057977647658160894 0.025109974441521202 -0.002076392396324585 0.011319329104919318 -0.0056053946496448766 0.046699178461981003
leaf_weight=4844.5861475989223 5125.2213418409228 186.88402332365513 167.31720592081547 104.74469197541475 153.51827770471573 138.62114556878805 108.61393851786852 126.3625860363245 119.0949904024601 124.95412404090166 1083.6279613897204 426.86017528176308 461.00407980382442 229.50081984698772
leaf_count=13466 14461 418 553 230 383 417 403 299 340 363 3048 1090 1551 495
internal_value=-7.59175e-06 0.00281014 0.010728 0.0367627 0.00647047 0.0100052 0.00630403 0.00048208 -0.0204605 -0.00252247 0.00267959 0.00172781 0.0116398 0.0237423
internal_weight=13400.9 8556.33 1943.33 272.062 1671.27 1517.75 1379.13 6613 370.412 251.317 1270.51 6242.59 1117.37 656.361
internal_count=37517 24051 5452 783 4669 4286 3869 18599 1002 662 3466 17597 3136 1585
is_linear=0
shrinkage=0.05


Tree=126
num_leaves=15
num_cat=0
split_feature=83 10 50 79 18 32 13 80 43 15 50 79 80 18
split_gain=69.5767 62.4332 54.0876 62.1 54.036 49.2365 55.1611 107.231 106.686 98.3613 89.1742 100.147 83.1536 82.7022
threshold=20.619909114441736 0.19361929554845433 12.520000000000001 0.7111892386706703 6.7750000000000012 0.07417582417582419 0.57639242126357348 17.055000000000003 58.038461538461547 0.78464101246579021 25.467948717948723 0.39181920657204422 15.365 3.1742424242424243
decision_type=2 10 8 8 10 10 10 10 10 10 8 10 8 10
left_child=1 2 3 -1 -3 6 7 -4 -8 10 11 13 -12 -10
right_child=-2 4 5 -5 -6 -7 8 -9 9 -11 12 -13 -14 -15
leaf_value=0.040653786226125553 0.032097282446755214 -0.055847426788009857 -0.0014890542420478449 -0.0058452990457015883 -0.0031670299703773705 0.030773578587756312 -0.049118458287876705 0.048310844668125991 0.01102981651822805 0.027607866989385589 -0.017342269892802853 -0.06602131942945004 0.051109554712161102 -0.031748282249554456
leaf_weight=161.14496040344238 153.3224568516016 97.34687964618206 11368.61023081094 128.47117488831282 96.633790455758572 114.39547941088676 169.47094262391329 108.13206732273102 198.94963842630386 174.8150237351656 87.557356536388397 110.78965109586716 88.157139606773853 259.26841188967228
leaf_count=337 451 251 31907 348 359 374 387 252 659 478 240 197 367 753
internal_value=-0.0012807 -0.00167187 -0.00124959 0.0200781 -0.0297549 -0.00173826 -0.00203667 -0.00101568 -0.0127857 -0.00604353 -0.0139692 -0.0235754 0.0170953 -0.0131913
internal_weight=13317.1 13163.7 12969.8 289.616 193.981 12680.1 12565.8 11476.7 1089.01 919.537 744.722 569.008 175.714 458.218
internal_count=37360 36909 36299 685 610 35614 35240 32159 3081 2694 2216 1609 607 1412
is_linear=0
shrinkage=0.05


Tree=127
num_leaves=15
num_cat=0
split_feature=74 44 81 34 75 78 56 33 42 81 81 25 79 81
split_gain=58.4861 56.3076 70.0921 51.0679 117.238 95.4216 52.7386 109.121 123.795 167.883 103.078 83.8293 91.0591 78.2094
threshold=2.5000000000000004 0.48313510019392375 5.7350000000000012 1.0000000180025095e-35 4.0750000000000011 7.5000000000000009 4.172747937757781 5.6791666666666671 4.5000000000000009 3.9650000000000003 12.255000000000001 0.11408333333333333 -0.20852394380166975 8.2150000000000016
decision_type=2 10 10 8 10 8 2 10 2 8 10 10 8 10
left_child=1 2 -1 6 5 -5 7 8 9 -2 -8 -10 -13 -11
right_child=3 -3 -4 4 -6 -7 10 -9 11 13 -12 12 -14 -15
leaf_value=-0.0090391397568815 0.060571444580152171 -0.0011181364129322208 -0.050271727663168987 -0.0035064288068504868 0.058868821226409768 0.045786440356118098 -0.0021248519017551628 -0.041984739946686833 -0.0020818203347697174 0.0053004104893959042 0.046781836025000835 0.061656683046906802 0.0056039509512475529 0.051480742132072335
leaf_weight=574.74899923801422 234.967768445611 4107.4303512573242 124.77935937047005 471.59492295980453 130.90043015778065 122.95323487371206 4601.7383979633451 107.06191383302212 1741.3131203129888 627.17073492705822 109.32106156647205 112.98961329460144 199.4753148406744 106.44334754347801
leaf_count=1462 497 11685 251 1139 296 592 12611 243 5094 2128 302 258 665 252
internal_value=0.00106058 -0.00335303 -0.0164553 0.00353747 0.0162201 0.00674716 0.00236207 0.00739238 0.00915479 0.0238801 -0.000980275 0.00220194 0.0260051 0.0120619
internal_weight=13372.9 4806.96 699.528 8565.93 725.449 594.548 7840.48 3129.42 3022.36 968.582 4711.06 2053.78 312.465 733.614
internal_count=37475 13398 1713 24077 2027 1731 22050 9137 8894 2877 12913 6017 923 2380
is_linear=0
shrinkage=0.05


Tree=128
num_leaves=15
num_cat=0
split_feature=23 83 75 27 20 80 79 45 52 27 27 28 31 10
split_gain=51.3384 52.8277 99.9484 48.4637 128.758 146.622 129.349 167.541 98.3581 71.9442 69.2103 60.7351 105.708 183.937
threshold=1.0000000180025095e-35 20.019231680816951 18.955000000000002 14.97916666666667 5.7638888888888893 16.025000000000002 -0.26649318650821896 18.449494949494952 261.2242424242425 14.647899159663867 16.901666666666671 14.965441176470589 0.53303571428571439 0.050002229008314213
decision_type=10 2 10 10 10 10 10 10 10 10 10 10 10 10
left_child=1 2 3 9 5 6 7 -5 10 11 -8 12 -1 -14
right_child=-2 -3 -4 4 -6 -7 8 -9 -10 -11 -12 -13 13 -15
leaf_value=-0.00029115776240524831 -0.03256354835284795 0.026475523215607439 -0.036795841576396135 0.083749995441217834 -0.025602480341405255 0.057798265234596927 -0.0019604814478786322 0.0013065712710154471 0.029990130936245332 -0.039590584522685546 -0.049490014321971032 -0.019685951139946794 0.06137511451975583 0.0050599942039538095
leaf_weight=10554.870956689119 115.3398852199316 196.30072546005249 177.0622226446867 107.43025959283113 194.14034856110811 191.9873084127903 171.78768463432789 142.83157654851675 120.00024077296257 112.63787100464106 137.34136447310448 364.14001274853945 190.10031186044216 601.8982852846384
leaf_count=30145 295 559 406 315 437 391 352 497 358 386 369 1105 446 1450
internal_value=0.000506242 0.000796272 0.000408483 0.000922384 0.0111304 0.0193343 0.00839592 0.0368896 -0.00826833 1.60034e-06 -0.0231686 0.00038575 0.00103156 0.0186374
internal_weight=13377.9 13262.5 13066.2 12889.2 1065.52 871.378 679.391 250.262 429.129 11823.6 309.129 11711 11346.9 791.999
internal_count=37511 37216 36657 36251 2719 2282 1891 812 1079 33532 721 33146 32041 1896
is_linear=0
shrinkage=0.05


Tree=129
num_leaves=15
num_cat=0
split_feature=69 56 48 8 43 31 41 14 77 79 10 43 10 56
split_gain=57.4305 64.6371 51.1957 50.9891 105.761 66.5455 217.865 116.774 125.7 105.386 97.9312 96.4119 90.0363 130.451
threshold=0.30613254041017618 4.3176980469607207 21.705882352941181 20.012801526925603 64.25833333333334 0.5661250000000001 3.5000000000000004 0.56519230769230777 0.49490766420842708 -1.0499293085629828 0.10249814958891948 59.516666666666673 0.11067234286944168 4.1619899560577531
decision_type=2 2 2 10 10 10 10 8 8 8 10 10 10 2
left_child=3 2 -2 5 -5 9 -7 10 -9 11 -8 -1 -10 -14
right_child=1 -3 -4 4 -6 6 7 8 12 -11 -12 -13 13 -15
leaf_value=0.0092399360074654126 0.025538416905540824 -0.031782540608270141 -0.014413084177479864 -0.053152203518262386 0.0093142449185010263 0.057061472654899151 -0.0029344716856468042 0.06179184676126305 -0.0069174045070095336 0.0014145478636792457 -0.05346240623573284 -0.031266944505875624 0.055070515964158885 0.00056711097251525182
leaf_weight=211.66674041748047 126.28206487745047 286.85292166471481 215.72341896593571 127.75263375788927 142.5069722905755 219.42574631422758 373.04975286871195 117.6822272092104 519.08251149207354 9935.4429741352797 128.13544864952564 476.25016593933105 189.35457876324654 259.42328163981438
leaf_count=336 371 758 609 434 465 506 1016 282 1373 28985 362 756 449 631
internal_value=0.000413569 -0.0143235 0.000370051 0.00114438 -0.0203009 0.00161227 0.0104822 0.00400891 0.0132223 0.000103389 -0.0159334 -0.018808 0.00725904 0.0236353
internal_weight=13328.6 628.858 342.005 12699.8 270.26 12429.5 1806.15 1586.73 1085.54 10623.4 501.185 687.917 967.86 448.778
internal_count=37333 1738 980 35595 899 34696 4619 4113 2735 30077 1378 1092 2453 1080
is_linear=0
shrinkage=0.05


Tree=130
num_leaves=15
num_cat=0
split_feature=69 15 15 69 55 43 77 43 43 20 20 77 83 10
split_gain=56.2833 58.2448 49.703 119.331 95.0527 80.0541 77.3773 106.73 266.282 127.222 74.7704 66.4559 65.4896 100.791
threshold=0.29991331117075976 0.85009812417174302 0.67487275990234585 0.11956662393274971 24.95808823529412 64.839743589743605 0.62085904424275551 58.261363636363647 61.033333333333339 4.0666666666666682 7.1833333333333327 0.75785155698745232 14.007567706677543 0.085207343959128004
decision_type=2 10 10 2 2 10 10 8 8 8 8 8 2 10
left_child=1 2 6 4 5 11 12 -8 -9 -10 -11 -4 13 -1
right_child=-2 -3 3 -5 -6 -7 7 8 9 10 -12 -13 -14 -15
leaf_value=-0.0012025098016217861 -0.013831506233396122 0.034899448359496557 -0.017481971290423344 0.024716868675289879 0.01039444526984395 0.0023251040969188845 -0.026627337156927777 0.085381441132702782 -0.011407268586712739 0.059279394553767441 0.011612813404149692 -0.058930364693088225 -0.022006912399014651 0.013304618077382552
leaf_weight=8990.5503419041634 699.96925491839647 122.44627236574888 165.36441648006439 186.91257135570049 189.89747219532728 136.81780275702477 133.81645520031452 135.02788929641247 367.66527071595192 137.53149923682213 204.13403621315956 235.87887703627348 325.69669760763645 1380.2166351750493
leaf_count=25301 1899 439 338 479 532 398 252 334 990 319 429 570 1004 4272
internal_value=-3.86107e-05 0.000721907 0.000386749 -0.0108295 -0.0199778 -0.0306965 0.00126655 0.0147198 0.0212963 0.0089941 0.0309172 -0.0419342 3.50127e-05 0.0007293
internal_weight=13411.9 12712 12589.5 914.871 727.959 538.061 11674.6 978.175 844.359 709.331 341.666 401.243 10696.5 10370.8
internal_count=37556 35657 35218 2317 1838 1306 32901 2324 2072 1738 748 908 30577 29573
is_linear=0
shrinkage=0.05


Tree=131
num_leaves=15
num_cat=0
split_feature=31 31 81 15 15 31 31 7 20 54 48 45 73 21
split_gain=67.7763 110.958 79.0921 94.4666 150.935 128.092 96.1478 88.3392 82.6601 60.5809 57.1076 58.0158 138.163 164.548
threshold=0.80611607142857145 0.75363970588235307 9.5650000000000031 0.68614775249378457 0.57085436641405596 0.40029411764705891 0.63632867132867144 19.389115384615391 4.0666666666666682 23.258333333333336 15.029411764705884 26.577380952380956 16.500000000000004 4.9557189542483675
decision_type=10 10 10 8 10 8 10 10 10 10 2 10 2 8
left_child=1 2 7 4 5 -4 -5 10 -6 -7 -1 -12 -13 -14
right_child=-2 -3 3 6 8 9 -8 -9 -10 -11 11 12 13 -15
leaf_value=0.02677145990642665 -0.033594656091258501 0.039415182767684152 0.011595130325772609 -0.056344208356474516 -0.0034112357414500896 -0.064334134090452785 -0.002922220493403657 0.043443359075866682 0.045602913364324177 -0.017830616667090418 -0.0019365789633796475 0.0024704858328490043 0.080449057891658418 0.0032802910890976015
leaf_weight=199.85824944078922 149.96068823337555 176.04933448880911 172.65600898861885 206.49492788314819 168.74027068912983 152.11365292966366 141.96394704282284 119.07193662971258 174.19135165214539 130.98584879934788 9175.1497276872396 2147.0741154551506 130.77926561236382 145.3745489642024
leaf_count=541 493 369 458 482 366 378 304 463 446 334 25499 6677 308 366
internal_value=-0.000281544 9.82659e-05 -0.000434523 -0.0129678 -0.00347642 -0.0223101 -0.0346505 0.000772905 0.0215456 -0.0429562 0.000338614 -0.000119134 0.00676028 0.0399838
internal_weight=13390.5 13240.5 13064.5 1147.15 798.687 455.756 348.459 11917.3 342.932 283.1 11798.2 11598.4 2423.23 276.154
internal_count=37484 36991 36622 2768 1982 1170 786 33854 812 712 33391 32850 7351 674
is_linear=0
shrinkage=0.05


Tree=132
num_leaves=15
num_cat=0
split_feature=81 54 80 31 57 31 27 25 50 44 83 28 47 13
split_gain=67.7806 178.525 64.8877 76.6048 144.054 93.143 105.062 76.0908 52.2982 52.6846 86.2985 53.695 51.6325 79.2795
threshold=11.945000000000002 25.345238095238098 20.065000000000001 0.6975128205128206 256.24632352941182 0.65796380090497752 14.622389705882354 0.18500000000000003 10.912500000000003 0.48005305039787799 10.597562962720049 0.10620913461538466 0.51277108893242562 0.59569870955047211
decision_type=10 8 10 10 2 10 10 8 8 8 2 8 2 8
left_child=2 -2 3 5 7 8 -7 -5 -1 10 -10 -11 13 -13
right_child=1 -3 -4 4 -6 6 -8 -9 9 11 -12 12 -14 -15
leaf_value=0.028556558205852692 -0.048284845194445238 0.027322450126882211 0.037675838510865811 -0.017303964932141352 0.017163843108446767 -0.00078247133414995756 0.062339371979402508 -0.062740854317209147 -0.0053878411706819521 -0.011779203098037103 -0.050977525657839876 0.019943774873558428 0.00042176025000403947 -0.014450376198067822
leaf_weight=158.66431230306625 224.99595920741558 118.48481443524361 113.91452857851982 231.61595331132412 194.82239501178265 134.4085753262043 128.32572247087955 153.25780691951513 595.0457686111331 812.25631755590439 124.81840208172798 768.77365417033434 9399.747237585485 213.37212964892387
leaf_count=385 585 315 274 560 584 317 428 349 1427 2353 300 1813 27399 427
internal_value=-0.000308847 -0.0222003 0.00026993 -6.28914e-05 -0.0178103 0.000772515 0.0301672 -0.0355128 0.000130361 -0.000250568 -0.0133525 0.000593095 0.00156212 0.0124645
internal_weight=13372.5 343.481 13029 12915.1 579.696 12335.4 262.734 384.874 12072.7 11914 719.864 11194.1 10381.9 982.146
internal_count=37516 900 36616 36342 1493 34849 745 909 34104 33719 1727 31992 29639 2240
is_linear=0
shrinkage=0.05


Tree=133
num_leaves=15
num_cat=0
split_feature=24 71 41 25 52 41 63 73 27 33 30 41 46 57
split_gain=51.3358 46.3297 56.3219 46.4345 68.2895 72.3424 198.47 64.6202 105.765 116.862 105.133 89.6547 78.7789 144.194
threshold=7.0816428571428593 0.48813253877919177 87.500000000000014 0.10275252525252529 170.70979020979021 14.000000000000002 1.0000000180025095e-35 3.5000000000000004 17.380357142857147 4.2426470588235299 0.55990799295103633 44.500000000000007 65.788602941176478 195.33088235294119
decision_type=10 2 10 8 10 8 2 2 10 10 10 8 2 2
left_child=1 3 -3 4 -1 6 -6 -5 9 10 12 -12 13 -9
right_child=-2 2 -4 7 5 -7 -8 8 -10 -11 11 -13 -14 -15
leaf_value=0.035171183398470383 -0.019269551486425888 0.043646611593043796 -0.0037542618177017839 -0.0087449379492469757 -0.013667713056753482 -0.0058629212004319385 0.065726156957440954 0.049472182324840241 -0.031244685144245929 0.045545637326418163 0.0050482041069519375 -0.056058740433714574 -0.0087427045413408858 0.0065277226588815948
leaf_weight=109.24666269123554 363.65720143169165 130.26284163445234 119.64038346707821 1121.0773799046874 194.71189971268177 5657.6809509396553 130.82491295039654 204.57673731446266 199.6075476706028 177.21913071721792 111.20865318924189 129.03094034641981 771.54175183922052 3990.4177213981748
leaf_count=244 1145 398 325 2767 584 16104 301 501 570 437 322 394 2970 10633
internal_value=-0.000766132 -0.000248954 0.0210291 -0.000666083 -0.00382533 -0.00454312 0.0183422 0.00220483 0.0044045 0.00573172 0.00436812 -0.0278682 0.00593274 0.00863328
internal_weight=13410.7 13047 249.903 12797.1 6092.46 5983.22 325.537 6704.68 5583.6 5383.99 5206.78 240.24 4966.54 4194.99
internal_count=37695 36550 723 35827 17233 16989 885 18594 15827 15257 14820 716 14104 11134
is_linear=0
shrinkage=0.05


Tree=134
num_leaves=15
num_cat=0
split_feature=15 47 22 47 57 28 11 25 4 22 54 51 5 47
split_gain=62.8806 60.1124 114.718 72.649 95.928 193.165 158.37 65.2322 80.2423 98.6416 89.0679 101.66 62.1362 72.628
threshold=0.85009812417174302 0.48334899417542526 0.77158385093167714 0.51285907624678206 240.57169117647064 4.6196628959276032 0.070948949922127011 -0.068333333333333302 10.854896265640933 0.91547619047619055 25.585714285714293 4.0015625000000012 22.683333333333337 0.57802149108230871
decision_type=10 2 8 2 2 10 8 8 10 10 10 10 10 2
left_child=1 2 -1 4 6 -6 -3 8 9 -5 11 -10 13 -9
right_child=-2 3 -4 7 5 -7 -8 12 10 -11 -12 -13 -14 -15
leaf_value=0.017193891849261983 0.034896120916555452 0.024505726172501158 -0.036323909093588645 0.0019333406063155442 0.0049268425837865476 0.074205542754809825 -0.038860471904568324 -0.0048339165001670013 -0.0026105437327066648 -0.034350958506099073 0.010785483804616721 -0.063497362423083015 0.025435910793895258 0.0037932918677563835
leaf_weight=149.7573803961277 126.01420506089926 224.96643621474504 298.24027360975742 1172.2998650074005 268.79424595832825 159.96142788976431 173.9538501277566 4246.6211648061872 104.26238264143467 221.91065152734518 104.11139054596424 199.67552207410336 247.43440993875265 5729.9293306395411
leaf_count=312 456 499 604 3396 869 414 363 10738 302 571 343 558 674 17549
internal_value=-0.000117635 -0.000451932 -0.0184354 0.000176233 0.0144956 0.0308861 -0.00315392 -0.000810384 -0.00957837 -0.00386236 -0.0290515 -0.0426879 0.000736001 0.000120916
internal_weight=13427.9 13301.9 447.998 12853.9 827.676 428.756 398.92 12026.2 1802.26 1394.21 408.049 303.938 10224 9976.55
internal_count=37648 37192 916 36276 2145 1283 862 34131 5170 3967 1203 860 28961 28287
is_linear=0
shrinkage=0.05


Tree=135
num_leaves=15
num_cat=0
split_feature=81 33 73 48 14 48 82 15 7 55 41 77 44 41
split_gain=63.8918 90.7141 121.88 129.527 105.312 94.1713 120.388 84.9109 68.1487 120.107 56.4449 54.4004 122.361 167.532
threshold=9.5650000000000031 5.2153846153846164 12.500000000000002 20.57536764705883 0.59522727272727283 26.090073529411768 14.965000000000002 0.67487275990234585 19.211833333333335 22.173529411764708 11.000000000000002 0.58866305220824267 0.57268082163712741 69.500000000000014
decision_type=10 8 2 2 10 2 10 10 10 2 8 10 10 10
left_child=8 2 3 -2 -3 6 -5 -4 10 -10 -1 -12 13 -13
right_child=1 4 7 5 -6 -7 -8 -9 9 -11 11 12 -14 -15
leaf_value=-0.024315026206251967 -0.028035161693788085 -0.059001293046666049 -0.0067560969692821472 0.012783756664537255 -0.0079593350241434074 -0.0059886390355252828 0.083695667642020161 -0.05942796925739538 0.076060474529433791 -0.008415757581868041 -0.00047545127307894265 0.051522252208303344 -0.0057046078441446955 -0.0034021206101739671
leaf_weight=230.35522831231356 133.68680414557457 180.50514920055866 221.78145326673985 122.42989374697208 228.82795165479183 123.93403558433056 116.90538090467453 116.06201373040676 79.951128751039505 87.246323235332966 10633.579249940813 316.28023381531239 546.0193990021944 246.65222077071667
leaf_count=721 313 355 615 337 502 323 286 273 289 380 30659 628 1334 553
internal_value=-0.000520087 -0.0113067 -0.00184252 0.0139007 -0.0305564 0.0293681 0.0476254 -0.0249729 0.000586176 0.0321915 0.000142167 0.000623977 0.0111572 0.0274935
internal_weight=13384.2 1244.13 834.8 496.956 409.333 363.269 239.335 337.843 12140.1 167.197 11972.9 11742.5 1108.95 562.932
internal_count=37568 3004 2147 1259 857 946 623 888 34564 669 33895 33174 2515 1181
is_linear=0
shrinkage=0.05


Tree=136
num_leaves=15
num_cat=0
split_feature=18 17 57 79 39 57 43 57 54 18 54 77 9 48
split_gain=60.7427 99.6972 137.514 205.686 101.171 84.7284 117.115 83.7464 102.452 80.0449 107.602 88.2844 151.844 140.35
threshold=5.8660714285714297 3.2583333333333337 206.97242647058826 0.34966355787406417 23.237508555783716 262.02941176470591 62.851648351648358 229.5165441176471 24.866071428571434 3.3038461538461541 17.839743589743595 0.62085904424275551 17.117083333333337 25.454044117647062
decision_type=10 10 2 10 2 2 10 2 10 10 8 10 10 2
left_child=1 9 -3 4 -4 6 -2 -6 -9 11 -11 -1 13 -13
right_child=5 2 3 -5 7 -7 -8 8 -10 10 -12 12 -14 -15
leaf_value=0.00015845322668572346 -0.048596144556524432 -0.031658409700691503 0.05435820315071202 0.066452530601294427 0.036771353271316615 -0.059479182181561341 0.018623838425332589 -0.036433925122573103 0.021304324851025024 0.023260686262074257 -0.021212122649370082 0.013282498961685355 -0.025556971154559245 0.062979930138938753
leaf_weight=10274.873994685709 98.997792698442936 119.95886891335249 98.242066845297813 218.93927538394928 105.66727823019028 94.883856609463692 183.12178648263216 199.23534389585257 123.82586097717285 163.30217783898115 791.99663566797972 540.27347286045551 173.23107765614986 192.13816820085049
leaf_count=28839 306 296 363 432 309 423 621 749 449 450 2290 1253 359 429
internal_value=0.000886632 0.00146096 0.0178424 0.025835 0.00886582 -0.0188716 -0.00505247 -0.00166088 -0.014306 0.000290798 -0.0135934 0.00147822 0.0164348 0.026388
internal_weight=13378.7 13001.7 865.869 745.91 526.971 377.003 282.12 428.728 323.061 12135.8 955.299 11180.5 905.643 732.412
internal_count=37568 36218 2598 2302 1870 1350 927 1507 1198 33620 2740 30880 2041 1682
is_linear=0
shrinkage=0.05


Tree=137
num_leaves=15
num_cat=0
split_feature=32 82 33 19 6 80 27 24 27 57 56 0 27 57
split_gain=52.0059 42.6853 51.6268 162.787 130.483 153.874 81.8922 163.26 88.9634 116.321 124.619 78.5209 73.2675 73.2142
threshold=0.07417582417582419 20.545000000000005 4.4450549450549453 10.516666666666667 9.1165941636238585 16.025000000000002 14.97916666666667 0.53113888888888827 12.995833333333335 240.82352941176472 4.3457205104263936 4.5000000000000009 16.457792207792213 208.72058823529414
decision_type=10 10 10 8 10 8 10 10 10 2 2 2 10 2
left_child=1 2 6 -4 5 -5 8 12 -1 13 -11 -7 -8 -10
right_child=-2 -3 3 4 -6 11 7 -9 9 10 -12 -13 -14 -15
leaf_value=0.00094207642730265845 0.03310591075720111 0.028131277378836968 -0.06523977029929677 -0.028682504150670907 -0.044772559851562151 0.0063515415845312095 0.020812259388993771 0.057543965147529998 -0.0115526434484855 -0.021621271071862139 0.044072002932878357 0.056426968282591361 -0.019128055113292495 -0.062290275248994643
leaf_weight=11135.323393404484 121.73152188211679 136.40612232685089 121.97847575694323 165.84351053833961 138.6489649489522 161.10057780891657 244.77071963250637 186.34923335164785 122.08178668469191 194.15104486048222 113.5790566727519 151.81470811367035 214.51692643761635 171.09983821213245
leaf_count=31539 409 346 325 363 344 415 561 464 286 672 361 432 591 466
internal_value=0.000707972 0.000408021 0.000117693 -0.0127076 -0.00224039 0.0101446 0.000884525 0.0182072 -6.99043e-05 -0.018793 0.00268945 0.0307486 0.00215653 -0.041274
internal_weight=13379.4 13257.7 13121.3 739.386 617.408 478.759 12381.9 645.637 11736.2 600.912 307.73 312.915 459.288 293.182
internal_count=37574 37165 36819 1879 1554 1210 34940 1616 33324 1785 1033 847 1152 752
is_linear=0
shrinkage=0.05


Tree=138
num_leaves=15
num_cat=0
split_feature=29 54 39 79 12 46 0 13 41 58 30 81 55 31
split_gain=57.4947 151.473 159.551 106.563 165.478 107.913 91.9864 78.9043 76.8392 148.501 138.843 262.023 95.8837 183.796
threshold=0.11704512976318251 25.861904761904764 25.107460643394941 -0.96360357762183535 0.53030397640169957 61.849264705882355 8.5000000000000018 0.51944606365679769 45.500000000000007 28.424632352941178 0.44709254305838897 3.3650000000000007 21.744117647058825 0.66585784313725505
decision_type=10 8 2 10 10 2 2 10 8 2 8 10 2 8
left_child=8 3 -3 4 -2 -5 -7 -4 9 10 11 -1 13 -12
right_child=1 2 7 5 -6 6 -8 -9 -10 -11 12 -13 -14 -15
leaf_value=-0.013635164641515408 -0.02613631495414305 0.049236533369858643 0.010174314270423474 -0.0034343836504277326 0.068647454004204966 -0.024274496288570951 -0.066212109583862047 -0.039382565497736707 -7.080297085052022e-05 0.060298181251575482 -0.013446937263393025 0.084163703157413949 -0.015871911698221712 0.059234796083048991
leaf_weight=129.49335919320583 106.93636424094439 191.71960315108299 225.49249269813299 307.27676956355572 79.380578279495239 343.92354515194893 211.99046987295151 123.51271291822195 10482.04828812927 144.97981467843056 203.60771992057562 143.80002635717392 543.84258141368628 150.47681744396687
leaf_count=448 483 587 700 746 263 954 536 288 29228 412 460 399 1603 394
internal_value=0.000156369 -0.00876531 0.0127179 -0.0198354 0.0143973 -0.0272326 -0.040357 -0.00742624 0.00135952 0.0127419 0.00680867 0.0379433 -0.00269915 0.0175208
internal_weight=13388.5 1590.23 540.725 1049.51 186.317 863.191 555.914 349.005 11798.2 1316.2 1171.22 273.293 897.927 354.085
internal_count=37501 4557 1575 2982 746 2236 1490 988 32944 3716 3304 847 2457 854
is_linear=0
shrinkage=0.05


Tree=139
num_leaves=15
num_cat=0
split_feature=47 55 21 79 22 31 20 38 39 5 21 5 21 6
split_gain=56.4467 88.0549 44.3142 65.0812 65.2867 172.493 209.986 112.016 94.2514 78.3963 70.221 68.1984 78.7473 65.3888
threshold=0.48334899417542526 22.008823529411767 6.2867595818815341 -1.1548512765004058 0.88603896103896107 0.50406250000000019 4.3484848484848486 2.5000000000000004 22.962354551676935 8.8166666666666682 4.8388950685947361 25.133333333333336 6.0030864197530871 5.633192420017811
decision_type=2 2 10 8 10 8 10 10 2 10 8 10 10 8
left_child=1 -1 3 -2 11 9 7 8 -7 -6 -10 12 -5 -14
right_child=2 -3 -4 4 5 6 -8 -9 10 -11 -12 -13 13 -15
leaf_value=-0.039329968683159605 -0.018667878720164954 0.0045491523503991931 -0.0073963088956236203 0.00034271696847296444 0.005045318732770341 0.033040715344058717 0.089131744399538637 0.04709810874966433 -0.031549243067119356 -0.026130413048653697 0.018045205880888475 -0.038800473832712068 0.0010640306666253358 0.057165536948969725
leaf_weight=225.62075996398926 376.71640110015869 230.38019450008869 1500.1627524346113 8663.9479010105133 999.85012917965651 176.25251239538193 119.89104894548655 220.65268889069557 188.18692483752966 251.53486341238022 113.78762036561966 107.54003475606441 96.148809298872948 112.05761390924454
leaf_count=412 598 506 4780 24645 2727 487 270 644 494 639 306 359 313 334
internal_value=6.98303e-05 -0.0172 0.00068032 0.00174123 0.00243866 0.0104409 0.0282687 0.0177154 0.00408827 -0.00123703 -0.0128636 0.000592893 0.0010747 0.031387
internal_weight=13382.7 456.001 12926.7 11426.6 11049.9 2070.16 818.771 698.88 478.227 1251.38 301.975 8979.69 8872.15 208.206
internal_count=37514 918 36596 31816 31218 5567 2201 1931 1287 3366 800 25651 25292 647
is_linear=0
shrinkage=0.05


Tree=140
num_leaves=15
num_cat=0
split_feature=3 3 22 24 31 27 73 55 22 20 55 27 33 58
split_gain=84.5335 103.05 95.8662 103.57 51.8989 60.4634 181.545 127.451 143.629 153.304 81.6869 76.4017 73.8426 224.876
threshold=20.636666666666667 19.405000000000005 0.82807881773399028 0.53113888888888827 0.80611607142857145 14.97916666666667 15.500000000000002 19.62463235294118 0.91801075268817212 3.3095238095238098 23.796875000000004 14.647899159663867 3.5857142857142863 20.332720588235297
decision_type=10 10 10 8 10 10 2 2 8 10 2 10 10 2
left_child=1 4 3 -2 5 11 7 -7 9 10 -9 12 -1 -14
right_child=2 -3 -4 -5 -6 6 -8 8 -10 -11 -12 -13 13 -15
leaf_value=-0.00071262971734745043 -0.038786085503770357 0.042966772980144431 -0.05110119730414147 0.029132049704306703 -0.032295501407325337 -0.043252134755157094 0.057865089286067532 0.044017463267797818 0.053825648202755254 -0.034662157870881068 -0.0073312969572976215 -0.039180541683624281 -0.03302411921374801 0.051006686888350451
leaf_weight=11247.755394607782 100.77978157997131 141.82416350394487 168.91312775760889 124.15160181373358 120.26338022202253 127.94319432228804 179.059500657022 169.47985815256834 150.68600320070982 207.62436448782682 141.48117014020681 124.80497583001852 119.7825054526329 233.21748048812151
leaf_count=31731 284 380 425 407 358 257 422 440 391 526 392 394 340 776
internal_value=3.61863e-05 0.000730269 -0.0227545 -0.00133543 0.000259781 0.000570538 0.0125194 0.00227467 0.0110295 -0.00148551 0.0207062 -0.000425307 -5.02299e-06 0.02248
internal_weight=13357.8 12963.9 393.845 224.931 12822.1 12701.8 976.274 797.215 669.271 518.585 310.961 11725.6 11600.8 353
internal_count=37523 36407 1116 691 36027 35669 2428 2006 1749 1358 832 33241 32847 1116
is_linear=0
shrinkage=0.05


Tree=141
num_leaves=15
num_cat=0
split_feature=70 41 9 46 58 30 41 46 43 58 28 75 76 33
split_gain=61.0741 137.581 122.921 61.69 65.0183 94.8243 74.2193 52.1668 122.446 80.201 102.952 88.3029 65.4442 61.7604
threshold=0.3555264069516017 86.500000000000014 7.9633333333333338 65.27389705882355 27.121323529411768 0.055911500548542804 229.00000000000003 67.060661764705898 61.174242424242429 20.485294117647062 13.117406250000002 6.7950000000000008 0.83447288283062659 0.48076923076923067
decision_type=2 8 10 2 2 10 8 2 8 2 10 10 8 10
left_child=7 2 -2 4 5 -3 -7 -1 -9 11 12 13 -11 -10
right_child=1 3 -4 -5 -6 6 -8 8 9 10 -12 -13 -14 -15
leaf_value=-0.0013194632063505312 0.084721918182875763 -0.0033773617913197226 0.01004472156528087 -0.025222131297387623 -0.026037290206818966 0.014546225401506116 0.070053875458416709 0.060621749394766014 -0.025299034107709346 0.044329774215638731 0.060452827842064009 -0.065071676423986521 -0.0058688892558116908 0.037028654950860142
leaf_weight=11486.039915218949 108.92874659597874 271.36658024042845 111.10498443990946 158.41082621365786 105.0421250090003 134.75582331418991 108.87757125496864 109.44722708314657 93.842207737267017 80.016905039548874 100.33731955289841 73.22445522248745 326.09886634349823 67.417568683624268
leaf_count=30875 287 800 341 613 268 385 318 308 400 278 415 226 1569 339
internal_value=0.000528697 0.0124163 0.0472301 0.00252802 0.00964694 0.0169616 0.0395371 -0.00043439 0.0115077 0.0041809 0.0153667 -0.0199415 0.00410634 0.000825801
internal_weight=13334.9 998.487 220.034 778.453 620.042 515 243.633 12336.4 850.385 740.937 506.453 234.484 406.116 161.26
internal_count=37422 3012 628 2384 1771 1503 703 34410 3535 3227 2262 965 1847 739
is_linear=0
shrinkage=0.05


Tree=142
num_leaves=15
num_cat=0
split_feature=31 31 43 21 25 81 56 21 75 6 6 82 71 83
split_gain=45.8072 58.8586 47.5666 157.968 143.808 84.8574 96.675 66.8988 62.578 61.597 98.252 143.117 98.2443 96.4722
threshold=0.80611607142857145 0.77016666666666678 59.408333333333339 4.1422947131608554 0.11816666666666666 4.5250000000000012 4.3457205104263936 3.7535197685631636 14.555000000000001 3.6664241622691556 6.768788526021182 2.3250000000000006 0.29967503455011663 9.1264704812748949
decision_type=10 10 8 10 10 8 2 10 10 8 8 8 2 2
left_child=1 2 3 5 8 6 -1 -7 -5 -4 11 -11 -12 -13
right_child=-2 -3 9 4 -6 7 -8 -9 -10 10 12 13 -14 -15
leaf_value=0.042064506778946201 -0.027815798073706682 0.032037702254220028 -0.0042827690504552689 -0.019118925240182952 0.018164608170152939 -0.0094215302441026678 -0.0051215378069221764 0.029594633922655003 -0.050913484339837736 0.063945935828768105 -0.0028966153918018531 -0.00014412128926735159 0.024782541910483732 0.020567308541397697
leaf_weight=282.64881974458694 151.03372976183891 138.97369227558374 3578.7122073620558 1137.1143205016851 245.32816068828106 664.10303735733032 175.52161671221256 130.61599806696177 178.84492540359497 124.44150365889072 3977.3054004535079 1262.8736106231809 347.68248518556356 1012.4036502614617
leaf_count=549 487 247 10799 2598 556 1617 328 337 351 360 11541 3796 1004 2990
internal_value=-0.000526597 -0.000213613 -0.000557714 -0.00631764 -0.0169249 0.00690358 0.0240161 -0.0029799 -0.0234753 0.00101596 0.00383602 0.0119474 -0.000666295 0.00907659
internal_weight=13407.6 13256.6 13117.6 2814.18 1561.29 1252.89 458.17 794.719 1315.96 10303.4 6724.71 2399.72 4324.99 2275.28
internal_count=37560 37073 36826 6336 3505 2831 877 1954 2949 30490 19691 7146 12545 6786
is_linear=0
shrinkage=0.05


Tree=143
num_leaves=15
num_cat=0
split_feature=73 76 53 29 54 22 29 40 29 58 58 5 44 36
split_gain=51.6887 53.2568 49.0033 104.782 98.6687 101.828 100.853 181.892 122.924 100.727 234.071 119.515 97.6696 108.478
threshold=2.5000000000000004 0.79176965182551784 2.5166666666666671 0.11704512976318251 24.105555555555558 0.78404875463698998 0.076828319183431984 5.5000000000000009 0.067644562334942052 20.454044117647062 22.029411764705888 17.81666666666667 0.65285187594881811 0.62466080868839102
decision_type=2 10 8 10 10 8 10 2 10 2 2 10 10 10
left_child=1 -1 4 12 5 -2 8 9 -6 -8 -11 -12 13 -4
right_child=2 -3 3 -5 6 -7 7 -9 -10 10 11 -13 -14 -15
leaf_value=-0.0035539051681178408 -0.019512887766443318 -0.0420421906828485 0.0059629904419027813 -0.015628153450137135 0.00045754436598946063 -0.0025549404219547983 -0.012577733188942683 -0.020759121318663237 -0.044483522897218922 0.10347103883644007 0.0095836918940248733 0.06989351908624275 -0.018194326048011935 0.043995622009773826
leaf_weight=217.90313560515642 1402.8846570849419 152.22400358319283 4330.1089038252831 663.68407046049833 2507.3006662130356 2397.1817284226418 118.46248864382505 241.2905188575387 160.98470906168222 109.58549828827381 377.85647407919168 104.11950816959143 398.03978715837002 195.01318291574717
leaf_count=618 4237 308 11826 1938 7343 6423 401 610 477 259 1106 285 1311 447
internal_value=-0.00105465 -0.0194538 -0.000529609 0.00300689 -0.00319256 -0.00881886 0.00271505 0.0166837 -0.00226952 0.0294193 0.0378364 0.0227299 0.00552172 0.00761139
internal_weight=13376.6 370.127 13006.5 5586.85 7419.67 3800.07 3619.6 951.314 2668.29 710.024 591.561 481.976 4923.16 4525.12
internal_count=37589 926 36663 15522 21141 10660 10481 2661 7820 2051 1650 1391 13584 12273
is_linear=0
shrinkage=0.05


Tree=144
num_leaves=15
num_cat=0
split_feature=10 5 46 69 82 30 43 69 44 48 47 57 24 55
split_gain=54.354 180.81 113.584 113.517 92.6295 84.9963 113.452 103.819 119.293 128.44 116.259 271.635 90.3686 89.6663
threshold=0.08292888971423544 6.5416666666666687 60.424632352941181 0.29590265207336386 9.3750000000000018 0.39297813113767899 58.261363636363647 0.16574766365602631 0.53635629314143063 21.181985294117649 0.57946432967357608 232.61764705882356 1.1989305555555563 24.734375000000004
decision_type=10 10 2 2 8 8 10 2 10 2 2 2 8 2
left_child=-1 2 -2 5 -4 13 -7 8 9 -8 12 -12 -10 -3
right_child=1 3 4 -5 -6 6 7 -9 10 -11 11 -13 -14 -15
leaf_value=-0.00083117796075658995 0.082936992690523764 0.0014774513576486571 -0.0052484648321249145 -0.039470137031957196 0.055558129995099063 -0.017163014961435363 -0.00096652935478574445 0.048282177573478503 -0.0374102231409617 0.062845655524953623 0.057439364997823289 -0.010545313372353916 0.0055647609516164013 -0.036366844848981068
leaf_weight=10099.738201536238 107.00423437356949 549.47816929966211 141.87682302296162 152.08346074819565 110.91027711331844 313.55355104804039 131.79084001481533 211.01000928878784 236.81731311231852 195.21386252343655 248.74431688338518 356.28009530901909 251.43760873377323 217.82213885337114
leaf_count=28213 244 1738 348 392 481 658 363 567 553 460 630 1223 635 877
internal_value=0.000973288 0.00662455 0.0399821 0.00242185 0.0215442 0.00478462 0.010343 0.0156373 0.0107567 0.0372033 0.00281965 0.017454 -0.0153132 -0.00929918
internal_weight=13323.8 3224.02 359.791 2864.23 252.787 2712.15 1944.85 1631.29 1420.28 327.005 1093.28 605.024 488.255 767.3
internal_count=37382 9169 1073 8096 829 7704 5089 4431 3864 823 3041 1853 1188 2615
is_linear=0
shrinkage=0.05


Tree=145
num_leaves=15
num_cat=0
split_feature=50 83 50 55 31 20 53 39 46 58 48 18 33 48
split_gain=53.4498 87.3497 56.834 135.165 122.113 105.462 85.1979 128.864 108.018 196.772 190.941 240.799 84.5854 84.4019
threshold=12.520000000000001 5.9518866011589049 21.825227272727279 16.689227941176473 0.75363970588235307 6.5857142857142863 2.577380952380953 28.10266940451746 61.676470588235297 17.545955882352946 23.323529411764707 1.6547619047619049 0.81176470588235294 16.235294117647062
decision_type=8 2 10 2 10 10 10 2 2 2 2 10 8 2
left_child=1 -1 4 -4 5 13 -5 8 9 -8 11 12 -11 -2
right_child=2 -3 3 6 -6 -7 7 -9 -10 10 -12 -13 -14 -15
leaf_value=-0.0024379543823420283 0.023611625422022449 0.051368834504420861 -0.049137996546673869 -0.00047806472240977501 0.040077738623958178 -0.050979641378426727 -0.026293044621448658 -0.010665197235433783 0.0091932072697699079 0.026073425047241163 0.098319156096875984 0.074865403371060374 -0.032624231900922035 -0.0047925831477042729
leaf_weight=170.64791890978813 273.19834424555302 134.05301611870527 119.65154904127121 3938.2597494497895 157.22708466649055 118.22389085590839 113.71580077707767 552.52507165074348 1580.0076027438045 123.8254466727376 130.63849787414074 167.99844163656235 119.75249215215445 5668.2300394028425
leaf_count=387 630 327 264 12086 386 326 331 1597 5060 304 325 464 304 14753
internal_value=0.000658196 0.0213249 0.000174549 0.00331703 -0.0032861 -0.00441767 0.00425724 0.0109429 0.0162848 0.0333272 0.0458564 0.0290063 -0.00280005 -0.00348275
internal_weight=13368 304.701 13063.3 6846.37 6216.88 6059.65 6726.72 2788.46 2235.94 655.931 542.215 411.576 243.578 5941.43
internal_count=37544 714 36830 20735 16095 15709 20471 8385 6788 1728 1397 1072 608 15383
is_linear=0
shrinkage=0.05


Tree=146
num_leaves=15
num_cat=0
split_feature=6 33 56 26 21 48 55 73 45 73 59 58 29 53
split_gain=45.444 88.2764 106.836 89.5535 119.048 103.764 196.235 176.027 136.16 113.823 73.86 64.8517 58.0872 90.9285
threshold=7.5274671505777633 5.854166666666667 4.1120695560833038 10.500000000000002 5.3347889374090256 21.941176470588239 22.306801470588237 12.500000000000002 26.480769230769234 15.500000000000002 0.75000000000000011 23.272058823529417 0.15805114975453902 2.226495726495727
decision_type=10 8 2 2 10 2 2 2 10 2 2 2 10 10
left_child=12 3 -3 4 -2 6 -5 8 10 -9 -7 -4 -1 -14
right_child=1 2 11 5 -6 7 -8 9 -10 -11 -12 -13 13 -15
leaf_value=0.0014307305356699041 0.061828518718306982 -0.060831099720103365 0.019142069359204806 -0.059340256239385464 -0.010116473163611871 0.081326975046909875 0.0095648194928307628 -0.054535092224708398 -0.0065607796581000528 0.0090479486714119227 0.022718493407483858 -0.031197016123250862 0.050764051303638036 -0.0076500885805060011
leaf_weight=11339.984697639942 120.69773264974356 147.95812244713306 120.08981596678495 213.36725739389658 108.53551241755486 114.16339066624641 199.01293782144785 146.41631062328815 163.28256120532751 134.23205809295177 102.80442800372839 134.76028253883123 149.41971955448389 119.16718629747629
leaf_count=31577 425 377 298 531 368 340 659 444 492 361 303 350 489 410
internal_value=0.00085642 -0.00676273 -0.0271879 -0.000430133 0.0278686 -0.00649455 -0.0261443 0.00578723 0.0279248 -0.0241996 0.0537885 -0.00749426 0.00197617 0.0249145
internal_weight=13313.9 1705.32 402.808 1302.51 229.233 1073.28 412.38 660.899 380.25 280.648 216.968 254.85 11608.6 268.587
internal_count=37424 4948 1025 3923 793 3130 1190 1940 1135 805 643 648 32476 899
is_linear=0
shrinkage=0.05


Tree=147
num_leaves=15
num_cat=0
split_feature=3 54 3 31 41 27 28 41 13 21 20 47 53 79
split_gain=50.2011 109.065 88.3601 54.93 59.971 110.823 258.738 83.39 139.844 119.756 118.971 127.777 160.956 109.516
threshold=20.636666666666667 22.345238095238098 19.405000000000005 0.80611607142857145 181.50000000000003 4.4625000000000012 4.0346666666666673 61.500000000000007 0.45550076204146123 5.204945054945056 0.75961538461538458 0.61277648990630751 2.4083333333333337 -0.84513445122160136
decision_type=10 8 10 10 8 10 10 10 10 10 10 2 8 10
left_child=2 -2 3 4 5 6 7 8 9 -1 11 -9 -13 -12
right_child=1 -3 -4 -5 -6 -7 -8 10 -10 -11 13 12 -14 -15
leaf_value=0.06955658388503537 0.008975949377699282 -0.042732315740195807 0.03943370996740074 -0.034523662155301893 -0.0035855274492805757 -0.0016577289945794362 0.066938917725124003 0.0026286187059333444 -0.013957330782069639 0.006094202216501211 0.023038303703194325 0.0017808864471563412 0.068486719553684475 -0.026164187394841765
leaf_weight=192.27557784318924 200.14464538544416 206.30671245604753 143.20746006816626 112.69583112746477 5439.9402536153793 4383.8553177714348 191.62444408237934 1232.1010194346309 146.39447192102671 121.13454969227314 145.09308966249228 174.29143314063549 187.07262904196978 501.55394929647446
leaf_count=532 547 591 374 344 15762 12048 591 3068 412 371 480 549 563 1270
internal_value=-2.94326e-05 -0.0173106 0.000513362 7.58301e-05 0.000385176 0.00335422 0.0109508 0.00695375 0.026325 0.0451255 0.00296765 0.0103069 0.0364072 -0.0151057
internal_weight=13377.7 406.451 12971.2 12828 12715.3 7275.4 2891.54 2699.92 459.805 313.41 2240.11 1593.47 361.364 646.647
internal_count=37502 1138 36364 35990 35646 19884 7836 7245 1315 903 5930 4180 1112 1750
is_linear=0
shrinkage=0.05


Tree=148
num_leaves=15
num_cat=0
split_feature=36 58 32 51 52 75 48 29 29 51 55 46 76 6
split_gain=53.079 123.661 51.6141 47.7013 51.0871 71.2157 92.1915 91.5769 125.232 93.6906 109.264 80.3304 75.8183 62.2087
threshold=0.73334235959657723 22.788602941176475 0.07417582417582419 5.8555595068752977 247.91428571428574 10.835000000000003 16.235294117647062 0.089031254465111856 0.076528509593535077 4.4977875673029866 22.138235294117649 63.878676470588239 1.5594765651727676 7.0003571337468191
decision_type=10 2 10 10 8 10 2 8 10 10 2 2 10 10
left_child=2 -2 3 4 -1 6 -6 8 -7 10 -9 -12 13 -8
right_child=1 -3 -4 -5 5 7 12 9 -10 -11 11 -13 -14 -15
leaf_value=-0.0021268132492892442 -0.041695143479915105 0.014892818773849605 0.034820529137827898 -0.024945527380723809 0.03602678471415674 0.015981688062417902 0.0036799401648815477 0.021340640339087974 0.081064833413217144 0.036122222303422172 -0.0042706647998866001 -0.056579871299052134 -0.025743234103869007 -0.017616866594093523
leaf_weight=6923.0792009979486 228.44496463239193 165.9752634614706 108.84008993953466 182.0016066879034 185.54858139157295 224.13272726535797 3849.5462679937482 233.09655611217022 109.77659384906292 190.3466400206089 197.03699161112309 116.1333180218935 264.88519923388958 375.4243718162179
leaf_count=17055 509 446 360 448 509 670 13068 511 276 488 554 323 643 1580
internal_value=0.000140794 -0.017905 0.000691339 0.000399599 0.000765645 0.00425044 0.00158548 0.015877 0.0375567 0.00601195 -0.0045268 -0.0237869 0.000154451 0.00178382
internal_weight=13354.3 394.42 12959.8 12851 12669 5745.93 4675.4 1070.52 333.909 736.614 546.267 313.17 4489.86 4224.97
internal_count=37440 955 36485 36125 35677 18622 15800 2822 946 1876 1388 877 15291 14648
is_linear=0
shrinkage=0.05


Tree=149
num_leaves=15
num_cat=0
split_feature=51 46 44 73 12 47 82 30 43 51 76 14 73 50
split_gain=48.1779 56.3792 56.3767 170.098 92.7739 143.51 148.799 137.271 118.074 173.113 111.144 90.8896 87.0392 86.273
threshold=5.8555595068752977 58.363970588235297 0.54466541588492812 17.500000000000004 0.1558305994373482 0.59794328690380272 7.3050000000000006 0.12811773692133624 60.809090909090919 4.3003906250000012 1.0963063249276563 0.5804166666666668 9.5000000000000018 24.811250000000005
decision_type=10 2 8 2 10 2 8 10 10 10 8 10 2 10
left_child=1 -1 3 4 12 6 7 -6 9 -8 11 -10 -3 -7
right_child=-2 2 -4 -5 5 13 8 -9 10 -11 -12 -13 -14 -15
leaf_value=-0.017670710397637367 -0.025368199323564961 0.0078822260618352461 -0.0011408361988134445 0.052018613909462268 0.017215880548434356 0.0018299482514826629 -4.9641984888346064e-05 0.087865658894458659 -0.038236503025138008 0.075757858444240656 0.025257719402491059 0.0084993552957641199 -0.013998112199344324 -0.047216870087854641
leaf_weight=417.60608909279108 183.11713846772909 828.67005107551813 9097.5742565691471 190.87310582399368 136.34326915442944 297.41664581745863 151.79685942083597 138.94574229419231 218.95504999160767 148.45382252335548 264.24607016891241 196.81037572026253 1004.3428993821144 127.30825366824865
leaf_count=1072 452 2080 26787 349 260 823 313 351 515 319 915 390 2566 413
internal_value=3.23652e-05 0.000386112 0.000976478 0.00617559 0.0036709 0.0121538 0.0206487 0.0530637 0.0115007 0.0375591 -4.33773e-05 -0.0161459 -0.00410753 -0.0129479
internal_weight=13402.5 13219.3 12801.7 3704.16 3513.29 1680.28 1255.55 275.289 980.262 300.251 680.011 415.765 1833.01 424.725
internal_count=37605 37153 36081 9294 8945 4299 3063 611 2452 632 1820 905 4646 1236
is_linear=0
shrinkage=0.05


Tree=150
num_leaves=15
num_cat=0
split_feature=47 35 53 7 58 82 80 46 57 28 73 46 39 79
split_gain=51.7161 117.038 85.3234 112.845 97.3915 62.2055 66.5808 57.5866 89.1235 95.7785 61.3578 60.671 66.8281 66.2265
threshold=0.64233512329514675 5.5000000000000009 3.2583333333333337 5.4912307692307705 22.150735294117649 20.545000000000005 19.450000000000006 67.060661764705898 256.43750000000006 7.7424500000000007 9.5000000000000018 65.788602941176478 21.353867214236825 -0.39956747999422876
decision_type=2 10 10 10 2 10 10 2 2 10 2 2 2 8
left_child=5 2 3 -2 -5 6 7 11 -9 10 -10 12 -1 -13
right_child=1 -3 -4 4 -6 -7 -8 8 9 -11 -12 13 -14 -15
leaf_value=-0.029253641970983093 -0.033605796269117881 0.036073844725424097 -0.058023864943877526 0.046008937859052468 -0.01430852658627119 0.03557670912007254 -0.033933945175690192 0.0010662867761917338 0.045612668873979322 0.068648782715159146 -0.016149087019541 -0.031037192882230488 0.0017588904595431734 -0.0034627520919352918
leaf_weight=175.69121624529362 285.28848125785589 107.01524982601404 120.12703929841518 115.32869751751423 156.76886590570211 127.22254019975662 137.24780370295048 485.38309370726347 69.819003842771053 126.03832451254129 92.206914126873016 302.13079726696014 10299.414445020258 774.17900681495667
leaf_count=419 986 354 354 382 505 326 341 1883 322 564 417 708 26965 2961
internal_value=0.000152003 -0.0122949 -0.0199768 -0.0116877 0.0113319 0.000928569 0.000572028 0.000959003 0.0141581 0.0361375 0.0105814 7.40847e-05 0.001236 -0.0112248
internal_weight=13373.9 784.528 677.513 557.386 272.098 12589.3 12462.1 12324.9 773.447 288.064 162.026 11551.4 10475.1 1076.31
internal_count=37487 2581 2227 1873 887 34906 34580 34239 3186 1303 739 31053 27384 3669
is_linear=0
shrinkage=0.05


Tree=151
num_leaves=15
num_cat=0
split_feature=7 80 31 7 58 79 6 55 57 58 27 20 79 46
split_gain=47.5839 116.537 196.857 84.4205 90.8672 90.3834 81.5317 113.194 133.717 122.194 86.0468 135.426 127.129 118.099
threshold=10.60655681818182 8.9150000000000009 0.43174242424242432 12.018238095238097 16.235294117647062 -0.28942931766636104 5.7496459347596813 22.087316176470591 251.03125000000003 21.878676470588239 12.564375 7.2250000000000005 0.39181920657204422 65.441176470588246
decision_type=10 10 8 10 2 8 8 2 2 2 10 10 10 2
left_child=1 -1 -3 5 -5 -2 7 9 -9 -6 -8 12 13 -12
right_child=3 2 -4 4 6 -7 10 8 -10 -11 11 -13 -14 -15
leaf_value=0.0005385193398488756 -0.058730857910406387 0.057511086445272232 0.0025766307844315058 0.035495788704771727 0.07042839701478576 -0.011651897601167799 -0.021595859319946394 -0.031013530214606684 0.02856010259385491 0.0090450812455035254 0.027423691580000055 -0.044811504068403542 -0.028319635456934691 -0.017434134823248782
leaf_weight=9258.6096195280552 128.18678772449493 246.7973759919405 477.30448484420776 158.96322093904018 126.44571657478809 487.23019255697727 776.31166494637728 239.46945783495903 153.89150976389647 223.80629942566156 576.34573435783386 145.29037919640541 203.25756292045116 195.95058949291706
leaf_count=26254 290 700 999 381 307 1544 2317 600 575 534 1663 370 395 606
internal_value=0.000307461 0.00205034 0.0213536 -0.00478619 -0.00109768 -0.0215375 -0.00331305 0.0107104 -0.00769369 0.0313427 -0.00881246 5.28563e-05 0.0067736 0.0160343
internal_weight=13397.9 9982.71 724.102 3415.15 2799.73 615.417 2640.77 743.613 393.361 350.252 1897.16 1120.84 975.554 772.296
internal_count=37535 27953 1699 9582 7748 1834 7367 2016 1175 841 5351 3034 2664 2269
is_linear=0
shrinkage=0.05


Tree=152
num_leaves=15
num_cat=0
split_feature=13 54 46 46 36 80 77 37 30 52 22 33 41 6
split_gain=49.8742 149.211 202.096 143.001 78.792 44.9874 79.1755 99.0152 104.899 67.2289 49.5889 57.383 48.3141 46.9516
threshold=0.67751848219959554 23.174242424242429 63.849264705882355 63.636029411764717 0.74952126471887059 1.7350000000000001 0.015983230002775243 2.5000000000000004 0.026548562504444862 147.63888888888894 0.78526220614828224 0.35294117647058815 193.50000000000003 1.0000000180025095e-35
decision_type=10 10 2 2 10 8 8 8 10 8 10 10 8 8
left_child=4 2 -2 -3 5 6 -1 8 -8 -7 11 12 -9 -11
right_child=1 3 -4 -5 -6 9 7 10 -10 13 -12 -13 -14 -15
leaf_value=-0.013129334486794276 0.075826217520634606 -0.05344007490381332 -0.0139220680367382 0.025357569239584116 -0.033039320380780848 0.030366595575704376 0.01001704668987391 -0.029314085504420474 0.075017962899388377 -0.016338460294053374 0.025302938389500887 0.023375666446818617 0.0044115743503711086 -0.0010212934506936898
leaf_weight=333.23746831715107 161.09304352104664 113.94697213917971 101.87915533035994 114.49033386260271 184.51649012416601 164.41075690090656 125.13799479603767 195.56030774116516 122.8511146903038 524.17540124803782 245.93068234622478 167.23773123323917 230.49153001606464 10568.754075415432
leaf_count=738 484 377 348 359 417 356 371 368 286 1501 551 362 441 30513
internal_value=-9.21842e-05 0.0155245 0.0411354 -0.0140091 -0.000689985 -0.000216594 0.00816511 0.0146981 0.0423898 -0.00127483 0.00647449 -0.00135973 -0.0111011 -0.00174648
internal_weight=13353.7 491.41 262.972 228.437 12862.3 12677.8 1420.45 1087.21 247.989 11257.3 839.22 593.29 426.052 11092.9
internal_count=37472 1568 832 736 35904 35487 3117 2379 657 32370 1722 1171 809 32014
is_linear=0
shrinkage=0.05


Tree=153
num_leaves=15
num_cat=0
split_feature=36 52 54 33 58 70 58 75 56 30 38 47 54 63
split_gain=59.5831 126.315 153.717 105.381 74.2799 48.2961 94.7133 118.397 62.3236 59.1849 74.7228 76.6819 48.6363 159.704
threshold=0.67442204486419077 188.18750000000003 23.591666666666672 3.6125000000000003 22.909926470588239 0.3452204456869144 27.242647058823533 10.965000000000002 3.8097940900148974 0.05849881474727698 2.5000000000000004 0.60017945457114608 32.236111111111121 1.0000000180025095e-35
decision_type=10 10 10 10 2 2 2 10 2 8 10 2 10 2
left_child=5 -2 3 -3 -4 12 7 8 -7 -10 11 -11 -1 -14
right_child=1 2 4 -5 -6 6 -8 -9 9 10 -12 -13 13 -15
leaf_value=-0.00082404870629225642 -0.057230245202140317 -0.0098166743354777888 -0.060245400794795956 0.051187682853009044 -0.0044259778386394168 -0.019390230289617547 -0.023881168841349512 0.06660021444167423 -0.0094175660082924488 -0.010048872040265541 0.053628834502032076 0.045403258303457782 -0.0038024421898460248 0.06135854802705324
leaf_weight=11368.581143774092 137.14759538322687 137.40135975927114 121.01746387034655 144.43551970273256 116.8410115763545 137.64191427826881 158.91160624474287 108.50639078021049 146.62900210916996 165.56471613794565 164.85122249275446 98.734120137989521 308.37126011401415 134.21954374760389
leaf_count=31770 268 323 283 347 330 462 431 280 437 485 446 416 969 400
internal_value=-5.9253e-05 -0.0147344 -0.00343135 0.0215172 -0.0329591 0.000695377 0.0113507 0.0181832 0.0107363 0.0179593 0.0273134 0.0107594 -0.000190361 0.016052
internal_weight=13448.9 656.843 519.695 281.837 237.858 12792 980.839 821.927 713.421 575.779 429.15 264.299 11811.2 442.591
internal_count=37647 1551 1283 670 613 36096 2957 2526 2246 1784 1347 901 33139 1369
is_linear=0
shrinkage=0.05


Tree=154
num_leaves=15
num_cat=0
split_feature=17 54 55 30 55 36 43 53 45 58 80 33 55 5
split_gain=55.0361 66.1104 60.8927 240.312 225.758 125.635 112.281 65.3805 63.2214 155.865 137.153 81.5779 109.396 59.37
threshold=4.2928571428571436 26.292857142857148 27.395955882352947 0.26483801186182737 28.456250000000004 0.2894672890070899 61.964285714285722 2.3923076923076927 14.316666666666668 23.031250000000004 10.975000000000003 5.2403846153846159 22.400367647058829 23.250000000000004
decision_type=10 8 2 10 2 10 10 10 8 2 8 10 2 10
left_child=2 -2 8 5 -5 7 -6 -4 9 10 -1 13 -13 -10
right_child=1 -3 3 4 6 -7 -8 -9 11 -11 -12 12 -14 -15
leaf_value=0.069143579862972121 -0.025645319183662155 0.015997542798061919 -0.010434941541945368 0.095170435437591711 0.056749716448454973 -0.054867237570060359 -0.013296730153029108 0.020761480158463477 -0.00065506181677842676 -0.015404919534916904 0.0017415633141512192 -0.044143015324037277 0.0090891049401268485 0.034419001411773724
leaf_weight=171.6725861877203 398.81482022255659 124.3840723335743 366.2155022919178 138.05435571074486 94.482355296611786 104.34266551584005 142.00799747556448 308.55533121526241 10649.015239812434 220.1579282656312 134.174022577703 243.61365347355604 158.9291295260191 121.03460178524256
leaf_count=350 1272 409 1081 470 290 324 485 1173 29355 618 438 495 392 318
internal_value=0.000146951 -0.0157336 0.000794603 0.0117489 0.0446043 -0.00408262 0.0148093 0.00383999 -0.000286573 0.0166368 0.0396766 -0.00108474 -0.0231558 -0.000257738
internal_weight=13375.5 523.199 12852.3 1153.66 374.545 779.113 236.49 674.771 11698.6 526.005 305.847 11172.6 402.543 10770
internal_count=37470 1681 35789 3823 1245 2578 775 2254 31966 1406 788 30560 887 29673
is_linear=0
shrinkage=0.05


Tree=155
num_leaves=15
num_cat=0
split_feature=81 31 27 57 70 11 79 57 77 33 18 56 79 27
split_gain=65.8043 88.7964 88.6577 109.286 79.3744 71.6473 65.7336 93.3211 63.5889 96.1596 113 107.867 143.279 123.979
threshold=9.5650000000000031 0.75243589743589745 17.097689075630257 236.08823529411768 0.016110013352660418 0.062496510466140985 0.21275725598714992 233.03125000000003 0.5834828765421961 3.5339366515837107 2.5505050505050506 4.2607979811246421 -0.39956747999422876 12.422478991596641
decision_type=10 10 8 2 2 10 10 2 10 10 10 2 8 10
left_child=8 2 4 -4 5 -2 7 -7 -1 11 -11 13 -13 -10
right_child=1 -3 3 -5 -6 6 -8 -9 9 10 -12 12 -14 -15
leaf_value=-4.9406158496663433e-05 -0.044553773977840883 0.025241205958933994 -0.0083801063629845886 -0.059951319998246225 0.030963408144953443 0.014841435976136361 0.018149484881301876 -0.048881306497142035 0.042347837400937359 0.064017706424584417 0.010549816954617137 -0.05642372855897914 0.0032207021688396825 -0.014328370830802859
leaf_weight=10777.063901364803 134.08341909945011 149.44527472555637 206.60752189159393 204.06626768410206 125.98898509144783 101.86989669501781 199.75483910739422 129.69531339406967 260.73746843636036 161.50193884968758 253.40705928206444 136.86115103960037 373.07087635993958 152.19385924935341
leaf_count=31441 273 314 427 504 333 286 452 402 689 332 545 255 947 337
internal_value=9.9387e-05 -0.0108111 -0.0157184 -0.0340895 -0.00477285 -0.0127766 -0.00281787 -0.0209052 0.00122728 0.0115046 0.0314659 0.00250592 -0.0128664 0.0214746
internal_weight=13366.3 1251.51 1102.07 410.674 691.392 565.403 431.32 231.565 12114.8 1337.77 414.909 922.863 509.932 412.931
internal_count=37537 2991 2677 931 1746 1413 1140 688 34546 3105 877 2228 1202 1026
is_linear=0
shrinkage=0.05


Tree=156
num_leaves=15
num_cat=0
split_feature=74 24 24 79 10 55 47 50 29 79 20 58 49 51
split_gain=47.6494 80.6138 101.853 52.4911 54.6474 101.891 104.291 57.8951 49.7768 110.647 92.6856 80.5323 74.2013 69.3323
threshold=3.5000000000000004 3.4463472222222253 1.7746500000000009 -0.9732473977338264 0.081389042326187697 22.214705882352945 0.5914559152116744 24.562019230769234 0.089031254465111856 0.93330912589961212 6.6969696969696972 29.119485294117649 12.500000000000002 4.6784465534465545
decision_type=2 10 10 8 10 2 2 10 10 8 8 2 2 8
left_child=8 2 3 -2 -5 6 -6 -7 -1 10 11 12 13 -10
right_child=1 -3 -4 4 5 7 -8 -9 9 -11 -12 -13 -14 -15
leaf_value=-0.00086943466919635814 -0.017946570658354897 -0.018377353938834089 0.037743530768937966 0.0020550200929954072 0.060086949007507176 -0.01540202255312439 0.00046155515758130585 0.024643297379379845 -0.016579331865579076 0.030355528258524479 -0.038314246393305218 -0.043284468909912631 0.021565051411356 0.010276665109763487
leaf_weight=7233.7390639930964 257.65385961532593 376.33675937354565 233.94042447954416 2533.8784951865673 203.33029198646545 229.52349063009024 114.42054804414511 147.33337070047855 906.67610587179661 158.5163743570447 303.08929391205311 147.49856725335121 227.20491452515125 326.09445661306381
leaf_count=20464 409 1065 654 7386 477 702 375 522 2092 1200 666 331 508 761
internal_value=-0.000847483 0.00364524 0.00587746 0.00372885 0.00546371 0.0178775 0.0386849 0.000277606 -0.00282599 -0.00966262 -0.012997 -0.00820259 -0.00463113 -0.00947277
internal_weight=13399.2 4096.42 3720.08 3486.14 3228.49 694.608 317.751 376.857 9302.82 2069.08 1910.56 1607.47 1459.98 1232.77
internal_count=37612 11590 10525 9871 9462 2076 852 1224 26022 5558 4358 3692 3361 2853
is_linear=0
shrinkage=0.05


Tree=157
num_leaves=15
num_cat=0
split_feature=55 26 0 12 36 82 46 18 8 19 24 79 58 28
split_gain=47.5815 155.001 89.8232 72.1498 123.088 88.0353 73.6143 55.6536 94.8622 59.0374 61.5225 91.5401 71.2392 63.5689
threshold=27.395955882352947 16.500000000000004 10.500000000000002 0.280363163429936 0.3541374663945217 3.0950000000000002 63.667279411764717 6.7750000000000012 20.012801526925603 18.516666666666669 -4.3770499999999997 -0.073754526860365821 21.60661764705883 16.057116666666669
decision_type=2 2 2 10 10 10 2 10 10 10 8 8 2 10
left_child=7 2 3 5 -5 -2 -6 8 9 10 11 -1 -13 -12
right_child=1 -3 -4 4 6 -7 -8 -9 -10 -11 13 12 -14 -15
leaf_value=-0.038678848912892791 0.0090526149263798865 0.060489277971643086 -0.034515384850920414 0.07338328281395877 0.03600679490851582 -0.03601397292163272 -0.02735255353671347 0.027911053587929103 -0.036074563490523008 0.025607232737577913 0.00069426875421642548 0.03373388644828048 -0.016203522140402781 -0.015912491207854752
leaf_weight=262.57831840217113 524.55117952078581 132.40998107194901 135.78253913670778 102.48115792125463 92.669579833745956 135.51251804828644 88.811720848083496 166.19760332256556 190.19059734046459 210.51188503205776 10468.720078356564 109.15185177326202 202.10491263121367 608.8196612149477
leaf_count=608 1884 241 466 370 324 412 309 586 606 562 28612 356 657 1639
internal_value=0.000199585 0.00964375 0.00335869 0.00883701 0.0298634 -0.000240137 0.00502058 -0.000738116 -0.00113547 -0.000572271 -0.00104743 -0.0169963 0.00136053 -0.00021979
internal_weight=13430.5 1212.22 1079.81 944.026 283.962 660.064 181.481 12218.3 12052.1 11861.9 11651.4 573.835 311.257 11077.5
internal_count=37632 4006 3765 3299 1003 2296 633 33626 33040 32434 31872 1621 1013 30251
is_linear=0
shrinkage=0.05


Tree=158
num_leaves=15
num_cat=0
split_feature=29 66 54 15 79 45 25 27 55 56 12 20 27 9
split_gain=54.9962 104.823 258.142 103.263 101.448 93.1393 86.4183 85.6507 125.54 93.2992 85.7121 82.7535 100.72 81.412
threshold=0.097097869696107633 6.5000000000000009 25.925824175824179 0.77576815792766529 0.93330912589961212 22.630681818181824 0.035000000000000094 16.236875000000001 20.454227941176473 4.4944816320025511 0.41930084671425116 3.6181818181818186 14.97916666666667 17.614750000000004
decision_type=10 2 8 10 8 10 8 10 2 2 10 10 10 10
left_child=3 2 5 13 6 -2 7 8 -3 10 -10 12 -8 -1
right_child=1 4 -4 -5 -6 -7 11 -9 9 -11 -12 -13 -14 -15
leaf_value=0.0015156358731612401 -0.041455101420960982 0.025451906828933155 0.076467027752569972 0.042941197690693184 0.026784948920898707 0.016351496579098401 -0.029370698249360335 0.023108916925559692 -0.013677294474613503 0.01110053293987167 -0.064675544409438679 -0.047252599542182673 0.0090312812882592432 -0.026196318670562959
leaf_weight=10538.504030607641 128.07127236574888 158.93351900577545 122.81008466333151 146.48516860604286 158.19147301465273 150.58734156191349 476.59721787273884 229.0892166942358 161.30137324333191 122.61599989235401 168.86691422760487 287.40555673837662 265.15584409236908 270.8668265491724
leaf_count=29576 327 319 327 393 1210 376 1052 588 468 312 373 681 613 845
internal_value=-0.000123485 -0.00692758 0.0163874 0.00138592 -0.0115485 -0.0102696 -0.014804 -0.00290583 -0.0126702 -0.0260782 -0.0398772 -0.0245123 -0.0156494 0.000818856
internal_weight=13385.5 2429.63 401.469 10955.9 2028.16 278.659 1869.97 840.807 611.718 452.784 330.168 1029.16 741.753 10809.4
internal_count=37460 6646 1030 30814 5616 703 4406 2060 1472 1153 841 2346 1665 30421
is_linear=0
shrinkage=0.05


Tree=159
num_leaves=15
num_cat=0
split_feature=47 22 39 3 51 4 73 44 58 57 47 36 47 18
split_gain=43.2574 75.1607 49.9548 115.41 193.817 101.82 84.7803 95.0578 90.2279 110.703 121.384 91.7201 103.608 144.46
threshold=0.48334899417542526 0.78297101449275375 24.785763175906919 18.31428571428572 4.3003906250000012 11.387435163977232 17.500000000000004 0.55640560545332207 26.812500000000004 251.25000000000003 0.50917546558031268 0.55215717114376683 0.58075263018364998 3.3693181818181821
decision_type=2 10 2 10 10 10 2 10 2 2 2 8 2 10
left_child=1 -1 3 5 -5 -2 8 -8 9 11 -11 12 -4 -14
right_child=2 -3 6 4 -6 -7 7 -9 -10 10 -12 -13 13 -15
leaf_value=-0.0003214768847594756 0.0061794952474409949 -0.043771635716278991 -0.0098485513407638847 -0.0058233344024636721 0.077519547557048096 -0.013204380100852118 0.050843599429279199 0.00076518188712165736 -0.013787626309734 0.059176011935572037 0.0069212996490378518 -0.021805690683005131 0.0020738670864191072 0.046964019170309818
leaf_weight=291.24203358590603 3881.9266562014818 150.21101419627666 1812.5306262373924 139.10892769694328 138.66442995518446 819.68243853002787 157.25886213779449 236.25083577632904 1522.9358031079173 118.47870492190123 1598.8514031395316 646.18963573873043 1629.3435948193073 200.38470655679703
leaf_count=593 11659 298 4307 502 408 2477 279 460 3831 422 5862 1358 4340 664
internal_value=0.000200972 -0.0151716 0.000728108 0.004652 0.0359103 0.00279801 -0.00173847 0.0208562 -0.00292206 -0.000164946 0.0105587 -0.00446074 -0.00137835 0.00701303
internal_weight=13343.1 441.453 12901.6 4979.38 277.773 4701.61 7922.22 393.51 7528.71 6005.78 1717.33 4288.45 3642.26 1829.73
internal_count=37460 891 36569 15046 910 14136 21523 739 20784 16953 6284 10669 9311 5004
is_linear=0
shrinkage=0.05


Tree=160
num_leaves=15
num_cat=0
split_feature=47 24 47 57 28 48 45 58 58 58 28 80 79 28
split_gain=58.0969 80.2117 59.6263 89.1961 224.136 139.535 50.9363 114.191 155.079 94.8685 145.647 73.715 77.9342 62.5635
threshold=0.48334899417542526 0.62100000000000044 0.51285907624678206 251.03125000000003 4.6196628959276032 28.352941176470591 28.148351648351653 20.272058823529417 19.332720588235297 18.150735294117649 8.6348437500000017 13.725000000000003 0.33140006879675371 2.3223125000000002
decision_type=2 8 2 2 10 2 10 2 2 2 8 10 10 8
left_child=1 -1 3 5 -5 -2 -4 8 9 10 -8 12 13 -9
right_child=2 -3 6 4 -6 -7 7 11 -10 -11 -12 -13 -14 -15
leaf_value=0.010397333529704265 -0.01767699143210761 -0.034212180912522053 -0.0019187619986521208 0.0012853470173531702 0.086681140281776148 0.038902883286156972 -0.008729874356993534 -0.0092597486917430239 0.082291543112731333 -0.023317268265988293 0.065325291098602967 -0.027526040167657341 -0.013240514721081106 0.024086761110484901
leaf_weight=156.62747129797935 346.0340593084693 279.63388469815254 10299.456389866769 202.89173655211926 122.70708504319191 157.84442864358425 126.77909652143717 194.92928894609213 102.14737965911627 121.04493892937899 137.91428354382515 210.76635903120041 386.7049223035574 500.05632343143225
leaf_count=321 780 571 29080 713 352 308 407 704 314 278 439 540 808 1875
internal_value=-0.000284913 -0.0182092 0.000322193 0.0132817 0.033635 8.91069e-05 -0.000568715 0.00723813 0.0278215 0.0132218 0.029956 -0.000547319 0.00473003 0.0147339
internal_weight=13345.5 436.261 12909.3 829.477 325.599 503.878 12079.8 1780.34 487.886 385.738 264.693 1292.46 1081.69 694.986
internal_count=37490 892 36598 2153 1065 1088 34445 5365 1438 1124 846 3927 3387 2579
is_linear=0
shrinkage=0.05


Tree=161
num_leaves=15
num_cat=0
split_feature=31 51 21 17 6 3 48 27 33 33 55 39 39 22
split_gain=58.8385 51.0904 122.576 283.827 77.1996 100.571 143.571 71.5651 48.1773 178.547 132.565 53.1961 109.156 137.232
threshold=0.80611607142857145 4.8622844827586214 3.2526595744680855 0.20714285714285716 6.3805562190902831 10.304166666666669 21.500000000000004 21.17166666666667 -1.640102195468981e-16 -5.7361522938966402e-17 22.884117647058829 22.550308008213559 22.229979466119101 0.77158385093167714
decision_type=10 10 8 10 10 10 2 10 8 8 2 2 2 10
left_child=1 7 3 -3 -4 -6 -7 8 -1 10 -10 12 -11 -14
right_child=-2 2 4 -5 5 6 -8 -9 9 11 -12 -13 13 -15
leaf_value=-0.018154635423771645 -0.031671393306546551 -0.014726630727653719 -0.0026547757088757912 0.087399143937234705 0.060698592251153753 -0.030901922539014616 0.036639378893228373 0.036501160275466578 0.0062419196086001853 -0.00097866646385925916 0.066487641369924091 -0.0035420992331118861 0.0092901906052099276 0.088021630278855137
leaf_weight=430.72428654879332 146.78516736626625 130.43972592800856 1542.5142200216651 140.63837347179651 116.59651993960142 141.10161405801773 175.33825827389956 122.42707666754723 206.06834018230438 703.41846384853125 163.29337023198605 9075.5883094444871 151.56414873152971 86.435168631374836
leaf_count=1227 488 316 3926 341 307 353 478 292 497 1930 503 25876 547 302
internal_value=-0.000297721 5.38983e-05 0.00691991 0.0383839 0.0025853 0.021214 0.00652001 -0.00135666 -0.00178847 -0.00110808 0.0329839 -0.00236834 0.00893887 0.0381321
internal_weight=13332.9 13186.1 2246.63 271.078 1975.55 433.036 316.44 10939.5 10817.1 10386.4 369.362 10017 941.418 237.999
internal_count=37383 36895 5721 657 5064 1138 831 31174 30882 29655 1000 28655 2779 849
is_linear=0
shrinkage=0.05


Tree=162
num_leaves=15
num_cat=0
split_feature=75 83 17 79 10 54 39 11 51 30 39 55 11 33
split_gain=68.6738 82.0316 44.1964 91.9418 60.9553 86.7694 287.439 152.989 139.747 131.862 122.835 192.413 84.5783 106.338
threshold=18.535000000000004 20.019231680816951 4.2613636363636376 0.7111892386706703 0.085207343959128004 26.925824175824179 25.107460643394941 0.11551733637935808 5.1591855203619916 0.45088015459849484 27.418206707734431 21.815625000000001 0.14166384884910202 1.8708333333333333
decision_type=10 2 10 8 10 8 2 10 10 8 2 2 10 10
left_child=2 -2 4 -4 -1 8 7 -7 10 -8 12 -12 13 -6
right_child=1 -3 3 -5 5 6 9 -9 -10 -11 11 -13 -14 -15
leaf_value=-7.9375865336702106e-05 -0.038966120154265371 0.0085203998192491508 -0.031753369930639229 0.026798300734242903 0.0042565502623161406 0.10964394841694003 0.028952195118491938 0.024341216921197145 0.054876925507964594 -0.038405536390472242 0.06928782307831112 -0.0036810586617872353 0.019514404966902165 -0.02568635876484697
leaf_weight=10256.594966806471 231.33473959565163 148.94116839766502 255.60853983461857 89.904757685959339 551.69128238409758 116.07272778451443 141.97785679250956 96.696720965206623 124.87084709107876 146.75858518481255 151.06970239430666 222.34019530564547 261.77577879279852 639.43203663080931
leaf_count=28661 534 386 765 506 1553 356 446 346 289 348 399 700 745 1624
internal_value=0.000523158 -0.0203937 0.00113396 -0.0164845 0.0016142 0.0086935 0.0272219 0.0711719 0.0039197 -0.00529869 0.000407459 0.025946 -0.00616954 -0.0118258
internal_weight=13435.1 380.276 13054.8 345.513 12709.3 2452.69 501.506 212.769 1951.18 288.736 1826.31 373.41 1452.9 1191.12
internal_count=37658 920 36738 1271 35467 6806 1496 702 5310 794 5021 1099 3922 3177
is_linear=0
shrinkage=0.05


Tree=163
num_leaves=15
num_cat=0
split_feature=24 8 43 45 56 51 57 29 29 53 46 46 36 30
split_gain=63.1148 63.9109 41.2287 73.7007 117.458 43.4949 47.2057 108.333 204.501 110.852 122.404 110.352 102.234 88.5304
threshold=8.4585178571428585 13.829070651376666 52.125000000000007 14.316666666666668 4.1619899560577531 5.6611965811965819 224.20588235294119 0.087962442541368854 0.079403815801283653 2.3923076923076927 60.759191176470594 63.343750000000007 0.53129825356429528 0.30965394105120936
decision_type=10 10 8 8 2 10 2 10 10 8 2 2 10 10
left_child=2 -2 -1 4 -4 6 7 8 12 -9 -11 -12 13 -5
right_child=1 -3 3 5 -6 -7 -8 9 -10 10 11 -13 -14 -15
leaf_value=-0.019923627786272432 -0.0029722758627173771 -0.056542750241059238 0.050152496768082921 -0.0038318169916136489 0.00057804280138967692 -0.021099349919806169 0.0025041269807117459 -0.043554038263539006 0.061444539730330663 -0.049329770069713126 0.040375976924966819 -0.013347571565902142 -0.043835172428868203 0.023910280608162082
leaf_weight=243.8011973425746 128.64511173963547 97.314607061445713 192.1456767693162 2250.1221407651901 313.35186279565096 237.99006359279156 8431.0944882854819 313.29093182086945 129.78207466751337 123.38864799588919 154.79271448403597 246.46607960760593 141.20931374281645 328.69500876963139
leaf_count=512 396 318 549 5408 870 560 25313 699 335 253 399 637 318 900
internal_value=-4.94187e-05 -0.0261911 0.000403247 0.000790055 0.0194837 2.38145e-05 0.000440338 -0.00427739 0.000371574 -0.02007 -0.00599042 0.00742609 -0.00256394 -0.000287923
internal_weight=13332.1 225.96 13106.1 12862.3 505.498 12356.8 12118.8 3687.75 2849.81 837.938 524.647 401.259 2720.03 2578.82
internal_count=37467 714 36753 36241 1419 34822 34262 8949 6961 1988 1289 1036 6626 6308
is_linear=0
shrinkage=0.05


Tree=164
num_leaves=15
num_cat=0
split_feature=36 13 19 57 12 44 23 48 2 57 20 24 41 11
split_gain=70.5155 81.8457 98.4625 77.4865 70.4965 68.5004 51.8055 48.1798 87.1479 115.973 125.584 154.953 81.6754 73.4312
threshold=0.82791615979050359 0.67751848219959554 16.730303030303034 224.70588235294119 0.62653927458501157 0.57899937591013118 4.3333333333333348 28.545955882352946 1.0000000180025095e-35 269.26470588235298 6.6613381477509402e-16 1.1535000000000009 44.500000000000007 0.075706040541375988
decision_type=10 10 10 2 10 10 8 2 2 2 10 10 10 8
left_child=1 4 -3 -4 6 -5 -1 -8 9 10 12 -12 -9 -10
right_child=-2 2 3 5 -6 -7 7 8 13 -11 11 -13 -14 -15
leaf_value=-0.030667347239543841 -0.035393578455579694 0.057787504888000801 0.040792812148192317 0.01662520606820447 -0.024383468656530148 -0.043270943613263453 -0.00078334131151052604 -0.020964750993663878 0.0054663763508103931 -0.021920710654116628 0.075796138323080631 0.0065498158737319831 0.03102442932726307 -0.03549648556714103
leaf_weight=135.59236332774162 140.51455497741699 129.88899730145931 100.38589353859425 94.748219832777977 303.75255027413368 94.388894364237785 11036.052964285016 149.04296085238457 385.18721174448729 135.37065532058477 212.07398212701082 130.45307003706694 151.19227207452059 151.69540471583605
leaf_count=316 348 446 265 342 802 335 30933 402 1097 463 537 302 379 471
internal_value=-0.000286242 8.98504e-05 0.0217973 0.00550759 -0.000623608 -0.0133363 -4.37159e-05 0.000294932 0.00933788 0.0200196 0.0288728 0.0495192 0.00523201 -0.0061521
internal_weight=13350.3 13209.8 419.412 289.523 12790.4 189.137 12486.7 12351.1 1315.02 778.133 642.762 342.527 300.235 536.883
internal_count=37438 37090 1388 942 35702 677 34900 34584 3651 2083 1620 839 781 1568
is_linear=0
shrinkage=0.05


Tree=165
num_leaves=15
num_cat=0
split_feature=46 43 55 81 46 59 79 9 31 33 47 11 7 50
split_gain=48.0366 105.806 125.049 91.9199 68.5686 76.9344 79.3422 87.8178 62.1191 79.8983 96.9419 52.4384 46.4299 43.2336
threshold=67.060661764705898 61.25833333333334 20.454227941176473 6.7650000000000006 65.788602941176478 1.0000000180025095e-35 0.37282244491538702 9.5206666666666688 0.52964285714285719 0.74999999999999989 0.61412780928376398 0.085010382019843553 6.4380965909090921 21.724871794871799
decision_type=2 10 2 10 2 2 8 10 10 8 2 10 8 10
left_child=4 -2 -3 11 13 8 7 -7 9 10 -6 -4 -8 -1
right_child=1 2 3 -5 5 6 12 -9 -10 -11 -12 -13 -14 -15
leaf_value=-0.0031413921844345993 0.042716627133808416 0.04871125961523106 -0.0040913344371903719 -0.041893106749699732 -0.014433920866467992 -0.019920947792442814 -0.020800304776989985 -0.067032263546009038 0.036148684907726082 -0.025114967012326961 0.053383264993627604 0.040433159457662099 0.044943878879345853 0.003060717914556053
leaf_weight=5457.7351714670658 200.46757783740759 117.79119485616684 386.05170229822397 145.47098317742348 118.16611581295729 311.43457853794098 51.529508277773857 144.92512625455856 97.489961877465248 275.12699460238218 93.640712529420853 78.764484509825706 54.106034129858017 5789.4351338073611
leaf_count=13309 640 483 1752 507 414 894 303 396 305 947 304 456 323 16457
internal_value=-0.000314587 0.0106481 0.00177199 -0.0073526 -0.00113672 -0.0127801 -0.0259712 -0.0349958 -7.24976e-05 -0.00738363 0.0156583 0.00352408 0.0129792 5.1107e-05
internal_weight=13322.1 928.546 728.078 610.287 12393.6 1146.42 561.995 456.36 584.424 486.934 211.807 464.816 105.636 11247.2
internal_count=37490 3838 3198 2715 33652 3886 1916 1290 1970 1665 718 2208 626 29766
is_linear=0
shrinkage=0.05


Tree=166
num_leaves=15
num_cat=0
split_feature=39 39 22 54 41 29 47 51 17 15 55 30 55 75
split_gain=39.3223 43.9065 158.985 104.455 208.508 149.382 105.786 92.1239 156.4 123.149 60.0163 153.73 197.683 91.8419
threshold=21.353867214236825 22.889801505817935 0.84045454545454557 23.809090909090912 85.000000000000014 0.01311566630275064 0.59333451472772747 4.1112456281947809 2.2403846153846159 0.52160340806115724 27.466544117647061 0.26483801186182737 28.456250000000004 5.995000000000001
decision_type=2 2 8 10 10 10 2 10 10 10 2 10 2 10
left_child=-1 2 7 5 -5 6 -4 8 -2 -9 -3 13 -13 -12
right_child=1 10 3 4 -6 -7 -8 9 -10 -11 11 12 -14 -15
leaf_value=-0.020687212654413565 -0.01515105025864316 -0.0015160568592679892 0.0064767658241928752 0.10070614671672184 0.0070944050405128169 -0.037936488633810002 0.061017105388658059 -0.0069160321023254787 0.06944550400828399 -0.070322847250002971 0.0048408178863676059 0.090197161166311296 0.011624062298659924 -0.046656923820303113
leaf_weight=221.28231726586819 155.63443939387798 10885.805154360831 239.43295148015022 113.26198925077915 124.42100089788437 115.50899152457714 140.67642225325108 264.30567073076963 82.968337744474411 106.96350586414337 504.77940830588341 117.3184897005558 248.62231649458408 103.46676777303219
leaf_count=514 567 29658 603 341 408 267 535 816 309 346 1743 426 800 301
internal_value=0.000167891 0.000518959 0.0090833 0.0247564 0.0519378 0.0116427 0.026769 -0.00977147 0.0144324 -0.0253235 -0.000451658 0.0114316 0.0369913 -0.0039815
internal_weight=13424.4 13203.2 1343.17 733.301 237.683 495.618 380.109 609.872 238.603 371.269 11860 974.187 365.941 608.246
internal_count=37634 37120 4192 2154 749 1405 1138 2038 876 1162 32928 3270 1226 2044
is_linear=0
shrinkage=0.05


Tree=167
num_leaves=15
num_cat=0
split_feature=36 37 41 41 58 20 26 39 76 48 25 46 79 26
split_gain=43.3981 39.1015 79.4867 68.3444 52.2296 147.522 98.0374 96.8722 93.1388 80.0418 57.0883 92.3271 120.447 61.8723
threshold=0.82791615979050359 4.5000000000000009 55.500000000000007 103.50000000000001 16.941176470588239 5.0333333333333341 16.500000000000004 27.80013689253936 0.86748447856992905 24.718750000000004 0.11000000000000008 60.759191176470594 0.24748576759178767 15.500000000000002
decision_type=10 10 8 8 2 8 2 2 10 2 10 2 8 2
left_child=1 4 -3 -4 5 6 7 8 9 -1 -6 12 -12 -13
right_child=-2 2 3 -5 10 -7 -8 -9 -10 -11 11 13 -14 -15
leaf_value=-0.00038456028180888801 -0.028212148400705763 -0.043950276253700439 0.030607415780901884 -0.0074039827697334418 -0.0015502243305397705 0.05479398565977936 -0.040793121230729701 0.054532646373485663 -0.025765214980415199 0.056460854071887848 0.0063606570819503654 0.0097051895344779995 0.072016297657498549 -0.020362301789224935
leaf_weight=174.49421893060207 140.23819703608751 136.19138418138027 128.04952875524759 1414.3538159653544 9519.2474986165762 165.77950705587864 109.58777362108231 101.99773450940847 190.79948399960995 94.978877112269402 161.13365936279297 693.20358227193356 122.60289716720581 226.06927464902401
leaf_count=585 355 380 362 3327 27290 417 182 335 469 291 413 2224 302 641
internal_value=-0.000642903 -0.000348747 -0.00747739 -0.00423051 0.000686949 0.0127037 0.00225207 0.0106992 0.000888426 0.0197859 -0.000252917 0.0100053 0.0348838 0.00229685
internal_weight=13378.7 13238.5 1678.59 1542.4 11559.9 837.638 671.858 562.27 460.273 269.473 10722.3 1203.01 283.737 919.273
internal_count=37573 37218 4069 3689 33149 2279 1862 1680 1345 876 30870 3580 715 2865
is_linear=0
shrinkage=0.05


Tree=168
num_leaves=15
num_cat=0
split_feature=15 21 49 79 31 58 31 12 33 45 82 55 48 21
split_gain=40.0877 58.3612 77.4376 68.4427 47.3699 86.1538 51.5704 60.6051 51.5656 116.549 91.7497 58.7328 51.6761 102.442
threshold=0.056540467662716455 2.5895721925133697 4.5000000000000009 0.046346491107944442 0.14970588235294122 29.718750000000004 0.12958333333333336 0.11012686382375926 -6.3481983202925602e-17 21.033333333333335 13.365 21.200000000000006 16.235294117647062 5.0530695266272199
decision_type=8 10 2 8 8 2 10 10 8 8 8 2 2 10
left_child=1 2 -1 -3 5 6 7 -2 9 10 -6 -11 13 -10
right_child=4 3 -4 -5 8 -7 -8 -9 12 11 -12 -13 -14 -15
leaf_value=0.029307158537325684 -0.010416536779177777 0.056203699212244052 -0.014939668941106763 0.0065029225051597764 0.079110760189339852 0.034969713788121269 -0.025050236402788008 0.018775848635216336 0.032830385106885761 -0.030011220545820741 0.013440753387050253 0.013510676052380608 -0.0006898936279937138 -0.017544820746329577
leaf_weight=150.11626036465168 1026.3839133679867 128.80382016301155 285.09113718569279 149.17402555793524 100.41876368224621 109.22508330643177 454.25796991586685 214.04638394713402 309.44422624260187 122.93582797050476 112.88885702937841 206.00623567402363 9773.8934635967016 148.76763550937176
leaf_count=399 2850 334 739 477 231 312 1163 669 636 298 394 609 27730 429
internal_value=0.000275716 0.011799 0.000354605 0.0296512 -0.000378541 -0.00787511 -0.0106555 -0.00536809 0.000877198 0.0158885 0.0445811 -0.00279646 8.02025e-05 0.0164725
internal_weight=13291.5 713.185 435.207 277.978 12578.3 1803.91 1694.69 1240.43 10774.4 542.25 213.308 328.942 10232.1 458.212
internal_count=37270 1949 1138 811 35321 4994 4682 3519 30327 1532 625 907 28795 1065
is_linear=0
shrinkage=0.05


Tree=169
num_leaves=15
num_cat=0
split_feature=57 57 83 29 10 41 47 17 8 33 5 5 41 30
split_gain=55.2747 123.864 220.142 199.669 192.941 150.696 116.141 166.321 151.169 118.077 127.31 147.618 112.282 93.5438
threshold=231.58823529411768 237.42463235294119 3.1236025079119245 0.065349348347773548 0.14372079112974037 121.00000000000001 0.57181704377997167 2.0954545454545461 15.879176474832358 1.1339285714285714 12.641666666666669 16.383333333333336 39.500000000000007 0.70784079942964484
decision_type=2 2 2 8 8 10 2 10 10 8 10 10 10 10
left_child=6 2 -2 5 12 -4 8 -8 -1 -9 -11 -12 -5 -3
right_child=1 13 3 4 -6 -7 7 9 -10 10 11 -13 -14 -15
leaf_value=-0.0079605196463731105 -0.014024271439352368 -0.0012890197028739185 0.091490948650531811 0.030909990500432506 0.059874370954072012 0.021494959969620732 -0.0040528565576087696 0.070255971860835417 -0.048373002644397325 -0.014728508456779772 0.073515862088554776 0.0047263403544404031 -0.02374042634033699 0.036496842994085191
leaf_weight=2160.6403926387429 405.27017411589622 6690.3826525136828 183.41724874079227 141.73080429434776 156.50099818408489 133.21861773729324 2136.5272084921598 116.34719709306955 258.2629469409585 216.17941571772099 138.30946083366871 177.51638043671846 274.28010255098343 166.90352230519056
leaf_count=4721 952 21286 450 353 348 311 5494 353 515 587 365 470 670 518
internal_value=-0.000255462 0.00231449 0.0164941 0.0304043 0.0127405 0.0622018 -0.00428095 0.00268056 -0.0122935 0.0248414 0.0147962 0.0349883 -0.0050921 -0.00036414
internal_weight=13355.5 8151.7 1294.42 889.148 572.512 316.636 5203.78 2784.88 2418.9 648.352 532.005 315.826 416.011 6857.29
internal_count=37393 24888 3084 2132 1371 761 12505 7269 5236 1775 1422 835 1023 21804
is_linear=0
shrinkage=0.05


Tree=170
num_leaves=15
num_cat=0
split_feature=47 22 81 83 33 0 41 44 46 58 10 5 25 2
split_gain=61.946 115.513 42.2746 53.8233 51.2383 32.5117 123.956 136.19 142.831 132.457 169.985 179.632 108.077 103.441
threshold=0.48334899417542526 0.77158385093167714 13.915000000000001 20.619909114441736 6.8117647058823527 8.5000000000000018 157.50000000000003 0.53635629314143063 61.514705882352949 19.878676470588239 0.094687828915439101 5.9833333333333334 -0.10749999999999994 1.5000000000000002
decision_type=2 10 10 2 10 2 8 10 2 2 10 10 8 2
left_child=1 -1 3 4 5 -2 7 8 -7 10 11 -9 -11 -8
right_child=2 -3 -4 -5 -6 6 13 9 -10 12 -12 -13 -14 -15
leaf_value=0.00078346409170385739 -0.0012213586403873968 -0.051979081492107795 -0.03067917457454853 0.033938360236982601 -0.029125417995640415 0.07924577182965202 -0.013014259935861888 0.013574189145727208 0.017557303198531271 -0.038028558938846192 -0.01399281636778235 0.099476426338416774 0.0039912220583855551 0.023354003709862722
leaf_weight=275.25632876157761 9433.3637266382575 165.44112668931484 110.72445826232433 116.2079374268651 149.25122308731079 139.69046552479267 1126.3593404442072 124.92321676760912 284.18047652393579 188.58791820704937 136.39348236471415 118.35226239264011 792.74378003925085 235.59188049286604
leaf_count=562 27061 322 282 360 379 306 3067 306 714 547 394 313 2303 675
internal_value=-0.000683393 -0.0190968 -5.56535e-05 0.000210677 -9.98673e-05 0.000246779 0.00464687 0.0133122 0.038026 0.00559308 0.030629 0.0556013 -0.00411444 -0.00671072
internal_weight=13397.1 440.697 12956.4 12845.6 12729.4 12580.2 3146.82 1784.87 423.871 1361 379.669 243.275 981.332 1361.95
internal_count=37591 884 36707 36425 36065 35686 8625 4883 1020 3863 1013 619 2850 3742
is_linear=0
shrinkage=0.05


Tree=171
num_leaves=15
num_cat=0
split_feature=66 18 58 43 76 49 81 30 79 59 48 57 50 46
split_gain=53.4446 94.5952 188.821 97.9071 118.544 104.697 95.616 126.886 67.6762 88.7217 65.68 108.545 135.332 142.229
threshold=7.5000000000000009 1.1483516483516485 28.123161764705888 59.226495726495735 1.0483546344959389 5.5000000000000009 2.8950000000000005 0.13241305803613243 0.25063396281063566 0.75000000000000011 28.352941176470591 287.72426470588238 23.152272727272731 64.424632352941188
decision_type=2 10 2 10 8 2 10 10 10 2 2 2 8 2
left_child=10 6 3 -3 8 -6 -2 -8 9 -5 -1 12 -12 -14
right_child=1 2 -4 4 5 -7 7 -9 -10 -11 11 -13 13 -15
leaf_value=0.00018007427549907051 -0.0036582464869219741 -0.054545060029201675 0.03045286356312198 0.0036399486188684847 0.039615524427055224 -0.012841179931410131 -0.0047132669439206914 0.060879321257911026 -0.065380164802453733 -0.048593775302521451 0.00032136496032222342 -0.033287725417773834 0.057566861466823029 0.0073399339211437783
leaf_weight=9221.2402160689235 1189.2455429211259 203.88834404200315 190.36764895915985 161.36028449237347 125.3807363063097 383.54724112898111 146.929712921381 146.72491233050823 129.89061196148396 162.5767887532711 600.7569636926055 117.93795008212328 304.36413769423962 262.38928592205048
leaf_count=26206 3472 454 501 410 473 1322 327 306 283 411 1443 396 694 818
internal_value=1.15471e-05 -0.00607301 -0.0156073 -0.0231428 -0.0164428 0.000134527 0.00265648 0.0281555 -0.0349923 -0.0226439 0.0016566 0.0122402 0.0168638 0.0343672
internal_weight=13346.6 2839.91 1357.01 1166.64 962.756 508.928 1482.9 293.655 453.828 323.937 10506.7 1285.45 1167.51 566.753
internal_count=37516 7959 3854 3353 2899 1795 4105 633 1104 821 29557 3351 2955 1512
is_linear=0
shrinkage=0.05


Tree=172
num_leaves=15
num_cat=0
split_feature=15 17 5 58 63 5 24 52 58 24 6 6 3 77
split_gain=52.477 49.314 92.1117 78.3011 77.0978 73.3514 46.8241 76.8949 79.26 63.2521 62.682 70.5328 60.0276 63.2039
threshold=0.85009812417174302 4.4083333333333341 23.250000000000004 20.211397058823533 1.0000000180025095e-35 20.416666666666671 -4.2590624999999989 258.03333333333336 23.031250000000004 -3.6970000000000005 5.3465832380093969 7.0003571337468191 18.581666666666671 0.75320848378530214
decision_type=10 10 10 2 2 10 8 10 2 8 10 10 10 10
left_child=1 2 5 -3 -5 6 7 10 -9 -8 -1 -12 13 -11
right_child=-2 3 -4 4 -6 -7 9 8 -10 12 11 -13 -14 -15
leaf_value=0.00075250593390383078 0.032007873897044951 -0.046897864240520483 0.035734688548311362 -0.022428477289854799 0.032322684995833892 -0.031857724201925043 0.028687245156800774 0.048891613655863503 -0.014720145416658599 0.00082079167416109703 -0.06467185622128134 -0.015323369065268566 0.034099506190149863 -0.018865268102512562
leaf_weight=163.62578804790974 126.27613424509764 143.72512988001108 179.76964234560728 165.50423862785101 103.74860343337059 179.48595118522644 201.21329019218683 86.382523827254772 110.6173358336091 11146.105332553387 132.73623549938202 159.71198860555887 130.30059376358986 422.20333658158779
leaf_count=417 453 402 473 578 303 465 572 278 422 31088 306 456 312 1093
internal_value=5.44943e-05 -0.000250692 0.000293904 -0.0172376 -0.0012902 -0.000209255 0.000245768 -0.0127791 0.013279 0.0009616 -0.0240393 -0.0378657 0.000482315 0.00010075
internal_weight=13451.4 13325.1 12912.2 412.978 269.253 12732.4 12552.9 653.074 197 11899.8 456.074 292.448 11698.6 11568.3
internal_count=37618 37165 35882 1283 881 35409 34944 1879 700 33065 1179 762 32493 32181
is_linear=0
shrinkage=0.05


Tree=173
num_leaves=15
num_cat=0
split_feature=53 56 48 56 46 76 28 2 19 52 58 12 12 33
split_gain=56.9627 41.4448 99.4855 76.1036 69.1297 67.0642 108.482 75.4798 75.314 62.4523 100.301 72.3079 68.1343 88.6404
threshold=5.3205128205128212 4.3605422573208426 16.454044117647062 4.41583001648796 58.363970588235297 0.83021052560422193 17.218850000000003 1.5000000000000002 9.7207792207792227 222.65151515151516 22.726102941176475 0.51575109231359251 0.59536969324029843 4.4450549450549453
decision_type=10 2 2 2 2 8 8 2 10 8 2 8 10 10
left_child=1 4 -3 -4 -1 6 7 8 -5 10 -7 -12 13 -11
right_child=-2 2 3 5 -6 9 -8 -9 -10 12 11 -13 -14 -15
leaf_value=-0.023855638630885273 -0.035244572740104618 0.028131300307979435 -0.022903178183340794 -0.0020143768594907889 0.0028942000644486899 -0.00052279966451851271 0.046826086392375031 -0.029194551442223594 0.039379031642056465 -0.0018305009469719059 -0.020346102732102803 -0.062036821140577472 0.025913862403010308 -0.045737017587233315
leaf_weight=248.32355123013258 116.07534069567919 234.15243820101023 537.6185627579689 375.4952587634325 7726.8876186311245 535.06259529292583 158.4087910503149 157.84062305092812 154.30069056153297 2230.9973509088159 415.90152556449175 138.544946834445 204.71406894922256 120.20257735997438
leaf_count=651 309 572 1156 909 22408 1354 415 399 379 6724 952 288 658 333
internal_value=-0.000521305 -0.00021421 -0.00365757 -0.00514294 0.00205841 -0.00301246 0.00966229 0.00104541 0.0100927 -0.00595591 -0.0159737 -0.0308567 -0.00168104 -0.00409366
internal_weight=13354.5 13238.5 5263.24 5029.09 7975.21 4491.47 846.045 687.637 529.796 3645.42 1089.51 554.446 2555.91 2351.2
internal_count=37507 37198 14139 13567 23059 12411 2102 1687 1288 10309 2594 1240 7715 7057
is_linear=0
shrinkage=0.05


Tree=174
num_leaves=15
num_cat=0
split_feature=74 24 75 79 7 76 58 45 57 80 29 69 11 19
split_gain=54.9299 52.7368 52.7046 77.1621 69.1826 96.8729 86.7791 117.923 81.5169 106.366 132.022 96.2133 66.2329 75.4436
threshold=2.5000000000000004 8.7639166666666686 7.6350000000000007 -1.0499293085629828 10.432542857142858 1.6944561253896373 16.665441176470591 25.211111111111112 208.72058823529414 14.455000000000002 0.087962442541368854 0.077187459055106128 0.063520744420179562 6.4415584415584428
decision_type=2 10 10 8 8 8 2 10 2 8 10 2 10 10
left_child=-1 2 3 -2 5 12 -6 8 -8 10 -10 -11 -4 -14
right_child=1 -3 4 -5 6 -7 7 -9 9 11 -12 -13 13 -15
leaf_value=-0.0038573113644631129 -0.020815075658387083 -0.028041499871463673 0.01214226801861157 0.0022976155757329672 0.042721042542055311 -0.0089086586571787852 -0.022631549817505887 -0.018390732983919519 -0.024077568331239918 0.015244115458094462 0.025107335084619709 0.060054557709291891 0.026174945887187329 0.082008853357827885
leaf_weight=4800.8743611574173 384.90588808059692 135.19756167382002 152.07612808048725 5620.1181468144059 139.83965240418911 150.52384729683399 162.23573607206345 505.52072387933731 279.23319174349308 332.07305124402046 264.87829491496086 187.27166146039963 122.1321512311697 121.63660559058189
leaf_count=13394 611 411 350 17384 314 359 343 1270 680 754 562 462 339 280
internal_value=0.00042288 0.00282426 0.00332298 0.000812935 0.00955519 0.0251916 0.00497817 0.00190656 0.0102861 0.0153244 -0.000131787 0.0314868 0.0381483 0.0542564
internal_weight=13358.5 8557.64 8422.45 6005.02 2417.42 546.369 1871.05 1731.21 1225.69 1063.46 544.111 519.345 395.845 243.769
internal_count=37513 24119 23708 17995 5713 1328 4385 4071 2801 2458 1242 1216 969 619
is_linear=0
shrinkage=0.05


Tree=175
num_leaves=15
num_cat=0
split_feature=81 59 12 83 52 19 45 4 52 52 82 33 52 80
split_gain=41.8382 146.59 147.32 112.932 104.926 70.1021 82.2249 62.7819 100.85 90.2161 64.9784 49.4841 150.439 88.2047
threshold=9.5650000000000031 0.75000000000000011 0.52245523252955273 15.557076584901605 248.5192307692308 16.851648351648354 23.105555555555558 16.486054102164207 275.04545454545456 246.7735042735043 15.795000000000002 4.6018099547511309 208.06250000000003 13.725000000000003
decision_type=10 2 10 2 8 10 10 10 8 10 8 10 10 10
left_child=7 2 4 -4 -2 6 -3 11 9 10 -9 13 -13 -1
right_child=1 5 3 -5 -6 -7 -8 8 -10 -11 -12 12 -14 -15
leaf_value=0.0013315067590579958 -0.039836796525026467 0.0083805365126807651 0.068028339819868208 0.0084538903871654008 0.019282518750269092 -0.051281164659853676 -0.034847436145073483 0.041255364082879359 -0.026301551227658759 0.064550710759509564 -0.0038770146540259296 0.065913545827976261 -0.0063727370881389083 -0.025570698361718044
leaf_weight=10977.782648481429 182.7853634506464 210.15861946344376 131.4110087454319 200.09950233995914 126.05779467523098 179.20541456341743 229.10626450181007 134.10183653235435 102.41299113631248 124.36065702885389 194.27917489409447 114.72993908077478 189.96830277889967 312.3862624168396
leaf_count=31281 403 468 302 468 371 425 578 256 420 424 566 289 574 756
internal_value=0.00101052 -0.00766281 0.00910005 0.0322028 -0.0157222 -0.0250055 -0.0141937 0.0019097 0.01832 0.0284494 0.0146231 0.00112247 0.0209722 0.000584954
internal_weight=13408.8 1258.82 640.354 331.511 308.843 618.47 439.265 12150 555.155 452.742 328.381 11594.9 304.698 11290.2
internal_count=37581 3015 1544 770 774 1471 1046 34566 1666 1246 822 32900 863 32037
is_linear=0
shrinkage=0.05


Tree=176
num_leaves=15
num_cat=0
split_feature=50 34 35 76 71 73 48 20 28 22 58 47 31 28
split_gain=53.7567 51.761 90.5574 100.502 47.4166 55.4323 60.5798 43.8081 83.6107 57.7742 93.0627 86.3146 86.0216 142.942
threshold=10.912500000000003 1.0000000180025095e-35 7.5000000000000009 0.55986353085512841 0.26265455083287753 8.5000000000000018 21.500000000000004 7.1833333333333327 14.566785714285716 0.80104166666666676 16.235294117647062 0.48334899417542526 0.29380952380952391 4.1523155080213909
decision_type=8 8 8 10 2 2 2 10 10 10 2 2 10 10
left_child=-1 7 3 4 5 -3 -7 9 -9 -2 -11 -12 13 -13
right_child=1 2 -4 -5 -6 6 -8 8 -10 10 11 12 -14 -15
leaf_value=0.027047850565728112 -0.003367143057163258 -0.016162105143808902 0.052663492151427585 0.04697912969247213 0.02872414620034433 0.04142010349653738 -0.0091315600642358843 0.0098567592158991836 -0.047317953915857663 0.03354955483826344 -0.040628281584554386 0.0052740546115513966 -0.0044013259115400234 0.044732377232153175
leaf_weight=180.56856934726238 7751.9108133539557 461.65563146024942 111.66822248697281 123.83046363294125 112.8446748405695 106.18552955240011 131.91484420001507 115.59274759888649 141.30482084304094 248.59616332501173 113.96202655136585 1664.4426088631153 1833.3617334589362 265.30742882192135
leaf_count=425 22354 1217 314 282 342 302 425 362 360 545 224 4844 4757 787
internal_value=2.72136e-05 -0.000344926 0.0103102 0.00520886 -0.00120634 -0.00606712 0.0134919 -0.00126602 -0.0216534 -0.000823285 0.00395615 0.00205047 0.0033534 0.0107193
internal_weight=13363.1 13182.6 1048.1 936.431 812.601 699.756 238.1 12134.5 256.898 11877.6 4125.67 3877.07 3763.11 1929.75
internal_count=37540 37115 2882 2568 2286 1944 727 34233 722 33511 11157 10612 10388 5631
is_linear=0
shrinkage=0.05


Tree=177
num_leaves=15
num_cat=0
split_feature=39 26 12 54 46 13 46 34 44 15 30 22 7 46
split_gain=40.1276 47.7752 109.876 123.966 91.4056 152.724 86.8546 77.3711 69.2952 64.1894 146.832 81.8991 68.1883 113.285
threshold=21.353867214236825 13.500000000000002 0.66722828405373169 23.43650793650794 58.545955882352949 0.30226013289931941 58.816176470588239 1.0000000180025095e-35 0.67419386169386175 0.066118658847878639 0.090502120882599513 0.74856321839080475 5.5913121212121224 67.093750000000014
decision_type=2 2 10 10 2 8 2 10 10 8 10 10 8 2
left_child=-1 6 4 -4 5 -3 -2 8 -6 10 11 -8 -11 -14
right_child=1 2 3 -5 7 -7 9 -9 -10 12 -12 -13 13 -15
leaf_value=-0.021213211974065303 -0.021663621519921711 0.064144213858206123 0.059583523786338577 -0.0086481014245671801 -0.0062569115165330997 -0.0061222531821400429 -0.0029120935874502422 0.024659228373475908 -0.037241299198437931 -0.0034854235139181256 0.068465647758745127 0.045273307629223276 0.0044262061743095679 0.037707829835238155
leaf_weight=227.01509234309196 344.76490853726864 125.01947873085737 143.02721579372883 123.36262343078852 5166.1756437271833 199.75255465507507 408.6986143887043 194.84514301270247 186.04012607783079 2687.8035248145461 120.88991589844227 111.40924578905106 3039.2505606040359 278.21637802571058
leaf_count=529 939 372 428 376 13605 406 1089 523 587 7840 374 351 8968 1169
internal_value=-0.000417645 -5.64853e-05 -0.00327505 0.0280719 -0.00470172 0.0210404 0.00276952 -0.0062124 -0.00734067 0.00404003 0.0190676 0.00747649 0.00243309 0.00722786
internal_weight=13356.3 13129.3 6138.22 266.39 5871.83 324.772 6991.03 5547.06 5352.22 6646.27 640.998 520.108 6005.27 3317.47
internal_count=37556 37027 16297 804 15493 778 20730 14715 14192 19791 1814 1440 17977 10137
is_linear=0
shrinkage=0.05


Tree=178
num_leaves=15
num_cat=0
split_feature=66 20 3 18 81 17 58 28 12 31 58 15 73 46
split_gain=43.4383 147.898 140.062 56.3189 56.0138 55.5485 91.8184 66.6325 53.2737 94.3818 63.688 109.221 163.531 96.8967
threshold=11.500000000000002 3.1547619047619055 10.224038461538465 6.7750000000000012 10.065000000000003 4.2928571428571436 24.332720588235297 15.642692307692309 0.72723982604441761 0.75363970588235307 21.343750000000004 0.59087317010827578 14.500000000000002 67.060661764705898
decision_type=2 10 10 10 10 10 2 8 10 10 2 10 2 2
left_child=3 2 -2 5 -5 8 7 -7 9 10 11 -1 -13 -12
right_child=1 -3 -4 4 -6 6 -8 -9 -10 -11 13 12 -14 -15
leaf_value=0.0027757724417334997 -0.010312430067347365 -0.055943040721727469 0.051847562245173208 0.056803993380683496 -0.00060185988135585781 -0.066164499599047383 0.01917399515698312 -0.010924115809541357 -0.026119683875872712 0.033591969985784474 -0.003821484412007645 0.0091282644758929801 0.073859501988704349 0.019976498008614795
leaf_weight=4251.8222576901317 626.17797128856182 148.3090367987752 104.92953769117594 88.171882711350918 81.137589126825333 107.24769590049982 101.30772542208433 111.08669262379408 176.75231752544641 223.17704972624779 6414.1805779635906 332.62322900444269 137.27479836344719 457.29490036517382
leaf_count=11771 1846 420 322 362 262 352 325 289 559 560 17375 850 323 1942
internal_value=0.000138679 -0.0105954 -0.00133251 0.000895727 0.0294516 0.000500704 -0.0200378 -0.0382366 0.00104972 0.00145831 0.000836866 0.00530694 0.0281554 -0.00223506
internal_weight=13361.5 879.417 731.108 12482.1 169.309 12312.8 319.642 218.334 11993.1 11816.4 11593.2 4721.72 469.898 6871.48
internal_count=37558 2588 2168 34970 624 34346 966 641 33380 32821 32261 12944 1173 19317
is_linear=0
shrinkage=0.05


Tree=179
num_leaves=15
num_cat=0
split_feature=73 13 39 27 39 15 70 56 63 46 46 22 40 41
split_gain=44.462 41.2534 41.8498 61.4018 43.2122 37.6844 77.2728 126.951 64.5526 117.465 158.188 76.9624 54.4224 70.5852
threshold=2.5000000000000004 0.76951020365976053 32.125941136208084 3.4387500000000002 21.353867214236825 0.070049062085871444 0.38278794648763687 4.3388847788311002 1.0000000180025095e-35 62.588235294117659 60.759191176470594 0.66506410256410264 1.5000000000000002 164.50000000000003
decision_type=2 10 2 8 2 10 2 2 2 2 2 10 2 8
left_child=-1 2 4 -4 -2 6 8 -8 11 10 -10 -6 -11 -14
right_child=1 -3 3 -5 5 -7 7 -9 9 12 -12 -13 13 -15
leaf_value=-0.017100034737763142 -0.021366475026725059 -0.02605725522507963 0.0099467945790774406 -0.032174729592287767 -0.0045948125094892045 -0.00010570834050067832 0.00020697468633914872 0.073931417803840507 0.0020012820958850703 -0.022058982303324735 0.073833673805771924 0.033106248711677153 0.04008321211556766 -0.0098995950669022396
leaf_weight=381.45908639580011 211.50721002370119 146.92178220301867 139.08031168580055 226.28372295200825 1582.3777198046446 9546.8393802642822 127.58183015882969 106.68005365878344 145.15293769538403 172.92966087162495 161.51947009563446 147.02281110733747 131.59806850552559 150.48203054815531
leaf_count=963 497 512 284 673 4366 27050 400 277 319 514 384 495 332 440
internal_value=-0.000297532 0.000196934 0.000499141 -0.0161573 0.000987884 0.00137486 0.00655942 0.0339517 0.00397085 0.0160887 0.0399513 -0.00137242 -4.68533e-05 0.013478
internal_weight=13377.4 12996 12849.1 365.364 12483.7 12272.2 2725.34 234.262 2491.08 761.682 306.672 1729.4 455.01 282.08
internal_count=37506 36543 36031 957 35074 34577 7527 677 6850 1989 703 4861 1286 772
is_linear=0
shrinkage=0.05


Tree=180
num_leaves=15
num_cat=0
split_feature=5 58 5 58 56 51 14 2 50 76 0 29 48 14
split_gain=51.9267 88.95 58.6339 52.3437 70.3917 115.816 94.3492 132.589 82.1158 83.1796 69.9915 81.1441 64.7465 86.9317
threshold=23.250000000000004 22.468750000000004 20.650000000000002 30.091911764705888 4.9872965352245062 4.9019399927702141 0.58480769230769247 2.5000000000000004 27.110000000000003 1.079253884292539 9.5000000000000018 0.055740811372783639 19.121323529411768 0.55038461538461558
decision_type=10 2 10 2 2 10 10 2 8 8 2 10 2 10
left_child=2 -2 3 4 6 -6 12 8 -8 -10 11 -5 -1 -14
right_child=1 -3 -4 10 5 -7 7 -9 9 -11 -12 -13 13 -15
leaf_value=-0.0087074628256584106 -0.0027848042825685559 0.052579503905498273 -0.023748709938376827 -0.0061579353265688273 0.0038651119004389336 0.04568722476898554 0.0022968045949401275 0.061070187835163062 0.0057553919169510163 0.06966644555216818 0.021044803930788013 -0.048085357072529547 0.0020352821945409569 -0.028887302238462288
leaf_weight=2128.522990167141 163.20310864597559 129.46937332302332 242.79131122678518 317.51732158660889 569.41365210711956 232.51186855137348 1043.2200624793768 128.88596589118242 104.51099653542042 98.630758985877037 119.56258727610111 180.60219860821962 7655.0174668058753 233.23799115419388
leaf_count=5867 437 416 663 951 1302 584 2696 318 261 349 325 515 22066 648
internal_value=0.00100998 0.0218023 0.000542189 0.00100434 0.00172406 0.0160329 0.000715492 0.0129909 0.00797407 0.0369752 -0.0131838 -0.0214254 -0.000970983 0.00111743
internal_weight=13347.1 292.672 13054.4 12811.6 12194 801.926 11392 1375.25 1246.36 203.142 617.682 498.12 10016.8 7888.26
internal_count=37398 853 36545 35882 34091 1886 32205 3624 3306 610 1791 1466 28581 22714
is_linear=0
shrinkage=0.05


Tree=181
num_leaves=15
num_cat=0
split_feature=58 39 6 13 48 31 54 44 18 43 40 48 31 58
split_gain=44.4157 124.623 119.664 144.915 100.834 96.3091 78.2045 77.4949 100.927 65.4342 63.7884 61.3812 170.252 116.329
threshold=27.121323529411768 24.602327173169069 6.5050546076198534 0.1877352415209054 22.878676470588239 0.51437500000000014 26.925824175824179 0.5873118544528636 2.6076923076923082 64.038461538461561 4.5000000000000009 25.424632352941178 0.66937500000000016 26.121323529411768
decision_type=2 2 8 10 2 10 8 8 8 10 2 2 10 2
left_child=11 2 3 -2 7 9 -4 8 -3 -6 -9 -1 13 -13
right_child=1 4 6 -5 5 -7 -8 10 -10 -11 -12 12 -14 -15
leaf_value=-0.0012544901530427296 0.0038287346825496694 -0.0053401526494519054 -0.034855247535615128 0.063786617786157643 -0.029726979238559988 -0.057391507201539765 0.010852120367846404 -0.039685146354445727 0.046374896897590487 0.0045423959597208656 0.0041047872091360257 0.001420662191411613 0.058717458813140513 0.037911186522860428
leaf_weight=7943.1491417810321 251.15220964699984 267.03093541413546 178.06122992932796 167.46884573996067 377.77646876871586 197.35514982044697 195.29433716833591 179.15191245079041 144.73723125457764 219.93876634538174 154.15498131513596 2690.1726667061448 150.66208542883396 236.71488393843174
leaf_count=22442 678 623 448 497 887 460 560 431 308 700 375 7852 441 738
internal_value=-0.000258377 -0.00652558 0.00958473 0.0279097 -0.0148107 -0.0271838 -0.0109816 -0.00158865 0.0129061 -0.0171305 -0.0194805 0.00106832 0.00706193 0.00438381
internal_weight=13352.8 2332.12 791.977 418.621 1540.15 795.07 373.356 745.075 411.768 597.715 333.307 11020.7 3077.55 2926.89
internal_count=37440 5967 2183 1175 3784 2047 1008 1737 931 1587 806 31473 9031 8590
is_linear=0
shrinkage=0.05


Tree=182
num_leaves=15
num_cat=0
split_feature=34 41 73 48 77 73 25 11 11 48 57 47 55 55
split_gain=48.8674 102.396 69.5112 87.7259 53.0246 55.5189 49.37 83.4737 79.6419 68.709 114.044 65.6817 51.3524 86.4877
threshold=1.0000000180025095e-35 86.500000000000014 8.5000000000000018 21.941176470588239 0.10268519241800865 3.5000000000000004 0.095000000000000015 0.12114789502242505 0.14166384884910202 26.281250000000004 251.56250000000003 0.55534271160211512 20.131250000000005 24.734375000000004
decision_type=8 8 2 2 8 2 10 10 10 2 2 2 2 2
left_child=6 -2 4 -4 -3 -6 -1 9 -9 11 -11 -8 -13 -14
right_child=1 2 3 -5 5 -7 7 8 -10 10 -12 12 13 -15
leaf_value=-0.0019341317475888222 0.042005735931118719 -0.019163965135400651 0.049212812886106704 -0.0055326914541592546 -0.011781969952172611 0.040524225680541148 -0.01891099473910118 -0.047874470618377865 0.0055488808822877402 0.008022243471488338 0.069700206827868025 -0.010429465715332466 0.033281316906385895 -0.0056060376465567208
leaf_weight=10667.258916407824 206.34211154282093 355.01919130980968 149.12856025993824 142.40694716572762 107.04785767197609 94.847495511174202 203.24613383412361 119.91267678886652 164.47706691175699 183.07076247781515 126.25055639445782 183.07571328431368 405.97709012776613 220.02426093071699
leaf_count=29903 537 808 431 470 291 346 588 374 497 433 395 421 1202 750
internal_value=0.000184404 0.0105066 0.00280559 0.0225437 -0.00754885 0.0128693 -0.000703489 0.00746654 -0.0170658 0.0127543 0.0333398 0.00643759 0.0128208 0.0196262
internal_weight=13328.1 1054.79 848.45 291.536 556.915 201.895 12273.3 1606.03 284.39 1321.64 309.321 1012.32 809.077 626.001
internal_count=37446 2883 2346 901 1445 637 34563 4660 871 3789 828 2961 2373 1952
is_linear=0
shrinkage=0.05


Tree=183
num_leaves=15
num_cat=0
split_feature=51 22 21 19 41 21 27 21 47 59 41 73 41 71
split_gain=45.8444 145.793 230.204 111.43 75.6519 100.432 102.989 93.1997 103.398 59.0224 56.2391 66.9728 66.8368 66.9199
threshold=4.8622844827586214 0.63060428849902539 3.2526595744680855 2.0333333333333337 150.50000000000003 4.2443152454780373 17.210588235294122 5.3968052738336718 0.57802149108230871 1.0000000180025095e-35 182.50000000000003 8.5000000000000018 152.50000000000003 0.19770207307938212
decision_type=8 10 10 10 8 10 8 10 2 2 10 2 10 2
left_child=-1 3 -3 10 5 -4 7 8 -7 -5 11 12 13 -2
right_child=1 2 4 9 -6 6 -8 -9 -10 -11 -12 -13 -14 -15
leaf_value=-0.0018944866402890673 0.00014899330149693082 0.078452717954912876 -0.01467452337659074 -0.059244079261160688 -0.004706428929387137 0.0030649442594982363 0.061066339828800255 -0.011816874516500708 0.062065018221774543 -0.010121770529965676 -0.022226856297190404 -0.02065349015796145 0.041258677996849485 0.038982510158959399
leaf_weight=9951.8553244993091 993.40526796877384 135.92058969289064 167.93133560568094 126.26862756162882 512.69831347465515 143.39944662153721 177.04621777683496 180.71773044764996 153.25850121676922 118.65805631875992 236.00896015018225 231.56437661498785 137.98520600050688 123.88607740402222
leaf_count=28806 2522 330 435 311 1329 315 457 499 397 319 580 617 315 300
internal_value=-0.00017473 0.00480141 0.0167035 -0.00409971 0.0103628 0.0197521 0.0285952 0.01645 0.0336515 -0.035584 0.000394262 0.00399748 0.00855773 0.00448589
internal_weight=13390.6 3438.75 1470.97 1967.78 1335.05 822.353 654.422 477.376 296.658 244.927 1722.85 1486.84 1255.28 1117.29
internal_count=37532 8726 3762 4964 3432 2103 1668 1211 712 630 4334 3754 3137 2822
is_linear=0
shrinkage=0.05


Tree=184
num_leaves=15
num_cat=0
split_feature=33 28 33 15 3 69 66 18 81 77 50 27 14 77
split_gain=43.8065 68.157 50.9025 88.4963 86.8352 43.8242 44.1735 141.445 123.953 172.994 177.458 66.2316 64.9757 63.9319
threshold=-1.640102195468981e-16 4.9145416666666675 -5.7361522938966402e-17 0.26394638240905161 1.2522727272727276 0.29991331117075976 6.5000000000000009 4.4807692307692317 9.1650000000000009 0.31278894637240007 23.102000000000004 0.5916666666666669 0.333798076923077 0.1262802328829381
decision_type=8 10 8 10 8 2 2 10 10 10 10 8 10 10
left_child=1 -1 3 4 -2 6 7 8 9 11 -11 -4 13 -13
right_child=2 -3 5 -5 -6 -7 -8 -9 -10 10 -12 12 -14 -15
leaf_value=-0.02754074635417568 0.034564033542378018 0.010425769358684441 0.030048298130025276 0.052579913795818084 -0.017475156449661005 -0.012500522268496017 -0.00052206938816486777 0.057453119442975903 -0.037245073408236774 0.064377471545015635 -0.0074656819147462822 -0.0028730012987948708 0.018803645781861531 -0.033488753497326489
leaf_weight=333.40897661447525 133.133704662323 182.17075391858816 150.4974427819252 125.94611433893442 198.25783877819777 651.35751080513 9845.3829117417336 132.53539963066578 163.55745576322079 234.89041775465012 134.92822387814522 590.4723814278841 219.71673280745745 238.87793399393559
leaf_count=815 320 648 421 392 470 1753 27937 447 357 491 343 1885 696 486
internal_value=0.000143803 -0.0141318 0.000718999 0.0170812 0.00347223 0.00011235 0.000814885 0.0078674 0.00404413 0.00836817 0.0382161 -0.000857925 -0.00531607 -0.011721
internal_weight=13335.1 515.58 12819.6 457.338 331.392 12362.2 11710.9 1865.48 1732.94 1569.38 369.819 1199.56 1049.07 829.35
internal_count=37461 1463 35998 1182 790 34816 33063 5126 4679 4322 834 3488 3067 2371
is_linear=0
shrinkage=0.05


Tree=185
num_leaves=15
num_cat=0
split_feature=29 54 39 6 36 12 79 6 7 55 14 71 29 29
split_gain=50.9293 90.492 236.486 152.86 144.346 90.0474 160.737 138.23 81.4465 79.4763 72.0102 73.6944 66.0189 161.358
threshold=0.093768518249702351 25.211111111111112 25.107460643394941 6.6468037431535487 0.47535071116182864 0.4694001879572986 -0.9114230010810136 5.6742148581206004 10.772833333333336 24.911213235294124 0.4908012820512821 0.069314983228097329 0.079403815801283653 0.080975011208990408
decision_type=10 10 2 8 10 10 10 8 10 2 10 2 10 10
left_child=12 5 3 -3 8 10 -7 -8 -4 -9 11 -2 -1 -14
right_child=1 2 4 -5 -6 6 7 9 -10 -11 -12 -13 13 -15
leaf_value=0.00041273051377891296 -0.0072022028964027407 0.08705669285158818 -0.010689983475294781 0.010507557516056077 -0.042190936738059868 0.044540220797631182 0.020525614918216292 -0.037776596265989427 0.046766861643266086 0.0081417106357690467 -0.044332019224106789 -0.049372249584703369 0.069248694110473658 0.0059374541392235077
leaf_weight=9977.6757865697145 631.44530772417784 123.06499680131674 147.37819447368383 138.15034928917885 217.9263456389308 162.16387306153774 240.97843143343925 357.81066428124905 104.71031630784273 127.37361936271191 267.27902051061392 123.05791232734919 117.38684405386448 672.98858597129583
leaf_count=28189 1843 381 463 414 469 535 492 846 339 359 731 325 311 1872
internal_value=-1.09331e-05 -0.00623123 0.00871815 0.0467662 -0.0124818 -0.0119557 -0.00030962 -0.0103728 0.0132664 -0.0257299 -0.0220706 -0.0141363 0.00151531 0.0154161
internal_weight=13409.4 2641.34 731.23 261.215 470.015 1910.11 888.327 726.163 252.089 485.184 1021.78 754.503 10768.1 790.375
internal_count=37569 7197 2066 795 1271 5131 2232 1697 802 1205 2899 2168 30372 2183
is_linear=0
shrinkage=0.05


Tree=186
num_leaves=15
num_cat=0
split_feature=66 29 54 29 14 29 6 54 11 26 20 3 48 14
split_gain=50.4192 111.239 168.248 75.9606 125.936 162.553 97.8087 123.18 97.8363 85.3983 74.0434 136.041 110.46 83.266
threshold=6.5000000000000009 0.11704512976318251 24.577380952380956 0.11704512976318251 0.59522727272727283 0.12250803269234074 7.7327334510340604 21.033333333333335 0.10287022853469273 15.500000000000002 4.6904761904761916 13.35227272727273 27.090073529411768 0.31477272727272732
decision_type=2 10 8 10 10 10 8 10 10 2 10 10 2 10
left_child=1 10 -3 -2 5 -5 8 -8 -6 -10 11 12 13 -1
right_child=3 2 -4 4 6 -7 7 -9 9 -11 -12 -13 -14 -15
leaf_value=0.0008792509900153692 6.6218501030824124e-05 0.0027826887853122286 0.083732208945283271 -0.076733497564484637 -0.018022660079811879 -0.015413048270849239 0.01808233885977592 -0.045440111567036534 0.0094437227582312294 0.066160841928318323 -0.036395091437023845 0.058352194625463809 -0.022074213724369386 0.029752492794837083
leaf_weight=930.53386805951595 9913.6302282437682 150.10457627475262 111.24004888534546 136.87372412532568 123.38113583624363 503.72382590174675 130.73633047193289 180.91062453389168 144.05523502826691 122.69338919222355 112.98475132137537 111.63646404445171 379.62638542056084 340.30924017727375
leaf_count=2634 27874 407 299 436 282 1615 363 504 413 266 292 293 901 964
internal_value=-0.000109003 0.00693097 0.0374263 -0.00144572 -0.0126033 -0.0286143 0.0020318 -0.0188198 0.0186942 0.0356809 0.00266294 0.00518653 0.00155729 0.00862831
internal_weight=13392.4 2136.44 261.345 11256 1342.37 640.598 701.777 311.647 390.13 266.749 1875.09 1762.11 1650.47 1270.84
internal_count=37543 5790 706 31753 3879 2051 1828 867 961 679 5084 4792 4499 3598
is_linear=0
shrinkage=0.05


Tree=187
num_leaves=15
num_cat=0
split_feature=69 10 79 4 81 43 59 81 14 30 57 10 56 14
split_gain=40.8502 85.8894 48.0721 60.7553 34.3459 105.508 160.042 56.2972 47.347 42.7904 114.204 78.2223 124.287 220.167
threshold=0.30613254041017618 0.10745505239050424 0.33140006879675371 5.1212419354769656 10.875000000000002 63.654761904761912 0.75000000000000011 10.455000000000002 0.59522727272727283 0.56212477608514388 205.60110294117649 0.080106570254994708 4.793644572191738 0.50519230769230783
decision_type=2 8 10 10 10 8 2 10 8 10 2 10 2 10
left_child=4 2 3 -2 7 6 -6 9 -7 11 -11 -1 -13 -14
right_child=1 -3 -4 -5 5 8 -8 -9 -10 10 -12 12 13 -15
leaf_value=-0.0011122244075030705 -0.0063504826087478032 -0.039656133333315552 -0.021313480622866088 0.042125411411850042 0.0034473725144029267 -0.011660771455620618 -0.065586996173139261 0.028464651409597166 0.031705639562767611 -0.055341513658356524 -0.0037509353419460977 0.0048009337566050523 0.091528135390018001 0.0020389920509527835
leaf_weight=8906.6991978958249 165.87487747520208 205.78944709897041 170.6489146053791 104.67487684637308 171.23910389840603 113.02895005047321 163.52642895281315 174.77532964944839 139.88277323544025 119.89467670023441 953.56969902664423 1730.0978183597326 120.02996234595776 159.16361618041992
leaf_count=24855 547 562 286 362 393 325 371 393 381 314 2820 5267 335 363
internal_value=-0.00081992 -0.0130667 -0.000602838 0.0124908 -0.000197587 -0.0119928 -0.0303695 0.000373203 0.0123551 -3.86373e-05 -0.0095592 0.000898393 0.00980709 0.0407012
internal_weight=13398.9 646.988 441.199 270.55 12751.9 587.677 334.766 12164.2 252.912 11989.5 1073.46 10916 2009.29 279.194
internal_count=37574 1757 1195 909 35817 1470 764 34347 706 33954 3134 30820 5965 698
is_linear=0
shrinkage=0.05


Tree=188
num_leaves=15
num_cat=0
split_feature=79 29 58 53 22 19 12 17 77 41 58 44 27 49
split_gain=43.8136 61.9294 108.908 166.89 153.045 102.303 98.3527 78.2918 104.563 77.2805 96.0589 60.0286 145.815 220.034
threshold=-0.96360357762183535 0.12140125218873692 24.218750000000004 2.9666666666666672 0.86715686274509818 14.03846153846154 0.5993700592885377 4.4083333333333341 0.64105194665218945 49.000000000000007 20.332720588235297 0.54466541588492812 8.3125000000000018 12.500000000000002
decision_type=8 10 2 10 8 8 10 10 10 8 2 8 10 2
left_child=-1 11 3 4 6 -5 9 8 -4 -3 -11 12 -2 -14
right_child=1 2 7 5 -6 -7 -8 -9 -10 10 -12 -13 13 -15
leaf_value=-0.0092923212384453946 0.0019474066249386629 -0.049252825945123896 -0.019043787419234976 -0.0027245132546355102 0.052947743141755488 -0.070278604959641153 0.034932937838691933 0.010365348414935421 -0.077349578705951286 -0.036086273205621119 0.037982507663588266 -2.7986134733076508e-05 0.015668678359678379 0.090577564059541413
leaf_weight=1125.7394795417786 2215.420636869967 116.60565478354692 196.80379067361355 114.57342573255301 181.34596353769302 108.86346480995417 124.90792267769575 91.14396458864212 126.18582122027874 81.536874629557133 92.211323738098145 8057.2288145497441 608.1120214164257 116.02951070666313
leaf_count=1787 5751 285 706 403 465 287 328 320 326 290 361 24178 1733 253
internal_value=0.000142398 0.00101146 -0.00960416 0.00095823 0.0147633 -0.0358049 -0.00199904 -0.0304712 -0.0419912 -0.0179523 0.00321578 0.00220362 0.00831831 0.0277797
internal_weight=13356.7 12231 1234.18 820.045 596.608 223.437 415.262 414.134 322.99 290.354 173.748 10996.8 2939.56 724.142
internal_count=37473 35686 3771 2419 1729 690 1264 1352 1032 936 651 31915 7737 1986
is_linear=0
shrinkage=0.05


Tree=189
num_leaves=15
num_cat=0
split_feature=36 50 20 80 80 63 52 29 57 66 14 36 6 57
split_gain=48.6854 36.5574 50.5637 109.734 70.5114 137.535 65.737 46.6054 110.092 113.089 101.865 81.0566 70.2337 67.0814
threshold=0.82791615979050359 10.912500000000003 7.1833333333333327 15.705000000000002 16.930000000000003 1.0000000180025095e-35 226.35416666666671 0.11704512976318251 260.27389705882359 6.5000000000000009 0.61045454545454558 0.56264131861699207 6.2058975446117399 276.36397058823536
decision_type=10 8 10 10 10 2 8 10 2 2 10 8 8 2
left_child=1 -1 4 -4 7 6 -6 -3 9 -9 -11 -12 -10 -14
right_child=-2 2 3 -5 5 -7 -8 8 12 10 11 -13 13 -15
leaf_value=0.021377033125895895 -0.030647455904371769 -0.00024208889165935849 0.012229667075364875 -0.055444491770966921 -0.02850437365920578 0.055332941326196199 0.019649904292537903 0.023669173229523374 0.039964590272319057 -0.04178776383493947 0.024868856685238559 -0.030382186362198006 0.026950701749254957 -0.033124744621204232
leaf_weight=184.77499444782734 135.63023505359888 11174.252203725278 112.36022071540356 126.57232150435448 128.2916010171175 163.43568210303783 155.86463889479637 124.78344301879406 143.61697916686535 463.8289163261652 131.30683381855488 132.23337804526091 82.684777066111565 103.54153857380152
leaf_count=429 340 31489 353 321 248 357 429 346 517 1308 321 289 297 427
internal_value=-0.000953679 -0.000646916 -0.000960541 -0.0237018 -0.000534349 0.0189386 -0.00211463 -0.00124121 -0.0106785 -0.0201659 -0.0277082 -0.00286384 0.0138193 -0.00644967
internal_weight=13363.2 13227.5 13042.8 238.933 12803.8 447.592 284.156 12356.2 1182 852.153 727.369 263.54 329.843 186.226
internal_count=37471 37131 36702 674 36028 1034 677 34994 3505 2264 1918 610 1241 724
is_linear=0
shrinkage=0.05


Tree=190
num_leaves=15
num_cat=0
split_feature=16 32 27 25 52 52 33 27 13 52 57 29 66 14
split_gain=46.83 67.7177 54.2075 110.609 188.556 150.543 92.853 90.7339 86.1653 73.1568 72.8737 62.3015 131.859 79.3655
threshold=0.095454545454545472 0.069047619047619066 14.97916666666667 0.057222222222222265 255.23611111111114 241.52272727272728 4.7750000000000012 14.647899159663867 0.5492710189299268 288.6969696969698 261.72610294117652 0.1127030710714879 6.5000000000000009 0.69607692307692315
decision_type=10 10 10 8 8 10 10 10 10 8 2 10 2 10
left_child=1 2 7 5 8 6 -4 11 -5 -6 -7 13 -13 -1
right_child=-2 -3 3 4 9 10 -8 -9 -10 -11 -12 12 -14 -15
leaf_value=-0.00013636845843164125 -0.028051586240363691 0.034637164876122721 0.024333675071417392 -0.058450805291648249 0.057047326776356523 0.01833066285973832 0.078694902491121071 -0.044839184206730769 -0.0089169523671711031 0.005886245344478915 -0.032906921091098683 0.032052061460263702 -0.021623668673098086 0.02866874714613693
leaf_weight=10549.666205480695 144.45708133280277 142.48159417510033 175.4764798656106 141.71426266431808 112.54786071181297 187.46422526985407 143.20917645096779 115.66165032982826 229.29909547418356 182.35329493135214 108.84178187698126 134.38683602958918 740.34363862127066 243.67493563890457
leaf_count=29738 365 491 392 354 336 528 282 397 491 475 332 350 2070 799
internal_value=0.000163833 0.000474548 9.93517e-05 0.00986383 -0.00425612 0.025135 0.048932 -0.000962806 -0.0279434 0.0255385 -0.000537765 -0.000524069 -0.0133502 0.000516543
internal_weight=13351.6 13207.1 13064.6 1280.91 665.915 614.992 318.686 11783.7 371.013 294.901 296.306 11668.1 874.73 10793.3
internal_count=37400 37035 36544 3190 1656 1534 674 33354 845 811 860 32957 2420 30537
is_linear=0
shrinkage=0.05


Tree=191
num_leaves=15
num_cat=0
split_feature=52 14 47 47 26 41 2 41 28 10 50 55 58 24
split_gain=51.8004 42.0619 98.5304 83.5778 87.0039 112.185 118.995 55.4918 88.0465 128.359 128.051 105.315 53.3242 116.083
threshold=147.63888888888894 0.12519230769230774 0.58809141985833724 0.59007930862296476 7.5000000000000009 181.50000000000003 1.5000000000000002 39.500000000000007 2.9069750000000005 0.0097766032276901862 21.437321428571433 21.815625000000001 17.545955882352946 -1.1120984848484843
decision_type=8 10 2 2 2 8 2 8 10 8 8 2 2 8
left_child=-1 2 7 -4 5 6 -5 -2 -9 -10 -11 -12 13 -3
right_child=1 12 3 4 -6 -7 -8 8 9 10 11 -13 -14 -15
leaf_value=0.024611419493507817 -0.034471234056797376 0.014069580633633675 0.046656262915092596 0.082986959612889155 -0.0027552162949774071 0.0060345055297228202 0.018608614358511699 -0.0081364430368432283 0.052163796083138605 -0.038926895318150335 0.042256540419620972 -0.0059097441929969524 -0.0012597456291251364 -0.023705925442963183
leaf_weight=204.04788709431887 131.89867206662893 279.1448831781745 161.60631351172924 120.63423534482718 788.46511745452881 492.4428351521492 177.02721031755209 1539.031259380281 160.75606962293386 144.28064186871052 198.67845243215561 262.42415366321802 8004.5353514179587 742.7632802426815
leaf_count=433 330 803 393 413 2501 1703 479 3947 415 324 420 710 22579 2138
internal_value=-0.000326696 -0.000713921 0.00343396 0.012518 0.00899576 0.020711 0.0448899 -0.00305493 -0.00124316 0.0125967 0.00202121 0.0148905 -0.00263364 -0.0133835
internal_weight=13407.7 13203.7 4177.24 1740.18 1578.57 790.104 297.661 2437.07 2305.17 766.139 605.383 461.103 9026.44 1021.91
internal_count=37588 37155 11635 5489 5096 2595 892 6146 5816 1869 1454 1130 25520 2941
is_linear=0
shrinkage=0.05


Tree=192
num_leaves=15
num_cat=0
split_feature=73 52 29 33 82 47 69 39 30 43 13 33 56 2
split_gain=40.3414 74.7278 141.061 153.571 106.704 86.2327 67.2336 67.051 59.9577 44.5342 63.3144 45.9838 45.9408 121.04
threshold=3.5000000000000004 175.16666666666671 0.037053227555255953 2.1291666666666669 14.675000000000002 0.58303084835533392 0.020007401602229195 24.688569472963728 0.47933578852099357 71.633928571428584 0.24177337978429395 -1.640102195468981e-16 3.7003273364276859 1.0000000180025095e-35
decision_type=2 10 10 10 8 2 2 2 10 8 10 8 2 2
left_child=6 2 5 4 -4 -2 -1 -7 -8 11 -11 -3 13 -13
right_child=1 9 3 -5 -6 7 8 -9 -10 10 -12 12 -14 -15
leaf_value=-0.025195357444162039 -0.024753906043600143 -0.016297192191613918 0.091715899462434525 0.0010971567315937543 0.026969784351203136 0.04233629437117193 -0.0070599080108850829 -0.010693874196374326 0.030392566648292908 -0.00040631094439931223 -0.051383311691855164 0.03078374112929131 -0.00051774792826662236 -0.010186164764494351
leaf_weight=424.02340057492256 256.35911520570517 429.55712657421827 127.42378544807434 201.12542524188757 128.47821467369795 123.58551604300737 559.51540972292423 113.66386619955301 131.03452456742525 146.67624823749065 103.18904330581427 402.52494056522846 9959.8048627302051 325.15778367221355
leaf_count=1051 561 1239 240 487 366 322 1403 299 329 519 318 1433 27862 1210
internal_value=-0.000444495 0.000380076 0.0138392 0.0338239 0.059441 -0.00469534 -0.00954929 0.0169918 8.0516e-05 -0.000746657 -0.0215796 -0.000276519 0.000368857 0.0124879
internal_weight=13432.1 12317.5 950.636 457.027 255.902 493.608 1114.57 237.249 690.55 11366.9 249.865 11117 10687.5 727.683
internal_count=37639 34856 2275 1093 606 1182 2783 621 1732 32581 837 31744 30505 2643
is_linear=0
shrinkage=0.05


Tree=193
num_leaves=15
num_cat=0
split_feature=73 41 30 43 80 30 54 41 69 56 67 19 45 15
split_gain=46.6074 76.1011 65.5173 60.2784 122.126 167.266 64.6735 70.6087 63.2089 48.1435 69.8083 84.8695 68.8519 64.152
threshold=3.5000000000000004 39.500000000000007 0.47933578852099357 55.392307692307703 11.355000000000002 0.094353146682085207 27.75961538461539 181.50000000000003 0.04091884512428328 4.9872965352245062 1.0000000180025095e-35 11.964285714285717 26.12916666666667 0.33869137165196167
decision_type=2 8 10 10 8 10 8 8 2 2 2 10 10 8
left_child=1 -1 -3 4 5 -2 -6 8 -8 -5 11 12 13 -11
right_child=3 2 -4 9 6 -7 7 -9 -10 10 -12 -13 -14 -15
leaf_value=-0.043202916112123173 0.00012275863584673401 -0.010153811506608604 0.02751428689804147 -0.0014197991798547021 -0.019206163886333061 0.068025855677920091 0.0044295645937375483 -0.012451178177014625 0.056096756681998677 -0.014833752654185109 0.03670634746022091 -0.029231358039606855 0.044230239139681694 0.028791543464382993
leaf_weight=149.23953474313021 174.21807233989239 832.51647107303143 133.01898544281721 10408.656515680254 273.25160723179579 188.17214439809322 120.75342363864183 168.59187988936901 115.47199729830027 220.20111767947674 200.20066665112972 154.44709593057632 129.77923065423965 135.13609637320042
leaf_count=355 307 2100 333 30322 715 383 330 435 293 492 455 337 370 335
internal_value=-0.000313177 -0.0100977 -0.00494129 0.000575164 0.0120832 0.0354718 -0.000450505 0.0122257 0.0298156 -0.000490291 0.0110187 0.00293303 0.0132123 0.00179135
internal_weight=13403.7 1114.77 965.535 12288.9 1040.46 362.39 678.069 404.817 236.225 11248.4 839.764 639.564 485.116 355.337
internal_count=37562 2788 2433 34774 2463 690 1773 1058 623 32311 1989 1534 1197 827
is_linear=0
shrinkage=0.05


Tree=194
num_leaves=15
num_cat=0
split_feature=48 66 57 27 76 27 25 79 47 44 48 48 81 36
split_gain=40.1275 104.078 109.326 143.505 104.086 138.215 127.787 77.8631 75.3273 73.9564 52.8879 80.6245 96.3932 242.736
threshold=28.352941176470591 7.5000000000000009 284.34375000000006 3.1088888888888895 1.1119162461180125 11.610714285714288 -0.023333333333333334 1.0000000180025095e-35 0.55832022448025176 0.57743673684811159 27.060661764705888 26.424632352941178 9.3550000000000022 0.16632236599519004
decision_type=2 2 2 8 8 8 10 10 2 10 2 2 10 10
left_child=10 2 3 -2 6 9 -5 -7 -3 -6 11 -1 13 -13
right_child=1 8 -4 4 5 7 -8 -9 -10 -11 -12 12 -14 -15
leaf_value=-0.001310270323151127 -0.010733401969207683 0.0041578925390585181 -0.030076393315010302 0.068993948344695744 0.013462388532842696 0.020346014706897599 0.011118412469499343 -0.035847173031421077 -0.038093146109134973 0.06984304209988991 -0.013696414245006601 0.0010728281483493756 -0.022649603514874606 0.075588110035408967
leaf_weight=10302.945167399943 311.31865275651217 237.79619266092777 127.42361629754305 253.68816635012627 121.43283632397652 104.24987808614969 153.18197536468506 148.0933174341917 188.35373926907778 111.69833689928055 786.33037143945694 306.26165088266134 118.14274939894676 168.95668788254261
leaf_count=29466 693 483 438 586 306 401 343 326 567 339 1948 919 290 481
internal_value=-0.000121958 0.0069203 0.0138037 0.0184701 0.0286591 0.0129838 0.0472852 -0.0126436 -0.0145621 0.0406585 -0.00118172 -0.000277421 0.0176287 0.0276687
internal_weight=13439.9 1757.24 1331.09 1203.66 892.345 485.474 406.87 252.343 426.15 233.131 11682.6 10896.3 593.361 475.218
internal_count=37586 4482 3432 2994 2301 1372 929 727 1050 645 33104 31156 1690 1400
is_linear=0
shrinkage=0.05


Tree=195
num_leaves=15
num_cat=0
split_feature=81 31 54 29 55 33 27 51 48 30 41 80 7 52
split_gain=51.6904 107.905 129.252 152.581 86.253 119.607 82.6914 117.848 65.5546 120.408 56.6125 49.3694 132.917 166.83
threshold=9.5650000000000031 0.75243589743589745 26.174242424242429 0.11447988749780087 24.984742647058827 4.6862745098039227 17.958413461538466 3.9851925732699098 15.029411764705884 0.2316859132907213 149.50000000000003 8.3750000000000018 10.516650000000002 210.86111111111114
decision_type=10 10 10 8 2 10 10 10 2 8 8 10 10 8
left_child=6 2 4 -4 5 10 8 -8 9 -1 -2 -10 13 -13
right_child=1 -3 3 -5 -6 -7 7 -9 11 -11 -12 12 -14 -15
leaf_value=-0.0091222116036920788 -0.030641121356981511 0.029917891104954547 0.055973480759599396 -0.022473914706308083 0.0032271661697722645 -0.068013860617006108 -0.0093354826520813533 0.062895657815996084 -0.0012901551782242403 0.06564998818102917 0.0075622198792940258 0.072706483585208537 -0.001247254741796427 0.012250389507687089
leaf_weight=107.78532678633928 338.62429401278496 153.42718270421028 124.48386336863041 121.67958426475525 221.4334319382906 175.73827540874481 100.53312922269106 127.17316034436226 9521.8569366931915 106.15389490127563 135.24948950111866 146.34361098706722 1459.4637796580791 508.57829116284847
leaf_count=249 810 329 336 329 592 326 354 406 28186 358 315 298 3411 1239
internal_value=0.000315492 -0.00927319 -0.0146773 0.0172626 -0.0237131 -0.0328871 0.00132494 0.031104 0.000750147 0.0281116 -0.0197444 0.000244717 0.00715416 0.0258497
internal_weight=13348.5 1270.64 1117.21 246.163 871.045 649.612 12077.9 227.706 11850.2 213.939 473.874 11636.2 2114.39 654.922
internal_count=37538 3037 2708 665 2043 1451 34501 760 33741 607 1125 33134 4948 1537
is_linear=0
shrinkage=0.05


Tree=196
num_leaves=15
num_cat=0
split_feature=45 81 28 82 82 80 31 33 6 24 39 51 54 56
split_gain=47.9259 68.9176 86.431 61.0897 95.9527 61.5528 58.7982 117.376 91.1431 90.8097 63.321 45.6542 60.6613 94.5254
threshold=17.43650793650794 2.2750000000000004 2.9069750000000005 4.785000000000001 5.6750000000000007 7.9250000000000007 0.50193750000000004 3.3875000000000002 5.0331756516755286 0.069062500000000068 22.550308008213559 5.8555595068752977 33.464285714285722 4.4865360926336546
decision_type=10 8 8 8 8 8 10 10 10 8 2 10 10 2
left_child=1 2 -1 -3 -5 -6 7 8 10 -8 -7 12 -2 -14
right_child=11 3 -4 4 5 6 9 -9 -10 -11 -12 -13 13 -15
leaf_value=-0.0083180004887326991 0.001318859927469431 -0.030592826427036736 0.037957772489703313 0.041057279082078547 -0.038357830237973345 0.032195979812037805 0.01991141857067219 0.051964317068144583 -0.039378691735586509 -0.027862197684975939 -0.0035248967054155502 -0.027983210588950255 0.060459969817845273 -0.0033356054725490352
leaf_weight=210.97312973439693 9960.1070155799389 276.79592184722424 191.88953223824501 103.4160373210907 154.2625627964735 137.78819087147713 122.6486187428236 98.557947896420956 162.08216834068298 511.69671292603016 1168.3673417568207 128.36286979913712 110.17735683917999 121.3334803879261
leaf_count=336 28279 601 410 203 356 409 324 266 479 1267 3705 310 432 401
internal_value=-0.000111622 -0.00552111 0.0137633 -0.00836503 -0.00585137 -0.00792748 -0.00577838 -0.000575317 -0.0041351 -0.0186085 0.000265097 0.00153387 0.00190834 0.0271545
internal_weight=13458.5 3138.48 402.863 2735.62 2458.82 2355.4 2201.14 1566.8 1468.24 634.345 1306.16 10320 10191.6 231.511
internal_count=37778 8356 746 7610 7009 6806 6450 4859 4593 1591 4114 29422 29112 833
is_linear=0
shrinkage=0.05


Tree=197
num_leaves=15
num_cat=0
split_feature=33 28 26 33 55 21 69 7 7 43 55 33 25 55
split_gain=38.4876 71.5238 55.9868 54.7037 215.676 51.9735 42.7427 41.5464 149.872 94.5277 93.5487 104.909 110.919 87.724
threshold=-1.2004286453759503e-16 4.9145416666666675 4.5000000000000009 -5.7361522938966402e-17 22.884117647058829 4.9431266846361197 0.29991331117075976 10.516650000000002 10.13377777777778 56.291666666666679 17.01746323529412 5.3725490196078445 0.027928571428571431 22.087316176470591
decision_type=8 10 2 8 2 10 2 10 10 10 2 10 8 2
left_child=1 5 -3 4 -2 -1 7 8 -5 -9 -11 13 -13 -12
right_child=3 2 -4 6 -6 -7 -8 9 -10 10 11 12 -14 -15
leaf_value=-0.011969908853527476 -0.011885064549454052 -0.011039735269662605 0.04329042133969585 0.0020202457677242626 0.064487214719480032 -0.050875895973017463 -0.012160644265204331 -0.034995352378069521 0.054361728090820308 -0.046989257246987569 0.007571500814311247 0.058479751431412014 0.00047570112374086134 -0.01133566480197922
leaf_weight=280.12625488638878 223.67273697257042 105.89677364379168 84.409776411950588 8451.3563590496778 156.25900252908468 123.35734052211046 643.57870168983936 224.9871790856123 138.01512852311134 107.55021691322327 1075.9963298812509 149.34937058389187 182.45674248039722 1424.6352180987597
leaf_count=669 488 292 405 23821 455 350 1736 448 432 205 2861 326 439 4595
internal_value=0.000370554 -0.0120623 0.0131585 0.00094921 0.0196123 -0.023961 0.000375748 0.00106312 0.00286751 -0.00383312 -0.0014373 0.000308325 0.0266812 -0.00320033
internal_weight=13371.6 593.79 190.307 12777.9 379.932 403.484 12397.9 11754.3 8589.37 3164.98 2939.99 2832.44 331.806 2500.63
internal_count=37522 1716 697 35806 943 1019 34863 33127 24253 8874 8426 8221 765 7456
is_linear=0
shrinkage=0.05


Tree=198
num_leaves=15
num_cat=0
split_feature=24 50 36 56 13 41 56 77 77 48 14 36 6 20
split_gain=44.2039 62.9559 45.1401 122.061 67.603 96.2898 46.3015 169.921 133.088 113.238 118.749 102.335 114.604 91.7412
threshold=8.4585178571428585 22.427142857142861 0.74952126471887059 4.4045989220661719 0.71500307559536247 45.500000000000007 4.3605422573208426 0.5834828765421961 0.69458632376395546 23.60661764705883 0.59522727272727283 0.43014548247400802 2.9123968701510252 3.6666666666666674
decision_type=10 10 10 2 10 8 2 10 10 2 8 10 10 8
left_child=2 -2 4 -4 6 -6 7 11 -8 13 -11 -1 -13 -9
right_child=1 -3 3 -5 5 -7 8 9 -10 10 -12 12 -14 -15
leaf_value=0.0006148767022041338 0.0051562373405612512 -0.047029475673866089 -0.04190168849000616 0.020123141075800172 0.063709980490460547 -0.0066863336482448424 -0.0022294286919064665 0.023567710663318413 -0.03463710279249279 0.0094859853367665076 0.064924689548467127 -0.063046410767694336 -0.0086311422325659991 -0.015464371405158609
leaf_weight=6107.2415501922369 107.84735821932554 123.07544977217913 211.25893443077803 125.88140361011028 97.572690941393375 95.431863248348236 4660.7774507328868 362.35553109645844 338.91765987873077 167.11495761573315 229.17485471069813 130.17098131775856 370.41809260100126 256.1418033093214
leaf_count=18042 315 411 508 302 385 316 12530 851 784 386 527 401 1238 529
internal_value=-0.00110131 -0.0227402 -0.000719693 -0.0187518 -0.000243884 0.0290472 -0.000694032 0.00175847 -0.00443276 0.0207974 0.041629 -0.0011681 -0.0228785 0.00740426
internal_weight=13383.4 230.923 13152.5 337.14 12815.3 193.005 12622.3 7622.62 4999.7 1014.79 396.29 6607.83 500.589 618.497
internal_count=37525 726 36799 810 35989 701 35288 21974 13314 2293 913 19681 1639 1380
is_linear=0
shrinkage=0.05


Tree=199
num_leaves=15
num_cat=0
split_feature=31 30 30 54 58 51 58 54 18 30 9 20 51 33
split_gain=42.1322 47.0819 152.276 129.156 104.114 140.73 154.606 170.124 90.5955 95.8894 68.7552 95.3721 63.003 100.221
threshold=0.80611607142857145 0.52721459313778862 0.53919607205453068 15.919871794871797 23.97058823529412 4.718671482412061 22.909926470588239 18.75961538461539 2.9198717948717952 0.60952601111094296 17.722833333333337 5.2613636363636367 3.9093193238921886 2.9999999999999996
decision_type=10 10 10 8 2 10 2 8 8 10 10 10 8 10
left_child=1 10 -3 -4 5 6 7 -5 -6 -10 -1 -12 -9 -14
right_child=-2 2 3 4 8 -7 -8 12 9 -11 11 -13 13 -15
leaf_value=0.00035809128940979907 -0.026395880653687798 0.064690579484912913 -0.041242078600380067 0.04820991931985627 0.018399162258620108 0.05781287681296883 0.059948194773788523 -0.045541900212966668 -0.057490512675583243 0.00078520244796076086 -0.036384147927883366 0.019891473902119997 -0.039171943026845055 0.017065348602181247
leaf_weight=11220.79142062366 143.40565968304873 112.21790999919176 138.67941018939018 132.25203260779381 170.29347985982895 185.08405204862356 122.28270032256842 128.25491450726986 137.07106460630894 144.37258925288916 278.05333355814219 102.37048495560884 127.12609625607729 206.60272260010242
leaf_count=31395 479 392 349 331 516 486 328 358 352 451 807 343 376 497
internal_value=0.000465273 0.00075895 0.00878471 0.0045394 0.0092577 0.0190671 0.0089921 -0.00157682 -0.0103194 -0.0276998 -0.000351528 -0.0212282 -0.0159026 -0.00440994
internal_weight=13348.9 13205.5 1604.24 1492.02 1353.34 901.603 716.518 594.236 451.737 281.444 11601.2 380.424 461.984 333.729
internal_count=37460 36981 4436 4044 3695 2376 1890 1562 1319 803 32545 1150 1231 873
is_linear=0
shrinkage=0.05


Tree=200
num_leaves=15
num_cat=0
split_feature=24 73 52 31 30 73 51 57 33 14 59 54 54 75
split_gain=58.6823 53.7348 85.6232 47.0853 48.9801 108.215 75.6609 157.53 191.151 221.913 92.9128 155.062 135.769 159.729
threshold=-4.2590624999999989 9.5000000000000018 229.82857142857145 0.80611607142857145 0.37708707528293667 17.500000000000004 4.718671482412061 224.20588235294119 1.9411764705882355 0.62041666666666673 1.0000000180025095e-35 19.839743589743595 16.516666666666669 18.535000000000004
decision_type=8 2 10 10 10 2 10 2 10 10 2 8 8 8
left_child=1 -1 -3 4 -2 6 10 -8 -9 -10 12 -12 -6 -14
right_child=3 2 -4 -5 5 -7 7 8 9 -11 11 -13 13 -15
leaf_value=0.012041171674808027 -0.000465156722820122 -0.044078260537455366 -0.0046350159791306057 -0.028711890348565763 -0.031832706968955404 0.054190146528190423 -0.019971386514732677 0.088594388087999104 -0.020012573597060396 0.059056498227919696 0.017455149919662235 -0.021537943832667404 0.032454725709163253 -0.012635336844075222
leaf_weight=158.83913522213697 9526.7565108761191 232.12861911207438 336.39498246461153 131.11978694796562 155.70313132554293 115.04865673184395 179.70298910886049 121.99205024540424 192.99900539219379 162.68949183821678 373.00259939581156 800.56013048440218 634.5514399856329 283.60823211818933
leaf_count=444 26993 559 1094 456 392 216 423 321 508 370 1000 2204 1439 1129
internal_value=0.000188487 -0.0136128 -0.0207888 0.000981326 0.0012939 0.00684153 0.00494822 0.0198547 0.0348477 0.0162173 0.000581098 -0.00914016 0.0112035 0.0185284
internal_weight=13405.1 727.363 568.524 12677.7 12546.6 3019.86 2904.81 657.384 477.681 355.688 2247.43 1173.56 1073.86 918.16
internal_count=37548 2097 1653 35451 34995 8002 7786 1622 1199 878 6164 3204 2960 2568
is_linear=0
shrinkage=0.05


Tree=201
num_leaves=15
num_cat=0
split_feature=33 51 20 12 13 43 13 52 69 6 47 58 53 13
split_gain=41.5449 53.9451 69.6525 46.2676 95.9143 67.671 67.6262 80.8737 121.642 102.39 91.2379 67.3935 55.3764 64.2383
threshold=-1.640102195468981e-16 4.5845514596207124 0.58571428571428585 0.72723982604441761 0.69172869247335156 60.422619047619058 0.5807989929867996 252.57738095238099 0.078702409375497426 4.7622873607294407 0.60376643768400406 23.63602941176471 1.6547619047619049 0.090275514501873641
decision_type=8 10 10 10 10 10 10 10 2 10 2 2 10 8
left_child=1 2 -1 4 6 -5 12 9 11 -8 -11 -9 -2 -14
right_child=3 -3 -4 5 -6 -7 7 8 -10 10 -12 -13 13 -15
leaf_value=-0.0086859810767367426 -0.0041123290713809225 0.012391563786305761 -0.054848104023643665 -0.054256140616759478 0.037610690648257269 0.0010545253209620878 0.014142913018301333 -0.039051122751095804 0.055955774223888415 -0.050445634495688021 -0.0016804172615616252 0.018776506727210686 -0.0020063962327684396 0.0070349919614442523
leaf_weight=246.64493212848902 3225.2373739182949 139.5438861399889 121.56151120364666 93.135755032300949 174.9581721201539 133.95347145199776 136.29817323386669 111.72280310839415 91.456959426403046 307.28390863537788 139.34086631983519 90.274482801556587 3166.5903307199478 5172.7541981711984
leaf_count=637 8961 379 441 261 517 515 304 353 296 646 356 311 9177 14339
internal_value=-4.84501e-06 -0.0140182 -0.0240335 0.000550222 0.000953655 -0.0217684 0.000435163 -0.012948 0.00844058 -0.0237114 -0.0352693 -0.0132422 0.00145038 0.00360199
internal_weight=13350.8 507.75 368.206 12843 12615.9 227.089 12441 876.377 293.454 582.923 446.625 201.997 11564.6 8339.34
internal_count=37493 1457 1078 36036 35260 776 34743 2266 960 1306 1002 664 32477 23516
is_linear=0
shrinkage=0.05


Tree=202
num_leaves=15
num_cat=0
split_feature=14 73 47 75 47 26 12 54 56 4 83 82 30 76
split_gain=53.5139 91.7857 83.5267 103.549 188.673 62.0307 57.6931 57.6875 43.0667 44.5477 84.0995 95.5553 60.6302 51.2963
threshold=0.12519230769230774 17.500000000000004 0.58809141985833724 4.2750000000000012 0.61868431579330163 11.500000000000002 0.053740873744805941 11.182539682539684 5.4658175170190768 2.5438479587613156 3.3706653328218672 0.94500000000000006 0.27925162698483569 0.90487194118453795
decision_type=10 2 2 10 2 2 10 8 2 10 2 10 10 8
left_child=1 2 -1 5 -5 6 -4 -2 9 12 11 -11 -9 -12
right_child=7 -3 3 4 -6 -7 -8 8 -10 10 13 -13 -14 -15
leaf_value=-0.0037154927271159802 -0.035117395845023283 0.040519901834639258 0.0080535316205185229 0.081073665658076152 -0.0046435590281563915 -0.010585766210386378 0.046125592921825144 -0.0063062140017406901 -0.033293860236052408 0.003727928359840497 -0.0081241193585747367 0.06220439900690361 -0.039755574767335988 0.0014522179236557031
leaf_weight=2385.22270270437 136.62794014066458 162.63768166303635 923.65932711213827 132.97334606945515 123.06266820430756 420.66315285861492 110.63409501314163 1749.1128215864301 111.10934376716614 185.88747207820415 1995.9593939781189 111.0577879846096 145.92289749532938 4664.5372736304998
leaf_count=6049 435 312 2923 339 305 1433 456 4765 242 562 4828 285 398 14155
internal_value=-0.000826471 0.00379885 0.00233133 0.0107582 0.0400163 0.00558556 0.0121666 -0.00299128 -0.00249773 -0.00210748 -0.000255944 0.0257336 -0.00890151 -0.00141832
internal_weight=13359.1 4258.85 4096.22 1710.99 256.036 1454.96 1034.29 9100.21 8963.59 8852.48 6957.44 296.945 1895.04 6660.5
internal_count=37487 11817 11505 5456 644 4812 3379 25670 25235 24993 19830 847 5163 18983
is_linear=0
shrinkage=0.05


Tree=203
num_leaves=15
num_cat=0
split_feature=47 47 9 82 10 6 22 27 25 45 80 50 76 44
split_gain=51.0095 51.1806 113.354 85.6957 77.4906 87.7339 48.4251 99.0563 63.4 71.5991 69.3876 92.7198 60.3666 76.8732
threshold=0.48334899417542526 0.51277108893242562 16.500666666666671 9.0250000000000004 0.060620466525638947 2.5334182506750209 0.88603896103896107 14.834362745098042 -0.068333333333333302 22.105555555555558 1.8450000000000004 22.427142857142861 1.0963063249276563 0.64215131519479363
decision_type=2 2 8 10 10 8 10 10 8 10 8 10 8 10
left_child=-1 2 3 4 5 -2 12 8 9 -8 11 -10 -3 -14
right_child=1 6 -4 -5 -6 -7 7 -9 10 -11 -12 -13 13 -15
leaf_value=-0.017236232488064815 -0.00065873906435421703 -0.0076773994023097277 -0.022273832494830195 0.058138739908092908 -0.019391944859575037 0.04802985079348919 -0.045371805834583473 0.037427341115992961 0.00021102869581535218 0.0035715407932870066 0.0017663333845856846 0.058456698643587629 0.0027929721233547361 -0.01312439609702516
leaf_weight=442.39942619204521 178.28639665991068 3462.4490883350372 185.04448552429676 130.10743555426598 136.28036807477474 191.28160217404366 137.77848862111568 220.12326512485743 138.24793916940689 161.60363013297319 1621.2003503590822 134.10614934563637 5379.5249298810959 882.016162738204
leaf_count=898 479 8450 430 250 340 528 332 457 304 439 4667 351 16643 3015
internal_value=-0.000560233 1.03866e-05 0.0120846 0.0221011 0.0127356 0.0246032 -0.000807289 0.00553125 0.00231397 -0.0190287 0.00569664 0.0289999 -0.00238064 0.000549075
internal_weight=13400.4 12958.1 821 635.956 505.848 369.568 12137.1 2413.06 2192.94 299.382 1893.55 272.354 9723.99 6261.54
internal_count=37583 36685 2027 1597 1347 1007 34658 6550 6093 771 5322 655 28108 19658
is_linear=0
shrinkage=0.05


Tree=204
num_leaves=15
num_cat=0
split_feature=17 79 76 56 52 30 0 12 75 2 39 41 48 46
split_gain=44.2 80.0358 63.6425 45.1356 88.4132 212.533 192.768 100.285 177.052 115.299 82.4391 76.043 82.966 83.9628
threshold=4.4833333333333343 0.5471295017260619 0.89053015477673025 4.3400239392812781 206.29166666666671 0.38092924878085305 5.5000000000000009 0.56058770158685001 16.445000000000004 1.5000000000000002 23.637234770705 89.500000000000014 20.545955882352946 63.667279411764717
decision_type=10 8 10 2 8 10 2 10 10 2 2 10 2 2
left_child=3 2 -2 4 5 -1 -7 8 11 10 -9 -6 13 -13
right_child=1 -3 -4 -5 7 6 -8 9 -10 -11 -12 12 -14 -15
leaf_value=0.0032875958374080439 -0.050053558961994205 0.019361078795737639 -0.0062391108173513966 -0.0031641209274647138 -0.0044356690557063204 0.01195131978579542 0.085466148030090214 0.0080286757677192344 0.066143962519875768 0.029024416675700729 -0.041425519957327211 0.0032215951282630988 0.014244235501034017 -0.035215863011291981
leaf_weight=1174.4802005439997 165.29689006507397 119.80621856451035 165.87756079435349 5320.2127925157547 2947.3094448968768 186.01249603182077 170.95594646036625 109.15764699876308 105.18517659604549 99.246844790875912 364.3246867582202 634.48992877453566 1579.0676499605179 182.01682173460722
leaf_count=2715 479 533 450 14340 9105 407 366 412 243 272 1043 1650 4923 620
internal_value=-0.000176509 -0.0155449 -0.0281928 0.00036308 0.00284792 0.0135704 0.0472987 0.000118751 0.00221227 -0.019765 -0.0300314 0.000941511 0.00755622 -0.00537953
internal_weight=13323.4 450.981 331.174 12872.5 7552.25 1531.45 356.968 6020.8 5448.07 572.729 473.482 5342.88 2395.57 816.507
internal_count=37558 1462 929 36096 21756 3488 773 18268 16541 1727 1455 16298 7193 2270
is_linear=0
shrinkage=0.05


Tree=205
num_leaves=15
num_cat=0
split_feature=24 57 31 73 10 12 33 12 31 76 58 58 81 31
split_gain=36.7377 37.3051 65.0316 139.077 123.814 95.5937 111.457 93.2709 83.6801 76.7363 147.064 134.407 74.2289 71.924
threshold=7.0816428571428593 224.20588235294119 0.53303571428571439 16.500000000000004 0.050002229008314213 0.64379805391634048 1.6696832579185521 0.68788409002485629 0.75243589743589745 0.95484308916420468 21.181985294117649 26.121323529411768 8.2550000000000008 0.41795238095238102
decision_type=10 2 10 2 8 8 10 8 10 8 2 2 10 10
left_child=1 -1 13 4 -4 6 -6 -7 9 -8 -11 -12 -9 -3
right_child=-2 2 3 -5 5 7 8 12 -10 10 11 -13 -14 -15
leaf_value=-0.0036865255161949088 -0.015908381814497313 0.0021765709182830235 0.051988562136995181 0.055263926549215948 0.037257621564916903 0.060688988857629071 -0.041452424142579367 0.02546663843405092 0.023132331922761894 -0.059462872924890754 0.037219911339674526 -0.025777258795086563 -0.024446591702638368 -0.011651193213131607
leaf_weight=3951.8969718441367 355.14826510846615 6290.0567707791924 134.35902145504951 159.48140361905098 123.5807503759861 110.9637570977211 265.02161864936352 208.00794354081154 131.13601240515709 103.02378971874714 184.43318562954664 154.87259411811829 114.78963832557201 1104.6721166968346
leaf_count=9531 1121 19089 380 390 367 310 580 703 267 330 587 399 275 3204
internal_value=-6.46213e-05 0.000368198 0.0021323 0.0109792 0.00633064 0.00190165 -0.00688504 0.0213612 -0.0134277 -0.0202286 -0.00744754 0.00847426 0.00769638 0.000109595
internal_weight=13391.4 13036.3 9084.4 1689.67 1530.19 1395.83 962.068 433.761 838.487 707.351 442.33 339.306 322.798 7394.73
internal_count=37533 36412 26881 4588 4198 3818 2530 1288 2163 1896 1316 986 978 22293
is_linear=0
shrinkage=0.05


Tree=206
num_leaves=15
num_cat=0
split_feature=57 57 82 41 25 52 25 30 83 76 45 82 83 68
split_gain=49.9134 117.552 160.156 143.23 180.158 105.292 83.4416 76.2746 104.909 108.91 86.6997 84.8256 74.4574 67.8252
threshold=231.30330882352942 237.42463235294119 1.0850000000000002 47.000000000000007 0.070000000000000034 201.63068181818184 0.062817460317460286 0.70784079942964484 16.379684730163515 0.95767355402403764 23.345238095238098 15.425000000000002 13.746869391475622 1.0000000180025095e-35
decision_type=2 2 10 10 8 10 8 10 2 8 10 10 2 2
left_child=13 2 -2 4 -4 -5 -7 8 11 -10 -11 12 -3 -1
right_child=1 7 3 5 -6 6 -8 -9 9 10 -12 -13 -14 -15
leaf_value=-0.0053671970853797569 -0.0024981746497197282 0.00091646824096384613 0.017981403213351798 0.047866953187502538 0.096566846901384021 0.024669062930878508 -0.027929144655289624 0.033914499028474085 -0.063168803810997112 -0.037437966403501971 0.029222783507750157 0.045542965337788184 -0.02519429588526589 0.016597505733889038
leaf_weight=4740.933790333569 640.3901761174202 5964.7696062326431 141.14340326189995 150.57686646282673 151.15131008625031 141.21491707861423 159.5125854164362 159.54798267781734 133.18045750260353 97.662320733070374 95.489065960049629 101.66042540967464 285.12364203482866 378.63271005451679
leaf_count=11452 1760 19103 308 245 324 342 355 507 374 287 324 259 920 899
internal_value=0.000135391 0.00254868 0.0158321 0.0316003 0.0588102 0.0138863 -0.0032303 -0.000141982 -0.000960616 -0.0285645 -0.00450184 0.000461895 -0.000278559 -0.00373981
internal_weight=13341 8221.42 1383.99 743.599 292.295 451.304 300.728 6837.43 6677.89 326.332 193.151 6351.55 6249.89 5119.57
internal_count=37459 25108 3334 1574 632 942 697 21774 21267 985 611 20282 20023 12351
is_linear=0
shrinkage=0.05


Tree=207
num_leaves=15
num_cat=0
split_feature=55 10 10 57 33 48 9 29 3 66 20 51 27 39
split_gain=59.2383 65.0797 161.274 187.122 89.7978 68.0393 64.2383 179.092 83.7769 68.7932 79.8667 82.3253 90.5343 71.5896
threshold=23.190992647058824 0.085207343959128004 0.092594457727744869 241.56066176470591 5.2403846153846159 19.332720588235297 17.722833333333337 0.11704512976318251 18.130303030303036 7.5000000000000009 1.4606060606060607 4.1340531141935744 4.4625000000000012 25.94661190965093
decision_type=2 8 8 2 10 2 10 10 10 2 10 8 8 2
left_child=1 4 3 -3 5 -1 8 -8 9 -2 11 12 -11 -12
right_child=6 2 -4 -5 -6 -7 7 -9 -10 10 13 -13 -14 -15
leaf_value=-0.01759559029607894 0.0067651557009572707 0.083399296759849542 -0.0010755175909187926 -0.0008314140887554001 -0.048881260953954786 -0.0026271702667823305 -0.050084316421911662 0.021546479854443142 0.046526212848228776 -0.01038760167157577 -0.010109969336367566 -0.01278222600272963 0.044239857538338798 -0.061049087867169796
leaf_weight=956.40521647036076 4187.8236870914698 126.70873527228832 2637.7011130899191 136.27675624936819 122.78812161833048 3669.306973464787 189.18597687035799 160.4364315494895 116.91447531431913 132.2047803401947 179.46398996561766 441.70802928507328 175.92094392329454 111.54097907245159
leaf_count=2511 12942 271 6745 378 236 9688 579 484 346 434 572 1366 600 343
internal_value=-0.000372724 -0.00324709 0.00265319 0.0399139 -0.00685115 -0.00572515 0.00348771 -0.0172463 0.00484677 0.00390609 -0.00759285 0.00104482 0.0208436 -0.0297769
internal_weight=13344.4 7649.19 2900.69 262.985 4748.5 4625.71 5695.2 349.622 5345.58 5228.66 1040.84 749.834 308.126 291.005
internal_count=37495 19829 7394 649 12435 12199 17666 1063 16603 16257 3315 2400 1034 915
is_linear=0
shrinkage=0.05


Tree=208
num_leaves=15
num_cat=0
split_feature=69 69 27 54 79 28 51 46 46 3 51 43 39 28
split_gain=48.6899 77.7408 81.0647 101.593 66.6366 70.4922 53.5365 48.3763 76.6776 61.7194 154.779 116.674 104.833 81.1365
threshold=0.24561838314163328 0.21374666215938018 3.6911764705882359 22.033333333333335 0.49109087286096298 9.7295254901960799 4.0546628597988121 58.363970588235297 57.14705882352942 18.31428571428572 4.3003906250000012 64.51666666666668 25.227926078028748 15.096178733031676
decision_type=2 2 8 10 8 8 8 2 2 10 10 10 2 10
left_child=1 7 -3 -4 5 -2 -7 8 -1 13 11 -11 -12 -9
right_child=4 2 3 -5 -6 6 -8 9 -10 10 12 -13 -14 -15
leaf_value=0.010346872218623716 -0.001793570467053595 -0.0095471653677927371 0.071295980766441558 0.0050105621445748049 0.015874396544199608 -0.0016342102899824511 -0.038039462731070207 0.001550003305296441 -0.034315546445779457 -0.029026428742658962 0.075408809039787569 0.033897489215251493 0.013444809217486843 -0.01324237892942718
leaf_weight=158.44524955749512 528.02248324453831 117.32578497380018 126.92967923730612 105.75151232630014 216.88222467899323 139.86985437572002 363.12884151935577 9793.263798289001 241.77290170639753 207.98556935042143 135.20322325825691 112.8032483831048 137.89550330489874 1022.9109300374985
leaf_count=513 1298 323 381 326 819 325 839 27760 495 604 416 352 312 2745
internal_value=0.000136131 0.00110161 0.0242903 0.0413202 -0.00926538 -0.014564 -0.0279395 0.000412393 -0.0166521 0.00101235 0.016692 -0.00686307 0.0442846 0.000149958
internal_weight=13408.2 12160.3 350.007 232.681 1247.9 1031.02 502.999 11810.3 400.218 11410.1 593.888 320.789 273.099 10816.2
internal_count=37508 34227 1030 707 3281 2462 1164 33197 1008 32189 1684 956 728 30505
is_linear=0
shrinkage=0.05


Tree=209
num_leaves=15
num_cat=0
split_feature=19 10 52 10 36 13 19 30 51 30 31 51 76 43
split_gain=35.4152 96.8204 92.9408 75.1514 62.1508 44.7261 45.6456 93.2352 81.7894 52.76 108.39 84.1433 96.7165 52.1988
threshold=18.038461538461544 0.11429650214407548 244.58571428571432 0.134722066022776 0.73334235959657723 0.69172869247335156 15.174242424242426 0.51846571681523412 4.0472837022132806 0.57400869441191682 0.66585784313725505 4.1490795824447195 0.92646131473110815 55.392307692307703
decision_type=10 10 10 10 10 10 10 10 10 10 10 10 10 8
left_child=4 2 -2 -3 5 6 9 -8 -9 10 13 12 -11 -1
right_child=1 3 -4 -5 -6 -7 7 8 -10 11 -12 -13 -14 -15
leaf_value=0.014943910481316661 -0.035406242522508548 0.069209000660572215 0.026891984892389743 0.012284186891802613 -0.024630267648591001 0.028884884583102677 -0.034006453209881896 -0.028367873882717293 0.024485562074448009 0.027611566859651257 0.049839698339410876 -0.035979064537525501 -0.032091584933541681 -9.4427014797014656e-05
leaf_weight=609.1171824708581 139.09623441100121 98.493515454232693 103.60365956276655 140.25918506085873 257.8943904414773 132.68504909425974 289.56725486367941 114.07900517433882 200.19472446292639 169.41995789855719 112.44733007997274 249.48321436345577 111.69945888221264 10641.306635089219
leaf_count=1386 325 244 390 484 601 449 684 314 545 600 290 733 266 30232
internal_value=0.000118383 0.0134186 -0.00881117 0.0359583 -0.000379474 0.000117618 -0.000190093 -0.0135893 0.00527104 0.000491279 0.00121145 -0.0149045 0.00385956 0.00072103
internal_weight=13369.3 481.453 242.7 238.753 12887.9 12630 12497.3 603.841 314.274 11893.5 11362.9 530.603 281.119 11250.4
internal_count=37543 1443 715 728 36100 35499 35050 1543 859 33507 31908 1599 866 31618
is_linear=0
shrinkage=0.05


Tree=210
num_leaves=15
num_cat=0
split_feature=39 14 30 56 52 20 12 21 80 76 33 5 55 5
split_gain=45.5478 46.5244 72.9858 112.456 50.3682 51.7034 43.6128 40.4006 40.2177 61.7613 76.9313 43.5323 40.3713 61.5768
threshold=21.353867214236825 0.083541666666666681 0.096898479730717954 4.172747937757781 257.03571428571433 -1.0000000180025095e-35 0.030111603795814325 6.2867595818815341 8.7250000000000032 0.90487194118453795 1.8 5.4166666666666687 22.173529411764708 5.4166666666666687
decision_type=2 8 10 2 10 10 10 10 8 10 10 10 2 10
left_child=-1 2 4 -4 6 -6 -2 -3 11 10 12 -9 -10 -14
right_child=1 7 3 -5 5 -7 -8 8 9 -11 -12 -13 13 -15
leaf_value=-0.022676134525001061 0.0044258456460944907 0.00070090469941707343 0.073302995420757744 0.0060196605225960433 0.052889503251097141 0.0067802712086572851 -0.024401650457619529 -0.0071039289561063554 -0.013891941784446466 0.026807660166955634 -0.0387656392961572 -0.034773403678828661 -0.0033394423637426564 0.045541183592006068
leaf_weight=213.29966963082552 403.8086102604866 10635.866814009845 104.47260951250792 151.50959748029709 85.294974498450756 207.00700049847364 193.18049240112305 354.87893211841583 230.633315525949 158.51583078503609 153.33539474010468 236.89855623245239 177.74111206829548 99.953792549669743
leaf_count=501 1008 29465 317 437 332 700 443 774 826 458 526 549 752 527
internal_value=0.000190094 0.000561475 0.0101871 0.033658 0.00340084 0.0203696 -0.00492769 -0.000354316 -0.00829786 -0.00112502 -0.00784725 -0.0182205 0.00153697 0.014355
internal_weight=13406.4 13193.1 1145.27 255.982 889.291 292.302 596.989 12047.8 1411.96 820.179 661.664 591.777 508.328 277.695
internal_count=37615 37114 3237 754 2483 1032 1451 33877 4412 3089 2631 1323 2105 1279
is_linear=0
shrinkage=0.05


Tree=211
num_leaves=15
num_cat=0
split_feature=15 36 81 47 36 7 59 28 57 30 12 57 57 22
split_gain=42.1059 55.5779 62.2371 39.8222 82.5786 66.77 177.811 44.1629 43.0977 196.324 83.3676 198.612 72.1527 66.8248
threshold=0.85009812417174302 0.74952126471887059 10.125000000000002 0.64233512329514675 1.0000000180025095e-35 5.7698737373737385 1.0000000180025095e-35 2.0611714285714293 209.56985294117649 0.58485590414149957 0.64877131980172831 233.38235294117649 257.94301470588238 0.77303030303030307
decision_type=10 10 8 2 8 10 2 8 2 10 10 2 2 8
left_child=1 3 -3 8 -5 7 -7 -6 9 13 -10 -12 -13 -1
right_child=-2 2 -4 4 5 6 -8 -9 10 -11 11 12 -14 -15
leaf_value=-0.015946189208953989 0.029694293108986115 0.0026395540282082462 -0.04399784640844201 0.033298572422948952 -0.0013889561955186351 0.038793736821662234 -0.035108292409494271 -0.041584139357041063 0.0014663906119278978 -0.061331245786137578 0.086211839086700284 -0.037162767656134126 0.026075986990778489 0.0048053971516269396
leaf_weight=551.72306174039841 117.26052586734295 135.02251634001732 150.88271681219339 92.778245903551579 91.405980780720711 153.04162369668484 171.5811063721776 270.58657545596361 9913.8719320446253 146.44009487330914 97.677035018801689 80.037122823297977 100.73012781143188 1300.4013347178698
leaf_count=1491 434 280 376 332 304 506 539 891 27982 360 278 291 429 3036
internal_value=-8.20642e-06 -0.000273167 -0.0220403 0.000208311 -0.0107414 -0.0167321 -0.000255442 -0.0314663 0.000909178 -0.00580264 0.00222571 0.0291589 -0.00197423 -0.00138149
internal_weight=13373.4 13256.2 285.905 12970.3 779.394 686.615 324.623 361.993 12190.9 1998.56 10192.3 278.444 180.767 1852.12
internal_count=37529 37095 656 36439 2572 2240 1045 1195 33867 4887 28980 998 720 4527
is_linear=0
shrinkage=0.05


Tree=212
num_leaves=15
num_cat=0
split_feature=25 3 18 28 24 31 66 43 36 21 80 41 73 79
split_gain=42.6831 76.0193 67.7188 60.1641 57.4264 72.9534 50.796 103.253 149.815 80.7484 126.721 86.0559 81.3889 120.49
threshold=0.10275252525252529 12.835416666666669 3.1055555555555561 15.583187500000003 2.7232857142857152 0.6490625000000001 6.5000000000000009 66.912878787878796 0.22871633462511223 4.280744965862934 3.8250000000000006 7.5000000000000009 8.5000000000000018 0.067447602857598765
decision_type=10 10 10 8 10 10 2 10 8 10 10 10 2 8
left_child=4 2 -2 -3 6 -6 7 9 -9 10 -1 -11 -13 -14
right_child=1 3 -4 -5 5 -7 -8 8 -10 11 -12 12 13 -15
leaf_value=0.0040551673735488318 0.0069692970358957692 0.048960330032263633 -0.028002332490441279 0.0043287037828220482 -0.023463084682103327 0.021088386581572624 -0.0015164387457954358 0.0044801363745265704 0.090289539068473465 0.018024604819222877 0.052587457107850927 -0.049961067080313087 -0.03406603433207999 0.020993234911070371
leaf_weight=632.97516591846943 1045.7956280857325 177.98090364038944 158.52647741138935 130.97216948866844 517.41390284895897 110.86508749425411 9461.1733368709683 120.57184962183237 87.123187974095345 220.48060388863087 169.86156085133553 151.40849263221025 200.54338251054287 195.05374890565872
leaf_count=1751 2981 503 548 379 1400 321 26648 430 284 597 349 373 488 534
internal_value=0.000126601 0.00803193 0.00234652 0.030115 -0.000882035 -0.0155806 -5.90619e-05 0.00769241 0.0407353 0.00329893 0.0143761 -0.00829211 -0.0189131 -0.00693394
internal_weight=13380.7 1513.28 1204.32 308.953 11867.5 628.279 11239.2 1778.02 207.695 1570.32 802.837 767.486 547.006 395.597
internal_count=37586 4411 3529 882 33175 1721 31454 4806 714 4092 2100 1992 1395 1022
is_linear=0
shrinkage=0.05


Tree=213
num_leaves=15
num_cat=0
split_feature=76 48 43 44 58 0 48 56 6 39 41 57 58 45
split_gain=48.4198 77.31 124.857 83.1675 115.651 137.526 82.7652 75.4929 64.9529 62.6466 58.9245 85.5434 96.5873 126.665
threshold=1.0919632500263632 28.352941176470591 60.759615384615394 0.6318359838594827 24.63602941176471 6.5000000000000009 27.029411764705888 4.0234430333374052 10.39394052898108 25.259411362080773 119.50000000000001 274.46875000000006 20.332720588235297 24.577380952380956
decision_type=8 2 10 10 2 2 2 2 10 2 10 2 2 8
left_child=1 3 -3 6 5 -5 10 -4 -2 -9 -1 12 13 -12
right_child=8 2 7 4 -6 -7 -8 9 -10 -11 11 -13 -14 -15
leaf_value=-0.011240090494120782 0.0025969344449996196 0.054194710112967295 -0.029557776081915812 0.0021268847053911135 -0.021232400325618621 0.06304464904241712 -0.033424260492500558 0.039781750216545536 -0.031777167186341541 -0.0035875759970474355 -0.0073693952447525975 0.039413763834755165 -0.015856836614722619 0.054494055148148757
leaf_weight=2418.6192376315594 8318.4589239507914 136.88582549989223 146.83133322000504 228.20325450599194 184.26585960388184 155.05405850708485 323.33006890118122 133.89144361019135 138.74004396051168 217.18506568670273 200.23546148836613 138.90079107880592 537.89478819072247 139.76748472452164
leaf_count=5602 25476 285 343 611 513 414 753 332 507 508 424 417 1178 304
internal_value=-0.00027103 -0.00419212 0.0120897 -0.0065834 0.0112436 0.0268723 -0.00927732 0.00042873 0.00202934 0.0130184 -0.00699562 0.00310165 -0.00268195 0.0181465
internal_weight=13418.3 4961.06 634.794 4326.27 567.523 383.257 3758.75 497.908 8457.2 351.077 3435.42 1016.8 877.898 340.003
internal_count=37667 11684 1468 10216 1538 1025 8678 1183 25983 840 7925 2323 1906 728
is_linear=0
shrinkage=0.05


Tree=214
num_leaves=15
num_cat=0
split_feature=75 31 75 15 43 57 21 22 46 45 58 43 30 54
split_gain=44.8237 60.6665 37.5308 41.4983 39.8052 118.323 171.54 89.866 48.2496 56.4518 89.7848 64.3933 61.3395 109.771
threshold=20.010000000000002 0.80611607142857145 18.955000000000002 0.82190136063098274 55.966666666666676 231.72794117647064 4.6433463796477508 0.95060975609756104 58.363970588235297 13.522727272727275 22.843750000000004 59.033333333333339 0.52273443721558344 16.75961538461539
decision_type=10 10 10 10 8 2 8 8 2 8 2 8 10 8
left_child=1 2 3 4 5 7 -7 -1 -6 10 -10 -11 -13 -14
right_child=-2 -3 -4 -5 8 6 -8 -9 9 11 -12 12 13 -15
leaf_value=-0.038191745824937832 0.024080467669430224 -0.033884799422755733 -0.028379727759184827 0.03085765915828776 -0.017344974867088147 0.065629193520642268 0.0045293205334871944 0.012003585337845875 0.048165611240080668 -0.0097886857086913418 -0.0086906872533764022 -7.300808573796793e-05 -0.031379573442152059 0.018388082259324454
leaf_weight=163.11115147173405 198.85188116133213 128.10024935752153 110.08218798041344 112.88052854686975 395.87943824380636 179.64131118357182 315.97575978189707 194.48775640130043 153.06264369934797 1505.4329344108701 125.92974545061588 8724.612843438983 124.51562673598528 948.60726387798786
leaf_count=301 509 402 245 344 1009 423 827 371 399 3235 332 25730 381 3021
internal_value=0.000578593 0.000222273 0.000559534 0.000807818 0.000541077 0.010969 0.0267631 -0.0109346 -0.000202575 0.0003848 0.0225628 -0.00016456 0.00131505 0.0125896
internal_weight=13381.2 13182.3 13054.2 12944.1 12831.3 853.216 495.617 357.599 11978 11582.2 278.992 11303.2 9797.74 1073.12
internal_count=37529 37020 36618 36373 36029 1922 1250 672 34107 33098 731 32367 29132 3402
is_linear=0
shrinkage=0.05


Tree=215
num_leaves=15
num_cat=0
split_feature=79 27 51 9 80 22 79 8 47 70 15 59 81 47
split_gain=44.401 86.5373 186.505 87.3075 72.6606 65.7695 70.1277 65.262 83.6662 60.2744 133.642 58.1338 145.965 100.846
threshold=0.11943215655125035 17.728846153846156 3.99812030075188 20.06441666666667 1.7350000000000001 0.78526220614828224 -0.30178947386244331 17.424170638960735 0.64109554409479952 0.38278794648763687 0.71016390569728516 0.75000000000000011 9.4150000000000009 0.50213309787154958
decision_type=8 10 10 10 8 10 10 10 2 2 8 2 10 2
left_child=4 3 -3 7 5 -1 -7 8 9 -2 -11 -6 13 -13
right_child=1 2 -4 -5 11 6 -8 -9 -10 10 -12 12 -14 -15
leaf_value=0.0008674845183223892 0.0019908858077522583 -0.020349967711987715 0.060127578046767063 -0.038284421000815874 0.00020109034833808685 0.057842450511003375 0.005602700069934732 0.037309467410768654 -0.018466098953043193 0.0049458362277492755 0.068045634144063921 0.034880845063551782 -0.041045457942848647 -0.0082262359011556815
leaf_weight=468.5980716496706 5511.2614353820682 116.76666967570782 185.07435338944197 132.77297709882259 2895.5770110338926 130.63619577884674 125.94699664413929 131.08684390038252 470.71577535569668 324.98938759416342 112.20494335144758 143.08327451348305 330.70121337473392 2329.4085990488529
leaf_count=1033 16400 365 527 440 7411 270 354 443 1672 1086 333 299 881 6050
internal_value=0.000129228 0.00288829 0.0290306 0.0017034 -0.00287073 0.0120256 0.0323212 0.00251967 0.00180352 0.00341034 0.0212586 -0.0047681 -0.00989931 -0.00571853
internal_weight=13408.8 6984.87 301.841 6683.03 6423.95 725.181 256.583 6550.26 6419.17 5948.46 437.194 5698.77 2803.19 2472.49
internal_count=37564 21266 892 20374 16298 1657 624 19934 19491 17819 1419 14641 7230 6349
is_linear=0
shrinkage=0.05


Tree=216
num_leaves=15
num_cat=0
split_feature=52 18 10 6 58 30 5 5 10 27 30 57 14 52
split_gain=40.936 34.5806 80.8392 65.8402 66.6144 58.0782 41.1196 47.4068 43.4093 67.1399 40.6602 132.971 78.2533 173.444
threshold=147.63888888888894 5.4083333333333341 0.22757026773546743 9.301231956230005 23.148897058823533 0.48915050902133228 23.250000000000004 20.416666666666671 0.14372079112974037 14.88154761904762 0.56212477608514388 203.00000000000003 0.58480769230769247 204.38750000000002
decision_type=8 10 10 10 2 8 10 10 10 8 10 2 10 10
left_child=-1 6 3 4 5 -3 7 8 10 -10 12 -12 -2 -14
right_child=1 2 -4 -5 -6 -7 -8 -9 9 -11 11 -13 13 -15
leaf_value=0.02321665822186544 0.00062482616614662552 -0.061918655965290476 0.031872897736789883 -0.058532449239058176 0.015561013400665734 -0.0048068026081807373 0.024239562877473204 -0.023958893180054286 -0.0020228841218861734 0.046913216973331791 -0.058326148293211727 -0.0021056763625032105 0.070037799492221664 0.0056617557525911015
leaf_weight=204.64895947277546 10377.548787072301 80.245259441435337 84.976419799029827 91.777335330843925 137.27711899578571 98.868918634951115 190.4134304895997 188.06699268519878 151.00704768300056 129.67760862410069 118.5681024491787 874.38282988220453 129.38552586734295 530.73963887989521
leaf_count=441 29186 356 282 338 490 317 513 470 463 302 285 2526 264 1364
internal_value=0.00108065 0.000735284 -0.0122415 -0.0214811 -0.0105829 -0.0305953 0.00124051 0.000888233 0.00126971 0.0206721 0.000815357 -0.00887088 0.00168746 0.0183664
internal_weight=13387.6 13182.9 493.145 408.169 316.391 179.114 12689.8 12499.4 12311.3 280.685 12030.6 992.951 11037.7 660.125
internal_count=37597 37156 1783 1501 1163 673 35373 34860 34390 765 33625 2811 30814 1628
is_linear=0
shrinkage=0.05


Tree=217
num_leaves=15
num_cat=0
split_feature=56 56 67 36 79 43 83 80 19 56 52 56 29 56
split_gain=31.3933 44.1598 138.337 113.548 64.1473 81.7795 45.7841 61.8326 45.5709 119.582 81.485 34.881 72.9145 50.7974
threshold=5.5317673378076071 4.9872965352245062 1.0000000180025095e-35 0.33490486093946875 -0.067452472293550281 62.912878787878789 20.619909114441736 19.725000000000005 17.845238095238098 4.0055557198044793 233.62587412587416 4.8239488953889333 0.026009048816073948 4.7953603303366776
decision_type=2 2 2 10 8 10 2 10 10 2 10 2 10 2
left_child=1 6 3 4 -3 -6 7 8 11 -10 -11 13 -13 -1
right_child=-2 2 -4 -5 5 -7 -8 -9 9 10 -12 12 -14 -15
leaf_value=-0.00078181874408172125 -0.024367794887542499 -0.011395249648316874 0.046387953665853666 -0.030817367623764549 0.0014741917907024086 0.054753643632342655 0.028425647548256935 -0.036093412112690043 -0.023670089863444765 0.0061312120959162199 0.060842877468737858 0.0059512991502861205 -0.030276280138889146 0.024742300149799577
leaf_weight=10927.67671059072 128.61947071552277 159.08159795403481 210.86802946031094 205.20986278355122 144.18543756008148 143.01628911495209 135.17897818982601 121.35082782804966 127.30460329353809 129.92696521431208 142.4848542585969 262.97183665633202 292.70545925199986 197.47075772285461
leaf_count=31424 229 324 499 444 362 432 413 301 409 290 494 589 658 557
internal_value=0.000118971 0.000359406 0.0112914 -0.000121943 0.0140298 0.0281034 -0.000405594 -0.000727305 -0.000369089 0.0162104 0.034866 -0.000937778 -0.0131518 -0.000326584
internal_weight=13328.1 13199.4 862.361 651.493 446.283 287.202 12337.1 12201.9 12080.5 399.716 272.412 11680.8 555.677 11125.1
internal_count=37425 37196 2061 1562 1118 794 35135 34722 34421 1193 784 33228 1247 31981
is_linear=0
shrinkage=0.05


Tree=218
num_leaves=15
num_cat=0
split_feature=22 27 58 80 75 39 5 46 82 47 33 51 4 33
split_gain=43.0063 98.2296 84.2688 93.7132 80.9193 65.3508 122.663 125.755 131.926 63.7132 70.8737 244.746 95.5552 93.257
threshold=0.88603896103896107 14.88154761904762 18.029411764705888 12.485000000000001 18.955000000000002 23.954825462012327 7.8166666666666673 64.363970588235318 4.6650000000000009 0.51277108893242562 4.4450549450549453 4.3881239562070897 15.124284288253397 4.1213235294117654
decision_type=10 10 2 8 10 2 10 2 8 2 10 10 10 10
left_child=4 2 3 -2 9 6 7 8 -4 -1 12 -12 -11 -14
right_child=1 -3 5 -5 -6 -7 -8 -9 -10 10 11 -13 13 -15
leaf_value=0.01158317510134162 0.045464625962039734 0.037026611990574144 0.01900302441206167 -0.0065100226353362227 -0.028314461559253237 -0.0068195966066286577 -0.022527973307987434 -0.012634953885577619 0.087239726841622067 -0.0023397377303160326 0.0068832673256555331 -0.070646896654672678 0.0090410451580176261 0.059329432233149973
leaf_weight=982.93035928159952 220.27635428309441 230.15383415669203 188.92127054929733 142.2611785158515 267.7403729557991 1444.5007964521646 176.54036752134562 138.82791870087385 113.0578608289361 8337.3031582161784 278.66592452675104 159.23298951983452 609.93387498706579 107.72656079381704
leaf_count=2298 493 485 392 453 691 4019 476 444 390 24093 854 444 1859 237
internal_value=0.000185043 0.00588273 0.00291211 0.0251078 -0.00122317 -0.00100086 0.0126031 0.026692 0.0447538 -0.000528137 -0.00178328 -0.0214057 -0.000832079 0.0166618
internal_weight=13398.1 2654.54 2424.39 362.538 10743.5 2061.85 617.347 440.807 301.979 10475.8 9492.86 437.899 9054.96 717.66
internal_count=37628 7152 6667 946 30476 5721 1702 1226 782 29785 27487 1298 26189 2096
is_linear=0
shrinkage=0.05


Tree=219
num_leaves=15
num_cat=0
split_feature=25 58 57 56 44 22 22 39 54 54 80 9 52 43
split_gain=37.1039 62.1571 68.397 86.2809 80.8627 80.344 59.6231 86.0154 70.3706 51.4094 44.1019 94.9013 63.8291 71.0361
threshold=0.10275252525252529 17.514705882352946 206.70036764705887 4.2686549440724226 0.62596411222365433 0.74527629233511605 0.80982519590114543 24.358658453114309 22.881944444444446 24.345238095238098 16.305000000000003 17.003166666666669 264.20714285714291 63.226495726495735
decision_type=10 2 2 2 10 8 10 2 10 10 10 8 8 10
left_child=10 -2 -3 6 5 -5 7 -4 -8 -7 -1 -12 13 -13
right_child=1 2 3 4 -6 9 8 -9 -10 -11 11 12 -14 -15
leaf_value=-0.0014270094029114788 -0.022634085961640737 0.047276736805962817 0.04324196549075375 0.030656454495653764 -0.04334891328785298 -0.02772944707601098 0.066504781548386835 -0.0098569625008622791 0.012893265080736972 0.011244867402289811 0.038610464576848837 -0.011187884903627834 -0.031071688927485658 0.036395761740981934
leaf_weight=11187.612805120647 150.83077919483185 118.24776211380959 113.31581240147352 174.60745452344418 113.11986112594604 194.86073722690344 123.81954309344292 228.34937124699354 121.27532843500376 148.20336662977934 219.86434169113636 170.43034100532532 128.4446754604578 143.75472395122051
leaf_count=31594 469 301 431 513 354 516 349 697 335 378 493 354 381 325
internal_value=0.000249992 0.00769308 0.0111318 0.00758554 -0.00524985 0.00314296 0.0213696 0.00782849 0.0401375 -0.0109088 -0.000684335 0.0118405 -0.00151376 0.0106303
internal_weight=13336.7 1486.63 1335.8 1217.55 630.791 517.672 586.76 341.665 245.095 343.064 11850.1 662.494 442.63 314.185
internal_count=37490 4343 3874 3573 1761 1407 1812 1128 684 894 33147 1553 1060 679
is_linear=0
shrinkage=0.05


Tree=220
num_leaves=15
num_cat=0
split_feature=46 29 55 43 76 22 46 50 13 30 51 73 13 12
split_gain=37.072 100.415 179.041 64.6351 58.8105 48.323 47.9251 50.5181 83.4266 185.83 73.1093 74.4529 72.1658 71.4763
threshold=67.060661764705898 0.080597634640491647 22.273529411764709 58.707142857142863 1.1289782633035303 0.95742753623188415 65.788602941176478 22.173214285714291 0.68321858981226946 0.69196202552070407 3.2101018675721567 17.500000000000004 0.6030017696531923 0.56850571948146855
decision_type=2 10 2 10 8 8 2 8 10 8 8 2 10 10
left_child=6 3 -3 -2 -4 -5 7 -1 10 -10 -9 12 13 -12
right_child=1 2 4 5 -6 -7 -8 8 9 -11 11 -13 -14 -15
leaf_value=-0.0031637817582770194 0.041930926962685224 0.09024672545364551 -0.028827135223197149 0.0063230376490649156 0.033928859661941667 -0.022338811113185648 -0.010109345187493889 0.031294311397452111 0.077006266168093571 -0.018659718973850905 0.00053742991809516008 0.026164736918912558 -0.024654701366798645 0.036952010026707928
leaf_weight=5011.3553365543485 80.545733734965324 95.932059943675995 73.284091353416443 356.38825587183237 74.056483298540115 248.98008311539888 1153.5945914983749 211.8415961265564 114.1848089247942 90.185130022466183 5193.4428956508636 289.10365584492683 276.85541144758463 137.34788646548986
leaf_count=12216 283 363 249 1536 363 1050 3911 620 385 315 14669 547 714 376
internal_value=0.000312551 0.00994187 0.0374704 0.000138023 0.00273144 -0.00548261 -0.00040525 0.0005841 0.00355927 0.0349051 0.00250502 0.00146563 0.000187824 0.00148241
internal_weight=13407.1 929.187 243.273 685.914 147.341 605.368 12477.9 11324.3 6312.96 204.37 6108.59 5896.75 5607.65 5330.79
internal_count=37597 3844 975 2869 612 2586 33753 29842 17626 700 16926 16306 15759 15045
is_linear=0
shrinkage=0.05


Tree=221
num_leaves=15
num_cat=0
split_feature=19 51 19 19 79 51 79 57 7 7 53 7 30 83
split_gain=39.5077 96.8539 84.134 32.4991 100.833 72.8978 123.593 73.6091 60.0452 121.084 101.969 94.9212 93.8378 137.47
threshold=19.522727272727277 4.3456959706959717 18.516666666666669 14.759615384615387 0.41174756923857697 3.9929185571403507 0.33339567725545566 256.79044117647067 12.679415584415587 10.516650000000002 1.720779220779221 10.13377777777778 0.31444918928269477 13.746869391475622
decision_type=10 10 10 10 10 10 8 2 10 10 10 10 8 2
left_child=2 -2 3 8 5 -5 7 -7 9 11 -11 -1 -10 -14
right_child=1 -3 -4 4 -6 6 -8 -9 12 10 -12 -13 13 -15
leaf_value=0.00086946385988696687 0.0074550087682989166 -0.05924135103913708 0.035988690322617353 -0.023212946480489383 -0.038698447149295476 -0.017419619713299028 0.047526243640190424 0.026295656335103352 -0.018963409208597223 0.014745041436931533 -0.026999506264860286 0.04080766374727416 0.037757041240396055 -0.0010525250044575143
leaf_weight=9782.7193357571959 129.73835329711437 92.534895338118076 166.30465777218342 246.89889021962881 213.48133546113968 317.08204410970211 153.84385109692812 137.12364149093628 198.56608758866787 185.71338571608067 678.65273295342922 150.07239069789648 468.46269505470991 443.85056861490011
leaf_count=27395 449 272 501 708 408 790 446 376 631 587 2006 471 1297 1167
internal_value=0.000403824 -0.0204524 0.000758078 0.000303829 -0.00804562 -0.000355318 0.00894891 -0.00419331 0.00105358 -8.57267e-05 -0.0180238 0.00147693 0.0121172 0.0188953
internal_weight=13365 222.273 13142.8 12976.5 1068.43 854.948 608.05 454.206 11908 10797.2 864.366 9932.79 1110.88 912.313
internal_count=37504 721 36783 36282 2728 2320 1612 1166 33554 30459 2593 27866 3095 2464
is_linear=0
shrinkage=0.05


Tree=222
num_leaves=15
num_cat=0
split_feature=3 56 73 80 36 4 53 50 56 28 29 46 31 53
split_gain=40.4653 139.178 110.366 144.633 80.3823 66.6043 35.7454 71.5302 108.454 103.714 142.798 108.089 90.8508 92.1527
threshold=18.31428571428572 4.6442340312106243 12.500000000000002 18.400000000000002 0.58626364069290438 18.558164301253633 2.5166666666666671 21.640972222222228 4.3070916343982883 1.6342333333333336 0.04182551457325439 64.060661764705898 0.63632867132867144 3.3452380952380958
decision_type=10 2 2 10 10 10 10 10 2 8 8 2 10 10
left_child=5 2 3 4 -2 6 -1 12 9 -9 11 -11 13 -8
right_child=1 -3 -4 -5 -6 -7 7 8 -10 10 -12 -13 -14 -15
leaf_value=-0.002008257720359299 0.042113407410181464 -0.03063373885621079 -0.0084227849731085443 0.082801292719162381 -0.016812262084884351 -0.033366139744907652 0.0011248079069361629 -0.0083949601726736166 -0.0035689065723069507 0.081721362235370743 0.014483606224638821 0.018187341627477493 0.034445892775917045 -0.023914991829658269
leaf_weight=8059.7019829750061 131.29601196199656 148.48355388641357 176.45923408865929 125.81007973849773 102.12592899054289 150.51355368643999 1042.417196713388 329.1132301017642 1100.7446757182479 158.43433643132448 1043.9682720899582 116.62795916944742 137.91208542883396 566.39389951527119
leaf_count=22608 394 375 484 326 299 409 2711 1009 3395 402 3041 353 332 1403
internal_value=0.000224768 0.0120608 0.0239299 0.0398013 0.0163707 -0.00041347 -1.58059e-05 0.0035559 0.00858221 0.0166948 0.0229566 0.054946 -0.00435459 -0.00770002
internal_weight=13390 684.175 535.691 359.232 233.422 12705.8 12555.3 4495.61 2748.89 1648.14 1319.03 275.062 1746.72 1608.81
internal_count=37541 1878 1503 1019 693 35663 35254 12646 8200 4805 3796 755 4446 4114
is_linear=0
shrinkage=0.05


Tree=223
num_leaves=15
num_cat=0
split_feature=12 13 30 3 3 31 18 81 9 39 52 11 0 33
split_gain=43.5883 91.8079 75.9206 34.4086 94.0771 69.6936 48.8108 45.5198 94.779 115.443 137.436 88.3807 86.0825 88.4087
threshold=0.72723982604441761 0.69172869247335156 0.61976447444526184 20.636666666666667 18.581666666666671 0.64593750000000016 5.7596153846153859 7.535000000000001 7.5295000000000005 27.362080766598222 250.81666666666669 0.14706525730780787 10.500000000000002 4.2761904761904761
decision_type=10 10 8 10 10 8 10 10 8 2 8 10 2 10
left_child=1 3 -2 4 6 -5 7 -1 -9 11 -11 12 13 -10
right_child=2 -3 -4 5 -6 -7 -8 8 9 10 -12 -13 -14 -15
leaf_value=-0.00088642655901594524 0.015092546985000966 0.035664208105513191 -0.042596401040312468 -0.038564833228474926 0.034213044764120987 0.010569181177371312 -0.02713519892003953 0.038399830712669232 -0.0085894885648008252 0.055303155474105276 -0.009788955489272555 0.032126865705008549 -0.035319652825340046 0.037007663957834488
leaf_weight=10641.594374880195 91.110451094806194 183.39775589853525 149.64855562895536 162.04494628310204 202.90964282304049 128.86865086108446 162.85070038586855 220.5585570037365 654.57222335040569 200.70538878440857 135.17655462026596 146.46417565643787 241.21375891566277 125.88233813643456
leaf_count=30174 353 529 494 413 502 330 680 552 1656 423 343 337 520 286
internal_value=0.000245958 0.000631059 -0.020793 0.000134995 0.000524101 -0.0168378 -2.4184e-05 0.000335008 0.0078681 0.00336818 0.0291554 -0.0040652 -0.00927996 -0.00119701
internal_weight=13447 13206.2 240.759 13022.8 12731.9 290.914 12529 12366.2 1724.57 1504.01 335.882 1168.13 1021.67 780.455
internal_count=37592 36745 847 36216 35473 743 34971 34291 4117 3565 766 2799 2462 1942
is_linear=0
shrinkage=0.05


Tree=224
num_leaves=15
num_cat=0
split_feature=79 13 7 52 36 6 83 28 50 3 39 39 14 77
split_gain=39.4686 59.4467 83.0851 57.3767 38.283 107.449 151.944 105.834 79.7867 73.7013 108.024 50.6777 50.1944 66.7077
threshold=-0.96360357762183535 0.51667520227965902 10.516650000000002 219.83333333333337 0.58007857192289436 9.6821927857741965 16.169137413167434 14.103233333333334 22.777350427350431 18.130303030303036 25.227926078028748 25.46748802190281 0.71519230769230779 0.62085904424275551
decision_type=8 10 8 10 10 8 2 8 10 10 2 2 10 10
left_child=1 2 3 -1 9 6 7 -6 -8 12 -11 -7 13 -2
right_child=4 -3 -4 -5 5 11 8 -9 -10 10 -12 -13 -14 -15
leaf_value=0.0078958040536002902 -7.5289559515061975e-07 0.014051828921829665 -0.043919355790633038 -0.020380841174892531 0.010383570942897109 -0.010023551945900301 0.05870229060736043 -0.037132861120957379 0.0056820526695519191 0.057802151642829494 -0.0024118084236854284 -0.047962995143735962 -0.027441195665579583 0.017572844991053629
leaf_weight=336.39892673492432 10104.585034303367 216.70642471313477 194.65780591964722 382.38604593276978 216.59960898756981 159.3488117530942 134.91531967371702 253.43191030621529 148.9599853605032 138.60805263370275 159.5126338750124 197.4521673694253 157.11364004015923 569.48910388350487
leaf_count=534 30007 344 309 607 556 510 327 598 409 443 480 397 393 1536
internal_value=-0.000508992 -0.00944498 -0.0150287 -0.00715449 0.000316793 -0.00853041 0.0021755 -0.0152608 0.0309982 0.00120043 0.0256837 -0.0310945 0.000524241 0.000938402
internal_weight=13370.2 1130.15 913.443 718.785 12240 1110.71 753.907 470.032 283.875 11129.3 298.121 356.801 10831.2 10674.1
internal_count=37450 1794 1450 1141 35656 2797 1890 1154 736 32859 923 907 31936 31543
is_linear=0
shrinkage=0.05


Tree=225
num_leaves=15
num_cat=0
split_feature=37 18 83 82 55 29 54 13 53 56 39 13 40 25
split_gain=49.1519 75.3943 107.645 56.521 55.0005 47.1479 68.6692 99.6328 129.875 128.776 99.9618 95.3385 83.8463 81.3288
threshold=4.5000000000000009 2.1180555555555558 5.3903298466585197 21.035000000000004 21.666360294117649 0.091229544297634385 24.190909090909095 0.47604175072011112 2.5166666666666671 4.2464435681408315 27.418206707734431 0.52749534371631646 2.5000000000000004 -0.10749999999999994
decision_type=10 10 2 10 2 10 10 8 10 2 2 8 2 10
left_child=3 2 4 5 -2 -1 7 9 10 12 -9 -8 -7 -10
right_child=1 -3 -4 -5 -6 6 11 8 13 -11 -12 -13 -14 -15
leaf_value=0.0025519524240288759 -0.017841515262706893 0.028678282144680406 -0.044790056300548192 0.037303363625547675 0.0025342816037717507 -0.081637088754857215 0.020973890195272741 -0.026517012639819506 -0.0083707859638331664 -0.004448527258664698 0.020565711518117594 -0.012963886836998242 -0.029372760432496054 0.039887627109161994
leaf_weight=9044.5818634480238 562.34863693267107 129.13239455968142 203.23998698592186 106.39348109066486 803.14253225177526 115.55267422646284 483.63593517243862 457.50700468569994 136.51984579116106 364.87740136682987 148.6646107211709 360.25957600772381 230.69857098162174 239.71382816880941
leaf_count=26281 1172 410 575 288 1935 328 1444 1161 349 1058 341 891 729 581
internal_value=4.21447e-05 -0.00790471 -0.0109324 0.00119709 -0.00586397 0.000862218 -0.00515942 -0.0109636 -0.000640552 -0.0252037 -0.014955 0.00648763 -0.0469995 0.0224008
internal_weight=13386.3 1697.86 1568.73 11688.4 1365.49 11582 2537.43 1693.53 982.405 711.129 606.172 843.896 346.251 376.234
internal_count=37543 4092 3682 33451 3107 33163 6882 4547 2432 2115 1502 2335 1057 930
is_linear=0
shrinkage=0.05


Tree=226
num_leaves=15
num_cat=0
split_feature=31 31 50 56 4 50 5 5 19 32 56 80 56 18
split_gain=48.9522 37.5133 46.298 78.7367 40.43 87.5851 41.7061 48.2197 52.7408 49.516 51.7982 95.2232 81.8679 69.8423
threshold=0.80611607142857145 0.77016666666666678 12.520000000000001 4.1915269032893159 22.232771357460305 22.135757575757584 22.116666666666671 20.650000000000002 19.522727272727277 0.069047619047619066 4.313188751307564 16.930000000000003 4.2998192697092525 3.4494949494949503
decision_type=10 10 8 2 10 10 10 10 10 10 2 10 2 10
left_child=1 2 3 -1 6 -6 7 8 9 10 11 12 13 -4
right_child=-2 -3 4 -5 5 -7 -8 -9 -10 -11 -12 -13 -14 -15
leaf_value=-0.0058464733793561719 -0.02968767045191353 0.025410269303310147 0.0027168056105230996 0.047028374278704495 -0.04824053957692321 0.011669170048444732 0.02955707114566903 -0.03368908556330321 -0.034615400881951884 0.030824369634274658 -0.0039716622095995564 0.046537127922026612 0.039327843625814679 -0.014405966589168921
leaf_weight=145.44731651991606 140.14705856144428 141.7183965370059 5678.1413585394621 135.11372096836567 132.56761092692614 111.70991981774569 114.03772336244583 108.71129923313856 110.57794138044119 127.22865153849125 5546.3060606271029 119.96041432023048 140.85884737968445 664.30976481735706
leaf_count=320 474 248 16368 359 338 363 322 302 367 364 14766 271 544 2208
internal_value=-0.000397365 -8.59672e-05 -0.00036297 0.0196938 -0.000802228 -0.0209075 -0.000411131 -0.00068696 -0.000394638 -8.36153e-05 -0.00040979 0.00258209 0.00176174 0.000921374
internal_weight=13416.8 13276.7 13135 280.561 12854.4 244.278 12610.1 12496.1 12387.4 12276.8 12149.6 6603.27 6483.31 6342.45
internal_count=37614 37140 36892 679 36213 701 35512 35190 34888 34521 34157 19391 19120 18576
is_linear=0
shrinkage=0.05


Tree=227
num_leaves=15
num_cat=0
split_feature=27 57 50 21 11 30 21 10 59 47 9 11 22 39
split_gain=36.6782 97.3211 160.417 150.223 119.333 107.82 107.235 104.604 102.911 62.9143 56.5517 79.9538 76.184 85.5166
threshold=14.97916666666667 234.18198529411768 18.305000000000003 4.5014792899408294 0.1601107425243509 0.61976447444526184 5.6672816728167286 0.11791422335148853 0.75000000000000011 0.57627603894845159 12.907166666666669 0.086582802462244604 0.88047619047619052 26.621492128678991
decision_type=10 2 8 8 10 10 8 8 2 2 10 10 10 2
left_child=10 3 -3 -2 7 6 -5 9 -9 -4 -1 -12 13 -13
right_child=1 2 4 5 -6 -7 -8 8 -10 -11 11 12 -14 -15
leaf_value=0.0008273031919143781 -0.016823369346858737 0.04165210102045995 -0.042679688598855146 0.084300769159428163 -0.056277986104964817 0.0044130271896031395 0.024589959481658135 0.056786448849158726 -0.012205664767318786 0.005815065079420206 -0.025810252631966429 0.013812566502707525 -0.029626148937094272 -0.022239304158056403
leaf_weight=10406.641276083887 176.25029652565718 154.56111902743578 169.7425024881959 152.55331392586231 136.26031628251076 162.54088835418224 149.6143379881978 108.02934161573648 106.6112600043416 109.59218505769968 501.02136722952127 652.33000771701336 196.84594085812569 218.86698159575462
leaf_count=29348 408 348 426 294 394 384 323 315 291 367 1520 2039 449 629
internal_value=0.000395641 0.0079737 -0.00383242 0.0224127 -0.0150355 0.0372979 0.0549144 -0.00356829 0.0226206 -0.0237007 -0.000507148 -0.00935263 -0.00161541 0.0047403
internal_weight=13401.5 1425.76 784.797 640.959 630.236 464.709 302.168 493.975 214.641 279.335 11975.7 1569.06 1068.04 871.197
internal_count=37535 3550 2141 1409 1793 1001 617 1399 606 793 33985 4637 3117 2668
is_linear=0
shrinkage=0.05


Tree=228
num_leaves=15
num_cat=0
split_feature=39 16 46 47 81 39 0 44 46 13 54 32 51 22
split_gain=59.795 48.044 39.5827 69.995 55.5459 48.3155 158.418 127.312 166.418 63.9943 55.3827 41.4575 41.937 189.412
threshold=21.353867214236825 0.095454545454545472 58.363970588235297 0.54476170641766475 6.995000000000001 22.514715947980839 10.500000000000002 0.5873118544528636 62.211397058823536 0.21562101337807674 20.861904761904764 0.069047619047619066 5.0031957900255071 0.63245614035087727
decision_type=2 10 2 2 8 2 2 8 2 8 8 10 10 10
left_child=-1 2 3 -2 -5 6 7 10 -9 -10 -4 12 -7 -14
right_child=1 -3 5 4 -6 11 -8 8 9 -11 -12 -13 13 -15
leaf_value=-0.02599306399438546 -0.048404190067985658 -0.028625527258466312 -0.04202022356342526 0.024192214803249453 -0.022704904053653857 -0.0011800294670756596 0.070033442868605342 0.075857758699791097 0.033167407539763778 -0.016828224313069209 -0.0018327144876430529 0.028079076294778266 -0.015933356209237425 0.02220858360273149
leaf_weight=219.00853794068098 111.61968158185482 141.08953347802162 132.62594309449196 116.63621950149536 135.29331928491592 10243.532503001392 104.1476082727313 111.65133586525917 105.99238909780979 158.33297907561064 239.44900480657816 131.261733032763 516.55062366276979 876.44973573833704
leaf_count=512 279 367 376 238 477 29107 288 329 359 507 667 459 1302 2202
internal_value=-0.000142337 0.000290978 0.000607388 -0.0156355 -0.000983064 0.00107651 0.0125657 0.00448191 0.0249693 0.00326908 -0.0162318 0.000243486 -7.28894e-05 0.00806355
internal_weight=13343.6 13124.6 12983.5 363.549 251.93 12620 852.199 748.052 375.977 264.325 372.075 11767.8 11636.5 1393
internal_count=37469 36957 36590 994 715 35596 2526 2238 1195 866 1043 33070 32611 3504
is_linear=0
shrinkage=0.05


Tree=229
num_leaves=15
num_cat=0
split_feature=31 30 54 54 45 73 51 43 47 58 54 41 73 80
split_gain=45.1585 58.821 123.97 118.016 93.5895 92.9094 113.174 76.1375 161.075 90.073 78.9613 64.1894 172.271 70.5206
threshold=0.82394117647058829 0.52721459313778862 16.845238095238098 18.75961538461539 29.516666666666669 16.500000000000004 5.0984820089955027 62.651515151515156 0.54201483638442416 23.514705882352946 25.861904761904764 24.500000000000004 11.500000000000002 14.005000000000001
decision_type=10 10 8 8 10 2 10 8 2 2 10 8 2 10
left_child=1 11 -3 -4 5 6 7 9 -9 -5 -10 12 -1 -13
right_child=-2 2 3 4 -6 -7 -8 8 10 -11 -12 13 -14 -15
leaf_value=-0.052433354218237763 -0.028788187668816675 -0.026225586963586341 0.056584487499310582 0.0081274266160550005 -0.032771747364833008 0.055365494741350177 0.054573989451307162 0.073080186514818235 -0.010543596589316064 -0.038771808757661418 0.040025370614085926 0.00093120599204152624 0.019386773675130739 -0.018074398059348087
leaf_weight=195.49987559020519 130.33386088907719 210.13697569072247 150.33212796598673 231.0557791441679 115.98931232839823 121.41219815611839 120.84584953635931 99.165262155234814 303.59528571367264 182.43164502829313 102.40285433828831 10801.206482455134 144.46794678270817 510.17894874513149
leaf_count=523 411 562 434 542 382 292 265 281 942 469 356 30527 368 1275
internal_value=0.000387201 0.000675493 0.00954626 0.0148278 0.00987123 0.0141563 0.00929456 0.00328532 0.0162938 -0.0126082 0.00227816 -0.00057183 -0.0219463 7.24717e-05
internal_weight=13419.1 13288.7 1637.37 1427.23 1276.9 1160.91 1039.5 918.651 505.163 413.487 405.998 11651.4 339.968 11311.4
internal_count=37629 37218 4525 3963 3529 3147 2855 2590 1579 1011 1298 32693 891 31802
is_linear=0
shrinkage=0.05


Tree=230
num_leaves=15
num_cat=0
split_feature=33 33 55 76 79 51 75 43 73 53 3 46 47 28
split_gain=36.0515 113.293 60.8651 58.3238 64.9993 120.892 115.237 70.8836 64.1095 90.1131 129.462 107.525 97.2013 94.1321
threshold=1.7777777777777777 1.7573529411764708 30.165625000000002 1.26688790560472 0.5471295017260619 4.3003906250000012 13.535000000000002 57.261363636363647 11.500000000000002 2.1055555555555561 18.130303030303036 61.211397058823536 0.57107630620178718 12.848143382352943
decision_type=8 10 2 10 10 10 8 8 2 10 8 2 2 8
left_child=1 -1 3 4 7 6 -6 -2 -9 -10 11 12 -11 -13
right_child=2 -3 -4 -5 5 -7 -8 8 9 10 -12 13 -14 -15
leaf_value=0.0016120367145343172 -0.021716710225109195 0.051868242275718936 -0.029501342125452714 -0.014614939689478268 0.06328858481216551 -0.012266706146560032 0.001128266940666166 -0.0057775884216947054 -0.0070820164824076937 0.058749902425480144 0.051655302873671607 -0.03012083156548568 0.0015019330878576623 0.0078916756626683689
leaf_weight=6760.5819141194224 409.07717465609312 113.03422487527132 204.850430727005 784.97841973602772 174.92669555544853 210.43173629045486 129.46522656083107 2355.096201620996 825.30141231417656 167.78027115762234 192.92679362744093 210.35138793289661 132.33751126378775 708.91332077980042
leaf_count=18861 983 245 593 1775 442 536 357 7098 2495 346 577 693 342 2211
internal_value=-7.90399e-05 0.00244591 -0.00274644 -0.00187216 -5.66223e-05 0.0168425 0.0369406 -0.00179904 -2.06092e-05 0.00603851 0.0137053 0.00766351 0.0335951 -0.000829842
internal_weight=13380.1 6873.62 6506.44 6301.59 5516.61 514.824 304.392 5001.78 4592.71 2237.61 1412.31 1219.38 300.118 919.265
internal_count=37554 19106 18448 17855 16080 1335 799 14745 13762 6664 4169 3592 688 2904
is_linear=0
shrinkage=0.05


Tree=231
num_leaves=15
num_cat=0
split_feature=47 83 47 25 22 43 73 51 82 21 53 52 17 7
split_gain=31.9535 64.4176 107.545 149.468 87.8556 99.6255 91.989 80.2092 69.6134 68.1849 73.5773 56.9134 71.8763 51.8359
threshold=0.54607692307692324 2.6459354038404457 0.5401568031207048 -0.0099999999999999655 0.70412457912457926 66.607692307692318 8.5000000000000018 4.3962193379376053 3.8550000000000004 6.0423292273236298 3.577380952380953 201.10000000000002 3.2583333333333337 7.5001500000000005
decision_type=2 2 2 10 8 10 2 10 10 10 10 8 10 10
left_child=1 -1 4 8 6 9 -3 -8 -4 10 11 -6 -13 -7
right_child=-2 2 3 -5 5 13 7 -9 -10 -11 -12 12 -14 -15
leaf_value=-0.0066035274862180958 -0.00096107587129422203 0.054884933995377055 0.029832711250782636 -0.0064202467616835115 -0.024179816564265714 -0.0025960051729908415 -0.01415059200794791 0.040190179827777929 0.082674304048612618 -0.01946128516459087 0.045361980358631045 0.0041522242530601505 0.044294750392035641 -0.046278715001917582
leaf_weight=947.73688611388206 9828.5290947407484 156.40044298768044 128.73690772801638 155.04666090011597 143.66954547911882 116.5026502981782 172.31366086006165 110.70138484984636 123.15423685312271 248.37602754682302 125.2960542216897 850.41362698376179 127.38925528526306 162.25269194692373
leaf_count=2498 28508 412 442 400 291 319 491 288 251 568 289 2056 337 411
internal_value=0.000510284 0.00456249 0.00860217 0.0321934 0.00425213 -0.000709986 0.0242401 0.00717148 0.0558927 0.00441134 0.00917894 0.00509959 0.00942195 -0.0280966
internal_weight=13396.5 3567.99 2620.25 406.938 2213.32 1773.9 439.415 283.015 251.891 1495.14 1246.77 1121.47 977.803 278.755
internal_count=37561 9053 6555 1093 5462 4271 1191 779 693 3541 2973 2684 2393 730
is_linear=0
shrinkage=0.05


Tree=232
num_leaves=15
num_cat=0
split_feature=31 80 54 19 10 11 77 36 43 48 53 30 12 54
split_gain=35.7154 40.8307 62.4274 50.5627 65.7591 41.6412 102.866 41.4707 85.2448 78.6163 66.3015 99.0937 66.8655 89.1901
threshold=0.80611607142857145 17.650000000000002 22.033333333333335 17.845238095238098 0.11658360410986952 0.17771511586466524 0.55685402478933077 0.47051599169591857 56.738636363636367 28.352941176470591 2.9045454545454548 0.51757568722389513 0.62653927458501157 24.258333333333336
decision_type=10 10 10 10 10 10 10 10 8 2 8 8 10 10
left_child=1 3 -3 5 -5 7 -7 -1 -9 10 12 -12 13 -10
right_child=-2 2 -4 4 -6 6 -8 8 9 -11 11 -13 -14 -15
leaf_value=0.00059350713296160143 -0.025036176060551935 0.0061954367998274008 -0.032224189497500215 0.0028213338547402877 0.049141901557615032 -0.015370318852284679 0.05970368132979214 -0.047482222311343879 -0.025538431419017502 0.028741944206015765 0.0017413773629193097 -0.046197701333917707 0.031617991340706197 0.014056804342273419
leaf_weight=10892.386904336512 144.1674712151289 188.70762240886688 238.66788910329342 210.63726376742125 119.54623133689165 87.317778863012791 93.820278435945511 126.57210882008076 306.76799393445253 154.31485154479742 196.59428880363703 237.47052965313196 136.23732683807611 263.52654726803303
leaf_count=30862 482 422 591 668 373 390 242 254 783 349 454 582 371 703
internal_value=-0.000370264 -0.000100069 -0.0152851 0.000407098 0.0196899 -0.00010399 0.0236285 -0.000454987 -0.00848404 -0.00463843 -0.00917579 -0.0245313 0.000279358 -0.00724935
internal_weight=13396.7 13252.6 427.376 12825.2 330.183 12495 181.138 12313.9 1421.48 1294.91 1140.6 434.065 706.532 570.295
internal_count=37526 37044 1013 36031 1041 34990 632 34358 3496 3242 2893 1036 1857 1486
is_linear=0
shrinkage=0.05


Tree=233
num_leaves=15
num_cat=0
split_feature=32 5 58 77 10 56 17 36 14 15 48 56 19 6
split_gain=46.8558 32.268 79.3634 42.4307 48.5352 29.9515 64.1714 65.5909 63.0896 59.2915 74.0456 51.3941 94.4278 49.5691
threshold=0.07417582417582419 23.250000000000004 22.468750000000004 0.83724714302703995 0.1044667909384968 4.9489862057503755 2.5166666666666671 0.36582657802403079 0.76045454545454561 0.29430076569983904 21.941176470588239 4.8239488953889333 11.345238095238097 3.7676607936330044
decision_type=10 10 2 10 8 2 10 10 10 8 2 2 8 8
left_child=1 3 -3 5 -5 8 7 9 11 -7 -11 -1 13 -13
right_child=-2 2 -4 4 -6 6 -8 -9 -10 10 -12 12 -14 -15
leaf_value=-0.00094200269602517895 0.030729309019974012 -0.0077840698980015544 0.045010336652559421 0.003966262767451479 -0.040307756752288752 -0.0044032047579133189 0.03595611335696914 -0.028623524895033794 0.024338515686573189 0.047788937755984744 0.0015225936542934216 -0.021537513058352054 -0.053877091563489334 0.01927058772970321
leaf_weight=10994.512088917196 121.22352987527847 156.1076769977808 129.47297529876232 109.22957633435726 141.36597666144371 422.04768717288971 167.72894448041916 142.73315739631653 238.24565465003252 163.68620786070824 182.24665594100952 162.7025528550148 130.44186823070049 135.45137323439121
leaf_count=31513 413 422 398 374 468 947 381 283 563 346 423 375 308 354
internal_value=-8.72859e-05 -0.000370967 0.0162247 -0.000737028 -0.0210705 -0.000335439 0.00763275 0.00238263 -0.00107293 0.00817501 0.0234892 -0.00160501 -0.0185708 -0.00299594
internal_weight=13397.2 13276 285.581 12990.4 250.596 12739.8 1078.44 910.714 11661.4 767.981 345.933 11423.1 428.596 298.154
internal_count=37568 37155 820 36335 842 35493 2380 1999 33113 1716 769 32550 1037 729
is_linear=0
shrinkage=0.05


Tree=234
num_leaves=15
num_cat=0
split_feature=41 56 14 47 41 29 6 77 21 33 51 41 30 80
split_gain=33.2019 60.6977 33.0742 82.239 95.6412 151.515 61.0578 67.7883 66.1441 46.0542 53.0285 52.052 49.2135 45.1447
threshold=234.50000000000003 4.3400239392812781 0.12519230769230774 0.58809141985833724 107.50000000000001 0.043302397953267992 0.8221752946227513 0.057267972535073368 4.8008620689655181 0.1291666666666666 4.5339080459770118 182.50000000000003 0.47149355006580074 0.37500000000000006
decision_type=10 2 10 2 8 10 10 8 8 8 10 8 8 8
left_child=2 -2 3 13 5 -5 9 -8 -9 11 12 -6 -11 -1
right_child=1 -3 -4 4 6 -7 7 8 -10 10 -12 -13 -14 -15
leaf_value=0.022250074703666058 0.0022424476183228095 -0.042191221202901891 -0.0014904436183791967 0.076435566017600667 0.044896852525455201 0.0044834347843119762 0.0023367923193861697 0.078646496730604032 0.016500095373204429 -0.014293073474781077 -0.028132675774833284 0.0033675372977661523 0.016913941851025599 -0.003858169224618747
leaf_weight=177.62613607943058 185.39215560257435 130.16936349868774 8903.4115235880017 137.14408838003874 105.68425313383341 155.83419919013977 162.10520131886005 84.494734294712543 87.117324769496918 237.19022656977177 199.31950691342354 258.35643973201513 268.04321457445621 2265.9902880042791
leaf_count=357 513 336 25146 410 323 429 468 314 347 807 590 793 873 5807
internal_value=-0.000162045 -0.0161619 0.000226283 0.00391869 0.012377 0.0383099 0.00693554 0.0255707 0.0473768 0.0010974 -0.00636297 0.0155138 0.002264 -0.00195204
internal_weight=13357.9 315.562 13042.3 4138.91 1695.29 292.978 1402.31 333.717 171.612 1068.59 704.553 364.041 505.233 2443.62
internal_count=37513 849 36664 11518 5354 839 4515 1129 661 3386 2270 1116 1680 6164
is_linear=0
shrinkage=0.05


Tree=235
num_leaves=15
num_cat=0
split_feature=81 46 22 13 20 73 12 15 79 79 51 41 9 5
split_gain=42.5834 36.4925 52.567 34.6934 96.4821 103.027 60.2272 46.9216 46.7187 56.4983 51.5973 56.3141 45.9916 73.0112
threshold=13.915000000000001 58.363970588235297 0.86715686274509818 0.68321858981226946 2.5227272727272729 12.500000000000002 0.63164874926444814 0.71016390569728516 -0.96360357762183535 -0.9114230010810136 4.5266785290628713 65.500000000000014 17.545833333333338 18.616666666666671
decision_type=10 2 8 10 10 2 10 10 8 8 10 10 10 10
left_child=1 2 -1 6 -5 -6 8 -8 10 -10 11 -3 13 -11
right_child=-2 3 -4 4 5 -7 7 -9 9 12 -12 -13 -14 -15
leaf_value=0.0058028803955598269 -0.030380561149763181 0.015743495682828904 -0.029386887606629289 -0.025799289427849988 0.054318709627347909 -0.0052164712292162539 -0.040700156595671361 0.00015739382585350635 0.024881618852225462 0.0018631967032561305 -0.022338860720968464 -0.013507608045779457 -0.01569454470347139 0.032924716092444198
leaf_weight=193.31342245638371 108.76568984985352 308.0507025718689 233.5487375408411 102.92991819232702 177.59831967949867 122.24443526566029 151.76094005256891 130.1144764944911 271.51299142837524 10256.153380453587 413.88407278060913 350.88801908493042 360.89259921014309 191.74524898082018
leaf_count=582 275 489 519 332 576 376 454 298 431 30387 657 557 986 519
internal_value=0.000634254 0.000890836 -0.0134742 0.00136949 0.0157936 0.0301098 0.00090106 -0.0219063 0.0014318 0.00239665 -0.00852623 0.000170278 0.00182959 0.00243635
internal_weight=13373.4 13264.6 426.862 12837.8 402.773 299.843 12435 281.875 12153.1 11080.3 1072.82 658.939 10808.8 10447.9
internal_count=37438 37163 1101 36062 1284 952 34778 752 34026 32323 1703 1046 31892 30906
is_linear=0
shrinkage=0.05


Tree=236
num_leaves=15
num_cat=0
split_feature=16 32 27 56 44 82 25 73 54 77 79 56 30 11
split_gain=62.653 64.0815 39.3542 136.569 117.679 74.7497 43.4633 39.6658 57.4528 82.3712 85.1673 92.7404 103.292 49.4429
threshold=0.10555555555555557 0.069047619047619066 18.655128205128211 4.1915269032893159 0.56034817150697147 17.625000000000004 -0.090584415584415559 3.5000000000000004 32.63333333333334 0.0086141378724225916 -0.24218496738897852 4.6569360812796168 0.15563406706811464 0.18523393145880573
decision_type=10 10 10 2 10 10 8 2 8 8 8 2 10 10
left_child=1 2 5 -4 -5 6 -1 -8 13 -10 -11 12 -12 -9
right_child=-2 -3 3 4 -6 -7 7 8 9 10 11 -13 -14 -15
leaf_value=-0.0080675751958489469 -0.035924760510012796 0.034127882630429603 -0.022828276184789963 0.076373753537323785 0.0037904273401203866 -0.027375114896771698 -0.0078809454234521209 0.00076899496333837213 -0.014957589070858103 0.056693888467882425 -0.0037322824485506432 -0.024136873624467925 0.059778676645658939 0.032491903546493707
leaf_weight=1412.0527267679572 118.3252677321434 138.91086531430483 136.7037116214633 112.01753677427769 110.60067831724882 249.854378297925 1074.654178455472 9202.0824949294329 162.15865874290466 155.30880580842495 122.19193444401026 116.66172140836716 133.21719794720411 123.49108999967575
leaf_count=3951 311 481 400 256 349 583 2688 26072 487 348 452 272 442 421
internal_value=0.000143752 0.000468541 0.000109345 0.0164049 0.0404913 -0.000351089 0.000191144 0.00124335 0.00222311 0.0161394 0.0257113 0.0126613 0.0294979 0.00119251
internal_weight=13368.2 13249.9 13111 359.322 222.618 12751.7 12501.8 11089.8 10015.1 689.538 527.38 372.071 255.409 9325.57
internal_count=37513 37202 36721 1005 605 35716 35133 31182 28494 2001 1514 1166 894 26493
is_linear=0
shrinkage=0.05


Tree=237
num_leaves=15
num_cat=0
split_feature=48 77 54 6 27 6 28 57 30 9 12 36 79 48
split_gain=48.6718 104.625 38.5539 35.7698 70.2666 70.2316 62.5362 88.7271 89.9455 100.851 84.2815 137.849 72.0868 52.2313
threshold=15.029411764705884 0.42056789829516422 11.182539682539684 7.5745652323662744 18.655128205128211 7.858861013388946 14.000641666666668 266.43750000000006 0.58897159963995682 17.349000000000004 0.52245523252955273 0.32218446898869629 -1.0000000180025095e-35 22.545955882352946
decision_type=2 8 8 10 10 10 8 2 10 10 10 10 8 2
left_child=1 -1 -2 4 -4 -5 10 8 9 13 11 -7 -13 -8
right_child=2 -3 3 5 -6 6 7 -9 -10 -11 -12 12 -14 -15
leaf_value=-0.0088947807854288762 -0.023277811250387536 0.058263442796217493 -0.00011903835704012649 -0.035782603050072942 0.028764364608569779 0.029502087138487804 -0.021602057494786206 -0.046276164700622791 0.023809067859792594 -0.05190294055000895 0.043827412696054092 -0.053389037886123994 -0.0031316325436979127 0.020735885495520585
leaf_weight=124.9861191213131 188.54880624264479 106.83095327019691 11119.364399597049 192.59171505272388 213.63232950121164 211.58450435101986 144.26463213562965 159.63904697448015 191.83188098669052 140.31953506916761 129.23261449486017 117.87786115705967 178.80044662207365 145.12601411342621
leaf_count=277 597 379 31020 520 555 697 287 536 494 333 445 375 538 393
internal_value=-0.000489567 0.0221718 -0.000891238 -0.000563378 0.000427917 -0.00753168 -0.00367399 -0.0131497 -0.00458076 -0.0172804 0.00793992 -0.0012531 -0.0232125 -0.000371784
internal_weight=13364.6 231.817 13132.8 12944.3 11333 1611.27 1418.68 781.181 621.542 429.71 637.495 508.263 296.678 289.391
internal_count=37446 656 36790 36193 31575 4618 4098 2043 1507 1013 2055 1610 913 680
is_linear=0
shrinkage=0.05


Tree=238
num_leaves=15
num_cat=0
split_feature=33 14 33 70 22 51 58 83 33 58 58 52 30 31
split_gain=42.1718 100.796 88.7284 72.7371 90.5091 66.5558 66.3362 54.7995 61.7281 155.73 164.673 127.517 65.7759 73.8697
threshold=4.4450549450549453 0.75207142857142861 4.2761904761904761 0.016636141636141639 0.84680573663624525 4.4437432867884006 21.454044117647062 19.029141952668116 3.5339366515837107 27.205882352941178 23.426470588235297 255.23611111111114 0.62613763175020909 0.53303571428571439
decision_type=10 10 10 2 10 10 2 2 10 2 2 8 10 10
left_child=2 3 7 4 5 6 -2 8 12 10 11 -10 13 -1
right_child=1 -3 -4 -5 -6 -7 -8 -9 9 -11 -12 -13 -14 -15
leaf_value=-0.00080393907814440787 0.0011191191936033686 0.02136080066926804 0.045038179759053887 0.014450907575887344 0.0024265871015162186 -0.072245357693482601 -0.048440559624340032 -0.031696587964403014 -0.0095212568032845904 -0.034917431708443102 0.073505582648517212 0.054154693660754316 -0.027091202753677587 0.012797186889181539
leaf_weight=10334.844254866242 119.44165378063917 194.73225904256105 111.68456073105335 129.74168932437897 179.43259061872959 115.19964086264372 154.1930331364274 130.01472406834364 252.04796121269464 120.17025637626648 142.78271132707596 113.11995488405228 219.00394695997238 1104.0195189416409
leaf_count=29415 307 496 292 379 390 294 442 385 608 308 442 377 771 2717
internal_value=0.000121677 -0.0103716 0.000870214 -0.0192423 -0.0269468 -0.0404729 -0.0268824 0.000469319 0.000812262 0.0160679 0.0281749 0.010298 -1.10147e-05 0.000509775
internal_weight=13420.4 892.741 12527.7 698.009 568.267 388.834 273.635 12416 12286 628.121 507.951 365.168 11657.9 11438.9
internal_count=37623 2308 35315 1812 1433 1043 749 35023 34638 1735 1427 985 32903 32132
is_linear=0
shrinkage=0.05


Tree=239
num_leaves=15
num_cat=0
split_feature=20 4 47 30 58 69 32 1 55 32 45 45 79 22
split_gain=43.4162 84.7183 102.693 96.7644 40.3901 58.4537 41.9237 41.321 45.1891 41.8066 44.8364 74.6223 71.3192 62.8115
threshold=-2.673787117638918e-16 5.2719228127013187 0.56365940444833107 0.27925162698483569 15.181985294117649 0.083140053904671607 0.07417582417582419 3.5000000000000004 25.378051470588236 1.0000000180025095e-35 17.43650793650794 18.645833333333339 -0.28942931766636104 0.78817016317016331
decision_type=8 10 2 10 2 2 10 10 2 10 8 8 8 10
left_child=1 3 -3 -1 5 -2 7 9 -9 10 13 12 -12 -6
right_child=4 2 -4 -5 6 -7 -8 8 -10 -11 11 -13 -14 -15
leaf_value=0.012298131701796312 -0.0024737359702698392 0.073314166554382151 0.011971550809989016 -0.04092350620885403 0.00098629261439415138 -0.043237002871981241 0.030376321507218525 -0.022201148105023931 0.01329720054569756 -0.020440910057621497 0.047114226491901251 0.0014007064977812286 0.0077406089181265058 -0.019421079865680604
leaf_weight=320.25711200386286 271.36638287454844 101.43368262797594 205.82070307433605 115.33193188160658 1020.4590740278363 129.20746803283691 114.67273509502411 383.36775061488152 116.18474642187357 227.50019972771406 171.91076564788818 9306.3266752064228 344.97938620299101 596.9379523769021
leaf_count=809 716 310 717 352 2959 292 391 990 366 543 325 26130 1225 1501
internal_value=0.000595567 0.0123359 0.0323947 -0.00185494 -9.29856e-05 -0.0156971 0.00041716 0.000132341 -0.013935 0.000735753 0.00115861 0.00242884 0.0209014 -0.00655287
internal_weight=13425.8 742.843 307.254 435.589 12682.9 400.574 12282.3 12167.7 499.552 11668.1 11440.6 9823.22 516.89 1617.4
internal_count=37626 2188 1027 1161 35438 1008 34430 34039 1356 32683 32140 27680 1550 4460
is_linear=0
shrinkage=0.05


Tree=240
num_leaves=15
num_cat=0
split_feature=18 53 53 12 17 58 56 58 26 25 41 73 3 31
split_gain=45.3496 75.1117 64.4194 170.359 90.823 114.13 163.061 102.103 104.907 100.139 91.0302 82.7615 73.9345 72.9645
threshold=3.4365079365079372 4.0871212121212128 4.0801282051282053 0.2275231347175197 1.9642857142857146 20.97058823529412 4.1417553506555054 28.483455882352946 16.500000000000004 -0.0033974358974359349 104.50000000000001 15.500000000000002 16.103571428571431 0.53303571428571439
decision_type=10 10 10 10 10 2 2 2 2 10 8 2 10 10
left_child=2 -2 4 -4 12 6 10 8 11 -8 -6 -7 13 -1
right_child=1 -3 3 -5 5 7 9 -9 -10 -11 -12 -13 -14 -15
leaf_value=-0.001247427063760754 -0.00979470124288607 0.033236452256060409 0.0023928778477480695 -0.062598120405807173 0.029395790539864627 -0.0040534869846345573 0.029351969087353571 0.037414418607669836 0.037602226763085965 -0.02836004229680944 0.087972973173769189 -0.047544203456368561 -0.039614869512287973 0.015122455243956945
leaf_weight=8466.2528403550386 1900.3422172144055 106.15774075686932 331.8991683870554 143.78885148465633 134.30667573213577 567.19919346272945 180.04629687964916 170.37504960596561 122.02368313074112 127.54874373972416 133.00448195636272 134.5956142321229 117.88878777623177 739.21554137766361
leaf_count=23699 5863 285 829 359 336 1746 444 446 201 310 376 379 331 1949
internal_value=-0.000574485 -0.00750263 0.0006489 -0.0173424 0.00143612 0.0125613 0.0302734 0.00229894 -0.0049999 0.00540649 0.058761 -0.0124503 -0.000437367 6.86035e-05
internal_weight=13374.6 2006.5 11368.1 475.688 10892.5 1569.1 574.906 994.194 823.818 307.595 267.311 701.795 9323.36 9205.47
internal_count=37553 6148 31405 1188 30217 4238 1466 2772 2326 754 712 2125 25979 25648
is_linear=0
shrinkage=0.05


Tree=241
num_leaves=15
num_cat=0
split_feature=20 48 20 56 14 57 20 28 48 56 58 53 48 48
split_gain=36.2659 89.0194 210.497 80.0152 87.3086 64.0895 49.3325 49.2022 31.3188 104.534 88.7474 96.1951 65.7089 66.3414
threshold=4.9160839160839176 25.454044117647062 6.6969696969696972 4.3534726587052175 0.65035714285714297 257.94301470588238 4.6410256410256414 14.103233333333334 16.454044117647062 4.5359814385150825 23.63602941176471 2.4226190476190479 19.121323529411768 18.264705882352946
decision_type=10 2 10 2 10 2 10 10 2 2 2 10 2 2
left_child=6 3 -3 5 -5 7 8 -2 9 10 11 -1 13 -10
right_child=1 2 -4 4 -6 -7 -8 -9 12 -11 -12 -13 -14 -15
leaf_value=-0.010526416289176527 -0.0091628710709349449 0.057833146065128696 -0.023442997853079794 -0.0067301627965190361 0.050905226042021148 0.016553451850539719 -0.033225207750673856 -0.052591219553654325 -0.0025572774520917704 0.048348367018009555 -0.033915817775612152 0.04261288949517026 0.0013328908670499967 -0.022248439714831675
leaf_weight=187.73055682331324 138.9350748732686 231.25465657562017 120.56866316497326 143.53054081648588 119.8713244497776 104.25515783578157 110.33569498360157 122.79006667435169 1395.3813150525093 143.81402609497309 137.43864072859287 154.41278221458197 9688.0605685934424 616.02507755160332
leaf_count=397 398 582 325 408 292 451 304 284 4072 343 373 334 27456 1566
internal_value=0.000638887 0.00988817 0.0299926 -0.00137991 0.0195924 -0.0164863 -9.17854e-05 -0.0296602 0.000207555 0.0111183 -0.000123451 0.0135102 -0.000374713 -0.00859607
internal_weight=13414.4 981.205 351.823 629.382 263.402 365.98 12433.2 261.725 12322.9 623.396 479.582 342.143 11699.5 2011.41
internal_count=37585 2740 907 1833 700 1133 34845 682 34541 1447 1104 731 33094 5638
is_linear=0
shrinkage=0.05


Tree=242
num_leaves=15
num_cat=0
split_feature=13 54 55 30 3 3 36 32 36 55 27 18 77 46
split_gain=50.353 124.818 149.621 99.8963 59.7316 73.178 50.798 63.6184 46.2726 52.3949 122.999 67.4102 86.6268 66.8979
threshold=0.67751848219959554 22.408333333333335 21.90275735294118 0.61976447444526184 20.636666666666667 18.581666666666671 0.43014548247400802 0.080128205128205135 0.44523308624468511 22.400367647058829 14.97916666666667 3.7817460317460321 0.65333392603129459 61.970588235294123
decision_type=10 8 2 8 10 10 10 8 10 2 10 10 10 2
left_child=4 2 -2 -3 5 6 -1 8 -8 11 13 12 -10 -11
right_child=1 3 -4 -5 -6 -7 7 -9 9 10 -12 -13 -14 -15
leaf_value=-0.00032733124222852938 0.085381348819291769 0.029270053950244537 0.0041751689157141034 -0.033852018922901454 -0.024502246459800453 0.029320377074951293 -0.040067140375351432 0.017612178466166757 -0.012027872182396961 0.0087703306264610963 0.029385251776689349 0.0022737002942632713 -0.052672753816587939 -0.029741638466084588
leaf_weight=10567.31010890007 104.32353049516678 102.56666174530983 123.15916668623686 157.89698748290539 279.85447515547276 192.53878958523273 138.63833796232939 195.13405573368073 320.4292214512825 184.049979172647 235.62510591000319 258.89918802678585 221.80868627130985 288.61922445893288
leaf_count=30060 303 357 411 486 717 459 359 537 790 468 585 579 405 893
internal_value=-0.00109873 0.0146508 0.041627 -0.00897862 -0.00169634 -0.00118802 -0.00166366 -0.00932066 -0.0125183 -0.00996314 -5.2887e-05 -0.0187139 -0.0287205 -0.0147588
internal_weight=13370.9 487.946 227.483 260.464 12882.9 12603.1 12410.5 1843.2 1648.07 1509.43 708.294 801.137 542.238 472.669
internal_count=37409 1557 714 843 35852 35135 34676 4616 4079 3720 1946 1774 1195 1361
is_linear=0
shrinkage=0.05


Tree=243
num_leaves=15
num_cat=0
split_feature=15 31 24 58 50 30 8 58 83 75 28 3 31 53
split_gain=34.0629 30.5966 66.575 67.6084 86.6386 66.5161 52.5194 44.0457 69.788 91.2785 97.1227 63.7133 62.4634 159.252
threshold=0.85009812417174302 0.6975128205128206 1.1535000000000009 21.031250000000004 24.022649572649577 0.66147490938023423 20.012801526925603 27.205882352941178 14.288265344243891 11.625000000000002 2.8097895927601813 9.5679487179487204 0.51689903846153851 3.7207792207792214
decision_type=10 10 10 2 8 10 10 2 2 10 10 10 10 10
left_child=1 5 3 -3 -5 6 7 12 9 10 -9 -12 -1 -14
right_child=-2 2 -4 4 -6 -7 -8 8 -10 -11 11 -13 13 -15
leaf_value=-0.00072189789037595156 0.025238055750377204 -0.043079077997727921 0.020683252517374309 0.015004315702827647 -0.037202824115540024 0.035783483631458175 -0.031156290849593572 0.0032769960956482245 -0.039311415431462361 0.027695322305695009 -0.026645490479310807 0.010918002231164819 0.01580434485989134 -0.038054093118847866
leaf_weight=8818.0587404295802 124.0609370470047 191.01272513717413 127.66924402117729 199.170872785151 130.82071474939585 124.50713043659925 139.86445387452841 888.62188617140055 154.65440405905247 196.57503181695938 691.43195625394583 134.29979591816664 1345.5340910628438 151.87440249323845
leaf_count=25828 454 445 319 464 335 394 443 2295 331 432 1735 411 3453 342
internal_value=-0.000734786 -0.000979045 -0.0115614 -0.0194872 -0.00574237 -0.000435332 -0.000798318 -0.000452886 -0.00711551 -0.00449065 -0.00819522 -0.0205302 0.000881807 0.01032
internal_weight=13418.2 13294.1 648.674 521.004 329.992 12645.4 12520.9 12381.1 2065.58 1910.93 1714.35 825.732 10315.5 1497.41
internal_count=37681 37227 1563 1244 799 35664 35270 34827 5204 4873 4441 2146 29623 3795
is_linear=0
shrinkage=0.05


Tree=244
num_leaves=15
num_cat=0
split_feature=75 75 6 46 81 19 55 79 45 55 19 57 21 14
split_gain=56.873 38.3195 62.825 122.741 54.055 72.0576 126.907 90.7343 67.0722 93.4007 58.4794 71.4551 63.8889 61.8987
threshold=20.965000000000003 18.535000000000004 10.114089136741125 62.181985294117659 9.4650000000000016 17.038461538461544 20.754411764705885 -0.48869430908458056 20.809090909090912 23.215625000000003 14.759615384615387 237.94117647058826 4.7660956065211391 0.6805000000000001
decision_type=10 10 10 2 10 10 2 10 8 2 10 2 10 10
left_child=1 2 4 -4 5 10 -7 -8 -6 -10 13 -12 -13 -1
right_child=-2 -3 3 -5 8 6 7 -9 9 -11 11 12 -14 -15
leaf_value=-0.00017774208980452747 0.030554333718181437 -0.020096510784451932 -0.012728675152048261 0.041867403181325771 0.008366906916716094 0.071732647223649471 -0.037272120517941751 0.028818545088425098 -0.042729546141015907 0.0020195686473778677 0.0022480140750388788 -0.011987458660214678 -0.061632879366697785 0.029286114900274982
leaf_weight=10851.431808918715 149.56428590416908 240.20549786090851 176.65672961622477 244.47830228507519 227.01320315897465 94.996815972030163 85.168726898729801 129.71182310581207 285.99569447338581 196.25927145779133 246.76952402293682 139.14855258911848 121.29465157538652 180.23214510083199
leaf_count=30730 389 552 503 771 526 272 398 341 588 546 569 460 333 488
internal_value=-2.11381e-06 -0.000350115 1.68516e-05 0.0189897 -0.000620866 0.000182247 0.0239366 0.00257195 -0.0140187 -0.0245519 -0.000457696 -0.0170409 -0.0352558 0.000306241
internal_weight=13368.9 13219.4 12979.2 421.135 12558 11848.8 309.877 214.881 709.268 482.255 11538.9 507.213 260.443 11031.7
internal_count=37466 37077 36525 1274 35251 33591 1011 739 1660 1134 32580 1362 793 31218
is_linear=0
shrinkage=0.05


Tree=245
num_leaves=15
num_cat=0
split_feature=19 81 56 33 33 27 45 77 56 41 36 77 80 27
split_gain=42.4238 52.1634 41.0602 94.2011 85.6737 103.27 96.48 108.861 79.5177 108.692 80.5066 63.8048 81.4262 71.782
threshold=19.866071428571434 11.735000000000001 4.1619899560577531 6.1176470588235299 5.9411764705882364 17.76636029411765 15.035714285714286 0.17805486803312995 4.1406347717323344 100.00000000000001 0.6846006699387206 0.57907244419270054 13.725000000000003 15.903365384615386
decision_type=10 8 2 10 10 10 8 10 2 10 10 8 8 8
left_child=2 -2 4 -4 5 6 7 -1 10 -10 11 -8 -13 -14
right_child=1 -3 3 -5 -6 -7 8 -9 9 -11 -12 12 13 -15
leaf_value=0.0036648077282648915 -0.04841169462846126 0.0027741320038440504 -0.0026526568964381301 0.040292630245566403 -0.039786468643953944 0.051955329389395045 -0.0027286873491586244 0.06459306158589477 0.0016613347193783783 0.057200322200141068 -0.038336039332731699 0.03843015357843664 -0.0034136579330149037 0.026459549657174505
leaf_weight=161.74908632040024 99.021449506282806 98.876854278147221 7814.1266744807363 128.81558810174465 109.59744340181351 112.04199446737766 2988.8487797528505 133.28041951358318 216.18713508546352 147.74758742749691 131.74117335677147 218.23299814760685 731.00057406723499 276.30604144185781
leaf_count=580 225 409 21408 318 235 351 6975 289 609 451 301 583 3521 1303
internal_value=-3.26621e-05 -0.0229521 0.000313461 -0.0019512 0.00375473 0.00469488 0.00362676 0.0313145 0.00188617 0.0243036 3.82271e-06 0.00121113 0.010814 0.00479873
internal_weight=13367.6 197.898 13169.7 7942.94 5226.73 5117.14 5005.09 295.03 4710.06 363.935 4346.13 4214.39 1225.54 1007.31
internal_count=37558 634 36924 21726 15198 14963 14612 869 13743 1060 12683 12382 5407 4824
is_linear=0
shrinkage=0.05


Tree=246
num_leaves=15
num_cat=0
split_feature=48 20 14 51 12 48 27 57 43 24 27 56 73 56
split_gain=38.849 118.828 105.574 107.948 128.189 89.4729 71.2323 92.876 58.7371 52.38 47.079 45.393 144.424 53.2903
threshold=28.123161764705888 4.8166666666666673 0.55679487179487197 4.1490795824447195 0.078660252196249295 28.972426470588239 11.840769230769231 239.03125000000003 63.809090909090919 2.079916666666668 5.3757352941176482 5.220595385532774 9.5000000000000018 4.9275163838010423
decision_type=2 10 10 10 10 2 8 2 8 8 10 2 2 2
left_child=11 2 3 4 8 -6 7 -5 -2 -9 -10 13 -13 -1
right_child=1 -3 -4 6 5 -7 -8 9 10 -11 -12 12 -14 -15
leaf_value=-0.0013449740479611878 -0.020722523450753278 0.048035998500193265 -0.03321133755474228 0.026093550238899282 0.077411670644820879 0.022725154715937834 -0.029332465784189094 0.0059459245804893519 0.001230749143129573 -0.036605525024855527 0.041595475516969252 -0.051502928297053108 0.0094084874064537943 0.013557470733606048
leaf_weight=10523.110974885523 161.39444255083799 157.87097088247538 180.69291304796934 249.01051479578018 125.70998907089233 185.62267078459263 231.59411411732435 142.90481653809547 191.74098280072212 144.93250239640474 114.96549439430237 174.69019830226898 217.5757731795311 635.15485434234142
leaf_count=30512 367 445 435 544 303 555 590 403 528 393 294 313 423 1529
internal_value=2.63967e-06 0.00665323 0.00284813 0.0070763 0.0201753 0.0449836 -0.00621903 0.00378801 0.00361464 -0.0155322 0.016447 -0.00108402 -0.0177796 -0.000495553
internal_weight=13437 1886.44 1728.57 1547.88 779.434 311.333 768.442 536.848 468.101 287.837 306.706 11550.5 392.266 11158.3
internal_count=37634 4857 4412 3977 2047 858 1930 1340 1189 796 822 32777 736 32041
is_linear=0
shrinkage=0.05


Tree=247
num_leaves=15
num_cat=0
split_feature=44 25 31 9 48 59 12 6 73 28 69 58 56 50
split_gain=38.7507 104.113 74.448 117.495 108.153 102.586 79.2195 62.7602 105.853 84.2306 81.3527 101.216 114.678 86.5179
threshold=0.54584243085880646 -0.15166666666666664 0.53966666666666685 16.835833333333337 25.121323529411768 0.75000000000000011 0.39249979841848831 5.3183252340347513 17.500000000000004 2.5608928571428575 0.10466488668621156 19.665441176470591 3.9977064220183491 22.003571428571433
decision_type=8 8 10 8 2 2 10 10 2 8 2 2 2 10
left_child=1 -1 6 4 -4 -5 -3 -2 9 -9 11 12 -11 -12
right_child=7 2 3 5 -6 -7 -8 8 -10 10 13 -13 -14 -15
leaf_value=0.038905715469047551 0.00044783707109798262 0.0017359856731269504 0.015397458344421567 0.022656383994830241 0.070120212957096792 -0.041559912636285251 -0.023137987333641356 0.038966092456303322 -0.048290143654768247 0.048891056407887074 0.02952382216475942 -0.021076773075402896 -0.0093744198937869578 -0.0092233582992706769
leaf_weight=201.09745202958584 7016.4437748119235 2680.2876635491848 266.78854254633188 122.4689027145505 136.09989275038242 124.40792887657881 362.49468284100294 98.235178455710411 157.99772283434868 118.57642169296741 256.97382646054029 1217.7894652411342 286.68551848083735 325.49461231380701
leaf_count=497 20328 6745 654 327 262 306 918 363 312 370 699 3830 838 1033
internal_value=-0.000237296 0.0039616 0.00204852 0.0173982 0.0340112 -0.00974106 -0.00123394 -0.00196244 -0.00882956 -0.00610347 -0.00812765 -0.0138781 0.00775198 0.00789245
internal_weight=13371.8 3893.65 3692.55 649.765 402.888 246.877 3042.78 9478.2 2461.75 2303.76 2205.52 1623.05 405.262 582.468
internal_count=37482 9709 9212 1549 916 633 7663 27773 7445 7133 6770 5038 1208 1732
is_linear=0
shrinkage=0.05


Tree=248
num_leaves=15
num_cat=0
split_feature=19 19 33 43 13 3 83 6 48 59 46 56 56 54
split_gain=44.3952 67.7038 51.6137 45.0267 56.2509 35.7497 34.593 32.4187 111.563 100.849 154.085 133.303 127.598 148.499
threshold=19.720779220779225 18.516666666666669 4.3693181818181825 70.267857142857153 0.20744226466067542 10.505000000000001 4.2147231772010239 6.768788526021182 22.323529411764707 1.0000000180025095e-35 62.906250000000007 4.2891495860817228 4.1145315673105589 24.320512820512821
decision_type=10 10 8 10 10 10 2 10 2 2 2 2 2 10
left_child=1 3 -2 7 6 -6 -5 -1 -9 12 -11 -12 -10 -14
right_child=2 -3 -4 4 5 -7 -8 8 9 10 11 -13 13 -15
leaf_value=0.0015742186305705596 -0.0011213398972984949 0.030673753559125518 -0.049896921832337765 -0.015486941996857304 -0.055504473589459695 -0.014011399045908816 0.020892296038855056 -0.018290814796350339 -0.010910007114838291 -0.045369912399540385 0.041522869627913184 -0.018773244220834366 0.010427558319222664 0.078556642373106611
leaf_weight=10502.736489512026 125.07749959081411 180.14468399435282 94.827474422752857 151.68726192414761 102.54458475857973 105.92103829234838 113.23665339499712 907.66199528425932 191.30200497806072 191.95691339671612 173.31183417886496 192.44794648885727 181.70137748867273 142.38139995932579
leaf_count=28908 352 555 344 514 324 308 398 2506 589 470 582 625 556 419
internal_value=-5.63149e-05 0.000317446 -0.022285 -0.000106944 -0.0152265 -0.0345895 8.27576e-05 0.000467582 -0.00539805 0.00551393 -0.00921425 0.00983282 0.0214388 0.0405087
internal_weight=13356.9 13137 219.905 12956.9 473.39 208.466 264.924 12483.5 1980.76 1073.1 557.717 365.76 515.385 324.083
internal_count=37450 36754 696 36199 1544 632 912 34655 5747 3241 1677 1207 1564 975
is_linear=0
shrinkage=0.05


Tree=249
num_leaves=15
num_cat=0
split_feature=73 14 48 48 15 55 21 27 81 58 4 41 20 14
split_gain=41.1053 92.1817 191.243 181.03 146.266 144.163 194.985 158.878 116.565 90.624 86.5811 117.236 78.5662 84.7615
threshold=13.500000000000002 0.44055555555555564 20.029411764705888 21.181985294117649 0.54559176695810796 24.478860294117649 4.5387620192307701 11.840769230769231 9.6150000000000002 22.150735294117649 4.2208678618757558 60.500000000000007 0.52272727272727293 0.2434848484848485
decision_type=2 8 2 2 8 2 10 10 8 2 10 8 10 10
left_child=-1 10 4 -4 -3 6 -5 -7 -8 -6 12 -12 -2 -14
right_child=1 2 3 5 9 7 8 -9 -10 -11 11 -13 13 -15
leaf_value=-0.0017315986384870985 -0.00050393972955606358 -0.00036348338993687359 -0.049706216904833955 -0.010794968845000008 0.090616379912612177 0.021004298051321937 0.080679707465934183 -0.058508222362877484 0.024037690507552691 0.033946890242595042 0.031747019794035804 -0.021131716017016775 0.010141383161407093 0.06121410414761172
leaf_weight=9341.7408602535725 1389.7362756431103 133.34257479757071 140.56192793697119 244.99072779715061 145.32363835722208 118.82328540086746 149.09943497180939 131.37479405850172 233.34618041664362 139.90266682207584 120.41347463428974 769.63605822622776 287.75275444239378 112.49060163646936
leaf_count=26342 3646 351 389 670 374 421 332 387 595 389 415 2311 794 312
internal_value=0.000102763 0.00426467 0.0144785 0.00276977 0.0428862 0.0112213 0.0240083 -0.0208131 0.0462728 0.0630359 -0.00121432 -0.0139502 0.00512274 0.0246124
internal_weight=13458.5 4116.79 1436.77 1018.2 418.569 877.634 627.436 250.198 382.446 285.226 2680.03 890.05 1789.98 400.243
internal_count=37728 11386 3908 2794 1114 2405 1597 808 927 763 7478 2726 4752 1106
is_linear=0
shrinkage=0.05


Tree=250
num_leaves=15
num_cat=0
split_feature=5 9 3 31 30 59 77 27 77 27 27 51 59 50
split_gain=39.8635 76.2127 40.4785 39.7928 38.745 59.2838 32.5685 83.2278 53.2157 106.662 101.452 193.268 87.5569 81.1937
threshold=23.250000000000004 20.838000000000005 20.636666666666667 0.80611607142857145 0.68099168135653165 1.0000000180025095e-35 0.82943055129987997 10.867307692307694 0.5834828765421961 13.348295454545458 11.713333333333335 4.6084087481146314 0.75000000000000011 22.986607142857149
decision_type=10 10 10 10 10 2 10 10 10 10 10 10 2 8
left_child=2 -2 3 4 6 -6 8 -8 9 10 -1 12 -12 -11
right_child=1 -3 -4 -5 5 -7 7 -9 -10 13 11 -13 -14 -15
leaf_value=-0.00074710454694147904 0.041713866264084028 -0.0096105301535999374 -0.024358740187070183 -0.028248674824992132 0.05019121744448627 -0.0052779618615103226 0.0094831930853452352 -0.05079573385373326 0.0093862550689897753 -0.037469927281708809 0.030684221866139706 0.079566663358404788 -0.017395460943593746 -0.0025882865119935781
leaf_weight=9768.0498840883374 158.07131893932819 132.074971139431 171.63758669048548 122.35153866559267 95.616836406290531 95.719681590795517 121.95907971262932 106.51374916732311 1422.5397422462702 337.11561074852943 178.23162299394608 113.06373503804207 199.80400025844574 329.62637320160866
leaf_count=27932 444 413 461 356 297 303 439 302 3002 1033 500 293 546 1135
internal_value=9.9668e-05 0.0183982 -0.000308167 1.39299e-05 0.000286947 0.0225586 -5.36446e-05 -0.0187177 0.000293168 -0.000891493 0.000368774 0.0225202 0.00529371 -0.0202547
internal_weight=13352.4 290.146 13062.2 12890.6 12768.2 191.337 12576.9 228.473 12348.4 10925.9 10259.1 491.099 378.036 666.742
internal_count=37456 857 36599 36138 35782 600 35182 741 34441 31439 29271 1339 1046 2168
is_linear=0
shrinkage=0.05


Tree=251
num_leaves=15
num_cat=0
split_feature=81 45 46 79 39 43 6 17 80 39 39 56 46 13
split_gain=29.6737 102.465 64.0459 34.7372 79.166 78.1192 81.3791 68.1851 70.7975 45.6074 124.554 228.678 98.2219 111.921
threshold=1.4750000000000003 21.966666666666672 62.588235294117659 -0.62152319281471813 29.987679671457908 60.480769230769234 4.0180213112515348 2.3038461538461541 11.875000000000002 27.57152635181383 27.201916495550993 4.0102233132720952 67.060661764705898 0.13876081743008403
decision_type=8 10 2 8 2 10 10 10 10 2 2 2 2 8
left_child=1 2 -1 4 5 6 -2 -7 -9 10 -5 -12 -11 -14
right_child=3 -3 -4 9 -6 7 -8 8 -10 12 11 -13 13 -15
leaf_value=0.055674020606933661 0.020626475747084035 -0.010137525201084222 0.0084586171083546029 0.00094659126276817006 0.024761504936710602 -0.025237242177758162 -0.0139641587163823 0.023414036142192965 -0.020651991846817559 -0.0079544356297525272 0.086620526992549282 0.0079748292540956604 -0.017673630423785638 0.056832215345413176
leaf_weight=143.8226725757122 353.09288096427917 282.32211367785931 143.32629236578941 7641.4856144711375 184.57843732833862 818.79120790958405 326.16206800937653 176.54644048213959 186.31082880496979 2379.5819204002619 119.50453583151102 397.8054916113615 82.312405906617641 127.49258889257908
leaf_count=283 577 602 336 23544 305 1413 529 302 310 6804 408 1082 385 569
internal_value=8.14174e-05 0.0112389 0.0322183 -0.000416064 -0.00638666 -0.00948781 0.00402076 -0.0172499 0.000793545 0.000720686 0.00255556 0.026275 -0.00505951 0.0276563
internal_weight=13363.1 569.471 287.149 12793.7 2045.48 1860.9 679.255 1181.65 362.857 10748.2 8158.8 517.31 2589.39 209.805
internal_count=37449 1221 619 36228 3436 3131 1106 2025 612 32792 25034 1490 7758 954
is_linear=0
shrinkage=0.05


Tree=252
num_leaves=15
num_cat=0
split_feature=4 4 28 63 19 53 44 0 36 27 51 18 2 75
split_gain=37.2806 103.962 87.62 73.7974 73.1564 75.0261 72.8972 96.5336 82.4973 101.219 93.1497 86.7004 80.0583 132.104
threshold=4.0992671635397047 3.0979831639441557 14.566785714285716 1.0000000180025095e-35 3.8397435897435903 4.6833333333333345 0.53823518372555657 10.500000000000002 0.43014548247400802 17.380357142857147 4.2386082830878733 2.5505050505050506 1.0000000180025095e-35 8.6750000000000025
decision_type=10 10 8 2 8 8 10 2 10 10 10 10 2 8
left_child=1 -1 3 -3 -2 6 7 8 11 10 -10 12 13 -6
right_child=4 2 -4 -5 5 -7 -8 -9 9 -11 -12 -13 -14 -15
leaf_value=0.00072899579702780191 -0.0170762623212285 -0.00071431163872258136 0.054633556665372979 0.038959022013194303 0.057733101535027469 -0.038929585128209453 -0.0032795096437463881 0.036144162934777853 0.0023113289224033786 0.026249663716429429 -0.046136373056676207 0.047501007810862868 -0.014782373324981208 -0.012429144408751282
leaf_weight=6441.4378512352705 762.40301720052958 375.43902122229338 151.02608888596296 169.39928057044744 139.82197651267052 123.50365590304136 3880.9214394465089 279.69862540066242 184.07585361599922 134.47220499813557 213.97860994189978 157.71344402432442 254.13997104018927 127.56983658671379
leaf_count=17624 2515 1041 441 420 328 321 11319 626 441 304 470 508 668 458
internal_value=0.000244009 0.0027138 0.0210592 0.0116696 -0.00257266 -0.000557946 0.000331244 0.00972261 0.00359927 -0.0111231 -0.0237826 0.0151409 0.00528294 0.0243378
internal_weight=13395.6 7137.3 695.864 544.838 6258.3 5495.9 5372.39 1491.47 1211.77 532.527 398.054 679.245 521.532 267.392
internal_count=37484 19526 1902 1461 17958 15443 15122 3803 3177 1215 911 1962 1454 786
is_linear=0
shrinkage=0.05


Tree=253
num_leaves=15
num_cat=0
split_feature=53 41 13 20 14 44 44 76 29 48 47 41 46 30
split_gain=43.1003 68.6347 170.144 66.764 94.3452 72.5441 78.3226 193.54 81.5784 82.5474 142.246 130.369 129.101 71.0252
threshold=2.5166666666666671 200.50000000000003 0.15235164867961257 -5.3528610115855756e-17 0.80585714285714294 0.65792121147940286 0.61582873662524096 1.1005045941612157 0.13661298451809029 25.058823529411768 0.50213309787154958 64.000000000000014 63.909926470588239 0.20749926026929741
decision_type=10 10 8 8 10 8 10 10 10 2 2 8 2 8
left_child=-1 3 -3 -2 5 6 8 -8 9 -5 -11 -12 13 -13
right_child=1 2 -4 4 -6 -7 7 -9 -10 10 11 12 -14 -15
leaf_value=-0.0021576956666502518 0.016461307169328997 -0.0025289655680890599 0.071492841001171911 -0.0070838531222966435 0.043692948717269336 -0.026268333702178126 0.0027816732144923268 0.07480481065785842 -0.037200883942981246 -0.025082648289144777 0.072476767794713501 0.013418498518053799 -0.008427343883629812 0.070380797336706102
leaf_weight=8514.863929823041 689.04199261963367 202.59360058605671 124.79349640011787 1841.3962812647223 116.42826431244612 279.66267854720354 490.14575452357531 114.22190846502781 166.16687133908272 196.7869843095541 110.93488000333309 109.86147755384445 299.1162107437849 109.20141366869211
leaf_count=23946 1978 553 316 4932 349 945 1668 283 472 373 312 321 853 294
internal_value=-1.47744e-05 0.00374682 0.0258185 0.00214385 -0.000432937 -0.0018263 0.00016909 0.0164947 -0.0033177 -0.00119369 0.0119315 0.0235309 0.0129329 0.0420046
internal_weight=13365.2 4850.35 327.387 4522.96 3833.92 3717.49 3437.83 604.368 2833.46 2667.3 825.901 629.114 518.179 219.063
internal_count=37595 13649 869 12780 10802 10453 9508 1951 7557 7085 2153 1780 1468 615
is_linear=0
shrinkage=0.05


Tree=254
num_leaves=15
num_cat=0
split_feature=41 75 75 43 19 55 29 29 48 19 55 59 20 36
split_gain=47.2088 47.7917 51.5639 41.6887 61.7361 34.0948 118.592 88.4996 84.437 88.9987 74.1287 71.5783 134.252 90.0822
threshold=3.5000000000000004 20.010000000000002 18.535000000000004 71.633928571428584 8.1742424242424256 25.246875000000006 0.17162116317905826 0.14133716460352053 19.424632352941178 2.8819444444444451 25.393933823529416 1.0000000180025095e-35 4.0666666666666682 0.39388333287791238
decision_type=8 10 10 10 10 2 8 10 2 10 2 2 10 10
left_child=-1 2 3 5 -5 -2 7 10 9 -8 -7 12 13 -12
right_child=1 -3 -4 4 -6 6 8 -9 -10 -11 11 -13 -14 -15
leaf_value=0.033442891039435832 -0.00055397550736763506 0.025343134631950689 -0.02760183912976031 -0.001136295771228532 -0.047713263513419923 0.047823324890719887 -0.0054718317375453979 0.059709138379408978 -0.0013197891767213151 -0.072402086534813004 0.017934864524959713 -0.0024920820435029457 0.073140455574488325 -0.022475658228240311
leaf_weight=108.14104098081589 9740.9905756115913 188.668173417449 165.28984723985195 200.48776625096798 109.31836408376694 116.1805065125227 96.518468260765076 89.296816557645798 483.33053463697433 101.71090949326754 743.77118037641048 1010.3553911745548 93.326410628855228 168.34835524857044
leaf_count=251 25694 461 377 667 316 536 319 333 1673 313 2491 3329 305 508
internal_value=0.00069268 0.00042405 6.37752e-05 0.000418895 -0.0176721 0.000863533 0.00561879 0.0112161 -0.0126133 -0.0400046 0.00915798 0.0069069 0.0163449 0.0104599
internal_weight=13415.7 13307.6 13118.9 12953.6 309.806 12643.8 2902.84 2221.28 681.56 198.229 2131.98 2015.8 1005.45 912.12
internal_count=37573 37322 36861 36484 983 35501 9807 7502 2305 632 7169 6633 3304 2999
is_linear=0
shrinkage=0.05


Tree=255
num_leaves=15
num_cat=0
split_feature=30 57 30 53 19 55 47 22 19 11 0 80 53 30
split_gain=53.4772 121.07 90.8277 130.349 71.1481 90.8253 85.3767 80.5285 77.6312 73.5488 68.317 65.6336 50.6326 79.7318
threshold=0.55990799295103633 203.00000000000003 0.52721459313778862 2.0333333333333337 16.160256410256412 19.732352941176476 0.56957953842072695 0.67694497153700206 14.174242424242426 0.11551733637935808 7.5000000000000009 12.645000000000001 1.6794871794871797 0.45088015459849484
decision_type=10 2 10 8 10 2 2 10 10 10 2 8 8 10
left_child=2 -2 12 -4 5 -3 -7 -8 11 10 -6 -9 13 -1
right_child=1 4 3 -5 9 6 7 8 -10 -11 -12 -13 -14 -15
leaf_value=-0.0032935127870994045 -0.048578428436150123 -0.043630889786575582 0.063678214873078148 0.003067057026731085 -0.030249240316248396 -0.030143767586226347 -0.027695138499455721 0.011643511232515476 -0.011040916732960171 0.033960077468988333 0.021260827794567158 0.07043642560390731 0.0023110128467094607 -0.038262342329150316
leaf_weight=2133.1440676376224 167.81560409069061 180.85324957221746 139.73818232119083 240.21370747685432 135.31020049005747 196.61000553518534 103.77052477002144 91.655010744929314 105.4334944486618 208.79945208132267 121.01462909579277 98.530755266547203 9219.1014237627387 175.52267199009657
leaf_count=6350 377 401 425 685 414 511 396 223 322 542 329 385 25584 453
internal_value=0.000356116 -0.00884864 0.00144655 0.0254672 -0.0034456 -0.0126997 -0.00325636 0.0100219 0.0233103 0.0120046 -0.00594248 0.0423118 0.000652695 -0.00596753
internal_weight=13317.5 1409.79 11907.7 379.952 1241.98 776.853 596 399.39 295.619 465.124 256.325 190.186 11527.8 2308.67
internal_count=37397 3900 33497 1110 3523 2238 1837 1326 930 1285 743 608 32387 6803
is_linear=0
shrinkage=0.05


Tree=256
num_leaves=15
num_cat=0
split_feature=12 43 13 54 74 15 24 80 10 10 25 81 6 55
split_gain=42.9413 70.9401 51.8164 160.411 35.8312 57.7343 52.0017 63.2439 62.5011 55.4072 54.4914 44.4497 78.5247 73.8041
threshold=0.72723982604441761 60.422619047619058 0.68321858981226946 22.408333333333335 2.5000000000000004 0.70008049883729162 4.3045 16.575000000000003 0.14742380717605294 0.094687828915439101 0.21100000000000008 5.9250000000000007 7.2528995081278724 24.421139705882357
decision_type=10 10 10 10 2 10 10 10 10 10 10 10 8 2
left_child=2 -2 4 -4 5 11 7 -6 -9 10 -8 -1 13 -13
right_child=1 -3 3 -5 6 -7 9 8 -10 -11 -12 12 -14 -15
leaf_value=-0.0051371208969768108 -0.055947151761466613 0.00051783797958323955 0.065367819761064219 -0.020573653929252162 0.0021629329241811125 -0.028880588221222449 -0.019878345663857901 0.050066963069560357 0.0024904194950053546 -0.03801557895961262 0.017352926907349513 0.031434269724818782 -0.0074624907933320663 -0.0076279236889044907
leaf_weight=3354.5490593090653 89.266651920974255 144.89933571964502 113.40063481777906 102.6414245814085 7416.4409966617823 212.9533531293273 213.89164942502975 138.55626331269741 136.8158460855484 155.70289602130651 180.12032929807901 390.91291390359402 523.43277806043625 174.39619760215282
leaf_count=9843 280 571 323 317 20908 499 583 277 324 460 542 852 1251 460
internal_value=2.32386e-05 -0.0211536 0.000402966 0.0246304 -4.7304e-06 -0.00351043 0.00197608 0.0030384 0.0265236 -0.0128667 -0.00285744 -0.00228829 0.00648595 0.0193915
internal_weight=13348 234.166 13113.8 216.042 12897.8 4656.24 8241.53 7691.81 275.372 549.715 394.012 4443.29 1088.74 565.309
internal_count=37490 851 36639 640 35999 12905 23094 21509 601 1585 1125 12406 2563 1312
is_linear=0
shrinkage=0.05


Tree=257
num_leaves=15
num_cat=0
split_feature=80 45 69 7 83 29 29 55 19 36 57 41 25 53
split_gain=53.409 71.2291 60.6542 62.6313 58.8652 78.8392 110.409 73.0163 47.1421 59.0324 43.536 85.4829 113.612 100.246
threshold=14.005000000000001 25.211111111111112 0.098401595515097098 17.28228632478633 19.029141952668116 0.1482954264006679 0.090973090312699248 21.751654411764708 18.038461538461544 0.55745400096591491 275.06250000000006 118.00000000000001 -0.095857142857142849 2.0741758241758248
decision_type=10 8 2 10 2 10 8 2 10 8 2 10 10 10
left_child=8 4 3 -3 5 6 -2 -8 10 -10 -1 -12 -13 -14
right_child=1 2 -4 -5 -6 -7 7 -9 9 -11 11 12 13 -15
leaf_value=0.0017232980150859809 0.028083358851917914 -0.027747172888671463 -0.049524941259346714 0.014313483334762685 -0.030554173832354044 0.039266640984385107 0.0054530561578999878 -0.039629681121891663 -0.0044257536497387543 0.057238292890543344 -0.014626840802701019 -0.011636127560986547 0.0013619317237708467 0.058918106398597694
leaf_weight=10009.357296481729 187.72688122093678 248.79115192592144 159.20191127061844 136.30129663646221 133.74786803126335 137.70401927828789 164.62876309454441 196.06337958574295 73.296278521418571 81.176372639834881 1185.8924948498607 344.74556514620781 150.4462208673358 151.27278715372086
leaf_count=26867 457 551 366 366 332 305 339 475 327 347 4381 1257 571 529
internal_value=-0.000281168 -0.00965208 -0.0236564 -0.0128615 -0.000337398 0.00558874 -0.00292362 -0.0190946 0.000785176 0.0281388 0.000426008 -0.00665759 0.00796143 0.0303182
internal_weight=13360.4 1364.17 544.294 385.092 819.871 686.123 548.419 360.692 11996.2 154.473 11841.7 1832.36 646.465 301.719
internal_count=37470 3191 1283 917 1908 1576 1271 814 34279 674 33605 6738 2357 1100
is_linear=0
shrinkage=0.05


Tree=258
num_leaves=15
num_cat=0
split_feature=52 55 45 27 27 47 73 28 20 48 50 56 81 4
split_gain=45.1174 35.6725 58.8272 83.0182 122.688 98.2927 92.1935 121.125 84.8658 59.1946 57.1453 79.2605 56.2486 117.768
threshold=147.63888888888894 21.236397058823531 22.809090909090912 5.6568627450980404 11.129375000000001 0.5914559152116744 7.5000000000000009 3.0986527777777781 2.1909090909090914 20.363970588235297 15.834523809523811 4.660096489557545 8.9850000000000012 15.124284288253397
decision_type=8 2 8 10 10 2 2 8 10 2 8 2 10 10
left_child=-1 2 3 6 9 8 7 -2 -6 -5 11 -3 13 -4
right_child=1 10 12 4 5 -7 -8 -9 -10 -11 -12 -13 -14 -15
leaf_value=0.023689561035173858 -0.011965490059674403 -0.0028397017382109611 0.0012307865575536356 -0.063835632419819141 -0.014812901320584413 -0.039507647656929559 -0.0099930180405160413 0.04909394576776898 0.037447919562604973 -0.02295728712419896 0.0028432367158040439 -0.050361768089336151 -0.017188287818576158 0.046448486730061717
leaf_weight=202.69094847142696 149.76549436897039 330.78388474136591 2068.1386729031801 184.65127889066935 157.79564119130373 140.37360774725676 895.95251785963774 175.63711298257113 151.24079772084951 172.65166249126196 8122.4482418224216 118.48323893547058 348.87990592420101 153.77671398967505
leaf_count=434 356 964 4962 404 338 367 2113 444 312 515 24939 265 704 398
internal_value=0.00033759 -2.35602e-05 -0.00357568 -0.00994034 -0.022377 -0.00496539 -0.00171426 0.021041 0.0108016 -0.0442021 0.00188241 -0.0154565 0.00144723 0.00437975
internal_weight=13373.3 13170.6 4598.86 2028.07 806.713 449.41 1221.36 325.403 309.036 357.303 8571.72 449.267 2570.8 2221.92
internal_count=37515 37081 10913 4849 1936 1017 2913 800 650 919 26168 1229 6064 5360
is_linear=0
shrinkage=0.05


Tree=259
num_leaves=15
num_cat=0
split_feature=75 82 50 44 46 81 77 52 0 45 77 29 79 45
split_gain=26.5122 58.2106 27.8972 67.4201 63.3948 59.0441 33.8021 84.2869 103.529 106.93 56.7666 72.6097 106.087 104.741
threshold=0.29500000000000004 0.36500000000000005 16.16833333333334 0.6386680609275196 64.393382352941188 2.6350000000000002 0.78724475106581504 202.29670329670333 8.5000000000000018 22.483333333333338 0.5834828765421961 0.14099899572120556 -0.52621754854150438 24.851648351648354
decision_type=8 8 8 10 2 10 10 10 2 10 10 8 10 10
left_child=-1 -2 3 4 -3 -6 10 -8 9 -9 -4 12 -12 -14
right_child=1 2 6 -5 5 -7 7 8 -10 -11 11 -13 13 -15
leaf_value=-0.012491636651541432 0.02689429664941817 -0.022822659240152317 0.00032223260767078651 0.02150021706618312 -0.015213178410437997 0.034625193300159111 -0.04734588803216961 -0.0099739454955057941 -0.030486031142702083 0.0574374884381747 -0.0093034590872358835 -0.0057730367446978386 0.040220241142532601 0.0016969481160942013
leaf_weight=378.91708566248417 210.99399590492249 561.93229511380196 9760.1449222266674 163.11167546361685 126.9630334302783 110.04709047079086 122.69527168571949 127.10808637738228 164.10168148577213 108.11041375994682 266.03709179162979 463.16350696980953 520.45754323899746 266.81876531243324
leaf_count=856 513 1195 28987 487 384 259 282 381 429 347 460 994 1184 617
internal_value=0.000527523 0.000908761 0.000477024 -0.00770556 -0.0136876 0.00797572 0.00114482 -0.0112816 -0.000109937 0.0211215 0.00172102 0.0107175 0.0179674 0.0271829
internal_weight=13350.6 12971.7 12760.7 962.054 798.942 237.01 11798.6 522.015 399.32 235.219 11276.6 1516.48 1053.31 787.276
internal_count=37375 36519 36006 2325 1838 643 33681 1439 1157 728 32242 3255 2261 1801
is_linear=0
shrinkage=0.05


Tree=260
num_leaves=15
num_cat=0
split_feature=24 26 33 39 52 58 51 54 59 43 43 76 54 53
split_gain=36.5566 59.2749 65.322 73.439 50.8706 44.2247 31.8647 33.6283 69.1135 68.2873 40.8716 36.0419 51.422 49.8839
threshold=-4.3770499999999997 16.500000000000004 5.2678571428571432 25.509924709103355 225.67948717948721 21.60661764705883 5.8555595068752977 32.236111111111121 0.75000000000000011 63.345238095238102 63.966666666666676 1.9050694813241285 24.408333333333335 2.4833333333333338
decision_type=8 2 8 2 10 2 10 10 2 10 10 10 10 10
left_child=1 2 3 5 -5 -1 7 11 9 -9 -10 -2 13 -13
right_child=6 -3 -4 4 -6 -7 -8 8 10 -11 -12 12 -14 -15
leaf_value=0.052282469687182725 -0.00060006979271960963 -0.044208416463972507 -0.036399400878052775 -0.041611235044876745 0.0035855345315464709 0.0050660962419060915 -0.020588757959688331 0.05660060991888273 -0.025123796170710838 0.0013395083437522054 0.018573096472703672 -0.01703592978039908 0.03658065840743762 0.021692431709819476
leaf_weight=89.913315333425999 11558.77096042037 114.97643700242043 129.09988661110401 99.622797623276711 162.91418176144361 109.64275559782982 181.40194126963615 130.55593303591013 122.99378754198551 97.300339490175247 93.207180075347424 168.2536760866642 158.31942051649094 162.4428346157074
leaf_count=294 32452 192 381 234 553 393 439 379 382 330 334 372 368 369
internal_value=-0.000458729 -0.0115224 -0.00510168 0.00370202 -0.0136577 0.0264948 0.000158616 0.000461525 0.0139585 0.0331117 -0.00628669 -3.70644e-05 0.0132446 0.00199604
internal_weight=13379.4 706.169 591.193 462.093 262.537 199.556 12673.2 12491.8 444.057 227.856 216.201 12047.8 489.016 330.697
internal_count=37472 2047 1855 1474 787 687 35425 34986 1425 709 716 33561 1109 741
is_linear=0
shrinkage=0.05


Tree=261
num_leaves=15
num_cat=0
split_feature=57 57 41 41 52 5 47 76 52 41 0 76 5 28
split_gain=39.7428 95.534 114.637 87.4442 102.194 79.9491 74.3561 71.8866 64.8859 81.2416 75.5726 59.0025 58.6989 65.9089
threshold=275.83272058823536 269.52205882352945 35.500000000000007 112.50000000000001 220.69696969696972 23.250000000000004 0.57177042047298043 0.78715043695380793 255.23611111111114 62.500000000000007 7.5000000000000009 0.85397700313162317 16.216666666666672 15.136031250000002
decision_type=2 2 10 10 8 10 2 10 8 10 2 8 10 10
left_child=1 5 6 8 -5 12 -3 -4 9 10 -2 -10 -1 -14
right_child=3 2 7 4 -6 -7 -8 -9 11 -11 -12 -13 13 -15
leaf_value=0.00069687897930273619 -1.7848278234336469e-05 -0.043920306783249506 0.02343525692492919 0.058115424850528098 0.00050960216532159458 0.029315332297361885 0.019840703779876786 0.075295601695769016 -0.033596322699566659 -0.067128983113193041 -0.050228410564846143 0.00025765247770385486 -0.024957364199980098 0.003742836033975524
leaf_weight=9811.3499170169234 217.1089723855257 78.86389321833849 179.36248868703842 87.095482476055622 610.87188010662794 230.58174552023411 106.03798444569111 106.88675029575825 157.37890221178532 108.50849386304617 113.44308646023273 686.82298319786787 486.31720098108053 338.93666192144156
leaf_count=25633 626 270 807 225 2234 627 450 313 501 285 304 2994 1265 811
internal_value=6.66487e-05 0.00120848 0.0232263 -0.00646524 0.00777077 0.000251844 -0.00744445 0.0429949 -0.0142082 -0.0297763 -0.0173493 -0.0060858 -0.000380895 -0.0131798
internal_weight=13319.6 11338.3 471.151 1981.23 697.967 10867.2 184.902 286.249 1283.26 439.061 330.552 844.202 10636.6 825.254
internal_count=37345 30176 1840 7169 2459 28336 720 1120 4710 1215 930 3495 27709 2076
is_linear=0
shrinkage=0.05


Tree=262
num_leaves=15
num_cat=0
split_feature=51 56 40 0 20 45 22 48 22 20 70 33 56 36
split_gain=34.9596 116.076 174.874 128.337 114.271 86.3246 116.934 126.074 64.9213 56.9437 48.3756 78.9516 85.3852 63.4787
threshold=4.8622844827586214 4.0102233132720952 3.5000000000000004 5.5000000000000009 3.3095238095238098 21.45804195804196 0.78606102635228858 22.029411764705888 0.78065486134313411 -1.3723590165505405e-16 0.002597840755735493 3.861904761904762 4.3241067675493907 0.53604873193204539
decision_type=10 2 2 2 10 10 10 2 8 8 2 10 2 10
left_child=10 2 -2 4 9 8 7 -7 -5 -3 -1 13 -13 -12
right_child=1 3 -4 5 -6 6 -8 -9 -10 -11 11 12 -14 -15
leaf_value=-0.0031858131953132226 0.0012664090655241035 0.023762184013573939 0.070362627107975015 0.019810636711355186 -0.053236248109394126 0.04433288748223748 0.051512653971905291 -0.022271959115104985 -0.027529003938330739 -0.0097446177830925913 0.0037274875153329745 0.049132839113801827 -0.0033621602897964706 -0.021222671666416629
leaf_weight=7571.8673330098391 210.09374030679464 150.22880907356739 161.36874029785395 129.4468042626977 136.04248410463333 120.30480175465345 258.82449742406607 170.5283482298255 161.91404270380735 784.61645442247391 2906.0621512234211 187.73831225186586 131.17859641462564 278.43948940187693
leaf_count=21560 538 402 364 363 361 290 570 442 404 2086 8527 497 351 729
internal_value=0.000223375 0.00585524 0.0313911 0.000880079 -0.0105959 0.015488 0.0271344 0.00533702 -0.00650096 -0.00434047 -0.000938159 0.00391917 0.0275973 0.00153997
internal_weight=13358.7 2283.37 371.462 1911.91 1070.89 841.018 549.658 290.833 291.361 934.845 11075.3 3503.42 318.917 3184.5
internal_count=37484 5820 902 4918 2849 2069 1302 732 767 2488 31664 10104 848 9256
is_linear=0
shrinkage=0.05


Tree=263
num_leaves=15
num_cat=0
split_feature=66 18 6 14 46 81 22 41 41 56 47 79 55 58
split_gain=35.7029 110.753 110.141 95.5249 114.913 89.7151 83.3839 65.9121 61.1598 57.4367 60.4904 54.6954 58.6354 44.8933
threshold=6.5000000000000009 4.4807692307692317 7.2056494928327748 0.33563492063492067 65.757352941176478 3.7550000000000003 0.78979857050032498 119.50000000000001 5.0000000000000009 4.4651705473199721 0.58417704423311578 0.30591166030098249 23.003125000000001 16.941176470588239
decision_type=2 10 10 8 2 10 10 8 8 2 2 10 2 2
left_child=1 2 3 7 5 11 -4 -1 -2 10 -9 12 -5 -10
right_child=8 -3 6 4 -6 -7 -8 9 13 -11 -12 -13 -14 -15
leaf_value=-0.02871889893076475 -0.029226306479793986 0.048171557611250526 -0.059385274443352593 0.0073189931619713133 -0.020811514570102621 0.050942074603782785 -0.0027942979316372372 -0.0031979568696180963 0.011189194310178325 -0.017893357150000656 0.031588813423639305 -0.015370725121013959 0.056679432701335943 -0.0012948972955787697
leaf_weight=197.63752047717571 186.33756525069475 145.2619021832943 112.10202398896217 158.70895227044821 137.57141269743443 275.66412107646465 153.59030195325613 266.7468030154705 773.7278898358345 212.31386490911245 233.84331195801497 114.53525802493095 96.247428737580776 10216.710420332849
leaf_count=512 583 478 332 442 448 550 383 697 2079 618 717 196 356 28975
internal_value=0.000227012 0.00620013 0.00306486 0.00776475 0.0205619 0.0294029 -0.0268045 -0.00324656 -0.000897986 0.00384544 0.0130828 0.0132391 0.0261015 -0.000415078
internal_weight=13281 2104.22 1958.96 1693.27 782.727 645.156 265.692 910.542 11176.8 712.904 500.59 369.492 254.956 10990.4
internal_count=37366 5729 5251 4536 1992 1544 715 2544 31637 2032 1414 994 798 31054
is_linear=0
shrinkage=0.05


Tree=264
num_leaves=15
num_cat=0
split_feature=14 73 71 58 58 48 41 33 4 56 58 24 30 51
split_gain=41.4835 70.9528 71.08 78.8734 39.7812 111.621 100.739 88.8213 114.495 97.4835 61.3446 42.6814 133.009 83.5754
threshold=0.12292857142857144 17.500000000000004 0.30597121505256564 20.393382352941178 17.514705882352946 25.485294117647062 113.50000000000001 1.8397435897435896 7.8092692146111267 4.1619899560577531 17.911764705882359 -2.2749374999999996 0.32012279765815282 3.8431787969425062
decision_type=10 2 2 2 2 2 8 8 10 2 2 8 10 10
left_child=1 2 -1 -4 5 7 -7 8 -2 -9 -6 12 13 -12
right_child=4 -3 3 -5 10 6 -8 9 -10 -11 11 -13 -14 -15
leaf_value=0.00033641750145349558 -0.0227010633733165 0.035788079995335335 0.059497712747142731 0.0072751874891342876 0.027691823563330577 0.051070225390090596 -0.010545621711995253 -0.014734366817149767 0.039215535437093565 -0.066244254607449218 -0.03142777916106293 -0.00020775825943709168 -0.024830426979082523 0.014322713918724601
leaf_weight=3721.9869339838624 248.13440813869238 163.59140253067017 107.55017830431461 217.53477215021849 178.2117355465889 113.98159113526344 156.1525167003274 194.33387444168329 105.62548592686653 174.45332802087069 120.76769613474607 6588.8228562027216 716.42808644473553 553.42267384380102
leaf_count=10355 694 309 305 649 499 342 482 534 321 520 396 18557 1931 1602
internal_value=-0.000499589 0.00360695 0.0022976 0.0246818 -0.00238946 -0.0118351 0.0155453 -0.0220789 -0.0041556 -0.0392142 -0.00123874 -0.00188826 -0.00984472 0.00609302
internal_weight=13361 4210.66 4047.07 325.085 9150.33 992.681 270.134 722.547 353.76 368.787 8157.65 7979.44 1390.62 674.19
internal_count=37496 11618 11309 954 25878 2893 824 2069 1015 1054 22985 22486 3929 1998
is_linear=0
shrinkage=0.05


Tree=265
num_leaves=15
num_cat=0
split_feature=50 20 54 75 56 67 14 52 9 52 54 22 76 27
split_gain=38.8544 40.1784 75.5727 43.5462 36.1974 74.8634 57.8867 44.7439 72.2848 43.2686 55.9931 52.2317 83.1418 99.4848
threshold=10.912500000000003 7.1833333333333327 21.966666666666672 20.965000000000003 4.9872965352245062 1.0000000180025095e-35 0.4968333333333334 259.03333333333336 5.2423333333333337 274.09722222222223 33.038461538461547 0.70871212121212135 0.92874284903108084 8.2468750000000011
decision_type=8 10 8 10 2 2 10 8 8 10 10 10 10 10
left_child=-1 3 -3 4 9 6 7 8 -6 10 -2 -11 -13 -14
right_child=1 2 -4 -5 5 -7 -8 -9 -10 11 -12 12 13 -15
leaf_value=0.023037009847934321 -0.0029742015539103153 0.0081018293261481081 -0.045972370857420765 0.031224140051383426 0.00099691952803367123 0.033044684369488174 -0.024804433414558465 -0.013756600121875628 0.044515895475497169 -0.003095706334293279 0.031104446847684694 0.0026250815179395303 0.0065874790616992215 0.056599515392697766
leaf_weight=176.4550456777215 9671.8611250296235 123.7638104557991 133.61221228539944 108.82436202466488 253.23146423697472 240.04774670302868 167.53341048955917 159.97983425855637 152.15544213354588 976.8464285209775 121.06064720451832 725.41551762074232 203.67845857143402 193.84946379065514
leaf_count=422 25516 329 392 264 563 552 361 420 365 3866 282 3061 631 587
internal_value=-0.000203934 -0.000515584 -0.0200391 -0.00012678 -0.000394368 0.00887289 0.000921636 0.0085753 0.0174004 -0.00115321 -0.00254979 0.00535821 0.0127085 0.031056
internal_weight=13408.3 13231.9 257.376 12974.5 12865.7 972.948 732.9 565.367 405.387 11892.7 9792.92 2099.79 1122.94 397.528
internal_count=37611 37189 721 36468 36204 2261 1709 1348 928 33943 25798 8145 4279 1218
is_linear=0
shrinkage=0.05


Tree=266
num_leaves=15
num_cat=0
split_feature=50 52 31 50 73 41 33 79 15 50 21 48 27 73
split_gain=35.3388 36.6513 36.1022 122.584 39.6114 93.4452 155.934 150.93 99.934 119.608 103.345 124.728 146.745 91.1655
threshold=10.912500000000003 147.63888888888894 0.75363970588235307 23.204166666666669 13.500000000000002 64.000000000000014 1.0294117647058827 0.32046492486512207 0.15996665628983861 22.427142857142861 5.0262468999724446 20.909926470588239 8.6029411764705905 17.500000000000004
decision_type=8 8 10 10 2 8 8 8 10 10 8 2 10 2
left_child=-1 -2 4 -4 -3 6 -6 -8 9 -7 11 12 -10 -11
right_child=1 2 3 -5 5 8 7 -9 10 13 -12 -13 -14 -15
leaf_value=0.022480496417361013 0.021246513768576687 -0.0029668589783561562 0.038970697806976352 -0.02511507025638442 0.07096361080152655 -0.0058097817136584066 -0.0081105151575168871 0.046725091998985606 0.0011248709011172455 0.017422986311118379 -0.020118906143468084 -0.01042239569533829 0.060219009280134322 0.069202956021532216
leaf_weight=170.85767517238855 192.76182745397091 8719.0730177387595 205.63148325681686 115.94760520756245 120.95133772492409 575.00035098940134 406.24494878947735 180.42439438402653 281.37579716742039 548.61944254487753 885.92277415841818 714.76750355213881 166.68499886989594 99.896945834159851
leaf_count=416 407 24807 512 335 325 1489 1118 436 749 1768 2527 2032 435 191
internal_value=-4.66116e-05 -0.000339583 -0.00066076 0.0158579 -0.00108028 0.00305251 0.0195143 0.00880445 -0.000512187 0.0107895 -0.00726355 0.00253942 0.0231939 0.0254934
internal_weight=13384.2 13213.3 13020.5 321.579 12699 3979.89 707.621 586.669 3272.27 1223.52 2048.75 1162.83 448.061 648.516
internal_count=37547 37131 36724 847 35877 11070 1879 1554 9191 3448 5743 3216 1184 1959
is_linear=0
shrinkage=0.05


Tree=267
num_leaves=15
num_cat=0
split_feature=46 58 58 77 41 12 58 82 30 27 75 48 22 41
split_gain=28.5807 57.4335 93.5842 101.956 94.012 106.931 79.6449 172.923 87.4758 81.6953 56.9946 72.5185 72.6384 75.3448
threshold=64.97058823529413 23.426470588235297 21.849264705882359 0.3040682045603918 37.500000000000007 0.52613524397534406 23.97058823529412 1.3250000000000004 0.55990799295103633 11.713333333333335 7.455000000000001 23.272058823529417 0.79205974842767313 181.50000000000003
decision_type=2 2 2 10 8 8 2 10 10 10 10 2 10 8
left_child=-1 2 4 -4 5 -2 7 -3 9 10 11 12 13 -8
right_child=1 6 3 -5 -6 -7 8 -9 -10 -11 -12 -13 -14 -15
leaf_value=0.0019266947425484338 0.064838566245264032 -0.012193312211066114 -0.013935218350722209 -0.069868914987655573 -0.0084223735316169245 -0.0062731742866263193 0.077976746996369056 0.085813381743164149 -0.043243221761896711 0.035926467517832565 -0.028353387023870052 -0.0062082298771846817 -0.010982832652578101 0.011106636477427425
leaf_weight=10082.363679148257 99.4167285785079 92.547095395624638 266.74068863689899 116.7434039413929 1342.8202172145247 111.29622641205788 84.324434988200665 86.218279555439949 107.32602210342884 167.54340391606092 166.12722565233707 576.28235403448343 88.181450828909874 83.963127188384533
leaf_count=26326 331 382 1118 297 4316 310 400 222 406 472 512 1955 324 369
internal_value=0.000591398 -0.00337992 -0.00901404 -0.0311005 -0.00354559 0.0274259 0.00413456 0.0352896 -0.000262177 0.00372629 -0.00170522 0.00363851 0.0257022 0.0448762
internal_weight=13471.9 3389.53 1937.02 383.484 1553.53 210.713 1452.51 178.765 1273.75 1166.42 998.879 832.751 256.469 168.288
internal_count=37740 11414 6372 1415 4957 641 5042 604 4438 4032 3560 3048 1093 769
is_linear=0
shrinkage=0.05


Tree=268
num_leaves=15
num_cat=0
split_feature=45 76 6 53 43 80 76 27 43 6 30 81 30 30
split_gain=36.7932 35.7075 67.8002 68.2438 28.8748 57.4676 45.043 67.7696 45.1888 103.116 70.1631 50.7191 46.1585 107.411
threshold=11.535714285714286 1.9050694813241285 2.3543337528996733 2.4580419580419588 54.041666666666679 10.885000000000003 1.5738417676407697 5.7204861111111116 58.480769230769234 3.9445033854584852 0.12372900251567313 7.535000000000001 0.52273443721558344 0.55588811320686859
decision_type=8 10 10 8 8 8 10 8 8 10 10 8 10 10
left_child=-1 4 3 -3 5 -2 8 -8 9 10 -6 -11 -10 -14
right_child=1 2 -4 -5 6 -7 7 -9 12 11 -12 -13 13 -15
leaf_value=-0.020562655024414206 0.033993285913416403 -0.025301669990899722 0.03517642874258721 0.022926585402498603 -0.0060018665533777497 -0.0050660323540285546 0.006977743749753052 -0.037377881426536468 -0.00026077801396906037 -0.0423957387601255 0.025975388174812281 -0.012629213148178685 0.033748672344217766 0.0018345465730703519
leaf_weight=212.6908730790019 178.04226776957512 151.54711247980595 208.10260616242886 140.29174937307835 613.59462800621986 198.1849277317524 151.01708513498306 198.54162618517876 8983.4157173410058 231.53711965680122 236.97312413901091 375.52719857543707 342.99920579046011 1129.2426137253642
leaf_count=636 354 324 496 303 1345 447 306 460 26565 432 510 875 1115 3289
internal_value=1.79355e-05 0.000352628 0.0134449 -0.00211843 -0.000166264 0.0134592 -0.000585358 -0.01825 -6.55545e-05 -0.00830991 0.00292722 -0.0240334 0.00108448 0.00928768
internal_weight=13351.7 13139 499.941 291.839 12639.1 376.227 12262.8 349.559 11913.3 1457.63 850.568 607.064 10455.7 1472.24
internal_count=37457 36821 1123 627 35698 801 34897 766 34131 3162 1855 1307 30969 4404
is_linear=0
shrinkage=0.05


Tree=269
num_leaves=15
num_cat=0
split_feature=69 69 55 76 41 26 57 80 30 39 71 39 47 11
split_gain=41.8638 62.9928 58.895 75.4501 58.2022 86.0469 84.9722 47.8646 57.9958 53.9711 35.4751 34.8026 86.6341 222.683
threshold=0.24561838314163328 0.21299574336717322 22.138235294117649 0.75262606885829653 118.00000000000001 9.5000000000000018 232.21323529411768 6.6550000000000011 0.41676033091168935 27.025325119780977 0.48813253877919177 22.514715947980839 0.61314328677371643 0.071447664366327615
decision_type=2 2 2 10 8 2 2 10 8 2 2 2 2 8
left_child=1 10 -3 -4 5 -2 -7 8 9 -6 11 12 -1 -14
right_child=4 2 3 -5 7 6 -8 -9 -10 -11 -12 -13 13 -15
leaf_value=0.00024528216086244667 -0.0557489798413787 7.6289642604853973e-05 0.01178402470265362 0.072398852389429336 0.017687488440672718 -0.037565819466474554 0.014220705781863133 0.025739501734929879 -0.03056606152981103 -0.017123805037038232 0.022909347765995874 -0.00016396681557838793 -0.013905195839444415 0.074762839748970689
leaf_weight=703.49277383089066 133.64607381075621 172.11080161482096 112.44851274043322 94.202411308884621 272.55302286148071 138.13386092334986 183.04826455563307 148.53265617787838 170.18561102449894 186.79764869064093 181.15435875952244 10613.305687010288 133.51100753992796 149.13748247921467
leaf_count=2044 344 424 406 276 803 287 468 353 497 494 513 29793 404 426
internal_value=0.000770962 0.00166133 0.0217047 0.0396311 -0.00800446 -0.0221921 -0.00809909 0.000306881 -0.00572499 0.00352483 0.00101512 0.000671242 0.0096512 0.0329785
internal_weight=13392.3 12159.4 378.762 206.651 1232.9 454.828 321.182 778.069 629.536 459.351 11780.6 11599.4 986.141 282.648
internal_count=37532 34286 1106 682 3246 1099 755 2147 1794 1297 33180 32667 2874 830
is_linear=0
shrinkage=0.05


Tree=270
num_leaves=15
num_cat=0
split_feature=81 73 10 75 31 57 27 29 25 31 15 14 27 7
split_gain=35.5081 101.85 47.9813 32.0696 41.1009 79.4412 69.9655 60.1165 59.8477 47.7328 51.0589 105.049 51.8675 55.5822
threshold=11.645000000000001 12.500000000000002 0.11658360410986952 20.010000000000002 0.6975128205128206 255.50000000000003 17.958413461538466 0.11654026844742597 0.068571428571428603 0.66585784313725505 0.76560821601682971 0.71519230769230779 16.522692307692314 14.317945833333335
decision_type=10 2 10 10 10 2 10 10 8 10 10 10 10 10
left_child=3 2 -2 4 6 7 9 -6 -9 10 11 12 13 -1
right_child=1 -3 -4 -5 5 -7 -8 8 -10 -11 -12 -13 -14 -15
leaf_value=0.00089611561750593631 -0.017982029920564521 -0.046129769029492319 0.025191630399402472 0.026323886769050942 -0.053338521044999365 0.014312658281051105 0.036662860536353356 0.012319325722899769 -0.035870423819651463 0.025719300899639631 0.027849712364102653 -0.046154391344892215 0.030735699636922971 -0.01438011694489541
leaf_weight=10915.189332805574 119.19506885111332 154.1942593306303 137.58355760574341 120.53860019147396 128.28667118400335 184.42694374918938 135.97241148352623 129.99146685004234 126.00913666188717 187.09086449444294 165.25618058443069 121.29021679610014 138.4902351796627 628.80129357427359
leaf_count=30932 287 412 370 290 306 572 365 313 292 505 501 300 380 1795
internal_value=0.000301952 -0.0141497 0.00515867 0.000760527 0.000518905 -0.0126101 0.00112732 -0.0255345 -0.011448 0.00072685 0.000334071 -5.34825e-05 0.000429057 6.28456e-05
internal_weight=13392.3 410.973 256.779 12981.3 12860.8 568.714 12292.1 384.287 256.001 12156.1 11969 11803.8 11682.5 11544
internal_count=37620 1069 657 36551 36261 1483 34778 911 605 34413 33908 33407 33107 32727
is_linear=0
shrinkage=0.05


Tree=271
num_leaves=15
num_cat=0
split_feature=81 19 76 14 31 73 57 57 77 56 26 46 22 52
split_gain=55.6104 33.7428 56.8131 85.3227 40.8103 158.017 74.8728 123.116 140.11 169.225 99.0905 79.7961 83.5012 61.1791
threshold=12.905000000000003 18.038461538461544 0.86052782702054886 0.64866071428571448 0.60566964285714298 16.500000000000004 257.94301470588238 237.42463235294119 0.59729888576685519 4.291789069271676 15.500000000000002 61.970588235294123 0.84045454545454557 222.04166666666671
decision_type=10 10 10 10 10 2 2 2 10 2 2 2 8 10
left_child=1 4 3 -3 -1 6 7 8 13 -10 -9 -8 -13 -6
right_child=-2 2 -4 -5 5 -7 11 10 9 -11 -12 12 -14 -15
leaf_value=0.00051284438519351525 -0.027317004329218571 -0.0079704665350144154 -0.0054178979206100306 0.055251201606163924 -0.012227293199252868 0.044437289106864314 0.039511986101082003 -0.020407836028361333 0.048744029479909905 -0.021234119535211329 -0.08281767993246815 -0.03997617945520885 0.025174014189719731 -0.059844101297632547
leaf_weight=11419.930117681623 187.74122479557991 86.08739859610796 201.67299489676952 138.444051630795 131.8671795129776 125.06003316491842 114.67233860492706 130.43879450112581 160.07451646029949 185.45432864129543 124.76514323800802 115.9591042175889 83.980150490999222 138.49305275082588
leaf_count=32332 486 279 484 556 281 290 296 382 330 350 249 431 307 385
internal_value=-0.00036931 1.72651e-05 0.0138394 0.0310836 -0.000446531 -0.00879903 -0.0144467 -0.021991 -0.00985625 0.011232 -0.0511232 0.00644513 -0.0126222 -0.0367498
internal_weight=13344.6 13156.9 426.204 224.531 12730.7 1310.76 1185.7 871.093 615.889 345.529 255.204 314.612 199.939 270.36
internal_count=37438 36952 1319 835 35633 3301 3011 1977 1346 680 631 1034 738 666
is_linear=0
shrinkage=0.05


Tree=272
num_leaves=15
num_cat=0
split_feature=51 19 7 27 6 44 58 30 54 17 21 53 52 45
split_gain=41.0535 81.3694 69.2968 65.86 77.6755 50.414 47.603 75.5718 50.6824 44.0417 88.3509 69.4792 60.6771 72.7572
threshold=3.3300346257427438 19.522727272727277 14.019194444444446 19.294343891402718 7.432184076606748 0.52741814233210838 23.148897058823533 0.20445733029857252 19.345238095238098 2.759615384615385 4.3009433962264163 2.2403846153846159 189.64583333333334 16.320512820512821
decision_type=8 10 10 10 10 10 2 8 10 10 10 10 10 10
left_child=2 3 6 9 -5 -3 8 -8 -1 -2 11 -11 -12 -14
right_child=1 5 -4 4 -6 -7 7 -9 -10 10 12 -13 13 -15
leaf_value=-0.024871325267674639 0.00069575284363994144 -0.05402735121471286 0.047238041509016809 0.050932075901262745 -0.00093026672084310495 -0.0047324239131134004 -0.0080981069450153358 0.04570316223028504 0.013040799248307977 -0.0072944262171757319 -0.046378010446626296 0.047033395317495869 0.03161594861305142 -0.013552329566773633
leaf_weight=185.12189307063818 10679.544831454754 111.78272604197264 114.98114010691643 136.40122307837009 152.06301617622375 96.414925128221512 119.50723027437925 142.1333872154355 166.59631887078285 117.13211262226105 125.03189572691917 116.80569645762444 96.143046051263809 1090.4129316285253
leaf_count=715 29242 321 372 362 391 334 382 496 496 343 309 334 282 3306
internal_value=0.000256296 -0.000405065 0.0117928 0.000111936 0.0236842 -0.0313309 0.00508214 0.0211916 -0.00692765 -0.00044617 -0.00833218 0.0199163 -0.013382 -0.00986894
internal_weight=13450.1 12721.7 728.34 12513.5 288.464 208.198 613.359 261.641 351.718 12225.1 1545.53 233.938 1311.59 1186.56
internal_count=37685 35224 2461 34569 753 655 2089 878 1211 33816 4574 677 3897 3588
is_linear=0
shrinkage=0.05


Tree=273
num_leaves=15
num_cat=0
split_feature=24 21 56 41 37 49 75 77 25 47 47 41 66 5
split_gain=39.841 45.7424 54.0508 51.7885 47.8946 81.0267 75.0922 35.7322 34.8576 68.4865 95.1364 42.8675 33.9355 60.7706
threshold=4.1042750000000012 6.0030864197530871 4.1875689919168186 162.50000000000003 1.5000000000000002 9.5000000000000018 5.9150000000000009 0.42940673705379589 0.095000000000000015 0.55455046698240895 0.57177042047298043 162.50000000000003 7.5000000000000009 7.5166666666666684
decision_type=10 10 2 8 10 2 10 10 10 2 2 8 2 10
left_child=8 2 3 7 5 -4 -6 -2 -1 11 -11 -10 13 -12
right_child=1 -3 4 -5 6 -7 -8 -9 9 10 12 -13 -14 -15
leaf_value=5.0530248639444028e-05 -0.035383466222667713 0.016794659048450511 -0.035247594594125138 0.027376091836890454 -0.010768475360339784 0.024232275309815747 -0.063802500952500993 0.0046173869400429595 -0.03108652459966162 0.053084765295128782 -0.0034385338428242701 0.0096407713392532551 -0.016451175030975825 0.036514645025245922
leaf_weight=11463.258581057191 98.94827926158905 139.25558125972748 122.6682531312108 120.94874621927738 126.43437875062227 105.6797037422657 141.54085959494114 126.02229696512222 133.36630262434483 154.16758029162884 204.35096572339535 123.74805372208357 108.37216582894325 176.89613941311836
leaf_count=31992 408 421 379 355 394 293 337 307 380 310 652 325 352 556
internal_value=2.51588e-05 -0.0096658 -0.0140555 0.00111978 -0.0246131 -0.00773461 -0.0389134 -0.0130548 0.000795171 0.0102596 0.0189635 -0.0115232 0.00813341 0.0151465
internal_weight=13345.7 981.498 842.243 345.919 496.323 228.348 267.975 224.971 12364.2 900.901 643.787 257.114 489.619 381.247
internal_count=37461 2894 2473 1070 1403 672 731 715 34567 2575 1870 705 1560 1208
is_linear=0
shrinkage=0.05


Tree=274
num_leaves=15
num_cat=0
split_feature=76 76 33 76 48 11 21 82 55 66 22 48 57 0
split_gain=34.1245 70.1503 60.8002 59.3218 49.1056 74.5506 66.4689 67.5273 60.7536 71.2549 82.2041 69.8379 138.364 85.0959
threshold=1.0963063249276563 1.1289782633035303 5.854166666666667 1.0714859181852938 28.123161764705888 0.10374581570967595 5.5632993362473702 5.3050000000000006 17.882352941176475 10.500000000000002 0.63245614035087727 20.117647058823533 251.91176470588238 5.5000000000000009
decision_type=8 8 10 10 2 8 8 10 2 2 10 2 2 2
left_child=3 -2 -3 4 6 -6 8 -8 -1 10 -10 12 13 -12
right_child=1 2 -4 -5 5 -7 7 -9 9 -11 11 -13 -14 -15
leaf_value=-0.032603571690360524 0.027991541129710418 0.0014086147228319263 -0.031903528962955237 -0.031010181027342699 -0.0014217936625655909 0.034199661712317427 -0.0037207433331414423 -0.025187776702994654 -0.021817172420192571 -0.029626902065096314 0.0049080317704653757 0.0011285441053996647 -0.011950000177996146 0.050670593604248894
leaf_weight=132.66128271818161 244.04725341498852 8043.6104590222239 138.34795261919498 188.71472652256489 457.33352512121201 215.32282336056232 851.40873581171036 642.54195766150951 266.82892180979252 165.29781170189381 149.61857485771179 1378.2184735834599 220.71189606189728 316.95264782011509
leaf_count=267 566 24912 380 417 1103 491 2020 1576 682 384 335 3236 550 702
internal_value=-0.000308896 0.0016311 0.000841513 -0.00358729 -0.00250221 0.0100148 -0.00454564 -0.0129643 0.000239102 0.00199589 0.00424881 0.00762503 0.020632 0.0360375
internal_weight=13411.6 8426.01 8181.96 4985.61 4796.9 672.656 4124.24 1493.95 2630.29 2497.63 2332.33 2065.5 687.283 466.571
internal_count=37621 25858 25292 11763 11346 1594 9752 3596 6156 5889 5505 4823 1587 1037
is_linear=0
shrinkage=0.05


Tree=275
num_leaves=15
num_cat=0
split_feature=19 56 80 63 41 6 81 19 13 47 59 52 6 47
split_gain=33.5816 53.8368 36.4607 88.8196 94.6615 58.4849 61.827 43.2735 52.6369 74.3106 62.4543 47.8162 152.894 70.8728
threshold=19.522727272727277 4.2947332421340638 16.575000000000003 1.0000000180025095e-35 35.500000000000007 11.29192926845132 10.875000000000002 18.038461538461544 0.59998518830849157 0.56396943157178703 0.75000000000000011 177.07142857142858 3.0302338940067997 0.58591490172284866
decision_type=10 2 10 2 8 10 10 10 10 2 2 8 10 2
left_child=2 -2 5 4 -4 6 7 8 11 -10 -11 12 13 -1
right_child=1 -3 3 -5 -6 -7 -8 -9 9 10 -12 -13 -14 -15
leaf_value=-0.016582134986595564 -0.041019837413027276 0.0086257354760487185 -0.029623833095906472 0.038526634974934228 0.021151996174094592 0.029254062107965773 -0.028907815196681303 0.031605075645936925 -0.044254601053863654 0.018186099202104119 -0.022925789903727005 0.0001856957475282325 0.057175270960126437 0.022945330055804646
leaf_weight=268.87091202288866 119.8793888092041 99.072826407849789 165.88710805773735 217.41993278264999 202.99325497448444 173.50343464314938 179.94802370667458 110.04797349870205 154.38130310177803 178.28038880974054 189.59804576635361 10918.183825112879 155.58339763432741 194.59152814745903
leaf_count=557 391 321 401 486 475 540 436 386 342 543 544 31079 404 467
internal_value=0.000756401 -0.0186188 0.0010814 0.0132573 -0.00170047 0.000510339 0.00010417 0.000535503 0.000249383 -0.0152611 -0.00300695 0.000952765 0.0144595 2.7723e-05
internal_weight=13328.2 218.952 13109.3 586.3 368.88 12523 12349.5 12169.5 12059.5 522.26 367.878 11537.2 619.046 463.462
internal_count=37372 712 36660 1362 876 35298 34758 34322 33936 1429 1087 32507 1428 1024
is_linear=0
shrinkage=0.05


Tree=276
num_leaves=15
num_cat=0
split_feature=13 3 55 26 59 81 20 80 12 58 56 10 51 31
split_gain=40.6718 98.0886 95.9897 82.9628 103.903 79.0759 77.4606 74.3125 43.1993 103.18 46.1902 85.2182 57.9962 64.9371
threshold=0.61137210571173062 13.890833333333335 19.252941176470593 15.500000000000002 0.75000000000000011 10.675000000000002 4.5857142857142863 13.175000000000002 0.5873659723699346 22.878676470588239 4.9489862057503755 0.076095326251334389 5.1775827625570789 0.040714285714285724
decision_type=10 10 2 2 2 8 10 10 10 2 2 10 10 10
left_child=8 7 -3 4 5 -4 -6 -2 10 -10 -1 12 13 -12
right_child=1 2 3 -5 6 -7 -8 -9 9 -11 11 -13 -14 -15
leaf_value=-0.0012341979046758076 -0.011670487700270672 0.04235832202950443 -0.028099836599880253 0.013603276363834788 -0.017229746348707695 0.038661083477371495 -0.082145695047092487 -0.065579284896827475 -0.0079553752420721494 0.05177626761353267 0.036077311383288325 0.038435869712322879 -0.023864366735667331 -0.00036013163600144988
leaf_weight=11064.163380272686 137.3342444896698 107.654505841434 92.624834552407265 247.31897495687008 91.711060829460621 83.294500790536404 92.47465805709362 119.47288519144058 158.73925894498825 131.41786460578442 166.45693303644657 207.50917156040668 164.2110424041748 453.11123658716679
leaf_count=31709 469 260 262 565 304 377 307 272 369 331 377 478 301 1045
internal_value=-0.000623516 -0.0104662 -0.000932133 -0.00866156 -0.0239483 0.00355006 -0.0500899 -0.0369073 0.000152118 0.0191832 -0.000307484 0.0100268 0.00246592 0.00947173
internal_weight=13317.5 971.886 715.079 607.424 360.105 175.919 184.186 256.807 12345.6 290.157 12055.5 991.288 783.779 619.568
internal_count=37426 2816 2075 1815 1250 639 611 741 34610 700 33910 2201 1723 1422
is_linear=0
shrinkage=0.05


Tree=277
num_leaves=15
num_cat=0
split_feature=24 4 22 24 45 53 73 30 77 33 27 22 30 57
split_gain=29.8209 44.7334 35.6698 28.293 76.5641 91.2028 87.8047 73.9467 62.3386 94.9026 90.4377 63.3193 69.4427 59.8311
threshold=7.0816428571428593 11.272039936971991 0.79674258474576287 1.0000000180025095e-35 26.919871794871799 2.6306818181818188 13.500000000000002 0.60635973237710317 0.45435829242012793 4.1483516483516496 6.0437500000000002 0.85053191489361712 0.44347082259654313 231.02389705882356
decision_type=10 10 10 10 8 10 2 8 10 8 10 10 10 2
left_child=3 -2 -3 -1 8 7 -7 -6 10 11 13 12 -10 -5
right_child=1 2 -4 4 5 6 -8 -9 9 -11 -12 -13 -14 -15
leaf_value=-0.0013115723664106397 0.0071415213244795861 -0.0075199650855282494 -0.049201088645405289 -0.012071713473762055 -0.0065616698707304279 0.013775854711360669 0.073726907013401427 0.041881763459175415 0.056620772768672667 -0.010647766883475901 -0.021663973092416508 -0.0057918740005594039 0.015409114357135469 0.010205179862517913
leaf_weight=9591.5957191288471 138.45138119906187 97.757204554975033 108.06875686347485 465.67822612076998 325.28043233603239 124.44012734293938 120.02609563618898 102.86702635139227 181.52297040820122 311.84342832863331 559.46738410741091 135.83661971986294 234.75541271269321 850.19665089249611
leaf_count=26798 479 334 300 1108 931 406 293 341 457 712 1870 287 529 2660
internal_value=-0.00030561 -0.0148086 -0.0295367 7.94754e-05 0.00398924 0.0190912 0.0433906 0.00514786 0.000275447 0.0113806 -0.00484397 0.0238193 0.0334726 0.00231837
internal_weight=13347.8 344.277 205.826 13003.5 3411.91 672.614 244.466 428.147 2739.3 863.958 1875.34 552.115 416.278 1315.87
internal_count=37505 1113 634 36392 9594 1971 699 1272 7623 1985 5638 1273 986 3768
is_linear=0
shrinkage=0.05


Tree=278
num_leaves=15
num_cat=0
split_feature=10 4 36 47 57 69 56 41 18 57 55 54 3 50
split_gain=39.3677 121.657 157.515 83.9622 112.14 154.858 156.902 111.552 99.5424 99.8158 89.844 112.437 125.672 92.3814
threshold=0.08292888971423544 6.1507436801206881 0.20759410920338184 0.58931313784254968 245.2150735294118 0.019242400744416879 4.2464435681408315 96.500000000000014 3.2583333333333337 258.21875000000006 22.034007352941178 28.148351648351653 18.846666666666668 21.905000000000005
decision_type=8 8 8 2 2 2 2 8 10 2 2 10 10 8
left_child=-1 2 -2 10 5 -5 -7 -8 -6 -10 11 12 13 -3
right_child=1 3 -4 4 8 6 7 -9 9 -11 -12 -13 -14 -15
leaf_value=-0.0010077419709568257 0.0021573331251095603 -0.021991192188813326 0.085156558694971088 0.0026943071675306087 0.014165521831415191 0.011566873963061029 0.10023138007761756 0.037169558824364388 -0.054160132168721377 -0.0022123067473208548 -0.01029308069444285 0.048309199307957448 0.045307012554585711 0.007573089733953227
leaf_weight=8217.016352288425 125.22571510076523 423.06020285189152 104.25391206145287 520.07999781519175 438.29694708436728 243.56574010103941 130.21514630317688 154.79497261345387 140.03477403521538 268.80760162323713 1619.485197737813 146.20147440582514 147.92647186666727 700.18936182558537
leaf_count=23199 407 928 291 1400 1603 599 335 426 498 1108 4548 329 338 1550
internal_value=0.001142 0.00456346 0.0400702 0.00290381 0.0111573 0.0220792 0.0411113 0.0662309 -0.00237283 -0.020094 -0.00225047 0.00693975 0.0021475 -0.00357164
internal_weight=13379.2 5162.14 229.48 4932.66 1895.8 1048.66 528.576 285.01 847.139 408.842 3036.86 1417.38 1271.18 1123.25
internal_count=37559 14360 698 13662 5969 2760 1360 761 3209 1606 7693 3145 2816 2478
is_linear=0
shrinkage=0.05


Tree=279
num_leaves=15
num_cat=0
split_feature=23 44 54 25 48 45 19 80 30 31 59 0 57 47
split_gain=34.7829 33.0203 65.5671 102.335 69.5119 71.4017 72.3172 70.5902 66.525 83.9934 63.0664 116.501 134.378 176.979
threshold=1.0000000180025095e-35 0.58341924398625444 25.679487179487186 0.12500000000000011 19.332720588235297 21.881944444444446 8.4365079365079385 12.005000000000001 0.48118079319454926 0.4267948717948718 1.0000000180025095e-35 7.5000000000000009 237.42463235294119 0.59391060025079923
decision_type=10 10 10 10 2 8 10 8 10 10 2 2 2 2
left_child=1 2 -1 4 -4 6 -6 -7 9 -9 11 -3 13 -13
right_child=-2 10 3 -5 5 7 -8 8 -10 -11 -12 12 -14 -15
leaf_value=-0.0055053257848829938 -0.028597833887300958 0.00059958931152957133 -0.019681858315636347 0.042475255500529968 0.0087518000116361908 -0.015980817375800597 0.054010124167718249 0.0083185456457522781 -0.017518291303565088 0.060391957297312428 -0.0031328183153305871 0.011994216517086036 0.0047458050317154624 0.080430620658244245
leaf_weight=5967.0036401748657 113.01835054904222 1847.8771804198623 313.43821602314711 166.81262405961752 254.60704580694437 430.69644211232662 134.50160547345877 317.37416414171457 151.39487461000681 101.61182254552841 2799.9562405869365 195.90929169207811 453.34204161167145 182.19292466342449
leaf_count=15007 292 5739 842 461 695 1007 361 1015 409 266 8827 518 1631 528
internal_value=-0.0010989 -0.000863391 -0.00294502 0.00522134 0.0015508 0.00634873 0.0244944 -0.000721722 0.0108083 0.021061 0.00211412 0.00759643 0.0231274 0.0450963
internal_weight=13429.7 13316.7 7837.44 1870.44 1703.62 1390.19 389.109 1001.08 570.381 418.986 5479.28 2679.32 831.444 378.102
internal_count=37598 37306 20063 5056 4595 3753 1056 2697 1690 1281 17243 8416 2677 1046
is_linear=0
shrinkage=0.05


Tree=280
num_leaves=15
num_cat=0
split_feature=10 21 44 22 43 17 21 46 7 27 46 31 30 10
split_gain=37.6417 31.8112 69.232 105.109 87.2836 79.8104 101.572 105.22 161.949 145.013 81.0156 80.8402 86.8733 79.5308
threshold=0.20347800824251375 5.0028089887640457 0.66684064022268619 0.73956521739130443 62.320512820512825 0.43650793650793657 2.7514044943820228 61.818014705882355 10.516650000000002 6.7023076923076941 62.150735294117659 0.38775000000000009 0.10840828924162259 0.13854685413508946
decision_type=10 8 10 10 10 10 10 2 10 8 2 8 10 10
left_child=1 2 4 -4 5 11 -7 8 9 -8 -9 12 -1 -6
right_child=-2 -3 3 -5 13 6 7 10 -10 -11 -12 -13 -14 -15
leaf_value=-0.0025919922677030542 -0.021620956476588168 -0.0015344586748877974 -0.045261094385213224 0.009472232477961598 -0.0025602435463161302 0.060822529983976394 0.024820190216217383 -0.03183287870053815 0.0038567466362118144 0.092031231540404546 0.009683838865058518 -0.019725833659360228 0.042535885445420578 0.037805926427773771
leaf_weight=336.92023484408855 189.20584656298161 6957.8946637883782 176.22961488366127 173.09955444931984 3025.8587623387575 123.64624661207199 182.46797067672014 133.37333559989929 302.37024593353271 143.74973277002573 935.89382112026215 349.60507502406836 154.96148911863565 126.14893801510334
leaf_count=842 588 19578 582 557 9190 309 394 234 654 352 2544 824 350 407
internal_value=0.000462597 0.000782637 0.00339785 -0.01819 0.00469762 0.0113604 0.017241 0.0140333 0.0302503 0.0546279 0.00448041 -0.00137439 0.0116825 -0.00093324
internal_weight=13311.4 13122.2 6164.33 349.329 5815 2662.99 1821.5 1697.86 628.588 326.218 1069.27 841.487 491.882 3152.01
internal_count=37405 36817 17239 1139 16100 6503 4487 4178 1400 746 2778 2016 1192 9597
is_linear=0
shrinkage=0.05


Tree=281
num_leaves=15
num_cat=0
split_feature=3 51 57 47 11 17 25 14 57 79 33 51 10 15
split_gain=46.5188 68.5777 28.2872 73.7057 109.161 97.91 138.242 168.545 63.169 168.132 227.416 169.795 95.3824 91.0335
threshold=22.736666666666668 4.2931009163533842 231.58823529411768 0.57749176920255241 0.13544540344610387 2.0954545454545461 0.048333333333333353 0.61519230769230793 237.42463235294119 0.12950163289628511 0.42857142857142844 4.6678832116788334 0.047624565213552982 0.27435816677920005
decision_type=10 10 2 2 10 10 8 10 2 10 10 10 10 8
left_child=2 -2 3 4 -1 -5 7 -7 9 12 13 -12 -4 -11
right_child=1 -3 8 5 -6 6 -8 -9 -10 10 11 -13 -14 -15
leaf_value=-0.0059533564836553917 -0.049546288934156905 0.0059089651479130815 0.0068321391154932288 -0.0022265315333067533 -0.045654122114255909 0.080783354351225745 -0.0023723412467979376 0.0056812058258404229 0.0001115486430576315 -0.025111126052462053 0.027068441782479486 0.094913210088627506 -0.037405198523770236 0.024530419166327276
leaf_weight=2246.598889566958 114.69477225840092 107.2264743372798 327.49141108989716 2074.5335986688733 186.65747231245041 155.14755616337061 321.3199879154563 143.54250185936689 6720.2922598347068 187.88516421616077 233.58657059073448 152.68892492353916 192.82327561080456 179.70847047865391
leaf_count=5021 353 290 990 5307 431 473 845 343 21355 366 460 293 630 320
internal_value=-0.000196373 -0.0228455 0.000188375 -0.00270993 -0.00901634 0.00298619 0.0204033 0.0448306 0.00204751 0.01225 0.0273249 0.0540623 -0.00960207 -0.000841753
internal_weight=13344.2 221.921 13122.3 5127.8 2433.26 2694.54 620.01 298.69 7994.48 1274.18 753.869 386.275 520.315 367.594
internal_count=37477 643 36834 12420 5452 6968 1661 816 24414 3059 1439 753 1620 686
is_linear=0
shrinkage=0.05


Tree=282
num_leaves=15
num_cat=0
split_feature=31 30 1 17 58 59 17 70 41 76 77 13 12 50
split_gain=36.7693 35.9507 32.6171 31.1393 56.7174 121.115 45.7685 90.2754 72.7005 56.217 58.0141 51.1228 94.6773 79.7111
threshold=0.80611607142857145 0.71505542184317938 7.5000000000000009 4.2613636363636376 19.968750000000004 0.75000000000000011 3.4494949494949503 0.012406711222500698 36.500000000000007 0.95767355402403764 0.73595504009696688 0.60763909963059903 0.58335761460761482 25.403846153846157
decision_type=10 10 10 10 2 2 10 2 8 8 8 10 10 8
left_child=1 2 3 6 -5 -6 11 8 -8 -10 -11 12 -1 -13
right_child=-2 -3 -4 4 5 -7 7 -9 9 10 -12 13 -14 -15
leaf_value=3.1068188990956241e-05 -0.025448499972268931 0.02101036084413839 -0.025896116439917672 -0.038599202121793699 -0.031366781104416479 0.028248935842545925 0.060467597095340823 -0.026854246993631703 -0.014979335143563239 0.056421340549053046 -0.00014296588714946267 -0.02583795411067015 0.037300712025827375 0.017951331402200787
leaf_weight=11200.810516424477 141.39543405175209 201.32356849312782 121.61172568798065 144.00188431143761 167.49738763272762 171.32809393107891 109.29721608757973 100.87020307779312 112.01800069212914 95.828078612685204 85.222410328686237 416.22094687074423 172.03469183295965 137.60602676868439
leaf_count=31068 473 555 309 427 559 552 256 338 298 243 408 1131 399 471
internal_value=-0.000176415 9.54669e-05 -0.000229164 1.45535e-05 -0.0124302 -0.0012275 0.00049892 0.0152541 0.0258508 0.012779 0.0299414 -0.000124889 0.000598068 -0.0149452
internal_weight=13377.1 13235.7 13034.3 12912.7 482.827 338.825 12429.9 503.236 402.366 293.068 181.05 11926.7 11372.8 553.827
internal_count=37487 37014 36459 36150 1538 1111 34612 1543 1205 949 651 33069 31467 1602
is_linear=0
shrinkage=0.05


Tree=283
num_leaves=15
num_cat=0
split_feature=11 48 29 79 7 51 55 55 48 0 29 55 28 76
split_gain=47.3155 65.3531 62.3073 71.0508 133.793 102.196 84.2576 133.064 116.465 115.28 144.423 109.026 85.0998 84.4329
threshold=0.17771511586466524 23.031250000000004 0.080975011208990408 -1.0499293085629828 16.759071428571431 3.6108187134502931 22.087316176470591 20.131250000000005 22.323529411764707 5.5000000000000009 0.11060656855133565 27.466544117647061 13.164464285714287 0.93047995394117045
decision_type=10 2 10 10 10 8 2 2 2 2 10 2 10 8
left_child=2 -2 -1 4 -4 -5 7 8 -7 -9 -11 12 -8 -14
right_child=1 -3 3 5 -6 6 11 9 -10 10 -12 -13 13 -15
leaf_value=0.0017581321702255478 0.035274139989238014 -0.005499072483234644 -0.00014969147126258367 -0.037825343989159585 0.076060340622949141 -0.039337994611161581 -0.0052855082601159266 -0.0042398232615822613 0.010154046808093132 0.077473829348202405 0.0092812553919233171 0.020554576564532884 -0.060601318880019239 -0.020181413195709364
leaf_weight=10007.301751188934 222.61988617479801 174.91278094053268 333.57878961414099 283.62050446867943 68.606879822909832 241.24202020466328 469.40405650436878 253.02992859482765 232.74985285103321 144.89569817483425 166.63562205433846 183.79768973588943 195.59135413169861 381.95026218891144
leaf_count=28239 613 628 1614 689 310 442 1254 584 478 303 397 527 448 960
internal_value=0.000396004 0.0173653 -0.000125712 -0.00650369 0.013007 -0.00958129 -0.00603619 0.0044501 -0.0150651 0.0208323 0.0411446 -0.0148814 -0.0211161 -0.0339512
internal_weight=13359.9 397.533 12962.4 2955.1 402.186 2552.92 2269.3 1038.55 473.992 564.561 311.531 1230.74 1046.95 577.542
internal_count=37486 1241 36245 8006 1924 6082 5393 2204 920 1284 700 3189 2662 1408
is_linear=0
shrinkage=0.05


Tree=284
num_leaves=15
num_cat=0
split_feature=20 75 83 50 6 6 24 48 55 10 41 29 14 47
split_gain=30.945 29.4118 32.4374 26.7031 23.7753 78.4694 94.6276 86.5402 57.6858 58.1467 57.7891 52.1891 70.9716 75.8439
threshold=7.7321428571428568 20.010000000000002 19.491162721330131 36.650000000000006 3.8336754792155188 4.1559252019896489 -2.8567500000000003 23.545955882352946 24.195000000000004 0.046724703872265759 88.500000000000014 0.075032686474876348 0.38033333333333341 0.58832618561317174
decision_type=10 10 2 10 8 8 10 2 2 10 10 10 10 2
left_child=1 2 3 4 8 6 -6 -8 9 -1 -11 12 13 -10
right_child=-2 -3 -4 -5 5 -7 7 -9 11 10 -12 -13 -14 -15
leaf_value=-0.0027791319434254825 -0.019212978762706522 0.021934812067379336 -0.027120269765097162 -0.021497297995964754 0.06367043886336049 0.00089092732274578747 -0.02046010733786173 0.040667266366194804 -0.0056151143328999724 -0.032593368199236021 -0.0039012088484696693 -0.017483476913936601 0.047469173101986159 0.019337658417129561
leaf_weight=2558.9905287623405 210.91835551708937 150.70915377140045 110.01443422585726 141.5516447275877 108.64302337169647 7600.1626355871558 126.87964186817408 104.85590297728777 674.94849423319101 369.66781747341156 333.87163197994232 213.3795750439167 109.53910825401545 553.37000253796577
leaf_count=6812 587 371 322 499 284 21277 360 309 2028 998 886 669 322 1844
internal_value=-0.00025852 4.67835e-05 -0.000208517 2.3152e-05 0.00026366 0.0019444 0.0253954 0.00725475 -0.00250863 -0.00628224 -0.0190021 0.00542687 0.00909125 0.00563295
internal_weight=13367.5 13156.6 13005.9 12895.9 12754.3 7940.54 340.379 231.736 4813.77 3262.53 703.539 1551.24 1337.86 1228.32
internal_count=37568 36981 36610 36288 35789 22230 953 669 13559 8696 1884 4863 4194 3872
is_linear=0
shrinkage=0.05


Tree=285
num_leaves=15
num_cat=0
split_feature=56 66 31 2 24 39 56 47 55 39 39 20 47 48
split_gain=28.2926 92.721 162.005 75.2879 95.4916 73.2572 62.8877 80.933 61.9094 36.6169 56.2579 134.728 41.8617 63.8247
threshold=3.7003273364276859 7.5000000000000009 0.35781250000000003 1.5000000000000002 0.41405000000000008 24.335386721423685 3.7506943888454365 0.59391060025079923 22.510661764705883 21.353867214236825 22.026009582477759 -9.1857738346962338e-17 0.64233512329514675 25.97058823529412
decision_type=2 2 8 2 10 2 2 2 2 2 2 10 2 2
left_child=1 3 -3 4 5 -1 7 -2 -7 -8 11 -11 -12 -14
right_child=6 2 -4 -5 -6 8 9 -9 -10 10 12 -13 13 -15
leaf_value=-0.032130209796885544 -0.039987088184092273 0.08836640921655714 -0.0002083865728205289 -0.02649124136769343 0.051377934157019224 -0.0081283166161674747 -0.021398800729850551 0.011091714045957032 0.039011155871948325 0.060847171032359718 0.0005411507269743529 -0.0019634166657705116 -0.0029507172845619038 -0.038447379654510047
leaf_weight=129.52832622081041 216.53527235984802 89.21774273365736 120.66506667435169 194.63402332365513 108.51242125034332 153.36677450686693 194.16529334336519 119.95190215110779 126.17625133693218 128.19704753160477 10879.054383344948 251.53106346726418 465.04899119585752 173.12075631320477
leaf_count=488 539 303 401 734 407 428 443 408 526 322 29609 704 1765 416
internal_value=0.000116371 0.00856185 0.0376838 -6.08764e-05 0.00991001 -0.00118846 -0.000510903 -0.0217995 0.0132121 8.32965e-05 0.000435666 0.0193457 -0.000189432 -0.0126252
internal_weight=13349.7 922.101 209.883 712.218 517.584 409.071 12427.6 336.487 279.543 12091.1 11897 379.728 11517.2 638.17
internal_count=37493 3287 704 2583 1849 1442 34206 947 954 33259 32816 1026 31790 2181
is_linear=0
shrinkage=0.05


Tree=286
num_leaves=15
num_cat=0
split_feature=51 45 21 54 44 22 12 76 44 44 39 29 14 14
split_gain=41.3793 63.6536 42.2294 34.7056 84.897 87.6805 83.9264 73.452 70.2539 98.2599 98.8598 72.5034 126.979 96.9135
threshold=5.4426815502320336 25.845238095238098 4.7506218905472641 24.190909090909095 0.64010453473168172 0.89323708206686947 0.52245523252955273 2.1783750000000004 0.62964939325665059 0.63325989730729682 29.830253251197814 0.11060656855133565 0.5804166666666668 0.53452991452991461
decision_type=10 10 8 10 8 10 10 10 10 10 2 10 10 10
left_child=3 2 -2 8 7 6 -6 -5 11 -10 -11 12 13 -1
right_child=1 -3 -4 4 5 -7 -8 -9 9 10 -12 -13 -14 -15
leaf_value=-0.0014070796105228086 -0.022908400203749124 -0.044985813267626545 0.01270458604061625 0.0063835299362479912 -0.010831593034828037 0.029442361746398055 -0.061728713820242545 0.048569416152807396 0.057910430044739107 0.0019514905606285351 0.053890434923248798 -0.01514141697314245 0.022626812853738465 -0.032860377816632542
leaf_weight=5549.3675618320704 147.05054043978453 121.61885552108288 189.19025721400976 3569.9759976938367 356.1566953137517 97.944746538996696 104.07286501675844 105.28795252740383 97.141995087265968 1179.7871227115393 98.338434785604477 997.32088556885719 535.58431178331375 255.21524984389544
leaf_count=14870 365 316 490 10420 1213 334 355 243 340 3726 319 2668 1344 602
internal_value=0.000608884 -0.0141469 -0.00289204 0.00113179 0.00484512 -0.0133079 -0.02245 0.00760494 -0.000672822 0.0096937 0.00598666 -0.00261688 -0.000644668 -0.00279544
internal_weight=13404.1 457.86 336.241 12946.2 4233.44 558.174 460.23 3675.26 8712.76 1375.27 1278.13 7337.49 6340.17 5804.58
internal_count=37605 1171 855 36434 12565 1902 1568 10663 23869 4385 4045 19484 16816 15472
is_linear=0
shrinkage=0.05


Tree=287
num_leaves=15
num_cat=0
split_feature=74 76 9 22 80 58 25 53 80 41 10 77 29 59
split_gain=28.9438 44.7361 49.5722 91.1368 49.2898 45.6572 68.3711 61.8661 76.3339 76.7933 66.6411 117.526 82.1477 74.1589
threshold=3.5000000000000004 0.85397700313162317 18.117500000000003 0.8128434065934067 14.005000000000001 17.514705882352946 -0.11499999999999995 1.7596153846153848 6.5650000000000004 186.50000000000003 0.081389042326187697 0.7664414872298283 0.092090985259723743 1.0000000180025095e-35
decision_type=2 10 10 8 10 2 8 10 8 8 8 10 8 2
left_child=1 2 4 -4 -1 -3 -7 -8 -9 10 -10 12 -12 -14
right_child=-2 5 3 -5 -6 6 7 8 9 -11 11 -13 13 -15
leaf_value=0.00071980640451968394 0.0033808994121120547 -0.022626866804765288 0.052309767004115437 -0.010649736994143628 -0.034794937306540895 -0.029327636129106188 -0.01250459353781456 -0.011140694457538278 -0.010341441546267024 0.037446583099646727 0.060500393794790934 -0.022595036556661986 -0.0070858467069774044 0.037356144364545027
leaf_weight=5466.5808836966753 4070.3090188354254 373.31770710647106 125.39124874025583 104.89854644984007 98.474126160144806 247.41808889806271 943.48789525032043 636.13571141660213 443.9282985329628 211.75197374820709 130.4553637355566 159.93689729273319 192.89338672161102 181.35556223988533
leaf_count=17007 11558 841 492 308 223 567 2125 1335 1030 517 320 401 424 403
internal_value=-0.000135977 -0.00167275 0.00102791 0.0237092 8.52316e-05 -0.0061173 -0.00415248 -0.00199521 0.00307666 0.00992988 0.0046448 0.0146549 0.0264805 0.0144923
internal_weight=13386.3 9316.03 5795.34 230.29 5565.06 3520.68 3147.36 2899.95 1956.46 1320.32 1108.57 664.641 504.704 374.249
internal_count=37551 25993 18030 800 17230 7963 7122 6555 4430 3095 2578 1548 1147 827
is_linear=0
shrinkage=0.05


Tree=288
num_leaves=15
num_cat=0
split_feature=34 75 47 21 59 18 20 55 35 47 56 47 79 9
split_gain=33.9049 116.385 51.6588 61.2005 65.7289 190.949 78.7957 52.1313 47.8645 43.7848 111.35 36.5672 45.1503 28.3876
threshold=1.0000000180025095e-35 3.8950000000000005 0.64194475945111773 3.5669154228855726 1.0000000180025095e-35 2.6306818181818188 6.6613381477509402e-16 22.813786764705885 7.5000000000000009 0.63592851453715571 4.3651865001037722 0.61314328677371643 0.22805898358779161 20.06441666666667
decision_type=8 10 2 8 2 10 10 2 8 2 2 2 8 10
left_child=2 8 9 -4 5 7 -6 -5 11 13 -11 -2 -13 -1
right_child=1 -3 3 4 6 -7 -8 -9 -10 10 -12 12 -14 -15
leaf_value=0.0004307202734858338 -0.009894186113349919 0.04211787369355785 -0.038482715140158379 -0.04476201039384136 0.010167714189869411 0.065869276556874259 -0.042677690276599012 0.0093614809738827506 0.031670320071836393 0.046818751470404416 -0.013024479537243833 0.039666425326191301 -0.010460191020297781 -0.014658972516290695
leaf_weight=10925.306296944618 572.10363005846739 211.22213026881218 178.53889489918947 93.406003460288048 117.00564619898796 103.50052940100431 175.39370289444923 83.598528660833836 108.38276217132807 166.04085467010736 144.74021183699369 93.870006382465363 84.690130993723869 319.83123690634966
leaf_count=30229 1502 472 494 300 459 336 545 356 315 573 355 268 366 995
internal_value=0.000428796 0.00896036 -0.000313791 -0.0130081 -0.00501597 0.0122539 -0.0215687 -0.0192907 0.000768112 0.00051273 0.0189956 -0.00372983 0.0159658 2.77905e-07
internal_weight=13377.6 1070.27 12307.4 751.443 572.904 280.505 292.399 177.005 859.047 11555.9 310.781 750.664 178.56 11245.1
internal_count=37565 2923 34642 2490 1996 992 1004 656 2451 32152 928 2136 634 31224
is_linear=0
shrinkage=0.05


Tree=289
num_leaves=15
num_cat=0
split_feature=33 53 6 54 33 82 50 30 50 41 53 54 56 19
split_gain=36.1381 134.26 117.481 110.066 65.081 62.6104 38.368 48.6004 36.9982 37.6015 84.8892 147.865 112.179 60.397
threshold=4.4450549450549453 1.5166666666666668 9.5947466448939203 22.118055555555561 4.2426470588235299 17.135000000000002 12.520000000000001 0.067349648615179877 15.834523809523811 30.000000000000004 1.851648351648352 20.483333333333338 4.2619967491872979 14.839743589743593
decision_type=10 10 8 10 10 8 8 10 8 8 8 8 2 10
left_child=4 -2 3 5 6 -3 7 -1 -8 10 -10 -12 -13 -11
right_child=1 2 -4 -5 -6 -7 8 -9 9 13 11 12 -14 -15
leaf_value=-0.0047166167891990358 0.023585215598709467 -0.0088183781712707701 -0.05432949978343752 -0.031834404827721367 0.034327548957391235 0.042402463042513182 -0.013501868988839115 0.037481036820577823 -0.020076249791341219 0.0001071376344962812 -0.015136380908863132 0.011537939623299395 0.069786616749255376 -0.016346322566182261
leaf_weight=125.21800679713488 219.33150717616081 122.44095887243748 192.05292357504368 240.98789119720459 136.56766673922539 114.83693589270115 536.22563969343901 148.41504089534283 161.77266585081816 10223.953238874674 179.09714498370886 163.11791551858187 167.56327056884766 588.93385534733534
leaf_count=295 549 267 496 596 362 355 1316 365 523 29028 531 497 467 1793
internal_value=-0.000569238 -0.0102983 -0.0214038 -0.00809638 0.000127825 0.0160452 -0.000254834 0.018224 -0.000676958 -7.70204e-05 0.0113942 0.0214007 0.0411752 -0.000790444
internal_weight=13320.5 889.65 670.319 478.266 12430.9 237.278 12294.3 273.633 12020.7 11484.4 671.551 509.778 330.681 10812.9
internal_count=37440 2263 1714 1218 35177 622 34815 660 34155 32839 2018 1495 964 30821
is_linear=0
shrinkage=0.05


Tree=290
num_leaves=15
num_cat=0
split_feature=74 82 77 27 3 51 37 58 13 21 9 63 80 82
split_gain=28.8541 47.5679 45.7852 69.8945 59.0142 54.1747 47.3489 45.4009 78.5256 42.5458 69.6868 63.1896 59.8383 58.5119
threshold=2.5000000000000004 18.890000000000004 0.72054831843397615 17.380357142857147 18.31428571428572 4.3003906250000012 4.5000000000000009 20.242647058823533 0.61666511046436578 5.204945054945056 14.243500000000003 1.0000000180025095e-35 8.8150000000000031 14.775
decision_type=2 10 10 10 10 10 8 2 8 10 10 2 8 10
left_child=-1 2 4 7 6 -6 9 -4 -9 13 11 -11 -13 -2
right_child=1 -3 3 -5 5 -7 -8 8 -10 10 -12 12 -14 -15
leaf_value=-0.0034533652019610368 0.0042660586788088005 0.027359882320280839 0.021708185698437323 -0.046255992813834072 0.0046051125433657913 0.056069981898944292 -0.0083897725257367963 0.010695669990252033 -0.044733783475831901 0.005240771208988952 -0.035963613212596765 -0.035000392875149555 0.0020510042731392512 0.041241800250519961
leaf_weight=4859.9162545129657 4712.6963174343109 171.49511843919754 123.38421083986759 123.69363428652287 112.07721461355686 93.343870855867863 1130.2168679386377 136.70865750312805 118.4636762291193 1154.5614314451814 154.38354165107012 224.44269853830338 210.72087774425745 108.49672093987465
leaf_count=13487 13395 443 299 278 395 279 2771 388 263 3718 412 529 746 248
internal_value=-0.000375845 0.00136862 0.000834985 -0.0137881 0.00176618 0.0281492 0.00105835 -0.00308523 -0.0151116 0.00268588 -0.0040046 -0.000880296 -0.0170953 0.00510655
internal_weight=13434.6 8574.68 8403.19 502.25 7900.94 205.421 7695.52 378.557 255.172 6565.3 1744.11 1589.73 435.164 4821.19
internal_count=37651 24164 23721 1228 22493 674 21819 950 651 19048 5405 4993 1275 13643
is_linear=0
shrinkage=0.05


Tree=291
num_leaves=15
num_cat=0
split_feature=30 57 56 56 30 24 54 17 56 44 51 26 33 24
split_gain=32.3832 94.0328 134.415 87.9752 82.8196 99.6029 90.5099 79.903 71.7659 94.2074 97.3739 65.7567 50.7844 149.576
threshold=0.52721459313778862 196.88235294117649 5.0275146000952455 3.8888199106041434 0.55588811320686859 2.4584375000000009 16.845238095238098 3.8397435897435903 4.5955145215981137 0.57199735799207407 4.3643735748466463 14.500000000000002 4.1483516483516496 -1.5179166666666672
decision_type=10 2 2 2 10 8 8 10 2 10 10 2 10 10
left_child=12 -2 3 11 5 -5 -6 8 9 10 -8 -3 -1 -14
right_child=1 2 -4 4 6 -7 7 -9 -10 -11 -12 -13 13 -15
leaf_value=-0.00098021882934889808 -0.038352903126088002 0.015057321973159316 -0.04460637960303114 0.010010514962692191 -0.026452557397055428 0.074296989979068181 0.038914579083895881 0.053467951214827905 0.03607331079331038 -0.020018108434898207 -0.013823791467600233 -0.040153533942003689 -0.04256500153897895 0.016070663047019672
leaf_weight=11131.899141833186 113.18836311250925 92.213713623583317 110.20536367595196 116.01941561698914 138.3814195394516 125.16035123169422 229.65426804125309 126.99256128817797 213.53758601099253 266.12660911679268 140.37968838214874 127.50137205421925 260.22903336584568 185.62952664494514
leaf_count=31507 275 349 221 343 356 368 590 352 535 852 319 441 631 461
internal_value=-0.000673817 0.00556457 0.00853362 0.0122756 0.0170303 0.043541 0.0112624 0.0166276 0.0110652 0.00262735 0.0189239 -0.0170185 -0.00164375 -0.0181712
internal_weight=13377.1 1799.36 1686.17 1575.97 1356.25 241.18 1115.07 976.691 849.698 636.161 370.034 219.715 11577.8 445.859
internal_count=37600 5001 4726 4505 3715 711 3004 2648 2296 1761 909 790 32599 1092
is_linear=0
shrinkage=0.05


Tree=292
num_leaves=15
num_cat=0
split_feature=69 69 75 81 57 0 73 81 14 47 57 55 58 47
split_gain=48.1396 71.4646 38.1311 86.1487 36.2459 82.5518 57.2173 51.4769 117.039 95.7639 50.3903 85.3931 62.5458 56.1158
threshold=0.23446627186864991 0.22197982227832178 13.625000000000002 5.8950000000000005 212.36948529411768 12.500000000000002 3.5000000000000004 7.8850000000000007 0.52558441558441571 0.57046629774108693 195.33088235294119 24.613235294117651 20.97058823529412 0.61092536546368226
decision_type=2 2 10 10 2 2 2 10 10 2 2 2 2 2
left_child=1 4 3 -2 5 6 -1 8 10 -9 11 -8 13 -12
right_child=2 -3 -4 -5 -6 -7 7 9 -10 -11 12 -13 -14 -15
leaf_value=-0.025530990254301174 -0.012044280490715594 0.038587836138898678 -0.029277221140417826 0.021982460493360251 0.002170738344822302 -0.041524694584928315 -0.0019710155988925679 -0.0076184819432296982 -0.038191760260651762 0.044204739378434645 -0.021496611521702125 0.048095299001406924 0.010815229409076131 0.01276184451889413
leaf_weight=237.54336530715227 940.42428405582905 125.33006221801043 192.77506491541862 230.85818195343018 9497.4273179545999 142.13793168216944 212.19966852664948 182.69597698748112 209.33798070997 172.62544305622578 501.8250924795866 141.1820158585906 449.3568667396903 156.0729495882988
leaf_count=472 2613 348 425 533 27908 287 473 378 488 433 1157 474 1078 433
internal_value=0.000169563 0.00117935 -0.00872869 -0.00532463 0.000782237 -0.00469968 -0.00236923 0.00035863 -0.00332075 0.0176121 0.00169966 0.0181106 -0.00354953 -0.0133625
internal_weight=13391.8 12027.7 1364.06 1171.28 11902.4 2404.98 2262.84 2025.3 1669.97 355.321 1460.64 353.382 1107.25 657.898
internal_count=37500 33929 3571 3146 33581 5673 5386 4914 4103 811 3615 947 2668 1590
is_linear=0
shrinkage=0.05


Tree=293
num_leaves=15
num_cat=0
split_feature=18 8 3 51 4 55 29 56 36 10 47 57 73 52
split_gain=34.6506 50.1671 53.1825 104.728 52.0849 47.5807 40.6881 81.4663 163.639 73.1144 122.325 135.065 191.509 129.624
threshold=6.6794871794871806 20.351157872159046 18.581666666666671 4.3130873956960922 18.318875911043325 22.731764705882359 0.11704512976318251 3.9897505004891518 0.51913610614957728 0.085207343959128004 0.55893453646262647 243.65625000000003 13.500000000000002 208.06250000000003
decision_type=10 10 10 10 10 2 10 2 8 10 2 2 2 8
left_child=1 2 4 -4 6 -2 9 8 -8 -1 -11 12 13 -12
right_child=5 -3 3 -5 -6 -7 7 -9 -10 10 11 -13 -14 -15
leaf_value=-0.0014811477296285569 0.044343013234002471 -0.027868257799681356 -0.0072447460330472037 0.043839321970880946 -0.027505759534328236 -0.0042895386166438938 0.049419881093392182 -0.016596563019026025 -0.032184653598316917 -0.010019750949279062 0.055434481882932651 0.00010298297494912805 0.076850057331891888 -0.0062408339609942342
leaf_weight=9771.7701482325792 99.153463453054428 170.30069980025291 208.5604706928134 191.9071659296751 184.43245521187782 100.70378762483597 146.6470825150609 916.93075820058584 104.31163505464792 498.76215401291847 130.48595848679543 462.65699439495802 192.72205116599798 241.47733218967915
leaf_count=27178 311 566 526 428 477 407 553 2486 275 1327 267 1576 473 678
internal_value=-0.000672747 -0.000985809 -0.000632906 0.0172834 -0.0012014 0.0199388 -0.000810052 -0.00969058 0.0155076 0.000108726 0.0102831 0.0201401 0.0365276 0.0154857
internal_weight=13420.8 13221 13050.7 400.468 12650.2 199.857 12465.8 1167.89 250.959 11297.9 1526.1 1027.34 564.685 371.963
internal_count=37528 36810 36244 954 35290 718 34813 3314 828 31499 4321 2994 1418 945
is_linear=0
shrinkage=0.05


Tree=294
num_leaves=15
num_cat=0
split_feature=79 31 27 79 58 52 40 51 66 82 27 55 58 52
split_gain=37.5172 29.4495 86.1941 166.04 73.0503 116.733 127.16 138.611 124.02 119.396 122.748 134.166 115.442 108.863
threshold=-1.1943338236890497 0.41795238095238102 8.4460227272727284 0.237728789547514 23.97058823529412 255.23611111111114 5.5000000000000009 4.0015625000000012 10.500000000000002 18.655000000000005 15.956250000000002 22.400367647058829 25.424632352941178 208.06250000000003
decision_type=8 10 10 10 2 10 2 10 2 10 10 2 2 8
left_child=-1 2 -2 -4 5 8 7 -7 9 10 13 -12 -6 -3
right_child=1 4 3 -5 12 6 -8 -9 -10 -11 11 -13 -14 -15
leaf_value=0.025090212148159593 0.00011506072013750627 0.021176891160584244 0.0020866193216239944 0.064416557047647524 -0.043595019535933505 0.00067242147290861416 -0.015931497608184322 0.055006188093576158 -0.049185843827003757 0.041589616420366765 -0.060969966933426628 -0.00032516905886775663 -0.0062726264781851337 -0.0083130505237533816
leaf_weight=146.15084457397461 8667.7387412041426 467.60574670135975 343.243976816535 154.18444429337978 254.61126851290464 200.23585980385542 187.22308620065451 282.76326742768288 146.54510929435492 146.63190607726574 183.89012973755598 179.99712964892387 1096.2402766123414 941.14332661777735
leaf_count=232 24549 1044 1456 449 860 687 525 836 336 291 388 495 3034 2354
internal_value=-1.74338e-05 -0.000296207 0.00127776 0.0214971 -0.00382541 0.000872523 0.0189883 0.0325291 -0.00501122 -0.00161442 -0.00520968 -0.0310551 -0.0133343 0.00148362
internal_weight=13398.2 13252.1 9165.17 497.428 4086.89 2736.04 670.222 482.999 2065.81 1919.27 1772.64 363.887 1350.85 1408.75
internal_count=37536 37304 26454 1905 10850 6956 2048 1523 4908 4572 4281 883 3894 3398
is_linear=0
shrinkage=0.05


Tree=295
num_leaves=15
num_cat=0
split_feature=47 47 30 57 19 18 55 81 30 79 58 15 15 58
split_gain=37.6561 57.6656 94.4848 75.3486 214.435 75.1563 52.7944 36.1217 100.031 46.2083 80.6176 71.067 85.0408 68.1565
threshold=0.48334899417542526 0.51285907624678206 0.60222330078496233 251.03125000000003 4.6076923076923082 2.1483516483516487 22.008823529411767 1.8050000000000004 0.091663026344095205 -0.51098662346294443 15.181985294117649 0.56717419799297764 0.50448099089582754 18.060661764705888
decision_type=2 2 8 2 10 8 2 8 10 8 2 8 10 2
left_child=6 2 3 5 -5 -2 -1 8 -3 13 -11 12 -12 -9
right_child=1 7 -4 4 -6 -7 -8 9 -10 10 11 -13 -14 -15
leaf_value=-0.030673972761739589 0.010946593751466498 -0.00101874634855543 0.045622797066870197 -0.0093017913586886901 0.085095579978142988 -0.033049314178891703 0.0034442530866288104 0.010773498939990744 0.035826455899494972 -0.029615115026250128 -0.00023178766535229979 0.0073515191263774683 -0.021572180464003866 -0.011650705303532453
leaf_weight=234.44914563000202 207.59564116597176 677.16141609847546 175.61874041706324 164.03670796751976 93.848567269742489 180.71955347806215 218.3560848981142 412.89413905143738 252.0192691385746 217.60945576429367 5186.4438169449568 3002.3382619842887 512.01261836290359 1871.5015617012978
leaf_count=431 480 1431 439 554 303 365 483 758 570 686 16973 9073 1610 3500
internal_value=-9.26518e-05 0.000403279 0.0132126 0.00434759 0.0252469 -0.00956113 -0.0142498 -0.000465442 0.00900245 -0.00125146 0.00037399 0.00112734 -0.00215269 -0.00759469
internal_weight=13406.6 12953.8 821.819 646.2 257.885 388.315 452.805 12132 929.181 11202.8 8918.4 8700.79 5698.46 2284.4
internal_count=37656 36742 2141 1702 857 845 914 34601 2001 32600 28342 27656 18583 4258
is_linear=0
shrinkage=0.05


Tree=296
num_leaves=15
num_cat=0
split_feature=4 77 3 19 26 55 9 80 36 43 79 56 43 79
split_gain=31.9809 69.4123 54.8918 31.542 51.7025 33.1533 29.1751 31.6185 31.6883 55.0009 61.3911 71.8974 82.8046 68.592
threshold=22.232771357460305 0.68394690111848655 19.970833333333339 18.038461538461544 15.500000000000002 22.510661764705883 19.478000000000005 16.775000000000002 0.48271897706968264 56.964285714285722 -0.52621754854150438 3.9791089377886446 60.964285714285722 -0.84513445122160136
decision_type=10 10 10 10 2 2 10 10 10 8 10 2 10 10
left_child=2 -2 3 6 5 -5 7 8 -1 -10 13 -12 -13 -11
right_child=1 -3 -4 4 -6 -7 -8 -9 9 10 11 12 -14 -15
leaf_value=-0.00045682429366074811 0.015710621563583962 -0.034304384542715609 0.027560719089166769 0.021395528590324203 0.042713220626992399 -0.02246323607835345 -0.025749365835569173 0.017338885733025299 -0.040313671909876329 -0.0075895039652359129 -0.031143630435917377 0.030468118886320644 -0.0052539858767370259 -0.057003136307664751
leaf_weight=10992.710632741451 105.88561166077852 197.56884630024433 171.40985119342804 81.968538753688335 107.78415075689554 88.644717134535313 118.95527180284262 230.38001318275928 123.95838049054146 211.5710709169507 136.44614857435226 262.5212134718895 421.41529382765293 104.40722113847733
leaf_count=31397 396 466 468 292 250 328 330 519 257 772 337 541 999 189
internal_value=-0.000838704 -0.0168582 -0.000464999 -0.00084006 0.0157767 -0.00139007 -0.00120836 -0.000972464 -0.00131814 -0.00882435 -0.00535696 0.00186157 0.008482 -0.0240453
internal_weight=13355.6 303.454 13052.2 12880.8 278.397 170.613 12602.4 12483.4 12253 1260.32 1136.36 820.383 683.937 315.978
internal_count=37541 862 36679 36211 870 620 35341 35011 34492 3095 2838 1877 1540 961
is_linear=0
shrinkage=0.05


Tree=297
num_leaves=15
num_cat=0
split_feature=40 30 39 57 12 20 26 73 51 15 55 45 10 55
split_gain=32.0197 39.3208 36.0592 107.325 29.5324 81.9751 68.9028 66.9013 55.3984 47.1054 94.582 99.8076 42.2551 178.529
threshold=9.5000000000000018 0.10971750539143217 30.952772073921974 236.08823529411768 0.64877131980172831 2.4142857142857146 15.500000000000002 12.500000000000002 4.2604765325670515 0.6800050506338835 24.911213235294124 21.75961538461539 0.08292888971423544 22.243860294117649
decision_type=2 8 2 2 10 10 2 2 10 10 2 10 10 2
left_child=2 -2 4 -4 9 -6 7 8 -7 12 11 -11 -1 -14
right_child=1 -3 3 -5 5 6 -8 -9 -10 10 -12 -13 13 -15
leaf_value=-0.0017600873058225099 0.0052806092910304935 -0.030893724030254911 0.042776690323899552 -0.0092532331319227761 -0.021682313782393697 -0.00069654290263575572 0.051034130116220523 -0.018867299346837091 0.053106124742174021 -7.4584971239895952e-05 0.019033841197061592 -0.047551469595024889 0.021306452176359757 -0.0076269273460506937
leaf_weight=9258.3147393316031 125.94666885584593 184.21794058382511 183.3057908192277 213.80259147286415 149.94466251134872 92.128072507679462 132.63347914814949 132.64626071602106 98.477676637470722 200.4794984459877 154.1310420781374 246.19329786300659 1009.2022328749299 1128.1972919777036
leaf_count=26076 267 634 364 555 471 349 349 394 304 459 429 579 2550 3535
internal_value=-0.000384221 -0.0162349 -4.80756e-06 0.014811 -0.000472801 0.0102887 0.0208287 0.00831595 0.027233 -0.00101707 -0.0146504 -0.0262903 -0.000297075 0.00603794
internal_weight=13309.6 310.165 12999.5 397.108 12602.3 605.83 455.885 323.252 190.606 11996.5 600.804 446.673 11395.7 2137.4
internal_count=37315 901 36414 919 35495 1867 1396 1047 653 33628 1467 1038 32161 6085
is_linear=0
shrinkage=0.05


Tree=298
num_leaves=15
num_cat=0
split_feature=79 75 50 41 27 55 70 4 79 29 50 54 56 27
split_gain=31.9527 84.1496 83.3808 93.6079 50.987 65.8233 45.9868 64.3786 44.085 44.6325 92.4711 70.5414 60.6842 166.686
threshold=0.44733137740914508 8.1850000000000005 26.942564102564106 213.00000000000003 4.9966666666666679 21.954227941176477 0.1227376546932176 10.45045409315779 0.43089808943488334 0.10554751015298493 24.241428571428575 31.690476190476193 4.0234430333374052 13.935384615384619
decision_type=8 8 8 8 8 2 2 10 10 8 8 10 2 10
left_child=8 2 3 4 -2 -6 -3 -8 9 11 12 -1 13 -11
right_child=1 6 -4 -5 5 -7 7 -9 -10 10 -12 -13 -14 -15
leaf_value=0.0007869767871294507 -0.023934102375227639 -0.0039507010372676057 0.050849066829269256 0.033750267579227528 -0.011310670925603462 0.03208520223802399 0.0053223099536786221 0.06078624471370099 -0.025896171997405699 0.00035464273445960951 -0.014748610938890114 0.029415484654768276 -0.0036143567260735971 0.063189647502152654
leaf_weight=6176.0296219140291 174.99398715794086 1832.0749486088753 151.54459819197655 280.74022763967514 185.50620618462563 163.56741538643837 263.85503332316875 64.332858994603157 176.20151460170746 447.09637600183487 1486.4804979115725 221.9424345344305 1607.1647981107235 137.16386437416077
leaf_count=15050 303 8820 372 561 334 338 1352 315 222 1050 3952 635 3854 340
internal_value=0.000174425 0.00460705 0.0169467 0.0105077 -0.00198372 0.00905715 -0.000861048 0.0163462 -0.00117341 -0.00073854 -0.00512688 0.00178453 0.00140345 0.0151889
internal_weight=13368.7 3116.62 956.352 804.808 524.068 349.074 2160.26 328.188 10252.1 10075.9 3677.91 6397.97 2191.43 584.26
internal_count=37498 12395 1908 1536 975 672 10487 1667 25103 24881 9196 15685 5244 1390
is_linear=0
shrinkage=0.05


Tree=299
num_leaves=15
num_cat=0
split_feature=20 10 5 53 44 31 27 52 15 33 13 59 54 40
split_gain=30.3033 39.6636 101.022 66.7432 81.9036 194.538 121.719 142.06 113.288 98.5436 87.9086 117.561 73.3633 191.633
threshold=7.7321428571428568 0.081389042326187697 4.5833333333333348 2.0333333333333337 0.55970455533811714 0.53303571428571439 5.1638655462184886 259.52272727272731 0.50809454058890369 3.0294117647058827 0.52344465523735961 0.75000000000000011 27.133928571428573 2.5000000000000004
decision_type=10 10 10 8 10 10 10 10 10 10 10 2 10 2
left_child=1 -1 -3 12 5 -5 8 10 -6 -7 -8 -12 -4 -14
right_child=-2 2 3 4 6 9 7 -9 -10 -11 11 -13 13 -15
leaf_value=-0.00062418164542074313 -0.018381117565610932 0.043960386922383091 -0.015090679612758496 -0.0042229319651457143 0.067354145501657733 0.018627946560857474 -0.036515370904294804 0.027795602273464629 -0.0010354113318924343 0.072545935326944228 0.024725741642606224 -0.030014414960278631 0.048189239615952985 -0.020821858804511206
leaf_weight=10017.810475260019 205.5787288248539 163.38224437832832 743.23445519059896 327.09114520996809 120.48414707183838 149.30451440066099 326.18500865250826 228.55357129871845 120.67488171160221 197.74578519165516 204.6172156855464 186.54512029886246 187.56356041133404 214.74840734153986
leaf_count=27927 578 446 2153 924 370 351 962 873 374 439 493 435 579 626
internal_value=0.000620878 0.00091846 0.00579196 0.00370402 0.0095464 0.0234507 0.00163692 -0.00645445 0.0332694 0.04947 -0.0173903 -0.00138978 -0.0057883 0.0113918
internal_weight=13393.5 13187.9 3170.13 3006.75 1861.2 674.141 1187.06 945.901 241.159 347.05 717.347 391.162 1145.55 402.312
internal_count=37530 36952 9025 8579 5221 1714 3507 2763 744 790 1890 928 3358 1205
is_linear=0
shrinkage=0.05


end of trees

feature_importances:
pred=190
draft=125
t_pf_prev=125
o_pa_prev=123
t_prate_prev=120
o_pyd_prev=114
o_ypc_prev=112
csh_prev=110
snp_prev=107
age=100
ppr_prev=98
bonus_prev=97
o_pyd=96
o_fpa=95
t_plays_prev=93
o_fpa_prev=90
sl_bias=90
o_pa=87
o_ypc=83
catch_cur=81
tsh_prev=81
ppr_sd=75
bonus_cur=73
sl_share=69
t_plays=67
t_prate=67
cl_now=65
pos_share=64
use_prev=62
csh_ew=61
car_cur=61
o_sk=60
week=60
cl_sd=59
tsh_cur=56
csh_cur=56
d_snp=54
ypt_cur=53
snp_cur=52
d_use=52
ppr_cur=51
sl_ratio=49
t_pf=47
sl_now=47
ppr_l3=45
cl_fut=43
snp_ew=40
tsh_ew=38
tgt_cur=36
rec_cur=35
home=32
use_l3=31
vac_tgt=31
use_cur=29
g_prev=27
ppr_ew=25
vac_car=25
g=23
rest=23
h=16
patt_prev=15
miss=13
use_ew=12
dome=12
vac_pos=12
exp=11
o_g=9
t_g=8
tm_change=6
dc_depth=6
depth=5
patt_cur=3
ypa_cur=3
new_hc=3
wk_since=2
dc_eff=2
inj=1
sl_rank=1

parameters:
[boosting: gbdt]
[objective: regression]
[metric: l2]
[tree_learner: serial]
[device_type: cpu]
[data_sample_strategy: bagging]
[data: ]
[valid: ]
[num_iterations: 300]
[learning_rate: 0.05]
[num_leaves: 15]
[num_threads: 0]
[seed: 1]
[deterministic: 1]
[force_col_wise: 0]
[force_row_wise: 1]
[histogram_pool_size: -1]
[max_depth: -1]
[min_data_in_leaf: 300]
[min_sum_hessian_in_leaf: 0.001]
[bagging_fraction: 0.8]
[pos_bagging_fraction: 1]
[neg_bagging_fraction: 1]
[bagging_freq: 1]
[bagging_seed: 18467]
[bagging_by_query: 0]
[feature_fraction: 0.8]
[feature_fraction_bynode: 1]
[feature_fraction_seed: 26500]
[extra_trees: 0]
[extra_seed: 15724]
[early_stopping_round: 0]
[early_stopping_min_delta: 0]
[first_metric_only: 0]
[max_delta_step: 0]
[lambda_l1: 0]
[lambda_l2: 1]
[linear_lambda: 0]
[min_gain_to_split: 0]
[drop_rate: 0.1]
[max_drop: 50]
[skip_drop: 0.5]
[xgboost_dart_mode: 0]
[uniform_drop: 0]
[drop_seed: 6334]
[top_rate: 0.2]
[other_rate: 0.1]
[min_data_per_group: 100]
[max_cat_threshold: 32]
[cat_l2: 10]
[cat_smooth: 10]
[max_cat_to_onehot: 4]
[top_k: 20]
[monotone_constraints: ]
[monotone_constraints_method: basic]
[monotone_penalty: 0]
[feature_contri: ]
[forcedsplits_filename: ]
[refit_decay_rate: 0.9]
[cegb_tradeoff: 1]
[cegb_penalty_split: 0]
[cegb_penalty_feature_lazy: ]
[cegb_penalty_feature_coupled: ]
[path_smooth: 0]
[interaction_constraints: ]
[verbosity: -1]
[saved_feature_importance_type: 0]
[use_quantized_grad: 0]
[num_grad_quant_bins: 4]
[quant_train_renew_leaf: 0]
[stochastic_rounding: 1]
[linear_tree: 0]
[max_bin: 255]
[max_bin_by_feature: ]
[min_data_in_bin: 3]
[bin_construct_sample_cnt: 200000]
[data_random_seed: 41]
[is_enable_sparse: 1]
[enable_bundle: 1]
[use_missing: 1]
[zero_as_missing: 0]
[feature_pre_filter: 1]
[pre_partition: 0]
[two_round: 0]
[header: 0]
[label_column: ]
[weight_column: ]
[group_column: ]
[ignore_column: ]
[categorical_feature: ]
[forcedbins_filename: ]
[precise_float_parser: 0]
[parser_config_file: ]
[objective_seed: 19169]
[num_class: 1]
[is_unbalance: 0]
[scale_pos_weight: 1]
[sigmoid: 1]
[boost_from_average: 1]
[reg_sqrt: 0]
[alpha: 0.9]
[fair_c: 1]
[poisson_max_delta_step: 0.7]
[tweedie_variance_power: 1.5]
[lambdarank_truncation_level: 30]
[lambdarank_norm: 1]
[label_gain: ]
[lambdarank_position_bias_regularization: 0]
[eval_at: ]
[multi_error_top_k: 1]
[auc_mu_weights: ]
[num_machines: 1]
[local_listen_port: 12400]
[time_out: 120]
[machine_list_filename: ]
[machines: ]
[gpu_platform_id: -1]
[gpu_device_id: -1]
[gpu_device_id_list: ]
[gpu_use_dp: 0]
[num_gpu: 1]

end of parameters

pandas_categorical:[]
